id,titolo,autori,data_pubblicazione,argomenti,basi_dati,doi_disponibili,editori,licenze_rivista,rivista,edizione,volume,pagine,url_disponibili
http://www.wikidata.org/entity/Q136384321,Deliberazione 21 dicembre 1993: Assegnazione alla regione Umbria della somma complessiva di L. 2.000.000.000 per il finanziamento definitivo del progetto SENDES,,1994,biblioteca; biomedicina,,,Istituto Poligrafico e Zecca dello Stato,,Gazzetta Ufficiale della Repubblica Italiana,55,135,,
http://www.wikidata.org/entity/Q136384538,Decreto 30 aprile 1976: Regolamento interno per l'organizzazione ed il funzionamento dell'Istituto superiore di sanità,,1976,biblioteca; biomedicina,,,Istituto Poligrafico e Zecca dello Stato,,Gazzetta Ufficiale della Repubblica Italiana,126,117,,
http://www.wikidata.org/entity/Q137368051,Si tocca Corfù. Viaggi in Levante,Giacomo Caputo (maschio),1931,,,,Giornale di Sicilia Editoriale Poligrafica,,Giornale di Sicilia,,,,
http://www.wikidata.org/entity/Q128621600,"Meldini, fantasmi a Rimini",Giorgio Calcagno (maschio),1996,bibliografia; bibliotecario,,,Italiana Editrice,,La Stampa,222,130,19,
http://www.wikidata.org/entity/Q111747586,Le fonti del «Libro della natura degli animali»,Davide Checchi (maschio),2017,,Scopus; Arts and Humanities Citation Index; Journal Citation Reports; SCImago Journal Rank,,,,Studi Medievali,,58,525-578,
http://www.wikidata.org/entity/Q128694025,Bibliografia degli scritti di Gustavo Vinay (1912-1993),Ileana Pagani (femmina),1999,bibliografia; bibliotecario,Scopus; Arts and Humanities Citation Index; Journal Citation Reports; SCImago Journal Rank,,,,Studi Medievali,1,serie 3a 40,395; 439,
http://www.wikidata.org/entity/Q111782067,Racconti autobiografici di vocazione della Provincia di Polonia (1574-1580),Miriam Turrini (femmina),2020,,Scopus; Journal Citation Reports; SCImago Journal Rank,,Edizioni Scientifiche Italiane,,Rivista storica italiana,,132,881-903,
http://www.wikidata.org/entity/Q128306149,Panizzi esule,Carlo Dionisotti (maschio),1980,bibliografia; Antonio Panizzi; bibliotecario,Scopus; Journal Citation Reports; SCImago Journal Rank,,Edizioni Scientifiche Italiane,,Rivista storica italiana,2,92,411; 384,
http://www.wikidata.org/entity/Q33144512,"Cardiac myxoma: diagnostic approach, surgical treatment and follow-up. A twenty years experience.",,1996,cardiochirurgia,Scopus,,,,,6 Suppl 1,37,113-117,
http://www.wikidata.org/entity/Q33144721,Idiopathic hypertrophic subaortic stenosis: long-term surgical results,,1976,idiopatico; stenosi,Scopus,,,,,6,17,541-547,
http://www.wikidata.org/entity/Q111967346,"Bibliografia degli scritti, anni 1981-2021",Valeria Lo Castro (femmina),2022,Giovanni Solimine,Scopus; DOAJ; Emerging Sources Citation Index,10.2426/AIBSTUDI-13398,Associazione Italiana Biblioteche,Creative Commons Attribution-ShareAlike; Creative Commons Attribution-NonCommercial-NoDerivatives; Creative Commons Attribution-ShareAlike 4.0 International,AIB studi,3,61,669-702,https://aibstudi.aib.it/article/view/13398/207
http://www.wikidata.org/entity/Q111967347,L'utopia della biblioteca e la missione del bibliotecario,Alberto Petrucciani (maschio),2022,,Scopus; DOAJ; Emerging Sources Citation Index,10.2426/AIBSTUDI-13399,Associazione Italiana Biblioteche,Creative Commons Attribution-ShareAlike; Creative Commons Attribution-NonCommercial-NoDerivatives; Creative Commons Attribution-ShareAlike 4.0 International,AIB studi,3,61,597-602,https://aibstudi.aib.it/article/view/13399/185; https://aibstudi.aib.it/article/view/13399/202
http://www.wikidata.org/entity/Q111967570,"Un'idea di biblioteca, un'idea di professione",Rosa Maiello (femmina),2022,,Scopus; DOAJ; Emerging Sources Citation Index,10.2426/AIBSTUDI-13401,Associazione Italiana Biblioteche,Creative Commons Attribution-ShareAlike; Creative Commons Attribution-NonCommercial-NoDerivatives; Creative Commons Attribution-ShareAlike 4.0 International,AIB studi,3,61,593-596,https://aibstudi.aib.it/article/view/13401/191; https://aibstudi.aib.it/article/view/13401/201
http://www.wikidata.org/entity/Q111967342,Inizi,Anna Galluzzi (femmina); Chiara Faggiolani (femmina),2022,,Scopus; DOAJ; Emerging Sources Citation Index,10.2426/AIBSTUDI-13346,Associazione Italiana Biblioteche,Creative Commons Attribution-ShareAlike; Creative Commons Attribution-NonCommercial-NoDerivatives; Creative Commons Attribution-ShareAlike 4.0 International,AIB studi,3,61,521-522,https://aibstudi.aib.it/article/view/13346/182; https://aibstudi.aib.it/article/view/13346/221
http://www.wikidata.org/entity/Q111967343,I libri di Cosimo: Italo Calvino alla Biblioteca nazionale centrale di Roma,Andrea De Pasquale (maschio),2022,Italo Calvino; Biblioteca Nazionale Centrale di Roma,Scopus; DOAJ; Emerging Sources Citation Index,10.2426/AIBSTUDI-13359,Associazione Italiana Biblioteche,Creative Commons Attribution-ShareAlike; Creative Commons Attribution-NonCommercial-NoDerivatives; Creative Commons Attribution-ShareAlike 4.0 International,AIB studi,3,61,563-567,https://aibstudi.aib.it/article/view/13359/157; https://aibstudi.aib.it/article/view/13359/197
http://www.wikidata.org/entity/Q114851255,La sfida della crescita esponenziale delle raccolte nelle biblioteche di ricerca: i primi sistemi di optical electric information retrieval,Fabio Venuda (maschio),2022,information retrieval; biblioteca di ricerca,Scopus; DOAJ; Emerging Sources Citation Index,10.2426/AIBSTUDI-13750,Associazione Italiana Biblioteche,Creative Commons Attribution-ShareAlike; Creative Commons Attribution-NonCommercial-NoDerivatives; Creative Commons Attribution-ShareAlike 4.0 International,AIB studi,2,62,287-302,
http://www.wikidata.org/entity/Q117428586,Che cos’è una biblioteca ‘normale’?,Giuseppe Vitiello (maschio),2022,,Scopus; DOAJ; Emerging Sources Citation Index,10.2426/AIBSTUDI-13415,Associazione Italiana Biblioteche,Creative Commons Attribution-ShareAlike; Creative Commons Attribution-NonCommercial-NoDerivatives; Creative Commons Attribution-ShareAlike 4.0 International,AIB studi,1,62,5-6,https://aibstudi.aib.it/article/view/13415
http://www.wikidata.org/entity/Q117428593,Gli incunaboli di Umberto Eco,Angela Nuovo (femmina); Aldo Coletto (maschio),2022,Umberto Eco; incunabolo; fondo speciale,Scopus; DOAJ; Emerging Sources Citation Index,10.2426/AIBSTUDI-13386,Associazione Italiana Biblioteche,Creative Commons Attribution-ShareAlike; Creative Commons Attribution-NonCommercial-NoDerivatives; Creative Commons Attribution-ShareAlike 4.0 International,AIB studi,1,62,9-25,https://aibstudi.aib.it/article/view/13386
http://www.wikidata.org/entity/Q117428679,Bias delle collezioni e data analysis: un modello per lo studio comparato delle raccolte LGBTQ+,Sara Dinotola (femmina),2022,bias cognitivo,Scopus; DOAJ; Emerging Sources Citation Index,10.2426/AIBSTUDI-13394,Associazione Italiana Biblioteche,Creative Commons Attribution-ShareAlike; Creative Commons Attribution-NonCommercial-NoDerivatives; Creative Commons Attribution-ShareAlike 4.0 International,AIB studi,1,62,73-103,https://aibstudi.aib.it/article/view/13394
http://www.wikidata.org/entity/Q117428678,Per una visione sistemica del prestito digitale bibliotecario,,2022,e-book,Scopus; DOAJ; Emerging Sources Citation Index,10.2426/AIBSTUDI-13374,Associazione Italiana Biblioteche,Creative Commons Attribution-ShareAlike; Creative Commons Attribution-NonCommercial-NoDerivatives; Creative Commons Attribution-ShareAlike 4.0 International,AIB studi,1,62,57-72,https://aibstudi.aib.it/article/view/13374
http://www.wikidata.org/entity/Q117428677,"La scelta di lettura nella biblioteca pubblica: fisionomia, spazi e contesti del progetto Reading(&)Machine",Maurizio Vivarelli (maschio),2022,biblioteca pubblica,Scopus; DOAJ; Emerging Sources Citation Index,10.2426/AIBSTUDI-13384,Associazione Italiana Biblioteche,Creative Commons Attribution-ShareAlike; Creative Commons Attribution-NonCommercial-NoDerivatives; Creative Commons Attribution-ShareAlike 4.0 International,AIB studi,1,62,27-55,https://aibstudi.aib.it/article/view/13384
http://www.wikidata.org/entity/Q117447410,Il web semantico: il contesto di lavoro odierno,Mauro Guerrini (maschio),2022,web semantico; catalogazione; Indicizzazione,Scopus; DOAJ; Emerging Sources Citation Index,10.2426/AIBSTUDI-13395,Associazione Italiana Biblioteche,Creative Commons Attribution-ShareAlike; Creative Commons Attribution-NonCommercial-NoDerivatives; Creative Commons Attribution-ShareAlike 4.0 International,AIB studi,1,62,113-117,https://aibstudi.aib.it/article/view/13395
http://www.wikidata.org/entity/Q117447411,Che cos'è la cultura?,Alfredo Serrai (maschio),2022,informazione; cultura,Scopus; DOAJ; Emerging Sources Citation Index,10.2426/AIBSTUDI-13387,Associazione Italiana Biblioteche,Creative Commons Attribution-ShareAlike; Creative Commons Attribution-NonCommercial-NoDerivatives; Creative Commons Attribution-ShareAlike 4.0 International,AIB studi,1,62,119-123,https://aibstudi.aib.it/article/view/13387
http://www.wikidata.org/entity/Q117447409,La biblioteca di Abele,Maurizio Ferraris (maschio),2022,web semantico; metaverso,Scopus; DOAJ; Emerging Sources Citation Index,10.2426/AIBSTUDI-13403,Associazione Italiana Biblioteche,Creative Commons Attribution-ShareAlike; Creative Commons Attribution-NonCommercial-NoDerivatives; Creative Commons Attribution-ShareAlike 4.0 International,AIB studi,1,62,105-112,https://aibstudi.aib.it/article/view/13403
http://www.wikidata.org/entity/Q117447504,"L'insegnamento della LIS durante la pandemia: l’esperienza del LIS Department della St. Petersburg State University of Culture, Russia",,2022,apprendimento online; pandemia di COVID-19,Scopus; DOAJ; Emerging Sources Citation Index,10.2426/AIBSTUDI-13288,Associazione Italiana Biblioteche,Creative Commons Attribution-ShareAlike; Creative Commons Attribution-NonCommercial-NoDerivatives; Creative Commons Attribution-ShareAlike 4.0 International,AIB studi,1,62,125-139,https://aibstudi.aib.it/article/view/13288
http://www.wikidata.org/entity/Q117447507,Intelligenza artificiale e produzione di testi: una prospettiva storico-critica,Maurizio Lana (maschio),2022,,Scopus; DOAJ; Emerging Sources Citation Index,10.2426/AIBSTUDI-13365,Associazione Italiana Biblioteche,Creative Commons Attribution-ShareAlike; Creative Commons Attribution-NonCommercial-NoDerivatives; Creative Commons Attribution-ShareAlike 4.0 International,AIB studi,1,62,169-196,https://aibstudi.aib.it/article/view/13365
http://www.wikidata.org/entity/Q117447506,Linked open data per la valorizzazione di collezioni culturali: il dataset mythLOD,Francesca Tomasi (femmina); Valentina Pasqual (femmina),2022,web semantico; linked open data,Scopus; DOAJ; Emerging Sources Citation Index,10.2426/AIBSTUDI-13301,Associazione Italiana Biblioteche,Creative Commons Attribution-ShareAlike; Creative Commons Attribution-NonCommercial-NoDerivatives; Creative Commons Attribution-ShareAlike 4.0 International,AIB studi,1,62,149-168,https://aibstudi.aib.it/article/view/13301
http://www.wikidata.org/entity/Q117447505,Saggi in ricordo di Maria A. Abenante: le qualità (e i valori) di una bibliotecaria,,2022,Maria Abenante,Scopus; DOAJ; Emerging Sources Citation Index,10.2426/AIBSTUDI-13410,Associazione Italiana Biblioteche,Creative Commons Attribution-ShareAlike; Creative Commons Attribution-NonCommercial-NoDerivatives; Creative Commons Attribution-ShareAlike 4.0 International,AIB studi,1,62,141-147,https://aibstudi.aib.it/article/view/13410
http://www.wikidata.org/entity/Q117447582,Modelli di business emergenti e transizione digitale nel settore editoriale spagnolo,,2022,editoria,Scopus; DOAJ; Emerging Sources Citation Index,10.2426/AIBSTUDI-13297,Associazione Italiana Biblioteche,Creative Commons Attribution-ShareAlike; Creative Commons Attribution-NonCommercial-NoDerivatives; Creative Commons Attribution-ShareAlike 4.0 International,AIB studi,1,62,197-213,https://aibstudi.aib.it/article/view/13297
http://www.wikidata.org/entity/Q117447583,"Bibliotecari, il lavoro più bello del mondo. Anche in Italia? Per un resoconto del 61. Congresso nazionale AIB",Maddalena Battaggia (femmina),2022,professione bibliotecaria,Scopus; DOAJ; Emerging Sources Citation Index,10.2426/AIBSTUDI-13416,Associazione Italiana Biblioteche,Creative Commons Attribution-ShareAlike; Creative Commons Attribution-NonCommercial-NoDerivatives; Creative Commons Attribution-ShareAlike 4.0 International,AIB studi,1,62,215-229,https://aibstudi.aib.it/article/view/13416
http://www.wikidata.org/entity/Q117448463,Una resurrezione a Lisbona,Alberto Manguel (maschio),2022,,Scopus; DOAJ; Emerging Sources Citation Index,10.2426/AIBSTUDI-13755,Associazione Italiana Biblioteche,Creative Commons Attribution-ShareAlike; Creative Commons Attribution-NonCommercial-NoDerivatives; Creative Commons Attribution-ShareAlike 4.0 International,AIB studi,2,62,285-286,https://aibstudi.aib.it/article/view/13755
http://www.wikidata.org/entity/Q117448466,"Biblioteche e diritti aletici: una, nessuna o centomila verità?",Riccardo Ridi (maschio),2022,verità; modalità aletica,Scopus; DOAJ; Emerging Sources Citation Index,10.2426/AIBSTUDI-13400,Associazione Italiana Biblioteche,Creative Commons Attribution-ShareAlike; Creative Commons Attribution-NonCommercial-NoDerivatives; Creative Commons Attribution-ShareAlike 4.0 International,AIB studi,2,62,317-338,https://aibstudi.aib.it/article/view/13400
http://www.wikidata.org/entity/Q117448465,Tra immaginario e impatto atteso: le biblioteche nelle attività di valutazione delle università,Agnese Bertazzoli (femmina),2022,biblioteca accademica,Scopus; DOAJ; Emerging Sources Citation Index,10.2426/AIBSTUDI-13404,Associazione Italiana Biblioteche,Creative Commons Attribution-ShareAlike; Creative Commons Attribution-NonCommercial-NoDerivatives; Creative Commons Attribution-ShareAlike 4.0 International,AIB studi,2,62,303-315,https://aibstudi.aib.it/article/view/13404
http://www.wikidata.org/entity/Q117448470,Problematiche e complessità di genere nelle discipline del libro,Giulia Crippa (femmina); Valentina Sonzini (femmina); Lucia Sardo (femmina),2022,studi di genere; storia dell'editoria,Scopus; DOAJ; Emerging Sources Citation Index,10.2426/AIBSTUDI-13315,Associazione Italiana Biblioteche,Creative Commons Attribution-ShareAlike; Creative Commons Attribution-NonCommercial-NoDerivatives; Creative Commons Attribution-ShareAlike 4.0 International,AIB studi,2,62,351-366,https://aibstudi.aib.it/article/view/13315
http://www.wikidata.org/entity/Q117448469,Il progetto Post-I_IT (Post Incunaboli_ITaliani),Rosa Parlavecchia (femmina),2022,Incunabula Short Title Catalogue; Censimento nazionale delle edizioni italiane del XVI secolo,Scopus; DOAJ; Emerging Sources Citation Index,10.2426/AIBSTUDI-13634,Associazione Italiana Biblioteche,Creative Commons Attribution-ShareAlike; Creative Commons Attribution-NonCommercial-NoDerivatives; Creative Commons Attribution-ShareAlike 4.0 International,AIB studi,2,62,339-350,https://aibstudi.aib.it/article/view/13634
http://www.wikidata.org/entity/Q117448472,La biblioteca e la sua reputazione: sulle tracce della misurazione per costruire una nuova narrazione,Anna Bilotta (femmina),2022,biblioteca pubblica; reputazione,Scopus; DOAJ; Emerging Sources Citation Index,10.2426/AIBSTUDI-13405,Associazione Italiana Biblioteche,Creative Commons Attribution-ShareAlike; Creative Commons Attribution-NonCommercial-NoDerivatives; Creative Commons Attribution-ShareAlike 4.0 International,AIB studi,2,62,379-396,https://aibstudi.aib.it/article/view/13405
http://www.wikidata.org/entity/Q117448474,Risorse cartografiche e descrizione standardizzata: da ISBD(CM) a ISBD Edizione consolidata rivista:,Laura Manzoni (femmina),2022,International Standard Bibliographic Description; cartografia celeste,Scopus; DOAJ; Emerging Sources Citation Index,10.2426/AIBSTUDI-13751,Associazione Italiana Biblioteche,Creative Commons Attribution-ShareAlike; Creative Commons Attribution-NonCommercial-NoDerivatives; Creative Commons Attribution-ShareAlike 4.0 International,AIB studi,2,62,419-429,https://aibstudi.aib.it/article/view/13751
http://www.wikidata.org/entity/Q117448475,Manifesto IFLA-UNESCO delle biblioteche pubbliche 2022,,2022,biblioteca pubblica,Scopus; DOAJ; Emerging Sources Citation Index,10.2426/AIBSTUDI-10097,Associazione Italiana Biblioteche,Creative Commons Attribution-ShareAlike; Creative Commons Attribution-NonCommercial-NoDerivatives; Creative Commons Attribution-ShareAlike 4.0 International,AIB studi,2,62,431-434,https://aibstudi.aib.it/article/view/13762
http://www.wikidata.org/entity/Q117448473,Lettura su schermo e processi cognitivi: superare le dicotomie per continuare a leggere,,2022,processo cognitivo,Scopus; DOAJ; Emerging Sources Citation Index,10.2426/AIBSTUDI-13626,Associazione Italiana Biblioteche,Creative Commons Attribution-ShareAlike; Creative Commons Attribution-NonCommercial-NoDerivatives; Creative Commons Attribution-ShareAlike 4.0 International,AIB studi,2,62,397-417,https://aibstudi.aib.it/article/view/13626
http://www.wikidata.org/entity/Q117455594,"Grande è la disinformazione sotto il cielo: la situazione non è eccellente, ma tutto sommato potrebbe andare peggio",Federico Meschini (maschio),2022,,Scopus; DOAJ; Emerging Sources Citation Index,10.2426/AIBSTUDI-12057,Associazione Italiana Biblioteche,Creative Commons Attribution-ShareAlike; Creative Commons Attribution-NonCommercial-NoDerivatives; Creative Commons Attribution-ShareAlike 4.0 International,AIB studi,3,62,503-517,https://aibstudi.aib.it/article/view/13775
http://www.wikidata.org/entity/Q117455592,La Carta di Milano delle biblioteche per disegnare il cambiamento,Chiara Faggiolani (femmina),2022,,Scopus; DOAJ; Emerging Sources Citation Index,10.2426/AIBSTUDI-13804,Associazione Italiana Biblioteche,Creative Commons Attribution-ShareAlike; Creative Commons Attribution-NonCommercial-NoDerivatives; Creative Commons Attribution-ShareAlike 4.0 International,AIB studi,3,62,483-486,https://aibstudi.aib.it/article/view/13804
http://www.wikidata.org/entity/Q117455595,"«Dietro è la casa, davanti a noi il mondo»: da UNIMARC a MARC21 all’Università di Milano-Bicocca",Francesca Verga (femmina); Alessandra Moi (femmina); Silvana Re (femmina),2022,,Scopus; DOAJ; Emerging Sources Citation Index,10.2426/AIBSTUDI-10935,Associazione Italiana Biblioteche,Creative Commons Attribution-ShareAlike; Creative Commons Attribution-NonCommercial-NoDerivatives; Creative Commons Attribution-ShareAlike 4.0 International,AIB studi,3,62,519-533,https://aibstudi.aib.it/article/view/13757
http://www.wikidata.org/entity/Q117455593,Un’epica bibliografia visiva della storia della distruzione dei libri,Roberta Cesana (femmina),2022,,Scopus; DOAJ; Emerging Sources Citation Index,10.2426/AIBSTUDI-13778,Associazione Italiana Biblioteche,Creative Commons Attribution-ShareAlike; Creative Commons Attribution-NonCommercial-NoDerivatives; Creative Commons Attribution-ShareAlike 4.0 International,AIB studi,3,62,487-501,https://aibstudi.aib.it/article/view/13778
http://www.wikidata.org/entity/Q117455598,Le declaratorie del settore disciplinare M-STO/08 come «testo breve»: un modello di analisi linguistica,Maurizio Vivarelli (maschio),2022,,Scopus; DOAJ; Emerging Sources Citation Index,10.2426/AIBSTUDI-13779,Associazione Italiana Biblioteche,Creative Commons Attribution-ShareAlike; Creative Commons Attribution-NonCommercial-NoDerivatives; Creative Commons Attribution-ShareAlike 4.0 International,AIB studi,3,62,571-585,https://aibstudi.aib.it/article/view/13779
http://www.wikidata.org/entity/Q117455596,Le biblioteche nella mente della politica: la politica bibliotecaria nei programmi elettorali delle elezioni amministrative 2021-2022,Maddalena Battaggia (femmina); Agnese Bertazzoli (femmina),2022,,Scopus; DOAJ; Emerging Sources Citation Index,10.2426/AIBSTUDI-13781,Associazione Italiana Biblioteche,Creative Commons Attribution-ShareAlike; Creative Commons Attribution-NonCommercial-NoDerivatives; Creative Commons Attribution-ShareAlike 4.0 International,AIB studi,3,62,535-557,https://aibstudi.aib.it/article/view/13781
http://www.wikidata.org/entity/Q117455597,Alphabetica e il reference digitale: suggerimenti e mappe concettuali per gli utenti del portale,,2022,,Scopus; DOAJ; Emerging Sources Citation Index,10.2426/AIBSTUDI-12055,Associazione Italiana Biblioteche,Creative Commons Attribution-ShareAlike; Creative Commons Attribution-NonCommercial-NoDerivatives; Creative Commons Attribution-ShareAlike 4.0 International,AIB studi,3,62,559-570,https://aibstudi.aib.it/article/view/13774
http://www.wikidata.org/entity/Q117455602,Emilia Franceschini: la prima bibliotecaria all’Università di Firenze,Laura Vannucci (femmina),2022,,Scopus; DOAJ; Emerging Sources Citation Index,10.2426/AIBSTUDI-10945,Associazione Italiana Biblioteche,Creative Commons Attribution-ShareAlike; Creative Commons Attribution-NonCommercial-NoDerivatives; Creative Commons Attribution-ShareAlike 4.0 International,AIB studi,3,62,627-637,https://aibstudi.aib.it/article/view/13633
http://www.wikidata.org/entity/Q117455600,"Rappresentazione, organizzazione e trasmissione della conoscenza: Library and information science e digital humanities",Simona Turbanti (femmina),2022,,Scopus; DOAJ; Emerging Sources Citation Index,10.2426/AIBSTUDI-13808,Associazione Italiana Biblioteche,Creative Commons Attribution-ShareAlike; Creative Commons Attribution-NonCommercial-NoDerivatives; Creative Commons Attribution-ShareAlike 4.0 International,AIB studi,3,62,601-607,https://aibstudi.aib.it/article/view/13808
http://www.wikidata.org/entity/Q117455603,"Biblioteche accademiche in rete per la terza missione? Valorizzazione, inclusione e nuove opportunità strategiche",Anna Bernabè (femmina); Milena Tancredi (femmina); Serafina Spinelli (femmina),2022,,Scopus; DOAJ; Emerging Sources Citation Index,10.2426/AIBSTUDI-13782,Associazione Italiana Biblioteche,Creative Commons Attribution-ShareAlike; Creative Commons Attribution-NonCommercial-NoDerivatives; Creative Commons Attribution-ShareAlike 4.0 International,AIB studi,3,62,639-652,https://aibstudi.aib.it/article/view/13782
http://www.wikidata.org/entity/Q117455601,"Una città che ci fa vivere molteplici vite: il percorso etnografico, maieutico e strategico del Settore Biblioteche del Comune di Bologna",,2022,,Scopus; DOAJ; Emerging Sources Citation Index,10.2426/AIBSTUDI-13784,Associazione Italiana Biblioteche,Creative Commons Attribution-ShareAlike; Creative Commons Attribution-NonCommercial-NoDerivatives; Creative Commons Attribution-ShareAlike 4.0 International,AIB studi,3,62,609-625,https://aibstudi.aib.it/article/view/13784
http://www.wikidata.org/entity/Q117455604,"Bilanci e nuove prospettive della ricerca applicata per le biblioteche: resoconto del convegno “Misurazione e valutazione delle biblioteche: ne è valsa la pena? Cambiamenti, impatti e racconti di 30 anni di lavoro comune”",Agnese Bertazzoli (femmina),2022,,Scopus; DOAJ; Emerging Sources Citation Index,10.2426/AIBSTUDI-10257,Associazione Italiana Biblioteche,Creative Commons Attribution-ShareAlike; Creative Commons Attribution-NonCommercial-NoDerivatives; Creative Commons Attribution-ShareAlike 4.0 International,AIB studi,3,62,653-666,https://aibstudi.aib.it/article/view/13760
http://www.wikidata.org/entity/Q117455605,Prima panoramica europea sul prestito digitale nelle biblioteche pubbliche,,2022,,Scopus; DOAJ; Emerging Sources Citation Index,10.2426/AIBSTUDI-13789,Associazione Italiana Biblioteche,Creative Commons Attribution-ShareAlike; Creative Commons Attribution-NonCommercial-NoDerivatives; Creative Commons Attribution-ShareAlike 4.0 International,AIB studi,3,62,667-677,https://aibstudi.aib.it/article/view/13789
http://www.wikidata.org/entity/Q123110125,Metodi e strumenti di un progetto di valorizzazione delle riviste italiane di biblioteconomia in Wikidata,Carlo Bianchini (maschio); Alessandra Moi (femmina); Andrea Marchitelli (maschio),2023,Wikidata; rivista; biblioteconomia; bibliometria; scienza dell'informazione e delle biblioteche,Scopus; DOAJ; Emerging Sources Citation Index,10.2426/AIBSTUDI-13893,Associazione Italiana Biblioteche,Creative Commons Attribution-ShareAlike; Creative Commons Attribution-NonCommercial-NoDerivatives; Creative Commons Attribution-ShareAlike 4.0 International,AIB studi,2,63,313-335,https://aibstudi.aib.it/article/view/13893
http://www.wikidata.org/entity/Q137015830,Prestito digitale bibliotecario: un servizio multiforme e in continua innovazione,Fabio Mercanti (maschio),2023,,Scopus; DOAJ; Emerging Sources Citation Index,10.2426/AIBSTUDI-13850,Associazione Italiana Biblioteche,Creative Commons Attribution-ShareAlike; Creative Commons Attribution-NonCommercial-NoDerivatives; Creative Commons Attribution-ShareAlike 4.0 International,AIB studi,1,63,53-66,https://aibstudi.aib.it/article/view/13850
http://www.wikidata.org/entity/Q137015828,Pratiche di lettura e altre ‘porte’ di accesso ai mondi narrativi: un questionario per gli utenti delle Biblioteche civiche torinesi,Sara Dinotola (femmina),2023,,Scopus; DOAJ; Emerging Sources Citation Index,10.2426/AIBSTUDI-13859,Associazione Italiana Biblioteche,Creative Commons Attribution-ShareAlike; Creative Commons Attribution-NonCommercial-NoDerivatives; Creative Commons Attribution-ShareAlike 4.0 International,AIB studi,1,63,11-33,https://aibstudi.aib.it/article/view/13859
http://www.wikidata.org/entity/Q137015831,I grandi assenti: i bibliotecari negli archivi di Stato,Francesca Nepori (femmina),2023,,Scopus; DOAJ; Emerging Sources Citation Index,10.2426/AIBSTUDI-13849,Associazione Italiana Biblioteche,Creative Commons Attribution-ShareAlike; Creative Commons Attribution-NonCommercial-NoDerivatives; Creative Commons Attribution-ShareAlike 4.0 International,AIB studi,1,63,67-78,https://aibstudi.aib.it/article/view/13849
http://www.wikidata.org/entity/Q137015829,Invenzioni cartotecniche nella tradizione rinascimentale degli studi di anatomia,,2023,,Scopus; DOAJ; Emerging Sources Citation Index,10.2426/AIBSTUDI-13818,Associazione Italiana Biblioteche,Creative Commons Attribution-ShareAlike; Creative Commons Attribution-NonCommercial-NoDerivatives; Creative Commons Attribution-ShareAlike 4.0 International,AIB studi,1,63,35-51,https://aibstudi.aib.it/article/view/13818
http://www.wikidata.org/entity/Q137017519,Democratizzazione della conoscenza attraverso l’uso delle immagini in Otlet e Neurath,Erika Pasceri (femmina); Antonietta Folino (femmina); Claudia Lanza (femmina),2023,,Scopus; DOAJ; Emerging Sources Citation Index,10.2426/AIBSTUDI-13848,Associazione Italiana Biblioteche,Creative Commons Attribution-ShareAlike; Creative Commons Attribution-NonCommercial-NoDerivatives; Creative Commons Attribution-ShareAlike 4.0 International,AIB studi,1,63,79-95,https://aibstudi.aib.it/article/view/13848
http://www.wikidata.org/entity/Q111967344,"Letture aumentate, fra rete e intermedialità",Gino Roncaglia (maschio),2022,Intertestualità,Scopus; DOAJ; Emerging Sources Citation Index,10.2426/AIBSTUDI-13360,Associazione Italiana Biblioteche,Creative Commons Attribution-ShareAlike; Creative Commons Attribution-NonCommercial-NoDerivatives; Creative Commons Attribution-ShareAlike 4.0 International,AIB studi,3,61,603-609,https://aibstudi.aib.it/article/view/13360/158; https://aibstudi.aib.it/article/view/13360/203
http://www.wikidata.org/entity/Q111967345,"La persistente attualità di La biblioteca: scenari, culture, pratiche di servizio di Giovanni Solimine",Paul Gabriele Weston (maschio),2022,,Scopus; DOAJ; Emerging Sources Citation Index,10.2426/AIBSTUDI-13385,Associazione Italiana Biblioteche,Creative Commons Attribution-ShareAlike; Creative Commons Attribution-NonCommercial-NoDerivatives; Creative Commons Attribution-ShareAlike 4.0 International,AIB studi,3,61,641-645,https://aibstudi.aib.it/article/view/13385/171; https://aibstudi.aib.it/article/view/13385/210
http://www.wikidata.org/entity/Q137015827,Commiato,Rosa Maiello (femmina),2023,,Scopus; DOAJ; Emerging Sources Citation Index,10.2426/AIBSTUDI-13858,Associazione Italiana Biblioteche,Creative Commons Attribution-ShareAlike; Creative Commons Attribution-NonCommercial-NoDerivatives; Creative Commons Attribution-ShareAlike 4.0 International,AIB studi,1,63,5-9,https://aibstudi.aib.it/article/view/13858
http://www.wikidata.org/entity/Q103918139,"“Il privilegio della parola scritta”: studi, progetti e nuovi approcci metodologici per i fondi d’autore (Università degli studi di Salerno, 10-12 aprile 2019)",Maria Senatore Polisetti (femmina),2020,,Scopus; DOAJ; Emerging Sources Citation Index,10.2426/AIBSTUDI-11952,Associazione Italiana Biblioteche,Creative Commons Attribution-ShareAlike; Creative Commons Attribution-NonCommercial-NoDerivatives; Creative Commons Attribution-ShareAlike 4.0 International,AIB studi,1-2,59,,https://aibstudi.aib.it/article/view/11952/11459; https://aibstudi.aib.it/article/view/11952/11470
http://www.wikidata.org/entity/Q103918144,"Analfabetismo funzionale: perché, ci serve ancora saper leggere e scrivere?",Beatrice Eleuteri (femmina),2020,alfabetizzazione,Scopus; DOAJ; Emerging Sources Citation Index,10.2426/AIBSTUDI-11891,Associazione Italiana Biblioteche,Creative Commons Attribution-ShareAlike; Creative Commons Attribution-NonCommercial-NoDerivatives; Creative Commons Attribution-ShareAlike 4.0 International,AIB studi,1-2,59,,https://aibstudi.aib.it/article/view/11891/11452; https://aibstudi.aib.it/article/view/11891/11475
http://www.wikidata.org/entity/Q103918138,Paul Otlet e la classificazione delle scienze,Antonietta Folino (femmina); Roberto Guarasci (maschio),2020,,Scopus; DOAJ; Emerging Sources Citation Index,10.2426/AIBSTUDI-11996,Associazione Italiana Biblioteche,Creative Commons Attribution-ShareAlike; Creative Commons Attribution-NonCommercial-NoDerivatives; Creative Commons Attribution-ShareAlike 4.0 International,AIB studi,3,59,,https://aibstudi.aib.it/article/view/11996/11542; https://aibstudi.aib.it/article/view/11996/11547
http://www.wikidata.org/entity/Q103918136,"La biblioteconomia comparata e l’apporto di Peter Johan Lor: una strategia di ricerca per l’analisi di influenze, divergenze e consonanze",Anna Bilotta (femmina),2020,,Scopus; DOAJ; Emerging Sources Citation Index,10.2426/AIBSTUDI-11973,Associazione Italiana Biblioteche,Creative Commons Attribution-ShareAlike; Creative Commons Attribution-NonCommercial-NoDerivatives; Creative Commons Attribution-ShareAlike 4.0 International,AIB studi,3,59,,https://aibstudi.aib.it/article/view/11973/11522; https://aibstudi.aib.it/article/view/11973/11550
http://www.wikidata.org/entity/Q103918142,Problematiche e sviluppi recenti a proposito del controllo di autorità nella catalogazione dei manoscritti,Valentina Atturo (femmina),2020,,Scopus; DOAJ; Emerging Sources Citation Index,10.2426/AIBSTUDI-11969,Associazione Italiana Biblioteche,Creative Commons Attribution-ShareAlike; Creative Commons Attribution-NonCommercial-NoDerivatives; Creative Commons Attribution-ShareAlike 4.0 International,AIB studi,1-2,59,,https://aibstudi.aib.it/article/view/11969/11471; https://aibstudi.aib.it/article/view/11969/11480
http://www.wikidata.org/entity/Q103896949,Stati Generali dei professionisti del patrimonio culturale: una prospettiva di alleanze da perseguire con convinzione,Stefano Parise (maschio),2013,,Scopus; DOAJ; Emerging Sources Citation Index,10.2426/AIBSTUDI-8702,Associazione Italiana Biblioteche,Creative Commons Attribution-ShareAlike; Creative Commons Attribution-NonCommercial-NoDerivatives; Creative Commons Attribution-ShareAlike 4.0 International,AIB studi,3,52,,https://aibstudi.aib.it/article/view/8702/7954; https://aibstudi.aib.it/article/view/8702/7998
http://www.wikidata.org/entity/Q103899574,Contro l’attendismo bibliotecario: quadri di un’esposizione,Luca Ferrieri (maschio),2020,,Scopus; DOAJ; Emerging Sources Citation Index,10.2426/AIBSTUDI-12066,Associazione Italiana Biblioteche,Creative Commons Attribution-ShareAlike; Creative Commons Attribution-NonCommercial-NoDerivatives; Creative Commons Attribution-ShareAlike 4.0 International,AIB studi,1,60,,https://aibstudi.aib.it/article/view/12066/11579; https://aibstudi.aib.it/article/view/12066/11606
http://www.wikidata.org/entity/Q103899591,I robot di servizio antropomorfi influenzano il nostro senso di sicurezza? Ai margini della riflessione sul futuro del mercato del lavoro nella LIS,Tomasz Kruszewski (maschio),2020,,Scopus; DOAJ; Emerging Sources Citation Index,10.2426/AIBSTUDI-12047,Associazione Italiana Biblioteche,Creative Commons Attribution-ShareAlike; Creative Commons Attribution-NonCommercial-NoDerivatives; Creative Commons Attribution-ShareAlike 4.0 International,AIB studi,1,60,,https://aibstudi.aib.it/article/view/12047/11580; https://aibstudi.aib.it/article/view/12047/11616
http://www.wikidata.org/entity/Q103899614,Open data steward: bibliotecari e alfabetizzazione ai dati aperti,Damiano Orrù (maschio),2020,dati aperti,Scopus; DOAJ; Emerging Sources Citation Index,10.2426/AIBSTUDI-12123,Associazione Italiana Biblioteche,Creative Commons Attribution-ShareAlike; Creative Commons Attribution-NonCommercial-NoDerivatives; Creative Commons Attribution-ShareAlike 4.0 International,AIB studi,2,60,,https://aibstudi.aib.it/article/view/12123/11660; https://aibstudi.aib.it/article/view/12123/11703
http://www.wikidata.org/entity/Q103899613,Quando il bibliotecario migliore è un’IA,David Weinberger (maschio),2020,,Scopus; DOAJ; Emerging Sources Citation Index,10.2426/AIBSTUDI-12478,Associazione Italiana Biblioteche,Creative Commons Attribution-ShareAlike; Creative Commons Attribution-NonCommercial-NoDerivatives; Creative Commons Attribution-ShareAlike 4.0 International,AIB studi,2,60,,https://aibstudi.aib.it/article/view/12478/11661; https://aibstudi.aib.it/article/view/12478/11699
http://www.wikidata.org/entity/Q103901292,"Bibliotecari, bibliometria e valutazione della ricerca: riscoprire una competenza per valorizzare una professione",Luca Lanzillo (maschio),2014,bibliometria,Scopus; DOAJ; Emerging Sources Citation Index,10.2426/AIBSTUDI-9497,Associazione Italiana Biblioteche,Creative Commons Attribution-ShareAlike; Creative Commons Attribution-NonCommercial-NoDerivatives; Creative Commons Attribution-ShareAlike 4.0 International,AIB studi,1,54,,https://aibstudi.aib.it/article/view/9497/9408; https://aibstudi.aib.it/article/view/9497/9447
http://www.wikidata.org/entity/Q103901304,"Biblioteconomia sociale? Certo, per contribuire al nuovo welfare",Waldemaro Morgese (maschio),2014,,Scopus; DOAJ; Emerging Sources Citation Index,10.2426/AIBSTUDI-9145,Associazione Italiana Biblioteche,Creative Commons Attribution-ShareAlike; Creative Commons Attribution-NonCommercial-NoDerivatives; Creative Commons Attribution-ShareAlike 4.0 International,AIB studi,3,53,,https://aibstudi.aib.it/article/view/9145/9245; https://aibstudi.aib.it/article/view/9145/9255
http://www.wikidata.org/entity/Q103901314,Dalla parte delle biblioteche,Simonetta Buttò (femmina),2014,,Scopus; DOAJ; Emerging Sources Citation Index,10.2426/AIBSTUDI-10021,Associazione Italiana Biblioteche,Creative Commons Attribution-ShareAlike; Creative Commons Attribution-NonCommercial-NoDerivatives; Creative Commons Attribution-ShareAlike 4.0 International,AIB studi,1,54,,https://aibstudi.aib.it/article/view/10021/9416; https://aibstudi.aib.it/article/view/10021/9449
http://www.wikidata.org/entity/Q103899606,Per un indice condiviso di possessori e provenienze in SBN: una prospettiva concreta,Flavia Bruni (femmina),2020,,Scopus; DOAJ; Emerging Sources Citation Index,10.2426/AIBSTUDI-12262,Associazione Italiana Biblioteche,Creative Commons Attribution-ShareAlike; Creative Commons Attribution-NonCommercial-NoDerivatives; Creative Commons Attribution-ShareAlike 4.0 International,AIB studi,2,60,,https://aibstudi.aib.it/article/view/12262/11667; https://aibstudi.aib.it/article/view/12262/11714
http://www.wikidata.org/entity/Q103899609,"Dati, informazione e competenza: dell’inevitabile pervasività delle infodemie e del perché non possiamo più fare a meno dell’information literacy",Federico Meschini (maschio),2020,,Scopus; DOAJ; Emerging Sources Citation Index,10.2426/AIBSTUDI-12476,Associazione Italiana Biblioteche,Creative Commons Attribution-ShareAlike; Creative Commons Attribution-NonCommercial-NoDerivatives; Creative Commons Attribution-ShareAlike 4.0 International,AIB studi,2,60,,https://aibstudi.aib.it/article/view/12476/11689; https://aibstudi.aib.it/article/view/12476/11708
http://www.wikidata.org/entity/Q103901299,"Instant, cultural and infinite: lo sviluppo dei sistemi di ricerca e scoperta verso le qualità del pensiero (note da FSR 2014)",Roberto Raieli (maschio),2014,metadato,Scopus; DOAJ; Emerging Sources Citation Index,10.2426/AIBSTUDI-9991,Associazione Italiana Biblioteche,Creative Commons Attribution-ShareAlike; Creative Commons Attribution-NonCommercial-NoDerivatives; Creative Commons Attribution-ShareAlike 4.0 International,AIB studi,1,54,,https://aibstudi.aib.it/article/view/9991/9417; https://aibstudi.aib.it/article/view/9991/9470
http://www.wikidata.org/entity/Q103901301,Luisella e “i fisici”: culture egemoni e nuovi saperi,Paola Castellucci (femmina),2013,,Scopus; DOAJ; Emerging Sources Citation Index,10.2426/AIBSTUDI-8911,Associazione Italiana Biblioteche,Creative Commons Attribution-ShareAlike; Creative Commons Attribution-NonCommercial-NoDerivatives; Creative Commons Attribution-ShareAlike 4.0 International,AIB studi,2,53,,https://aibstudi.aib.it/article/view/8911/8215; https://aibstudi.aib.it/article/view/8911/8317
http://www.wikidata.org/entity/Q103899599,L’evoluzione del ruolo delle biblioteche accademiche: un’indagine nella Sapienza Università di Roma,Agnese Bertazzoli (femmina),2020,,Scopus; DOAJ; Emerging Sources Citation Index,10.2426/AIBSTUDI-12050,Associazione Italiana Biblioteche,Creative Commons Attribution-ShareAlike; Creative Commons Attribution-NonCommercial-NoDerivatives; Creative Commons Attribution-ShareAlike 4.0 International,AIB studi,1,60,,https://aibstudi.aib.it/article/view/12050/11560; https://aibstudi.aib.it/article/view/12050/11608
http://www.wikidata.org/entity/Q103901290,"Sul perché, anche nel mondo dei Linked Data, non possiamo rinunciare al concetto di documento",Alberto Salarelli (maschio),2014,linked data,Scopus; DOAJ; Emerging Sources Citation Index,10.2426/AIBSTUDI-10128,Associazione Italiana Biblioteche,Creative Commons Attribution-ShareAlike; Creative Commons Attribution-NonCommercial-NoDerivatives; Creative Commons Attribution-ShareAlike 4.0 International,AIB studi,2/3,54,,https://aibstudi.aib.it/article/view/10128/10140; https://aibstudi.aib.it/article/view/10128/10206
http://www.wikidata.org/entity/Q103901316,Visibilità e prospettive per biblioteche e bibliotecari,Enrica Manenti (femmina),2014,,Scopus; DOAJ; Emerging Sources Citation Index,10.2426/AIBSTUDI-10909,Associazione Italiana Biblioteche,Creative Commons Attribution-ShareAlike; Creative Commons Attribution-NonCommercial-NoDerivatives; Creative Commons Attribution-ShareAlike 4.0 International,AIB studi,2/3,54,,https://aibstudi.aib.it/article/view/10909/10166; https://aibstudi.aib.it/article/view/10909/10188
http://www.wikidata.org/entity/Q102503100,La valorizzazione del patrimonio bibliotecario tra public engagement e public history,Fiammetta Sabba (femmina),2020,public history; public engagement,Scopus; DOAJ; Emerging Sources Citation Index,,Associazione Italiana Biblioteche,Creative Commons Attribution-ShareAlike; Creative Commons Attribution-NonCommercial-NoDerivatives; Creative Commons Attribution-ShareAlike 4.0 International,AIB studi,1,60,,https://aibstudi.aib.it/article/view/12025/
http://www.wikidata.org/entity/Q103899584,Il ruolo della promozione e della distribuzione nella filiera del libro: orientarsi nel dedalo dell’editoria italiana,Elena Ranfa (femmina),2020,,Scopus; DOAJ; Emerging Sources Citation Index,10.2426/AIBSTUDI-12051,Associazione Italiana Biblioteche,Creative Commons Attribution-ShareAlike; Creative Commons Attribution-NonCommercial-NoDerivatives; Creative Commons Attribution-ShareAlike 4.0 International,AIB studi,1,60,,https://aibstudi.aib.it/article/view/12051/11564; https://aibstudi.aib.it/article/view/12051/11611
http://www.wikidata.org/entity/Q103899592,La ‘cultura orizzontale’: prove generali ai tempi della pandemia,Anna Galluzzi (femmina),2020,,Scopus; DOAJ; Emerging Sources Citation Index,10.2426/AIBSTUDI-12048,Associazione Italiana Biblioteche,Creative Commons Attribution-ShareAlike; Creative Commons Attribution-NonCommercial-NoDerivatives; Creative Commons Attribution-ShareAlike 4.0 International,AIB studi,1,60,,https://aibstudi.aib.it/article/view/12048/11570; https://aibstudi.aib.it/article/view/12048/11610
http://www.wikidata.org/entity/Q103899598,Il cerchio si allarga intorno al mondo: open access contro la pandemia,Caterina Barillari (femmina),2020,,Scopus; DOAJ; Emerging Sources Citation Index,10.2426/AIBSTUDI-12054,Associazione Italiana Biblioteche,Creative Commons Attribution-ShareAlike; Creative Commons Attribution-NonCommercial-NoDerivatives; Creative Commons Attribution-ShareAlike 4.0 International,AIB studi,1,60,,https://aibstudi.aib.it/article/view/12054/11576; https://aibstudi.aib.it/article/view/12054/11607
http://www.wikidata.org/entity/Q103899597,"Varcare la soglia: il digitale nel catalogo, alcune riflessioni",Agnese Galeffi (femmina); Paul Gabriele Weston (maschio),2020,,Scopus; DOAJ; Emerging Sources Citation Index,10.2426/AIBSTUDI-12260,Associazione Italiana Biblioteche,Creative Commons Attribution-ShareAlike; Creative Commons Attribution-NonCommercial-NoDerivatives; Creative Commons Attribution-ShareAlike 4.0 International,AIB studi,2,60,,https://aibstudi.aib.it/article/view/12260/11654; https://aibstudi.aib.it/article/view/12260/11705
http://www.wikidata.org/entity/Q103899610,"Biblioteche e bibliotecari nel Wikiproject Covid-19: authority control, contenuti di qualità e linked open data",Alessandra Boccone (femmina); Tania Maio (femmina),2020,Wikidata; linked open data; WikiProject COVID-19,Scopus; DOAJ; Emerging Sources Citation Index,10.2426/AIBSTUDI-12189,Associazione Italiana Biblioteche,Creative Commons Attribution-ShareAlike; Creative Commons Attribution-NonCommercial-NoDerivatives; Creative Commons Attribution-ShareAlike 4.0 International,AIB studi,2,60,,https://aibstudi.aib.it/article/view/12189/11663; https://aibstudi.aib.it/article/view/12189/11702
http://www.wikidata.org/entity/Q103901280,Il welfare è morto viva il welfare! Biblioteche pubbliche tra welfare e valore sociale,Sara Chiessi (femmina),2014,,Scopus; DOAJ; Emerging Sources Citation Index,10.2426/AIBSTUDI-9146,Associazione Italiana Biblioteche,Creative Commons Attribution-ShareAlike; Creative Commons Attribution-NonCommercial-NoDerivatives; Creative Commons Attribution-ShareAlike 4.0 International,AIB studi,3,53,,https://aibstudi.aib.it/article/view/9146/9237; https://aibstudi.aib.it/article/view/9146/9256; http://eprints.rclis.org/id/eprint/22583
http://www.wikidata.org/entity/Q103901283,Rete di reti: un progetto per accrescere l’efficienza e l’efficacia delle biblioteche e delle reti bibliotecarie italiane (Seconda parte),Emiliano Diamanti (maschio); Gianni Stefanini (maschio),2013,,Scopus; DOAJ; Emerging Sources Citation Index,10.2426/AIBSTUDI-8977,Associazione Italiana Biblioteche,Creative Commons Attribution-ShareAlike; Creative Commons Attribution-NonCommercial-NoDerivatives; Creative Commons Attribution-ShareAlike 4.0 International,AIB studi,2,53,,https://aibstudi.aib.it/article/view/8977/8232; https://aibstudi.aib.it/article/view/8977/8314
http://www.wikidata.org/entity/Q103901308,"Biblioteconomia, università, formazione, professione",Alberto Petrucciani (maschio),2013,,Scopus; DOAJ; Emerging Sources Citation Index,10.2426/AIBSTUDI-9038,Associazione Italiana Biblioteche,Creative Commons Attribution-ShareAlike; Creative Commons Attribution-NonCommercial-NoDerivatives; Creative Commons Attribution-ShareAlike 4.0 International,AIB studi,2,53,,https://aibstudi.aib.it/article/view/9038/8226; https://aibstudi.aib.it/article/view/9038/8263
http://www.wikidata.org/entity/Q103896948,Le quattro grandi biblioteche nazionali non centrali: problemi e prospettive,Andrea De Pasquale (maschio),2012,,Scopus; DOAJ; Emerging Sources Citation Index,10.2426/AIBSTUDI-6361,Associazione Italiana Biblioteche,Creative Commons Attribution-ShareAlike; Creative Commons Attribution-NonCommercial-NoDerivatives; Creative Commons Attribution-ShareAlike 4.0 International,AIB studi,2,52,,https://aibstudi.aib.it/article/view/6361/7210; https://aibstudi.aib.it/article/view/6361/7781
http://www.wikidata.org/entity/Q103896945,Una mappa topica per la professione: l'atlante di R. David Lankes,Anna Galluzzi (femmina),2012,,Scopus; DOAJ; Emerging Sources Citation Index,10.2426/AIBSTUDI-6297,Associazione Italiana Biblioteche,Creative Commons Attribution-ShareAlike; Creative Commons Attribution-NonCommercial-NoDerivatives; Creative Commons Attribution-ShareAlike 4.0 International,AIB studi,1,52,,https://aibstudi.aib.it/article/view/6297/5909; https://aibstudi.aib.it/article/view/6297/6027
http://www.wikidata.org/entity/Q103899590,Biblioteca accademica e collezioni speciali: spunti di azione e di riflessione (con un’appendice sulla valutazione della terza missione),Maria Cassella (femmina),2020,,Scopus; DOAJ; Emerging Sources Citation Index,10.2426/AIBSTUDI-12046,Associazione Italiana Biblioteche,Creative Commons Attribution-ShareAlike; Creative Commons Attribution-NonCommercial-NoDerivatives; Creative Commons Attribution-ShareAlike 4.0 International,AIB studi,1,60,,https://aibstudi.aib.it/article/view/12046/11583; https://aibstudi.aib.it/article/view/12046/11609
http://www.wikidata.org/entity/Q103899593,La tradizione di AIB studi e il suo lector in fabula,Anna Galluzzi (femmina); Chiara Faggiolani (femmina),2020,,Scopus; DOAJ; Emerging Sources Citation Index,10.2426/AIBSTUDI-12067,Associazione Italiana Biblioteche,Creative Commons Attribution-ShareAlike; Creative Commons Attribution-NonCommercial-NoDerivatives; Creative Commons Attribution-ShareAlike 4.0 International,AIB studi,1,60,,https://aibstudi.aib.it/article/view/12067/11561; https://aibstudi.aib.it/article/view/12067/11603
http://www.wikidata.org/entity/Q103899601,La piramide dell'informazione: una proposta (prima parte),Riccardo Ridi (maschio),2020,informazione; conoscenza,Scopus; DOAJ; Emerging Sources Citation Index,10.2426/AIBSTUDI-12215,Associazione Italiana Biblioteche,Creative Commons Attribution-ShareAlike; Creative Commons Attribution-NonCommercial-NoDerivatives; Creative Commons Attribution-ShareAlike 4.0 International,AIB studi,2,60,,https://aibstudi.aib.it/article/view/12215/11665; https://aibstudi.aib.it/article/view/12215/11701
http://www.wikidata.org/entity/Q103899607,Pensare l'impensabile,,2020,,Scopus; DOAJ; Emerging Sources Citation Index,10.2426/AIBSTUDI-12479,Associazione Italiana Biblioteche,Creative Commons Attribution-ShareAlike; Creative Commons Attribution-NonCommercial-NoDerivatives; Creative Commons Attribution-ShareAlike 4.0 International,AIB studi,2,60,,https://aibstudi.aib.it/article/view/12479/11709; https://aibstudi.aib.it/article/view/12479/11715
http://www.wikidata.org/entity/Q100741569,"Il fondo Natalino Sapegno: un ""patrimonio di umanità e di cultura""",Giulia Radin (femmina); Alessandra Basso (femmina),2012,,Scopus; DOAJ; Emerging Sources Citation Index,10.2426/AIBSTUDI-6300,Associazione Italiana Biblioteche,Creative Commons Attribution-ShareAlike; Creative Commons Attribution-NonCommercial-NoDerivatives; Creative Commons Attribution-ShareAlike 4.0 International,AIB studi,1,52,,https://aibstudi.aib.it/article/view/6300; https://aibstudi.aib.it/article/view/6300/5911; https://aibstudi.aib.it/article/view/6300/6016
http://www.wikidata.org/entity/Q103896952,A proposito di Introduzione alla scienza dell'informazione di Alberto Salarelli: alcune osservazioni metodologiche,Maurizio Vivarelli (maschio),2012,,Scopus; DOAJ; Emerging Sources Citation Index,10.2426/AIBSTUDI-8638,Associazione Italiana Biblioteche,Creative Commons Attribution-ShareAlike; Creative Commons Attribution-NonCommercial-NoDerivatives; Creative Commons Attribution-ShareAlike 4.0 International,AIB studi,3,52,,https://aibstudi.aib.it/article/view/8638/7963; https://aibstudi.aib.it/article/view/8638/7999
http://www.wikidata.org/entity/Q103896950,"Storie di autonomia ""speciale"": le biblioteche specializzate del Ministero per i beni e le attività culturali",Simonetta Buttò (femmina),2012,,Scopus; DOAJ; Emerging Sources Citation Index,10.2426/AIBSTUDI-6365,Associazione Italiana Biblioteche,Creative Commons Attribution-ShareAlike; Creative Commons Attribution-NonCommercial-NoDerivatives; Creative Commons Attribution-ShareAlike 4.0 International,AIB studi,2,52,,https://aibstudi.aib.it/article/view/6365/7446; https://aibstudi.aib.it/article/view/6365/7783
http://www.wikidata.org/entity/Q103899589,Digital humanities e organizzazione della conoscenza: una pratica di insegnamento nel LODLAM,Francesca Tomasi (femmina),2020,,Scopus; DOAJ; Emerging Sources Citation Index,,Associazione Italiana Biblioteche,Creative Commons Attribution-ShareAlike; Creative Commons Attribution-NonCommercial-NoDerivatives; Creative Commons Attribution-ShareAlike 4.0 International,AIB studi,2,60,,https://aibstudi.aib.it/article/view/12068/11652; https://aibstudi.aib.it/article/view/12068/11653
http://www.wikidata.org/entity/Q103899596,"Lo stargate della lettura, ovvero il passaggio che stiamo attraversando",Giovanni Solimine (maschio),2020,,Scopus; DOAJ; Emerging Sources Citation Index,10.2426/AIBSTUDI-12179,Associazione Italiana Biblioteche,Creative Commons Attribution-ShareAlike; Creative Commons Attribution-NonCommercial-NoDerivatives; Creative Commons Attribution-ShareAlike 4.0 International,AIB studi,2,60,,https://aibstudi.aib.it/article/view/12179/11650; https://aibstudi.aib.it/article/view/12179/11651
http://www.wikidata.org/entity/Q103899604,Il Fondo Laura della Biblioteca universitaria di Genova: un fondo di persona,Valentina Sonzini (femmina),2020,,Scopus; DOAJ; Emerging Sources Citation Index,10.2426/AIBSTUDI-12212,Associazione Italiana Biblioteche,Creative Commons Attribution-ShareAlike; Creative Commons Attribution-NonCommercial-NoDerivatives; Creative Commons Attribution-ShareAlike 4.0 International,AIB studi,2,60,,https://aibstudi.aib.it/article/view/12212/11659; https://aibstudi.aib.it/article/view/12212/11710
http://www.wikidata.org/entity/Q103899605,La lettura in Catalogna: analisi dei dati sulle pratiche di lettura e delle campagne di promozione della lettura,Mònica Baró (femmina),2020,,Scopus; DOAJ; Emerging Sources Citation Index,10.2426/AIBSTUDI-12217,Associazione Italiana Biblioteche,Creative Commons Attribution-ShareAlike; Creative Commons Attribution-NonCommercial-NoDerivatives; Creative Commons Attribution-ShareAlike 4.0 International,AIB studi,2,60,,https://aibstudi.aib.it/article/view/12217/11706; https://aibstudi.aib.it/article/view/12217/11716
http://www.wikidata.org/entity/Q103901278,"Convergenza di biblioteche, archivi e musei: le iniziative di IFLA",Anna Maria Tammaro (femmina),2014,GLAM,Scopus; DOAJ; Emerging Sources Citation Index,10.2426/AIBSTUDI-10004,Associazione Italiana Biblioteche,Creative Commons Attribution-ShareAlike; Creative Commons Attribution-NonCommercial-NoDerivatives; Creative Commons Attribution-ShareAlike 4.0 International,AIB studi,1,54,,https://aibstudi.aib.it/article/view/10004/9418; https://aibstudi.aib.it/article/view/10004/9450
http://www.wikidata.org/entity/Q103901296,Crisi e nuovo sviluppo: un ruolo per le biblioteche,Ferruccio Diozzi (maschio),2013,,Scopus; DOAJ; Emerging Sources Citation Index,10.2426/AIBSTUDI-8779,Associazione Italiana Biblioteche,Creative Commons Attribution-ShareAlike; Creative Commons Attribution-NonCommercial-NoDerivatives; Creative Commons Attribution-ShareAlike 4.0 International,AIB studi,1,53,,https://aibstudi.aib.it/article/view/8779/8093; https://aibstudi.aib.it/article/view/8779/8130
http://www.wikidata.org/entity/Q103901302,Le professioni per le biblioteche accademiche di ricerca,Maria Cassella (femmina); Paola Gargiulo (femmina),2013,,Scopus; DOAJ; Emerging Sources Citation Index,10.2426/AIBSTUDI-8876,Associazione Italiana Biblioteche,Creative Commons Attribution-ShareAlike; Creative Commons Attribution-NonCommercial-NoDerivatives; Creative Commons Attribution-ShareAlike 4.0 International,AIB studi,1,53,,https://aibstudi.aib.it/article/view/8876/8110; https://aibstudi.aib.it/article/view/8876/8129
http://www.wikidata.org/entity/Q103901310,Il corsivo,Gherardo Colombo (maschio),2014,,Scopus; DOAJ; Emerging Sources Citation Index,10.2426/AIBSTUDI-10027,Associazione Italiana Biblioteche,Creative Commons Attribution-ShareAlike; Creative Commons Attribution-NonCommercial-NoDerivatives; Creative Commons Attribution-ShareAlike 4.0 International,AIB studi,1,54,,https://aibstudi.aib.it/article/view/10027/9405; https://aibstudi.aib.it/article/view/10027/9427
http://www.wikidata.org/entity/Q103899585,Questioni di metodo: i comunicati AIB a supporto delle biblioteche e dei bibliotecari di fronte all’emergenza da Covid-19,Rosa Maiello (femmina),2020,,Scopus; DOAJ; Emerging Sources Citation Index,10.2426/AIBSTUDI-12182,Associazione Italiana Biblioteche,Creative Commons Attribution-ShareAlike; Creative Commons Attribution-NonCommercial-NoDerivatives; Creative Commons Attribution-ShareAlike 4.0 International,AIB studi,1,60,,https://aibstudi.aib.it/article/view/12182/11581; https://aibstudi.aib.it/article/view/12182/11612
http://www.wikidata.org/entity/Q103901289,Sviluppi e trasformazioni delle biblioteche digitali: dai repositories di testi alle semantic digital libraries,Maria Teresa Biagetti (femmina),2014,biblioteca digitale,Scopus; DOAJ; Emerging Sources Citation Index,10.2426/AIBSTUDI-9955,Associazione Italiana Biblioteche,Creative Commons Attribution-ShareAlike; Creative Commons Attribution-NonCommercial-NoDerivatives; Creative Commons Attribution-ShareAlike 4.0 International,AIB studi,1,54,,https://aibstudi.aib.it/article/view/9955/9413; https://aibstudi.aib.it/article/view/9955/9461
http://www.wikidata.org/entity/Q103918150,Fake news e verità post fattuale: davvero noi siamo 'solo' bibliotecari?,Giorgio Antoniacomi (maschio),2020,fake news,Scopus; DOAJ; Emerging Sources Citation Index,10.2426/AIBSTUDI-11949,Associazione Italiana Biblioteche,Creative Commons Attribution-ShareAlike; Creative Commons Attribution-NonCommercial-NoDerivatives; Creative Commons Attribution-ShareAlike 4.0 International,AIB studi,1-2,59,,https://aibstudi.aib.it/article/view/11949/11454; https://aibstudi.aib.it/article/view/11949/11458
http://www.wikidata.org/entity/Q103918168,Sovraccarico informativo e information literacy: un'indagine fra gli utenti delle biblioteche pubbliche veneziane,Roberto Musiari (maschio),2020,sovraccarico cognitivo,Scopus; DOAJ; Emerging Sources Citation Index,10.2426/AIBSTUDI-11922,Associazione Italiana Biblioteche,Creative Commons Attribution-ShareAlike; Creative Commons Attribution-NonCommercial-NoDerivatives; Creative Commons Attribution-ShareAlike 4.0 International,AIB studi,1-2,59,,https://aibstudi.aib.it/article/view/11922/11451; https://aibstudi.aib.it/article/view/11922/11474
http://www.wikidata.org/entity/Q103918217,I percorsi ingannevoli nella gestione delle collezioni di una biblioteca pubblica tra censura e legittimazione della post verità: verso il paradigma dei diritti aletici,Giorgio Antoniacomi (maschio),2018,verità,Scopus; DOAJ; Emerging Sources Citation Index,10.2426/AIBSTUDI-11753,Associazione Italiana Biblioteche,Creative Commons Attribution-ShareAlike; Creative Commons Attribution-NonCommercial-NoDerivatives; Creative Commons Attribution-ShareAlike 4.0 International,AIB studi,1,58,,https://aibstudi.aib.it/article/view/11753/11145; https://aibstudi.aib.it/article/view/11753/11168
http://www.wikidata.org/entity/Q103918220,Fake news: bibliotecario neutrale o bibliotecario attivo?,Gino Roncaglia (maschio),2018,,Scopus; DOAJ; Emerging Sources Citation Index,10.2426/AIBSTUDI-11772,Associazione Italiana Biblioteche,Creative Commons Attribution-ShareAlike; Creative Commons Attribution-NonCommercial-NoDerivatives; Creative Commons Attribution-ShareAlike 4.0 International,AIB studi,1,58,,https://aibstudi.aib.it/article/view/11772/11147; https://aibstudi.aib.it/article/view/11772/11157
http://www.wikidata.org/entity/Q103918230,Assemblaggi: metodologie miste per l’indagine partecipata sulla lettura in età prescolare,Leyla Vahedi (femmina),2018,letteratura per ragazzi,Scopus; DOAJ; Emerging Sources Citation Index,10.2426/AIBSTUDI-11757,Associazione Italiana Biblioteche,Creative Commons Attribution-ShareAlike; Creative Commons Attribution-NonCommercial-NoDerivatives; Creative Commons Attribution-ShareAlike 4.0 International,AIB studi,1,58,,https://aibstudi.aib.it/article/view/11757/11160; https://aibstudi.aib.it/article/view/11757/11165
http://www.wikidata.org/entity/Q103918232,Nonsolocopyright: diritto dell’informazione e biblioteche digitali,Rosa Maiello (femmina),2018,biblioteca digitale,Scopus; DOAJ; Emerging Sources Citation Index,10.2426/AIBSTUDI-11764,Associazione Italiana Biblioteche,Creative Commons Attribution-ShareAlike; Creative Commons Attribution-NonCommercial-NoDerivatives; Creative Commons Attribution-ShareAlike 4.0 International,AIB studi,1,58,,https://aibstudi.aib.it/article/view/11764/11161; https://aibstudi.aib.it/article/view/11764/11166
http://www.wikidata.org/entity/Q103918253,La convergenza al digitale degli istituti culturali: riflessioni a margine di Progressi dell’informazione e progresso delle conoscenze,Valeria Lo Castro (femmina),2018,linked open data,Scopus; DOAJ; Emerging Sources Citation Index,10.2426/AIBSTUDI-11829,Associazione Italiana Biblioteche,Creative Commons Attribution-ShareAlike; Creative Commons Attribution-NonCommercial-NoDerivatives; Creative Commons Attribution-ShareAlike 4.0 International,AIB studi,2,58,,https://aibstudi.aib.it/article/view/11829/11219; https://aibstudi.aib.it/article/view/11829/11236
http://www.wikidata.org/entity/Q103918148,La digitalizzazione della musica popolare italiana: la Rete degli archivi sonori di musiche di tradizione orale alla Biblioteca nazionale centrale di Roma,Andrea De Pasquale (maschio),2020,fonoteca,Scopus; DOAJ; Emerging Sources Citation Index,10.2426/AIBSTUDI-11940,Associazione Italiana Biblioteche,Creative Commons Attribution-ShareAlike; Creative Commons Attribution-NonCommercial-NoDerivatives; Creative Commons Attribution-ShareAlike 4.0 International,AIB studi,1-2,59,,https://aibstudi.aib.it/article/view/11940/11453; https://aibstudi.aib.it/article/view/11940/11476
http://www.wikidata.org/entity/Q103918224,Post-verità o post-biblioteche?,Anna Galluzzi (femmina); Paul Gabriele Weston (maschio),2018,,Scopus; DOAJ; Emerging Sources Citation Index,10.2426/AIBSTUDI-11784,Associazione Italiana Biblioteche,Creative Commons Attribution-ShareAlike; Creative Commons Attribution-NonCommercial-NoDerivatives; Creative Commons Attribution-ShareAlike 4.0 International,AIB studi,1,58,,https://aibstudi.aib.it/article/view/11784/11143; https://aibstudi.aib.it/article/view/11784/11163
http://www.wikidata.org/entity/Q103918242,Con il pretesto delle false notizie: insegnare il pensiero critico nella scuola italiana a partire da Carol C. Kuhlthau,Matilde Fontanin (femmina),2018,pensiero critico,Scopus; DOAJ; Emerging Sources Citation Index,10.2426/AIBSTUDI-11825,Associazione Italiana Biblioteche,Creative Commons Attribution-ShareAlike; Creative Commons Attribution-NonCommercial-NoDerivatives; Creative Commons Attribution-ShareAlike 4.0 International,AIB studi,2,58,,https://aibstudi.aib.it/article/view/11825/11222; https://aibstudi.aib.it/article/view/11825/11235
http://www.wikidata.org/entity/Q103918251,Open access: per un approccio storico e critico,Andrea Capaccioni (maschio),2018,open access,Scopus; DOAJ; Emerging Sources Citation Index,10.2426/AIBSTUDI-11752,Associazione Italiana Biblioteche,Creative Commons Attribution-ShareAlike; Creative Commons Attribution-NonCommercial-NoDerivatives; Creative Commons Attribution-ShareAlike 4.0 International,AIB studi,1,58,,https://aibstudi.aib.it/article/view/11752/11146; https://aibstudi.aib.it/article/view/11752/11158
http://www.wikidata.org/entity/Q103918258,Breve profilo biografico di Silvano Gerevini (1922-1992) con un elenco dei suoi scritti e cenni sulla biblioteca dellʼistituto da lui diretto,Marco Brusa (maschio),2018,Silvano Gerevini,Scopus; DOAJ; Emerging Sources Citation Index,10.2426/AIBSTUDI-11781,Associazione Italiana Biblioteche,Creative Commons Attribution-ShareAlike; Creative Commons Attribution-NonCommercial-NoDerivatives; Creative Commons Attribution-ShareAlike 4.0 International,AIB studi,2,58,,https://aibstudi.aib.it/article/view/11781/11221; https://aibstudi.aib.it/article/view/11781/11237
http://www.wikidata.org/entity/Q103918163,"Blockchain, intelligenza artificiale e internet delle cose in biblioteca",Rossana Morriello (femmina),2020,blockchain,Scopus; DOAJ; Emerging Sources Citation Index,10.2426/AIBSTUDI-11927,Associazione Italiana Biblioteche,Creative Commons Attribution-ShareAlike; Creative Commons Attribution-NonCommercial-NoDerivatives; Creative Commons Attribution-ShareAlike 4.0 International,AIB studi,1-2,59,,https://aibstudi.aib.it/article/view/11927/11449; https://aibstudi.aib.it/article/view/11927/11461
http://www.wikidata.org/entity/Q103918222,Le Digital humanities in Italia: la tradizione del nuovo,Fabio Ciotti (maschio),2018,,Scopus; DOAJ; Emerging Sources Citation Index,10.2426/AIBSTUDI-11828,Associazione Italiana Biblioteche,Creative Commons Attribution-ShareAlike; Creative Commons Attribution-NonCommercial-NoDerivatives; Creative Commons Attribution-ShareAlike 4.0 International,AIB studi,2,58,,https://aibstudi.aib.it/article/view/11828/11218; https://aibstudi.aib.it/article/view/11828/11227
http://www.wikidata.org/entity/Q103918236,Strumenti e metodi di innovazione nel panorama dell’open science: l’open peer review,Maria Cassella (femmina),2018,,Scopus; DOAJ; Emerging Sources Citation Index,10.2426/AIBSTUDI-11714,Associazione Italiana Biblioteche,Creative Commons Attribution-ShareAlike; Creative Commons Attribution-NonCommercial-NoDerivatives; Creative Commons Attribution-ShareAlike 4.0 International,AIB studi,1,58,,https://aibstudi.aib.it/article/view/11714/11150; https://aibstudi.aib.it/article/view/11714/11169
http://www.wikidata.org/entity/Q103918244,Non solo giacimenti: la cultura del servizio nelle biblioteche musicali,Anna Bilotta (femmina),2018,biblioteca musicale,Scopus; DOAJ; Emerging Sources Citation Index,10.2426/AIBSTUDI-11786,Associazione Italiana Biblioteche,Creative Commons Attribution-ShareAlike; Creative Commons Attribution-NonCommercial-NoDerivatives; Creative Commons Attribution-ShareAlike 4.0 International,AIB studi,2,58,,https://aibstudi.aib.it/article/view/11786/11226; https://aibstudi.aib.it/article/view/11786/11238
http://www.wikidata.org/entity/Q103918256,L'editoria pubblica in rete tra autonomia e controllo: dal 'feudalesimo' alla 'federazione'?,Fernando Venturini (maschio),2018,pubblicazione ufficiale,Scopus; DOAJ; Emerging Sources Citation Index,10.2426/AIBSTUDI-11773,Associazione Italiana Biblioteche,Creative Commons Attribution-ShareAlike; Creative Commons Attribution-NonCommercial-NoDerivatives; Creative Commons Attribution-ShareAlike 4.0 International,AIB studi,2,58,,https://aibstudi.aib.it/article/view/11773/11225; https://aibstudi.aib.it/article/view/11773/11231
http://www.wikidata.org/entity/Q103918211,Note e riflessioni a margine del Seminario internazionale di ricerca “What happened in the library? Readers and libraries from historical investigations to current issues”,Valeria Lo Castro (femmina),2019,storia della biblioteca,Scopus; DOAJ; Emerging Sources Citation Index,10.2426/AIBSTUDI-11890,Associazione Italiana Biblioteche,Creative Commons Attribution-ShareAlike; Creative Commons Attribution-NonCommercial-NoDerivatives; Creative Commons Attribution-ShareAlike 4.0 International,AIB studi,3,58,,https://aibstudi.aib.it/article/view/11890/11350; https://aibstudi.aib.it/article/view/11890/11362
http://www.wikidata.org/entity/Q103918238,Biblioteche per apprendere,R. David Lankes (maschio),2018,apprendimento; innovazione; bibliotecario,Scopus; DOAJ; Emerging Sources Citation Index,10.2426/AIBSTUDI-11765,Associazione Italiana Biblioteche,Creative Commons Attribution-ShareAlike; Creative Commons Attribution-NonCommercial-NoDerivatives; Creative Commons Attribution-ShareAlike 4.0 International,AIB studi,1,58,,https://aibstudi.aib.it/article/view/11765/11142; https://aibstudi.aib.it/article/view/11765/11159
http://www.wikidata.org/entity/Q103918240,Il catalogo storico di un editore di fronte al digitale,Rossano De Laurentiis (maschio),2018,storia dell'editoria,Scopus; DOAJ; Emerging Sources Citation Index,10.2426/AIBSTUDI-11709,Associazione Italiana Biblioteche,Creative Commons Attribution-ShareAlike; Creative Commons Attribution-NonCommercial-NoDerivatives; Creative Commons Attribution-ShareAlike 4.0 International,AIB studi,1,58,,https://aibstudi.aib.it/article/view/11709/11141; https://aibstudi.aib.it/article/view/11709/11170
http://www.wikidata.org/entity/Q103918249,Tra autonomia e centralismo: Renato Papò e le biblioteche popolari in Sardegna (1947-1954),Giovanna Granata (femmina),2018,biblioteca popolare,Scopus; DOAJ; Emerging Sources Citation Index,10.2426/AIBSTUDI-11802,Associazione Italiana Biblioteche,Creative Commons Attribution-ShareAlike; Creative Commons Attribution-NonCommercial-NoDerivatives; Creative Commons Attribution-ShareAlike 4.0 International,AIB studi,2,58,,https://aibstudi.aib.it/article/view/11802/11216; https://aibstudi.aib.it/article/view/11802/11232
http://www.wikidata.org/entity/Q103918152,Integrazione di programmi di information literacy e visual literacy nel curriculum universitario: una proposta di corso,Giovanni Solimine (maschio); Miguel Ángel Marzal García-Quismondo (maschio),2020,istruzione superiore,Scopus; DOAJ; Emerging Sources Citation Index,10.2426/AIBSTUDI-11926,Associazione Italiana Biblioteche,Creative Commons Attribution-ShareAlike; Creative Commons Attribution-NonCommercial-NoDerivatives; Creative Commons Attribution-ShareAlike 4.0 International,AIB studi,1-2,59,,https://aibstudi.aib.it/article/view/11926/11462; https://aibstudi.aib.it/article/view/11926/11467
http://www.wikidata.org/entity/Q103918160,«Quod non est in rete non est in mundo»: la proposta della Biblioteca digitale trentina,Matteo Fadini (maschio),2020,digitalizzazione; Biblioteca Digitale Trentina,Scopus; DOAJ; Emerging Sources Citation Index,10.2426/AIBSTUDI-11888,Associazione Italiana Biblioteche,Creative Commons Attribution-ShareAlike; Creative Commons Attribution-NonCommercial-NoDerivatives; Creative Commons Attribution-ShareAlike 4.0 International,AIB studi,1-2,59,,https://aibstudi.aib.it/article/view/11888/11448; https://aibstudi.aib.it/article/view/11888/11460
http://www.wikidata.org/entity/Q103918156,La relazione di servizio pubblico in biblioteca: la dimensione sociale della mediazione,Mariangela Roselli (femmina),2020,biblioteca,Scopus; DOAJ; Emerging Sources Citation Index,10.2426/AIBSTUDI-11887,Associazione Italiana Biblioteche,Creative Commons Attribution-ShareAlike; Creative Commons Attribution-NonCommercial-NoDerivatives; Creative Commons Attribution-ShareAlike 4.0 International,AIB studi,1-2,59,,https://aibstudi.aib.it/article/view/11887/11447; https://aibstudi.aib.it/article/view/11887/11457
http://www.wikidata.org/entity/Q103918164,La piramide dell'informazione: una introduzione,Riccardo Ridi (maschio),2020,,Scopus; DOAJ; Emerging Sources Citation Index,10.2426/AIBSTUDI-11903,Associazione Italiana Biblioteche,Creative Commons Attribution-ShareAlike; Creative Commons Attribution-NonCommercial-NoDerivatives; Creative Commons Attribution-ShareAlike 4.0 International,AIB studi,1-2,59,,https://aibstudi.aib.it/article/view/11903/11450; https://aibstudi.aib.it/article/view/11903/11481
http://www.wikidata.org/entity/Q103918178,Il deposito legale regionale in Italia: stato dell’arte e risultati di una recente indagine,,2020,deposito legale,Scopus; DOAJ; Emerging Sources Citation Index,10.2426/AIBSTUDI-12019,Associazione Italiana Biblioteche,Creative Commons Attribution-ShareAlike; Creative Commons Attribution-NonCommercial-NoDerivatives; Creative Commons Attribution-ShareAlike 4.0 International,AIB studi,3,59,,https://aibstudi.aib.it/article/view/12019/11543; https://aibstudi.aib.it/article/view/12019/11555
http://www.wikidata.org/entity/Q103918246,The library faith: miti e realtà della public library americana (Seconda parte),Anna Galluzzi (femmina),2018,biblioteca pubblica,Scopus; DOAJ; Emerging Sources Citation Index,10.2426/AIBSTUDI-11787,Associazione Italiana Biblioteche,Creative Commons Attribution-ShareAlike; Creative Commons Attribution-NonCommercial-NoDerivatives; Creative Commons Attribution-ShareAlike 4.0 International,AIB studi,2,58,,https://aibstudi.aib.it/article/view/11787/11223; https://aibstudi.aib.it/article/view/11787/11229
http://www.wikidata.org/entity/Q103918234,La qualità dell’universo documentario digitale: dai contenuti al servizio,Pierluigi Feliciati (maschio),2018,,Scopus; DOAJ; Emerging Sources Citation Index,10.2426/AIBSTUDI-11740,Associazione Italiana Biblioteche,Creative Commons Attribution-ShareAlike; Creative Commons Attribution-NonCommercial-NoDerivatives; Creative Commons Attribution-ShareAlike 4.0 International,AIB studi,1,58,,https://aibstudi.aib.it/article/view/11740/11149; https://aibstudi.aib.it/article/view/11740/11155
http://www.wikidata.org/entity/Q103918270,"Calvino e l'algoritmo: riflessioni trasversali su tempo, spazio, racconto, informazione, consistenza e complessità",Federico Meschini (maschio),2019,digital humanities,Scopus; DOAJ; Emerging Sources Citation Index,10.2426/AIBSTUDI-11874,Associazione Italiana Biblioteche,Creative Commons Attribution-ShareAlike; Creative Commons Attribution-NonCommercial-NoDerivatives; Creative Commons Attribution-ShareAlike 4.0 International,AIB studi,3,58,,https://aibstudi.aib.it/article/view/11874/11351; https://aibstudi.aib.it/article/view/11874/11354
http://www.wikidata.org/entity/Q103918268,"Livelli di verità: post-verità, fake news e neutralità intellettuale in biblioteca",Riccardo Ridi (maschio),2019,post-verità,Scopus; DOAJ; Emerging Sources Citation Index,10.2426/AIBSTUDI-11833,Associazione Italiana Biblioteche,Creative Commons Attribution-ShareAlike; Creative Commons Attribution-NonCommercial-NoDerivatives; Creative Commons Attribution-ShareAlike 4.0 International,AIB studi,3,58,,https://aibstudi.aib.it/article/view/11833/11347; https://aibstudi.aib.it/article/view/11833/11358
http://www.wikidata.org/entity/Q103918174,Le biblioteche degli ordini professionali: il caso genovese,Valentina Sonzini (femmina),2020,associazione professionale,Scopus; DOAJ; Emerging Sources Citation Index,10.2426/AIBSTUDI-12012,Associazione Italiana Biblioteche,Creative Commons Attribution-ShareAlike; Creative Commons Attribution-NonCommercial-NoDerivatives; Creative Commons Attribution-ShareAlike 4.0 International,AIB studi,3,59,,https://aibstudi.aib.it/article/view/12012/11523; https://aibstudi.aib.it/article/view/12012/11549
http://www.wikidata.org/entity/Q103918180,"Che cos’è una biblioteca, chi sono i bibliotecari: diario di un triennio intenso",Vittorio Ponzani (maschio),2020,,Scopus; DOAJ; Emerging Sources Citation Index,10.2426/AIBSTUDI-12026,Associazione Italiana Biblioteche,Creative Commons Attribution-ShareAlike; Creative Commons Attribution-NonCommercial-NoDerivatives; Creative Commons Attribution-ShareAlike 4.0 International,AIB studi,3,59,,https://aibstudi.aib.it/article/view/12026/11521; https://aibstudi.aib.it/article/view/12026/11545
http://www.wikidata.org/entity/Q103918215,Da Oldenburg all’accesso aperto: quale futuro per le riviste scientifiche?,Simona Turbanti (femmina),2019,open access,Scopus; DOAJ; Emerging Sources Citation Index,10.2426/AIBSTUDI-11906,Associazione Italiana Biblioteche,Creative Commons Attribution-ShareAlike; Creative Commons Attribution-NonCommercial-NoDerivatives; Creative Commons Attribution-ShareAlike 4.0 International,AIB studi,3,58,,https://aibstudi.aib.it/article/view/11906/11349; https://aibstudi.aib.it/article/view/11906/11361
http://www.wikidata.org/entity/Q103918227,The library faith: miti e realtà della public library americana (Prima parte),Anna Galluzzi (femmina),2018,biblioteca pubblica,Scopus; DOAJ; Emerging Sources Citation Index,10.2426/AIBSTUDI-11750,Associazione Italiana Biblioteche,Creative Commons Attribution-ShareAlike; Creative Commons Attribution-NonCommercial-NoDerivatives; Creative Commons Attribution-ShareAlike 4.0 International,AIB studi,1,58,,https://aibstudi.aib.it/article/view/11750/11151; https://aibstudi.aib.it/article/view/11750/11154
http://www.wikidata.org/entity/Q103918169,IFLA Milan 2009: dieci anni dopo,Mauro Guerrini (maschio),2020,,Scopus; DOAJ; Emerging Sources Citation Index,10.2426/AIBSTUDI-11961,Associazione Italiana Biblioteche,Creative Commons Attribution-ShareAlike; Creative Commons Attribution-NonCommercial-NoDerivatives; Creative Commons Attribution-ShareAlike 4.0 International,AIB studi,1-2,59,,https://aibstudi.aib.it/article/view/11961/11445; https://aibstudi.aib.it/article/view/11961/11478
http://www.wikidata.org/entity/Q103918172,Fake news e post-verità: disordini informativi e narrativi tra Gutenberg e Google,Federico Meschini (maschio),2020,fake news,Scopus; DOAJ; Emerging Sources Citation Index,10.2426/AIBSTUDI-12018,Associazione Italiana Biblioteche,Creative Commons Attribution-ShareAlike; Creative Commons Attribution-NonCommercial-NoDerivatives; Creative Commons Attribution-ShareAlike 4.0 International,AIB studi,3,59,,https://aibstudi.aib.it/article/view/12018/11548; https://aibstudi.aib.it/article/view/12018/11554
http://www.wikidata.org/entity/Q103918266,La post-verità come volto di una nuova inquisizione,Andrea Zanotti (maschio),2019,verità,Scopus; DOAJ; Emerging Sources Citation Index,10.2426/AIBSTUDI-11835,Associazione Italiana Biblioteche,Creative Commons Attribution-ShareAlike; Creative Commons Attribution-NonCommercial-NoDerivatives; Creative Commons Attribution-ShareAlike 4.0 International,AIB studi,3,58,,https://aibstudi.aib.it/article/view/11835/11357; https://aibstudi.aib.it/article/view/11835/11365
http://www.wikidata.org/entity/Q103918260,"Se un leone potesse parlare, noi non potremmo capirlo. La comunicazione del patrimonio culturale in ambiente digitale",Giovanni Michetti (maschio),2018,comunicazione,Scopus; DOAJ; Emerging Sources Citation Index,10.2426/AIBSTUDI-11820,Associazione Italiana Biblioteche,Creative Commons Attribution-ShareAlike; Creative Commons Attribution-NonCommercial-NoDerivatives; Creative Commons Attribution-ShareAlike 4.0 International,AIB studi,2,58,,https://aibstudi.aib.it/article/view/11820/11220; https://aibstudi.aib.it/article/view/11820/11241
http://www.wikidata.org/entity/Q103918264,La neutralità difficile,Karen Coyle (femmina),2018,neutralità,Scopus; DOAJ; Emerging Sources Citation Index,10.2426/AIBSTUDI-11788,Associazione Italiana Biblioteche,Creative Commons Attribution-ShareAlike; Creative Commons Attribution-NonCommercial-NoDerivatives; Creative Commons Attribution-ShareAlike 4.0 International,AIB studi,2,58,,https://aibstudi.aib.it/article/view/11788/11217; https://aibstudi.aib.it/article/view/11788/11233
http://www.wikidata.org/entity/Q103918272,"Entità, attributi e relazioni bibliografiche: rileggendo la tesi PhD di Barbara B. Tillett trent’anni dopo",Mauro Guerrini (maschio); Lapo Ghiringhelli (maschio),2019,catalogazione,Scopus; DOAJ; Emerging Sources Citation Index,10.2426/AIBSTUDI-11868,Associazione Italiana Biblioteche,Creative Commons Attribution-ShareAlike; Creative Commons Attribution-NonCommercial-NoDerivatives; Creative Commons Attribution-ShareAlike 4.0 International,AIB studi,3,58,,https://aibstudi.aib.it/article/view/11868/11343; https://aibstudi.aib.it/article/view/11868/11355
http://www.wikidata.org/entity/Q103919378,Il «Bollettino AIB» come open journal: dalla carta a OJS passando per l’HTML,Giada Costa (femmina); Stefano Bolelli Gallevi (maschio),2013,,Scopus; DOAJ; Emerging Sources Citation Index,10.2426/AIBSTUDI-8931,Associazione Italiana Biblioteche,Creative Commons Attribution-ShareAlike; Creative Commons Attribution-NonCommercial-NoDerivatives; Creative Commons Attribution-ShareAlike 4.0 International,AIB studi,2,53,,https://aibstudi.aib.it/article/view/8931/8234; https://aibstudi.aib.it/article/view/8931/8316
http://www.wikidata.org/entity/Q103919380,La delegazione sovietica al primo Congresso dell’IFLA,Gabriele Mazzitelli (maschio),2013,,Scopus; DOAJ; Emerging Sources Citation Index,10.2426/AIBSTUDI-8832,Associazione Italiana Biblioteche,Creative Commons Attribution-ShareAlike; Creative Commons Attribution-NonCommercial-NoDerivatives; Creative Commons Attribution-ShareAlike 4.0 International,AIB studi,1,53,,https://aibstudi.aib.it/article/view/8832/8106; https://aibstudi.aib.it/article/view/8832/8131
http://www.wikidata.org/entity/Q103919372,Apocalittici e integrati del web: internet ci rende stupidi o intelligenti?,Riccardo Ridi (maschio),2013,,Scopus; DOAJ; Emerging Sources Citation Index,10.2426/AIBSTUDI-8783,Associazione Italiana Biblioteche,Creative Commons Attribution-ShareAlike; Creative Commons Attribution-NonCommercial-NoDerivatives; Creative Commons Attribution-ShareAlike 4.0 International,AIB studi,1,53,,https://aibstudi.aib.it/article/view/8783/8100; https://aibstudi.aib.it/article/view/8783/8119
http://www.wikidata.org/entity/Q103919376,E ora facciamo i conti con la realtà,Anna Galluzzi (femmina),2014,,Scopus; DOAJ; Emerging Sources Citation Index,10.2426/AIBSTUDI-9037,Associazione Italiana Biblioteche,Creative Commons Attribution-ShareAlike; Creative Commons Attribution-NonCommercial-NoDerivatives; Creative Commons Attribution-ShareAlike 4.0 International,AIB studi,3,53,,https://aibstudi.aib.it/article/view/9037/9244; https://aibstudi.aib.it/article/view/9037/9254
http://www.wikidata.org/entity/Q137017522,L'impatto di una biblioteca storica: prima indagine sulla Biblioteca Palatina di Parma,,2023,,Scopus; DOAJ; Emerging Sources Citation Index,10.2426/AIBSTUDI-13844,Associazione Italiana Biblioteche,Creative Commons Attribution-ShareAlike; Creative Commons Attribution-NonCommercial-NoDerivatives; Creative Commons Attribution-ShareAlike 4.0 International,AIB studi,1,63,97-117,https://aibstudi.aib.it/article/view/13844
http://www.wikidata.org/entity/Q137017523,"Presente prossimo: le strategie di prossimità dell’Area Biblioteche del Comune di Milano, dai partenariati alle biblioteche condominiali",,2023,,Scopus; DOAJ; Emerging Sources Citation Index,10.2426/AIBSTUDI-13834,Associazione Italiana Biblioteche,Creative Commons Attribution-ShareAlike; Creative Commons Attribution-NonCommercial-NoDerivatives; Creative Commons Attribution-ShareAlike 4.0 International,AIB studi,1,63,119-133,https://aibstudi.aib.it/article/view/13834
http://www.wikidata.org/entity/Q137017524,La creazione di biblioteche pubbliche in grado di accogliere persone affette da demenza in Croazia,,2023,,Scopus; DOAJ; Emerging Sources Citation Index,10.2426/AIBSTUDI-13790,Associazione Italiana Biblioteche,Creative Commons Attribution-ShareAlike; Creative Commons Attribution-NonCommercial-NoDerivatives; Creative Commons Attribution-ShareAlike 4.0 International,AIB studi,1,63,135-147,https://aibstudi.aib.it/article/view/13790
http://www.wikidata.org/entity/Q137104650,Della definizione di infodemia e del ruolo dei bibliotecari: conversazione con Tina Purnat dell’OMS,Matilde Fontanin (femmina),2023,,Scopus; DOAJ; Emerging Sources Citation Index,10.2426/AIBSTUDI-13855,Associazione Italiana Biblioteche,Creative Commons Attribution-ShareAlike; Creative Commons Attribution-NonCommercial-NoDerivatives; Creative Commons Attribution-ShareAlike 4.0 International,AIB studi,1,63,159-172,https://aibstudi.aib.it/article/view/13855
http://www.wikidata.org/entity/Q137104651,Dare nuova voce alle fonti. Comunicare la ricerca umanistica per tuttə: un progetto di digitalizzazione del fondo audio della Biblioteca Fondazione Bruno Kessler,,2023,,Scopus; DOAJ; Emerging Sources Citation Index,10.2426/AIBSTUDI-13838,Associazione Italiana Biblioteche,Creative Commons Attribution-ShareAlike; Creative Commons Attribution-NonCommercial-NoDerivatives; Creative Commons Attribution-ShareAlike 4.0 International,AIB studi,1,63,173-189,https://aibstudi.aib.it/article/view/13838
http://www.wikidata.org/entity/Q137104648,Un'autobiografia dell’editoria italiana,Giovanni Solimine (maschio),2023,,Scopus; DOAJ; Emerging Sources Citation Index,10.2426/AIBSTUDI-13846,Associazione Italiana Biblioteche,Creative Commons Attribution-ShareAlike; Creative Commons Attribution-NonCommercial-NoDerivatives; Creative Commons Attribution-ShareAlike 4.0 International,AIB studi,1,63,149-158,https://aibstudi.aib.it/article/view/13846
http://www.wikidata.org/entity/Q103918336,"I progetti Wikimedia per l’apprendimento delle competenze informative e digitali in biblioteca, a scuola, nelle università",Luigi Catalani (maschio),2017,Wikimedia Foundation,Scopus; DOAJ; Emerging Sources Citation Index,10.2426/AIBSTUDI-11654,Associazione Italiana Biblioteche,Creative Commons Attribution-ShareAlike; Creative Commons Attribution-NonCommercial-NoDerivatives; Creative Commons Attribution-ShareAlike 4.0 International,AIB studi,2,57,,https://aibstudi.aib.it/article/view/11654/10978; https://aibstudi.aib.it/article/view/11654/10993
http://www.wikidata.org/entity/Q103919353,"Ancora su Google e la giungla digitale: altri misteri, novità e tendenze",Alberto Petrucciani (maschio),2012,,Scopus; DOAJ; Emerging Sources Citation Index,10.2426/AIBSTUDI-6326,Associazione Italiana Biblioteche,Creative Commons Attribution-ShareAlike; Creative Commons Attribution-NonCommercial-NoDerivatives; Creative Commons Attribution-ShareAlike 4.0 International,AIB studi,2,52,,https://aibstudi.aib.it/article/view/6326/7213; https://aibstudi.aib.it/article/view/6326/7794
http://www.wikidata.org/entity/Q103918276,La lettura e il suo contesto: i dati analizzati con il grandangolo,Giovanni Solimine (maschio),2019,lettura,Scopus; DOAJ; Emerging Sources Citation Index,10.2426/AIBSTUDI-11886,Associazione Italiana Biblioteche,Creative Commons Attribution-ShareAlike; Creative Commons Attribution-NonCommercial-NoDerivatives; Creative Commons Attribution-ShareAlike 4.0 International,AIB studi,3,58,,https://aibstudi.aib.it/article/view/11886/11341; https://aibstudi.aib.it/article/view/11886/11356
http://www.wikidata.org/entity/Q103918330,Un inedito Cesare Segre direttore di biblioteca (1968-1975),Marco Brusa (maschio),2017,Cesare Segre,Scopus; DOAJ; Emerging Sources Citation Index,10.2426/AIBSTUDI-11637,Associazione Italiana Biblioteche,Creative Commons Attribution-ShareAlike; Creative Commons Attribution-NonCommercial-NoDerivatives; Creative Commons Attribution-ShareAlike 4.0 International,AIB studi,2,57,,https://aibstudi.aib.it/article/view/11637/10984; https://aibstudi.aib.it/article/view/11637/10998
http://www.wikidata.org/entity/Q103918339,"Se il catalogo parlasse, lo capiremmo? Cinque assiomi della comunicazione catalografica",Agnese Galeffi (femmina),2017,,Scopus; DOAJ; Emerging Sources Citation Index,10.2426/AIBSTUDI-11648,Associazione Italiana Biblioteche,Creative Commons Attribution-ShareAlike; Creative Commons Attribution-NonCommercial-NoDerivatives; Creative Commons Attribution-ShareAlike 4.0 International,AIB studi,2,57,,https://aibstudi.aib.it/article/view/11648/10977; https://aibstudi.aib.it/article/view/11648/10992
http://www.wikidata.org/entity/Q103918358,Finalmente maggiorenni! La 18a edizione del “Workshop di Teca” dal titolo “Il futuro delle biblioteche: nuovi ruoli nell’universo digitale”,Maria Abenante (femmina),2017,,Scopus; DOAJ; Emerging Sources Citation Index,10.2426/AIBSTUDI-11682,Associazione Italiana Biblioteche,Creative Commons Attribution-ShareAlike; Creative Commons Attribution-NonCommercial-NoDerivatives; Creative Commons Attribution-ShareAlike 4.0 International,AIB studi,2,57,,https://aibstudi.aib.it/article/view/11682/10975; https://aibstudi.aib.it/article/view/11682/10990
http://www.wikidata.org/entity/Q103918361,Gaming@yourlibrary e Libri senza carta: avventure digitali per giovani lettori,Valentina Bondesan (femmina),2017,alfabetizzazione digitale,Scopus; DOAJ; Emerging Sources Citation Index,10.2426/AIBSTUDI-11649,Associazione Italiana Biblioteche,Creative Commons Attribution-ShareAlike; Creative Commons Attribution-NonCommercial-NoDerivatives; Creative Commons Attribution-ShareAlike 4.0 International,AIB studi,2,57,,https://aibstudi.aib.it/article/view/11649/10981; https://aibstudi.aib.it/article/view/11649/10995
http://www.wikidata.org/entity/Q103918368,Le biblioteche pubbliche in Italia: verso un nuovo documento programmatico,,2018,,Scopus; DOAJ; Emerging Sources Citation Index,10.2426/AIBSTUDI-11749,Associazione Italiana Biblioteche,Creative Commons Attribution-ShareAlike; Creative Commons Attribution-NonCommercial-NoDerivatives; Creative Commons Attribution-ShareAlike 4.0 International,AIB studi,3,57,,https://aibstudi.aib.it/article/view/11749/11047; https://aibstudi.aib.it/article/view/11749/11060
http://www.wikidata.org/entity/Q103918375,Lost voices: un’iniziativa bibliotecaria a basso costo per sostenere la dementia strategy,Andrew Farthing (maschio); Lesley Davies (maschio),2018,,Scopus; DOAJ; Emerging Sources Citation Index,10.2426/AIBSTUDI-11710,Associazione Italiana Biblioteche,Creative Commons Attribution-ShareAlike; Creative Commons Attribution-NonCommercial-NoDerivatives; Creative Commons Attribution-ShareAlike 4.0 International,AIB studi,3,57,,https://aibstudi.aib.it/article/view/11710/11049; https://aibstudi.aib.it/article/view/11710/11066
http://www.wikidata.org/entity/Q103919305,"Formazione, lavoro, occupazione: il triangolo delle Bermuda che rischia di inghiottire i bibliotecari italiani",Stefano Parise (maschio),2014,,Scopus; DOAJ; Emerging Sources Citation Index,10.2426/AIBSTUDI-9457,Associazione Italiana Biblioteche,Creative Commons Attribution-ShareAlike; Creative Commons Attribution-NonCommercial-NoDerivatives; Creative Commons Attribution-ShareAlike 4.0 International,AIB studi,3,53,,https://aibstudi.aib.it/article/view/9457/9241; https://aibstudi.aib.it/article/view/9457/9248
http://www.wikidata.org/entity/Q103918326,Cominciamo dall’AIB,Rosa Maiello (femmina),2017,Associazione Italiana Biblioteche,Scopus; DOAJ; Emerging Sources Citation Index,10.2426/AIBSTUDI-11675,Associazione Italiana Biblioteche,Creative Commons Attribution-ShareAlike; Creative Commons Attribution-NonCommercial-NoDerivatives; Creative Commons Attribution-ShareAlike 4.0 International,AIB studi,2,57,,https://aibstudi.aib.it/article/view/11675/10971; https://aibstudi.aib.it/article/view/11675/10988
http://www.wikidata.org/entity/Q103918347,Biblioteche e bibliotecari nel XXI secolo: vettori di knowledge ma anche costruttori empatici del cambiamento,Waldemaro Morgese (maschio),2017,,Scopus; DOAJ; Emerging Sources Citation Index,10.2426/AIBSTUDI-11645,Associazione Italiana Biblioteche,Creative Commons Attribution-ShareAlike; Creative Commons Attribution-NonCommercial-NoDerivatives; Creative Commons Attribution-ShareAlike 4.0 International,AIB studi,2,57,,https://aibstudi.aib.it/article/view/11645/10976; https://aibstudi.aib.it/article/view/11645/10991
http://www.wikidata.org/entity/Q103918350,Il master internazionale italo-egiziano Conservation of antique photographs and paper heritage,Simona Inserra (femmina),2018,maestro,Scopus; DOAJ; Emerging Sources Citation Index,10.2426/AIBSTUDI-11698,Associazione Italiana Biblioteche,Creative Commons Attribution-ShareAlike; Creative Commons Attribution-NonCommercial-NoDerivatives; Creative Commons Attribution-ShareAlike 4.0 International,AIB studi,3,57,,https://aibstudi.aib.it/article/view/11698/11045; https://aibstudi.aib.it/article/view/11698/11070
http://www.wikidata.org/entity/Q103918356,Volere è potere: AIB studi e il percorso verso l'open access,Roberto Raieli (maschio),2018,AIB studi,Scopus; DOAJ; Emerging Sources Citation Index,10.2426/AIBSTUDI-11705,Associazione Italiana Biblioteche,Creative Commons Attribution-ShareAlike; Creative Commons Attribution-NonCommercial-NoDerivatives; Creative Commons Attribution-ShareAlike 4.0 International,AIB studi,3,57,,https://aibstudi.aib.it/article/view/11705/11051; https://aibstudi.aib.it/article/view/11705/11069
http://www.wikidata.org/entity/Q103918370,"La formazione delle raccolte: bibliotecari, utenti e collezioni tra nuovi ruoli e principi professionali",Antonella Trombone (femmina),2018,,Scopus; DOAJ; Emerging Sources Citation Index,10.2426/AIBSTUDI-11699,Associazione Italiana Biblioteche,Creative Commons Attribution-ShareAlike; Creative Commons Attribution-NonCommercial-NoDerivatives; Creative Commons Attribution-ShareAlike 4.0 International,AIB studi,3,57,,https://aibstudi.aib.it/article/view/11699/11048; https://aibstudi.aib.it/article/view/11699/11064
http://www.wikidata.org/entity/Q103918377,«La conoscenza rende liberi». La biblioteconomia di Giovanni Solimine,Chiara Faggiolani (femmina),2017,biblioteconomia,Scopus; DOAJ; Emerging Sources Citation Index,10.2426/AIBSTUDI-11650,Associazione Italiana Biblioteche,Creative Commons Attribution-ShareAlike; Creative Commons Attribution-NonCommercial-NoDerivatives; Creative Commons Attribution-ShareAlike 4.0 International,AIB studi,2,57,,https://aibstudi.aib.it/article/view/11650/10974; https://aibstudi.aib.it/article/view/11650/10997
http://www.wikidata.org/entity/Q103919296,Ci siamo già passati: modelli che si ripetono nella re-invenzione dei ruoli del bibliotecario nella biblioteca accademica,Rónán O'Beirne (maschio),2013,,Scopus; DOAJ; Emerging Sources Citation Index,10.2426/AIBSTUDI-9039,Associazione Italiana Biblioteche,Creative Commons Attribution-ShareAlike; Creative Commons Attribution-NonCommercial-NoDerivatives; Creative Commons Attribution-ShareAlike 4.0 International,AIB studi,2,53,,https://aibstudi.aib.it/article/view/9039/8228; https://aibstudi.aib.it/article/view/9039/8313
http://www.wikidata.org/entity/Q103919309,"ESCO, l’iniziativa europea nel campo della semantica delle professioni",Ferruccio Diozzi (maschio),2013,,Scopus; DOAJ; Emerging Sources Citation Index,10.2426/AIBSTUDI-8938,Associazione Italiana Biblioteche,Creative Commons Attribution-ShareAlike; Creative Commons Attribution-NonCommercial-NoDerivatives; Creative Commons Attribution-ShareAlike 4.0 International,AIB studi,2,53,,https://aibstudi.aib.it/article/view/8938/8233; https://aibstudi.aib.it/article/view/8938/8320
http://www.wikidata.org/entity/Q103919346,Le biblioteche statali universitarie,Maria Cristina Di Martino (femmina),2012,,Scopus; DOAJ; Emerging Sources Citation Index,10.2426/AIBSTUDI-6301,Associazione Italiana Biblioteche,Creative Commons Attribution-ShareAlike; Creative Commons Attribution-NonCommercial-NoDerivatives; Creative Commons Attribution-ShareAlike 4.0 International,AIB studi,2,52,,https://aibstudi.aib.it/article/view/6301/7212; https://aibstudi.aib.it/article/view/6301/7784
http://www.wikidata.org/entity/Q103919351,Uno sguardo sul futuro semantico dell’universo bibliografico,Iryna Solodovnik (femmina),2012,,Scopus; DOAJ; Emerging Sources Citation Index,10.2426/AIBSTUDI-8624,Associazione Italiana Biblioteche,Creative Commons Attribution-ShareAlike; Creative Commons Attribution-NonCommercial-NoDerivatives; Creative Commons Attribution-ShareAlike 4.0 International,AIB studi,3,52,,https://aibstudi.aib.it/article/view/8624/7960; https://aibstudi.aib.it/article/view/8624/8000
http://www.wikidata.org/entity/Q103918333,L’evoluzione del restauro librario: un bilancio a cinquant’anni dall’alluvione fiorentina,Melania Zanetti (femmina),2017,,Scopus; DOAJ; Emerging Sources Citation Index,10.2426/AIBSTUDI-11646,Associazione Italiana Biblioteche,Creative Commons Attribution-ShareAlike; Creative Commons Attribution-NonCommercial-NoDerivatives; Creative Commons Attribution-ShareAlike 4.0 International,AIB studi,2,57,,https://aibstudi.aib.it/article/view/11646/10985; https://aibstudi.aib.it/article/view/11646/10999
http://www.wikidata.org/entity/Q103919299,Valutazione dello spazio architettonico delle biblioteche attraverso la Post-Occupancy Evaluation,Maria Chiara Sbiroli (femmina),2013,,Scopus; DOAJ; Emerging Sources Citation Index,10.2426/AIBSTUDI-8983,Associazione Italiana Biblioteche,Creative Commons Attribution-ShareAlike; Creative Commons Attribution-NonCommercial-NoDerivatives; Creative Commons Attribution-ShareAlike 4.0 International,AIB studi,2,53,,https://aibstudi.aib.it/article/view/8983/8211; https://aibstudi.aib.it/article/view/8983/8264
http://www.wikidata.org/entity/Q103919312,Che ne sarà dell'impero bibliotecario?,Anna Galluzzi (femmina),2012,,Scopus; DOAJ; Emerging Sources Citation Index,10.2426/AIBSTUDI-8654,Associazione Italiana Biblioteche,Creative Commons Attribution-ShareAlike; Creative Commons Attribution-NonCommercial-NoDerivatives; Creative Commons Attribution-ShareAlike 4.0 International,AIB studi,3,52,,https://aibstudi.aib.it/article/view/8654/7962; https://aibstudi.aib.it/article/view/8654/7973
http://www.wikidata.org/entity/Q103919328,La lettura in Italia: sempre più una “missione impossibile”,Maria Stella Rasetti (femmina),2012,,Scopus; DOAJ; Emerging Sources Citation Index,10.2426/AIBSTUDI-8205,Associazione Italiana Biblioteche,Creative Commons Attribution-ShareAlike; Creative Commons Attribution-NonCommercial-NoDerivatives; Creative Commons Attribution-ShareAlike 4.0 International,AIB studi,2,52,,https://aibstudi.aib.it/article/view/8205/7318; https://aibstudi.aib.it/article/view/8205/7788
http://www.wikidata.org/entity/Q103919303,Oltre la comunicazione scientifica: riflessioni sul trasferimento della conoscenza nelle scienze umane,Carla Basili (femmina),2013,,Scopus; DOAJ; Emerging Sources Citation Index,10.2426/AIBSTUDI-9019,Associazione Italiana Biblioteche,Creative Commons Attribution-ShareAlike; Creative Commons Attribution-NonCommercial-NoDerivatives; Creative Commons Attribution-ShareAlike 4.0 International,AIB studi,2,53,,https://aibstudi.aib.it/article/view/9019/8230; https://aibstudi.aib.it/article/view/9019/8312
http://www.wikidata.org/entity/Q103919320,Stato dell’arte e prospettive future della biblioteconomia nell’università italiana,Chiara Faggiolani (femmina),2013,,Scopus; DOAJ; Emerging Sources Citation Index,10.2426/AIBSTUDI-9007,Associazione Italiana Biblioteche,Creative Commons Attribution-ShareAlike; Creative Commons Attribution-NonCommercial-NoDerivatives; Creative Commons Attribution-ShareAlike 4.0 International,AIB studi,2,53,,https://aibstudi.aib.it/article/view/9007/8216; https://aibstudi.aib.it/article/view/9007/8300
http://www.wikidata.org/entity/Q103919333,Una nuova biblioteca nel centro di Perugia,Maurizio Tarantino (maschio),2014,,Scopus; DOAJ; Emerging Sources Citation Index,10.2426/AIBSTUDI-9247,Associazione Italiana Biblioteche,Creative Commons Attribution-ShareAlike; Creative Commons Attribution-NonCommercial-NoDerivatives; Creative Commons Attribution-ShareAlike 4.0 International,AIB studi,3,53,,https://aibstudi.aib.it/article/view/9247/9246; https://aibstudi.aib.it/article/view/9247/9252
http://www.wikidata.org/entity/Q103918273,Etica e responsabilità nell'informazione e nella comunicazione: spunti per una discussione (riflessione?),Paul Gabriele Weston (maschio),2019,,Scopus; DOAJ; Emerging Sources Citation Index,10.2426/AIBSTUDI-11889,Associazione Italiana Biblioteche,Creative Commons Attribution-ShareAlike; Creative Commons Attribution-NonCommercial-NoDerivatives; Creative Commons Attribution-ShareAlike 4.0 International,AIB studi,3,58,,https://aibstudi.aib.it/article/view/11889/11348; https://aibstudi.aib.it/article/view/11889/11352
http://www.wikidata.org/entity/Q103918338,Teca del Mediterraneo: una biblioteca di frontiera,Daniela Annalisa Lo Martire (femmina),2017,,Scopus; DOAJ; Emerging Sources Citation Index,10.2426/AIBSTUDI-11676,Associazione Italiana Biblioteche,Creative Commons Attribution-ShareAlike; Creative Commons Attribution-NonCommercial-NoDerivatives; Creative Commons Attribution-ShareAlike 4.0 International,AIB studi,2,57,,https://aibstudi.aib.it/article/view/11676/10980; https://aibstudi.aib.it/article/view/11676/10994
http://www.wikidata.org/entity/Q103918353,WebDewey search,Piero Cavaleri (maschio),2017,classificazione decimale Dewey,Scopus; DOAJ; Emerging Sources Citation Index,10.2426/AIBSTUDI-11644,Associazione Italiana Biblioteche,Creative Commons Attribution-ShareAlike; Creative Commons Attribution-NonCommercial-NoDerivatives; Creative Commons Attribution-ShareAlike 4.0 International,AIB studi,2,57,,https://aibstudi.aib.it/article/view/11644/10986; https://aibstudi.aib.it/article/view/11644/11001
http://www.wikidata.org/entity/Q103919294,Le biblioteche pubbliche in Francia oggi,Anne-Marie Bertrand (femmina),2013,,Scopus; DOAJ; Emerging Sources Citation Index,10.2426/AIBSTUDI-8877,Associazione Italiana Biblioteche,Creative Commons Attribution-ShareAlike; Creative Commons Attribution-NonCommercial-NoDerivatives; Creative Commons Attribution-ShareAlike 4.0 International,AIB studi,1,53,,https://aibstudi.aib.it/article/view/8877/8096; https://aibstudi.aib.it/article/view/8877/8124
http://www.wikidata.org/entity/Q103919301,"La storia della stampa vista da Elizabeth L. Eisenstein in Divine art, infernal machine",Loretta De Franceschi (femmina),2012,,Scopus; DOAJ; Emerging Sources Citation Index,10.2426/AIBSTUDI-8338,Associazione Italiana Biblioteche,Creative Commons Attribution-ShareAlike; Creative Commons Attribution-NonCommercial-NoDerivatives; Creative Commons Attribution-ShareAlike 4.0 International,AIB studi,2,52,,https://aibstudi.aib.it/article/view/8338/7447; https://aibstudi.aib.it/article/view/8338/7778
http://www.wikidata.org/entity/Q103919318,Il riconoscimento delle professioni non regolate e la legge n. 4 del 14 gennaio 2013,Raffaele De Magistris (maschio),2014,,Scopus; DOAJ; Emerging Sources Citation Index,10.2426/AIBSTUDI-9074,Associazione Italiana Biblioteche,Creative Commons Attribution-ShareAlike; Creative Commons Attribution-NonCommercial-NoDerivatives; Creative Commons Attribution-ShareAlike 4.0 International,AIB studi,3,53,,https://aibstudi.aib.it/article/view/9074/9243; https://aibstudi.aib.it/article/view/9074/9257
http://www.wikidata.org/entity/Q103919326,Il deserto dei Tartari,Gabriele Mazzitelli (maschio),2013,,Scopus; DOAJ; Emerging Sources Citation Index,10.2426/AIBSTUDI-9040,Associazione Italiana Biblioteche,Creative Commons Attribution-ShareAlike; Creative Commons Attribution-NonCommercial-NoDerivatives; Creative Commons Attribution-ShareAlike 4.0 International,AIB studi,2,53,,https://aibstudi.aib.it/article/view/9040/8217
http://www.wikidata.org/entity/Q103919331,Documento IFLA sullo stato del prestito digitale,Matilde Fontanin (femmina); Stefano Gambari (maschio),2013,,Scopus; DOAJ; Emerging Sources Citation Index,10.2426/AIBSTUDI-8714,Associazione Italiana Biblioteche,Creative Commons Attribution-ShareAlike; Creative Commons Attribution-NonCommercial-NoDerivatives; Creative Commons Attribution-ShareAlike 4.0 International,AIB studi,3,52,,https://aibstudi.aib.it/article/view/8714/7964; https://aibstudi.aib.it/article/view/8714/7981
http://www.wikidata.org/entity/Q103918279,"Quattro approcci agli studi sull’utenza: user studies, information behaviour, information practice e information experience",Aurora González-Teruel (femmina),2019,comportamento informativo,Scopus; DOAJ; Emerging Sources Citation Index,10.2426/AIBSTUDI-11834,Associazione Italiana Biblioteche,Creative Commons Attribution-ShareAlike; Creative Commons Attribution-NonCommercial-NoDerivatives; Creative Commons Attribution-ShareAlike 4.0 International,AIB studi,3,58,,https://aibstudi.aib.it/article/view/11834/11346; https://aibstudi.aib.it/article/view/11834/11359
http://www.wikidata.org/entity/Q103918328,L'audacia e la lentezza,Franco Neri (maschio),2017,biblioteca,Scopus; DOAJ; Emerging Sources Citation Index,10.2426/AIBSTUDI-11617,Associazione Italiana Biblioteche,Creative Commons Attribution-ShareAlike; Creative Commons Attribution-NonCommercial-NoDerivatives; Creative Commons Attribution-ShareAlike 4.0 International,AIB studi,2,57,,https://aibstudi.aib.it/article/view/11617/10982; https://aibstudi.aib.it/article/view/11617/10996
http://www.wikidata.org/entity/Q103918344,L’alfabetizzazione sanitaria: biblioteche e bibliotecari per il benessere dei cittadini,Vittorio Ponzani (maschio),2018,alfabetizzazione sanitaria,Scopus; DOAJ; Emerging Sources Citation Index,10.2426/AIBSTUDI-11751,Associazione Italiana Biblioteche,Creative Commons Attribution-ShareAlike; Creative Commons Attribution-NonCommercial-NoDerivatives; Creative Commons Attribution-ShareAlike 4.0 International,AIB studi,3,57,,https://aibstudi.aib.it/article/view/11751/11046; https://aibstudi.aib.it/article/view/11751/11063
http://www.wikidata.org/entity/Q103918363,Il bibliotecario del digitale: quale riconoscimento?,Raffaele De Magistris (maschio),2018,bibliotecario digitale,Scopus; DOAJ; Emerging Sources Citation Index,10.2426/AIBSTUDI-11697,Associazione Italiana Biblioteche,Creative Commons Attribution-ShareAlike; Creative Commons Attribution-NonCommercial-NoDerivatives; Creative Commons Attribution-ShareAlike 4.0 International,AIB studi,3,57,,https://aibstudi.aib.it/article/view/11697/11056; https://aibstudi.aib.it/article/view/11697/11062
http://www.wikidata.org/entity/Q103918373,Origini e prospettive del progetto SBN,Fiammetta Sabba (femmina); Giorgia Plachesi (femmina),2018,Servizio Bibliotecario Nazionale,Scopus; DOAJ; Emerging Sources Citation Index,10.2426/AIBSTUDI-11711,Associazione Italiana Biblioteche,Creative Commons Attribution-ShareAlike; Creative Commons Attribution-NonCommercial-NoDerivatives; Creative Commons Attribution-ShareAlike 4.0 International,AIB studi,3,57,,https://aibstudi.aib.it/article/view/11711/11054; https://aibstudi.aib.it/article/view/11711/11065
http://www.wikidata.org/entity/Q103919289,Paul Otlet: una vita per la documentazione,Elena Ranfa (femmina),2013,,Scopus; DOAJ; Emerging Sources Citation Index,10.2426/AIBSTUDI-8695,Associazione Italiana Biblioteche,Creative Commons Attribution-ShareAlike; Creative Commons Attribution-NonCommercial-NoDerivatives; Creative Commons Attribution-ShareAlike 4.0 International,AIB studi,1,53,,https://aibstudi.aib.it/article/view/8695/8094; https://aibstudi.aib.it/article/view/8695/8123
http://www.wikidata.org/entity/Q103919315,Dati aperti e ricerca scientifica: aspetti gestionali e normativi nel contesto dell'e-science,Maria Cassella (femmina),2014,,Scopus; DOAJ; Emerging Sources Citation Index,10.2426/AIBSTUDI-9131,Associazione Italiana Biblioteche,Creative Commons Attribution-ShareAlike; Creative Commons Attribution-NonCommercial-NoDerivatives; Creative Commons Attribution-ShareAlike 4.0 International,AIB studi,3,53,,https://aibstudi.aib.it/article/view/9131/9242; https://aibstudi.aib.it/article/view/9131/9249
http://www.wikidata.org/entity/Q103919323,Una storia delle biblioteche dall'interno della professione,Paolo Traniello (maschio),2013,,Scopus; DOAJ; Emerging Sources Citation Index,10.2426/AIBSTUDI-8781,Associazione Italiana Biblioteche,Creative Commons Attribution-ShareAlike; Creative Commons Attribution-NonCommercial-NoDerivatives; Creative Commons Attribution-ShareAlike 4.0 International,AIB studi,1,53,,https://aibstudi.aib.it/article/view/8781/8099; https://aibstudi.aib.it/article/view/8781/8127
http://www.wikidata.org/entity/Q103919339,"Il primo Congresso mondiale delle biblioteche e di bibliografia, Roma-Venezia, 15-30 giugno 1929",Mauro Guerrini (maschio); Antonio Speciale (maschio),2012,,Scopus; DOAJ; Emerging Sources Citation Index,10.2426/AIBSTUDI-8620,Associazione Italiana Biblioteche,Creative Commons Attribution-ShareAlike; Creative Commons Attribution-NonCommercial-NoDerivatives; Creative Commons Attribution-ShareAlike 4.0 International,AIB studi,3,52,,https://aibstudi.aib.it/article/view/8620/7955; https://aibstudi.aib.it/article/view/8620/7980
http://www.wikidata.org/entity/Q103919348,"La biblioteca pubblica locale tra Comune, Regione e Stato: una contesa senza contendenti",Fausto Rosa (maschio),2012,,Scopus; DOAJ; Emerging Sources Citation Index,10.2426/AIBSTUDI-8643,Associazione Italiana Biblioteche,Creative Commons Attribution-ShareAlike; Creative Commons Attribution-NonCommercial-NoDerivatives; Creative Commons Attribution-ShareAlike 4.0 International,AIB studi,3,52,,https://aibstudi.aib.it/article/view/8643/7957; https://aibstudi.aib.it/article/view/8643/7996
http://www.wikidata.org/entity/Q103918341,Leggere lo spazio della biblioteca,Giovanni Di Domenico (maschio),2018,edificio bibliotecario,Scopus; DOAJ; Emerging Sources Citation Index,10.2426/AIBSTUDI-11702,Associazione Italiana Biblioteche,Creative Commons Attribution-ShareAlike; Creative Commons Attribution-NonCommercial-NoDerivatives; Creative Commons Attribution-ShareAlike 4.0 International,AIB studi,3,57,,https://aibstudi.aib.it/article/view/11702/11055; https://aibstudi.aib.it/article/view/11702/11089
http://www.wikidata.org/entity/Q103918366,Andare oltre impressionabilità e ideologia: la 'svolta narrativa' e gli strumenti di analisi della biblioteconomia sociale,Anna Galluzzi (femmina); Chiara Faggiolani (femmina),2018,narrativa,Scopus; DOAJ; Emerging Sources Citation Index,10.2426/AIBSTUDI-11704,Associazione Italiana Biblioteche,Creative Commons Attribution-ShareAlike; Creative Commons Attribution-NonCommercial-NoDerivatives; Creative Commons Attribution-ShareAlike 4.0 International,AIB studi,3,57,,https://aibstudi.aib.it/article/view/11704/11058; https://aibstudi.aib.it/article/view/11704/11074
http://www.wikidata.org/entity/Q103919307,Storia e attualità del diritto d'autore,Sebastiano Miccoli (maschio),2013,diritto d'autore,Scopus; DOAJ; Emerging Sources Citation Index,10.2426/AIBSTUDI-8984,Associazione Italiana Biblioteche,Creative Commons Attribution-ShareAlike; Creative Commons Attribution-NonCommercial-NoDerivatives; Creative Commons Attribution-ShareAlike 4.0 International,AIB studi,2,53,,https://aibstudi.aib.it/article/view/8984/8231
http://www.wikidata.org/entity/Q103919336,Rete di reti: un progetto per accrescere l’efficienza e l’efficacia delle biblioteche e delle reti bibliotecarie italiane (Prima parte),Emiliano Diamanti (maschio); Gianni Stefanini (maschio),2013,,Scopus; DOAJ; Emerging Sources Citation Index,10.2426/AIBSTUDI-8834,Associazione Italiana Biblioteche,Creative Commons Attribution-ShareAlike; Creative Commons Attribution-NonCommercial-NoDerivatives; Creative Commons Attribution-ShareAlike 4.0 International,AIB studi,1,53,,https://aibstudi.aib.it/article/view/8834/8107; https://aibstudi.aib.it/article/view/8834/8132
http://www.wikidata.org/entity/Q103919343,Le biblioteche statali non centrali alla ricerca di identità,Andrea De Pasquale (maschio),2012,,Scopus; DOAJ; Emerging Sources Citation Index,10.2426/AIBSTUDI-6362,Associazione Italiana Biblioteche,Creative Commons Attribution-ShareAlike; Creative Commons Attribution-NonCommercial-NoDerivatives; Creative Commons Attribution-ShareAlike 4.0 International,AIB studi,2,52,,https://aibstudi.aib.it/article/view/6362/7200; https://aibstudi.aib.it/article/view/6362/7798
http://www.wikidata.org/entity/Q103918134,Biblioteche tra liquidità e ipercultura: riflessioni e una proposta dalla Puglia delle community libraries,Alessia Galiano (femmina),2020,biblioteca,Scopus; DOAJ; Emerging Sources Citation Index,10.2426/AIBSTUDI-11966,Associazione Italiana Biblioteche,Creative Commons Attribution-ShareAlike; Creative Commons Attribution-NonCommercial-NoDerivatives; Creative Commons Attribution-ShareAlike 4.0 International,AIB studi,3,59,,https://aibstudi.aib.it/article/view/11966/11544; https://aibstudi.aib.it/article/view/11966/11556
http://www.wikidata.org/entity/Q103918132,La professione del bibliotecario tra criticità e possibilità: note dal satellite meeting IFLA “Transforming LIS education for professionals in a global information world”,Anna Berloco (femmina); Giulia De Castro (femmina),2020,,Scopus; DOAJ; Emerging Sources Citation Index,10.2426/AIBSTUDI-11998,Associazione Italiana Biblioteche,Creative Commons Attribution-ShareAlike; Creative Commons Attribution-NonCommercial-NoDerivatives; Creative Commons Attribution-ShareAlike 4.0 International,AIB studi,3,59,,https://aibstudi.aib.it/article/view/11998/11519; https://aibstudi.aib.it/article/view/11998/11551
http://www.wikidata.org/entity/Q111967330,Le pubblicazioni di Giovanni Solimine: la loro presenza e impatto in internet,Ernest Abadal (maschio); Gérard Vidal (maschio),2022,bibliometria; Giovanni Solimine,Scopus; DOAJ; Emerging Sources Citation Index,10.2426/AIBSTUDI-13335,Associazione Italiana Biblioteche,Creative Commons Attribution-ShareAlike; Creative Commons Attribution-NonCommercial-NoDerivatives; Creative Commons Attribution-ShareAlike 4.0 International,AIB studi,3,61,533-545,https://aibstudi.aib.it/article/view/13335/193; https://aibstudi.aib.it/article/view/13335/194
http://www.wikidata.org/entity/Q111967332,Il libro digitale in biblioteca: un continuo work in progress nella distribuzione,Federica Formiga (femmina),2022,e-book,Scopus; DOAJ; Emerging Sources Citation Index,10.2426/AIBSTUDI-13336,Associazione Italiana Biblioteche,Creative Commons Attribution-ShareAlike; Creative Commons Attribution-NonCommercial-NoDerivatives; Creative Commons Attribution-ShareAlike 4.0 International,AIB studi,3,61,569-576,https://aibstudi.aib.it/article/view/13336/198; https://aibstudi.aib.it/article/view/13336/217
http://www.wikidata.org/entity/Q111967333,Il testamento di Paul Otlet,Roberto Guarasci (maschio),2022,Paul Otlet; Mundaneum; storia della bibliografia,Scopus; DOAJ; Emerging Sources Citation Index,10.2426/AIBSTUDI-13337,Associazione Italiana Biblioteche,Creative Commons Attribution-ShareAlike; Creative Commons Attribution-NonCommercial-NoDerivatives; Creative Commons Attribution-ShareAlike 4.0 International,AIB studi,3,61,577-584,https://aibstudi.aib.it/article/view/13337/160; https://aibstudi.aib.it/article/view/13337/199
http://www.wikidata.org/entity/Q103919357,L’accesso tematico nelle biblioteche per ragazzi: vocabolario e strutture concettuali dei bambini,Carmen Caro-Castro (femmina); Ana Belén Ríos Hilario (femmina),2012,,Scopus; DOAJ; Emerging Sources Citation Index,10.2426/AIBSTUDI-6289,Associazione Italiana Biblioteche,Creative Commons Attribution-ShareAlike; Creative Commons Attribution-NonCommercial-NoDerivatives; Creative Commons Attribution-ShareAlike 4.0 International,AIB studi,1,52,,https://aibstudi.aib.it/article/view/6289/5903; https://aibstudi.aib.it/article/view/6289/6031
http://www.wikidata.org/entity/Q103919362,Nasce «AIB Studi»,Giovanni Di Domenico (maschio),2012,AIB studi,Scopus; DOAJ; Emerging Sources Citation Index,10.2426/AIBSTUDI-6285,Associazione Italiana Biblioteche,Creative Commons Attribution-ShareAlike; Creative Commons Attribution-NonCommercial-NoDerivatives; Creative Commons Attribution-ShareAlike 4.0 International,AIB studi,1,52,,https://aibstudi.aib.it/article/view/6285/5899; https://aibstudi.aib.it/article/view/6285/6010
http://www.wikidata.org/entity/Q103919359,Biblioteche e città: la funzione “civica” delle biblioteche del MiBAC,Giovanni Arganese (maschio),2012,,Scopus; DOAJ; Emerging Sources Citation Index,10.2426/AIBSTUDI-6302,Associazione Italiana Biblioteche,Creative Commons Attribution-ShareAlike; Creative Commons Attribution-NonCommercial-NoDerivatives; Creative Commons Attribution-ShareAlike 4.0 International,AIB studi,2,52,,https://aibstudi.aib.it/article/view/6302/7208; https://aibstudi.aib.it/article/view/6302/7792
http://www.wikidata.org/entity/Q59388182,Wikipedia e biblioteche: una prospettiva globale,Phoebe Ayers (femmina); Andrea Zanni (maschio),2017,Wikipedia; Ricerche scientifiche su Wikipedia,Scopus; DOAJ; Emerging Sources Citation Index,10.2426/AIBSTUDI-11560,Associazione Italiana Biblioteche,Creative Commons Attribution-ShareAlike; Creative Commons Attribution-NonCommercial-NoDerivatives; Creative Commons Attribution-ShareAlike 4.0 International,AIB studi,1,57,,http://aibstudi.aib.it/article/view/11560; https://aibstudi.aib.it/article/view/11560/10873; https://aibstudi.aib.it/article/view/11560/10889
http://www.wikidata.org/entity/Q59388178,Formiche virtuali o virtuose? Verso un'etica dell'accesso,Paola Castellucci (femmina),2017,algoritmo,Scopus; DOAJ; Emerging Sources Citation Index,10.2426/AIBSTUDI-11555,Associazione Italiana Biblioteche,Creative Commons Attribution-ShareAlike; Creative Commons Attribution-NonCommercial-NoDerivatives; Creative Commons Attribution-ShareAlike 4.0 International,AIB studi,1,57,,http://aibstudi.aib.it/article/view/11555; https://aibstudi.aib.it/article/view/11555/10879; https://aibstudi.aib.it/article/view/11555/10885
http://www.wikidata.org/entity/Q69559758,Archivi di persona in linked open data: il modello concettuale come strumento di integrazione nei GLAMs,Francesca Tomasi (femmina),2017,dati aperti; ontologia; fondo speciale; linked open data,Scopus; DOAJ; Emerging Sources Citation Index,10.2426/AIBSTUDI-11647,Associazione Italiana Biblioteche,Creative Commons Attribution-ShareAlike; Creative Commons Attribution-NonCommercial-NoDerivatives; Creative Commons Attribution-ShareAlike 4.0 International,AIB studi,2,57,,https://aibstudi.aib.it/article/view/11647; https://aibstudi.aib.it/article/view/11647/10983; https://aibstudi.aib.it/article/view/11647/11002
http://www.wikidata.org/entity/Q59388184,How might we... Ripensare la biblioteca con l'aiuto del design thinking,Emma Catiri (femmina),2017,design thinking,Scopus; DOAJ; Emerging Sources Citation Index,10.2426/AIBSTUDI-11559,Associazione Italiana Biblioteche,Creative Commons Attribution-ShareAlike; Creative Commons Attribution-NonCommercial-NoDerivatives; Creative Commons Attribution-ShareAlike 4.0 International,AIB studi,1,57,,http://aibstudi.aib.it/article/view/11559; https://aibstudi.aib.it/article/view/11559/10881; https://aibstudi.aib.it/article/view/11559/10896
http://www.wikidata.org/entity/Q69646153,Biblioteche e carte d’autore: tra questioni cruciali e modelli di studio e gestione,Fiammetta Sabba (femmina),2016,fondo speciale; storia delle biblioteche,Scopus; DOAJ; Emerging Sources Citation Index,10.2426/AIBSTUDI-11506,Associazione Italiana Biblioteche,Creative Commons Attribution-ShareAlike; Creative Commons Attribution-NonCommercial-NoDerivatives; Creative Commons Attribution-ShareAlike 4.0 International,AIB studi,3,56,,https://aibstudi.aib.it/article/view/11506; https://aibstudi.aib.it/article/view/11506/10803; https://aibstudi.aib.it/article/view/11506/10814
http://www.wikidata.org/entity/Q59388175,Fatti alternativi e fake news: la verificabilità nella società dell'informazione,Karolina Andersdotter (femmina),2017,fake news,Scopus; DOAJ; Emerging Sources Citation Index,10.2426/AIBSTUDI-11618,Associazione Italiana Biblioteche,Creative Commons Attribution-ShareAlike; Creative Commons Attribution-NonCommercial-NoDerivatives; Creative Commons Attribution-ShareAlike 4.0 International,AIB studi,1,57,,http://aibstudi.aib.it/article/view/11618; https://aibstudi.aib.it/article/view/11618/10870; https://aibstudi.aib.it/article/view/11618/10892
http://www.wikidata.org/entity/Q74825992,La gestione delle biblioteche d'autore: un confronto tra realtà italiana e realtà americana,Elena Baldoni (femmina),2013,fondo speciale,Scopus; DOAJ; Emerging Sources Citation Index,10.2426/AIBSTUDI-8930,Associazione Italiana Biblioteche,Creative Commons Attribution-ShareAlike; Creative Commons Attribution-NonCommercial-NoDerivatives; Creative Commons Attribution-ShareAlike 4.0 International,AIB studi,2,53,29-46,https://aibstudi.aib.it/article/view/8930/8212; https://aibstudi.aib.it/article/view/8930/8266
http://www.wikidata.org/entity/Q56736038,Dagli OPAC ai library linked data: come cambiano le risposte ai bisogni degli utenti,Carlo Bianchini (maschio),2012,linked data; OPAC; linked open data,Scopus; DOAJ; Emerging Sources Citation Index,10.2426/AIBSTUDI-8597,Associazione Italiana Biblioteche,Creative Commons Attribution-ShareAlike; Creative Commons Attribution-NonCommercial-NoDerivatives; Creative Commons Attribution-ShareAlike 4.0 International,AIB studi,3,52,303-323,https://aibstudi.aib.it/article/view/8597/7959; https://aibstudi.aib.it/article/view/8597/8004
http://www.wikidata.org/entity/Q59388179,Le raccolte di documenti personali: uno studio per la ricerca e la valorizzazione,Fabio Venuda (maschio),2017,fondo speciale,Scopus; DOAJ; Emerging Sources Citation Index,10.2426/AIBSTUDI-11612,Associazione Italiana Biblioteche,Creative Commons Attribution-ShareAlike; Creative Commons Attribution-NonCommercial-NoDerivatives; Creative Commons Attribution-ShareAlike 4.0 International,AIB studi,1,57,,http://aibstudi.aib.it/article/view/11612; https://aibstudi.aib.it/article/view/11612/10871; https://aibstudi.aib.it/article/view/11612/10895
http://www.wikidata.org/entity/Q59388183,"Indagine sulle biblioteche valdesi in Italia: caratteristiche, problematiche e prospettive future",Raluca Persida Marin (femmina),2017,,Scopus; DOAJ; Emerging Sources Citation Index,10.2426/AIBSTUDI-11508,Associazione Italiana Biblioteche,Creative Commons Attribution-ShareAlike; Creative Commons Attribution-NonCommercial-NoDerivatives; Creative Commons Attribution-ShareAlike 4.0 International,AIB studi,1,57,,http://aibstudi.aib.it/article/view/11508; https://aibstudi.aib.it/article/view/11508/10872; https://aibstudi.aib.it/article/view/11508/10890
http://www.wikidata.org/entity/Q59388185,"La convergenza delle risorse informative nel Web dei dati e delle relazioni (note sul Convegno AIB CILW 2016, Biblioteca nazionale centrale di Roma, 21 ottobre 2016)",Luigi Catalani (maschio),2017,linked open data,Scopus; DOAJ; Emerging Sources Citation Index,10.2426/AIBSTUDI-11614,Associazione Italiana Biblioteche,Creative Commons Attribution-ShareAlike; Creative Commons Attribution-NonCommercial-NoDerivatives; Creative Commons Attribution-ShareAlike 4.0 International,AIB studi,1,57,,http://aibstudi.aib.it/article/view/11614; https://aibstudi.aib.it/article/view/11614/10880; https://aibstudi.aib.it/article/view/11614/10897
http://www.wikidata.org/entity/Q59388177,"Funziona come Google, vero? Prima indagine sull'interazione utente-catalogo nella biblioteca del Dipartimento di musicologia e beni culturali (Cremona) dell'Università di Pavia",Carlo Bianchini (maschio),2017,patrimonio culturale; OPAC,Scopus; DOAJ; Emerging Sources Citation Index,10.2426/AIBSTUDI-11557,Associazione Italiana Biblioteche,Creative Commons Attribution-ShareAlike; Creative Commons Attribution-NonCommercial-NoDerivatives; Creative Commons Attribution-ShareAlike 4.0 International,AIB studi,1,57,,http://aibstudi.aib.it/article/view/11557; https://aibstudi.aib.it/article/view/11557/10875; https://aibstudi.aib.it/article/view/11557/10894
http://www.wikidata.org/entity/Q59388176,Validità e limiti della library catalog analysis per la valutazione della ricerca nelle scienze umane e sociali,Maria Teresa Biagetti (femmina),2017,,Scopus; DOAJ; Emerging Sources Citation Index,10.2426/AIBSTUDI-11541,Associazione Italiana Biblioteche,Creative Commons Attribution-ShareAlike; Creative Commons Attribution-NonCommercial-NoDerivatives; Creative Commons Attribution-ShareAlike 4.0 International,AIB studi,1,57,,http://aibstudi.aib.it/article/view/11541; https://aibstudi.aib.it/article/view/11541/10882; https://aibstudi.aib.it/article/view/11541/10884
http://www.wikidata.org/entity/Q59388180,La valutazione alternativa: altmetrics e dintorni,Maria Cassella (femmina),2017,valutazione della ricerca,Scopus; DOAJ; Emerging Sources Citation Index,10.2426/AIBSTUDI-11515,Associazione Italiana Biblioteche,Creative Commons Attribution-ShareAlike; Creative Commons Attribution-NonCommercial-NoDerivatives; Creative Commons Attribution-ShareAlike 4.0 International,AIB studi,1,57,,http://aibstudi.aib.it/article/view/11515; https://aibstudi.aib.it/article/view/11515/10874; https://aibstudi.aib.it/article/view/11515/10886
http://www.wikidata.org/entity/Q59388181,L'universo delle risorse culturali: lampi di genio e azioni concrete. Lightning talks presentati al Convegno AIB CILW 2016,,2017,linked open data,Scopus; DOAJ; Emerging Sources Citation Index,10.2426/AIBSTUDI-11569,Associazione Italiana Biblioteche,Creative Commons Attribution-ShareAlike; Creative Commons Attribution-NonCommercial-NoDerivatives; Creative Commons Attribution-ShareAlike 4.0 International,AIB studi,1,57,,http://aibstudi.aib.it/article/view/11569; https://aibstudi.aib.it/article/view/11569/10883; https://aibstudi.aib.it/article/view/11569/10887
http://www.wikidata.org/entity/Q103919646,"Ripensare spazi e collezioni: best practices dall'IFLA Satellite Conference ""Space and collections earning their keep: transformation, technologies and re-tooling"" (Parigi, 13-14 agosto 2014)",Sara Dinotola (femmina),2014,,Scopus; DOAJ; Emerging Sources Citation Index,10.2426/AIBSTUDI-10289,Associazione Italiana Biblioteche,Creative Commons Attribution-ShareAlike; Creative Commons Attribution-NonCommercial-NoDerivatives; Creative Commons Attribution-ShareAlike 4.0 International,AIB studi,2/3,54,,https://aibstudi.aib.it/article/view/10289/10181; https://aibstudi.aib.it/article/view/10289/10202
http://www.wikidata.org/entity/Q103919724,Buone pratiche di integrazione in biblioteca: i sistemi bibliotecari di Roma e Amburgo,Desirée de Stefano (femmina),2016,integrazione sociale,Scopus; DOAJ; Emerging Sources Citation Index,10.2426/AIBSTUDI-11518,Associazione Italiana Biblioteche,Creative Commons Attribution-ShareAlike; Creative Commons Attribution-NonCommercial-NoDerivatives; Creative Commons Attribution-ShareAlike 4.0 International,AIB studi,3,56,,https://aibstudi.aib.it/article/view/11518/10804; https://aibstudi.aib.it/article/view/11518/10812
http://www.wikidata.org/entity/Q103919382,Il sistema ISSN in Italia,Flavia Cancedda (femmina),2012,,Scopus; DOAJ; Emerging Sources Citation Index,10.2426/AIBSTUDI-8647,Associazione Italiana Biblioteche,Creative Commons Attribution-ShareAlike; Creative Commons Attribution-NonCommercial-NoDerivatives; Creative Commons Attribution-ShareAlike 4.0 International,AIB studi,3,52,,https://aibstudi.aib.it/article/view/8647/7961; https://aibstudi.aib.it/article/view/8647/7997
http://www.wikidata.org/entity/Q103919632,Le indagini qualitative come strumento di valutazione dei servizi bibliotecari: riflessioni a margine di uno studio di caso,Elena Petroselli (femmina),2014,biblioteca,Scopus; DOAJ; Emerging Sources Citation Index,10.2426/AIBSTUDI-9966,Associazione Italiana Biblioteche,Creative Commons Attribution-ShareAlike; Creative Commons Attribution-NonCommercial-NoDerivatives; Creative Commons Attribution-ShareAlike 4.0 International,AIB studi,2/3,54,,https://aibstudi.aib.it/article/view/9966/10139; https://aibstudi.aib.it/article/view/9966/10207
http://www.wikidata.org/entity/Q103919652,"Bibliometria sì, bibliometria no: la valutazione della ricerca nelle scienze umane e sociali al bivio",Maria Cassella (femmina),2014,valutazione della ricerca,Scopus; DOAJ; Emerging Sources Citation Index,10.2426/AIBSTUDI-10247,Associazione Italiana Biblioteche,Creative Commons Attribution-ShareAlike; Creative Commons Attribution-NonCommercial-NoDerivatives; Creative Commons Attribution-ShareAlike 4.0 International,AIB studi,2/3,54,,https://aibstudi.aib.it/article/view/10247/10144; https://aibstudi.aib.it/article/view/10247/10205
http://www.wikidata.org/entity/Q103919396,"La valutazione della ricerca, la bibliometria e l’albero di Bertoldo",Chiara Faggiolani (femmina); Giovanni Solimine (maschio),2012,,Scopus; DOAJ; Emerging Sources Citation Index,10.2426/AIBSTUDI-6290,Associazione Italiana Biblioteche,Creative Commons Attribution-ShareAlike; Creative Commons Attribution-NonCommercial-NoDerivatives; Creative Commons Attribution-ShareAlike 4.0 International,AIB studi,1,52,,https://aibstudi.aib.it/article/view/6290/5904; https://aibstudi.aib.it/article/view/6290/6025
http://www.wikidata.org/entity/Q103919635,Il diritto d'autore sulle edizioni musicali a stampa: restrizioni legislative e nuove prospettive per la digitalizzazione,Sara Paoloni (femmina),2014,Spartito,Scopus; DOAJ; Emerging Sources Citation Index,10.2426/AIBSTUDI-9912,Associazione Italiana Biblioteche,Creative Commons Attribution-ShareAlike; Creative Commons Attribution-NonCommercial-NoDerivatives; Creative Commons Attribution-ShareAlike 4.0 International,AIB studi,1,54,,https://aibstudi.aib.it/article/view/9912/9407; https://aibstudi.aib.it/article/view/9912/9426
http://www.wikidata.org/entity/Q103919639,"AIB Studi, le biblioteche e la valutazione della ricerca",Giovanni Di Domenico (maschio); Gabriele Mazzitelli (maschio),2014,,Scopus; DOAJ; Emerging Sources Citation Index,10.2426/AIBSTUDI-10022,Associazione Italiana Biblioteche,Creative Commons Attribution-ShareAlike; Creative Commons Attribution-NonCommercial-NoDerivatives; Creative Commons Attribution-ShareAlike 4.0 International,AIB studi,1,54,,https://aibstudi.aib.it/article/view/10022/9406; https://aibstudi.aib.it/article/view/10022/9428
http://www.wikidata.org/entity/Q103919633,Sistemi di documentazione della stampa periodica: quali sono e come valutarli?,Ernest Abadal (maschio); Javier Guallar (maschio),2014,,Scopus; DOAJ; Emerging Sources Citation Index,10.2426/AIBSTUDI-9486,Associazione Italiana Biblioteche,Creative Commons Attribution-ShareAlike; Creative Commons Attribution-NonCommercial-NoDerivatives; Creative Commons Attribution-ShareAlike 4.0 International,AIB studi,1,54,,https://aibstudi.aib.it/article/view/9486/9414; https://aibstudi.aib.it/article/view/9486/9430; http://eprints.rclis.org/id/eprint/28897
http://www.wikidata.org/entity/Q103919385,A dieci anni dalle linee di politica bibliotecaria per le autonomie: il sistema che non c’è,Giovanni Galli (maschio),2012,,Scopus; DOAJ; Emerging Sources Citation Index,10.2426/AIBSTUDI-6291,Associazione Italiana Biblioteche,Creative Commons Attribution-ShareAlike; Creative Commons Attribution-NonCommercial-NoDerivatives; Creative Commons Attribution-ShareAlike 4.0 International,AIB studi,1,52,,https://aibstudi.aib.it/article/view/6291/5905; https://aibstudi.aib.it/article/view/6291/6029
http://www.wikidata.org/entity/Q103919394,Accesso aperto 2012: la vie en rose,Antonella De Robbio (femmina),2012,,Scopus; DOAJ; Emerging Sources Citation Index,10.2426/AIBSTUDI-6293,Associazione Italiana Biblioteche,Creative Commons Attribution-ShareAlike; Creative Commons Attribution-NonCommercial-NoDerivatives; Creative Commons Attribution-ShareAlike 4.0 International,AIB studi,1,52,,https://aibstudi.aib.it/article/view/6293/5906; https://aibstudi.aib.it/article/view/6293/6020; http://eprints.rclis.org/id/eprint/18730
http://www.wikidata.org/entity/Q103919643,Competenza visuale: imparare e insegnare nella biblioteca accademica del XXI secolo e oltre,Alessia Zanin-Yost (femmina),2014,,Scopus; DOAJ; Emerging Sources Citation Index,10.2426/AIBSTUDI-9962,Associazione Italiana Biblioteche,Creative Commons Attribution-ShareAlike; Creative Commons Attribution-NonCommercial-NoDerivatives; Creative Commons Attribution-ShareAlike 4.0 International,AIB studi,2/3,54,,https://aibstudi.aib.it/article/view/9962/10178; https://aibstudi.aib.it/article/view/9962/10191
http://www.wikidata.org/entity/Q103919720,Conoscersi per riconoscersi: la partecipazione come specchio del bibliotecario,Chiara Cauzzi (femmina); Valeria De Francesca (femmina),2016,cooperazione,Scopus; DOAJ; Emerging Sources Citation Index,10.2426/AIBSTUDI-11462,Associazione Italiana Biblioteche,Creative Commons Attribution-ShareAlike; Creative Commons Attribution-NonCommercial-NoDerivatives; Creative Commons Attribution-ShareAlike 4.0 International,AIB studi,2,56,,https://aibstudi.aib.it/article/view/11462/10732; https://aibstudi.aib.it/article/view/11462/10739
http://www.wikidata.org/entity/Q103919625,«Wikipedia loves libraries»: in Italia è un amore corrisposto...,Anna Lucarelli (femmina),2014,knowledge management,Scopus; DOAJ; Emerging Sources Citation Index,10.2426/AIBSTUDI-10108,Associazione Italiana Biblioteche,Creative Commons Attribution-ShareAlike; Creative Commons Attribution-NonCommercial-NoDerivatives; Creative Commons Attribution-ShareAlike 4.0 International,AIB studi,2/3,54,,https://aibstudi.aib.it/article/view/10108/10146; https://aibstudi.aib.it/article/view/10108/10195
http://www.wikidata.org/entity/Q103919620,"Navigare nel mare di Scopus, Web of science e Google Scholar: l’avvio di una ricerca sulla vitalità delle discipline archivistiche e biblioteconomiche italiane",Simona Turbanti (femmina),2014,bibliometria,Scopus; DOAJ; Emerging Sources Citation Index,10.2426/AIBSTUDI-10266,Associazione Italiana Biblioteche,Creative Commons Attribution-ShareAlike; Creative Commons Attribution-NonCommercial-NoDerivatives; Creative Commons Attribution-ShareAlike 4.0 International,AIB studi,2/3,54,,https://aibstudi.aib.it/article/view/10266/10138; https://aibstudi.aib.it/article/view/10266/10209
http://www.wikidata.org/entity/Q103919650,"Il falso in Internet: autorevolezza del Web, information literacy e futuro della professione (Seconda parte)",Carlo Bianchini (maschio),2014,biblioteconomia; information literacy; fake news,Scopus; DOAJ; Emerging Sources Citation Index,10.2426/AIBSTUDI-10130,Associazione Italiana Biblioteche,Creative Commons Attribution-ShareAlike; Creative Commons Attribution-NonCommercial-NoDerivatives; Creative Commons Attribution-ShareAlike 4.0 International,AIB studi,2/3,54,227-240,https://aibstudi.aib.it/article/view/10130/10143; https://aibstudi.aib.it/article/view/10130/10196
http://www.wikidata.org/entity/Q103919658,"Il costo dell’ignoranza, un lusso che l’Italia non può più permettersi",Stefano Parise (maschio),2014,società della Conoscenza,Scopus; DOAJ; Emerging Sources Citation Index,10.2426/AIBSTUDI-10281,Associazione Italiana Biblioteche,Creative Commons Attribution-ShareAlike; Creative Commons Attribution-NonCommercial-NoDerivatives; Creative Commons Attribution-ShareAlike 4.0 International,AIB studi,2/3,54,,https://aibstudi.aib.it/article/view/10281/10147; https://aibstudi.aib.it/article/view/10281/10190
http://www.wikidata.org/entity/Q103919718,I sistemi per la gestione delle risorse elettroniche (SECONDA PARTE). Le library service platforms (LSP),Sara Dinotola (femmina),2016,,Scopus; DOAJ; Emerging Sources Citation Index,10.2426/AIBSTUDI-11412,Associazione Italiana Biblioteche,Creative Commons Attribution-ShareAlike; Creative Commons Attribution-NonCommercial-NoDerivatives; Creative Commons Attribution-ShareAlike 4.0 International,AIB studi,2,56,,https://aibstudi.aib.it/article/view/11412/10731; https://aibstudi.aib.it/article/view/11412/10737
http://www.wikidata.org/entity/Q103919727,Biblioteche e discovery tool: il caso OneSearch e l’ateneo di Siena,Clarissa Machetti (femmina),2016,Web scale discovery tool,Scopus; DOAJ; Emerging Sources Citation Index,10.2426/AIBSTUDI-11501,Associazione Italiana Biblioteche,Creative Commons Attribution-ShareAlike; Creative Commons Attribution-NonCommercial-NoDerivatives; Creative Commons Attribution-ShareAlike 4.0 International,AIB studi,3,56,,https://aibstudi.aib.it/article/view/11501/10794; https://aibstudi.aib.it/article/view/11501/10805
http://www.wikidata.org/entity/Q103919389,"Manoscritti e libri antichi per bambini e giovani adulti. Riflessioni, disamina di progetti e sperimentazioni didattiche",Simona Inserra (femmina),2012,,Scopus; DOAJ; Emerging Sources Citation Index,10.2426/AIBSTUDI-6286,Associazione Italiana Biblioteche,Creative Commons Attribution-ShareAlike; Creative Commons Attribution-NonCommercial-NoDerivatives; Creative Commons Attribution-ShareAlike 4.0 International,AIB studi,1,52,,https://aibstudi.aib.it/article/view/6286/5900; https://aibstudi.aib.it/article/view/6286/6030
http://www.wikidata.org/entity/Q103919629,Specie di spazi. Alcune riflessioni su osservazione e interpretazione della biblioteca pubblica contemporanea,Maurizio Vivarelli (maschio),2014,,Scopus; DOAJ; Emerging Sources Citation Index,10.2426/AIBSTUDI-10134,Associazione Italiana Biblioteche,Creative Commons Attribution-ShareAlike; Creative Commons Attribution-NonCommercial-NoDerivatives; Creative Commons Attribution-ShareAlike 4.0 International,AIB studi,2/3,54,,https://aibstudi.aib.it/article/view/10134/10180; https://aibstudi.aib.it/article/view/10134/10194
http://www.wikidata.org/entity/Q103919722,Palfrey e l'advocacy per le biblioteche,Anna Galluzzi (femmina),2016,advocacy,Scopus; DOAJ; Emerging Sources Citation Index,10.2426/AIBSTUDI-11493,Associazione Italiana Biblioteche,Creative Commons Attribution-ShareAlike; Creative Commons Attribution-NonCommercial-NoDerivatives; Creative Commons Attribution-ShareAlike 4.0 International,AIB studi,2,56,,https://aibstudi.aib.it/article/view/11493/10726; https://aibstudi.aib.it/article/view/11493/10742
http://www.wikidata.org/entity/Q103919627,"Il falso in Internet: autorevolezza del Web, information literacy e futuro della professione (Prima parte)",Carlo Bianchini (maschio),2014,biblioteconomia; information literacy; fake news,Scopus; DOAJ; Emerging Sources Citation Index,10.2426/AIBSTUDI-9957,Associazione Italiana Biblioteche,Creative Commons Attribution-ShareAlike; Creative Commons Attribution-NonCommercial-NoDerivatives; Creative Commons Attribution-ShareAlike 4.0 International,AIB studi,1,54,61-74,https://aibstudi.aib.it/article/view/9957/9409; https://aibstudi.aib.it/article/view/9957/9462
http://www.wikidata.org/entity/Q103919654,La monografia scientifica e le sfide dell'accesso aperto,Andrea Capaccioni (maschio),2014,open access,Scopus; DOAJ; Emerging Sources Citation Index,10.2426/AIBSTUDI-10084,Associazione Italiana Biblioteche,Creative Commons Attribution-ShareAlike; Creative Commons Attribution-NonCommercial-NoDerivatives; Creative Commons Attribution-ShareAlike 4.0 International,AIB studi,2/3,54,,https://aibstudi.aib.it/article/view/10084/10137; https://aibstudi.aib.it/article/view/10084/10204
http://www.wikidata.org/entity/Q103919715,Ridefinire la cooperazione: indagini qualitative per la rete URBS,Giuseppina Vullo (femmina),2016,rete di biblioteche,Scopus; DOAJ; Emerging Sources Citation Index,10.2426/AIBSTUDI-11473,Associazione Italiana Biblioteche,Creative Commons Attribution-ShareAlike; Creative Commons Attribution-NonCommercial-NoDerivatives; Creative Commons Attribution-ShareAlike 4.0 International,AIB studi,2,56,,https://aibstudi.aib.it/article/view/11473/10730; https://aibstudi.aib.it/article/view/11473/10736
http://www.wikidata.org/entity/Q103919730,Oltre l'interdisciplinarità?,Giovanni Michetti (maschio),2016,interdisciplinarità,Scopus; DOAJ; Emerging Sources Citation Index,10.2426/AIBSTUDI-11513,Associazione Italiana Biblioteche,Creative Commons Attribution-ShareAlike; Creative Commons Attribution-NonCommercial-NoDerivatives; Creative Commons Attribution-ShareAlike 4.0 International,AIB studi,3,56,,https://aibstudi.aib.it/article/view/11513/10802; https://aibstudi.aib.it/article/view/11513/10813
http://www.wikidata.org/entity/Q103919732,Là ci darem la mano… Wikipedia e le biblioteche,Lucia Sardo (femmina),2016,Wikipedia,Scopus; DOAJ; Emerging Sources Citation Index,10.2426/AIBSTUDI-11542,Associazione Italiana Biblioteche,Creative Commons Attribution-ShareAlike; Creative Commons Attribution-NonCommercial-NoDerivatives; Creative Commons Attribution-ShareAlike 4.0 International,AIB studi,3,56,,https://aibstudi.aib.it/article/view/11542/10796; https://aibstudi.aib.it/article/view/11542/10815
http://www.wikidata.org/entity/Q111967341,Alle origini del controllo bibliografico universale: il contributo di Paul Otlet e Henri La Fontaine (1895),Elena Ranfa (femmina); Andrea Capaccioni (maschio),2022,Paul Otlet; Henri La Fontaine; controllo bibliografico universale,Scopus; DOAJ; Emerging Sources Citation Index,10.2426/AIBSTUDI-13344,Associazione Italiana Biblioteche,Creative Commons Attribution-ShareAlike; Creative Commons Attribution-NonCommercial-NoDerivatives; Creative Commons Attribution-ShareAlike 4.0 International,AIB studi,3,61,555-561,https://aibstudi.aib.it/article/view/13344/155; https://aibstudi.aib.it/article/view/13344/196
http://www.wikidata.org/entity/Q111967334,Oltre Roma: cenni al pensiero biblioteconomico di Filippo Mariotti,Paolo Traniello (maschio),2022,Filippo Mariotti; storia delle biblioteche,Scopus; DOAJ; Emerging Sources Citation Index,10.2426/AIBSTUDI-13338,Associazione Italiana Biblioteche,Creative Commons Attribution-ShareAlike; Creative Commons Attribution-NonCommercial-NoDerivatives; Creative Commons Attribution-ShareAlike 4.0 International,AIB studi,3,61,611-615,https://aibstudi.aib.it/article/view/13338/161; https://aibstudi.aib.it/article/view/13338/204
http://www.wikidata.org/entity/Q111967335,Orizzonti culturali 2020,Paola Castellucci (femmina),2022,cultura,Scopus; DOAJ; Emerging Sources Citation Index,10.2426/AIBSTUDI-13339,Associazione Italiana Biblioteche,Creative Commons Attribution-ShareAlike; Creative Commons Attribution-NonCommercial-NoDerivatives; Creative Commons Attribution-ShareAlike 4.0 International,AIB studi,3,61,665-668,https://aibstudi.aib.it/article/view/13339/172; https://aibstudi.aib.it/article/view/13339/214
http://www.wikidata.org/entity/Q111967336,La manifesta attualità di un «canone biblioteconomico» per le collezioni,Gianfranco Crupi (maschio),2022,,Scopus; DOAJ; Emerging Sources Citation Index,10.2426/AIBSTUDI-13340,Associazione Italiana Biblioteche,Creative Commons Attribution-ShareAlike; Creative Commons Attribution-NonCommercial-NoDerivatives; Creative Commons Attribution-ShareAlike 4.0 International,AIB studi,3,61,635-639,https://aibstudi.aib.it/article/view/13340/170; https://aibstudi.aib.it/article/view/13340/209
http://www.wikidata.org/entity/Q111967340,"Il costo dell'ignoranza, l'anticultura al potere, il virus: rileggere Senza sapere ai giorni nostri",Alberto Salarelli (maschio),2022,,Scopus; DOAJ; Emerging Sources Citation Index,10.2426/AIBSTUDI-13343,Associazione Italiana Biblioteche,Creative Commons Attribution-ShareAlike; Creative Commons Attribution-NonCommercial-NoDerivatives; Creative Commons Attribution-ShareAlike 4.0 International,AIB studi,3,61,659-663,https://aibstudi.aib.it/article/view/13343/165; https://aibstudi.aib.it/article/view/13343/213
http://www.wikidata.org/entity/Q111967338,"Per una cultura del cambiamento, oggi: brevi considerazioni sull'eredità della biblioteconomia gestionale",Stefano Parise (maschio),2022,Giovanni Solimine,Scopus; DOAJ; Emerging Sources Citation Index,10.2426/AIBSTUDI-13342,Associazione Italiana Biblioteche,Creative Commons Attribution-ShareAlike; Creative Commons Attribution-NonCommercial-NoDerivatives; Creative Commons Attribution-ShareAlike 4.0 International,AIB studi,3,61,617-622,https://aibstudi.aib.it/article/view/13342/126; https://aibstudi.aib.it/article/view/13342/205
http://www.wikidata.org/entity/Q111967337,Note a margine del libro di Giovanni Solimine L'Italia che legge,Luca Ferrieri (maschio),2022,lettura,Scopus; DOAJ; Emerging Sources Citation Index,10.2426/AIBSTUDI-13341,Associazione Italiana Biblioteche,Creative Commons Attribution-ShareAlike; Creative Commons Attribution-NonCommercial-NoDerivatives; Creative Commons Attribution-ShareAlike 4.0 International,AIB studi,3,61,653-657,https://aibstudi.aib.it/article/view/13341/127; https://aibstudi.aib.it/article/view/13341/212
http://www.wikidata.org/entity/Q103919364,Biblioteche giuridiche in evoluzione tra nuovi modelli e tradizione,Sonia Cavirani (femmina),2013,,Scopus; DOAJ; Emerging Sources Citation Index,10.2426/AIBSTUDI-8900,Associazione Italiana Biblioteche,Creative Commons Attribution-ShareAlike; Creative Commons Attribution-NonCommercial-NoDerivatives; Creative Commons Attribution-ShareAlike 4.0 International,AIB studi,2,53,,https://aibstudi.aib.it/article/view/8900/8214; https://aibstudi.aib.it/article/view/8900/8318
http://www.wikidata.org/entity/Q103919369,Alcune osservazioni a proposito della formazione del bibliotecario,Maurizio Vivarelli (maschio),2013,,Scopus; DOAJ; Emerging Sources Citation Index,10.2426/AIBSTUDI-8810,Associazione Italiana Biblioteche,Creative Commons Attribution-ShareAlike; Creative Commons Attribution-NonCommercial-NoDerivatives; Creative Commons Attribution-ShareAlike 4.0 International,AIB studi,1,53,,https://aibstudi.aib.it/article/view/8810/8095; https://aibstudi.aib.it/article/view/8810/8128
http://www.wikidata.org/entity/Q103919366,Nuovi appunti sulla interpretazione della biblioteca pubblica,Giovanni Solimine (maschio),2014,biblioteca pubblica,Scopus; DOAJ; Emerging Sources Citation Index,10.2426/AIBSTUDI-9132,Associazione Italiana Biblioteche,Creative Commons Attribution-ShareAlike; Creative Commons Attribution-NonCommercial-NoDerivatives; Creative Commons Attribution-ShareAlike 4.0 International,AIB studi,3,53,,https://aibstudi.aib.it/article/view/9132/9236; https://aibstudi.aib.it/article/view/9132/9250
http://www.wikidata.org/entity/Q111395752,Comunicare la catalogazione: un'indagine sulle aspettative degli studenti e sulle esigenze professionali,Lucia Sardo (femmina); Agnese Galeffi (femmina),2021,,Scopus; DOAJ; Emerging Sources Citation Index,10.2426/AIBSTUDI-13009,Associazione Italiana Biblioteche,Creative Commons Attribution-ShareAlike; Creative Commons Attribution-NonCommercial-NoDerivatives; Creative Commons Attribution-ShareAlike 4.0 International,AIB studi,1,61,31-53,https://aibstudi.aib.it/article/view/13009/23; https://aibstudi.aib.it/article/view/13009/52
http://www.wikidata.org/entity/Q111431568,La distribuzione editoriale e le biblioteche,Federica Formiga (femmina),2021,,Scopus; DOAJ; Emerging Sources Citation Index,10.2426/AIBSTUDI-13274,Associazione Italiana Biblioteche,Creative Commons Attribution-ShareAlike; Creative Commons Attribution-NonCommercial-NoDerivatives; Creative Commons Attribution-ShareAlike 4.0 International,AIB studi,2,61,425-440,https://aibstudi.aib.it/article/view/13274/116; https://aibstudi.aib.it/article/view/13274/97
http://www.wikidata.org/entity/Q111967325,Chi controlla il controllo bibliografico universale? Il sogno dei bibliotecari nell'ecosistema digitale,Federico Meschini (maschio),2022,bibliografia; metadato; controllo bibliografico universale,Scopus; DOAJ; Emerging Sources Citation Index,10.2426/AIBSTUDI-13325,Associazione Italiana Biblioteche,Creative Commons Attribution-ShareAlike; Creative Commons Attribution-NonCommercial-NoDerivatives; Creative Commons Attribution-ShareAlike 4.0 International,AIB studi,3,61,623-627,https://aibstudi.aib.it/article/view/13325/168; https://aibstudi.aib.it/article/view/13325/206
http://www.wikidata.org/entity/Q111967326,Sua Maestà il revisore: alcune considerazioni sul processo di peer-review all'interno della LIS,Mauro Guerrini (maschio),2022,revisione paritaria; editoria accademica; revisione paritaria accademica,Scopus; DOAJ; Emerging Sources Citation Index,10.2426/AIBSTUDI-13328,Associazione Italiana Biblioteche,Creative Commons Attribution-ShareAlike; Creative Commons Attribution-NonCommercial-NoDerivatives; Creative Commons Attribution-ShareAlike 4.0 International,AIB studi,3,61,585-592,https://aibstudi.aib.it/article/view/13328/154; https://aibstudi.aib.it/article/view/13328/200
http://www.wikidata.org/entity/Q111395756,Il rientro in Italia della biblioteca e dell'archivio Chiostergi,Marco Severini (maschio),2021,Giuseppe Chiostergi; archivio di persona,Scopus; DOAJ; Emerging Sources Citation Index,10.2426/AIBSTUDI-13045,Associazione Italiana Biblioteche,Creative Commons Attribution-ShareAlike; Creative Commons Attribution-NonCommercial-NoDerivatives; Creative Commons Attribution-ShareAlike 4.0 International,AIB studi,1,61,167-177,https://aibstudi.aib.it/article/view/13045/30; https://aibstudi.aib.it/article/view/13045/50
http://www.wikidata.org/entity/Q111395764,L’ordine dei libri: divagazioni su Come ordinare una biblioteca di Roberto Calasso,Andrea Zanni (maschio),2021,Cinque leggi della biblioteconomia; organizzazione del sapere; biblioteca personale,Scopus; DOAJ; Emerging Sources Citation Index,10.2426/AIBSTUDI-13250,Associazione Italiana Biblioteche,Creative Commons Attribution-ShareAlike; Creative Commons Attribution-NonCommercial-NoDerivatives; Creative Commons Attribution-ShareAlike 4.0 International,AIB studi,1,61,121-127,https://aibstudi.aib.it/article/view/13250/25; https://aibstudi.aib.it/article/view/13250/45
http://www.wikidata.org/entity/Q111395759,Sottile è il welfare...: note a margine delle biblioteche di pubblica lettura,Luca Dal Pozzolo (maschio),2021,,Scopus; DOAJ; Emerging Sources Citation Index,10.2426/AIBSTUDI-13158,Associazione Italiana Biblioteche,Creative Commons Attribution-ShareAlike; Creative Commons Attribution-NonCommercial-NoDerivatives; Creative Commons Attribution-ShareAlike 4.0 International,AIB studi,1,61,101-110,https://aibstudi.aib.it/article/view/13158/35; https://aibstudi.aib.it/article/view/13158/43
http://www.wikidata.org/entity/Q111431566,"Giulio Einaudi, le biblioteche, il sistema del libro: storia, modelli, prospettive a partire da Come un ministro per la cultura di Chiara Faggiolani",Maurizio Vivarelli (maschio),2021,Giulio Einaudi; storia dell'editoria,Scopus; DOAJ; Emerging Sources Citation Index,10.2426/AIBSTUDI-13229,Associazione Italiana Biblioteche,Creative Commons Attribution-ShareAlike; Creative Commons Attribution-NonCommercial-NoDerivatives; Creative Commons Attribution-ShareAlike 4.0 International,AIB studi,2,61,375-385,https://aibstudi.aib.it/article/view/13229/108; https://aibstudi.aib.it/article/view/13229/74
http://www.wikidata.org/entity/Q111431574,"La terminologia della catalogazione e la sua traduzione: aspetti linguistici, etici e professionali",Alberto Petrucciani (maschio),2021,regole di catalogazione; International Standard Bibliographic Description,Scopus; DOAJ; Emerging Sources Citation Index,10.2426/AIBSTUDI-13302,Associazione Italiana Biblioteche,Creative Commons Attribution-ShareAlike; Creative Commons Attribution-NonCommercial-NoDerivatives; Creative Commons Attribution-ShareAlike 4.0 International,AIB studi,2,61,339-346,https://aibstudi.aib.it/article/view/13302/104; https://aibstudi.aib.it/article/view/13302/112
http://www.wikidata.org/entity/Q111431565,Offerta editoriale e collezioni bibliotecarie: uno studio comparato,Sara Dinotola (femmina),2021,analisi comparativa,Scopus; DOAJ; Emerging Sources Citation Index,10.2426/AIBSTUDI-13216,Associazione Italiana Biblioteche,Creative Commons Attribution-ShareAlike; Creative Commons Attribution-NonCommercial-NoDerivatives; Creative Commons Attribution-ShareAlike 4.0 International,AIB studi,2,61,387-424,https://aibstudi.aib.it/article/view/13216/117; https://aibstudi.aib.it/article/view/13216/73
http://www.wikidata.org/entity/Q111967327,Giovanni Solimine e il tempo della biblioteca,Giovanni Di Domenico (maschio),2022,storia della biblioteca; Giovanni Solimine; scienza dell'informazione e delle biblioteche,Scopus; DOAJ; Emerging Sources Citation Index,10.2426/AIBSTUDI-13329,Associazione Italiana Biblioteche,Creative Commons Attribution-ShareAlike; Creative Commons Attribution-NonCommercial-NoDerivatives; Creative Commons Attribution-ShareAlike 4.0 International,AIB studi,3,61,647-651,https://aibstudi.aib.it/article/view/13329/167; https://aibstudi.aib.it/article/view/13329/211
http://www.wikidata.org/entity/Q103919985,"Biblioteche, crisi e partecipazione",Raphaëlle Bats (femmina),2015,biblioteca pubblica,Scopus; DOAJ; Emerging Sources Citation Index,10.2426/AIBSTUDI-11003,Associazione Italiana Biblioteche,Creative Commons Attribution-ShareAlike; Creative Commons Attribution-NonCommercial-NoDerivatives; Creative Commons Attribution-ShareAlike 4.0 International,AIB studi,1,55,,https://aibstudi.aib.it/article/view/11003/10318; https://aibstudi.aib.it/article/view/11003/10342
http://www.wikidata.org/entity/Q103920001,Una Biblioteca tra storia e scienza,Sonia Cavirani (femmina),2015,storia della biblioteca,Scopus; DOAJ; Emerging Sources Citation Index,10.2426/AIBSTUDI-11159,Associazione Italiana Biblioteche,Creative Commons Attribution-ShareAlike; Creative Commons Attribution-NonCommercial-NoDerivatives; Creative Commons Attribution-ShareAlike 4.0 International,AIB studi,2,55,,https://aibstudi.aib.it/article/view/11159/10448; https://aibstudi.aib.it/article/view/11159/10497
http://www.wikidata.org/entity/Q105491105,La mappatura delle collezioni attraverso la rivisitazione di Conspectus: una proposta metodologica per le biblioteche pubbliche e i primi risultati di un caso applicativo presso la Biblioteca civica di Bolzano,Sara Dinotola (femmina),2021,,Scopus; DOAJ; Emerging Sources Citation Index,10.2426/AIBSTUDI-12475,Associazione Italiana Biblioteche,Creative Commons Attribution-ShareAlike; Creative Commons Attribution-NonCommercial-NoDerivatives; Creative Commons Attribution-ShareAlike 4.0 International,AIB studi,3,60,,https://aibstudi.aib.it/article/view/12475/11773; https://aibstudi.aib.it/article/view/12475/11793
http://www.wikidata.org/entity/Q111395758,La circolazione dei libri nel 2020: questioni aperte e ipotesi interpretative,Gino Roncaglia (maschio); Giovanni Solimine (maschio),2021,libreria,Scopus; DOAJ; Emerging Sources Citation Index,10.2426/AIBSTUDI-13157,Associazione Italiana Biblioteche,Creative Commons Attribution-ShareAlike; Creative Commons Attribution-NonCommercial-NoDerivatives; Creative Commons Attribution-ShareAlike 4.0 International,AIB studi,1,61,11-30,https://aibstudi.aib.it/article/view/13157/24; https://aibstudi.aib.it/article/view/13157/36
http://www.wikidata.org/entity/Q111395761,Riuso dell'immagine digitale del bene culturale pubblico: problemi e prospettive,Mirco Modolo (maschio),2021,patrimonio culturale; open access; digitalizzazione,Scopus; DOAJ; Emerging Sources Citation Index,10.2426/AIBSTUDI-13169,Associazione Italiana Biblioteche,Creative Commons Attribution-ShareAlike; Creative Commons Attribution-NonCommercial-NoDerivatives; Creative Commons Attribution-ShareAlike 4.0 International,AIB studi,1,61,151-166,https://aibstudi.aib.it/article/view/13169/32; https://aibstudi.aib.it/article/view/13169/49
http://www.wikidata.org/entity/Q111431570,L'allineamento tra le università spagnole e le loro biblioteche sul tema della 'responsabilità sociale' attraverso l'analisi dei siti web istituzionali,Margarita Pérez Pulido (femmina); Celia Adame Miranda (femmina); José Luis Herrera Morillas (maschio),2021,sostenibilità,Scopus; DOAJ; Emerging Sources Citation Index,10.2426/AIBSTUDI-13278,Associazione Italiana Biblioteche,Creative Commons Attribution-ShareAlike; Creative Commons Attribution-NonCommercial-NoDerivatives; Creative Commons Attribution-ShareAlike 4.0 International,AIB studi,2,61,299-322,https://aibstudi.aib.it/article/view/13278/125; https://aibstudi.aib.it/article/view/13278/123
http://www.wikidata.org/entity/Q111431576,Il futuro delle biblioteche alla prova del tempo presente: riflessioni attorno al documento Disegnare il futuro della biblioteca: linee guida per la redazione dei piani strategici per le biblioteche pubbliche,Alessandro Bollo (maschio),2021,,Scopus; DOAJ; Emerging Sources Citation Index,10.2426/AIBSTUDI-13303,Associazione Italiana Biblioteche,Creative Commons Attribution-ShareAlike; Creative Commons Attribution-NonCommercial-NoDerivatives; Creative Commons Attribution-ShareAlike 4.0 International,AIB studi,2,61,441-447,https://aibstudi.aib.it/article/view/13303/122; https://aibstudi.aib.it/article/view/13303/95
http://www.wikidata.org/entity/Q111967329,"Le lingue del Vicino Oriente fra carte, tipi e torchi: note su una esposizione libraria online",Edoardo Barbieri (maschio),2022,storia dell'editoria,Scopus; DOAJ; Emerging Sources Citation Index,10.2426/AIBSTUDI-13334,Associazione Italiana Biblioteche,Creative Commons Attribution-ShareAlike; Creative Commons Attribution-NonCommercial-NoDerivatives; Creative Commons Attribution-ShareAlike 4.0 International,AIB studi,3,61,547-554,https://aibstudi.aib.it/article/view/13334/184; https://aibstudi.aib.it/article/view/13334/195
http://www.wikidata.org/entity/Q103920016,La Raccolta bibliografica della guerra delle nazioni di Giuseppe Fumagalli e la sua classificazione,Loretta De Franceschi (femmina),2015,Giuseppe Fumagalli,Scopus; DOAJ; Emerging Sources Citation Index,10.2426/AIBSTUDI-11161,Associazione Italiana Biblioteche,Creative Commons Attribution-ShareAlike; Creative Commons Attribution-NonCommercial-NoDerivatives; Creative Commons Attribution-ShareAlike 4.0 International,AIB studi,2,55,,https://aibstudi.aib.it/article/view/11161/10442; https://aibstudi.aib.it/article/view/11161/10496
http://www.wikidata.org/entity/Q105491104,"Deposito legale quattordici anni dopo: come, quando, ‘quanto’, e perché",Paola Puglisi (femmina),2021,deposito legale; autoedizione,Scopus; DOAJ; Emerging Sources Citation Index,10.2426/AIBSTUDI-12477,Associazione Italiana Biblioteche,Creative Commons Attribution-ShareAlike; Creative Commons Attribution-NonCommercial-NoDerivatives; Creative Commons Attribution-ShareAlike 4.0 International,AIB studi,3,60,,https://aibstudi.aib.it/article/view/12477/11788; https://aibstudi.aib.it/article/view/12477/11799
http://www.wikidata.org/entity/Q105491107,Le religioni del libro di Adriano Olivetti,Franco Ferrarotti (maschio),2021,,Scopus; DOAJ; Emerging Sources Citation Index,10.2426/AIBSTUDI-12899,Associazione Italiana Biblioteche,Creative Commons Attribution-ShareAlike; Creative Commons Attribution-NonCommercial-NoDerivatives; Creative Commons Attribution-ShareAlike 4.0 International,AIB studi,3,60,,https://aibstudi.aib.it/article/view/12899/11791
http://www.wikidata.org/entity/Q105491110,"Piattaforme digitali aperte, luoghi della connessione: le biblioteche e la sfida dell’inclusione",Pier Luigi Sacco (maschio),2021,,Scopus; DOAJ; Emerging Sources Citation Index,10.2426/AIBSTUDI-13007,Associazione Italiana Biblioteche,Creative Commons Attribution-ShareAlike; Creative Commons Attribution-NonCommercial-NoDerivatives; Creative Commons Attribution-ShareAlike 4.0 International,AIB studi,3,60,,https://aibstudi.aib.it/article/view/13007/11786%7Chttps://aibstudi.aib.it/article/view/13007/11784
http://www.wikidata.org/entity/Q111395753,L'informazione del settore pubblico per una cittadinanza consapevole,Laura Ballestra (femmina),2021,information literacy; accountability,Scopus; DOAJ; Emerging Sources Citation Index,10.2426/AIBSTUDI-13012,Associazione Italiana Biblioteche,Creative Commons Attribution-ShareAlike; Creative Commons Attribution-NonCommercial-NoDerivatives; Creative Commons Attribution-ShareAlike 4.0 International,AIB studi,1,61,141-149,https://aibstudi.aib.it/article/view/13012/47; https://aibstudi.aib.it/article/view/13012/48
http://www.wikidata.org/entity/Q111431569,Il deposito legale dei materiali cartografici in Italia e il loro censimento da parte del Bollettino delle pubblicazioni italiane ricevute per diritto di stampa e della BNI,Laura Manzoni (femmina),2021,deposito legale; Bibliografia nazionale italiana; materiale cartografico,Scopus; DOAJ; Emerging Sources Citation Index,10.2426/AIBSTUDI-13277,Associazione Italiana Biblioteche,Creative Commons Attribution-ShareAlike; Creative Commons Attribution-NonCommercial-NoDerivatives; Creative Commons Attribution-ShareAlike 4.0 International,AIB studi,2,61,283-297,https://aibstudi.aib.it/article/view/13277/101; https://aibstudi.aib.it/article/view/13277/110
http://www.wikidata.org/entity/Q103919738,Perché non ci sarà una nuova edizione ridotta della DDC in italiano e perché passare alla WebDewey,Piero Cavaleri (maschio),2016,classificazione decimale Dewey,Scopus; DOAJ; Emerging Sources Citation Index,10.2426/AIBSTUDI-11536,Associazione Italiana Biblioteche,Creative Commons Attribution-ShareAlike; Creative Commons Attribution-NonCommercial-NoDerivatives; Creative Commons Attribution-ShareAlike 4.0 International,AIB studi,3,56,,https://aibstudi.aib.it/article/view/11536/10798; https://aibstudi.aib.it/article/view/11536/10817
http://www.wikidata.org/entity/Q103919999,Riviste open access in Italia: stato dell’arte,Ilaria Fava (femmina),2015,,Scopus; DOAJ; Emerging Sources Citation Index,10.2426/AIBSTUDI-11291,Associazione Italiana Biblioteche,Creative Commons Attribution-ShareAlike; Creative Commons Attribution-NonCommercial-NoDerivatives; Creative Commons Attribution-ShareAlike 4.0 International,AIB studi,3,55,,https://aibstudi.aib.it/article/view/11291/10553; https://aibstudi.aib.it/article/view/11291/10608
http://www.wikidata.org/entity/Q105491113,Il progetto Erasmus+ EINFOSE: obiettivi e risultati,Tatjana Aparac-Jelušić (femmina),2021,progetto Erasmus; scienza dell'informazione e delle biblioteche,Scopus; DOAJ; Emerging Sources Citation Index,10.2426/AIBSTUDI-12481,Associazione Italiana Biblioteche,Creative Commons Attribution-ShareAlike; Creative Commons Attribution-NonCommercial-NoDerivatives; Creative Commons Attribution-ShareAlike 4.0 International,AIB studi,3,60,,https://aibstudi.aib.it/article/view/12481/11790; https://aibstudi.aib.it/article/view/12481/11798
http://www.wikidata.org/entity/Q105491112,La piramide dell'informazione: una proposta (seconda parte),Riccardo Ridi (maschio),2021,conoscenza; informazione,Scopus; DOAJ; Emerging Sources Citation Index,10.2426/AIBSTUDI-12216,Associazione Italiana Biblioteche,Creative Commons Attribution-ShareAlike; Creative Commons Attribution-NonCommercial-NoDerivatives; Creative Commons Attribution-ShareAlike 4.0 International,AIB studi,3,60,,https://aibstudi.aib.it/article/view/12216/11719; https://aibstudi.aib.it/article/view/12216/11796
http://www.wikidata.org/entity/Q105491101,Tutte le passioni non spente di un bibliotecario: considerazioni attorno a La biblioteca che verrà di Luca Ferrieri,Alberto Salarelli (maschio),2021,,Scopus; DOAJ; Emerging Sources Citation Index,10.2426/AIBSTUDI-12257,Associazione Italiana Biblioteche,Creative Commons Attribution-ShareAlike; Creative Commons Attribution-NonCommercial-NoDerivatives; Creative Commons Attribution-ShareAlike 4.0 International,AIB studi,3,60,,https://aibstudi.aib.it/article/view/12257/11656; https://aibstudi.aib.it/article/view/12257/11717
http://www.wikidata.org/entity/Q105491114,Una nuova antologia per una nuova scuola: progetti culturali e strategie editoriali da Carducci a Calvino,Tommaso Munari (maschio),2021,storia della letteratura italiana; antologia,Scopus; DOAJ; Emerging Sources Citation Index,10.2426/AIBSTUDI-12912,Associazione Italiana Biblioteche,Creative Commons Attribution-ShareAlike; Creative Commons Attribution-NonCommercial-NoDerivatives; Creative Commons Attribution-ShareAlike 4.0 International,AIB studi,3,60,,https://aibstudi.aib.it/article/view/12912/11778; https://aibstudi.aib.it/article/view/12912/11794
http://www.wikidata.org/entity/Q111395762,La biblioteca scolastica nella scuola d'infanzia: implicazioni sulla lettura condivisa in famiglia nella fascia d'età 2-6 anni,Giulia Rossi (femmina),2021,scuola dell'infanzia; biblioteca scolastica; promozione della lettura,Scopus; DOAJ; Emerging Sources Citation Index,10.2426/AIBSTUDI-13221,Associazione Italiana Biblioteche,Creative Commons Attribution-ShareAlike; Creative Commons Attribution-NonCommercial-NoDerivatives; Creative Commons Attribution-ShareAlike 4.0 International,AIB studi,1,61,55-70,https://aibstudi.aib.it/article/view/13221/33; https://aibstudi.aib.it/article/view/13221/54
http://www.wikidata.org/entity/Q111431571,Biblioteche e modelli di Biblioteca nelle strategie delle università italiane: un'indagine su allineamento e impatto atteso,Agnese Bertazzoli (femmina),2021,biblioteca accademica,Scopus; DOAJ; Emerging Sources Citation Index,10.2426/AIBSTUDI-13298,Associazione Italiana Biblioteche,Creative Commons Attribution-ShareAlike; Creative Commons Attribution-NonCommercial-NoDerivatives; Creative Commons Attribution-ShareAlike 4.0 International,AIB studi,2,61,323-338,https://aibstudi.aib.it/article/view/13298/100; https://aibstudi.aib.it/article/view/13298/114
http://www.wikidata.org/entity/Q111431567,La piramide dell'informazione e il realismo strutturale,Riccardo Ridi (maschio),2021,,Scopus; DOAJ; Emerging Sources Citation Index,10.2426/AIBSTUDI-13265,Associazione Italiana Biblioteche,Creative Commons Attribution-ShareAlike; Creative Commons Attribution-NonCommercial-NoDerivatives; Creative Commons Attribution-ShareAlike 4.0 International,AIB studi,2,61,233-255,https://aibstudi.aib.it/article/view/13265/106; https://aibstudi.aib.it/article/view/13265/72
http://www.wikidata.org/entity/Q111431573,Incunaboli a Catania I e II: il caso studio di una campagna di crowdfunding come strumento di partecipazione,Claudia Cantale (femmina); Simona Inserra (femmina),2021,incunabolo; finanziamento collettivo,Scopus; DOAJ; Emerging Sources Citation Index,10.2426/AIBSTUDI-13299,Associazione Italiana Biblioteche,Creative Commons Attribution-ShareAlike; Creative Commons Attribution-NonCommercial-NoDerivatives; Creative Commons Attribution-ShareAlike 4.0 International,AIB studi,2,61,449-464,https://aibstudi.aib.it/article/view/13299/102; https://aibstudi.aib.it/article/view/13299/113
http://www.wikidata.org/entity/Q111431578,Il culturale è sociale,Madel Crasta (femmina),2021,patrimonio culturale,Scopus; DOAJ; Emerging Sources Citation Index,10.2426/AIBSTUDI-13316,Associazione Italiana Biblioteche,Creative Commons Attribution-ShareAlike; Creative Commons Attribution-NonCommercial-NoDerivatives; Creative Commons Attribution-ShareAlike 4.0 International,AIB studi,2,61,347-358,https://aibstudi.aib.it/article/view/13316/111; https://aibstudi.aib.it/article/view/13316/96
http://www.wikidata.org/entity/Q111967324,Rileggendo Introduzione allo studio della biblioteconomia di Giovanni Solimine: riflessioni e prospettive per una nuova biblioteconomia,Maurizio Vivarelli (maschio),2022,biblioteconomia; cambiamento di paradigma,Scopus; DOAJ; Emerging Sources Citation Index,10.2426/AIBSTUDI-13311,Associazione Italiana Biblioteche,Creative Commons Attribution-ShareAlike; Creative Commons Attribution-NonCommercial-NoDerivatives; Creative Commons Attribution-ShareAlike 4.0 International,AIB studi,3,61,629-634,https://aibstudi.aib.it/article/view/13311/169; https://aibstudi.aib.it/article/view/13311/208
http://www.wikidata.org/entity/Q103919994,Primi spunti di riflessione su impatto e valore delle biblioteche storiche e di ricerca: una sfida e un’opportunità,Anna Manfron (femmina); Francesca Papi (femmina),2015,,Scopus; DOAJ; Emerging Sources Citation Index,10.2426/AIBSTUDI-11342,Associazione Italiana Biblioteche,Creative Commons Attribution-ShareAlike; Creative Commons Attribution-NonCommercial-NoDerivatives; Creative Commons Attribution-ShareAlike 4.0 International,AIB studi,3,55,,https://aibstudi.aib.it/article/view/11342/10558; https://aibstudi.aib.it/article/view/11342/10607
http://www.wikidata.org/entity/Q105491109,Sette caratteristiche delle biblioteche del futuro,Jorge Carrión (maschio),2021,,Scopus; DOAJ; Emerging Sources Citation Index,10.2426/AIBSTUDI-13008,Associazione Italiana Biblioteche,Creative Commons Attribution-ShareAlike; Creative Commons Attribution-NonCommercial-NoDerivatives; Creative Commons Attribution-ShareAlike 4.0 International,AIB studi,3,60,,https://aibstudi.aib.it/article/view/13008/11782%7Chttps://aibstudi.aib.it/article/view/13008/11787
http://www.wikidata.org/entity/Q109947957,"Carlo Revelli. Il catalogo per soggetto. Edizione anastatica con una prefazione dell’autore; saggio introduttivo di Alberto Cheti. Firenze: Le Lettere, 2011. XXXVIII, 245 p. (Pinakes; 7). ISBN 9788860874481",Elisabetta Viti (femmina),2012,,Scopus; DOAJ; Emerging Sources Citation Index,,Associazione Italiana Biblioteche,Creative Commons Attribution-ShareAlike; Creative Commons Attribution-NonCommercial-NoDerivatives; Creative Commons Attribution-ShareAlike 4.0 International,AIB studi,1,52,77-79,https://aibstudi.aib.it/article/view/6294/5907
http://www.wikidata.org/entity/Q111395751,"L’altra metà dell’editoria: le professioniste del libro e della lettura nel Novecento (Milano, 23-26 novembre 2020)",Angelica Cremascoli (femmina),2021,,Scopus; DOAJ; Emerging Sources Citation Index,10.2426/AIBSTUDI-13004,Associazione Italiana Biblioteche,Creative Commons Attribution-ShareAlike; Creative Commons Attribution-NonCommercial-NoDerivatives; Creative Commons Attribution-ShareAlike 4.0 International,AIB studi,1,61,129-140,https://aibstudi.aib.it/article/view/13004/46; https://aibstudi.aib.it/article/view/13004/9
http://www.wikidata.org/entity/Q111395760,I manoscritti italiani della Bibliothèque nationale de France: considerazioni preliminari,Carmen Caligiuri (femmina),2021,Biblioteca nazionale di Francia; brigantaggio,Scopus; DOAJ; Emerging Sources Citation Index,10.2426/AIBSTUDI-13160,Associazione Italiana Biblioteche,Creative Commons Attribution-ShareAlike; Creative Commons Attribution-NonCommercial-NoDerivatives; Creative Commons Attribution-ShareAlike 4.0 International,AIB studi,1,61,71-83,https://aibstudi.aib.it/article/view/13160/34; https://aibstudi.aib.it/article/view/13160/40
http://www.wikidata.org/entity/Q111431563,"Il comportamento informativo durante la pandemia da Covid-19: le differenze tra gli utenti sudamericani e tedeschi nella fruizione dei media, la loro fiducia nella fornitura delle informazioni e la gestione della disinformazione",Thomas Mandl (maschio); Sophie März (femmina); Fedra Kuttkat (femmina); Stefan Dreisiebner (maschio),2021,fake news; comportamento informativo; pandemia di COVID-19,Scopus; DOAJ; Emerging Sources Citation Index,10.2426/AIBSTUDI-13171,Associazione Italiana Biblioteche,Creative Commons Attribution-ShareAlike; Creative Commons Attribution-NonCommercial-NoDerivatives; Creative Commons Attribution-ShareAlike 4.0 International,AIB studi,2,61,359-373,https://aibstudi.aib.it/article/view/13171/119; https://aibstudi.aib.it/article/view/13171/124
http://www.wikidata.org/entity/Q111967328,L'accesso alla conoscenza: tra libro e biblioteca,Giovanni Solimine (maschio),2022,biblioteca; lettura,Scopus; DOAJ; Emerging Sources Citation Index,10.2426/AIBSTUDI-13333,Associazione Italiana Biblioteche,Creative Commons Attribution-ShareAlike; Creative Commons Attribution-NonCommercial-NoDerivatives; Creative Commons Attribution-ShareAlike 4.0 International,AIB studi,3,61,523-531,https://aibstudi.aib.it/article/view/13333/130; https://aibstudi.aib.it/article/view/13333/192
http://www.wikidata.org/entity/Q103919735,"Giulio Puliti, Luigi Sturzo e la fiammata bibliotecaria",Simona Inserra (femmina),2016,Giulio Puliti,Scopus; DOAJ; Emerging Sources Citation Index,10.2426/AIBSTUDI-11514,Associazione Italiana Biblioteche,Creative Commons Attribution-ShareAlike; Creative Commons Attribution-NonCommercial-NoDerivatives; Creative Commons Attribution-ShareAlike 4.0 International,AIB studi,3,56,,https://aibstudi.aib.it/article/view/11514/10799; https://aibstudi.aib.it/article/view/11514/10816
http://www.wikidata.org/entity/Q103919990,ISSN e i suoi fratelli: la lunga marcia dei codici internazionali. Seconda parte. Il CNR e la storia italiana dell’ISSN. Gli altri sistemi identificativi,Flavia Cancedda (femmina),2015,,Scopus; DOAJ; Emerging Sources Citation Index,10.2426/AIBSTUDI-11186,Associazione Italiana Biblioteche,Creative Commons Attribution-ShareAlike; Creative Commons Attribution-NonCommercial-NoDerivatives; Creative Commons Attribution-ShareAlike 4.0 International,AIB studi,3,55,,https://aibstudi.aib.it/article/view/11186/10601; https://aibstudi.aib.it/article/view/11186/10614
http://www.wikidata.org/entity/Q103919987,Vecchi paradigmi e nuove interfacce: la ricerca di un equilibrato sviluppo degli strumenti di mediazione dell’informazione (Seconda parte),Roberto Raieli (maschio),2015,OPAC,Scopus; DOAJ; Emerging Sources Citation Index,10.2426/AIBSTUDI-11200,Associazione Italiana Biblioteche,Creative Commons Attribution-ShareAlike; Creative Commons Attribution-NonCommercial-NoDerivatives; Creative Commons Attribution-ShareAlike 4.0 International,AIB studi,2,55,,https://aibstudi.aib.it/article/view/11200/10460; https://aibstudi.aib.it/article/view/11200/10491
http://www.wikidata.org/entity/Q103920007,"La «divisa disperata»: gli anni italiani di Giuseppe Sergio Martini, bibliotecario e bibliografo. Con una bibliografia degli scritti fino al 1958",Tiziana Stagi (femmina),2014,Giuseppe Sergio Martini,Scopus; DOAJ; Emerging Sources Citation Index,10.2426/AIBSTUDI-10262,Associazione Italiana Biblioteche,Creative Commons Attribution-ShareAlike; Creative Commons Attribution-NonCommercial-NoDerivatives; Creative Commons Attribution-ShareAlike 4.0 International,AIB studi,1,55,,https://aibstudi.aib.it/article/view/10262/10301; https://aibstudi.aib.it/article/view/10262/10346
http://www.wikidata.org/entity/Q105491103,"Digital humanities e culture documentarie: un modello di analisi, valutazione, interpretazione",Maurizio Vivarelli (maschio),2021,digital humanities,Scopus; DOAJ; Emerging Sources Citation Index,10.2426/AIBSTUDI-12471,Associazione Italiana Biblioteche,Creative Commons Attribution-ShareAlike; Creative Commons Attribution-NonCommercial-NoDerivatives; Creative Commons Attribution-ShareAlike 4.0 International,AIB studi,3,60,,https://aibstudi.aib.it/article/view/12471/11767; https://aibstudi.aib.it/article/view/12471/11792
http://www.wikidata.org/entity/Q105491102,La collezione Periodici e riviste preunitarie di Internet culturale: condizioni attuali e implementazioni future,Andrea Moroni (maschio),2021,,Scopus; DOAJ; Emerging Sources Citation Index,10.2426/AIBSTUDI-12363,Associazione Italiana Biblioteche,Creative Commons Attribution-ShareAlike; Creative Commons Attribution-NonCommercial-NoDerivatives; Creative Commons Attribution-ShareAlike 4.0 International,AIB studi,3,60,,https://aibstudi.aib.it/article/view/12363/11783; https://aibstudi.aib.it/article/view/12363/11785
http://www.wikidata.org/entity/Q105491108,L’oro della comunità: le biblioteche di fabbrica Olivetti,Anna Maria Viotto (femmina); Laura Massaia (femmina); Barbara Cena (femmina),2021,,Scopus; DOAJ; Emerging Sources Citation Index,10.2426/AIBSTUDI-12978,Associazione Italiana Biblioteche,Creative Commons Attribution-ShareAlike; Creative Commons Attribution-NonCommercial-NoDerivatives; Creative Commons Attribution-ShareAlike 4.0 International,AIB studi,3,60,,https://aibstudi.aib.it/article/view/12978/11766; https://aibstudi.aib.it/article/view/12978/11795
http://www.wikidata.org/entity/Q105491106,Per una biblioteconomia mediterranea: note a margine del “I Seminario hispano-italiano en biblioteconomía y documentación”,Anna Bilotta (femmina),2021,,Scopus; DOAJ; Emerging Sources Citation Index,10.2426/AIBSTUDI-12762,Associazione Italiana Biblioteche,Creative Commons Attribution-ShareAlike; Creative Commons Attribution-NonCommercial-NoDerivatives; Creative Commons Attribution-ShareAlike 4.0 International,AIB studi,3,60,,https://aibstudi.aib.it/article/view/12762/11721; https://aibstudi.aib.it/article/view/12762/11789
http://www.wikidata.org/entity/Q111395757,"Social reading e nuova mediazione: indagine qualitativa sul rapporto tra lettura giovanile, reti sociali e biblioteche",Simona Paolantoni (femmina),2021,Lettura sociale,Scopus; DOAJ; Emerging Sources Citation Index,10.2426/AIBSTUDI-13076,Associazione Italiana Biblioteche,Creative Commons Attribution-ShareAlike; Creative Commons Attribution-NonCommercial-NoDerivatives; Creative Commons Attribution-ShareAlike 4.0 International,AIB studi,1,61,85-99,https://aibstudi.aib.it/article/view/13076/29; https://aibstudi.aib.it/article/view/13076/42
http://www.wikidata.org/entity/Q111395765,"Una biblioteca che contenga molte biblioteche: biblioteche in decolonizzazione, alla ricerca di un modello bibliotecario da Abya Yala. Intervista a Edgardo Civallero",Alberto Del Fabbro (maschio),2021,,Scopus; DOAJ; Emerging Sources Citation Index,10.2426/AIBSTUDI-13251,Associazione Italiana Biblioteche,Creative Commons Attribution-ShareAlike; Creative Commons Attribution-NonCommercial-NoDerivatives; Creative Commons Attribution-ShareAlike 4.0 International,AIB studi,1,61,111-119,https://aibstudi.aib.it/article/view/13251/31; https://aibstudi.aib.it/article/view/13251/44
http://www.wikidata.org/entity/Q111431577,Dall'accoglienza all'ospitalità: un nuovo senso per la biblioteca,Mariangela Roselli (femmina),2021,Francia; biblioteca pubblica,Scopus; DOAJ; Emerging Sources Citation Index,10.2426/AIBSTUDI-13305,Associazione Italiana Biblioteche,Creative Commons Attribution-ShareAlike; Creative Commons Attribution-NonCommercial-NoDerivatives; Creative Commons Attribution-ShareAlike 4.0 International,AIB studi,2,61,229-231,https://aibstudi.aib.it/article/view/13305/120; https://aibstudi.aib.it/article/view/13305/121
http://www.wikidata.org/entity/Q103919979,Vecchi paradigmi e nuove interfacce: la ricerca di un equilibrato sviluppo degli strumenti di mediazione dell’informazione (Prima parte),Roberto Raieli (maschio),2015,OPAC,Scopus; DOAJ; Emerging Sources Citation Index,10.2426/AIBSTUDI-11084,Associazione Italiana Biblioteche,Creative Commons Attribution-ShareAlike; Creative Commons Attribution-NonCommercial-NoDerivatives; Creative Commons Attribution-ShareAlike 4.0 International,AIB studi,1,55,,https://aibstudi.aib.it/article/view/11084/10320; https://aibstudi.aib.it/article/view/11084/10340
http://www.wikidata.org/entity/Q103919982,Ricordo di Stefania Rossi Minutelli,Giorgio Busetto (maschio),2015,Stefania Rossi Minutelli,Scopus; DOAJ; Emerging Sources Citation Index,10.2426/AIBSTUDI-11005,Associazione Italiana Biblioteche,Creative Commons Attribution-ShareAlike; Creative Commons Attribution-NonCommercial-NoDerivatives; Creative Commons Attribution-ShareAlike 4.0 International,AIB studi,1,55,,https://aibstudi.aib.it/article/view/11005/10319; https://aibstudi.aib.it/article/view/11005/10344
http://www.wikidata.org/entity/Q103920009,Bibliotecario e archivista nelle norme UNI 11535:2014 e UNI 11536:2014,Paola Manoni (femmina); Flavia Cancedda (femmina); Giovanna Merola (femmina); Giovanni Michetti (maschio),2015,UNI 11535:2014; UNI 11536:2014,Scopus; DOAJ; Emerging Sources Citation Index,10.2426/AIBSTUDI-11007,Associazione Italiana Biblioteche,Creative Commons Attribution-ShareAlike; Creative Commons Attribution-NonCommercial-NoDerivatives; Creative Commons Attribution-ShareAlike 4.0 International,AIB studi,1,55,,https://aibstudi.aib.it/article/view/11007/10299; https://aibstudi.aib.it/article/view/11007/10347
http://www.wikidata.org/entity/Q111395763,Un indicatore dedicato alle biblioteche nel Rapporto BES dell'Istat: una grande conquista per il nostro settore,Chiara Faggiolani (femmina),2021,statistica,Scopus; DOAJ; Emerging Sources Citation Index,10.2426/AIBSTUDI-13248,Associazione Italiana Biblioteche,Creative Commons Attribution-ShareAlike; Creative Commons Attribution-NonCommercial-NoDerivatives; Creative Commons Attribution-ShareAlike 4.0 International,AIB studi,1,61,7-10,https://aibstudi.aib.it/article/view/13248/38; https://aibstudi.aib.it/article/view/13248/39
http://www.wikidata.org/entity/Q111431564,La progettualità interculturale nelle biblioteche pubbliche,Anna Vanzetti (femmina),2021,multiculturalismo,Scopus; DOAJ; Emerging Sources Citation Index,10.2426/AIBSTUDI-13212,Associazione Italiana Biblioteche,Creative Commons Attribution-ShareAlike; Creative Commons Attribution-NonCommercial-NoDerivatives; Creative Commons Attribution-ShareAlike 4.0 International,AIB studi,2,61,257-281,https://aibstudi.aib.it/article/view/13212/115; https://aibstudi.aib.it/article/view/13212/93
http://www.wikidata.org/entity/Q103919742,Per un sistema bibliotecario nazionale: le biblioteche nei lavori della Commissione Franceschini,Tiziana Stagi (femmina); Mauro Guerrini (maschio),2016,,Scopus; DOAJ; Emerging Sources Citation Index,10.2426/AIBSTUDI-11539,Associazione Italiana Biblioteche,Creative Commons Attribution-ShareAlike; Creative Commons Attribution-NonCommercial-NoDerivatives; Creative Commons Attribution-ShareAlike 4.0 International,AIB studi,3,56,,https://aibstudi.aib.it/article/view/11539/10797; https://aibstudi.aib.it/article/view/11539/10809
http://www.wikidata.org/entity/Q103919894,Con licenza parlando: prospettive dei servizi bibliotecari nel mercato dei diritti sulle opere dell’ingegno,Rosa Maiello (femmina),2015,copyright,Scopus; DOAJ; Emerging Sources Citation Index,10.2426/AIBSTUDI-11008,Associazione Italiana Biblioteche,Creative Commons Attribution-ShareAlike; Creative Commons Attribution-NonCommercial-NoDerivatives; Creative Commons Attribution-ShareAlike 4.0 International,AIB studi,1,55,,https://aibstudi.aib.it/article/view/11008/10315; https://aibstudi.aib.it/article/view/11008/10339
http://www.wikidata.org/entity/Q103920012,Siamo scimmie: possiamo leggere. Riflessioni sul ruolo della biblioteca,Lorenzo Baldacchini (maschio),2014,lettura,Scopus; DOAJ; Emerging Sources Citation Index,10.2426/AIBSTUDI-10965,Associazione Italiana Biblioteche,Creative Commons Attribution-ShareAlike; Creative Commons Attribution-NonCommercial-NoDerivatives; Creative Commons Attribution-ShareAlike 4.0 International,AIB studi,1,55,,https://aibstudi.aib.it/article/view/10965/10303; https://aibstudi.aib.it/article/view/10965/10338
http://www.wikidata.org/entity/Q103915812,La riforma Franceschini e l’anno delle biblioteche,Enrica Manenti (femmina),2015,,Scopus; DOAJ; Emerging Sources Citation Index,10.2426/AIBSTUDI-11386,Associazione Italiana Biblioteche,Creative Commons Attribution-ShareAlike; Creative Commons Attribution-NonCommercial-NoDerivatives; Creative Commons Attribution-ShareAlike 4.0 International,AIB studi,3,55,,https://aibstudi.aib.it/article/view/11386/10554; https://aibstudi.aib.it/article/view/11386/10604
http://www.wikidata.org/entity/Q103915814,Stefania Rossi Minutelli (Milano 3 ottobre 1945 - Mestre 10 ottobre 2008),Patrizia Bravetti (femmina),2015,Stefania Rossi Minutelli,Scopus; DOAJ; Emerging Sources Citation Index,10.2426/AIBSTUDI-11006,Associazione Italiana Biblioteche,Creative Commons Attribution-ShareAlike; Creative Commons Attribution-NonCommercial-NoDerivatives; Creative Commons Attribution-ShareAlike 4.0 International,AIB studi,1,55,,https://aibstudi.aib.it/article/view/11006/10300; https://aibstudi.aib.it/article/view/11006/10345
http://www.wikidata.org/entity/Q103915824,"Old wine, new bottle? Principi e metodi per una reale innovazione nelle prospettive LIS. Il parere di Marshall Breeding, Mauro Guerrini, David Weinberger, Paul Gabriele Weston, Maja Žumer",,2015,catalogazione,Scopus; DOAJ; Emerging Sources Citation Index,10.2426/AIBSTUDI-11384,Associazione Italiana Biblioteche,Creative Commons Attribution-ShareAlike; Creative Commons Attribution-NonCommercial-NoDerivatives; Creative Commons Attribution-ShareAlike 4.0 International,AIB studi,3,55,,https://aibstudi.aib.it/article/view/11384/10567; https://aibstudi.aib.it/article/view/11384/10615
http://www.wikidata.org/entity/Q103915836,Biblioteca digitale partecipata: le sfide per i bibliotecari,Anna Maria Tammaro (femmina); Matilde Fontanin (femmina),2015,,Scopus; DOAJ; Emerging Sources Citation Index,10.2426/AIBSTUDI-11215,Associazione Italiana Biblioteche,Creative Commons Attribution-ShareAlike; Creative Commons Attribution-NonCommercial-NoDerivatives; Creative Commons Attribution-ShareAlike 4.0 International,AIB studi,2,55,,https://aibstudi.aib.it/article/view/11215/10441; https://aibstudi.aib.it/article/view/11215/10489
http://www.wikidata.org/entity/Q103915839,Lamento costruttivo,Luciano Canfora (maschio),2015,,Scopus; DOAJ; Emerging Sources Citation Index,10.2426/AIBSTUDI-11004,Associazione Italiana Biblioteche,Creative Commons Attribution-ShareAlike; Creative Commons Attribution-NonCommercial-NoDerivatives; Creative Commons Attribution-ShareAlike 4.0 International,AIB studi,1,55,,https://aibstudi.aib.it/article/view/11004/10291; https://aibstudi.aib.it/article/view/11004/10341
http://www.wikidata.org/entity/Q103915907,Trent'anni di SBN,Simonetta Buttò (femmina),2016,,Scopus; DOAJ; Emerging Sources Citation Index,10.2426/AIBSTUDI-11492,Associazione Italiana Biblioteche,Creative Commons Attribution-ShareAlike; Creative Commons Attribution-NonCommercial-NoDerivatives; Creative Commons Attribution-ShareAlike 4.0 International,AIB studi,2,56,,https://aibstudi.aib.it/article/view/11492/10725; https://aibstudi.aib.it/article/view/11492/10734
http://www.wikidata.org/entity/Q103918125,"Fuga dal Novecento: su The Game, la rivoluzione digitale e altre catastrofi",Paola Castellucci (femmina),2020,rivoluzione digitale,Scopus; DOAJ; Emerging Sources Citation Index,10.2426/AIBSTUDI-11962,Associazione Italiana Biblioteche,Creative Commons Attribution-ShareAlike; Creative Commons Attribution-NonCommercial-NoDerivatives; Creative Commons Attribution-ShareAlike 4.0 International,AIB studi,1-2,59,,https://aibstudi.aib.it/article/view/11962/11469; https://aibstudi.aib.it/article/view/11962/11479
http://www.wikidata.org/entity/Q103915822,Appunti per un'agenda delle biblioteche italiane,Stefano Parise (maschio),2015,biblioteca pubblica,Scopus; DOAJ; Emerging Sources Citation Index,10.2426/AIBSTUDI-11171,Associazione Italiana Biblioteche,Creative Commons Attribution-ShareAlike; Creative Commons Attribution-NonCommercial-NoDerivatives; Creative Commons Attribution-ShareAlike 4.0 International,AIB studi,2,55,,https://aibstudi.aib.it/article/view/11171/10443; https://aibstudi.aib.it/article/view/11171/10492
http://www.wikidata.org/entity/Q103915831,Un'identità plurale per la biblioteca pubblica,Giovanni Di Domenico (maschio),2015,biblioteca pubblica,Scopus; DOAJ; Emerging Sources Citation Index,10.2426/AIBSTUDI-11197,Associazione Italiana Biblioteche,Creative Commons Attribution-ShareAlike; Creative Commons Attribution-NonCommercial-NoDerivatives; Creative Commons Attribution-ShareAlike 4.0 International,AIB studi,2,55,,https://aibstudi.aib.it/article/view/11197/10474; https://aibstudi.aib.it/article/view/11197/10500
http://www.wikidata.org/entity/Q103915843,Il BiblioPride 2014,Maria Abenante (femmina),2015,,Scopus; DOAJ; Emerging Sources Citation Index,10.2426/AIBSTUDI-11002,Associazione Italiana Biblioteche,Creative Commons Attribution-ShareAlike; Creative Commons Attribution-NonCommercial-NoDerivatives; Creative Commons Attribution-ShareAlike 4.0 International,AIB studi,1,55,,https://aibstudi.aib.it/article/view/11002/10290; https://aibstudi.aib.it/article/view/11002/10336
http://www.wikidata.org/entity/Q103915900,"Linked open data, linked open libraries. Note sulla giornata di studio “Dati nella rete” (Università di Salerno, 4 dicembre 2015)",Luigi Catalani (maschio),2016,dati aperti; linked open data; catalogo,Scopus; DOAJ; Emerging Sources Citation Index,10.2426/AIBSTUDI-11455,Associazione Italiana Biblioteche,Creative Commons Attribution-ShareAlike; Creative Commons Attribution-NonCommercial-NoDerivatives; Creative Commons Attribution-ShareAlike 4.0 International,AIB studi,2,56,,https://aibstudi.aib.it/article/view/11455/10729; https://aibstudi.aib.it/article/view/11455/10743
http://www.wikidata.org/entity/Q103915833,Valutazione della biblioteca e sondaggi sull’utenza nelle biblioteche accademiche degli Stati Uniti,Lisa Janicke Hinchliffe (femmina),2015,,Scopus; DOAJ; Emerging Sources Citation Index,10.2426/AIBSTUDI-11198,Associazione Italiana Biblioteche,Creative Commons Attribution-ShareAlike; Creative Commons Attribution-NonCommercial-NoDerivatives; Creative Commons Attribution-ShareAlike 4.0 International,AIB studi,2,55,,https://aibstudi.aib.it/article/view/11198/10470; https://aibstudi.aib.it/article/view/11198/10495
http://www.wikidata.org/entity/Q103915841,Biblioteca pubblica di ieri e di oggi: un'antologia degli scritti di Virginia Carini Dainotti,Anna Galluzzi (femmina),2015,biblioteca pubblica,Scopus; DOAJ; Emerging Sources Citation Index,10.2426/AIBSTUDI-11168,Associazione Italiana Biblioteche,Creative Commons Attribution-ShareAlike; Creative Commons Attribution-NonCommercial-NoDerivatives; Creative Commons Attribution-ShareAlike 4.0 International,AIB studi,2,55,,https://aibstudi.aib.it/article/view/11168/10444; https://aibstudi.aib.it/article/view/11168/10501
http://www.wikidata.org/entity/Q103915864,Novità e buoni propositi,Anna Galluzzi (femmina); Paul Gabriele Weston (maschio),2016,,Scopus; DOAJ; Emerging Sources Citation Index,10.2426/AIBSTUDI-11452,Associazione Italiana Biblioteche,Creative Commons Attribution-ShareAlike; Creative Commons Attribution-NonCommercial-NoDerivatives; Creative Commons Attribution-ShareAlike 4.0 International,AIB studi,1,56,,https://aibstudi.aib.it/article/view/11452/10665; https://aibstudi.aib.it/article/view/11452/10676
http://www.wikidata.org/entity/Q103915827,Il progetto BIBFRAME della Library of Congress: come stanno cambiando i modelli strutturali e comunicativi dei dati bibliografici,Antonella Trombone (femmina),2015,BIBFRAME,Scopus; DOAJ; Emerging Sources Citation Index,10.2426/AIBSTUDI-11100,Associazione Italiana Biblioteche,Creative Commons Attribution-ShareAlike; Creative Commons Attribution-NonCommercial-NoDerivatives; Creative Commons Attribution-ShareAlike 4.0 International,AIB studi,2,55,,https://aibstudi.aib.it/article/view/11100/10461; https://aibstudi.aib.it/article/view/11100/10499
http://www.wikidata.org/entity/Q103915873,I processi cognitivi nell'analisi concettuale dei documenti: una postilla tra biblioteconomia e linguistica,Alberto Cheti (maschio),2016,,Scopus; DOAJ; Emerging Sources Citation Index,10.2426/AIBSTUDI-11407,Associazione Italiana Biblioteche,Creative Commons Attribution-ShareAlike; Creative Commons Attribution-NonCommercial-NoDerivatives; Creative Commons Attribution-ShareAlike 4.0 International,AIB studi,1,56,,https://aibstudi.aib.it/article/view/11407/10664; https://aibstudi.aib.it/article/view/11407/10666
http://www.wikidata.org/entity/Q103915903,Information literacy e mondo del lavoro: un connubio possibile anche in Italia?,Tommaso Paiano (maschio),2016,information literacy,Scopus; DOAJ; Emerging Sources Citation Index,10.2426/AIBSTUDI-11451,Associazione Italiana Biblioteche,Creative Commons Attribution-ShareAlike; Creative Commons Attribution-NonCommercial-NoDerivatives; Creative Commons Attribution-ShareAlike 4.0 International,AIB studi,2,56,,https://aibstudi.aib.it/article/view/11451/10727; https://aibstudi.aib.it/article/view/11451/10738
http://www.wikidata.org/entity/Q103901321,"Conoscenza, cittadinanza, sviluppo: appunti sulla biblioteca pubblica come servizio sociale",Giovanni Di Domenico (maschio),2013,,Scopus; DOAJ; Emerging Sources Citation Index,10.2426/AIBSTUDI-8875,Associazione Italiana Biblioteche,Creative Commons Attribution-ShareAlike; Creative Commons Attribution-NonCommercial-NoDerivatives; Creative Commons Attribution-ShareAlike 4.0 International,AIB studi,1,53,,https://aibstudi.aib.it/article/view/8875/8090; https://aibstudi.aib.it/article/view/8875/8134
http://www.wikidata.org/entity/Q103915888,Dokk1: la co-creazione come nuovo metodo di lavoro in biblioteca,Sidsel Bech-Petersen (femmina),2016,design thinking,Scopus; DOAJ; Emerging Sources Citation Index,10.2426/AIBSTUDI-11510,Associazione Italiana Biblioteche,Creative Commons Attribution-ShareAlike; Creative Commons Attribution-NonCommercial-NoDerivatives; Creative Commons Attribution-ShareAlike 4.0 International,AIB studi,3,56,,https://aibstudi.aib.it/article/view/11510/10795; https://aibstudi.aib.it/article/view/11510/10806
http://www.wikidata.org/entity/Q103915818,Le biblioteche di Luigi Crocetti,Simonetta Buttò (femmina),2015,biblioteca,Scopus; DOAJ; Emerging Sources Citation Index,10.2426/AIBSTUDI-11385,Associazione Italiana Biblioteche,Creative Commons Attribution-ShareAlike; Creative Commons Attribution-NonCommercial-NoDerivatives; Creative Commons Attribution-ShareAlike 4.0 International,AIB studi,3,55,,https://aibstudi.aib.it/article/view/11385/10555; https://aibstudi.aib.it/article/view/11385/10611
http://www.wikidata.org/entity/Q103901322,"Così lontani, così vicini: i possibili alleati delle biblioteche nelle sfide per la trasmissione delle conoscenze",Roberto Raieli (maschio),2013,,Scopus; DOAJ; Emerging Sources Citation Index,10.2426/AIBSTUDI-8871,Associazione Italiana Biblioteche,Creative Commons Attribution-ShareAlike; Creative Commons Attribution-NonCommercial-NoDerivatives; Creative Commons Attribution-ShareAlike 4.0 International,AIB studi,1,53,,https://aibstudi.aib.it/article/view/8871/8103; https://aibstudi.aib.it/article/view/8871/8125
http://www.wikidata.org/entity/Q103915866,Wikidata: la soluzione wikimediana ai linked open data,Luca Martinelli (maschio),2016,Wikidata; linked open data,Scopus; DOAJ; Emerging Sources Citation Index,10.2426/AIBSTUDI-11434,Associazione Italiana Biblioteche,Creative Commons Attribution-ShareAlike; Creative Commons Attribution-NonCommercial-NoDerivatives; Creative Commons Attribution-ShareAlike 4.0 International,AIB studi,1,56,,https://aibstudi.aib.it/article/view/11434/10655; https://aibstudi.aib.it/article/view/11434/10669
http://www.wikidata.org/entity/Q103915875,Trent’anni di Dewey in Italia: il ruolo della Biblioteca nazionale centrale di Firenze e i nuovi sviluppi sul fronte dell’interoperabilità con altri strumenti di indicizzazione semantica,Maria Chiara Giunti (femmina); Laura Crociani (femmina),2016,classificazione decimale Dewey,Scopus; DOAJ; Emerging Sources Citation Index,10.2426/AIBSTUDI-11408,Associazione Italiana Biblioteche,Creative Commons Attribution-ShareAlike; Creative Commons Attribution-NonCommercial-NoDerivatives; Creative Commons Attribution-ShareAlike 4.0 International,AIB studi,1,56,,https://aibstudi.aib.it/article/view/11408/10653; https://aibstudi.aib.it/article/view/11408/10670
http://www.wikidata.org/entity/Q103918128,Digital humanities e biblioteche,Maurizio Lana (maschio),2020,digital humanities,Scopus; DOAJ; Emerging Sources Citation Index,10.2426/AIBSTUDI-11862,Associazione Italiana Biblioteche,Creative Commons Attribution-ShareAlike; Creative Commons Attribution-NonCommercial-NoDerivatives; Creative Commons Attribution-ShareAlike 4.0 International,AIB studi,1-2,59,,https://aibstudi.aib.it/article/view/11862/11468; https://aibstudi.aib.it/article/view/11862/11477
http://www.wikidata.org/entity/Q103915809,Contro le unanticipated consequences della valutazione quantitativa della ricerca: il Leiden Manifesto for research metrics,Chiara Faggiolani (femmina),2015,bibliometria,Scopus; DOAJ; Emerging Sources Citation Index,10.2426/AIBSTUDI-11366,Associazione Italiana Biblioteche,Creative Commons Attribution-ShareAlike; Creative Commons Attribution-NonCommercial-NoDerivatives; Creative Commons Attribution-ShareAlike 4.0 International,AIB studi,3,55,,https://aibstudi.aib.it/article/view/11366/10556; https://aibstudi.aib.it/article/view/11366/10613
http://www.wikidata.org/entity/Q103915835,"ISSN e i suoi fratelli: la lunga marcia dei codici internazionali. Prima parte. UNESCO, ISO e il primogenito",Flavia Cancedda (femmina),2015,,Scopus; DOAJ; Emerging Sources Citation Index,10.2426/AIBSTUDI-11185,Associazione Italiana Biblioteche,Creative Commons Attribution-ShareAlike; Creative Commons Attribution-NonCommercial-NoDerivatives; Creative Commons Attribution-ShareAlike 4.0 International,AIB studi,2,55,,https://aibstudi.aib.it/article/view/11185/10463; https://aibstudi.aib.it/article/view/11185/10502
http://www.wikidata.org/entity/Q103915869,Una riflessione sui beni librari e archeologici a un secolo dalla grande guerra,Loretta De Franceschi (femmina); Maria Elisa Micheli (femmina),2016,prima guerra mondiale,Scopus; DOAJ; Emerging Sources Citation Index,10.2426/AIBSTUDI-11406,Associazione Italiana Biblioteche,Creative Commons Attribution-ShareAlike; Creative Commons Attribution-NonCommercial-NoDerivatives; Creative Commons Attribution-ShareAlike 4.0 International,AIB studi,1,56,,https://aibstudi.aib.it/article/view/11406/10656; https://aibstudi.aib.it/article/view/11406/10673
http://www.wikidata.org/entity/Q103915893,La visibilità – e l’impatto? – nel Web ai tempi dei social: i principali strumenti di altmetrics,Simona Turbanti (femmina),2016,Web beacon,Scopus; DOAJ; Emerging Sources Citation Index,10.2426/AIBSTUDI-11410,Associazione Italiana Biblioteche,Creative Commons Attribution-ShareAlike; Creative Commons Attribution-NonCommercial-NoDerivatives; Creative Commons Attribution-ShareAlike 4.0 International,AIB studi,1,56,,https://aibstudi.aib.it/article/view/11410/10660; https://aibstudi.aib.it/article/view/11410/10667
http://www.wikidata.org/entity/Q103901324,ISO 16439: un nuovo standard per valutare l’impatto delle biblioteche,Giovanni Di Domenico (maschio),2014,ISO 16439:2014,Scopus; DOAJ; Emerging Sources Citation Index,10.2426/AIBSTUDI-10279,Associazione Italiana Biblioteche,Creative Commons Attribution-ShareAlike; Creative Commons Attribution-NonCommercial-NoDerivatives; Creative Commons Attribution-ShareAlike 4.0 International,AIB studi,2/3,54,,https://aibstudi.aib.it/article/view/10279/10141; https://aibstudi.aib.it/article/view/10279/10199
http://www.wikidata.org/entity/Q103915819,Il lavoro in biblioteca? Non è mai una questione di «ordinaria amministrazione». Conversazione con Anna Maria Giorgetti Vichi,Tiziana Stagi (femmina); Alberto Petrucciani (maschio),2015,Anna Maria Giorgetti Vichi,Scopus; DOAJ; Emerging Sources Citation Index,10.2426/AIBSTUDI-11368,Associazione Italiana Biblioteche,Creative Commons Attribution-ShareAlike; Creative Commons Attribution-NonCommercial-NoDerivatives; Creative Commons Attribution-ShareAlike 4.0 International,AIB studi,3,55,,https://aibstudi.aib.it/article/view/11368/10557; https://aibstudi.aib.it/article/view/11368/10612
http://www.wikidata.org/entity/Q103915887,'Le biblioteche pagano': discorso di apertura del CILIP PMLG Teachmeet,Nick Poole (maschio),2016,,Scopus; DOAJ; Emerging Sources Citation Index,10.2426/AIBSTUDI-11540,Associazione Italiana Biblioteche,Creative Commons Attribution-ShareAlike; Creative Commons Attribution-NonCommercial-NoDerivatives; Creative Commons Attribution-ShareAlike 4.0 International,AIB studi,3,56,,https://aibstudi.aib.it/article/view/11540/10791; https://aibstudi.aib.it/article/view/11540/10810
http://www.wikidata.org/entity/Q103915883,"Le istituzioni culturali nel semantic Web: riflessioni a margine di Linked data per biblioteche, archivi e musei di Mauro Guerrini e Tiziana Possemato",Valeria Lo Castro (femmina),2016,web semantico,Scopus; DOAJ; Emerging Sources Citation Index,10.2426/AIBSTUDI-11437,Associazione Italiana Biblioteche,Creative Commons Attribution-ShareAlike; Creative Commons Attribution-NonCommercial-NoDerivatives; Creative Commons Attribution-ShareAlike 4.0 International,AIB studi,1,56,,https://aibstudi.aib.it/article/view/11437/10654; https://aibstudi.aib.it/article/view/11437/10672
http://www.wikidata.org/entity/Q103915881,Le biblioteche daranno i numeri: alcune riflessioni su Library analytics and metrics a cura di Ben Showers,Chiara Consonni (femmina),2016,biblioteca,Scopus; DOAJ; Emerging Sources Citation Index,10.2426/AIBSTUDI-11415,Associazione Italiana Biblioteche,Creative Commons Attribution-ShareAlike; Creative Commons Attribution-NonCommercial-NoDerivatives; Creative Commons Attribution-ShareAlike 4.0 International,AIB studi,1,56,,https://aibstudi.aib.it/article/view/11415/10657; https://aibstudi.aib.it/article/view/11415/10671
http://www.wikidata.org/entity/Q103915895,I sistemi per la gestione delle risorse elettroniche (PRIMA PARTE). Gli electronic resources management systems (ERMS),Sara Dinotola (femmina),2016,,Scopus; DOAJ; Emerging Sources Citation Index,10.2426/AIBSTUDI-11411,Associazione Italiana Biblioteche,Creative Commons Attribution-ShareAlike; Creative Commons Attribution-NonCommercial-NoDerivatives; Creative Commons Attribution-ShareAlike 4.0 International,AIB studi,1,56,,https://aibstudi.aib.it/article/view/11411/10661; https://aibstudi.aib.it/article/view/11411/10668
http://www.wikidata.org/entity/Q103915898,Il nuovo modello concettuale dell’universo bibliografico: FRBR Library Reference Model,Pat Riva (femmina),2016,IFLA Library Reference Model,Scopus; DOAJ; Emerging Sources Citation Index,10.2426/AIBSTUDI-11480,Associazione Italiana Biblioteche,Creative Commons Attribution-ShareAlike; Creative Commons Attribution-NonCommercial-NoDerivatives; Creative Commons Attribution-ShareAlike 4.0 International,AIB studi,2,56,,https://aibstudi.aib.it/article/view/11480/10740; https://aibstudi.aib.it/article/view/11480/10746
http://www.wikidata.org/entity/Q36464134,I cinquant'anni della Biblioteca dell'Istituto superiore di sanità,,1986,biblioteca; biomedicina,Scopus; Science Citation Index Expanded,,Istituto Superiore di Sanità,Creative Commons Attribution-NonCommercial-NoDerivatives,Annali dell'Istituto Superiore di Sanità,4,22,1163-1166,
http://www.wikidata.org/entity/Q36484116,Biblioteche e centri di documentazione nell'educazione sanitaria: realtà e prospettive,Maria Antonia Modolo (femmina); Marcello Catanelli (maschio),1986,biblioteca; biomedicina,Scopus; Science Citation Index Expanded,,Istituto Superiore di Sanità,Creative Commons Attribution-NonCommercial-NoDerivatives,Annali dell'Istituto Superiore di Sanità,4,22,1235-1236,
http://www.wikidata.org/entity/Q36464146,Servizio documentazione dell'Istituto superiore di sanità: presupposto all'attività di ricerca,,1986,biblioteca; biomedicina,Scopus; Science Citation Index Expanded,,Istituto Superiore di Sanità,Creative Commons Attribution-NonCommercial-NoDerivatives,Annali dell'Istituto Superiore di Sanità,4,22,1315-1317,
http://www.wikidata.org/entity/Q36464142,Gestione dell'informazione bibliografica nelle biblioteche scientifiche degli Istituti ortopedici Rizzoli di Bologna,,1986,Bologna; biblioteca; biomedicina,Scopus; Science Citation Index Expanded,,Istituto Superiore di Sanità,Creative Commons Attribution-NonCommercial-NoDerivatives,Annali dell'Istituto Superiore di Sanità,4,22,1271,
http://www.wikidata.org/entity/Q36484107,Il ruolo della biblioteca e del Servizio documentazione dell'Istituto superiore di sanità nell'ambito del Servizio sanitario nazionale,Vilma Alberani (femmina),1986,biblioteca; biomedicina,Scopus; Science Citation Index Expanded,,Istituto Superiore di Sanità,Creative Commons Attribution-NonCommercial-NoDerivatives,Annali dell'Istituto Superiore di Sanità,4,22,1223-1227,
http://www.wikidata.org/entity/Q36484122,Note per una biblioteca di nuova concezione e realizzazione presso la USL 25 di Verona,Ettore Bertazzoni (maschio),1986,biblioteca; biomedicina,Scopus; Science Citation Index Expanded,,Istituto Superiore di Sanità,Creative Commons Attribution-NonCommercial-NoDerivatives,Annali dell'Istituto Superiore di Sanità,4,22,1239-1240,
http://www.wikidata.org/entity/Q36484126,Esperienze di una biblioteca biomedica in un ospedale clinicizzato,Annapaola Boy (femmina),1986,biblioteca; biomedicina,Scopus; Science Citation Index Expanded,,Istituto Superiore di Sanità,Creative Commons Attribution-NonCommercial-NoDerivatives,Annali dell'Istituto Superiore di Sanità,4,22,1241-1242,
http://www.wikidata.org/entity/Q36484132,La situazione della Biblioteca dell'Assessorato alla sanità ed assistenza della Regione Piemonte,Anna Maria Carusi (femmina),1986,biblioteca; biomedicina,Scopus; Science Citation Index Expanded,,Istituto Superiore di Sanità,Creative Commons Attribution-NonCommercial-NoDerivatives,Annali dell'Istituto Superiore di Sanità,4,22,1243-1244,
http://www.wikidata.org/entity/Q36484137,Unità sanitarie locali e biblioteca: Roma e provincia,Demetrio R. Cichi (maschio),1986,biblioteca; biomedicina,Scopus; Science Citation Index Expanded,,Istituto Superiore di Sanità,Creative Commons Attribution-NonCommercial-NoDerivatives,Annali dell'Istituto Superiore di Sanità,4,22,1245-1246,
http://www.wikidata.org/entity/Q36484143,Il ruolo dell'Osservatorio epidemiologico regionale (OER) e suoi collegamenti con le strutture sanitarie,Francesco Forastiere (maschio),1986,biblioteca; biomedicina,Scopus; Science Citation Index Expanded,,Istituto Superiore di Sanità,Creative Commons Attribution-NonCommercial-NoDerivatives,Annali dell'Istituto Superiore di Sanità,4,22,1247-1249,
http://www.wikidata.org/entity/Q36484148,Analisi delle strutture bibliotecarie delle unità sanitarie locali in Emilia Romagna: primi dati e riflessioni,Rita Iori (femmina),1986,biblioteca; biomedicina,Scopus; Science Citation Index Expanded,,Istituto Superiore di Sanità,Creative Commons Attribution-NonCommercial-NoDerivatives,Annali dell'Istituto Superiore di Sanità,4,22,1251-1252,
http://www.wikidata.org/entity/Q36484157,Indagine conoscitiva sulle biblioteche biomediche delle unità sanitarie locali a Palermo: considerazioni sulle risorse,Duilia Martellucci (femmina),1986,biblioteca; biomedicina,Scopus; Science Citation Index Expanded,,Istituto Superiore di Sanità,Creative Commons Attribution-NonCommercial-NoDerivatives,Annali dell'Istituto Superiore di Sanità,4,22,1253-1254,
http://www.wikidata.org/entity/Q36484095,Biblioteche biomediche in Puglia,Antonio Pasculli (maschio),1986,biblioteca; biomedicina,Scopus; Science Citation Index Expanded,,Istituto Superiore di Sanità,Creative Commons Attribution-NonCommercial-NoDerivatives,Annali dell'Istituto Superiore di Sanità,4,22,1207,
http://www.wikidata.org/entity/Q36484160,Indagine sulle strutture bibliotecarie delle USL del Friuli-Venezia Giulia e della Liguria,Fulvia Sirocco (femmina),1986,biblioteca; biomedicina,Scopus; Science Citation Index Expanded,,Istituto Superiore di Sanità,Creative Commons Attribution-NonCommercial-NoDerivatives,Annali dell'Istituto Superiore di Sanità,4,22,1255-1259,
http://www.wikidata.org/entity/Q36484102,La formazione professionale del bibliotecario-documentalista in Italia: riferimenti all'ambito biomedico,Maria Gioia Tavoni (femmina); Valentina Comba (femmina),1986,Italia; biblioteca; biomedicina,Scopus; Science Citation Index Expanded,,Istituto Superiore di Sanità,Creative Commons Attribution-NonCommercial-NoDerivatives,Annali dell'Istituto Superiore di Sanità,4,22,1215-1219,
http://www.wikidata.org/entity/Q136456633,Come la Biblioteca dell'Università cattolica del Sacro Cuore risponde alle esigenze di informazione dell'utenza universitaria e ospedaliera,Demetrio R. Cichi (maschio),1986,università; biblioteca,Scopus; Science Citation Index Expanded,,Istituto Superiore di Sanità,Creative Commons Attribution-NonCommercial-NoDerivatives,Annali dell'Istituto Superiore di Sanità,4,22,1179-1181,
http://www.wikidata.org/entity/Q136593412,Milano: come una grande università supplisce alla mancanza di una biblioteca biomedica centrale,Silvia Cantaluppi (femmina),1986,università; biblioteca,Scopus; Science Citation Index Expanded,,Istituto Superiore di Sanità,Creative Commons Attribution-NonCommercial-NoDerivatives,Annali dell'Istituto Superiore di Sanità,4,22,1197-1199,
http://www.wikidata.org/entity/Q136665118,Le biblioteche biomediche dell'Università di Roma,Luciana D'Antone (femmina),1986,università; biblioteca,Scopus; Science Citation Index Expanded,,Istituto Superiore di Sanità,Creative Commons Attribution-NonCommercial-NoDerivatives,Annali dell'Istituto Superiore di Sanità,4,22,1203-1204,
http://www.wikidata.org/entity/Q136678249,"Le biblioteche della Facoltà di medicina di Torino: analisi, critica, progetto",,1986,università; biblioteca,Scopus; Science Citation Index Expanded,,Istituto Superiore di Sanità,Creative Commons Attribution-NonCommercial-NoDerivatives,Annali dell'Istituto Superiore di Sanità,4,22,1201-1202,
http://www.wikidata.org/entity/Q69776453,Ruolo della documentazione nei processi decisionali del settore farmaci,,1986,biblioteca; farmacia; biomedicina,Scopus; Science Citation Index Expanded,,Istituto Superiore di Sanità,Creative Commons Attribution-NonCommercial-NoDerivatives,Annali dell'Istituto Superiore di Sanità,4,22,1341-1343,
http://www.wikidata.org/entity/Q69776444,"Presentazione e recenti realizzazioni del Centro di informazione scientifica ""Francesco Angelini""",,1986,biblioteca; biomedicina,Scopus; Science Citation Index Expanded,,Istituto Superiore di Sanità,Creative Commons Attribution-NonCommercial-NoDerivatives,Annali dell'Istituto Superiore di Sanità,4,22,1337,
http://www.wikidata.org/entity/Q69776340,"Convegno su Biblioteche e centri di documentazione nella biomedicina: realtà e prospettive: Istituto superiore di sanità, Roma, 12-14 dicembre 1984: atti",,1986,biblioteca; biomedicina,Scopus; Science Citation Index Expanded,,Istituto Superiore di Sanità,Creative Commons Attribution-NonCommercial-NoDerivatives,Annali dell'Istituto Superiore di Sanità,4,22,1155-1362,
http://www.wikidata.org/entity/Q69776436,The Institut National de la Santé et de la Recherche Médicale (INSERM) and biomedical information in France,,1986,biblioteca; biomedicina,Scopus; Science Citation Index Expanded,,Istituto Superiore di Sanità,Creative Commons Attribution-NonCommercial-NoDerivatives,Annali dell'Istituto Superiore di Sanità,4,22,1319-1323,
http://www.wikidata.org/entity/Q69776400,Servizio documentazione dell'Istituto nazionale per la ricerca sul cancro: organizzazione e collegamenti,Donatella Ugolini (femmina),1986,biblioteca; biomedicina,Scopus; Science Citation Index Expanded,,Istituto Superiore di Sanità,Creative Commons Attribution-NonCommercial-NoDerivatives,Annali dell'Istituto Superiore di Sanità,4,22,1277-1279,
http://www.wikidata.org/entity/Q36484169,"Ruolo dell'Istituto nazionale tumori di Milano nell'ambito della politica sanitaria nazionale, con particolare riguardo all'informazione biomedica",,1986,,Scopus; Science Citation Index Expanded,,Istituto Superiore di Sanità,Creative Commons Attribution-NonCommercial-NoDerivatives,Annali dell'Istituto Superiore di Sanità,4,22,1267,
http://www.wikidata.org/entity/Q36484194,L'esperienza del ricercatore,Giorgio Bignami (maschio),1986,biblioteca; biomedicina,Scopus; Science Citation Index Expanded,,Istituto Superiore di Sanità,Creative Commons Attribution-NonCommercial-NoDerivatives,Annali dell'Istituto Superiore di Sanità,4,22,1293,
http://www.wikidata.org/entity/Q36484182,La Biblioteca dell'Istituto scientifico San Raffaele: panorama dell'attività,Marisa Rocca (femmina),1986,biblioteca; biomedicina,Scopus; Science Citation Index Expanded,,Istituto Superiore di Sanità,Creative Commons Attribution-NonCommercial-NoDerivatives,Annali dell'Istituto Superiore di Sanità,4,22,1275-1276,
http://www.wikidata.org/entity/Q36484219,Rassegna sull'automazione nelle biblioteche biomediche italiane,Maria Pia Carosella (femmina),1986,Italia; biblioteca; automazione; biomedicina,Scopus; Science Citation Index Expanded,,Istituto Superiore di Sanità,Creative Commons Attribution-NonCommercial-NoDerivatives,Annali dell'Istituto Superiore di Sanità,4,22,1353-1362,
http://www.wikidata.org/entity/Q36484198,L'esperienza del medico del territorio,Alessandro Cunego (maschio),1986,biblioteca; biomedicina,Scopus; Science Citation Index Expanded,,Istituto Superiore di Sanità,Creative Commons Attribution-NonCommercial-NoDerivatives,Annali dell'Istituto Superiore di Sanità,4,22,1295,
http://www.wikidata.org/entity/Q36484165,Biblioteche biomediche in Trentino-Alto Adige: situazione e prospettive,Alda Sittoni (femmina),1986,biblioteca; biomedicina,Scopus; Science Citation Index Expanded,,Istituto Superiore di Sanità,Creative Commons Attribution-NonCommercial-NoDerivatives,Annali dell'Istituto Superiore di Sanità,4,22,1261-1263,
http://www.wikidata.org/entity/Q36484173,Rapporti tra un istituto scientifico e le banche dati in biomedicina,Giampaolo Zappa (maschio),1986,biblioteca; biomedicina,Scopus; Science Citation Index Expanded,,Istituto Superiore di Sanità,Creative Commons Attribution-NonCommercial-NoDerivatives,Annali dell'Istituto Superiore di Sanità,4,22,1269,
http://www.wikidata.org/entity/Q36484177,Una biblioteca specializzata di un istituto di ricerca: la Gustavus A. Pfeiffer Memorial Library,,1986,biblioteca; biomedicina,Scopus; Science Citation Index Expanded,,Istituto Superiore di Sanità,Creative Commons Attribution-NonCommercial-NoDerivatives,Annali dell'Istituto Superiore di Sanità,4,22,1273,
http://www.wikidata.org/entity/Q131469817,"Professione, risorse, cambiamento: a colloquio con Yen-Tsai Feng",Marco Cupellaro (maschio),1990,professione; bibliotecario,,,,,Associazione Italiana Biblioteche,2,30,137-142,
http://www.wikidata.org/entity/Q125017954,Descrizione di nuovi entozoi trovati in alcuni molluschi d' acqua dolce,Filippo De Filippi (maschio),,,,,,,biblioteca Italiana,,87,333-340,
http://www.wikidata.org/entity/Q136491214,Discorso sopra l'Iseo e il Temistio del Mai,Pietro Giordani (maschio),1816,Angelo Mai; attività traduttiva,,,,,biblioteca Italiana,,,,
http://www.wikidata.org/entity/Q136940308,articolo di Carlo Ottavio Castiglioni,Carlo Ottavio Castiglioni (maschio),1829,alfabeto gotico; Ulfila,,,,,biblioteca Italiana,,54,201,
http://www.wikidata.org/entity/Q101086004,How to Record a Conflict? The Communities of the German Part of the Diocese of Trent during the Late Middle Ages,,2015,,,,,,Fondazione Bruno Kessler,,,101-118,
http://www.wikidata.org/entity/Q99661235,"A new Jujiroa from Sichuan, China (Coleoptera, Carabidae)",,1994,Coleoptera; Carabidae,Scopus; Science Citation Index Expanded,10.5038/1827-806X.23.3.4,Società Speleologica Italiana,Creative Commons Attribution,International Journal of Speleology,3/4,23,179-190,
http://www.wikidata.org/entity/Q127868956,Un articolo sconosciuto di Antonio Panizzi sull'Orlando innamorato,Enzo Bottasso (maschio),1982,bibliografia; bibliotecario,Scopus; Arts and Humanities Citation Index,,,,Giornale storico della letteratura italiana,507,,397-403,
http://www.wikidata.org/entity/Q134444975,Della pretesa incredulità di Dante,Michele Barbi (maschio),1889,,Scopus; Arts and Humanities Citation Index,,,,Giornale storico della letteratura italiana,,13,37-69,
http://www.wikidata.org/entity/Q99573989,"Ragni delle Filippine, 1. Un nuovo Althepus cavernicolo dell'Isola di Mindanao (Araneae, Ochyroceratidae)",,1973,ragno; Ochyroceratidae,Scopus; Science Citation Index Expanded,10.5038/1827-806X.5.2.2,Società Speleologica Italiana,Creative Commons Attribution,International Journal of Speleology,2,5,111-115,
http://www.wikidata.org/entity/Q134445011,Per una edizione della Vita Nuova,Michele Barbi (maschio),1908,Vita Nuova,SCImago Journal Rank,,Il Mulino,,La Cultura,,27,225-228,https://books.google.it/books?id=rPy_5UfWsocC&pg=PA225
http://www.wikidata.org/entity/Q112913686,Tre lezioni sulla guerriglia (I - Il diritto del più debole),Gastone Breccia (maschio),2010,,Scopus,,GEDI Gruppo Editoriale,,Limes,,5/2010,243–258,
http://www.wikidata.org/entity/Q112913666,Guerra senza fine tra i monti del Waziristan,Gastone Breccia (maschio),2008,,Scopus,,GEDI Gruppo Editoriale,,Limes,,1/2008,153–160,
http://www.wikidata.org/entity/Q112913673,Nella terra indomabile,Gastone Breccia (maschio),2011,,Scopus,,GEDI Gruppo Editoriale,,Limes,,2011,289–301,
http://www.wikidata.org/entity/Q112913684,"Siria, il risveglio dei fantasmi di Hamah",Gastone Breccia (maschio),2011,,Scopus,,GEDI Gruppo Editoriale,,Limes,,3/2011,103–109,
http://www.wikidata.org/entity/Q112913688,Tre lezioni sulla guerriglia (III - Manuale di controguerriglia),Gastone Breccia (maschio),2011,,Scopus,,GEDI Gruppo Editoriale,,Limes,,2011,293–309,
http://www.wikidata.org/entity/Q112913687,Tre lezioni sulla guerriglia (II - la guerra irregolare nella storia),Gastone Breccia (maschio),2010,,Scopus,,GEDI Gruppo Editoriale,,Limes,,6/2010,263–281,
http://www.wikidata.org/entity/Q135399994,"Gli archivi di Stato: una forma di sapere ""segreto"" o pubblico?",Isabella Zanni Rosiello (femmina),1981,archivistica,Scopus; Arts and Humanities Citation Index; Journal Citation Reports; SCImago Journal Rank,,Il Mulino,,Quaderni storici,,47,624-638,
http://www.wikidata.org/entity/Q135442878,Spurghi e distruzioni di carte d'archivio,Isabella Zanni Rosiello (femmina),1983,archivistica,Scopus; Arts and Humanities Citation Index; Journal Citation Reports; SCImago Journal Rank,,Il Mulino,,Quaderni storici,,54,985-1017,
http://www.wikidata.org/entity/Q107620404,Microstorie magistrali: Emma Tettoni fra carduccianesimo e reti emancipative,Loredana Magazzeni (femmina),2015,femminismo; Emma Tettoni,Scopus,10.6092/ISSN.1970-2221/5911,Università di Bologna,Creative Commons Attribution-NonCommercial-NoDerivatives,Ricerche di Pedagogia e Didattica,3,10,33-44,https://rpd.unibo.it/article/view/5911/5632
http://www.wikidata.org/entity/Q128795587,Renzo Cianchi,Mauro Guerrini (maschio),1987,bibliografia; bibliotecario; Renzo Cianchi,,,,,Raccolta Vinciana,,22,612; 604,
http://www.wikidata.org/entity/Q127598311,"Verrocchio e Leonardo,  Leonardo e Credi",Bernard Berenson (maschio),,,,,L'Erma di Bretschneider,,Bollettino d'Arte,,,,http://www.bollettinodarte.beniculturali.it/opencms/multimedia/BollettinoArteIt/documents/1558697698745_03_-_Berenson_193.pdf; http://www.bollettinodarte.beniculturali.it/opencms/multimedia/BollettinoArteIt/documents/1437576267370_03_-_Berenson_241.pdf
http://www.wikidata.org/entity/Q127868932,Gli anni bolognesi di Corrado Ricci,Giovanna Bosi Maramotti (femmina),2000,bibliografia; bibliotecario,Scopus; DOAJ,,,,Annali della Scuola Normale Superiore di Pisa. Classe di Lettere e Filosofia,2,4a 5,489-499,
http://www.wikidata.org/entity/Q134393758,Nuova tomba etrusca a Quinto Fiorentino,Giacomo Caputo (maschio),1959,,Scopus; SCImago Journal Rank,,Giorgio Bretschneider Editore,,Studi Etruschi,,27,269-270,https://www.studietruschi.org/nuova-tomba-etrusca-a-quinto-fiorentino-g-caputo-p-269
http://www.wikidata.org/entity/Q134393757,Presentazione del Rilievo di Fiesole antica I,Guglielmo Maetzke (maschio); Giacomo Caputo (maschio),1959,,Scopus; SCImago Journal Rank,,Giorgio Bretschneider Editore,,Studi Etruschi,,27,41-43,https://www.studietruschi.org/g-caputo-g-maetzke-presentazione-del-rilievo-di-fiesole-antica-p-41
http://www.wikidata.org/entity/Q134393756,Nuova testa fittile del tempio di Luni,Giacomo Caputo (maschio),1956,,Scopus; SCImago Journal Rank,,Giorgio Bretschneider Editore,,Studi Etruschi,,24,221-226,https://www.studietruschi.org/g-caputo-nuova-testa-fittile-del-tempio-di-luni-p-221
http://www.wikidata.org/entity/Q134393762,Luigi Lanzi antiquario della galleria fiorentina,Giacomo Caputo (maschio),1961,,Scopus; SCImago Journal Rank,,Giorgio Bretschneider Editore,,Studi Etruschi,,29,XXXIX-XLX,https://www.studietruschi.org/?page_id=7872&preview=true
http://www.wikidata.org/entity/Q134393760,Rassegna degli scavi e delle scoperte: Territorio della Soprintendenza alle Antichità dell’Etruria in Firenze dal 1 Luglio 1958 al 30 Giugno 1959,Ferrante Rittatore Vonwiller (maschio); Giacomo Caputo (maschio); Giorgio Monaco (maschio); Anna Talocchini (femmina); Mario Bizzarri (maschio),1959,,Scopus; SCImago Journal Rank,,Giorgio Bretschneider Editore,,Studi Etruschi,,27,221-224,https://www.studietruschi.org/rassegna-degli-scavi-e-delle-scoperte-p-221
http://www.wikidata.org/entity/Q134393761,Rassegna degli scavi e delle scoperte - Territorio della Soprintendenza alle Antichità dell’Etruria in Firenze dal 1° Luglio 1959 al 30 Giugno 1960,Clelia Laviosa (femmina); Giacomo Caputo (maschio); Giorgio Monaco (maschio); Piera Bocci Pacini (femmina); Anna Talocchini (femmina); Mario Bizzarri (maschio),1960,,Scopus; SCImago Journal Rank,,Giorgio Bretschneider Editore,,Studi Etruschi,,28,439-442,https://www.studietruschi.org/rassegna-degli-scavi-e-delle-scoperte-p-349
http://www.wikidata.org/entity/Q134393763,Il convegno di Corridonia in onore di Luigi Lanzi,Giacomo Caputo (maschio),1961,,Scopus; SCImago Journal Rank,,Giorgio Bretschneider Editore,,Studi Etruschi,,29,XIX-XX,https://www.studietruschi.org/il-convegno-di-corridonia-in-onore-di-luigi-lanzi-p-xix
http://www.wikidata.org/entity/Q134513674,La tradizione etrusca del Grifo e l'emblema di Perugia,Giacomo Caputo (maschio),1961,,Scopus; SCImago Journal Rank,,Giorgio Bretschneider Editore,,Studi Etruschi,,29,417-422,https://www.studietruschi.org/g-caputo-la-tradizione-del-grifo-perugino-p-417
http://www.wikidata.org/entity/Q134513673,L'esplorazione archeologica della fascia di confine dell'Etruria orientale,Giacomo Caputo (maschio),1961,,Scopus; SCImago Journal Rank,,Giorgio Bretschneider Editore,,Studi Etruschi,,29,409-416,https://www.studietruschi.org/?page_id=7963&preview=true
http://www.wikidata.org/entity/Q134513678,Rassegna degli scavi e delle scoperte avvenuti nel territorio della Soprintendenza alle Antichità di Etruria dal 1 Luglio 1962 al 30 Giugno 1963 - Prov. di Grosseto,Giacomo Caputo (maschio),1963,,Scopus; SCImago Journal Rank,,Giorgio Bretschneider Editore,,Studi Etruschi,,31,169,https://www.studietruschi.org/rassegna-degli-scavi-e-delle-scoperte-p-169
http://www.wikidata.org/entity/Q134513679,L'obelos della Montagnola,Giacomo Caputo (maschio),1965,,Scopus; SCImago Journal Rank,,Giorgio Bretschneider Editore,,Studi Etruschi,,33,521-522,https://www.studietruschi.org/g-caputo-lobelos-della-montagnola-p-515
http://www.wikidata.org/entity/Q134513692,La tholos della Mula in nuovo rilievo,Giacomo Caputo (maschio),1970,,Scopus; SCImago Journal Rank,,Giorgio Bretschneider Editore,,Studi Etruschi,,38,367-368,https://www.studietruschi.org/caputo-g-la-tholos-della-mula-in-un-nuovo-rilievo-p-367
http://www.wikidata.org/entity/Q134513697,Rassegna degli scavi e delle scoperte avvenuti dal 1° Gennaio al 31 dicembre 1970 - Territorio della Soprintendenza alle Antichità dell’Umbria,Giacomo Caputo (maschio),1971,,Scopus; SCImago Journal Rank,,Giorgio Bretschneider Editore,,Studi Etruschi,,39,304-305,https://www.studietruschi.org/rassegna-degli-scavi-e-delle-scoperte-p-301
http://www.wikidata.org/entity/Q134513709,Quinto Fiorentino-La Montagnola. Avori applicativi incastonati d'ambra,Giacomo Caputo (maschio),1989,,Scopus; SCImago Journal Rank,,Giorgio Bretschneider Editore,,Studi Etruschi,,56,49-55,https://www.studietruschi.org/g-caputo-quinto-fiorentino-la-montagnola-avori-applicativi-incastonati-dambra-p-49
http://www.wikidata.org/entity/Q136399613,The Raccolta Barbi at the Scuola normale superiore di Pisa,,1986,università; biblioteca,Scopus; DOAJ,,,,Annali della Scuola Normale Superiore di Pisa. Classe di Lettere e Filosofia,3,serie 3a 16,855-894,
http://www.wikidata.org/entity/Q77304139,Libri a stampa postillati: riflessioni suggerite da un catalogo,Giuseppe Frasso (maschio),1995,fondo speciale,Scopus; Arts and Humanities Citation Index; SCImago Journal Rank,,Vita e pensiero,,Aevum,,69,617-640,
http://www.wikidata.org/entity/Q65594178,La restaurata cappella di Santa Cecilia in San Luigi dei Francesi,Evelina Borea (femmina),1961,Cappella Polet,,,L'Erma di Bretschneider,,Bollettino d'Arte,,46,237-248,
http://www.wikidata.org/entity/Q121298479,Le anfore del relitto di Grado e il loro contenuto,,2000,anfora; archeologia marittima; archeologia romana,Scopus; SCImago Journal Rank,10.3406/MEFR.2000.2113,,,Mélanges de l'École française de Rome. Antiquité,1,112,27-51,http://dx.doi.org/10.3406/mefr.2000.2113
http://www.wikidata.org/entity/Q121299313,Lo sviluppo architettonico del complesso del teatro di Ostia alla luce delle recenti indagini nell’edificio scenico,,2002,Ostia; Italia romana,Scopus; SCImago Journal Rank,10.3406/MEFR.2002.10703,,,Mélanges de l'École française de Rome. Antiquité,1,114,391-420,http://dx.doi.org/10.3406/mefr.2002.10703
http://www.wikidata.org/entity/Q111602464,Lomechusini del Kenya nel Museo di Storia Naturale dell’Università di Firenze (Coleoptera: Staphylinidae: Aleocharinae) 291° Contributo alla conoscenza delle Aleocharinae,,2015,Kenya; Coleoptera; Staphylinidae,,,,Creative Commons Attribution,Onychium (rivista),,11,76-88,http://www.onychium.it/sites/default/files/articoli/Pace_2015a_onychium11.pdf
http://www.wikidata.org/entity/Q111602462,Note su alcuni Ortotteri Tettigonidi dell’Appennino Pistoiese (Orthoptera: Tettigoniidae),,2015,Orthoptera; Tettigoniidae,,,,Creative Commons Attribution,Onychium (rivista),,11,72-75,http://www.onychium.it/sites/default/files/articoli/Vergari_etal_2015_onychium11.pdf
http://www.wikidata.org/entity/Q111602474,"Una nuova specie del genere Tubicera Schmitz, 1920 (Diptera: Phoridae)",,2015,Ditteri; Phoridae,,,,Creative Commons Attribution,Onychium (rivista),,11,163-167,http://www.onychium.it/sites/default/files/articoli/Gori_2015b_onychium11.pdf
http://www.wikidata.org/entity/Q111602465,Nuovo contributo alla conoscenza della biodiversità delle Aleocharinae della Tanzania (Coleoptera: Staphylinidae) 294° Contributo alla conoscenza delle Aleocharinae,,2015,Tanzania; Coleoptera; Staphylinidae,,,,Creative Commons Attribution,Onychium (rivista),,11,89-113,http://www.onychium.it/sites/default/files/articoli/Pace_2015b_onychium11.pdf
http://www.wikidata.org/entity/Q111602461,"Ricerche odonatologiche in Toscana. XIII. Cordulegaster boltonii (Donovan, 1807): nuovi dati (Odonata: Cordulegastridae)",,2015,Odonata; Cordulegaster boltonii; Cordulegastridae,,,,Creative Commons Attribution,Onychium (rivista),,11,67-71,http://www.onychium.it/sites/default/files/articoli/Terzani_2015_onychium11.pdf
http://www.wikidata.org/entity/Q111602472,"Nuove segnalazioni di Nineta principiae Monserrat, 1980 (Neuroptera: Chrysopidae)",,2015,Neuroptera; Chrysopidae,,,,Creative Commons Attribution,Onychium (rivista),,11,152-155,http://www.onychium.it/sites/default/files/articoli/Letardi_Collepardo_2015_onychium11.pdf
http://www.wikidata.org/entity/Q111602468,"Contributo alla conoscenza dei Coleotteri degli ambienti acquatici della Toscana (Italia centrale). IV. Aggiornamenti: Elmidae, Dryopidae, Limnichidae, Psephenidae (Coleoptera: Byrrhoidea)",,2015,Coleoptera; Psephenidae; Elmidae; Dryopidae; Limnichidae,,,,Creative Commons Attribution,Onychium (rivista),,11,127-138,http://www.onychium.it/sites/default/files/articoli/Mascagni_etal_2015_onychium11.pdf
http://www.wikidata.org/entity/Q111602466,"Conferma della presenza di Dorcus parallelipipedus (Linnaeus, 1758) nell’isola di Zannone (Isole Ponziane) (Coleoptera: Lucanidae)",,2015,Coleoptera; Lucanidae; Dorcus parallelipipedus,,,,Creative Commons Attribution,Onychium (rivista),,11,114-116,http://www.onychium.it/sites/default/files/articoli/Ceccolini_etal_2015_onychium11.pdf
http://www.wikidata.org/entity/Q111602460,"Sui sottogeneri di Pandinus Thorell, 1876 con revisione del genere Pandinurus Fet, 1997 stat. n. e descrizione di sette nuove specie e tre nuovi sottogeneri (Scorpiones: Scorpionidae)",,2015,Scorpiones; Scorpionidae,,,,Creative Commons Attribution,Onychium (rivista),,11,10-66,http://www.onychium.it/sites/default/files/articoli/Rossi_2015_onychium11.pdf
http://www.wikidata.org/entity/Q111602475,"Nuovi dati sulla distribuzione di Carcharodus lavatherae (Esper, 1783) in Toscana (Lepidoptera: Hesperiidae)",,2015,Lepidotteri; Hesperiidae,,,,Creative Commons Attribution,Onychium (rivista),,11,168-171,http://www.onychium.it/sites/default/files/articoli/Soldano_2015_onychium11.pdf
http://www.wikidata.org/entity/Q111602470,"Nuovi dati sulla distribuzione di Dichillus (Dichillus) minutus (Solier, 1838) (Coleoptera: Tenebrionidae)",,2015,Coleoptera; Tenebrionidae,,,,Creative Commons Attribution,Onychium (rivista),,11,143-145,http://www.onychium.it/sites/default/files/articoli/Leo_2015_onychium11.pdf
http://www.wikidata.org/entity/Q111602473,Tre nuove specie vietnamite di Phoridae con descrizione di un nuovo genere (Diptera),,2015,Ditteri; Phoridae,,,,Creative Commons Attribution,Onychium (rivista),,11,156-162,http://www.onychium.it/sites/default/files/articoli/Gori_2015a_onychium11.pdf
http://www.wikidata.org/entity/Q111602471,"A new Omiamima Silfverberg, 1977 from Sicily (Coleoptera: Curculionidae)",Enzo Colonnelli (maschio),2015,Coleoptera; Curculionidae,,,,Creative Commons Attribution,Onychium (rivista),,11,146-151,http://www.onychium.it/sites/default/files/articoli/Colonnelli_Paladini_2015_onychium11.pdf
http://www.wikidata.org/entity/Q111602477,"Salvatore Carfì, ricordo di un amico (1939-2014)",,2015,,,,,Creative Commons Attribution,Onychium (rivista),,11,172-174,http://www.onychium.it/sites/default/files/articoli/Necrologio_Carf%C3%AC_2015_onychium11.pdf
http://www.wikidata.org/entity/Q111602418,"Aradus bimaculatus Reuter, 1872, nuovo in Italia (Hemiptera, Heteroptera, Aradidae)",,2012,Hemiptera; Heteroptera; Aradidae,,,,Creative Commons Attribution,Onychium (rivista),,9,41-45,http://www.onychium.it/sites/default/files/articoli/Dioli_Salvetti_2012_onychium9.pdf
http://www.wikidata.org/entity/Q111602441,Contributo alla corologia dei Licidi italiani (Coleoptera: Lycidae),,2014,Coleoptera; Lycidae,,,,Creative Commons Attribution,Onychium (rivista),,10,119-126,http://www.onychium.it/sites/default/files/articoli/Ceccolini_etal_2014_onychium10_0.pdf
http://www.wikidata.org/entity/Q111602406,"Ricerche odonatologiche in Toscana. XII. Lago di Montieri, Provincia di Grosseto (Odonata)",Fabio Cianferoni (maschio); Giuseppe Mazza (maschio),2011,Odonata,,,,Creative Commons Attribution,Onychium (rivista),,8,3-5,http://www.onychium.it/sites/default/files/articoli/Terzani_etal_a_2011_onychium8.pdf
http://www.wikidata.org/entity/Q111602429,"I Ropaloceri della Riserva Naturale Regionale ""Laguna di Orbetello"" (Grosseto, Toscana Meridionale) (Lepidoptera)",,2012,Lepidotteri,,,,Creative Commons Attribution,Onychium (rivista),,9,111-116,http://www.onychium.it/sites/default/files/articoli/Favilli_etal_2012_onychium9.pdf
http://www.wikidata.org/entity/Q111602405,"Secondo aggiornamento alla checklist degli Heteroceridae della regione afrotropicale (Coleoptera, Heteroceridae)",,2009,Coleoptera; Heteroceridae,,,,Creative Commons Attribution,Onychium (rivista),,7,61-72,http://www.onychium.it/sites/default/files/articoli/Mascagni_Monte_2009_onychium7.pdf
http://www.wikidata.org/entity/Q111602430,"Nuovi dati corologici per alcune specie di sfecidi in umbria (Hymenoptera, Sphecidae)",,2012,Hymenoptera; Sphecidae,,,,Creative Commons Attribution,Onychium (rivista),,9,117-120,http://www.onychium.it/sites/default/files/articoli/Ceccolini_Paggetti_2012_onychium9.pdf
http://www.wikidata.org/entity/Q111602455,"Heteropterus morpheus (Pallas, 1771) in provincia di Massa-Carrara (Lepidoptera: Hesperiidae)",,2014,Lepidotteri; Hesperiidae; Heteropterus morpheus,,,,Creative Commons Attribution,Onychium (rivista),,10,205-207,http://www.onychium.it/sites/default/files/articoli/Soldano_2014_onychium10_0.pdf
http://www.wikidata.org/entity/Q111602453,"Presenza di Peyerimhoffina gracilis (Schneider, 1851) in Valle d’Aosta (Neuroptera: Chrysopidae)",,2014,Neuroptera; Chrysopidae,,,,Creative Commons Attribution,Onychium (rivista),,10,200-202,http://www.onychium.it/sites/default/files/articoli/Ceccolini_Paggetti_2014a_onychium10_0.pdf
http://www.wikidata.org/entity/Q111602403,"Achenium propontiacum n. sp. della Turchia europea (Coleoptera, Staphylinidae). 190° contributo alla conoscenza degli Staphylinidae",,2009,Coleoptera; Staphylinidae; Species nova; Achenium propontiacum,,,,Creative Commons Attribution,Onychium (rivista),,7,53-57,http://www.onychium.it/sites/default/files/articoli/Bordoni_2009a_onychium7.pdf
http://www.wikidata.org/entity/Q111602450,"Interessante ritrovamento di Trigonidium (Trigonidium) cicindeloides Rambur, 1839 in Toscana (Orthoptera: Gryllidae)",,2014,Gryllidae; Orthoptera,,,,Creative Commons Attribution,Onychium (rivista),,10,193-194,http://www.onychium.it/sites/default/files/articoli/Paggetti_Ceccolini_2014a_onychium10_0.pdf
http://www.wikidata.org/entity/Q111602439,Nuovi dati sulla distribuzione dei Lucanidi in Toscana (Coleoptera: Lucanidae),,2014,Coleoptera; Lucanidae,,,,Creative Commons Attribution,Onychium (rivista),,10,68-77,http://www.onychium.it/sites/default/files/articoli/Cortellessa_etal_2014_onychium10_0.pdf
http://www.wikidata.org/entity/Q111602457,"Note sulla distribuzione in Italia del genere Sapyga Latreille, 1796 con nuovi dati corologici (Hymenoptera: Apocrita: Sapygidae)",,2014,Hymenoptera; Sapygidae,,,,Creative Commons Attribution,Onychium (rivista),,10,210-212,http://www.onychium.it/sites/default/files/articoli/Ceccolini_Pizzocaro_2014_onychium10_0.pdf
http://www.wikidata.org/entity/Q111602408,"Augyles viklundi n. sp. from China (Coleoptera, Heteroceridae)",,2011,Coleoptera; Heteroceridae; Species nova,,,,Creative Commons Attribution,Onychium (rivista),,8,11-13,http://www.onychium.it/sites/default/files/articoli/Mascagni_2011_onychium8.pdf
http://www.wikidata.org/entity/Q111602410,Coleotterofauna della Provincia di Prato (Toscana): elenco preliminare (Coleoptera),Fabio Cianferoni (maschio); Giuseppe Mazza (maschio),2011,Coleoptera,,,,Creative Commons Attribution,Onychium (rivista),,8,22-76,http://www.onychium.it/sites/default/files/articoli/Terzani_etal_c_2011_onychium8.pdf
http://www.wikidata.org/entity/Q111602411,"Contributo alla conoscenza della Lepidotterofauna dell’ANPIL ""Le Balze"" (Provincia di Arezzo, Toscana) (Lepidoptera)",,2011,Lepidotteri,,,,Creative Commons Attribution,Onychium (rivista),,8,77-100,http://www.onychium.it/sites/default/files/articoli/Fabiano_Zinetti_2011_onychium8.pdf
http://www.wikidata.org/entity/Q111602421,Byrrhoidea acquatici e semiacquatici di Liguria (Coleoptera),,2012,Coleoptera,,,,Creative Commons Attribution,Onychium (rivista),,9,56-72,http://www.onychium.it/sites/default/files/articoli/Mascagni_etal_2012_onychium9.pdf
http://www.wikidata.org/entity/Q111602419,"Coleotterofauna acquatica di due piccole pozze nella valle del torrente Lima in Toscana (Coleoptera, Dytiscidae, Helophoridae,Hydrophilidae, Hydraenidae, Elmidae)",,2012,Coleoptera; Elmidae; Dytiscidae; Hydraenidae; Hydrophilidae; Helophoridae,,,,Creative Commons Attribution,Onychium (rivista),,9,46-49,http://www.onychium.it/sites/default/files/articoli/Rocchi_Terzani_2012_onychium9.pdf
http://www.wikidata.org/entity/Q111602445,Alcune nuove specie di Phoridae orientali (Diptera),,2014,Ditteri; Phoridae,,,,Creative Commons Attribution,Onychium (rivista),,10,171-182,http://www.onychium.it/sites/default/files/articoli/Gori_2014_onychium10_0.pdf
http://www.wikidata.org/entity/Q111602427,"Presenza di Chrysotropia ciliata (Wesmael, 1841) in Toscana (Neuroptera, Chrysopidae)",,2012,Neuroptera; Chrysopidae,,,,Creative Commons Attribution,Onychium (rivista),,9,105-107,http://www.onychium.it/sites/default/files/articoli/Ceccolini_Terzani_b_2012_onychium9.pdf
http://www.wikidata.org/entity/Q111602452,"Prima segnalazione di Anthaxia (Anthaxia) fulgurans (Schrank, 1789) per il Molise (Coleoptera: Buprestidae)",,2014,Coleoptera; Buprestidae,,,,Creative Commons Attribution,Onychium (rivista),,10,198-199,http://www.onychium.it/sites/default/files/articoli/Paggetti_Ceccolini_2014b_onychium10_0.pdf
http://www.wikidata.org/entity/Q111602426,"Cerambycidae delle Isole Tremiti: sintesi delle conoscenze e nuovi dati (Coleoptera, Cerambycidae)",,2012,Coleoptera; Cerambycidae,,,,Creative Commons Attribution,Onychium (rivista),,9,100-104,http://www.onychium.it/sites/default/files/articoli/Ceccolini_Terzani_a_2012_onychium9.pdf
http://www.wikidata.org/entity/Q111602449,"Prima segnalazione per la Toscana di Nemobius sylvestris sylvestris (Bosc, 1792) (Orthoptera: Gryllidae)",,2014,Gryllidae; Orthoptera; Nemobius sylvestris,,,,Creative Commons Attribution,Onychium (rivista),,10,191-192,http://www.onychium.it/sites/default/files/articoli/Vergari_etal_2014_onychium10.pdf
http://www.wikidata.org/entity/Q111602407,"Presenza in Toscana e all’Elba del Ligeide tropicale Graptostethus servus (Fabricius, 1787) e altre nuove segnalazioni nel Lazio e in Campania (Hemiptera, Heteroptera, Lygaeidae)",,2011,Hemiptera; Heteroptera; Lygaeidae; Graptostethus servus,,,,Creative Commons Attribution,Onychium (rivista),,8,6-10,http://www.onychium.it/sites/default/files/articoli/Dioli_2011_onychium8.pdf
http://www.wikidata.org/entity/Q111602409,"Qualche considerazione sulle celle pupali di Heterocerus fenestratus (Thunberg, 1784) raccolte in Italia centrale (Coleoptera, Heteroceridae)",Fabio Cianferoni (maschio),2011,Coleoptera; Heteroceridae; Heterocerus fenestratus,,,,Creative Commons Attribution,Onychium (rivista),,8,14-21,http://www.onychium.it/sites/default/files/articoli/Terzani_etal_b_2011_onychium8.pdf
http://www.wikidata.org/entity/Q111602436,"Nota sistematica e faunistica su Ilybius pseudoneglectus (Franciscolo, 1972)",,2014,,,,,Creative Commons Attribution,Onychium (rivista),,10,45-49,http://www.onychium.it/sites/default/files/articoli/Rocchi_2014a_onychium10_0.pdf
http://www.wikidata.org/entity/Q111602424,"Vesperidae e Cerambycidae dell’Arcipelago Toscano: sintesi delle conoscenze e nuovi dati (Coleoptera, Cerambycoidea)",,2012,Coleoptera; Cerambycidae; Vesperidae,,,,Creative Commons Attribution,Onychium (rivista),,9,81-97,http://www.onychium.it/sites/default/files/articoli/Ceccolini_etal_2012_onychium9.pdf
http://www.wikidata.org/entity/Q111602443,Vesperidae e Cerambycidae del Massiccio del Pratomagno (Preappennino Toscano): sintesi delle conoscenze e nuovi dati (Coleoptera: Cerambycoidea),,2014,Coleoptera; Cerambycidae; Vesperidae,,,,Creative Commons Attribution,Onychium (rivista),,10,133-164,http://www.onychium.it/sites/default/files/articoli/Papi_Ceccolini_2014b_onychium10_0.pdf
http://www.wikidata.org/entity/Q111602431,"European Myzininae (Hymenoptera, Tiphiidae)",,2012,Hymenoptera; Tiphiidae,,,,Creative Commons Attribution,Onychium (rivista),,9,121-191,http://www.onychium.it/sites/default/files/articoli/BoniBartalucci_2012_onychium9.pdf
http://www.wikidata.org/entity/Q111602434,"Presenza in Italia di Nagusta goedelii (Kolenati, 1857) e note sulla sua biologia ed ecologia (Hemiptera: Heteroptera: Reduviidae)",,2014,Hemiptera; Heteroptera; Reduviidae,,,,Creative Commons Attribution,Onychium (rivista),,10,32-39,http://www.onychium.it/sites/default/files/articoli/Dioli_2014_onychium10_0.pdf
http://www.wikidata.org/entity/Q111602442,Nuovi dati corologici per alcune specie italiane di Tenebrionidi (Coleoptera: Tenebrionidae),,2014,Coleoptera; Tenebrionidae,,,,Creative Commons Attribution,Onychium (rivista),,10,127-132,http://www.onychium.it/sites/default/files/articoli/Papi_Ceccolini_2014a_onychium10_0.pdf
http://www.wikidata.org/entity/Q111602456,"Prima segnalazione di Chrysis sexdentata sexdentata Christ, 1791 in Umbria (Hymenoptera: Apocrita: Chrysididae)",,2014,Hymenoptera; Chrysididae,,,,Creative Commons Attribution,Onychium (rivista),,10,208-209,http://www.onychium.it/sites/default/files/articoli/Ceccolini_2014_onychium10_0.pdf
http://www.wikidata.org/entity/Q111602454,"Sulla presenza di Deleproctophylla australis (Fabricius, 1787) in Toscana (Neuroptera: Ascalaphidae)",,2014,Neuroptera,,,,Creative Commons Attribution,Onychium (rivista),,10,203-204,http://www.onychium.it/sites/default/files/articoli/Pagliai_Bruni_2014b_onychium10_0.pdf
http://www.wikidata.org/entity/Q111602404,"Appunti per una miglior conoscenza degli Xantholinini paleartici. II. Su alcune specie del Mediterraneo (Coleoptera, Staphylinidae). 192° contributo alla conoscenza degli Staphylinidae",,2009,Coleoptera; Staphylinidae,,,,Creative Commons Attribution,Onychium (rivista),,7,57-60,http://www.onychium.it/sites/default/files/articoli/Bordoni_2009b_onychium7.pdf
http://www.wikidata.org/entity/Q111602423,"Il genere Opilo Latreille, 1802 nell’Arcipelago Toscano (Coleoptera, Cleridae)",,2012,Coleoptera; Cleridae,,,,Creative Commons Attribution,Onychium (rivista),,9,78-80,http://www.onychium.it/sites/default/files/articoli/Terzani_etal_2012_onychium9.pdf
http://www.wikidata.org/entity/Q111602428,"Le Panorpa Linnaeus, 1758 del Parco Nazionale delle Foreste Casentinesi,Monte Falterona e Campigna (Mecoptera, Panorpidae)",Giuseppe Mazza (maschio),2012,Panorpidae,,,,Creative Commons Attribution,Onychium (rivista),,9,108-110,http://www.onychium.it/sites/default/files/articoli/Terzani_Mazza_2012_onychium9.pdf
http://www.wikidata.org/entity/Q111602458,"Prima segnalazione per il Molise di Stenomutilla argentata (Villers, 1789) (Hymenoptera: Apocrita: Mutillidae)",,2014,Hymenoptera; Mutillidae; Stenomutilla argentata,,,,Creative Commons Attribution,Onychium (rivista),,10,213-214,http://www.onychium.it/sites/default/files/articoli/Ceccolini_Paggetti_2014b_onychium10_0.pdf
http://www.wikidata.org/entity/Q111602451,"Sulla presenza di due interessanti specie di Helophorus Fabricius, 1775 in uno stagno dell'Abruzzo e notizie sui coleotteri acquatici raccolti in associazione (Coleoptera)",,2014,Coleoptera,,,,Creative Commons Attribution,Onychium (rivista),,10,195-197,http://www.onychium.it/sites/default/files/articoli/Rocchi_2014b_onychium10_0.pdf
http://www.wikidata.org/entity/Q111602414,Nuove modifiche al codice internazionale di nomenclatura zoologica,,2012,,,,,Creative Commons Attribution,Onychium (rivista),,9,3-9,http://www.onychium.it/sites/default/files/articoli/Cianferoni_2012_onychium9.pdf
http://www.wikidata.org/entity/Q111602435,"Contributo alla conoscenza della coleotterofauna acquatica e semiacquatica della Romania (Coleoptera: Gyrinidae, Dytiscidae, Helophoridae, Hydrophilidae, Hydraenidae, Dryopidae, Heteroceridae)",,2014,Coleoptera; Dryopidae; Dytiscidae; Hydraenidae; Heteroceridae; Hydrophilidae; Gyrinidae; Helophoridae,,,,Creative Commons Attribution,Onychium (rivista),,10,40-44,http://www.onychium.it/sites/default/files/articoli/Terzani_etal_2014_onychium10_1.pdf
http://www.wikidata.org/entity/Q111602417,Mantidae dell’Arcipelago Toscano: nuovi dati (Mantodea),Fabio Cianferoni (maschio),2012,Mantodea; Mantidae,,,,Creative Commons Attribution,Onychium (rivista),,9,38-40,http://www.onychium.it/sites/default/files/articoli/Cianferoni_Terzani_2012_onychium9.pdf
http://www.wikidata.org/entity/Q111602425,"Prima segnalazione continentale di Parmena solieri lanzai Sama, 1985 (Coleoptera Cerambycidae)",,2012,Coleoptera; Cerambycidae,,,,Creative Commons Attribution,Onychium (rivista),,9,98-99,http://www.onychium.it/sites/default/files/articoli/Terzani_Ceccolini_2012_onychium9.pdf
http://www.wikidata.org/entity/Q111602446,"Infestazioni da Sclerodermus domesticus Klug, 1809 e problematiche associate (Hymenoptera: Bethylidae)",Rita Cervo (femmina); Giuseppe Mazza (maschio),2014,Hymenoptera; Bethylidae,,,,Creative Commons Attribution,Onychium (rivista),,10,183-188,http://www.onychium.it/sites/default/files/articoli/Mazza_etal_2014_onychium10.pdf
http://www.wikidata.org/entity/Q111602448,"Segnalazione di Cordulia aenea (Linnaeus, 1758) in Toscana (Odonata: Corduliidae)",,2014,Odonata; Corduliidae,,,,Creative Commons Attribution,Onychium (rivista),,10,189-190,http://www.onychium.it/sites/default/files/articoli/Pagliai_Bruni_2014a_onychium10_0.pdf
http://www.wikidata.org/entity/Q111602373,"Nuovi dati geonemici su alcuni coleotteri idroadefagi italiani (Coleoptera Haliplidae, Gyrinidae, Dytiscidae) (XXXIX nota sui Coleotteri Idroadefagi)",,2005,Coleoptera; Dytiscidae; Haliplidae; Gyrinidae,,,,Creative Commons Attribution,Onychium (rivista),,3,17-20,http://www.onychium.it/sites/default/files/articoli/Rocchi_2005_onychium03.pdf
http://www.wikidata.org/entity/Q111602385,"Segnalazioni di Sympherobius (Niremberge) klapaleki Zeleny, 1963 (Neuroptera Hemerobiidae)",,2007,Neuroptera; Hemerobiidae,,,,Creative Commons Attribution,Onychium (rivista),,5,45-47,http://www.onychium.it/sites/default/files/articoli/Letardi_Bartolozzi_2007_onychium05.pdf
http://www.wikidata.org/entity/Q111602391,"Sulla validità del genere Daolus Bordoni, 2004 e sulla sinonimia fra Thyreocephalus eppelsheimi Bernhauer & Schubert, 1814 e Daolus hromadkai Bordoni, 2004 (Coleoptera, Staphylinidae, Xantholinini) 185° contributo alla conoscenza degli Staphylinidae",,2008,Coleoptera; Staphylinidae,,,,Creative Commons Attribution,Onychium (rivista),,6,60-61,http://www.onychium.it/sites/default/files/articoli/Bordoni_2008b_onychium6.pdf
http://www.wikidata.org/entity/Q111602356,Georissidae della Toscana (Coleoptera),,2004,Coleoptera; Georissidae,,,,Creative Commons Attribution,Onychium (rivista),,1,18-27,http://www.onychium.it/sites/default/files/articoli/Mascagni_2004_onychium01.pdf
http://www.wikidata.org/entity/Q111602375,"Ernobius gigas, specie nuova per la fauna italiana (Coleoptera Anobiidae)",,2005,Coleoptera; Anobiidae; Ernobius gigas,,,,Creative Commons Attribution,Onychium (rivista),,3,34-36,http://www.onychium.it/sites/default/files/articoli/Cecchi_Carletti_2005_onychium03.pdf
http://www.wikidata.org/entity/Q111602369,Lo Zoological Record,,2005,,,,,Creative Commons Attribution,Onychium (rivista),,2,33-38,http://www.onychium.it/sites/default/files/articoli/Dellacasa_Dellacasa_2005_onychium02.pdf
http://www.wikidata.org/entity/Q111602370,Odonati del Trentino-Alto Adige e del Cadore (Italia settentrionale) (Odonata),,2005,Odonata,,,,Creative Commons Attribution,Onychium (rivista),,3,1-10,http://www.onychium.it/sites/default/files/articoli/Terzani_Mascagni_2005_onychium03.pdf
http://www.wikidata.org/entity/Q111602365,"Un interessante reperto di Cryptocephalus in Toscana (Coleoptera, Chrysomelidae)",,2005,Coleoptera; Chrysomelidae,,,,Creative Commons Attribution,Onychium (rivista),,2,18-20,http://www.onychium.it/sites/default/files/articoli/Terzani_Rocchi_2005_onychium02.pdf
http://www.wikidata.org/entity/Q111602372,"Una eccezionale pullulazione di Bledius furcatus (Olivier) in Sardegna (Coleoptera, Staphylinidae) 162° contributo alla conoscenza degli Staphylinidae",,2005,Coleoptera; Staphylinidae; Bledius furcatus,,,,Creative Commons Attribution,Onychium (rivista),,3,14-16,http://www.onychium.it/sites/default/files/articoli/Bordoni_2005b_onychium03.pdf
http://www.wikidata.org/entity/Q111602394,"Nota su alcuni Cryptocephalini e Cassidini dei Monti Reatini (Lazio) (Coleoptera, Chrysomelidae)",,2008,Coleoptera; Chrysomelidae,,,,Creative Commons Attribution,Onychium (rivista),,6,72-73,http://www.onychium.it/sites/default/files/articoli/Rocchi_Terzani_2008_onychium6.pdf
http://www.wikidata.org/entity/Q111602343,Coleotterofauna acquatica e semiacquatica del bacino idrografico del torrente Pesa (Toscana) (Insecta: Coleoptera),,2016,Coleoptera,,,,Creative Commons Attribution,Onychium (rivista),,12,83-103,http://www.onychium.it/sites/default/files/articoli/Rocchi_Terzani_2016_Onychium12.pdf
http://www.wikidata.org/entity/Q111602339,Gli insetti di Firenze. Introduzione al progetto,Fabio Cianferoni (maschio); Filippo Ceccolini (maschio),2016,,,,,Creative Commons Attribution,Onychium (rivista),,12,19-22,http://www.onychium.it/sites/default/files/articoli/Cianferoni_Ceccolini_2016_Onychium12.pdf
http://www.wikidata.org/entity/Q111602351,Contributo alla conoscenza della Lepidotterofauna dell’Isola di Montecristo (Lepidoptera),,2016,Lepidotteri,,,,Creative Commons Attribution,Onychium (rivista),,12,147-154,http://www.onychium.it/sites/default/files/articoli/Fabiano_etal_2016_Onychium12.pdf
http://www.wikidata.org/entity/Q111602363,"Designazione di lectotipi e paralectotipi di tre Lathrobium Gravenhorst, 1802 conservati nel Museo Zoologico ""La Specola"" di Firenze (Coleoptera, Staphylinidae)",,2005,Coleoptera; Staphylinidae,,,,Creative Commons Attribution,Onychium (rivista),,2,14-15,http://www.onychium.it/sites/default/files/articoli/Bordoni_2005c_onychium02.pdf
http://www.wikidata.org/entity/Q111602361,Ricerche odonatologiche in Toscana. IX. Nuovi dati sull’Arcipelago Toscano (Odonata),,2005,Odonata,,,,Creative Commons Attribution,Onychium (rivista),,2,6-8,http://www.onychium.it/sites/default/files/articoli/Terzani_2005_onychium02.pdf
http://www.wikidata.org/entity/Q111602377,Odonati della Sierra Leone (Odonata),,2006,Sierra Leone; Odonata,,,,Creative Commons Attribution,Onychium (rivista),,4,1-22,http://www.onychium.it/sites/default/files/articoli/Marconi_Terzani_2006_onychium04.pdf
http://www.wikidata.org/entity/Q111602386,Odonatofauna Toscana: il punto sulle attuali conoscenze della distribuzione regionale (Italia Centrale) (Odonata),,2008,Odonata,,,,Creative Commons Attribution,Onychium (rivista),,6,2-24,http://www.onychium.it/sites/default/files/articoli/Terzani_Carletti_2008_onychium6.pdf
http://www.wikidata.org/entity/Q111602387,Odonati raccolti in alcune aree protette della Provincia di Arezzo (Toscana) (Odonata),,2008,Odonata,,,,Creative Commons Attribution,Onychium (rivista),,6,25-42,http://www.onychium.it/sites/default/files/articoli/Terzani_Zinetti_2008_onychium6.pdf
http://www.wikidata.org/entity/Q111602388,"Odonati della ""Réserve Naturelle de Tchimpounga"" (République du Congo) (Odonata)",,2008,Odonata,,,,Creative Commons Attribution,Onychium (rivista),,6,43-47,http://www.onychium.it/sites/default/files/articoli/Terzani_Marconi_2008_onychium6.pdf
http://www.wikidata.org/entity/Q111602392,Nuovi dati su tre specie di Georissidae paleartici (Coleoptera),,2008,Coleoptera; Georissidae,,,,Creative Commons Attribution,Onychium (rivista),,6,62-63,http://www.onychium.it/sites/default/files/articoli/Mascagni_2008_onychium6.pdf
http://www.wikidata.org/entity/Q111602364,"Prime segnalazioni di Heterocerus per l’isola di Cipro (Coleoptera, Heteroceridae)",,2005,Coleoptera; Heteroceridae,,,,Creative Commons Attribution,Onychium (rivista),,2,16-17,http://www.onychium.it/sites/default/files/articoli/Mascagni_2005_onychium02.pdf
http://www.wikidata.org/entity/Q111602379,"Ricerche odonatologiche in Toscana. XI. La Boyeria irene (Fonscolombe, 1838) (Odonata, Aeshnidae)",,2007,Odonata; Aeshnidae,,,,Creative Commons Attribution,Onychium (rivista),,5,26-28,http://www.onychium.it/sites/default/files/articoli/Terzani_2007_onychium05.pdf
http://www.wikidata.org/entity/Q111602384,"Potosia cuprea (Fabricius, 1775) e le sue sottospecie, con particolare riferimento alla distribuzione geografica, e sulla presenza di Potosia cuprea incerta (Costa, 1852) nell'Isola di Lampedusa (Coleoptera, Cetoniidae)",,2007,Coleoptera; Cetoniini,,,,Creative Commons Attribution,Onychium (rivista),,5,42-44,http://www.onychium.it/sites/default/files/articoli/Lisa_Lisa_2007_onychium05.pdf
http://www.wikidata.org/entity/Q111602358,"Descrizione di due aggressioni di Pararge aegeria (Linneo, 1758) contro Calopteryx haemorrhoidalis (Van der Linden, 1825) (Lepidoptera Satyridae e Odonata Calopterygidae)",,2004,Odonata; Lepidotteri; Calopterygidae; Pararge aegeria; Calopteryx haemorrhoidalis,,,,Creative Commons Attribution,Onychium (rivista),,1,33-35,http://www.onychium.it/sites/default/files/articoli/Terzani_Fabiano_2004_onychium01.pdf
http://www.wikidata.org/entity/Q111602360,In ricordo di Italo Bucciarelli (1933-2004),Arnaldo Bordoni (maschio),2005,,,,,Creative Commons Attribution,Onychium (rivista),,2,1-5,http://www.onychium.it/sites/default/files/articoli/Bordoni_2005a_onychium02.pdf
http://www.wikidata.org/entity/Q111602376,Due nuove specie del genere Megaselia Rondani (Diptera Phoridae),,2005,Ditteri; Phoridae,,,,Creative Commons Attribution,Onychium (rivista),,3,37-41,http://www.onychium.it/sites/default/files/articoli/Gori_2005_onychium03.pdf
http://www.wikidata.org/entity/Q111602381,"Nuovi dati per la conoscenza degli Xantholinini della Regione Orientale. XIV. Descrizione del maschio di Zeteotomus privus Bordoni dell'India meridionale (Coleoptera, Staphylinidae) 171° contributo alla conoscenza degli Staphylinidae",,2007,Coleoptera; Staphylinidae,,,,Creative Commons Attribution,Onychium (rivista),,5,34-36,http://www.onychium.it/sites/default/files/articoli/Bordoni_2007a_onychium05.pdf
http://www.wikidata.org/entity/Q111602359,Araneismo: il veleno dei ragni e i suoi effetti sull’uomo,,2004,,,,,Creative Commons Attribution,Onychium (rivista),,1,36-41,http://www.onychium.it/sites/default/files/articoli/Berdondini_2004_onychium01.pdf
http://www.wikidata.org/entity/Q111602362,"Contributo alla conoscenza degli Xantholinini della Cina. IX. Descrizione di due nuove specie (Coleoptera, Staphylinidae)",,2005,Coleoptera; Staphylinidae,,,,Creative Commons Attribution,Onychium (rivista),,2,9-13,http://www.onychium.it/sites/default/files/articoli/Bordoni_2005b_onychium02.pdf
http://www.wikidata.org/entity/Q111602340,"Note su Cordulegaster boltonii (Donovan, 1807) in Italia centrosettentrionale (Odonata: Cordulegastridae)",,2016,Odonata; Cordulegaster boltonii; Cordulegastridae,,,,Creative Commons Attribution,Onychium (rivista),,12,23-39,http://www.onychium.it/sites/default/files/articoli/Terzani_2016_Onychium12.pdf
http://www.wikidata.org/entity/Q111602368,Gli insetti e la documentazione fossile,,2005,,,,,Creative Commons Attribution,Onychium (rivista),,2,26-32,http://www.onychium.it/sites/default/files/articoli/Abbazzi_2005_onychium02.pdf
http://www.wikidata.org/entity/Q111602353,Odonati del Molise (Italia Meridionale): nuovi dati (Odonata),,2004,Odonata,,,,Creative Commons Attribution,Onychium (rivista),,1,1-7,http://www.onychium.it/sites/default/files/articoli/Terzani_2004_onychium01.pdf
http://www.wikidata.org/entity/Q111602345,"Studi sul genere Silinus Lewis, 1907 (Coleoptera: Histeridae). Descrizione di un nuovo genere affine",,2016,Coleoptera; Histeridae,,,,Creative Commons Attribution,Onychium (rivista),,12,109-121,http://www.onychium.it/sites/default/files/articoli/Vienna_Ratto_2016_Onychium12.pdf
http://www.wikidata.org/entity/Q111602393,Contributo alla conoscenza degli Heteroceridae del Nord Africa (Coleoptera),,2008,Coleoptera; Heteroceridae,,,,Creative Commons Attribution,Onychium (rivista),,6,64-71,http://www.onychium.it/sites/default/files/articoli/Mascagni_Monte_2008_onychium6.pdf
http://www.wikidata.org/entity/Q111602380,"Il genere Oreodytes Seidlitz, 1887 negli Appennini (Coleoptera, Dytiscidae)",,2007,Coleoptera; Dytiscidae,,,,Creative Commons Attribution,Onychium (rivista),,5,29-33,http://www.onychium.it/sites/default/files/articoli/Rocchi_2007_onychium05.pdf
http://www.wikidata.org/entity/Q111602366,"Primo reperto di Erebia medusa ([Denis & Schiffermüller], 1775) nella provincia di Prato (Lepidoptera, Satyridae)",,2005,Lepidotteri,,,,Creative Commons Attribution,Onychium (rivista),,2,21-22,http://www.onychium.it/sites/default/files/articoli/Sutto_2005_onychium02.pdf
http://www.wikidata.org/entity/Q111602378,Ricerche odonatologiche in Toscana X. Odonati del Mugello (Odonata),Fabio Cianferoni (maschio),2007,Odonata,,,,Creative Commons Attribution,Onychium (rivista),,5,1-25,http://www.onychium.it/sites/default/files/articoli/Terzani_Cianferoni_2007_onychium05_0.pdf
http://www.wikidata.org/entity/Q125897612,"Perché ""Storia delle donne""",Dinora Corsi (femmina),2005,storia delle donne; Storia delle donne,DOAJ; SCImago Journal Rank; Emerging Sources Citation Index,10.13128/SDD-2027,Firenze University Press,Creative Commons Attribution,Storia delle donne,,,5-6,https://oaj.fupress.net/index.php/sdd/article/view/2414
http://www.wikidata.org/entity/Q131986883,La paura ha il colore di un Suv. Voci di donne iraniane,Elisa Giunchi (femmina),2024,donna; Iran; storia delle donne,DOAJ; SCImago Journal Rank; Emerging Sources Citation Index,10.36253/SD-17242,Firenze University Press,Creative Commons Attribution,Storia delle donne,,20,,
http://www.wikidata.org/entity/Q131986985,Paura urbana di genere: comprendere le inibizioni delle studentesse nello spazio pubblico,,2024,paura; storia delle donne,DOAJ; SCImago Journal Rank; Emerging Sources Citation Index,10.36253/SD-17243,Firenze University Press,Creative Commons Attribution,Storia delle donne,20,20,,
http://www.wikidata.org/entity/Q136661502,A Chiara Frugoni,Dinora Corsi (femmina),2023,Chiara Frugoni,DOAJ; SCImago Journal Rank; Emerging Sources Citation Index,10.36253/SD-15022,Firenze University Press,Creative Commons Attribution,Storia delle donne,,18-19,329-337,
http://www.wikidata.org/entity/Q111601423,"Prima segnalazione di Saga pedo (Pallas, 1771) per la Toscana (Orthoptera: Tettigoniidae)",,2017,Orthoptera; Tettigoniidae; Saga pedo,,10.5281/ZENODO.439110,,Creative Commons Attribution,Onychium (rivista),,13,35-37,
http://www.wikidata.org/entity/Q111602357,Caratteri generali della lepidotterofauna toscana (Lepidoptera),,2004,Lepidotteri,,,,Creative Commons Attribution,Onychium (rivista),,1,28-32,http://www.onychium.it/sites/default/files/articoli/Dapporto_Fabiano_2004_onychium01.pdf
http://www.wikidata.org/entity/Q111602354,"Il genere Hydrochus Leach, 1817 in Italia e annotazioni riguardanti principalmente alcune specie della Toscana (Coleoptera Hydrochidae)",,2004,Coleoptera; Hydrochidae,,,,Creative Commons Attribution,Onychium (rivista),,1,8-13,http://www.onychium.it/sites/default/files/articoli/Rocchi_2004_onychium01.pdf
http://www.wikidata.org/entity/Q111602371,"Contributo alla conoscenza degli Xantholinini della Regione Orientale. XI. Thyreocephalus punctifasciatus sp. n. della Tailandia (Coleoptera, Staphylinidae) 161° contributo alla conoscenza degli Staphylinidae",,2005,Thailandia; Coleoptera; Staphylinidae,,,,Creative Commons Attribution,Onychium (rivista),,3,11-13,http://www.onychium.it/sites/default/files/articoli/Bordoni_2005a_onychium03.pdf
http://www.wikidata.org/entity/Q111602374,Heteroceridae della penisola Balcanica (Insecta: Coleoptera),,2005,Coleoptera; Heteroceridae; Balcanica,,,,Creative Commons Attribution,Onychium (rivista),,3,21-33,http://www.onychium.it/sites/default/files/articoli/Mascagni_Giardini_2005_onychium03.pdf
http://www.wikidata.org/entity/Q111602367,"Nuove segnalazioni di Archiearis notha (Hübner, [1803]) in Toscana (Lepidoptera, Geometridae)",,2005,Lepidotteri; Geometridae,,,,Creative Commons Attribution,Onychium (rivista),,2,23-25,http://www.onychium.it/sites/default/files/articoli/Fabiano_Terzani_2005_onychium02.pdf
http://www.wikidata.org/entity/Q111602350,"Brachycerus normandi Desbrochers des Loges, 1898, specie nuova per l’Italia e per l’Europa, e chiave per l’identificazione dei Brachycerus italiani (Coleoptera: Brachyceridae)",Enzo Colonnelli (maschio),2016,Coleoptera; Brachyceridae,,,,Creative Commons Attribution,Onychium (rivista),,12,141-145,http://www.onychium.it/sites/default/files/articoli/Colonnelli_etal_2016_Onychium12.pdf
http://www.wikidata.org/entity/Q111602382,"Lathrobium montiscuccoi Bordoni et al. nelle Alpi Apuane (Coleoptera, Staphylinidae) 180° contributo alla conoscenza degli Staphylinidae",,2007,Coleoptera; Staphylinidae,,,,Creative Commons Attribution,Onychium (rivista),,5,37-39,http://www.onychium.it/sites/default/files/articoli/Bordoni_2007b_onychium05.pdf
http://www.wikidata.org/entity/Q111602395,In ricordo di Riccardo Consorti,,2009,,,,,Creative Commons Attribution,Onychium (rivista),,7,3-4,http://www.onychium.it/sites/default/files/articoli/Magrini_2009_onychium7.pdf
http://www.wikidata.org/entity/Q111602389,Odonati raccolti nella République Démocratique du Congo da M. Spadone (Odonata),,2008,Odonata,,,,Creative Commons Attribution,Onychium (rivista),,6,48-53,http://www.onychium.it/sites/default/files/articoli/Marconi_Terzani_2008_onychium6.pdf
http://www.wikidata.org/entity/Q111601414,"Reperti inediti di Coleotteri acquatici in Italia (Coleoptera: Hydroscaphidae, Gyrinidae, Dytiscidae, Helophoridae, Hydrophilidae, Hydraenidae, Limnichidae, Erirhinidae)",,2017,Coleoptera; Hydroscaphidae; Hydraenidae; Dytiscidae; Limnichidae; Hydrophilidae; Gyrinidae; Erirhinidae; Helophoridae,,10.5281/ZENODO.495565,,Creative Commons Attribution,Onychium (rivista),,13,63-74,
http://www.wikidata.org/entity/Q111601396,Contributo alla conoscenza dei Coleotteri degli ambienti acquatici della Toscana (Italia Centrale). V. Aggiornamenti: Hydraenidae (Coleoptera),,2017,Coleoptera; Hydraenidae,,10.5281/ZENODO.439628,,Creative Commons Attribution,Onychium (rivista),,13,93-106,
http://www.wikidata.org/entity/Q111601394,Aggiornamenti alla conoscenza della coleotterofauna acquatica dell'Arcipelago Toscano (Coleoptera),Fabio Cianferoni (maschio),2017,Coleoptera,,10.5281/ZENODO.495599,,Creative Commons Attribution,Onychium (rivista),,13,75-91,
http://www.wikidata.org/entity/Q111601397,"Contributo alla conoscenza dei Coleotteri degli ambienti acquatici della Toscana (Italia Centrale). VI. Aggiornamenti: Sphaeriusidae, Helophoridae, Georissidae, Hydrochidae, Spercheidae, Hydrophilidae (Coleoptera)",,2018,Coleoptera; Hydrophilidae; Spercheidae; Hydrochidae; Georissidae; Helophoridae; Sphaeriusidae,,10.5281/ZENODO.1219108,,Creative Commons Attribution,Onychium (rivista),,14,109-130,
http://www.wikidata.org/entity/Q111601399,Psylliodes urbaniae: a new species from Central Apennines (Coleoptera: Chrysomelidae: Galerucinae: Alticini),,2017,Coleoptera; Chrysomelidae,,10.5281/ZENODO.495568,,Creative Commons Attribution,Onychium (rivista),,13,121-130,
http://www.wikidata.org/entity/Q111601402,"Osmylus fulvicephalus (Scopoli, 1763): nuovi dati corologici in Italia (Neuroptera: Osmylidae)",,2018,Neuroptera; Osmylidae; Osmylus fulvicephalus,,10.5281/ZENODO.1219092,,Creative Commons Attribution,Onychium (rivista),,14,105-107,
http://www.wikidata.org/entity/Q111601413,"Prima segnalazione per la Sardegna di Pinalitus conspurcatus (Reuter, 1875) e note sulla sua distribuzione e biologia (Hemiptera: Heteroptera: Miridae)",,2018,Hemiptera; Heteroptera; Miridae; Pinalitus conspurcatus,,10.5281/ZENODO.1218923,,Creative Commons Attribution,Onychium (rivista),,14,39-42,
http://www.wikidata.org/entity/Q111601401,Commemorazione di Giuseppe Ferro,,2017,,,10.5281/ZENODO.546380,,Creative Commons Attribution,Onychium (rivista),,13,159-161,
http://www.wikidata.org/entity/Q111601411,"Note faunistiche su Bicolorana bicolor bicolor (Philippi, 1830) ed Euthystira brachyptera (Ocskay, 1826) in Italia (Orthoptera)",,2017,Orthoptera; Euthystira brachyptera,,10.5281/ZENODO.495564,,Creative Commons Attribution,Onychium (rivista),,13,31-34,
http://www.wikidata.org/entity/Q111601392,Catalogo dei Malachiidae e Dasytidae del Massiccio del Pratomagno (Preappennino Toscano) (Coleoptera: Cleroidea),,2018,Coleoptera; Malachiidae; Dasytidae,,10.5281/ZENODO.1219559,,Creative Commons Attribution,Onychium (rivista),,14,145-168,
http://www.wikidata.org/entity/Q111601404,"Contributo alla conoscenza dei Neurotteroidei italiani attraverso eventi Bioblitz (Insecta: Raphidioptera, Neuroptera)",,2018,Neuroptera; Raphidioptera,,10.5281/ZENODO.1219090,,Creative Commons Attribution,Onychium (rivista),,14,99-104,
http://www.wikidata.org/entity/Q111601398,Nuovi dati sui Neurotteri dell'Isola di Montecristo (Insecta: Neuroptera),,2018,Neuroptera,,10.5281/ZENODO.1218955,,Creative Commons Attribution,Onychium (rivista),,14,93-97,
http://www.wikidata.org/entity/Q61056650,"Corpi e soggetti: l’invenzione del sé, tra biotecnologie e categorie giuridico-politiche",,2005,,DOAJ; SCImago Journal Rank; Emerging Sources Citation Index,10.13128/SDD-2013,Firenze University Press,Creative Commons Attribution,Storia delle donne,1,,,
http://www.wikidata.org/entity/Q60713534,Donne medievali tra fama e infamia: leges e narrationes,Dinora Corsi (femmina),2011,,DOAJ; SCImago Journal Rank; Emerging Sources Citation Index,10.13128/SDD-9609,Firenze University Press,Creative Commons Attribution,Storia delle donne,,,,
http://www.wikidata.org/entity/Q111601410,Nuovi dati sulla Lepidotterofauna dell'Isola di Montecristo (Lepidoptera),,2017,Lepidotteri,,10.5281/ZENODO.546373,,Creative Commons Attribution,Onychium (rivista),,13,143-158,
http://www.wikidata.org/entity/Q61057042,Salute delle donne e procreazione medicalmente assistita,,2005,,DOAJ; SCImago Journal Rank; Emerging Sources Citation Index,,Firenze University Press,Creative Commons Attribution,Storia delle donne,1,,,
http://www.wikidata.org/entity/Q128592850,Dalla biblioteca all'insegnamento universitario: l'operosità didattica di Albano Sorbelli nell'Università di Bologna,Augusto Vasina (maschio),1998,bibliografia; bibliotecario,Scopus; Journal Citation Reports; SCImago Journal Rank,,,,Annali di Storia delle Universita Italiane,,2,225; 230: ill.,
http://www.wikidata.org/entity/Q73492838,La Biblioteca della Scuola Normale Superiore,Sandra Di Majo (femmina),2011,fondo speciale,Scopus; Journal Citation Reports; SCImago Journal Rank,,,,Annali di Storia delle Universita Italiane,,15,153-162,
http://www.wikidata.org/entity/Q111602399,"Odonati raccolti nell’alto Appennino reggiano, parmense e massese (Emilia-Romagna, Toscana) (Odonata)",,2009,Odonata,,,,Creative Commons Attribution,Onychium (rivista),,7,29-35,http://www.onychium.it/sites/default/files/articoli/Terzani_2009b_onychium7.pdf
http://www.wikidata.org/entity/Q111602400,"Odonati del Kenya depositati nel Museo di Storia Naturale dell'Università di Firenze, Sezione di Zoologia ""La Specola"" (Odonata)",,2009,Kenya; Odonata,,,,Creative Commons Attribution,Onychium (rivista),,7,36-43,http://www.onychium.it/sites/default/files/articoli/Marconi_Terzani_2009_onychium7.pdf
http://www.wikidata.org/entity/Q111602401,"I Carabidae dei Monti della Calvana (Toscana) (Coleoptera, Carabidae)",,2009,Coleoptera; Carabidae,,,,Creative Commons Attribution,Onychium (rivista),,7,44-47,http://www.onychium.it/sites/default/files/articoli/Consorti_2009_onychium7.pdf
http://www.wikidata.org/entity/Q111602402,"Coleotteri acquatici endemici presenti nell'Appennino settentrionale (Coleoptera: Dytiscidae, Hydraenidae, Scirtidae, Elmidae)",,2009,Coleoptera; Scirtidae; Elmidae; Dytiscidae; Hydraenidae,,,,Creative Commons Attribution,Onychium (rivista),,7,48-52,http://www.onychium.it/sites/default/files/articoli/Rocchi_2009_onychium7.pdf
http://www.wikidata.org/entity/Q111602398,"Monitoraggio dell’entomofauna di una pozza astatica in provincia di Firenze (Toscana). 3. Eterotteri acquatici (Hemiptera Heteroptera: Nepomorpha, Gerromorpha e Leptopodomorpha)",,2009,Hemiptera; Heteroptera; Nepomorpha,,,,Creative Commons Attribution,Onychium (rivista),,7,20-28,http://www.onychium.it/sites/default/files/articoli/Cianferoni_2009_onychium7.pdf
http://www.wikidata.org/entity/Q111602396,"Monitoraggio dell'entomofauna di una pozza astatica in provincia di Firenze (Toscana). 1. Coleotteri acquatici (Coleoptera Hydradephaga, Hydrophiloidea, Hydraenidae, Dryopoidea, Curculionidae)",,2009,Coleoptera; Hydraenidae; Curculionidae,,,,Creative Commons Attribution,Onychium (rivista),,7,5-16,http://www.onychium.it/sites/default/files/articoli/Rocchi_Terzani_2009_onychium7.pdf
http://www.wikidata.org/entity/Q111602397,"Monitoraggio dell’entomofauna di una pozza astatica in provincia di Firenze (Toscana). 2. Odonati (Odonata Lestidae, Coenagrionidae, Aeshnidae, Libellulidae)",,2009,Odonata; Coenagrionidae; Libellulidae; Lestidae; Aeshnidae,,,,Creative Commons Attribution,Onychium (rivista),,7,17-19,http://www.onychium.it/sites/default/files/articoli/Terzani_2009a_onychium7.pdf
http://www.wikidata.org/entity/Q120702421,"Intorno ad alcuni protisti endoparassitici ed appartenenti alle classi dei Flagellati, Lobosi, Sporozoi e Ciliati",Giovanni Battista Grassi (maschio),1882,,,,Società Italiana di Scienze Naturali,,Atti della Società Italiana di Scienze Naturali,2-3,24,135–224,https://www.biodiversitylibrary.org/page/39808577
http://www.wikidata.org/entity/Q115577742,Paraderos pristorici in Patagonia,Pellegrino Strobel (maschio),1867,Río Negro; viaggiatore,,,Società Italiana di Scienze Naturali,,Atti della Società Italiana di Scienze Naturali,,X,167-171,
http://www.wikidata.org/entity/Q125913828,Acclamations in the Historia Augusta,Barry Baldwin (maschio),1981,Historia Augusta; studi classici; civiltà antica,Scopus; Journal Citation Reports; SCImago Journal Rank,,Università di Pavia,,Athenaeum,,59,138-149,
http://www.wikidata.org/entity/Q111747741,Tra il segno e il suono:gesti vocali nella poesia sonora,Michela Garda (femmina),2017,,DOAJ,,"Centro studi architettura, civiltà, tradizione del classico",Creative Commons Attribution,La Rivista di Engramma,,145,133-145,
http://www.wikidata.org/entity/Q136445352,"Un fondo antico in una biblioteca di università: un'integrazione possibile?  (Archivi, biblioteche, musei)",Maria Cassella (femmina),2003,università; biblioteca,Scopus; Journal Citation Reports; SCImago Journal Rank,,,,Annali di Storia delle Universita Italiane,,7,333-337,
http://www.wikidata.org/entity/Q136456640,"La Biblioteca dell'Istituto di storia del diritto italiano dell'Università di Roma ""La Sapienza""",Gaetano Colli (maschio),1998,università; biblioteca,Scopus; Journal Citation Reports; SCImago Journal Rank,,,,Annali di Storia delle Universita Italiane,,2,201-205,
http://www.wikidata.org/entity/Q136456660,"Il ""nuovo"" archivio storico dell'Università degli studi di Catania",Salvatore Consoli (maschio),2003,università; biblioteca,Scopus; Journal Citation Reports; SCImago Journal Rank,,,,Annali di Storia delle Universita Italiane,,7,339-343,
http://www.wikidata.org/entity/Q136540024,Libri rari di matematica: la collezione Bortolotti del Dipartimento di matematica dell'Università di Bologna,Rosella Biavati (femmina),2003,università; biblioteca,Scopus; Journal Citation Reports; SCImago Journal Rank,,,,Annali di Storia delle Universita Italiane,,7,327-331,
http://www.wikidata.org/entity/Q136669602,Biblioteca del Centro per la storia dell'Università di Padova,Maria Cecilia Ghetti (femmina),2000,università; biblioteca,Scopus; Journal Citation Reports; SCImago Journal Rank,,,,Annali di Storia delle Universita Italiane,,4,177-182,
http://www.wikidata.org/entity/Q95997061,"Biologia, posizione sistematica ed ecologia di « Ribes sardoum » Martelli e « Ribes multiflorum » Kit. ssp. « sandalioticum » Arrigoni",,1977,Ribes multiflorum; Ribes sardoum,Scopus,10.1080/00837792.1977.10670075,Taylor & Francis,,Webbia,2,31,279-294,
http://www.wikidata.org/entity/Q95997067,"« Oxytfopis caputoi » (Leguminosae), nuova specie dell'Appennino centro-meridionale",,1980,Leguminosae,Scopus,10.1080/00837792.1980.10670201,Taylor & Francis,,Webbia,2,34,627-636,
http://www.wikidata.org/entity/Q95997062,Commentaria pteridologica. I. De nonnullis filicibus palaeomediterraneae regionis,,1977,,Scopus,10.1080/00837792.1977.10670084,Taylor & Francis,,Webbia,1,32,95-100,
http://www.wikidata.org/entity/Q95997039,SPICILEGIUM MALAIANUM II,,1954,,Scopus,10.1080/00837792.1954.10669619,Taylor & Francis,,Webbia,2,9,455-464,
http://www.wikidata.org/entity/Q95997038,CONTRIBUTO ALLA SISTEMATICA,,1905,,Scopus,10.1080/00837792.1905.10669550,Taylor & Francis,,Webbia,1,1,89-280,
http://www.wikidata.org/entity/Q95997044,FLORA E VEGETAZIONE DELL'ISOLA TAVOLARA,,1960,,Scopus,10.1080/00837792.1960.10669709,Taylor & Francis,,Webbia,2,15,461-575,
http://www.wikidata.org/entity/Q95997066,Studi sulla flora e vegetazione del Monte Pisano (Toscana Nord-Occidentale). 3. Orchidaceae. (Contribute alia conoscenza delle Orchidaceae d'Italia. 5.),,1980,Orchidaceae,Scopus,10.1080/00837792.1980.10670199,Taylor & Francis,,Webbia,2,34,553-614,
http://www.wikidata.org/entity/Q95997060,"Note sistematiche sul « Polypodium australe » s. l. delle Isole Atlantiche (Azzorre, Madera, Canarie)",,1977,,Scopus,10.1080/00837792.1977.10670068,Taylor & Francis,,Webbia,1,31,79-96,
http://www.wikidata.org/entity/Q95997054,SU UN NUOVO « ASTRAGALUS » SCOPERTO IN ABRUZZO,,1970,,Scopus,10.1080/00837792.1970.10669921,Taylor & Francis,,Webbia,2,24,723-734,
http://www.wikidata.org/entity/Q95997073,Iconographia Palynologica Pteridophytorum Italiae,,1986,,Scopus,10.1080/00837792.1986.10670386,Taylor & Francis,,Webbia,1,40,1-201,
http://www.wikidata.org/entity/Q95997103,"A new combination inZornia diphylla(L.) Pers. (Fabaceae, Dalbergieae) from India",,2012,Fabaceae,Scopus,10.1080/00837792.2012.10670905,Taylor & Francis,,Webbia,1,67,29-32,
http://www.wikidata.org/entity/Q95997081,Una nuova specie di Taraxacum Weber (Asteraceae) nell'Appennino Tosco-Emiliano,,1991,Asteraceae,Scopus,10.1080/00837792.1991.10670506,Taylor & Francis,,Webbia,1,46,1-6,
http://www.wikidata.org/entity/Q99860480,Chiavi analitiche delle Caliciales italiane (Licheni),Domenico Puntillo (maschio),1989,Caliciales,Scopus,10.1080/00837792.1989.10670451,Taylor & Francis,,Webbia,1,43,145-168,
http://www.wikidata.org/entity/Q95997076,"Ophrys × franciniae Bianco, Medagli, D'Emerico et Ruggiero, hybr. nat. nov. della Puglia",,1988,,Scopus,10.1080/00837792.1988.10670435,Taylor & Francis,,Webbia,2,42,167-170,
http://www.wikidata.org/entity/Q99860432,NOVÆ LICHENUM PYRENOCARPORUM SPECIES IN ITALIA INVENTÆ,,1952,,Scopus,10.1080/00837792.1952.10669608,Taylor & Francis,,Webbia,2,8,413-421,
http://www.wikidata.org/entity/Q99860449,NOVÆ: LICHENUM PYRENOCARPORUM SPECIES IN ITALIA INVENTÆ. II,,1954,,Scopus,10.1080/00837792.1954.10669626,Taylor & Francis,,Webbia,1,10,441-446,
http://www.wikidata.org/entity/Q95997077,Le Orchidee spontanee del Sarcidano (Sardegna centrale),,1988,,Scopus,10.1080/00837792.1988.10670437,Taylor & Francis,,Webbia,2,42,179-199,
http://www.wikidata.org/entity/Q95997082,Ricerche biosistematiche e corologiche sulle Thymelaeaceae in Italia: 1. Daphne alpina L.,,1992,Thymelaeaceae; Daphne alpina,Scopus,10.1080/00837792.1992.10670520,Taylor & Francis,,Webbia,2,46,203-217,
http://www.wikidata.org/entity/Q95997079,Due nuovi ibridi naturali del genere Ophrys (Orchidaceae) dai Monti Aurunci (Italia centrale),,1989,Orchidaceae,Scopus,10.1080/00837792.1989.10670460,Taylor & Francis,,Webbia,2,43,351-354,
http://www.wikidata.org/entity/Q95997102,DeAquilegiaeL. specie nova in Appennino Ligustico crescente,,2011,,Scopus,10.1080/00837792.2011.10670898,Taylor & Francis,,Webbia,2,66,233-234,
http://www.wikidata.org/entity/Q95997101,Diagnoses aquilegiarum novarum in Europa crescentium,,2011,,Scopus,10.1080/00837792.2011.10670897,Taylor & Francis,,Webbia,2,66,231-232,
http://www.wikidata.org/entity/Q95997084,"Primula albenensis sp. nov., una nuova entità del sottogenere Auriculastrum nelle Prealpi Bergamasche (Alpi sudorientali, Lombardia)",,1993,Primula albenensis; Species nova,Scopus,10.1080/00837792.1993.10670541,Taylor & Francis,,Webbia,2,47,203-212,
http://www.wikidata.org/entity/Q99860487,"Nuove o interessanti Laboulbeniali (Ascomycetes) parassite di Carabidi italiani (Insecta, Coleoptera)",,1992,Coleoptera,Scopus,10.1080/00837792.1992.10670525,Taylor & Francis,,Webbia,2,46,277-290,
http://www.wikidata.org/entity/Q99860482,"Agrocybe metuloidaephora sp. nov. (Agaricales, Basidiomycetes) ed altri basidiomiceti interessanti reperiti nell'Orto Botanico di Cagliari",,1991,Species nova,Scopus,10.1080/00837792.1991.10670512,Taylor & Francis,,Webbia,1,46,151-157,
http://www.wikidata.org/entity/Q133258145,Bibliografia storica nazionale,Gabriele Turi (maschio),2001,bibliografia; repertorio,Scopus; SCImago Journal Rank,,FrancoAngeli,,Passato e Presente,53,,149-152,
http://www.wikidata.org/entity/Q133257960,Le sventure di Clio: a proposito di un catalogo,Marino Raicich (maschio),1993,bibliografia; repertorio,Scopus; SCImago Journal Rank,,FrancoAngeli,,Passato e Presente,29,,145-151,
http://www.wikidata.org/entity/Q135400000,Gli archivi di Stato: luoghi-istituti di organizzazione culturale,Isabella Zanni Rosiello (femmina),1982,archivistica,Scopus; SCImago Journal Rank,,FrancoAngeli,,Passato e Presente,,2,162-167,
http://www.wikidata.org/entity/Q111578756,GENETIC CONTROL OF SEX-RATIO IN A POPULATION OF NERILLA ANTENNATA O. SCHMIDT (ARCHIANNELIDA NERILLIDAE),,1968,Nerillidae,Scopus,,Taylor & Francis,,Monitore zoologico italiano,3-4,2,193-205,https://www.tandfonline.com/doi/abs/10.1080/00269786.1968.10736128
http://www.wikidata.org/entity/Q111578802,CARDIAC PHYSIOLOGY OF A MILLIPEDE CINGALOBOLUS BUGNIONI CARL (MYRIAPODA DIPLOPODA),,1971,Myriapoda; Diplopoda,Scopus,,Taylor & Francis,,Monitore zoologico italiano,1,5,39-52,https://www.tandfonline.com/doi/abs/10.1080/00269786.1971.10736164
http://www.wikidata.org/entity/Q111578810,SPOT DISTRIBUTION IN MANIOLA JURTINA (L.) (LEPIDOPTERA SATYRIDAE): TUSCAN MAINLAND 1967–1969,,1971,Lepidotteri; Maniola jurtina,Scopus,,Taylor & Francis,,Monitore zoologico italiano,3,5,147-163,https://www.tandfonline.com/doi/abs/10.1080/00269786.1971.10736172
http://www.wikidata.org/entity/Q111578864,THE SPERMATOZOON OF TRUNCATELLA (S. STR.) SUBCYLINDRICA (L.) (GASTROPODA PROSOBRANCHIA),,1973,,Scopus,,Taylor & Francis,,Monitore zoologico italiano,3,7,181-201,https://www.tandfonline.com/doi/abs/10.1080/00269786.1973.10736213
http://www.wikidata.org/entity/Q111578928,ULTRASTRUCTURAL ANALYSIS OF MATURE SPERMATOZOA OF HYALINOECIA TUBICOLA (O. F. MÜLLER) (ANNELIDA POLYCHAETA),,1975,Annelida; Hyalinoecia tubicola,Scopus,,Taylor & Francis,,Monitore zoologico italiano,1,9,51-66,https://www.tandfonline.com/doi/abs/10.1080/00269786.1975.10736243
http://www.wikidata.org/entity/Q111578825,TOPOGRAPHY OF CIRCULATORY SYSTEM OF GLOSSOSCOLEX PAULISTUS MICHAELSEN 1926 (OLIGOCHAETA GLOSSOSCOLECIDAE),,1972,Glossoscolecidae,Scopus,,Taylor & Francis,,Monitore zoologico italiano,1,6,19-36,https://www.tandfonline.com/doi/abs/10.1080/00269786.1972.10736183
http://www.wikidata.org/entity/Q111579187,MALE INTERSEXES IN OPHRYOTROCHA LABRONICA LA GRECA & BACCI (ANNELIDA POLYCHAETA),,1982,Annelida,Scopus,,Taylor & Francis,,Monitore zoologico italiano,1,16,67-73,https://www.tandfonline.com/doi/abs/10.1080/00269786.1982.10736390
http://www.wikidata.org/entity/Q111579162,ULTRASTRUCTURE OF THE CORPORA ALLATA IN POLISTES GALLICUS (L.) (HYMENOPTERA VESPIDAE),,1981,Hymenoptera; Polistes gallicus; Vespidae,Scopus,,Taylor & Francis,,Monitore zoologico italiano,1,15,29-52,https://www.tandfonline.com/doi/abs/10.1080/00269786.1981.10736365
http://www.wikidata.org/entity/Q111579071,IMMUNOLOGICAL DATA ON THE TAXONOMY OF SOME ITALIAN LIZARDS (REPTILIA LACERTIDAE),,1977,Reptilia; Lacertidae,Scopus,,Taylor & Francis,,Monitore zoologico italiano,3-4,11,231-236,https://www.tandfonline.com/doi/abs/10.1080/00269786.1977.10736303
http://www.wikidata.org/entity/Q122049868,"UNA NUOVA TYPHLOREICHEIA DEL LAZIO (COLEOPTERA, CARABIDAE)",,2010,Coleoptera; Carabidae,Scopus; Emerging Sources Citation Index,10.13133/2284-4880/209,PAGEPress Publications,Creative Commons Attribution,Fragmenta Entomologica,2,42,,https://rosa.uniroma1.it/rosa02/fragmenta_entomologica/article/view/209; https://rosa.uniroma1.it/rosa02/fragmenta_entomologica/article/download/209/200
http://www.wikidata.org/entity/Q122049880,"UNA NUOVA SPECIE DI HOPLIA DELLA TOSCANA (COLEOPTERA, MELOLONTHIDAE)",,2010,Coleoptera; Melolonthidae,Scopus; Emerging Sources Citation Index,10.13133/2284-4880/215,PAGEPress Publications,Creative Commons Attribution,Fragmenta Entomologica,2,42,,https://rosa.uniroma1.it/rosa02/fragmenta_entomologica/article/view/215; https://rosa.uniroma1.it/rosa02/fragmenta_entomologica/article/download/215/206
http://www.wikidata.org/entity/Q122049874,"UN NUOVO DUVALIUS TROGLOBIO DELLA SICILIA DEL “GRUPPO SILVESTRII” (COLEOPTERA, CARABIDAE)",,2010,Coleoptera; Carabidae,Scopus; Emerging Sources Citation Index,10.13133/2284-4880/212,PAGEPress Publications,Creative Commons Attribution,Fragmenta Entomologica,2,42,,https://rosa.uniroma1.it/rosa02/fragmenta_entomologica/article/view/212; https://rosa.uniroma1.it/rosa02/fragmenta_entomologica/article/download/212/203
http://www.wikidata.org/entity/Q122049876,"RIDEFINIZIONE DEL GENERE PRIONIOMUS JEANNEL, 1937 E DESCRIZIONE DI PRIONIOMUS CASSIOPAEUS N. SP. DELL’ISOLA DI KÉRKYRA (GRECIA, ISOLE IONIE) (COLEOPTERA, CARABIDAE)",,2010,Coleoptera; Carabidae; Prioniomus cassiopaeus,Scopus; Emerging Sources Citation Index,10.13133/2284-4880/213,PAGEPress Publications,Creative Commons Attribution,Fragmenta Entomologica,2,42,,https://rosa.uniroma1.it/rosa02/fragmenta_entomologica/article/view/213; https://rosa.uniroma1.it/rosa02/fragmenta_entomologica/article/download/213/204
http://www.wikidata.org/entity/Q122049898,"Parmena solieri lanzai Sama, 1985, new synonym of Parmena solieri Mulsant, 1839 (Coleoptera: Cerambycidae)",,2017,Coleoptera; Cerambycidae,Scopus; Emerging Sources Citation Index,10.13133/2284-4880/227,PAGEPress Publications,Creative Commons Attribution,Fragmenta Entomologica,1,49,,https://rosa.uniroma1.it/rosa02/fragmenta_entomologica/article/view/227; https://rosa.uniroma1.it/rosa02/fragmenta_entomologica/article/download/227/215
http://www.wikidata.org/entity/Q122049914,"Trogoderma variabile Ballion, 1878: a possible new pest of Italian entomological collections (Coleoptera: Dermestidae)",,2017,Coleoptera; Dermestidae; Trogoderma variabile,Scopus; Emerging Sources Citation Index,10.13133/2284-4880/235,PAGEPress Publications,Creative Commons Attribution,Fragmenta Entomologica,1,49,,https://rosa.uniroma1.it/rosa02/fragmenta_entomologica/article/view/235; https://rosa.uniroma1.it/rosa02/fragmenta_entomologica/article/download/235/223
http://www.wikidata.org/entity/Q122049924,"Two new Lamiogethes Audisio & Cline from China (Coleoptera: Nitidulidae, Meligethinae)",,2017,Coleoptera; Nitidulidae,Scopus; Emerging Sources Citation Index,10.13133/2284-4880/256,PAGEPress Publications,Creative Commons Attribution,Fragmenta Entomologica,2,49,,https://rosa.uniroma1.it/rosa02/fragmenta_entomologica/article/view/256; https://rosa.uniroma1.it/rosa02/fragmenta_entomologica/article/download/256/247
http://www.wikidata.org/entity/Q122050002,"Fauna ibérica. Vol. 44, Coleoptera: Hydraenidae",,2019,Coleoptera; Hydraenidae,Scopus; Emerging Sources Citation Index,10.13133/2284-4880/343,PAGEPress Publications,Creative Commons Attribution,Fragmenta Entomologica,1,51,,https://rosa.uniroma1.it/rosa02/fragmenta_entomologica/article/view/343; https://rosa.uniroma1.it/rosa02/fragmenta_entomologica/article/download/343/341
http://www.wikidata.org/entity/Q122050109,'Awareness' in metamorphosing pupae (Lepidoptera: Pieridae),,2019,Pieridae; Lepidotteri,Scopus; Emerging Sources Citation Index,10.13133/2284-4880/371,PAGEPress Publications,Creative Commons Attribution,Fragmenta Entomologica,2,51,,https://rosa.uniroma1.it/rosa02/fragmenta_entomologica/article/view/371; https://rosa.uniroma1.it/rosa02/fragmenta_entomologica/article/download/371/363
http://www.wikidata.org/entity/Q122050186,"I COLEOTTERI TENEBRIONIDI DI ROMA (Coleoptera, Tenebrionidae)",,2013,Coleoptera; Tenebrionidae,Scopus; Emerging Sources Citation Index,10.13133/2284-4880/21,PAGEPress Publications,Creative Commons Attribution,Fragmenta Entomologica,1,45,,https://rosa.uniroma1.it/rosa02/fragmenta_entomologica/article/view/21; https://rosa.uniroma1.it/rosa02/fragmenta_entomologica/article/download/21/21
http://www.wikidata.org/entity/Q122050223,"NOTE SULLA VALIDITÀ SPECIFICA DI TRECHUS NICOLEAE MONCOUTIER, 1986 (Coleoptera, Carabidae)",,2012,Coleoptera; Carabidae,Scopus; Emerging Sources Citation Index,10.13133/2284-4880/29,PAGEPress Publications,Creative Commons Attribution,Fragmenta Entomologica,1,44,,https://rosa.uniroma1.it/rosa02/fragmenta_entomologica/article/view/29; https://rosa.uniroma1.it/rosa02/fragmenta_entomologica/article/download/29/29
http://www.wikidata.org/entity/Q122050221,"DIE MACROLEPIDOPTERA DER MAJELLA (ABRUZZEN, ITALIEN). TEIL 2: DREPANIDAE UND GEOMETRIDAE (Lepidoptera)",,2012,Lepidotteri; Geometridae; Drepanidae,Scopus; Emerging Sources Citation Index,10.13133/2284-4880/27,PAGEPress Publications,Creative Commons Attribution,Fragmenta Entomologica,2,44,,https://rosa.uniroma1.it/rosa02/fragmenta_entomologica/article/view/27; https://rosa.uniroma1.it/rosa02/fragmenta_entomologica/article/download/27/27
http://www.wikidata.org/entity/Q122050236,"COLEOPTERA (CARABIDAE, CHRYSOMELIDAE) E LEPIDOPTERA (HESPERIOIDEA, PAPILIONOIDEA) DELLA VALLE DELLA NAVA (PROVINCIA DI LECCO, LOMBARDIA, ITALIA)",,2011,Coleoptera; Carabidae; Lepidotteri; Chrysomelidae,Scopus; Emerging Sources Citation Index,10.13133/2284-4880/46,PAGEPress Publications,Creative Commons Attribution,Fragmenta Entomologica,2,43,,https://rosa.uniroma1.it/rosa02/fragmenta_entomologica/article/view/46; https://rosa.uniroma1.it/rosa02/fragmenta_entomologica/article/download/46/46
http://www.wikidata.org/entity/Q122050244,"OSSERVAZIONI SULLA BIOLOGIA DI VESPERUS MACROPTERUS (Coleoptera, Cerambycidae)",,2011,Coleoptera; Cerambycidae,Scopus; Emerging Sources Citation Index,10.13133/2284-4880/54,PAGEPress Publications,Creative Commons Attribution,Fragmenta Entomologica,1,43,,https://rosa.uniroma1.it/rosa02/fragmenta_entomologica/article/view/54; https://rosa.uniroma1.it/rosa02/fragmenta_entomologica/article/download/54/54
http://www.wikidata.org/entity/Q122050246,"THYMELICUS LINEOLA IN SARDEGNA, SPECIE INDIGENA MISCONOSCIUTA O RECENTE INTRODUZIONE ANTROPICA? (Lepidoptera, Hesperiidae)",,2011,Lepidotteri; Hesperiidae; Thymelicus lineola,Scopus; Emerging Sources Citation Index,10.13133/2284-4880/56,PAGEPress Publications,Creative Commons Attribution,Fragmenta Entomologica,1,43,,https://rosa.uniroma1.it/rosa02/fragmenta_entomologica/article/view/56; https://rosa.uniroma1.it/rosa02/fragmenta_entomologica/article/download/56/56
http://www.wikidata.org/entity/Q122050252,IN RICORDO DI SANDRO RUFFO (26 agosto 1915 - 7 maggio 2010),,2010,,Scopus; Emerging Sources Citation Index,10.13133/2284-4880/62,PAGEPress Publications,Creative Commons Attribution,Fragmenta Entomologica,1,42,,https://rosa.uniroma1.it/rosa02/fragmenta_entomologica/article/view/62; https://rosa.uniroma1.it/rosa02/fragmenta_entomologica/article/download/62/62
http://www.wikidata.org/entity/Q122050247,"IN RICORDO DI BACCIO BACCETTI (Firenze, 7 maggio 1931 - Siena, 18 dicembre 2010)",,2011,,Scopus; Emerging Sources Citation Index,10.13133/2284-4880/57,PAGEPress Publications,Creative Commons Attribution,Fragmenta Entomologica,1,43,,https://rosa.uniroma1.it/rosa02/fragmenta_entomologica/article/view/57; https://rosa.uniroma1.it/rosa02/fragmenta_entomologica/article/download/57/57
http://www.wikidata.org/entity/Q122050293,"Arsipoda reidi, a new replacement name for Arsipoda montana D’Alessandro, Samuelson & Biondi (Coleoptera: Chrysomelidae)",,2022,Coleoptera; Chrysomelidae,Scopus; Emerging Sources Citation Index,10.13133/2284-4880/752,PAGEPress Publications,Creative Commons Attribution,Fragmenta Entomologica,1,54,,https://rosa.uniroma1.it/rosa02/fragmenta_entomologica/article/view/752; https://rosa.uniroma1.it/rosa02/fragmenta_entomologica/article/download/752/1096
http://www.wikidata.org/entity/Q122050308,"Diplacodes lefebvrii in Sardinia, a new species for the Italian fauna (Odonata: Libellulidae)",,2014,Odonata; Libellulidae,Scopus; Emerging Sources Citation Index,10.13133/2284-4880/75,PAGEPress Publications,Creative Commons Attribution,Fragmenta Entomologica,1,46,,https://rosa.uniroma1.it/rosa02/fragmenta_entomologica/article/view/75; https://rosa.uniroma1.it/rosa02/fragmenta_entomologica/article/download/75/69
http://www.wikidata.org/entity/Q122050335,Apomyelois bistriatella new to Italy from “Tenuta Presidenziale di Castelporziano” (Lepidoptera: Pyralidae),,2022,Lepidotteri; Pyralidae,Scopus; Emerging Sources Citation Index,10.13133/2284-4880/1327,PAGEPress Publications,Creative Commons Attribution,Fragmenta Entomologica,2,54,,https://rosa.uniroma1.it/rosa02/fragmenta_entomologica/article/view/1327; https://rosa.uniroma1.it/rosa02/fragmenta_entomologica/article/download/1327/1326
http://www.wikidata.org/entity/Q122050183,"The alien species Phenolia (Lasiodites) picta (Macleay, 1825) in Sardinia (Coleoptera: Nitidulidae)",,2021,Coleoptera; Nitidulidae; Phenolia picta,Scopus; Emerging Sources Citation Index,10.13133/2284-4880/486,PAGEPress Publications,Creative Commons Attribution,Fragmenta Entomologica,1,53,,https://rosa.uniroma1.it/rosa02/fragmenta_entomologica/article/view/486; https://rosa.uniroma1.it/rosa02/fragmenta_entomologica/article/download/486/459
http://www.wikidata.org/entity/Q99654817,"UN NUOVO OTIORHYNCHUS (LIXORRHYNCHUS) REITTER, 1914 DELLA SICILIA E BREVI NOTE SUL GENERE IONIORHYNCHUS MAGRINI, MEOLI & ABBAZZI, 2005 (Coleoptera, Curculionoidea)",,2011,Coleoptera,Scopus; Emerging Sources Citation Index,10.4081/FE.2011.44; 10.13133/2284-4880/44,PAGEPress Publications,Creative Commons Attribution,Fragmenta Entomologica,2,43,167,http://www.fragmentaentomol.org/index.php/fragmenta/article/viewFile/44/44; https://rosa.uniroma1.it/rosa02/fragmenta_entomologica/article/download/44/44
http://www.wikidata.org/entity/Q99653413,"UNA NUOVA TYPHLOREICHEIA ENDOGEA DELLA SICILIA (COLEOPTERA, CARABIDAE)",,2007,Coleoptera; Carabidae,Scopus; Emerging Sources Citation Index,10.4081/FE.2007.118; 10.13133/2284-4880/118,PAGEPress Publications,Creative Commons Attribution,Fragmenta Entomologica,2,39,179,http://www.fragmentaentomol.org/index.php/fragmenta/article/viewFile/118/109; https://rosa.uniroma1.it/rosa02/fragmenta_entomologica/article/download/118/109
http://www.wikidata.org/entity/Q99639341,"NOTE SU SCIDMENIDI DEL SUDAFRICA CON DESCRIZIONE DI 16 NUOVE SPECIE (COLEOPTERA, SCYDMAENIDAE)",,2007,Coleoptera; Scydmaenidae,Scopus; Emerging Sources Citation Index,10.4081/FE.2007.120; 10.13133/2284-4880/120,PAGEPress Publications,Creative Commons Attribution,Fragmenta Entomologica,2,39,199,http://www.fragmentaentomol.org/index.php/fragmenta/article/viewFile/120/111; https://rosa.uniroma1.it/rosa02/fragmenta_entomologica/article/download/120/111
http://www.wikidata.org/entity/Q111579339,VISUAL AND BINOCULAR FIELD SIZE IN TALITRUS SALTATOR MONTAGU (CRUSTACEA AMPHIPODA TALITRIDAE),,1987,Crostacei; Amphipoda; Talitrus saltator; Talitridae,Scopus,,Taylor & Francis,,Monitore zoologico italiano,2,21,151-155,https://www.tandfonline.com/doi/abs/10.1080/00269786.1987.10736527
http://www.wikidata.org/entity/Q122049779,"NOTE TASSONOMICHE E NOMENCLATORIALI SU ALCUNE SPECIE PALEARTICHE DI SIBINIA E TYCHIUS (COLEOPTERA, CURCULIONIDAE)",,2009,Coleoptera; Curculionidae,Scopus; Emerging Sources Citation Index,10.13133/2284-4880/88,PAGEPress Publications,Creative Commons Attribution,Fragmenta Entomologica,1,41,,https://rosa.uniroma1.it/rosa02/fragmenta_entomologica/article/view/88; https://rosa.uniroma1.it/rosa02/fragmenta_entomologica/article/download/88/80
http://www.wikidata.org/entity/Q122049776,LA COMUNITÀ MACROBENTONICA DELL’ALTO METAURO (APPENNINO UMBRO-MARCHIGIANO),,2009,,Scopus; Emerging Sources Citation Index,10.13133/2284-4880/80,PAGEPress Publications,Creative Commons Attribution,Fragmenta Entomologica,1,41,,https://rosa.uniroma1.it/rosa02/fragmenta_entomologica/article/view/80; https://rosa.uniroma1.it/rosa02/fragmenta_entomologica/article/download/80/72
http://www.wikidata.org/entity/Q122049777,"GLI SCARABEOIDEI DELL’ISOLA DI NISYROS (DODECANESO, GRECIA) (COLEOPTERA, SCARABAEOIDEA)",,2009,Coleoptera,Scopus; Emerging Sources Citation Index,10.13133/2284-4880/85,PAGEPress Publications,Creative Commons Attribution,Fragmenta Entomologica,1,41,,https://rosa.uniroma1.it/rosa02/fragmenta_entomologica/article/view/85; https://rosa.uniroma1.it/rosa02/fragmenta_entomologica/article/download/85/77
http://www.wikidata.org/entity/Q122049784,IN RICORDO DI PHILIP S. CORBET (21 MAGGIO 1929 - 13 FEBBRAIO 2008),,2009,,Scopus; Emerging Sources Citation Index,10.13133/2284-4880/91,PAGEPress Publications,Creative Commons Attribution,Fragmenta Entomologica,1,41,,https://rosa.uniroma1.it/rosa02/fragmenta_entomologica/article/view/91; https://rosa.uniroma1.it/rosa02/fragmenta_entomologica/article/download/91/83
http://www.wikidata.org/entity/Q122049785,"ITALIAN MOSQUITOES: GENERAL INFORMATION AND IDENTIFICATION OF ADULTS (DIPTERA, CULICIDAE) / LE ZANZARE ITALIANE: GENERALITÀ E IDENTIFICAZIONE DEGLI ADULTI (DIPTERA, CULICIDAE)",,2009,Culicidae; Ditteri,Scopus; Emerging Sources Citation Index,10.13133/2284-4880/92,PAGEPress Publications,Creative Commons Attribution,Fragmenta Entomologica,2,41,,https://rosa.uniroma1.it/rosa02/fragmenta_entomologica/article/view/92; https://rosa.uniroma1.it/rosa02/fragmenta_entomologica/article/download/92/84
http://www.wikidata.org/entity/Q122049794,"PTERELLA GRISEA (MEIGEN, 1824), A SENIOR SYNONYM OF SETULIA ELEONORAE VENTURI, 1957 (DIPTERA, SARCOPHAGIDAE)",,2008,Ditteri; Sarcophagidae,Scopus; Emerging Sources Citation Index,10.13133/2284-4880/102,PAGEPress Publications,Creative Commons Attribution,Fragmenta Entomologica,2,40,,https://rosa.uniroma1.it/rosa02/fragmenta_entomologica/article/view/102; https://rosa.uniroma1.it/rosa02/fragmenta_entomologica/article/download/102/94
http://www.wikidata.org/entity/Q122049796,"SYSTEMATIC POSITION OF FERONIA COGNATA DEJEAN, 1831 (COLEOPTERA, CARABIDAE)",,2008,Coleoptera; Carabidae,Scopus; Emerging Sources Citation Index,10.13133/2284-4880/105,PAGEPress Publications,Creative Commons Attribution,Fragmenta Entomologica,1,40,,https://rosa.uniroma1.it/rosa02/fragmenta_entomologica/article/view/105; https://rosa.uniroma1.it/rosa02/fragmenta_entomologica/article/download/105/97
http://www.wikidata.org/entity/Q122049798,"SCARABAEUS SEROTINUS PANZER, 1799 (CURRENTLY NOBIUS SEROTINUS) A VALID NAME (NOMEN PROTECTUM) (COLEOPTERA, APHODIIDAE)",,2008,Coleoptera; Aphodiidae,Scopus; Emerging Sources Citation Index,10.13133/2284-4880/106,PAGEPress Publications,Creative Commons Attribution,Fragmenta Entomologica,1,40,,https://rosa.uniroma1.it/rosa02/fragmenta_entomologica/article/view/106; https://rosa.uniroma1.it/rosa02/fragmenta_entomologica/article/download/106/98
http://www.wikidata.org/entity/Q122049806,"SULLA POSIZIONE SISTEMATICA DI MECASPIS OTINI (COLEOPTERA, CURCULIONIDAE)",,2008,Coleoptera; Curculionidae,Scopus; Emerging Sources Citation Index,10.13133/2284-4880/110,PAGEPress Publications,Creative Commons Attribution,Fragmenta Entomologica,1,40,,https://rosa.uniroma1.it/rosa02/fragmenta_entomologica/article/view/110; https://rosa.uniroma1.it/rosa02/fragmenta_entomologica/article/download/110/102
http://www.wikidata.org/entity/Q122049817,"ESCARABAJOS, DIVERSIDAD Y CONSERVACIÓN BIOLÓGICA. ENSAYOS EN HOMENAJE A GONZALO HALFFTER.",,2008,,Scopus; Emerging Sources Citation Index,10.13133/2284-4880/115,PAGEPress Publications,Creative Commons Attribution,Fragmenta Entomologica,1,40,,https://rosa.uniroma1.it/rosa02/fragmenta_entomologica/article/view/115; https://rosa.uniroma1.it/rosa02/fragmenta_entomologica/article/download/115/107
http://www.wikidata.org/entity/Q78577731,Il lisozima nei tessutl di animali irradiat,,1954,,Scopus; Emerging Sources Citation Index,,PAGEPress Publications,Creative Commons Attribution,Bollettino della Societa italiana di biologia sperimentale,7,30,1073-1075,
http://www.wikidata.org/entity/Q109593333,Riformare il mondo a vera vita christiana: le scuole di catechismo nell'Italia del Cinquecento,Miriam Turrini (femmina),1982,,Journal Citation Reports; SCImago Journal Rank,,,,Annali dell'Istituto storico italo-germanico in Trento,,VIII,407-489,
http://www.wikidata.org/entity/Q128310240,Giuseppe Dondi (1921-1992),Tiziana Olivari (femmina),1993,bibliografia; bibliotecario,Scopus; SCImago Journal Rank,,Deputazione Subalpina di storia patria,,Bollettino storico-bibliografico subalpino,2,91,805; 807,
http://www.wikidata.org/entity/Q128592841,Ricordo di Marina Bersano Begey,Giorgio Vaccarino (maschio),1997,bibliografia; bibliotecario,Scopus; SCImago Journal Rank,,Deputazione Subalpina di storia patria,,Bollettino storico-bibliografico subalpino,2,95,715; 717,
http://www.wikidata.org/entity/Q135336054,Gli archivi comunali toscani: possibilità di ricerca e problemi per gli utenti,Francesco Battistini (maschio),1992,archivistica,Scopus; SCImago Journal Rank,,FrancoAngeli,,Società e storia,,55,185-187,
http://www.wikidata.org/entity/Q135409801,Degli archivi o Le ragioni di un disagio,Rosalia Manno Tolu (femmina),1991,documentazione,Scopus; SCImago Journal Rank,,FrancoAngeli,,Società e storia,,51,189-192,
http://www.wikidata.org/entity/Q135409906,Gli archivi delle imprese industriali,Maria Stella Rollandi (femmina),1983,archivistica,Scopus; SCImago Journal Rank,,FrancoAngeli,,Società e storia,,21,715-722,
http://www.wikidata.org/entity/Q135432514,Archivi ed occupazione giovanile nel Mezzogiorno: un primo bilancio,Domenica Porcaro Massafra (femmina),1983,archivistica,Scopus; SCImago Journal Rank,,FrancoAngeli,,Società e storia,20,,439-447,
http://www.wikidata.org/entity/Q136384392,Le raccolte della biblioteca dell'Ospedale maggiore di Milano e la ricerca storica,Laura Panzeri (femmina),1978,biblioteca; biomedicina,Scopus; SCImago Journal Rank,,FrancoAngeli,,Società e storia,1,,173-174,
http://www.wikidata.org/entity/Q111747697,"Adorno, la musica e la ‘Bildung’",Michela Garda (femmina),2021,,,,Università di Bologna,Creative Commons Attribution-ShareAlike,,,11,13-21,
http://www.wikidata.org/entity/Q107395001,Una Giornata per la scienza aperta: ‘Viaggiatori in Toscana: personaggi e testimonianze’,Fiammetta Sabba (femmina); Annantonia Martorano (femmina); Elisabetta Angrisano (femmina); Biancamaria Brumana (femmina); Cinzia Cardinali (femmina); Silvia Calamandrei (femmina); Laura Giambastiani (femmina),2021,Grand Tour,Scopus; Google Scholar; DOAJ; SCImago Journal Rank,10.6092/ISSN.2283-9364/13078,Università di Bologna,Creative Commons Attribution-NonCommercial-NoDerivatives,Bibliothecae.it,1,10,488-509,https://bibliothecae.unibo.it/article/view/13078
http://www.wikidata.org/entity/Q96623091,"La Biblioteca della Camera dei deputati tra storia istituzionale, dedizione dei suoi bibliotecari e servizi ai lettori interni ed esterni",Mauro Guerrini (maschio); Rossano De Laurentiis (maschio),2020,Palazzo Montecitorio; storia della biblioteca; Biblioteca della Camera dei deputati,Scopus; Google Scholar; DOAJ; SCImago Journal Rank,10.6092/ISSN.2283-9364/11160,Università di Bologna,Creative Commons Attribution-NonCommercial-NoDerivatives,Bibliothecae.it,1,9,469-491,https://bibliothecae.unibo.it/article/view/11160
http://www.wikidata.org/entity/Q104786698,La nuova rubrica Voci di biblioteche viventi,Fiammetta Sabba (femmina),2020,,Scopus; Google Scholar; DOAJ; SCImago Journal Rank,10.6092/ISSN.2283-9364/11817,Università di Bologna,Creative Commons Attribution-NonCommercial-NoDerivatives,Bibliothecae.it,2,9,1-3,https://bibliothecae.unibo.it/article/view/11817
http://www.wikidata.org/entity/Q104786702,Iside a Bologna: Hieroglyphica e Aegyptiaca nelle collezioni librarie bolognesi tra cinque e seicento,Antonella Brunelli (femmina),2020,storia del libro; storia dell'editoria; Iside; geroglifico egizio; iconologia,Scopus; Google Scholar; DOAJ; SCImago Journal Rank,10.6092/ISSN.2283-9364/11991,Università di Bologna,Creative Commons Attribution-NonCommercial-NoDerivatives,Bibliothecae.it,2,9,203-277,https://bibliothecae.unibo.it/article/view/11991
http://www.wikidata.org/entity/Q104786701,Patrimonio librario antico e biblioteche religiose. Il caso della Sardegna,Giovanna Granata (femmina),2020,Ordine dei frati minori cappuccini; storia della biblioteca,Scopus; Google Scholar; DOAJ; SCImago Journal Rank,10.6092/ISSN.2283-9364/11990,Università di Bologna,Creative Commons Attribution-NonCommercial-NoDerivatives,Bibliothecae.it,2,9,167-202,https://bibliothecae.unibo.it/article/view/11990
http://www.wikidata.org/entity/Q96623083,Gli archivi in biblioteca: mondi paralleli che si incontrano?,Annantonia Martorano (femmina),2020,biblioteca; archivio,Scopus; Google Scholar; DOAJ; SCImago Journal Rank,10.6092/ISSN.2283-9364/11030,Università di Bologna,Creative Commons Attribution-NonCommercial-NoDerivatives,Bibliothecae.it,1,9,318-345,https://bibliothecae.unibo.it/article/view/11030
http://www.wikidata.org/entity/Q104786706,«Andrò a cercare tra gli scaffali»: indagine conoscitiva sull’interazione lettore-catalogo nella Biblioteca Civica “Vincenzo Joppi” di Udine,Carlo Bianchini (maschio),2020,biblioteconomia; catalogazione; Biblioteca civica Vincenzo Joppi,Scopus; Google Scholar; DOAJ; SCImago Journal Rank,10.6092/ISSN.2283-9364/12004,Università di Bologna,Creative Commons Attribution-NonCommercial-NoDerivatives,Bibliothecae.it,2,9,420-457,https://bibliothecae.unibo.it/article/view/12004
http://www.wikidata.org/entity/Q104786700,Nuove acquisizioni sullo Specchio di Illuminazione della Beata Illuminata Bembo,Riccardo Pane (maschio),2020,paleografia; Illuminata Bembo,Scopus; Google Scholar; DOAJ; SCImago Journal Rank,10.6092/ISSN.2283-9364/11987,Università di Bologna,Creative Commons Attribution-NonCommercial-NoDerivatives,Bibliothecae.it,2,9,101-166,https://bibliothecae.unibo.it/article/view/11987
http://www.wikidata.org/entity/Q107394990,Istituire una «Orientalium linguarum Bibliotheca» nella Vienna del XVII secolo: Sebastian Tengnagel e le traiettorie dei suoi manoscritti,Chiara Petrolini (femmina); Hülya Çelik (femmina),2021,Biblioteca Nazionale Austriaca; orientalistica; Sebastian Tengnagel,Scopus; Google Scholar; DOAJ; SCImago Journal Rank,10.6092/ISSN.2283-9364/13081,Università di Bologna,Creative Commons Attribution-NonCommercial-NoDerivatives,Bibliothecae.it,1,10,175-231,https://bibliothecae.unibo.it/article/view/13081
http://www.wikidata.org/entity/Q107394995,"Orsa Maggiore, editrice di Radclyffe Hall",Valentina Sonzini (femmina),2021,censura; Radclyffe Hall; Letteratura lesbica,Scopus; Google Scholar; DOAJ; SCImago Journal Rank,10.6092/ISSN.2283-9364/13073,Università di Bologna,Creative Commons Attribution-NonCommercial-NoDerivatives,Bibliothecae.it,1,10,328-351,https://bibliothecae.unibo.it/article/view/13073
http://www.wikidata.org/entity/Q96623086,Plan d’une bibliotheque universelle,Alfredo Serrai (maschio),2020,biblioteca; cultura; illuminismo; storia della biblioteca,Scopus; Google Scholar; DOAJ; SCImago Journal Rank,10.6092/ISSN.2283-9364/11031,Università di Bologna,Creative Commons Attribution-NonCommercial-NoDerivatives,Bibliothecae.it,1,9,384-393,https://bibliothecae.unibo.it/article/view/11031
http://www.wikidata.org/entity/Q107394992,Francesco Lumachi: contributo alla biografia di un libraio editore fiorentino d’inizio Novecento,Giovanna Grifoni (femmina),2021,Firenze; libraio; Francesco Lumachi; editore,Scopus; Google Scholar; DOAJ; SCImago Journal Rank,10.6092/ISSN.2283-9364/13071,Università di Bologna,Creative Commons Attribution-NonCommercial-NoDerivatives,Bibliothecae.it,1,10,273-312,https://bibliothecae.unibo.it/article/view/13071
http://www.wikidata.org/entity/Q107394994,La filosofia della storia in Giorgio Emanuele Ferrari: un filosofo alla Marciana,Paolo Livieri (maschio),2021,filosofia della storia; Giorgio Emanuele Ferrari,Scopus; Google Scholar; DOAJ; SCImago Journal Rank,10.6092/ISSN.2283-9364/13072,Università di Bologna,Creative Commons Attribution-NonCommercial-NoDerivatives,Bibliothecae.it,1,10,313-327,https://bibliothecae.unibo.it/article/view/13072
http://www.wikidata.org/entity/Q107394996,Il problema dell’eredità digitale nella trasmissione di archivi e biblioteche personali,Stefano Allegrezza (maschio),2021,fondo speciale,Scopus; Google Scholar; DOAJ; SCImago Journal Rank,10.6092/ISSN.2283-9364/13074,Università di Bologna,Creative Commons Attribution-NonCommercial-NoDerivatives,Bibliothecae.it,1,10,352-400,https://bibliothecae.unibo.it/article/view/13074
http://www.wikidata.org/entity/Q96623090,"Note e riflessioni in margine a Il libro, il popolo, il territorio, da una indagine socio-statistica: memoria storica di biblioteche",Rosa Marisa Borraccini (femmina),2020,Faenza; storia della biblioteca,Scopus; Google Scholar; DOAJ; SCImago Journal Rank,10.6092/ISSN.2283-9364/11034,Università di Bologna,Creative Commons Attribution-NonCommercial-NoDerivatives,Bibliothecae.it,1,9,454-468,https://bibliothecae.unibo.it/article/view/11034
http://www.wikidata.org/entity/Q104786705,Dei «Bibliotecarj» del Giornale de’ letterati d’Italia,Andrea Moroni (maschio),2020,bibliografia; Giornale de' letterati d'Italia,Scopus; Google Scholar; DOAJ; SCImago Journal Rank,10.6092/ISSN.2283-9364/11995,Università di Bologna,Creative Commons Attribution-NonCommercial-NoDerivatives,Bibliothecae.it,2,9,343-419,https://bibliothecae.unibo.it/article/view/11995
http://www.wikidata.org/entity/Q104786704,"Giovanni Parè, libraio ed editore nella Venezia della seconda metà del Seicento",Francesca Nepori (femmina),2020,censura; Quietismo; storia dell'editoria,Scopus; Google Scholar; DOAJ; SCImago Journal Rank,10.6092/ISSN.2283-9364/11992,Università di Bologna,Creative Commons Attribution-NonCommercial-NoDerivatives,Bibliothecae.it,2,9,278-342,https://bibliothecae.unibo.it/article/view/11992
http://www.wikidata.org/entity/Q96623087,«At the risk of entering into minute and very uninteresting particulars...»: la querelle tra Antonio Panizzi e Nicholas Harris Nicolas,Lucia Sardo (femmina),2020,British Museum; Antonio Panizzi; catalogazione,Scopus; Google Scholar; DOAJ; SCImago Journal Rank,10.6092/ISSN.2283-9364/11032,Università di Bologna,Creative Commons Attribution-NonCommercial-NoDerivatives,Bibliothecae.it,1,9,394-416,https://bibliothecae.unibo.it/article/view/11032
http://www.wikidata.org/entity/Q96623093,Natura ed informazione,Alfredo Serrai (maschio),2020,biologia; natura; comunicazione; informatica,Scopus; Google Scholar; DOAJ; SCImago Journal Rank,10.6092/ISSN.2283-9364/11092,Università di Bologna,Creative Commons Attribution-NonCommercial-NoDerivatives,Bibliothecae.it,1,9,492-497,https://bibliothecae.unibo.it/article/view/11092
http://www.wikidata.org/entity/Q107394986,Cultura vs. intelligenza operativa,Alfredo Serrai (maschio),2021,cultura; Intelligenza,Scopus; Google Scholar; DOAJ; SCImago Journal Rank,10.6092/ISSN.2283-9364/13064,Università di Bologna,Creative Commons Attribution-NonCommercial-NoDerivatives,Bibliothecae.it,1,10,1-10,https://bibliothecae.unibo.it/article/view/13064
http://www.wikidata.org/entity/Q107394997,I beni culturali quale anima del mondo,Alfredo Serrai (maschio),2021,cultura; informazione,Scopus; Google Scholar; DOAJ; SCImago Journal Rank,10.6092/ISSN.2283-9364/13075,Università di Bologna,Creative Commons Attribution-NonCommercial-NoDerivatives,Bibliothecae.it,1,10,401-419,https://bibliothecae.unibo.it/article/view/13075
http://www.wikidata.org/entity/Q110386754,Modelli e forme del pensiero bibliografico: in cerca di un punto di vista per interpretare la complessità,Maurizio Vivarelli (maschio),2021,bibliografia,Scopus; Google Scholar; DOAJ; SCImago Journal Rank,10.6092/ISSN.2283-9364/14047,Università di Bologna,Creative Commons Attribution-NonCommercial-NoDerivatives,Bibliothecae.it,2,10,15-46,https://bibliothecae.unibo.it/article/view/14047
http://www.wikidata.org/entity/Q104786699,La biblioteca di Alessandria e l’incendio che non la distrusse. I: Riflessioni moderne fino a Giusto Lipsio,Luca Tiberi (maschio),2020,Biblioteca di Alessandria; Serapeo di Alessandria; storia della biblioteca,Scopus; Google Scholar; DOAJ; SCImago Journal Rank,10.6092/ISSN.2283-9364/11818,Università di Bologna,Creative Commons Attribution-NonCommercial-NoDerivatives,Bibliothecae.it,2,9,4-100,https://bibliothecae.unibo.it/article/view/11818
http://www.wikidata.org/entity/Q107394987,Un raro codice giuridico miniato del Rinascimento fiorentino: lo statuto della compagnia di Santa Maria Assunta in San Pier Gattolino del 1472,Francesco Salvestrini (maschio),2021,codice; iconografia,Scopus; Google Scholar; DOAJ; SCImago Journal Rank,10.6092/ISSN.2283-9364/13066,Università di Bologna,Creative Commons Attribution-NonCommercial-NoDerivatives,Bibliothecae.it,1,10,11-45,https://bibliothecae.unibo.it/article/view/13066
http://www.wikidata.org/entity/Q107394988,"Una nuova attribuzione al Maestro dei Putti: un esemplare miniato delle Notti Attiche di Aulo Gellio (Venezia, Nicolas Jenson, 1472)",Simona Inserra (femmina),2021,miniatura; incunabolo,Scopus; Google Scholar; DOAJ; SCImago Journal Rank,10.6092/ISSN.2283-9364/13067,Università di Bologna,Creative Commons Attribution-NonCommercial-NoDerivatives,Bibliothecae.it,1,10,46-69,https://bibliothecae.unibo.it/article/view/13067
http://www.wikidata.org/entity/Q107395000,Per un’ipotesi di metacatalogazione,Federico Valacchi (maschio),2021,metadato; catalogazione,Scopus; Google Scholar; DOAJ; SCImago Journal Rank,10.6092/ISSN.2283-9364/13077,Università di Bologna,Creative Commons Attribution-NonCommercial-NoDerivatives,Bibliothecae.it,1,10,463-487,https://bibliothecae.unibo.it/article/view/13077
http://www.wikidata.org/entity/Q104786709,La mia biblioteca,Giampiero Mughini (maschio),2020,bibliofilia; collezionista di libri,Scopus; Google Scholar; DOAJ; SCImago Journal Rank,10.6092/ISSN.2283-9364/12008,Università di Bologna,Creative Commons Attribution-NonCommercial-NoDerivatives,Bibliothecae.it,2,9,470-475,https://bibliothecae.unibo.it/article/view/12008
http://www.wikidata.org/entity/Q104786707,Giuseppe Malatesta Garuffi,Alfredo Serrai (maschio),2020,Biblioteca Civica Gambalunga; Giacomo Allegretti; Giuseppe Malatesta Garuffi,Scopus; Google Scholar; DOAJ; SCImago Journal Rank,10.6092/ISSN.2283-9364/12007,Università di Bologna,Creative Commons Attribution-NonCommercial-NoDerivatives,Bibliothecae.it,2,9,458-469,https://bibliothecae.unibo.it/article/view/12007
http://www.wikidata.org/entity/Q107395003,La mia biblioteca,Luciano Canfora (maschio),2021,bibliofilia; collezionista di libri,Scopus; Google Scholar; DOAJ; SCImago Journal Rank,10.6092/ISSN.2283-9364/13080,Università di Bologna,Creative Commons Attribution-NonCommercial-NoDerivatives,Bibliothecae.it,1,10,513-517,https://bibliothecae.unibo.it/article/view/13080
http://www.wikidata.org/entity/Q107395002,Bibliografia degli autori italiani,Alfredo Serrai (maschio),2021,bibliografia; Servizio Bibliotecario Nazionale,Scopus; Google Scholar; DOAJ; SCImago Journal Rank,10.6092/ISSN.2283-9364/13079,Università di Bologna,Creative Commons Attribution-NonCommercial-NoDerivatives,Bibliothecae.it,1,10,510-512,https://bibliothecae.unibo.it/article/view/13079
http://www.wikidata.org/entity/Q96623085,Dall'intenzione all'azione: le biblioteche pubbliche e la partecipazione,Raphaëlle Bats (femmina),2020,Biblioteca municipale di Lione; biblioteca pubblica; partecipazione politica,Scopus; Google Scholar; DOAJ; SCImago Journal Rank,10.6092/ISSN.2283-9364/11041,Università di Bologna,Creative Commons Attribution-NonCommercial-NoDerivatives,Bibliothecae.it,1,9,346-383,https://bibliothecae.unibo.it/article/view/11041
http://www.wikidata.org/entity/Q96623089,"La Abteilung für Sondersammlungen della Universitäts- und Landesbibliothek Tirol a Innsbruck: breve saggio su storia, status quaestionis e progetti aperti",Claudia Sojer (femmina),2020,catalogo di biblioteca; fondo speciale,Scopus; Google Scholar; DOAJ; SCImago Journal Rank,10.6092/ISSN.2283-9364/11033,Università di Bologna,Creative Commons Attribution-NonCommercial-NoDerivatives,Bibliothecae.it,1,9,417-453,https://bibliothecae.unibo.it/article/view/11033
http://www.wikidata.org/entity/Q107394991,«What began as a hobby became a consuming quest»: il bibliofilo statunitense William Lawrence Clements e la sua collezione di incunaboli,Debora Di Pietro (femmina),2021,incunabolo; storia della biblioteca; Material Evidence in Incunabula; collezionismo di libri,Scopus; Google Scholar; DOAJ; SCImago Journal Rank,10.6092/ISSN.2283-9364/13070,Università di Bologna,Creative Commons Attribution-NonCommercial-NoDerivatives,Bibliothecae.it,1,10,232-272,https://bibliothecae.unibo.it/article/view/13070
http://www.wikidata.org/entity/Q107394989,"«Piccola, ma sufficiente per li miei studi»: la biblioteca del cardinale Roberto Bellarmino. Prime ricerche e censimento degli esemplari postillati",Lorenzo Mancini (maschio),2021,storia della biblioteca; Roberto Bellarmino; Pontificia Università Gregoriana,Scopus; Google Scholar; DOAJ; SCImago Journal Rank,10.6092/ISSN.2283-9364/13068,Università di Bologna,Creative Commons Attribution-NonCommercial-NoDerivatives,Bibliothecae.it,1,10,70-174,https://bibliothecae.unibo.it/article/view/13068
http://www.wikidata.org/entity/Q107394999,"Biblioteca Digitale, o dell’evoluzione della biblioteca: la Veneranda Biblioteca Ambrosiana e la sua nuova Biblioteca Digitale ad accesso aperto dedicata ai manoscritti",Fabio Cusimano (maschio),2021,biblioteca digitale; open access; digitalizzazione,Scopus; Google Scholar; DOAJ; SCImago Journal Rank,10.6092/ISSN.2283-9364/13076,Università di Bologna,Creative Commons Attribution-NonCommercial-NoDerivatives,Bibliothecae.it,1,10,420-462,https://bibliothecae.unibo.it/article/view/13076
http://www.wikidata.org/entity/Q59208098,La “sfida” dei beni culturali. Dalle biblioteche di “conservazione” alla “Biblioteca Pubblica” (Lettera ai restauratori),Berardino Simone (maschio),2014,biblioteca pubblica; restauro; storia della biblioteca; conservazione storica; storia del libro; bene culturale,Scopus; Google Scholar; DOAJ; SCImago Journal Rank,10.6092/ISSN.2283-9364/5717,Università di Bologna,Creative Commons Attribution-NonCommercial-NoDerivatives,Bibliothecae.it,1,3,233-264,https://bibliothecae.unibo.it/article/view/5717
http://www.wikidata.org/entity/Q59259746,La legatura del libro antico tra arte e documento,Franco Caroselli (maschio),2013,libro raro; storia della stampa,Scopus; Google Scholar; DOAJ; SCImago Journal Rank,10.6092/ISSN.2283-9364/5705,Università di Bologna,Creative Commons Attribution-NonCommercial-NoDerivatives,Bibliothecae.it,2,2,187-211,https://bibliothecae.unibo.it/article/view/5705
http://www.wikidata.org/entity/Q59259745,Libri e biblioteche della Congregazione fogliante italiana(1592-1802). Una prima rassegna tra Roma e Perugia,Enrico Pio Ardolino (maschio),2013,storia della biblioteca; congregazione religiosa; foglianti; biblioteca monastica,Scopus; Google Scholar; DOAJ; SCImago Journal Rank,10.6092/ISSN.2283-9364/5704,Università di Bologna,Creative Commons Attribution-NonCommercial-NoDerivatives,Bibliothecae.it,2,2,161-185,https://bibliothecae.unibo.it/article/view/5704
http://www.wikidata.org/entity/Q59208094,Costruire un leggio rotante digitale insieme: Annotated Books Online e la storia delle pratiche di lettura durante la prima età moderna,Richard Calis (maschio); Arnoud Visser (maschio),2014,Martin Lutero; Filippo Melantone; storia della stampa; umanesimo; marginalia,Scopus; Google Scholar; DOAJ; SCImago Journal Rank,10.6092/ISSN.2283-9364/5712,Università di Bologna,Creative Commons Attribution-NonCommercial-NoDerivatives,Bibliothecae.it,1,3,63-80,https://bibliothecae.unibo.it/article/view/5712
http://www.wikidata.org/entity/Q59208097,Dalla corrispondenza di Paolo Maria Paciaudi i ‘prolegomena’ ad una storia della Biblioteca Parmense,Fiammetta Sabba (femmina),2014,storia della biblioteca; Paolo Maria Paciaudi; storia del libro; Biblioteca Palatina di Parma,Scopus; Google Scholar; DOAJ; SCImago Journal Rank,10.6092/ISSN.2283-9364/5715,Università di Bologna,Creative Commons Attribution-NonCommercial-NoDerivatives,Bibliothecae.it,1,3,185-230,https://bibliothecae.unibo.it/article/view/5715
http://www.wikidata.org/entity/Q59259740,Il mestiere dei libri nel tardo Rinascimento. Edizione e commento del Consilium di Hugo Blotius a Rodolfo II del 1579,Paola Molino (femmina),2013,Rodolfo II d'Asburgo; Biblioteca Nazionale Austriaca; storia della biblioteca; Hugo Blotius,Scopus; Google Scholar; DOAJ; SCImago Journal Rank,10.6092/ISSN.2283-9364/5697,Università di Bologna,Creative Commons Attribution-NonCommercial-NoDerivatives,Bibliothecae.it,2,2,23-77,https://bibliothecae.unibo.it/article/view/5697
http://www.wikidata.org/entity/Q59259742,Variazioni e modifiche nella suppellettile bibliotecaria. Il caso “teologico” della biblioteca del Monte Ripido di Perugia nel raffronto tra un antico catalogo topografico-analitico ed il successivo catalogo alfabetico,Alfredo Serrai (maschio),2013,Perugia; storia della biblioteca; biblioteca monastica; Ordine dei frati minori,Scopus; Google Scholar; DOAJ; SCImago Journal Rank,10.6092/ISSN.2283-9364/5700,Università di Bologna,Creative Commons Attribution-NonCommercial-NoDerivatives,Bibliothecae.it,2,2,89-112,https://bibliothecae.unibo.it/article/view/5700
http://www.wikidata.org/entity/Q59265390,«e-lib.ch: Biblioteca elettronica svizzera»: il progetto nato all’insegna dell’innovazione e della collaborazione,Susanne Benitz (femmina),2013,Biblioteca del Politecnico federale di Zurigo; storia della biblioteca; Swissbib; collaborazione; Biblioteca Digitale Svizzera,Scopus; Google Scholar; DOAJ; SCImago Journal Rank,10.6092/ISSN.2283-9364/5623,Università di Bologna,Creative Commons Attribution-NonCommercial-NoDerivatives,Bibliothecae.it,1,2,187-202,https://bibliothecae.unibo.it/article/view/5623
http://www.wikidata.org/entity/Q59154974,I linguaggi e la conoscenza. L’integrazione delle funzioni cerebrali,Alfredo Serrai (maschio),2014,linguaggio; conoscenza; comunicazione; storia della bibliografia,Scopus; Google Scholar; DOAJ; SCImago Journal Rank,10.6092/ISSN.2283-9364/5770,Università di Bologna,Creative Commons Attribution-NonCommercial-NoDerivatives,Bibliothecae.it,2,3,223-226,https://bibliothecae.unibo.it/article/view/5770
http://www.wikidata.org/entity/Q59208096,Storia delle biblioteche. Parte I,Alfredo Serrai (maschio),2014,biblioteca; scriptorium; storia della biblioteca; abbazia di Montecassino; Biblioteche antiche; Biblioteca; storia del libro; Vivarium,Scopus; Google Scholar; DOAJ; SCImago Journal Rank,10.6092/ISSN.2283-9364/5714,Università di Bologna,Creative Commons Attribution-NonCommercial-NoDerivatives,Bibliothecae.it,1,3,137-184,https://bibliothecae.unibo.it/article/view/5714
http://www.wikidata.org/entity/Q59259741,L'Oratio Dominica di Giambattista Bodoni,Valentino Romani (maschio),2013,Padre nostro; storia della stampa; Giambattista Bodoni; Paolo Maria Paciaudi; Biblioteca Palatina di Parma,Scopus; Google Scholar; DOAJ; SCImago Journal Rank,10.6092/ISSN.2283-9364/5698,Università di Bologna,Creative Commons Attribution-NonCommercial-NoDerivatives,Bibliothecae.it,2,2,79-87,https://bibliothecae.unibo.it/article/view/5698
http://www.wikidata.org/entity/Q59259749,"Il Convegno Internazionale “Incunabula. Printing, Trading, Collecting, Cataloguing”, Milano 10-12 settembre 2013: una riflessione di sintesi",Francesca Nepori (femmina),2013,storia della stampa; incunabolo; bibliologia,Scopus; Google Scholar; DOAJ; SCImago Journal Rank,10.6092/ISSN.2283-9364/5708,Università di Bologna,Creative Commons Attribution-NonCommercial-NoDerivatives,Bibliothecae.it,2,2,285-297,https://bibliothecae.unibo.it/article/view/5708
http://www.wikidata.org/entity/Q59265384,De Bibliothecis Syntagma di Giusto Lipsio: novità e conferme per la storia delle biblioteche,Diego Baldi (maschio),2013,Gabriel Naudé; storia della biblioteca; Giusto Lipsio; Fulvio Orsini,Scopus; Google Scholar; DOAJ; SCImago Journal Rank,10.6092/ISSN.2283-9364/5614,Università di Bologna,Creative Commons Attribution-NonCommercial-NoDerivatives,Bibliothecae.it,1,2,15-94,https://bibliothecae.unibo.it/article/view/5614
http://www.wikidata.org/entity/Q59154975,“Palast der Musen-Bollwerk der Religion”,Alfredo Serrai (maschio),2014,storia della biblioteca,Scopus; Google Scholar; DOAJ; SCImago Journal Rank,10.6092/ISSN.2283-9364/5771,Università di Bologna,Creative Commons Attribution-NonCommercial-NoDerivatives,Bibliothecae.it,2,3,227-228,https://bibliothecae.unibo.it/article/view/5771
http://www.wikidata.org/entity/Q59208095,L’apparato bibliografico di una raccolta bibliotecaria: il caso della Biblioteca dell’Università di Torino nel primo ventennio del XIX secolo,Andrea De Pasquale (maschio),2014,storia della biblioteca; Giuseppe Vernazza; Costanzo Gazzera; Biblioteca Nazionale Universitaria di Torino; catalogo,Scopus; Google Scholar; DOAJ; SCImago Journal Rank,10.6092/ISSN.2283-9364/5713,Università di Bologna,Creative Commons Attribution-NonCommercial-NoDerivatives,Bibliothecae.it,1,3,83-136,https://bibliothecae.unibo.it/article/view/5713
http://www.wikidata.org/entity/Q59259743,Vasi o Saloni librari,Alfredo Serrai (maschio),2013,Francesco Borromini; storia della biblioteca; Biblioteca Vallicelliana,Scopus; Google Scholar; DOAJ; SCImago Journal Rank,10.6092/ISSN.2283-9364/5701,Università di Bologna,Creative Commons Attribution-NonCommercial-NoDerivatives,Bibliothecae.it,2,2,113-124,https://bibliothecae.unibo.it/article/view/5701
http://www.wikidata.org/entity/Q59259747,"Per la “rinfrescatura” di s. Lorenzo Giustianiani, Opere, Brescia, Angelo Britannico, 28 marzo 1506",Luca Rivali (maschio),2013,incunabolo; Biblioteca Queriniana; storia dell'editoria; Ugo Da Como,Scopus; Google Scholar; DOAJ; SCImago Journal Rank,10.6092/ISSN.2283-9364/5706,Università di Bologna,Creative Commons Attribution-NonCommercial-NoDerivatives,Bibliothecae.it,2,2,211-229,https://bibliothecae.unibo.it/article/view/5706
http://www.wikidata.org/entity/Q59208093,"Conrad Gesner, i Loci Communes dello pseudo Massimo Confessore e la Melissa del monaco Antonio",Diego Baldi (maschio),2014,Conrad Gessner; Massimo il Confessore; storia della bibliografia; Antonius Melissa,Scopus; Google Scholar; DOAJ; SCImago Journal Rank,10.6092/ISSN.2283-9364/5711,Università di Bologna,Creative Commons Attribution-NonCommercial-NoDerivatives,Bibliothecae.it,1,3,19-61,https://bibliothecae.unibo.it/article/view/5711
http://www.wikidata.org/entity/Q59259744,La biblioteca di un “intellettuale di provincia”: il canonico Marco Moroni (1520 ca.-1602),Pier Maria Soglian (maschio); Giampiero Tiraboschi (maschio); Rodolfo Vittori (maschio),2013,Ordine dei frati minori cappuccini; storia della biblioteca; Biblioteca civica Angelo Mai e Archivi storici comunali; biblioteca monastica,Scopus; Google Scholar; DOAJ; SCImago Journal Rank,10.6092/ISSN.2283-9364/5702,Università di Bologna,Creative Commons Attribution-NonCommercial-NoDerivatives,Bibliothecae.it,2,2,125-158,https://bibliothecae.unibo.it/article/view/5702
http://www.wikidata.org/entity/Q59265383,Riflessioni sul futuro delle biblioteche,Alfredo Serrai (maschio),2013,biblioteca; storia della biblioteca,Scopus; Google Scholar; DOAJ; SCImago Journal Rank,10.6092/ISSN.2283-9364/5613,Università di Bologna,Creative Commons Attribution-NonCommercial-NoDerivatives,Bibliothecae.it,1,2,9-12,https://bibliothecae.unibo.it/article/view/5613
http://www.wikidata.org/entity/Q59265386,Procedure editoriali e costo del libro a Ferrara alla fine del Cinquecento,Valentina Sonzini (femmina),2013,Giovan Battista Pigna; Giovanni Battista Laderchi; storia dell'editoria; Vittorio Baldini,Scopus; Google Scholar; DOAJ; SCImago Journal Rank,10.6092/ISSN.2283-9364/5616,Università di Bologna,Creative Commons Attribution-NonCommercial-NoDerivatives,Bibliothecae.it,1,2,123-148,https://bibliothecae.unibo.it/article/view/5616
http://www.wikidata.org/entity/Q59154972,Biblioteche d’autore: la raccolta libraria di Aldo Capitini,Elisabetta Passerini (femmina),2014,biblioteca; Aldo Capitini; storia della biblioteca,Scopus; Google Scholar; DOAJ; SCImago Journal Rank,10.6092/ISSN.2283-9364/5769,Università di Bologna,Creative Commons Attribution-NonCommercial-NoDerivatives,Bibliothecae.it,2,3,211-220,https://bibliothecae.unibo.it/article/view/5769
http://www.wikidata.org/entity/Q59154976,Spunti di riflessione per la diagnosi della sindrome bibliofilica,Alfredo Serrai (maschio),2014,storia della bibliografia; bibliografo; bibliofilo,Scopus; Google Scholar; DOAJ; SCImago Journal Rank,10.6092/ISSN.2283-9364/5772,Università di Bologna,Creative Commons Attribution-NonCommercial-NoDerivatives,Bibliothecae.it,2,3,229-233,https://bibliothecae.unibo.it/article/view/5772
http://www.wikidata.org/entity/Q59259739,"Bibliografia, Biblioteche, Bibliotecari, un decadimento fatale",Alfredo Serrai (maschio),2013,biblioteca; bibliografia; bibliotecario; storia della bibliografia,Scopus; Google Scholar; DOAJ; SCImago Journal Rank,10.6092/ISSN.2283-9364/5696,Università di Bologna,Creative Commons Attribution-NonCommercial-NoDerivatives,Bibliothecae.it,2,2,11-19,https://bibliothecae.unibo.it/article/view/5696
http://www.wikidata.org/entity/Q59265385,Ancora un contributo sulle provenienze riccardiane: il caso della famiglia Ricci,Guglielmo Bartoletti (maschio),2013,Biblioteca Riccardiana; storia della biblioteca; Biblioteca Nazionale Centrale di Firenze,Scopus; Google Scholar; DOAJ; SCImago Journal Rank,10.6092/ISSN.2283-9364/5615,Università di Bologna,Creative Commons Attribution-NonCommercial-NoDerivatives,Bibliothecae.it,1,2,95-121,https://bibliothecae.unibo.it/article/view/5615
http://www.wikidata.org/entity/Q59259748,Bibliotheca beniana. Parte II,Alfredo Serrai (maschio),2013,chierici regolari teatini; storia della bibliografia; Paolo Beni,Scopus; Google Scholar; DOAJ; SCImago Journal Rank,10.6092/ISSN.2283-9364/5707,Università di Bologna,Creative Commons Attribution-NonCommercial-NoDerivatives,Bibliothecae.it,2,2,231-281,https://bibliothecae.unibo.it/article/view/5707
http://www.wikidata.org/entity/Q59265388,Notizie sopra l’origine ed avanzi della Biblioteca della Sagra Religione Gerosolimitana: un’opera inedita di Agius de Soldanis,William Zammit (maschio),2013,Malta; Sovrano Militare Ordine Ospedaliero di San Giovanni di Gerusalemme di Rodi e di Malta; storia della biblioteca; Giovan Pietro Francesco Agius Soldana,Scopus; Google Scholar; DOAJ; SCImago Journal Rank,10.6092/ISSN.2283-9364/5622,Università di Bologna,Creative Commons Attribution-NonCommercial-NoDerivatives,Bibliothecae.it,1,2,149-184,https://bibliothecae.unibo.it/article/view/5622
http://www.wikidata.org/entity/Q109854302,Il potere dello stemma araldico dell'Arma Christi,Laura Saporiti (femmina),2010,,Emerging Sources Citation Index,,Università di Parma,Creative Commons Attribution-NonCommercial-NoDerivatives,,,,,
http://www.wikidata.org/entity/Q109854315,Le mura di Uruk. Struttura e ideologia delle cinte urbiche nella Mesopotamia pre-classica,Frances Pinnock (femmina),2011,,Emerging Sources Citation Index,,Università di Parma,Creative Commons Attribution-NonCommercial-NoDerivatives,,,,,http://www.ricerchedisconfine.info/II-1/PINNOCK.htm
http://www.wikidata.org/entity/Q109854316,"La parete nera. Dispositivi della memoria nella messinscena de L'istruttoria di Peter Weiss, ad opera del Collettivo di Parma",Pierangela Gandolfi (femmina),2011,,Emerging Sources Citation Index,,Università di Parma,Creative Commons Attribution-NonCommercial-NoDerivatives,,,,,
http://www.wikidata.org/entity/Q109854328,Attaccare e difendere un muro: una battaglia di confine,Davide Nadali (maschio),2011,,Emerging Sources Citation Index,,Università di Parma,Creative Commons Attribution-NonCommercial-NoDerivatives,,,,,http://www.ricerchedisconfine.info/II-1/NADALI.htm
http://www.wikidata.org/entity/Q109854332,"«Preso un certo ambiente, vai a vedere che cosa c'è dall'altra parte dei muri perimetrali». Parole e azioni di Cesare Pietroiusti sui muri",Elisabetta Modena (femmina),2011,,Emerging Sources Citation Index,,Università di Parma,Creative Commons Attribution-NonCommercial-NoDerivatives,,,,,http://www.ricerchedisconfine.info/II-1/MODENA.htm
http://www.wikidata.org/entity/Q109854347,Frammenti dell’attrice-giardiniera,Lorenza Zambon (femmina),2013,,Emerging Sources Citation Index,,Università di Parma,Creative Commons Attribution-NonCommercial-NoDerivatives,,,,,http://www.ricerchedisconfine.info/dossier-1/ZAMBON.htm
http://www.wikidata.org/entity/Q109854345,Il teatro originario delle Ariette,Stefano Pasquini (maschio); Paola Berselli (femmina),2013,,Emerging Sources Citation Index,,Università di Parma,Creative Commons Attribution-NonCommercial-NoDerivatives,,,,,http://www.ricerchedisconfine.info/dossier-1/PASQUINIeBERSELLI.htm
http://www.wikidata.org/entity/Q109854304,"Città in mostra. Parma 1870, immagine debole di un potere in crisi",Vanja Strukelj (maschio),2010,,Emerging Sources Citation Index,,Università di Parma,Creative Commons Attribution-NonCommercial-NoDerivatives,,,,,
http://www.wikidata.org/entity/Q109854297,"La Casa del Fascio di Como e le sue ""decorazioni"". Uno strumento di comunicazione del potere",Cristina Casero (femmina),2010,,Emerging Sources Citation Index,,Università di Parma,Creative Commons Attribution-NonCommercial-NoDerivatives,,,,,
http://www.wikidata.org/entity/Q109854331,"Muri e mura, architettura e città. Cantieri e struttura urbana a Parma tra XII e XIII secolo",Michele Vescovi (maschio),2011,,Emerging Sources Citation Index,,Università di Parma,Creative Commons Attribution-NonCommercial-NoDerivatives,,,,,http://www.ricerchedisconfine.info/II-1/VESCOVI.htm
http://www.wikidata.org/entity/Q109854344,Realtà e immaginazione nelle fotografie di Franco Grignani,Irene Accorsini (femmina),2012,,Emerging Sources Citation Index,,Università di Parma,Creative Commons Attribution-NonCommercial-NoDerivatives,,,,,
http://www.wikidata.org/entity/Q109854341,Un’esperienza al femminile: il gruppo “Metamorfosi” 1977-1984,Elena Di Raddo (femmina),2012,,Emerging Sources Citation Index,,Università di Parma,Creative Commons Attribution-NonCommercial-NoDerivatives,,,,,
http://www.wikidata.org/entity/Q109854296,L'attentato a Mussolini: un esempio di drammaturgia anarchica durante il ventennio,Niccolò Baldari (maschio),2010,,Emerging Sources Citation Index,,Università di Parma,Creative Commons Attribution-NonCommercial-NoDerivatives,,,,,
http://www.wikidata.org/entity/Q109854306,L'immagine del potere fascista nella scultura futurista degli anni Trenta,Paolo Sacchini (maschio),2010,,Emerging Sources Citation Index,,Università di Parma,Creative Commons Attribution-NonCommercial-NoDerivatives,,,,,
http://www.wikidata.org/entity/Q109854333,"Il «complesso di Louise»: la mostra Tempo libero (13. Triennale, Milano 1964), dentro e fuori dal Palazzo",Francesca Zanella (femmina),2012,,Emerging Sources Citation Index,,Università di Parma,Creative Commons Attribution-NonCommercial-NoDerivatives,,,,,
http://www.wikidata.org/entity/Q109854355,"Luoghi, territori e paesaggi del teatro: per un approccio geografico al rapporto fra azione teatrale e dimensione spaziale",Davide Papotti (maschio),2013,,Emerging Sources Citation Index,,Università di Parma,Creative Commons Attribution-NonCommercial-NoDerivatives,,,,,http://www.ricerchedisconfine.info/dossier-1/PAPOTTI.htm
http://www.wikidata.org/entity/Q109854329,Un esempio di archeologia dell'architettura su edifici mediaveli: la Pieve di S. maria di Diecimo (Lucca),Mariapia Branchi (femmina),2011,,Emerging Sources Citation Index,,Università di Parma,Creative Commons Attribution-NonCommercial-NoDerivatives,,,,,http://www.ricerchedisconfine.info/II-1/BRANCHI.htm
http://www.wikidata.org/entity/Q109854298,"ICONE IMPOTENTI. Il dissenso politico e ideologico nell’arte italiana contemporanea, dalla pop art alle ultime generazioni",Ilaria Bignotti (femmina),2010,,Emerging Sources Citation Index,,Università di Parma,Creative Commons Attribution-NonCommercial-NoDerivatives,,,,,
http://www.wikidata.org/entity/Q109854314,"I Fought the Law? Note sulla storia, la diffusione e il significato delle forme della Street Art sulla West Bank Barrier",Marco Scotti (maschio),2011,,Emerging Sources Citation Index,,Università di Parma,Creative Commons Attribution-NonCommercial-NoDerivatives,,,,,http://www.ricerchedisconfine.info/II-1/SCOTTI.htm
http://www.wikidata.org/entity/Q109854295,"Venticinque chili di bellezza: Berlusconi e il libro emblema del ""tempo nuovo""",Alberto Salarelli (maschio),2010,,Emerging Sources Citation Index,,Università di Parma,Creative Commons Attribution-NonCommercial-NoDerivatives,,,,,
http://www.wikidata.org/entity/Q109854348,Danza e paesaggio: Die Klage der Kaiserin.,Giulia Romanini (femmina),2013,,Emerging Sources Citation Index,,Università di Parma,Creative Commons Attribution-NonCommercial-NoDerivatives,,,,,http://www.ricerchedisconfine.info/dossier-1/ROMANINI.htm
http://www.wikidata.org/entity/Q109854309,La strada e il suo doppio. Le vetrine di Albe Steiner per La Rinascente a Milano,Cristina Casero (femmina),2011,,Emerging Sources Citation Index,,Università di Parma,Creative Commons Attribution-NonCommercial-NoDerivatives,,,,,http://www.ricerchedisconfine.info/II-1/CASERO.htm
http://www.wikidata.org/entity/Q109854312,I confini di Cipro: il muro di Nicosia,Emma Tagliacollo (femmina),2011,,Emerging Sources Citation Index,,Università di Parma,Creative Commons Attribution-NonCommercial-NoDerivatives,,,,,http://www.ricerchedisconfine.info/II-1/TAGLIACOLLO.htm
http://www.wikidata.org/entity/Q109854319,La porosità dei muri. Su alcune analogie tra Walter Benjamin e Maurice Merleau-Ponty,Rita Messori (femmina),2011,,Emerging Sources Citation Index,,Università di Parma,Creative Commons Attribution-NonCommercial-NoDerivatives,,,,,http://www.ricerchedisconfine.info/II-1/MESSORI.htm
http://www.wikidata.org/entity/Q109854336,Nuove aspettative e pratiche di legittimazione della memoria tra vecchio e nuovo mondo: soggetti e oggetti della globalizzazione,Giulia Crippa (femmina),2012,,Emerging Sources Citation Index,,Università di Parma,Creative Commons Attribution-NonCommercial-NoDerivatives,,,,,
http://www.wikidata.org/entity/Q109854299,Il crocifisso ligneo di Scandolara Ravara (Cremona),Giorgio Milanesi (maschio),2010,,Emerging Sources Citation Index,,Università di Parma,Creative Commons Attribution-NonCommercial-NoDerivatives,,,,,
http://www.wikidata.org/entity/Q109854307,Egisto nelle riscritture novecentesche dell'Orestea: immagini di potere tra politica e psicanalisi,Ilaria Dazzi (femmina),2010,,Emerging Sources Citation Index,,Università di Parma,Creative Commons Attribution-NonCommercial-NoDerivatives,,,,,
http://www.wikidata.org/entity/Q109854325,A proposito di alcuni frontespizi di tesi del Collegio dei Nobili di Parma,Chiara Travisonni (femmina),2011,,Emerging Sources Citation Index,,Università di Parma,Creative Commons Attribution-NonCommercial-NoDerivatives,,,,,http://www.ricerchedisconfine.info/II-1/TRAVISONNI.htm
http://www.wikidata.org/entity/Q109854311,Strategie di dissoluzione del supporto murale in Banksy e Blu,Flavio Pintarelli (maschio),2011,,Emerging Sources Citation Index,,Università di Parma,Creative Commons Attribution-NonCommercial-NoDerivatives,,,,,http://www.ricerchedisconfine.info/II-1/PINTARELLI.htm
http://www.wikidata.org/entity/Q109854326,Il “muro bianco” del capitale. Storie di respingimenti e di restrizioni dagli scritti di Mike Davis,Marco Mirabile (maschio),2011,,Emerging Sources Citation Index,,Università di Parma,Creative Commons Attribution-NonCommercial-NoDerivatives,,,,,http://www.ricerchedisconfine.info/II-1/MIRABILE.htm
http://www.wikidata.org/entity/Q109854327,La costruzione e la decorazione della Sala Maria Luigia nella Biblioteca Ducale di Parma,Maria Carla Ramazzini Calciolari (femmina),2011,,Emerging Sources Citation Index,,Università di Parma,Creative Commons Attribution-NonCommercial-NoDerivatives,,,,,http://www.ricerchedisconfine.info/II-1/RAMAZZINI.htm
http://www.wikidata.org/entity/Q109854324,"Paolo Scheggi: dall’Intersuperficie all’Intercamera. L’opera oltre la parete, al di là del muro: per vivere uno spazio, per agire il tempo",Ilaria Bignotti (femmina),2011,,Emerging Sources Citation Index,,Università di Parma,Creative Commons Attribution-NonCommercial-NoDerivatives,,,,,http://www.ricerchedisconfine.info/II-1/BIGNOTTI.htm
http://www.wikidata.org/entity/Q109854351,Dal parco-spiaggia al paesaggio che in-segna: significatisovrapposti della natura intorno alla metropoli,Tomaso Colombo (maschio),2013,,Emerging Sources Citation Index,,Università di Parma,Creative Commons Attribution-NonCommercial-NoDerivatives,,,,,http://www.ricerchedisconfine.info/dossier-1/COLOMBO.htm
http://www.wikidata.org/entity/Q109854337,Pamela: una donna goldoniana in Russia con Eleonora Duse,Maria Pia Pagani (femmina),2012,,Emerging Sources Citation Index,,Università di Parma,Creative Commons Attribution-NonCommercial-NoDerivatives,,,,,
http://www.wikidata.org/entity/Q109854353,Dilatare la presenza del vivente: etiche ed estetiche dell’azione teatrale.,Roberta Gandolfi (femmina),2013,,Emerging Sources Citation Index,,Università di Parma,Creative Commons Attribution-NonCommercial-NoDerivatives,,,,,http://www.ricerchedisconfine.info/dossier-1/GANDOLFI.htm
http://www.wikidata.org/entity/Q109854323,"I muri non sono mai semplicemente muri. A volte possono essere storia, altre volte possono essere idee. Giuliano Scabia e il sentiero teatrale per pensare e incontrare diversamente la follia",Sara Enrica Tortelli (femmina),2011,,Emerging Sources Citation Index,,Università di Parma,Creative Commons Attribution-NonCommercial-NoDerivatives,,,,,http://www.ricerchedisconfine.info/II-1/TORTELLI.htm
http://www.wikidata.org/entity/Q109854335,"Dentro, fuori, sulla soglia. Itinerari dello sguardo in Tableau de Paris (1852-1853)",Vanja Strukelj (maschio),2012,,Emerging Sources Citation Index,,Università di Parma,Creative Commons Attribution-NonCommercial-NoDerivatives,,,,,
http://www.wikidata.org/entity/Q109854334,Nuove “possibilità di relazione”: l'Informale oltre l'Informale,Cristina Casero (femmina),2012,,Emerging Sources Citation Index,,Università di Parma,Creative Commons Attribution-NonCommercial-NoDerivatives,,,,,
http://www.wikidata.org/entity/Q109854352,∪∪ - - (piede passo terra cielo). Discorso sull’andare della poesia.,Francesca Gasparini (femmina),2013,,Emerging Sources Citation Index,,Università di Parma,Creative Commons Attribution-NonCommercial-NoDerivatives,,,,,http://www.ricerchedisconfine.info/dossier-1/GASPARINI.htm
http://www.wikidata.org/entity/Q109854349,I luoghi di Piccolo Parallelo,Enzo Cecchi (maschio),2013,,Emerging Sources Citation Index,,Università di Parma,Creative Commons Attribution-NonCommercial-NoDerivatives,,,,,http://www.ricerchedisconfine.info/dossier-1/CECCHI.htm
http://www.wikidata.org/entity/Q109854303,Le contrôle de l’Univers: la dialettica del potere nelle Histoire(s) du cinéma di Jean-Luc Godard,Michele Guerra (maschio),2010,,Emerging Sources Citation Index,,Università di Parma,Creative Commons Attribution-NonCommercial-NoDerivatives,,,,,
http://www.wikidata.org/entity/Q109854301,Luce guerra dominio: rappresentazioni urbane,Francesca Zanella (femmina),2010,,Emerging Sources Citation Index,,Università di Parma,Creative Commons Attribution-NonCommercial-NoDerivatives,,,,,
http://www.wikidata.org/entity/Q109854313,Oltre il muro: l’aspetto partecipativo nell’opera di Michelangelo Pistoletto,Eleonora Charans (femmina),2011,,Emerging Sources Citation Index,,Università di Parma,Creative Commons Attribution-NonCommercial-NoDerivatives,,,,,http://www.ricerchedisconfine.info/II-1/CHARANS.htm
http://www.wikidata.org/entity/Q109854322,"Muri per comunicare, mura da difendere nella caricatura italiana del 1848-1849",Ilaria Torelli (femmina),2011,,Emerging Sources Citation Index,,Università di Parma,Creative Commons Attribution-NonCommercial-NoDerivatives,,,,,http://www.ricerchedisconfine.info/II-1/TORELLI.htm
http://www.wikidata.org/entity/Q109854338,Antonio Boggeri. Considerazioni su un protagonista della grafica italiana,Camilla Chiappini (femmina),2012,,Emerging Sources Citation Index,,Università di Parma,Creative Commons Attribution-NonCommercial-NoDerivatives,,,,,
http://www.wikidata.org/entity/Q109854343,I Plurimi di Emilio Vedova. Un'esperienza singolare e plurale,Eleonora Longari (femmina),2012,,Emerging Sources Citation Index,,Università di Parma,Creative Commons Attribution-NonCommercial-NoDerivatives,,,,,
http://www.wikidata.org/entity/Q109854354,Le celebrazioni del mondo contadino e le pratiche del teatro in ambiente naturale: un confronto.,Anna Bianchi (femmina),2013,,Emerging Sources Citation Index,,Università di Parma,Creative Commons Attribution-NonCommercial-NoDerivatives,,,,,http://www.ricerchedisconfine.info/dossier-1/BIANCHI.htm
http://www.wikidata.org/entity/Q122828583,Status femminile e consuetudine islamica: l'istituzione della 'kulle' nella Nigeria settentrionale,,2000,Nigeria; Islam in Nigeria,SCImago Journal Rank,,,,Africa,3,55,338-362,
http://www.wikidata.org/entity/Q133080583,"Una vicenda intricata: editoria, biblioteche e controllo bibliografico in Italia",Paolo Traniello (maschio),1999,bibliografia; controllo,Scopus; Arts and Humanities Citation Index; Journal Citation Reports; SCImago Journal Rank,,,,Contemporanea,4,2,651-669,
http://www.wikidata.org/entity/Q136760027,Le liste di discussione accademiche: una comunità virtuale per la ricerca e l'insegnamento,Mavis Toffoletto (femmina),1999,tecnologia; comunicazione,Scopus; Arts and Humanities Citation Index; Journal Citation Reports; SCImago Journal Rank,,,,Contemporanea,3,2,597-602,
http://www.wikidata.org/entity/Q127691539,Biblioteche e Intelligenza artificiale: stiamo vivendo in tempi interessanti,Federico Meschini (maschio),2024,biblioteca; intelligenza artificiale,Scopus; Google Scholar; DOAJ; SCImago Journal Rank,10.6092/ISSN.2283-9364/19985,Università di Bologna,Creative Commons Attribution-NonCommercial-NoDerivatives,Bibliothecae.it,1,13,1-10,https://bibliothecae.unibo.it/article/view/19985
http://www.wikidata.org/entity/Q127691540,Le ragioni di una scelta: caso studio sul trattamento catalografico della raccolta Avvisi e Gazzette della Biblioteca Planettiana di Jesi,,2024,manoscritto; digitalizzazione; Pianetti,Scopus; Google Scholar; DOAJ; SCImago Journal Rank,10.6092/ISSN.2283-9364/19992,Università di Bologna,Creative Commons Attribution-NonCommercial-NoDerivatives,Bibliothecae.it,1,13,11-59,https://bibliothecae.unibo.it/article/view/19992
http://www.wikidata.org/entity/Q127691542,L’archivio privato: strumento di gestione e dispositivo di autorappresentazione. Alcune riflessioni dalle carte Tasca d’Almerita,Sara Manali (femmina),2024,archivio privato; Tasca d’Almerita,Scopus; Google Scholar; DOAJ; SCImago Journal Rank,10.6092/ISSN.2283-9364/19983,Università di Bologna,Creative Commons Attribution-NonCommercial-NoDerivatives,Bibliothecae.it,1,13,126-145,https://bibliothecae.unibo.it/article/view/19983
http://www.wikidata.org/entity/Q127691543,"Intelligenza artificiale, Large Language Models (LLMs) e Retrieval-Augmented Generation (RAG). Nuovi strumenti per l’accesso alle risorse archivistiche e bibliografiche",Giorgia Di Marcantonio (femmina),2024,biblioteca; intelligenza artificiale; archivio; retrieval augmented generation; modello linguistico di grandi dimensioni,Scopus; Google Scholar; DOAJ; SCImago Journal Rank,10.6092/ISSN.2283-9364/19982,Università di Bologna,Creative Commons Attribution-NonCommercial-NoDerivatives,Bibliothecae.it,1,13,146-173,https://bibliothecae.unibo.it/article/view/19982
http://www.wikidata.org/entity/Q127691541,"Vieusseux e i gabinetti di lettura italiani: promozione, progetti e consulenze (1822-1842)",Salvatore Leopaldi (maschio),2024,Gabinetto Vieusseux; laboratorio; storia della biblioteca,Scopus; Google Scholar; DOAJ; SCImago Journal Rank,10.6092/ISSN.2283-9364/19981,Università di Bologna,Creative Commons Attribution-NonCommercial-NoDerivatives,Bibliothecae.it,1,13,60-125,https://bibliothecae.unibo.it/article/view/19981
http://www.wikidata.org/entity/Q127691544,Comunicare gli archivi. Riflessioni a margine di alcune scelte di rappresentazione,Concetta Damiani (femmina),2024,archivio; descrizione; digitalizzazione; narrazione,Scopus; Google Scholar; DOAJ; SCImago Journal Rank,10.6092/ISSN.2283-9364/19980,Università di Bologna,Creative Commons Attribution-NonCommercial-NoDerivatives,Bibliothecae.it,1,13,174-202,https://bibliothecae.unibo.it/article/view/19980
http://www.wikidata.org/entity/Q127691546,“I libri degli eretici non sono eretici”. Una lettura codicologica,Adriana Paolini (femmina),2024,manoscritto; eresia; paleografia; codicologia,Scopus; Google Scholar; DOAJ; SCImago Journal Rank,10.6092/ISSN.2283-9364/19973,Università di Bologna,Creative Commons Attribution-NonCommercial-NoDerivatives,Bibliothecae.it,1,13,225-244,https://bibliothecae.unibo.it/article/view/19973
http://www.wikidata.org/entity/Q127691547,«La memoria fa strani scherzi». La casa editrice Adelphi e il mito delle origini,Lodovica Braida (femmina),2024,Luciano Foà; Roberto Calasso; Adelphi; Storia dell'editoria italiana,Scopus; Google Scholar; DOAJ; SCImago Journal Rank,10.6092/ISSN.2283-9364/19975,Università di Bologna,Creative Commons Attribution-NonCommercial-NoDerivatives,Bibliothecae.it,1,13,245-261,https://bibliothecae.unibo.it/article/view/19975
http://www.wikidata.org/entity/Q127691545,Una panoramica sull’Archivio di Goliarda Sapienza,Silvia Tripodi (femmina),2024,Goliarda Sapienza; fondo archivistico,Scopus; Google Scholar; DOAJ; SCImago Journal Rank,10.6092/ISSN.2283-9364/19979,Università di Bologna,Creative Commons Attribution-NonCommercial-NoDerivatives,Bibliothecae.it,1,13,203-224,https://bibliothecae.unibo.it/article/view/19979
http://www.wikidata.org/entity/Q127691550,Tra semantizzazione del sapere e “fantasia” generativa: architetti e oracoli al lavoro,Simona Turbanti (femmina),2024,enciclopedia; web semantico; intelligenza artificiale generativa,Scopus; Google Scholar; DOAJ; SCImago Journal Rank,10.6092/ISSN.2283-9364/19977,Università di Bologna,Creative Commons Attribution-NonCommercial-NoDerivatives,Bibliothecae.it,1,13,285-313,https://bibliothecae.unibo.it/article/view/19977
http://www.wikidata.org/entity/Q127691548,"Viaggiare tra i lettori, tra passato e presente",Fiammetta Sabba (femmina); Enrico Pio Ardolino (maschio),2024,biblioteca; Europa; lettura,Scopus; Google Scholar; DOAJ; SCImago Journal Rank,10.6092/ISSN.2283-9364/19976,Università di Bologna,Creative Commons Attribution-NonCommercial-NoDerivatives,Bibliothecae.it,1,13,262-275,https://bibliothecae.unibo.it/article/view/19976
http://www.wikidata.org/entity/Q127691551,Studi e letture: un biblioteconomo e i suoi libri,Fiammetta Sabba (femmina); Giovanni Di Domenico (maschio),2024,biblioteca personale,Scopus; Google Scholar; DOAJ; SCImago Journal Rank,10.6092/ISSN.2283-9364/19978,Università di Bologna,Creative Commons Attribution-NonCommercial-NoDerivatives,Bibliothecae.it,1,13,314-321,https://bibliothecae.unibo.it/article/view/19978
http://www.wikidata.org/entity/Q127691549,"La gestione dei fondi personali. Note a margine del seminario di studi “Libri, progetti e nuovi orizzonti. Conversazioni sulle biblioteche e i fondi di persona” (Università degli Studi di Salerno – 12 aprile 2024)",Manuela Parrilli (femmina),2024,fondo archivistico; biblioteca personale,Scopus; Google Scholar; DOAJ; SCImago Journal Rank,10.6092/ISSN.2283-9364/19972,Università di Bologna,Creative Commons Attribution-NonCommercial-NoDerivatives,Bibliothecae.it,1,13,276-284,https://bibliothecae.unibo.it/article/view/19972
http://www.wikidata.org/entity/Q131429344,"Le biblioteche sostenibili: una sfida professionale e un impegno all’azione, di indispensabile e urgente attualità",Francesco Giuseppe Meliti (maschio),2024,biblioteconomia; sostenibilità,Scopus; Google Scholar; DOAJ; SCImago Journal Rank,10.6092/ISSN.2283-9364/20818,Università di Bologna,Creative Commons Attribution-NonCommercial-NoDerivatives,Bibliothecae.it,2,13,1-13,https://bibliothecae.unibo.it/article/view/20818
http://www.wikidata.org/entity/Q131429346,Il significato e il valore delle antiche raccolte librarie: la biblioteca di Francesco Maria II della Rovere,Alfredo Serrai (maschio),2024,bibliografia; storia della biblioteca; Francesco Maria II della Rovere,Scopus; Google Scholar; DOAJ; SCImago Journal Rank,10.6092/ISSN.2283-9364/20796,Università di Bologna,Creative Commons Attribution-NonCommercial-NoDerivatives,Bibliothecae.it,2,13,30-38,https://bibliothecae.unibo.it/article/view/20796
http://www.wikidata.org/entity/Q131429348,Spigolando tra le scansie della «storia» della biblioteca di Francesco II Maria della Rovere,Elisa Tosi Brandi (femmina),2024,storiografia; storia della biblioteca; Montefeltro,Scopus; Google Scholar; DOAJ; SCImago Journal Rank,10.6092/ISSN.2283-9364/20798,Università di Bologna,Creative Commons Attribution-NonCommercial-NoDerivatives,Bibliothecae.it,2,13,83-105,https://bibliothecae.unibo.it/article/view/20798
http://www.wikidata.org/entity/Q131429351,La Collezione di pubblicazioni coloniali italiane e la Biblioteca del Ministero delle colonie (1911-1945),Lorenzo Declich (maschio),2024,propaganda; storia della biblioteca; Impero coloniale italiano,Scopus; Google Scholar; DOAJ; SCImago Journal Rank,10.6092/ISSN.2283-9364/20812,Università di Bologna,Creative Commons Attribution-NonCommercial-NoDerivatives,Bibliothecae.it,2,13,160-205,https://bibliothecae.unibo.it/article/view/20812
http://www.wikidata.org/entity/Q131429345,"La ricostruzione della biblioteca di Francesco Maria II Della Rovere: studi e ricerche, riordino e stato dei fondi. Un progetto e un convegno per rilanciarlo",Fiammetta Sabba (femmina),2024,Urbino; storia della biblioteca; Francesco Maria II della Rovere,Scopus; Google Scholar; DOAJ; SCImago Journal Rank,10.6092/ISSN.2283-9364/20795,Università di Bologna,Creative Commons Attribution-NonCommercial-NoDerivatives,Bibliothecae.it,2,13,14-29,https://bibliothecae.unibo.it/article/view/20795
http://www.wikidata.org/entity/Q131429349,"Le scansie giuridiche, politiche e militari: dal Volume 10. Diritto, Politica, Militaria, Tecnologia",Saveria Rito (femmina),2024,Biblioteca universitaria Alessandrina; Francesco Maria II della Rovere; paremiografia,Scopus; Google Scholar; DOAJ; SCImago Journal Rank,10.6092/ISSN.2283-9364/20817,Università di Bologna,Creative Commons Attribution-NonCommercial-NoDerivatives,Bibliothecae.it,2,13,106-127,https://bibliothecae.unibo.it/article/view/20817
http://www.wikidata.org/entity/Q131429350,Biblioteche di corte all’epoca di Francesco Maria II della Rovere: il progetto di ricostruzione della Grande Galleria di Carlo Emanuele I di Savoia,Erika Guadagnin (femmina); Federico Cesareo (maschio),2024,Carlo Emanuele I di Savoia; building information modeling,Scopus; Google Scholar; DOAJ; SCImago Journal Rank,10.6092/ISSN.2283-9364/20799,Università di Bologna,Creative Commons Attribution-NonCommercial-NoDerivatives,Bibliothecae.it,2,13,128-159,https://bibliothecae.unibo.it/article/view/20799
http://www.wikidata.org/entity/Q131429352,La Storia della Biblioteca Berio di Luigi Marchini: riflessioni a margine della recente edizione a stampa,Francesca Nepori (femmina); Valentina Sonzini (femmina); Graziano Ruffini (maschio),2024,bibliografia; storia della biblioteca; Biblioteca civica Berio; Luigi Marchini,Scopus; Google Scholar; DOAJ; SCImago Journal Rank,10.6092/ISSN.2283-9364/20813,Università di Bologna,Creative Commons Attribution-NonCommercial-NoDerivatives,Bibliothecae.it,2,13,206-230,https://bibliothecae.unibo.it/article/view/20813
http://www.wikidata.org/entity/Q131429353,Arte e storia dell’arte nell’editoria di cultura del secondo Novecento,Irene Piazzoni (femmina),2024,storia dell'arte; cultura italiana,Scopus; Google Scholar; DOAJ; SCImago Journal Rank,10.6092/ISSN.2283-9364/20800,Università di Bologna,Creative Commons Attribution-NonCommercial-NoDerivatives,Bibliothecae.it,2,13,231-250,https://bibliothecae.unibo.it/article/view/20800
http://www.wikidata.org/entity/Q131429347,Il Manoscritto 50 della Biblioteca Universitaria Alessandrina: manuale d’uso per la Libraria di Francesco Maria II della Rovere,Daniela Fugaro (femmina),2024,Militaria; Ducato di Urbino; fortificazioni; Francesco Maria II della Rovere,Scopus; Google Scholar; DOAJ; SCImago Journal Rank,10.6092/ISSN.2283-9364/20797,Università di Bologna,Creative Commons Attribution-NonCommercial-NoDerivatives,Bibliothecae.it,2,13,39-82,https://bibliothecae.unibo.it/article/view/20797
http://www.wikidata.org/entity/Q64712110,"La Biblioteca Gaetano Cicognani di Faenza. Una ricerca in corso tra storia, libri e carte",Elisabetta Marchetti (femmina),2019,Faenza; patrimonio culturale; storia della biblioteca; Gaetano Cicognani,Scopus; Google Scholar; DOAJ; SCImago Journal Rank,10.6092/ISSN.2283-9364/9500,Università di Bologna,Creative Commons Attribution-NonCommercial-NoDerivatives,Bibliothecae.it,1,8,148-182,https://bibliothecae.unibo.it/article/view/9500
http://www.wikidata.org/entity/Q64712144,La Bibliografia tra ordine e disordine: alla ricerca della forma,Maurizio Vivarelli (maschio),2019,bibliografia; storia della bibliografia,Scopus; Google Scholar; DOAJ; SCImago Journal Rank,10.6092/ISSN.2283-9364/9505,Università di Bologna,Creative Commons Attribution-NonCommercial-NoDerivatives,Bibliothecae.it,1,8,260-272,https://bibliothecae.unibo.it/article/view/9505
http://www.wikidata.org/entity/Q82515180,Massera un bibliotecario dimenticato,Mauro Guerrini (maschio); Rossano De Laurentiis (maschio),2020,bibliotecario; storia della biblioteca; Aldo Francesco Massera,Scopus; Google Scholar; DOAJ; SCImago Journal Rank,10.6092/ISSN.2283-9364/10372,Università di Bologna,Creative Commons Attribution-NonCommercial-NoDerivatives,Bibliothecae.it,2,8,345-357,https://bibliothecae.unibo.it/article/view/10372
http://www.wikidata.org/entity/Q92592656,II. Romolo Spezioli,Alfredo Serrai (maschio),2015,Romolo Spezioli,Scopus; Google Scholar; DOAJ; SCImago Journal Rank,10.6092/ISSN.2283-9364/6065,Università di Bologna,Creative Commons Attribution-NonCommercial-NoDerivatives,Bibliothecae.it,2,4,17-48,https://bibliothecae.unibo.it/article/view/6065
http://www.wikidata.org/entity/Q64712106,Minorum Capuccinorum bibliotheca Bononiae: incunaboli e cinquecentine conservati nella Biblioteca del convento dei Frati minori Cappuccini di Bologna,Donatella Biagi Maino (femmina); Giuseppe Maino (maschio),2019,Bologna; Ordine dei frati minori cappuccini; incunabolo; storia della biblioteca; cinquecentina,Scopus; Google Scholar; DOAJ; SCImago Journal Rank,10.6092/ISSN.2283-9364/9497,Università di Bologna,Creative Commons Attribution-NonCommercial-NoDerivatives,Bibliothecae.it,1,8,60-83,https://bibliothecae.unibo.it/article/view/9497
http://www.wikidata.org/entity/Q64712184,What happened in the library? Cosa è successo in biblioteca? Readers and libraries from historical investigations to current issues. Lettori e biblioteche tra indagine storica e problemi attuali. Cronaca del convegno,Monica Bocchetta (femmina),2019,biblioteconomia; lettura; storia della biblioteca,Scopus; Google Scholar; DOAJ; SCImago Journal Rank,10.6092/ISSN.2283-9364/9508,Università di Bologna,Creative Commons Attribution-NonCommercial-NoDerivatives,Bibliothecae.it,1,8,309-314,https://bibliothecae.unibo.it/article/view/9508
http://www.wikidata.org/entity/Q82514941,"Corso di alta formazione Biblioteche d’autore contemporanee: Metodologia di acquisizione, gestione e valorizzazione (Biblioteca nazionale centrale di Roma, 29-31 ottobre 2019)",Silvia Tripodi (femmina),2020,storia della biblioteca; fondo speciale,Scopus; Google Scholar; DOAJ; SCImago Journal Rank,10.6092/ISSN.2283-9364/10375,Università di Bologna,Creative Commons Attribution-NonCommercial-NoDerivatives,Bibliothecae.it,2,8,394-404,https://bibliothecae.unibo.it/article/view/10375
http://www.wikidata.org/entity/Q82515058,"L’uso delle nuove tecnologie: dal virtuale al pragmatico, l’esperienza della biblioteca Luca Pacioli",Paola Maddaluno (femmina),2020,biblioteca; storia della biblioteca; tecnologia educativa,Scopus; Google Scholar; DOAJ; SCImago Journal Rank,10.6092/ISSN.2283-9364/10374,Università di Bologna,Creative Commons Attribution-NonCommercial-NoDerivatives,Bibliothecae.it,2,8,382-393,https://bibliothecae.unibo.it/article/view/10374
http://www.wikidata.org/entity/Q82515186,"Sigla Effe, editore genovese di Mio padre comandante di Fiume di Mario D’annunzio",Valentina Sonzini (femmina),2020,Genova; Gabriele D'Annunzio; Tito Rosina; Mario D'Annunzio; Sigla Effe; storia dell'editoria,Scopus; Google Scholar; DOAJ; SCImago Journal Rank,10.6092/ISSN.2283-9364/10373,Università di Bologna,Creative Commons Attribution-NonCommercial-NoDerivatives,Bibliothecae.it,2,8,358-381,https://bibliothecae.unibo.it/article/view/10373
http://www.wikidata.org/entity/Q92592463,Saluti,Paolo Calcinaro (maschio); Francesco Trasatti (maschio),2015,,Scopus; Google Scholar; DOAJ; SCImago Journal Rank,10.6092/ISSN.2283-9364/6060,Università di Bologna,Creative Commons Attribution-NonCommercial-NoDerivatives,Bibliothecae.it,2,4,5,https://bibliothecae.unibo.it/article/view/6060
http://www.wikidata.org/entity/Q64712109,Considerazioni sugli esiti dell’Inchiesta della Congregazione dell’Indice (1598-1603): il caso lucano,Giovanni Petrocelli (maschio),2019,Basilicata; storia della stampa; stampa a caratteri mobili; biblioteca monastica; Congregazione per la riforma dell'Indice dei libri proibiti,Scopus; Google Scholar; DOAJ; SCImago Journal Rank,10.6092/ISSN.2283-9364/9499,Università di Bologna,Creative Commons Attribution-NonCommercial-NoDerivatives,Bibliothecae.it,1,8,119-147,https://bibliothecae.unibo.it/article/view/9499
http://www.wikidata.org/entity/Q64712112,Il cortocircuito della biblioteca pubblica,Anna Galluzzi (femmina),2019,biblioteca pubblica; storia della biblioteca,Scopus; Google Scholar; DOAJ; SCImago Journal Rank,10.6092/ISSN.2283-9364/9501,Università di Bologna,Creative Commons Attribution-NonCommercial-NoDerivatives,Bibliothecae.it,1,8,183-212,https://bibliothecae.unibo.it/article/view/9501
http://www.wikidata.org/entity/Q64712156,"“Non per emettere sentenze, ma per capire chi era”. Note a margine di un volume contestato",Massimo Gatta (maschio),2019,storia della biblioteca; Biblioteca e Complesso monumentale dei Girolamini; negozio di antiquariato,Scopus; Google Scholar; DOAJ; SCImago Journal Rank,10.6092/ISSN.2283-9364/9506,Università di Bologna,Creative Commons Attribution-NonCommercial-NoDerivatives,Bibliothecae.it,1,8,273-284,https://bibliothecae.unibo.it/article/view/9506
http://www.wikidata.org/entity/Q64712171,"Biblioteche accademiche e di ricerca: Terza missione tra esperienza di pratica e teoria (CNR, Roma, 9 aprile 2019)",Maria Cassella (femmina); Nicola Madonna (maschio),2019,biblioteca accademica; storia della biblioteca; citizen science; biblioteca di ricerca; terza missione,Scopus; Google Scholar; DOAJ; SCImago Journal Rank,10.6092/ISSN.2283-9364/9507,Università di Bologna,Creative Commons Attribution-NonCommercial-NoDerivatives,Bibliothecae.it,1,8,285-308,https://bibliothecae.unibo.it/article/view/9507
http://www.wikidata.org/entity/Q64712198,"I fondi personali come tracce d’uso, di legami e di memorie: note dal convegno internazionale “Il privilegio della parola scritta: gestione, conservazione e valorizzazione di carte e libri di persona”",Anna Bilotta (femmina),2019,storia della biblioteca; biblioteca specializzata; archivio di persona,Scopus; Google Scholar; DOAJ; SCImago Journal Rank,10.6092/ISSN.2283-9364/9509,Università di Bologna,Creative Commons Attribution-NonCommercial-NoDerivatives,Bibliothecae.it,1,8,315-333,https://bibliothecae.unibo.it/article/view/9509
http://www.wikidata.org/entity/Q82514642,Alcuni documenti inediti su Giuseppe Fumagalli (con l’edizione di un necrologio di Vittorio Camerani),Enrico Pio Ardolino (maschio),2020,bibliotecario; storia della biblioteca; Giuseppe Fumagalli; Vittorio Camerani,Scopus; Google Scholar; DOAJ; SCImago Journal Rank,10.6092/ISSN.2283-9364/10359,Università di Bologna,Creative Commons Attribution-NonCommercial-NoDerivatives,Bibliothecae.it,2,8,115-168,https://bibliothecae.unibo.it/article/view/10359
http://www.wikidata.org/entity/Q82515164,Origini e sviluppi della bibliografia nell’Ordine dei Frati minori Cappuccini (parte II),Francesca Nepori (femmina),2020,Ordine dei frati minori cappuccini; bibliografia; storia della bibliografia,Scopus; Google Scholar; DOAJ; SCImago Journal Rank,10.6092/ISSN.2283-9364/10357,Università di Bologna,Creative Commons Attribution-NonCommercial-NoDerivatives,Bibliothecae.it,2,8,43-97,https://bibliothecae.unibo.it/article/view/10357
http://www.wikidata.org/entity/Q82515170,"Terza missione, comunicazione e biblioteche accademiche",Fiammetta Sabba (femmina),2020,università; ricerca; biblioteca accademica; storia della biblioteca; terza missione,Scopus; Google Scholar; DOAJ; SCImago Journal Rank,10.6092/ISSN.2283-9364/10368,Università di Bologna,Creative Commons Attribution-NonCommercial-NoDerivatives,Bibliothecae.it,2,8,219-254,https://bibliothecae.unibo.it/article/view/10368
http://www.wikidata.org/entity/Q82515168,Una postilla al De Bibliothecis Romanorum di Christian Curio,Diego Baldi (maschio),2020,bibliografia; biblioteconomia; Biblioteche antiche; storia della biblioteca; Erhard Reusch; Christian Curio,Scopus; Google Scholar; DOAJ; SCImago Journal Rank,10.6092/ISSN.2283-9364/10358,Università di Bologna,Creative Commons Attribution-NonCommercial-NoDerivatives,Bibliothecae.it,2,8,98-114,https://bibliothecae.unibo.it/article/view/10358
http://www.wikidata.org/entity/Q83365686,"Contea Principesca di Gorizia e Gradisca, 1873-1914: creazione e analisi di un corpus digitale di periodici nel loro contesto storico",Nello Cristianini (maschio); Marco Menato (maschio); Gaetano Dato (maschio); Thomas Lansdall-Welfare (maschio),2020,giornale; biblioteca digitale; storia della stampa; digitalizzazione; periodico,Scopus; Google Scholar; DOAJ; SCImago Journal Rank,10.6092/ISSN.2283-9364/10365,Università di Bologna,Creative Commons Attribution-NonCommercial-NoDerivatives,Bibliothecae.it,2,8,169-218,https://bibliothecae.unibo.it/article/view/10365/10391
http://www.wikidata.org/entity/Q92592494,Introduzione,Alfredo Serrai (maschio),2015,,Scopus; Google Scholar; DOAJ; SCImago Journal Rank,10.6092/ISSN.2283-9364/6061,Università di Bologna,Creative Commons Attribution-NonCommercial-NoDerivatives,Bibliothecae.it,2,4,7-8,https://bibliothecae.unibo.it/article/view/6061
http://www.wikidata.org/entity/Q82514580,"In margine alla leggenda di Alessandria: Epifanio, De mensuris et ponderibus , cap. 9",Luca Tiberi (maschio),2020,Biblioteca di Alessandria; Epifanio di Salamina; Biblioteche antiche; storia della biblioteca,Scopus; Google Scholar; DOAJ; SCImago Journal Rank,10.6092/ISSN.2283-9364/10356,Università di Bologna,Creative Commons Attribution-NonCommercial-NoDerivatives,Bibliothecae.it,2,8,8-42,https://bibliothecae.unibo.it/article/view/10356
http://www.wikidata.org/entity/Q82515159,Pansofia versus bibliofilia. La rifondazione delle scienze bibliografiche,Alfredo Serrai (maschio),2020,bibliografia; bibliofilia; pansofia; storia della bibliografia,Scopus; Google Scholar; DOAJ; SCImago Journal Rank,10.6092/ISSN.2283-9364/10355,Università di Bologna,Creative Commons Attribution-NonCommercial-NoDerivatives,Bibliothecae.it,2,8,1-7,https://bibliothecae.unibo.it/article/view/10355
http://www.wikidata.org/entity/Q82515177,La digitalizzazione degli incunaboli d'Italia: la Biblioteca nazionale centrale di Roma da IGI al progetto Polonski,Andrea De Pasquale (maschio),2020,incunabolo; digitalizzazione; Biblioteca Nazionale Centrale di Roma; storia della bibliografia,Scopus; Google Scholar; DOAJ; SCImago Journal Rank,10.6092/ISSN.2283-9364/10398,Università di Bologna,Creative Commons Attribution-NonCommercial-NoDerivatives,Bibliothecae.it,2,8,297-311,https://bibliothecae.unibo.it/article/view/10398
http://www.wikidata.org/entity/Q64712107,Origini e sviluppi della bibliografia nell’Ordine dei Frati minori Cappuccini (parte I),Francesca Nepori (femmina),2019,Ordine dei frati minori cappuccini; bibliografia; storia della bibliografia,Scopus; Google Scholar; DOAJ; SCImago Journal Rank,10.6092/ISSN.2283-9364/9498,Università di Bologna,Creative Commons Attribution-NonCommercial-NoDerivatives,Bibliothecae.it,1,8,84-118,https://bibliothecae.unibo.it/article/view/9498
http://www.wikidata.org/entity/Q82515174,Selezionare per conservare: la costruzione della memoria negli archivi ecclesiastici tra storia e prassi,Gilda Nicolai (femmina),2020,Chiesa cattolica; archivistica; archivio ecclesiastico,Scopus; Google Scholar; DOAJ; SCImago Journal Rank,10.6092/ISSN.2283-9364/10369,Università di Bologna,Creative Commons Attribution-NonCommercial-NoDerivatives,Bibliothecae.it,2,8,255-296,https://bibliothecae.unibo.it/article/view/10369
http://www.wikidata.org/entity/Q64712116,I metadati bibliografici in Wikidata: Wikicite e il case study di «Bibliothecae.it»,Alessandra Boccone (femmina); Remo Rivelli (maschio),2019,Wikidata; linked open data; metadati bibliografici; WikiCite; OpenCitations; storia della bibliografia,Scopus; Google Scholar; DOAJ; SCImago Journal Rank,10.6092/ISSN.2283-9364/9503,Università di Bologna,Creative Commons Attribution-NonCommercial-NoDerivatives,Bibliothecae.it,1,8,227-248,https://bibliothecae.unibo.it/article/view/9503
http://www.wikidata.org/entity/Q64712134,Catalogazione libraria: la strada inversa,Alfredo Serrai (maschio),2019,biblioteconomia; bibliografia; catalogazione; storia della bibliografia,Scopus; Google Scholar; DOAJ; SCImago Journal Rank,10.6092/ISSN.2283-9364/9504,Università di Bologna,Creative Commons Attribution-NonCommercial-NoDerivatives,Bibliothecae.it,1,8,249-259,https://bibliothecae.unibo.it/article/view/9504
http://www.wikidata.org/entity/Q64712113,Tra il descrivere e il disegnare: un “errore di trascrizione” nell’illustrazione delle monstrificate fanciulle nell’Hypnerotomachia Poliphili,Linda Barcaioli (femmina),2019,iconografia; Aldo Manuzio; storia della stampa; Hypnerotomachia Poliphili,Scopus; Google Scholar; DOAJ; SCImago Journal Rank,10.6092/ISSN.2283-9364/9502,Università di Bologna,Creative Commons Attribution-NonCommercial-NoDerivatives,Bibliothecae.it,1,8,213-226,https://bibliothecae.unibo.it/article/view/9502
http://www.wikidata.org/entity/Q92592817,IV. Il lascito librario,Alfredo Serrai (maschio),2015,storia della biblioteca,Scopus; Google Scholar; DOAJ; SCImago Journal Rank,10.6092/ISSN.2283-9364/6067,Università di Bologna,Creative Commons Attribution-NonCommercial-NoDerivatives,Bibliothecae.it,2,4,55-62,https://bibliothecae.unibo.it/article/view/6067
http://www.wikidata.org/entity/Q92592577,"I. Fermo, Università, Biblioteca",Alfredo Serrai (maschio),2015,,Scopus; Google Scholar; DOAJ; SCImago Journal Rank,10.6092/ISSN.2283-9364/6062,Università di Bologna,Creative Commons Attribution-NonCommercial-NoDerivatives,Bibliothecae.it,2,4,11-15,https://bibliothecae.unibo.it/article/view/6062
http://www.wikidata.org/entity/Q92592734,"III. Personalità, natura e indole di Romolo Spezioli",Alfredo Serrai (maschio),2015,Romolo Spezioli,Scopus; Google Scholar; DOAJ; SCImago Journal Rank,10.6092/ISSN.2283-9364/6066,Università di Bologna,Creative Commons Attribution-NonCommercial-NoDerivatives,Bibliothecae.it,2,4,49-53,https://bibliothecae.unibo.it/article/view/6066
http://www.wikidata.org/entity/Q82514978,"L’ex ospedale psichiatrico San Niccolò di Siena: una realtà polimorfa fra architettura, archivio e biblioteca",Elisabetta Angrisano (femmina),2020,biblioteca; archivio; ospedale psichiatrico; storia della biblioteca; Ex ospedale psichiatrico di San Niccolò,Scopus; Google Scholar; DOAJ; SCImago Journal Rank,10.6092/ISSN.2283-9364/10371,Università di Bologna,Creative Commons Attribution-NonCommercial-NoDerivatives,Bibliothecae.it,2,8,312-344,https://bibliothecae.unibo.it/article/view/10371
http://www.wikidata.org/entity/Q58773264,"Storia di un progetto librario: “Patrimonio culturale, ingegno e tecnologia: dall’energia muscolare all’energia atomica verso l’energia pulita e rinnovabile” nei libri del CNR IRCrES",Grazia Biorci (femmina),2018,storia della biblioteca; digital humanities,Scopus; Google Scholar; DOAJ; SCImago Journal Rank,10.6092/ISSN.2283-9364/8457,Università di Bologna,Creative Commons Attribution-NonCommercial-NoDerivatives,Bibliothecae.it,1,7,405-429,https://bibliothecae.unibo.it/article/view/8457
http://www.wikidata.org/entity/Q58953832,"I libri di Angelo Zambardo, religioso e poeta minore (XVI-XVII secolo)",Monica Bocchetta (femmina),2016,Indice dei libri proibiti; storia della biblioteca; poesia cristiana; storia del libro; storia dell'editoria,Scopus; Google Scholar; DOAJ; SCImago Journal Rank,10.6092/ISSN.2283-9364/6390,Università di Bologna,Creative Commons Attribution-NonCommercial-NoDerivatives,Bibliothecae.it,2,5,74-115,https://bibliothecae.unibo.it/article/view/6390
http://www.wikidata.org/entity/Q58953970,Sub anno domini 1465... In casa de’ figliuoli di Aldo. Origine e progressi della stampa tipografica in Italia attraverso gli esemplari della biblioteca ‘Giuseppe Taroni’ di Bagnacavallo,Federica Fabbri (femmina),2016,Italia; Aldo Manuzio; Aldina; storia della stampa; Andrea Torresano; Paolo Manuzio,Scopus; Google Scholar; DOAJ; SCImago Journal Rank,10.6092/ISSN.2283-9364/6394,Università di Bologna,Creative Commons Attribution-NonCommercial-NoDerivatives,Bibliothecae.it,2,5,201-258,https://bibliothecae.unibo.it/article/view/6394
http://www.wikidata.org/entity/Q58954003,Il catalogo editoriale 1602 di Ciotti. Analisi e confronto con il coevo catalogo di Meietti. (Parte I),Valentina Sonzini (femmina),2016,storia della stampa; Giovanni Battista Ciotti,Scopus; Google Scholar; DOAJ; SCImago Journal Rank,10.6092/ISSN.2283-9364/6395,Università di Bologna,Creative Commons Attribution-NonCommercial-NoDerivatives,Bibliothecae.it,2,5,259-336,https://bibliothecae.unibo.it/article/view/6395
http://www.wikidata.org/entity/Q59096093,Commiato,Alfredo Serrai (maschio),2016,,Scopus; Google Scholar; DOAJ; SCImago Journal Rank,10.6092/ISSN.2283-9364/6101,Università di Bologna,Creative Commons Attribution-NonCommercial-NoDerivatives,Bibliothecae.it,1,5,1-2,https://bibliothecae.unibo.it/article/view/6101
http://www.wikidata.org/entity/Q58773261,"Diffondere la conoscenza aperta per crearne di nuova. Resoconto della giornata “Sfide e alleanze tra Biblioteche e Wikipedia”, Biblioteca Nazionale Centrale di Firenze, 10 novembre 2017",Luigi Catalani (maschio),2018,Wikipedia; Wikisource; Wikidata; storia della biblioteca; Ricerche scientifiche su Wikipedia; information literacy,Scopus; Google Scholar; DOAJ; SCImago Journal Rank,10.6092/ISSN.2283-9364/8456,Università di Bologna,Creative Commons Attribution-NonCommercial-NoDerivatives,Bibliothecae.it,1,7,391-404,https://bibliothecae.unibo.it/article/view/8456
http://www.wikidata.org/entity/Q58953763,La biblioteca del collezionista. Una palestra del ‘gusto’ artistico?,Dorit Raines (femmina),2016,storia della biblioteca; collezionismo; emblematica,Scopus; Google Scholar; DOAJ; SCImago Journal Rank,10.6092/ISSN.2283-9364/6386,Università di Bologna,Creative Commons Attribution-NonCommercial-NoDerivatives,Bibliothecae.it,2,5,7-39,https://bibliothecae.unibo.it/article/view/6386
http://www.wikidata.org/entity/Q58953937,Gestire piccole collezioni digitali con Omeka: l’esperienza di MoRE (A Museum of REfused and unrealised art projects),Alberto Salarelli (maschio),2016,storia della biblioteca; GLAM; Omeka; collezione digitale,Scopus; Google Scholar; DOAJ; SCImago Journal Rank,10.6092/ISSN.2283-9364/6393,Università di Bologna,Creative Commons Attribution-NonCommercial-NoDerivatives,Bibliothecae.it,2,5,177-200,https://bibliothecae.unibo.it/article/view/6393
http://www.wikidata.org/entity/Q58954151,Cos’è la conoscenza? Una risposta razionale in ambito bibliografico,Mauro Guerrini (maschio),2016,epistemologia; bibliografia; biblioteconomia; Alfredo Serrai; storia della bibliografia,Scopus; Google Scholar; DOAJ; SCImago Journal Rank,10.6092/ISSN.2283-9364/6398,Università di Bologna,Creative Commons Attribution-NonCommercial-NoDerivatives,Bibliothecae.it,2,5,365-383,https://bibliothecae.unibo.it/article/view/6398
http://www.wikidata.org/entity/Q59096077,Inventari al quadrato: il progetto R.I.Ca.Bi.M. Bilanci e questioni di metodo,Giovanni Fiesoli (maschio),2016,documentazione; storia della bibliografia,Scopus; Google Scholar; DOAJ; SCImago Journal Rank,10.6092/ISSN.2283-9364/6104,Università di Bologna,Creative Commons Attribution-NonCommercial-NoDerivatives,Bibliothecae.it,1,5,17-54,https://bibliothecae.unibo.it/article/view/6104
http://www.wikidata.org/entity/Q58953796,Ascanio I della Corgna e alcuni suoi familiari nei documenti del tempo (con una appendice bibliografica e documentaria),Fiammetta Sabba (femmina),2016,battaglia di Lepanto; Ascanio della Corgna; storia della bibliografia,Scopus; Google Scholar; DOAJ; SCImago Journal Rank,10.6092/ISSN.2283-9364/6388,Università di Bologna,Creative Commons Attribution-NonCommercial-NoDerivatives,Bibliothecae.it,2,5,40-73,https://bibliothecae.unibo.it/article/view/6388
http://www.wikidata.org/entity/Q58953902,La seduzione dell’uniforme. La guerra dei caratteri tipografici in Germania,Tania Rusca (femmina),2016,Fraktur; tipografia; scrittura; Umlaut dell'heavy metal; Antiqua; storia della stampa,Scopus; Google Scholar; DOAJ; SCImago Journal Rank,10.6092/ISSN.2283-9364/6392,Università di Bologna,Creative Commons Attribution-NonCommercial-NoDerivatives,Bibliothecae.it,2,5,143-176,https://bibliothecae.unibo.it/article/view/6392
http://www.wikidata.org/entity/Q58954077,In Conrad Gesner l’origine dell’era della informazione,Alfredo Serrai (maschio),2016,informazione; biblioteca digitale; Conrad Gessner; storia della bibliografia,Scopus; Google Scholar; DOAJ; SCImago Journal Rank,10.6092/ISSN.2283-9364/6397,Università di Bologna,Creative Commons Attribution-NonCommercial-NoDerivatives,Bibliothecae.it,2,5,354-357,https://bibliothecae.unibo.it/article/view/6397
http://www.wikidata.org/entity/Q59096082,Digital Humanities e Library and Information Science. Attraverso le lenti dell’organizzazione della conoscenza,Marilena Daquino (femmina); Francesca Tomasi (femmina),2016,scienza dell'informazione; ermeneutica; metodologia; ontologia; scienza dell'informazione e delle biblioteche; storia della bibliografia; sistema di classificazione,Scopus; Google Scholar; DOAJ; SCImago Journal Rank,10.6092/ISSN.2283-9364/6109,Università di Bologna,Creative Commons Attribution-NonCommercial-NoDerivatives,Bibliothecae.it,1,5,130-150,https://bibliothecae.unibo.it/article/view/6109
http://www.wikidata.org/entity/Q58773267,Ricordo di Armando Petrucci,Alfredo Serrai (maschio),2018,Armando Petrucci,Scopus; Google Scholar; DOAJ; SCImago Journal Rank,10.6092/ISSN.2283-9364/8458,Università di Bologna,Creative Commons Attribution-NonCommercial-NoDerivatives,Bibliothecae.it,1,7,430-431,https://bibliothecae.unibo.it/article/view/8458
http://www.wikidata.org/entity/Q58954040,Su un’edizione di cataloghi librari ecclesiastici tra i secoli XVI e XVII. Riflessioni e linee di ricerca,Antonio Manfredi (maschio),2016,Indice dei libri proibiti; Congregazione per la Dottrina della Fede; Biblioteca Apostolica Vaticana; storia della bibliografia,Scopus; Google Scholar; DOAJ; SCImago Journal Rank,10.6092/ISSN.2283-9364/6396,Università di Bologna,Creative Commons Attribution-NonCommercial-NoDerivatives,Bibliothecae.it,2,5,337-353,https://bibliothecae.unibo.it/article/view/6396
http://www.wikidata.org/entity/Q59096076,La biblioteca moderna: da Cromwell alle Nazionali italiane,Luciano Canfora (maschio),2016,rivoluzione francese; storia della biblioteca; Biblioteca Nazionale Centrale di Firenze; Biblioteca Nazionale Centrale di Roma,Scopus; Google Scholar; DOAJ; SCImago Journal Rank,10.6092/ISSN.2283-9364/6103,Università di Bologna,Creative Commons Attribution-NonCommercial-NoDerivatives,Bibliothecae.it,1,5,6-16,https://bibliothecae.unibo.it/article/view/6103
http://www.wikidata.org/entity/Q59096081,"Cataloghi, modelli concettuali, data model: gli orientamenti della ricerca e gli ordinamenti tematici nella Library and information science",Antonella Trombone (femmina),2016,web semantico; scienza dell'informazione; linked data; catalogazione; modello dei dati; modello concettuale; scienza dell'informazione e delle biblioteche; storia della bibliografia,Scopus; Google Scholar; DOAJ; SCImago Journal Rank,10.6092/ISSN.2283-9364/6108,Università di Bologna,Creative Commons Attribution-NonCommercial-NoDerivatives,Bibliothecae.it,1,5,94-129,https://bibliothecae.unibo.it/article/view/6108
http://www.wikidata.org/entity/Q59096080,Una fonte per la storia della medicina: la biblioteca scientifica di Bartolo Nigrisoli,Alessandra Toschi (femmina),2016,medicina; chirurgia; storia della biblioteca; Bartolo Nigrisoli,Scopus; Google Scholar; DOAJ; SCImago Journal Rank,10.6092/ISSN.2283-9364/6106,Università di Bologna,Creative Commons Attribution-NonCommercial-NoDerivatives,Bibliothecae.it,1,5,71-93,https://bibliothecae.unibo.it/article/view/6106
http://www.wikidata.org/entity/Q59096089,Note di lettura su una pubblicazione recente. La “libraria” settecentesca di San Francesco del Monte a Perugia,Rosa Marisa Borraccini (femmina),2016,Indice dei libri proibiti; storia della biblioteca; ordine religioso,Scopus; Google Scholar; DOAJ; SCImago Journal Rank,10.6092/ISSN.2283-9364/6126,Università di Bologna,Creative Commons Attribution-NonCommercial-NoDerivatives,Bibliothecae.it,1,5,197-207,https://bibliothecae.unibo.it/article/view/6126
http://www.wikidata.org/entity/Q58954115,"Conrad Gessner Congress, Zurigo, 6.-9. Giugno 2016",Urs B. Leu (maschio),2016,Conrad Gessner; storia della botanica; storia del libro,Scopus; Google Scholar; DOAJ; SCImago Journal Rank,10.6092/ISSN.2283-9364/6401,Università di Bologna,Creative Commons Attribution-NonCommercial-NoDerivatives,Bibliothecae.it,2,5,358-364,https://bibliothecae.unibo.it/article/view/6401
http://www.wikidata.org/entity/Q59096078,"Cartesio, gli Automi, e l’Anima nella disputa fra Tommaso Ceva e Guido Grandi",Alfredo Serrai (maschio),2016,Cartesio; epistemologia; intelligenza artificiale; robotica; storia della bibliografia,Scopus; Google Scholar; DOAJ; SCImago Journal Rank,10.6092/ISSN.2283-9364/6105,Università di Bologna,Creative Commons Attribution-NonCommercial-NoDerivatives,Bibliothecae.it,1,5,55-70,https://bibliothecae.unibo.it/article/view/6105
http://www.wikidata.org/entity/Q59096090,Il Dottorato in Scienze Bibliografiche dell’Università di Udine (1998-2010),Angela Nuovo (femmina); Erika Squassina (femmina),2016,biblioteconomia; dottorato di ricerca; Università degli Studi di Udine; storia della bibliografia,Scopus; Google Scholar; DOAJ; SCImago Journal Rank,10.6092/ISSN.2283-9364/6127,Università di Bologna,Creative Commons Attribution-NonCommercial-NoDerivatives,Bibliothecae.it,1,5,208-240,https://bibliothecae.unibo.it/article/view/6127
http://www.wikidata.org/entity/Q59096085,San Francesco a Milano. Con un elenco delle pubblicazioni di Edoardo Alvisi ed altri documenti,Valentino Romani (maschio),2016,Antonio Boselli; Ulrico Hoepli; storia dell'editoria,Scopus; Google Scholar; DOAJ; SCImago Journal Rank,10.6092/ISSN.2283-9364/6112,Università di Bologna,Creative Commons Attribution-NonCommercial-NoDerivatives,Bibliothecae.it,1,5,172-182,https://bibliothecae.unibo.it/article/view/6112
http://www.wikidata.org/entity/Q59096088,"Speculazioni quantitative sul numero degli Incunabuli e delle cinquecentine scomparsi, vuoi si tratti di edizioni o di esemplari",Alfredo Serrai (maschio),2016,bibliografia; bibliometria; storia della bibliografia,Scopus; Google Scholar; DOAJ; SCImago Journal Rank,10.6092/ISSN.2283-9364/6125,Università di Bologna,Creative Commons Attribution-NonCommercial-NoDerivatives,Bibliothecae.it,1,5,193-196,https://bibliothecae.unibo.it/article/view/6125
http://www.wikidata.org/entity/Q59096092,La valutazione della monografia scientifica e il ruolo degli editori: il progetto spagnolo Scholarly Publishers Indicators (SPI),Andrea Capaccioni (maschio); Giovanna Spina (femmina),2016,classificazione ordinata; monografia; valutazione; storia della bibliografia,Scopus; Google Scholar; DOAJ; SCImago Journal Rank,10.6092/ISSN.2283-9364/6128,Università di Bologna,Creative Commons Attribution-NonCommercial-NoDerivatives,Bibliothecae.it,1,5,241-255,https://bibliothecae.unibo.it/article/view/6128
http://www.wikidata.org/entity/Q58953868,I primi musei del libro in Italia,Andrea De Pasquale (maschio),2016,Italia; Carmagnola; museo; storia della biblioteca,Scopus; Google Scholar; DOAJ; SCImago Journal Rank,10.6092/ISSN.2283-9364/6391,Università di Bologna,Creative Commons Attribution-NonCommercial-NoDerivatives,Bibliothecae.it,2,5,116-142,https://bibliothecae.unibo.it/article/view/6391
http://www.wikidata.org/entity/Q58954188,«Un organismo vivente con vita autonoma». Le biblioteche al centro di una scuola di dottorato fra Osnabrück e Wolfenbüttel,Paola Molino (femmina),2016,Herzog August Bibliothek; storia della biblioteca,Scopus; Google Scholar; DOAJ; SCImago Journal Rank,10.6092/ISSN.2283-9364/6402,Università di Bologna,Creative Commons Attribution-NonCommercial-NoDerivatives,Bibliothecae.it,2,5,384-400,https://bibliothecae.unibo.it/article/view/6402
http://www.wikidata.org/entity/Q59096086,I limiti della erudizione,Alfredo Serrai (maschio),2016,storia della biblioteca; Biblioteca comunale Classense; Santi Muratori,Scopus; Google Scholar; DOAJ; SCImago Journal Rank,10.6092/ISSN.2283-9364/6113,Università di Bologna,Creative Commons Attribution-NonCommercial-NoDerivatives,Bibliothecae.it,1,5,183-192,https://bibliothecae.unibo.it/article/view/6113
http://www.wikidata.org/entity/Q58826209,Fondamento di ogni conoscenza: idee chiare. Il caso della Bibliografa,Alfredo Serrai (maschio),2014,bibliografia; Gabriel Naudé; storia della bibliografia,Scopus; Google Scholar; DOAJ; SCImago Journal Rank,10.6092/ISSN.2283-9364/5621,Università di Bologna,Creative Commons Attribution-NonCommercial-NoDerivatives,Bibliothecae.it,1,3,11-16,https://bibliothecae.unibo.it/article/view/5621
http://www.wikidata.org/entity/Q58953729,Pensare a SBN e ripensare SBN,Fiammetta Sabba (femmina),2016,Servizio Bibliotecario Nazionale; storia della biblioteca,Scopus; Google Scholar; DOAJ; SCImago Journal Rank,10.6092/ISSN.2283-9364/6378,Università di Bologna,Creative Commons Attribution-NonCommercial-NoDerivatives,Bibliothecae.it,2,5,1-6,https://bibliothecae.unibo.it/article/view/6378
http://www.wikidata.org/entity/Q58954224,Il «catalogo della cooperazione»: la strada per un rilancio del Servizio bibliotecario nazionale,Simona Turbanti (femmina),2016,storia della biblioteca; Servizio Bibliotecario Nazionale,Scopus; Google Scholar; DOAJ; SCImago Journal Rank,10.6092/ISSN.2283-9364/6403,Università di Bologna,Creative Commons Attribution-NonCommercial-NoDerivatives,Bibliothecae.it,2,5,401-431,https://bibliothecae.unibo.it/article/view/6403
http://www.wikidata.org/entity/Q59096084,Perle ai margini. Una nuova testimonianza di Girolamo da Cremona,Daniele Guernelli (maschio),2016,Cosmè Tura; Andrea Mantegna; Biblioteca Apostolica Vaticana; storia della stampa; Girolamo da Cremona; Nicolas Jenson; Benedetto Bordone; Peter Ugelheimer,Scopus; Google Scholar; DOAJ; SCImago Journal Rank,10.6092/ISSN.2283-9364/6110,Università di Bologna,Creative Commons Attribution-NonCommercial-NoDerivatives,Bibliothecae.it,1,5,151-171,https://bibliothecae.unibo.it/article/view/6110
http://www.wikidata.org/entity/Q58349819,Nelle celle dei monaci: il monastero camaldolese di San Giovanni Battista di Bagnacavallo e l’Indice di Papa Clemente VIII. Le liste del Codex Vaticanus Latinus 11287,Federica Fabbri (femmina),2017,storia del libro,Scopus; Google Scholar; DOAJ; SCImago Journal Rank,10.6092/ISSN.2283-9364/7700,Università di Bologna,Creative Commons Attribution-NonCommercial-NoDerivatives,Bibliothecae.it,2,6,41-110,https://bibliothecae.unibo.it/article/view/7700
http://www.wikidata.org/entity/Q58350077,Tradurre per il lettore comune. Una ricerca in corso su scienza e pedagogia nell'editoria italiana del secondo Ottocento (1865-1903),Elisa Marazzi (femmina),2017,storia del libro; storia dell'editoria,Scopus; Google Scholar; DOAJ; SCImago Journal Rank,10.6092/ISSN.2283-9364/7701,Università di Bologna,Creative Commons Attribution-NonCommercial-NoDerivatives,Bibliothecae.it,2,6,111-146,https://bibliothecae.unibo.it/article/view/7701
http://www.wikidata.org/entity/Q58356286,Gli archivi delle Prefetture: dalla dematerializzazione alla gestione documentale,Annantonia Martorano (femmina),2017,archivistica; dematerializzation,Scopus; Google Scholar; DOAJ; SCImago Journal Rank,10.6092/ISSN.2283-9364/7702,Università di Bologna,Creative Commons Attribution-NonCommercial-NoDerivatives,Bibliothecae.it,2,6,191-254,https://bibliothecae.unibo.it/article/view/7702
http://www.wikidata.org/entity/Q58356899,"Storia del libro: riflessioni, temi e problemi",Anna Giulia Cavagna (femmina),2017,storia del libro,Scopus; Google Scholar; DOAJ; SCImago Journal Rank,10.6092/ISSN.2283-9364/7737,Università di Bologna,Creative Commons Attribution-NonCommercial-NoDerivatives,Bibliothecae.it,2,6,1-16,https://bibliothecae.unibo.it/article/view/7737
http://www.wikidata.org/entity/Q57976823,"Valorizzazione dei fondi privati in una biblioteca accademica: divulgazione, comunicazione, ricerca",Alessandra Boccone (femmina); Tania Maio (femmina); Claudio Forziati (maschio); Remo Rivelli (maschio),2017,Wikipedia; social media; storia della biblioteca; fondo speciale,Scopus; Google Scholar; DOAJ; SCImago Journal Rank,10.6092/ISSN.2283-9364/7703,Università di Bologna,Creative Commons Attribution-NonCommercial-NoDerivatives,Bibliothecae.it,2,6,255-284,https://bibliothecae.unibo.it/article/view/7703
http://www.wikidata.org/entity/Q58302558,La preservazione del contenuto degli oggetti culturali: formalizzare la provenance,Francesca Tomasi (femmina),2017,patrimonio culturale; ontologia; storia della bibliografia,Scopus; Google Scholar; DOAJ; SCImago Journal Rank,10.6092/ISSN.2283-9364/7531,Università di Bologna,Creative Commons Attribution-NonCommercial-NoDerivatives,Bibliothecae.it,2,6,17-40,https://bibliothecae.unibo.it/article/view/7531
http://www.wikidata.org/entity/Q58356273,La sesta legge (non scritta) della biblioteconomia,Fabio Venuda (maschio),2017,storia della biblioteca; norma tecnica; storia del libro; catalogazione,Scopus; Google Scholar; DOAJ; SCImago Journal Rank,10.6092/ISSN.2283-9364/7738,Università di Bologna,Creative Commons Attribution-NonCommercial-NoDerivatives,Bibliothecae.it,2,6,147-190,https://bibliothecae.unibo.it/article/view/7738
http://www.wikidata.org/entity/Q58379186,La traduzione tedesca de La segreteria di Apollo di Antonio Santacroce e il contributo dell'editore Georg Müller di Francoforte alla ricezione della letteratura italiana in Germania nel XVII secolo,Roberto De Pol (maschio),2017,Giovanni Boccaccio; Antonio Santacroce; storia del libro; Elena Cassandra Tarabotti; storia dell'editoria,Scopus; Google Scholar; DOAJ; SCImago Journal Rank,10.6092/ISSN.2283-9364/7704,Università di Bologna,Creative Commons Attribution-NonCommercial-NoDerivatives,Bibliothecae.it,2,6,285-306,https://bibliothecae.unibo.it/article/view/7704
http://www.wikidata.org/entity/Q109854444,Presentazione,Luigi Allegri (maschio); Radmila Iva Janković (femmina),2013,,Emerging Sources Citation Index,,Università di Parma,Creative Commons Attribution-NonCommercial-NoDerivatives,,,,,
http://www.wikidata.org/entity/Q96623082,La «libraria» dei frati Cappuccini di Sanremo e la donazione di Francesco Corradi,Luca Tosin (maschio),2020,Ordine dei frati minori cappuccini; storia della biblioteca,Scopus; Google Scholar; DOAJ; SCImago Journal Rank,10.6092/ISSN.2283-9364/11027,Università di Bologna,Creative Commons Attribution-NonCommercial-NoDerivatives,Bibliothecae.it,1,9,290-317,https://bibliothecae.unibo.it/article/view/11027
http://www.wikidata.org/entity/Q109854432,Attraversamenti di confini. Italia-Jugoslavia. Dimensione nazionale e internazionale della ricerca negli anni ‘50,Francesca Zanella (femmina),2013,,Emerging Sources Citation Index,,Università di Parma,Creative Commons Attribution-NonCommercial-NoDerivatives,,,,,http://hdl.handle.net/1889/2379
http://www.wikidata.org/entity/Q109854461,Dossier 2. Colophon e Indice,,2013,,Emerging Sources Citation Index,,Università di Parma,Creative Commons Attribution-NonCommercial-NoDerivatives,,,,,
http://www.wikidata.org/entity/Q109854464,"Considerazioni sul Realismo socialista in Albania, fra rigide direttive ufficiali e aperture culturali.",Amalda Cuka (femmina),2013,,Emerging Sources Citation Index,,Università di Parma,Creative Commons Attribution-NonCommercial-NoDerivatives,,,,,
http://www.wikidata.org/entity/Q109854445,Dossier 2. Indice dei nomi,,2013,,Emerging Sources Citation Index,,Università di Parma,Creative Commons Attribution-NonCommercial-NoDerivatives,,,,,
http://www.wikidata.org/entity/Q109854471,Il viaggio delle forme. Migrazione di maestri e modelli nella scultura barocca tra Roma e la Lombardia.,Alessandra Casati (femmina),2013,,Emerging Sources Citation Index,,Università di Parma,Creative Commons Attribution-NonCommercial-NoDerivatives,,,,,
http://www.wikidata.org/entity/Q109854465,"Quando il teatro si mise in cammino. Il viaggio di Peter Brook e del Centre International de Recherches Théâtrales negli anni Settanta, in compagnia del poema persiano Il verbo degli uccelli.",Roberta Pierangela Gandolfi (femmina),2013,,Emerging Sources Citation Index,,Università di Parma,Creative Commons Attribution-NonCommercial-NoDerivatives,,,,,
http://www.wikidata.org/entity/Q109854457,Una storia di amicizia e di collaborazione tra Italia e Croazia negli anni Sessanta: Paolo Scheggi e Biljana Tomić,Bilijana Tomić (femmina); Ilaria Bignotti (femmina),2013,,Emerging Sources Citation Index,,Università di Parma,Creative Commons Attribution-NonCommercial-NoDerivatives,,,,,
http://www.wikidata.org/entity/Q109854360,Parlare di paesaggio tra locale e globale,Laura Menatti (femmina),2013,,Emerging Sources Citation Index,,Università di Parma,Creative Commons Attribution-NonCommercial-NoDerivatives,,,,,http://www.ricerchedisconfine.info/dossier-1/MENATTI.htm
http://www.wikidata.org/entity/Q96623081,L'edizione aretina delle opere di Lodovico Antonio Muratori (1767-1780): l’eredità di Muratori ad Arezzo,Riccardo Neri (maschio),2020,Ludovico Antonio Muratori; storia dell'editoria,Scopus; Google Scholar; DOAJ; SCImago Journal Rank,10.6092/ISSN.2283-9364/11026,Università di Bologna,Creative Commons Attribution-NonCommercial-NoDerivatives,Bibliothecae.it,1,9,254-289,https://bibliothecae.unibo.it/article/view/11026
http://www.wikidata.org/entity/Q109854358,Tra sonno e spettacolo: qualche ipotesi per la veglia.,Franco Acquaviva (maschio),2013,,Emerging Sources Citation Index,,Università di Parma,Creative Commons Attribution-NonCommercial-NoDerivatives,,,,,http://www.ricerchedisconfine.info/dossier-1/ACQUAVIVA.htm
http://www.wikidata.org/entity/Q109854431,Attraverso il paesaggio. Naturalità del teatro e teatralità della natura.,Rita Messori (femmina),2013,,Emerging Sources Citation Index,,Università di Parma,Creative Commons Attribution-NonCommercial-NoDerivatives,,,,,http://www.ricerchedisconfine.info/dossier-1/MESSORI.htm
http://www.wikidata.org/entity/Q109854447,Artistic Freedom under the Auspices of the Institution – the example of the Student Centre Gallery in the period between the end of the 1960s and the beginning of the 1970s,Marta Kis (femmina),2013,,Emerging Sources Citation Index,,Università di Parma,Creative Commons Attribution-NonCommercial-NoDerivatives,,,,,
http://www.wikidata.org/entity/Q109854436,Introduzione Zanella Attraversamenti di confini. Italia-Croazia-Jugoslavia tra XX e XXI secolo,Francesca Zanella (femmina),2013,,Emerging Sources Citation Index,,Università di Parma,Creative Commons Attribution-NonCommercial-NoDerivatives,,,,,
http://www.wikidata.org/entity/Q109854446,"Di ogni processo storico bisogna analizzare convergenze e divergenze; nessun percorso storico è lineare, ma fatto di richiami e di riprese",Ilaria Bignotti (femmina); Matko Meštrović (femmina); Matko Meštrović (maschio),2013,,Emerging Sources Citation Index,,Università di Parma,Creative Commons Attribution-NonCommercial-NoDerivatives,,,,,
http://www.wikidata.org/entity/Q109854450,Razgovor s Đurom Sederom.,Radmila Iva Janković (femmina),2013,,Emerging Sources Citation Index,,Università di Parma,Creative Commons Attribution-NonCommercial-NoDerivatives,,,,,http://hdl.handle.net/1889/2393
http://www.wikidata.org/entity/Q109854462,Due viaggi di Mirandolina in Russia. Traduzioni sceniche.,Maria Pia Pagani (femmina),2013,,Emerging Sources Citation Index,,Università di Parma,Creative Commons Attribution-NonCommercial-NoDerivatives,,,,,
http://www.wikidata.org/entity/Q109854469,I “viaggi” di Franco Vaccari. 1971-1974: Il ruolo del viaggio come meccanismo di attivazione del reale nella poetica di Franco Vaccari.,Anna Zinelli (femmina),2013,,Emerging Sources Citation Index,,Università di Parma,Creative Commons Attribution-NonCommercial-NoDerivatives,,,,,
http://www.wikidata.org/entity/Q109854483,Digital archives. Alcune note,Francesca Zanella (femmina),2014,,Emerging Sources Citation Index,,Università di Parma,Creative Commons Attribution-NonCommercial-NoDerivatives,,,,,http://www.ricerchedisconfine.info/index.htm
http://www.wikidata.org/entity/Q109854359,L’erranza in O Thiasos TeatroNatura: pratiche del camminare,Sista Bramini (femmina),2013,,Emerging Sources Citation Index,,Università di Parma,Creative Commons Attribution-NonCommercial-NoDerivatives,,,,,http://www.ricerchedisconfine.info/dossier-1/BRAMINI.htm
http://www.wikidata.org/entity/Q109854442,Appunti … Curatela oltre il confine,Branka Benčić (femmina); Lorena Tadorni (femmina),2013,,Emerging Sources Citation Index,,Università di Parma,Creative Commons Attribution-NonCommercial-NoDerivatives,,,,,
http://www.wikidata.org/entity/Q109854430,Note intorno al Teatro Vagante,Giuliano Scabia (maschio),2013,,Emerging Sources Citation Index,,Università di Parma,Creative Commons Attribution-NonCommercial-NoDerivatives,,,,,
http://www.wikidata.org/entity/Q109854448,Attraversamenti di confini. Italia-Croazia tra XX e XXI secolo.,,2013,,Emerging Sources Citation Index,,Università di Parma,Creative Commons Attribution-NonCommercial-NoDerivatives,,,,,http://hdl.handle.net/1889/2397
http://www.wikidata.org/entity/Q109854470,Esporre l’Egitto. Viaggiatori europei all’inaugurazione del canale di Suez (1869).,Vanja Strukelj (maschio),2013,,Emerging Sources Citation Index,,Università di Parma,Creative Commons Attribution-NonCommercial-NoDerivatives,,,,,
http://www.wikidata.org/entity/Q109854474,Escursioni virtuosistiche fra le tecniche artistiche: il caso settecentesco di Pietro Giacomo Palmieri.,Chiara Travisonni (femmina),2013,,Emerging Sources Citation Index,,Università di Parma,Creative Commons Attribution-NonCommercial-NoDerivatives,,,,,
http://www.wikidata.org/entity/Q109854473,Il Viaggio di Samuel B. Morse: da Parigi a New York e la fotografia sbarca in America.,Elisa Bini (femmina),2013,,Emerging Sources Citation Index,,Università di Parma,Creative Commons Attribution-NonCommercial-NoDerivatives,,,,,
http://www.wikidata.org/entity/Q109854435,"Nove tendencije e modernismo jugoslavo: l’«impellenza operativa» negli scritti di Giulio Carlo Argan, pubblicati a Zagabria dal 1960 al 1969",Giovanni Rubino (maschio),2013,,Emerging Sources Citation Index,,Università di Parma,Creative Commons Attribution-NonCommercial-NoDerivatives,,,,,
http://www.wikidata.org/entity/Q109854437,Marzo 1991: la residenza del gruppo Gorgona a Brunnenburg,Anna Zinelli (femmina); Marco Scotti (maschio),2013,,Emerging Sources Citation Index,,Università di Parma,Creative Commons Attribution-NonCommercial-NoDerivatives,,,,,
http://www.wikidata.org/entity/Q109854440,"L’arte deve saper produrre errori. Una conversazione con Želimir Koščević, Zagabria, 24 gennaio 2012",Želimir Koščević (maschio); Ilaria Bignotti (femmina),2013,,Emerging Sources Citation Index,,Università di Parma,Creative Commons Attribution-NonCommercial-NoDerivatives,,,,,
http://www.wikidata.org/entity/Q109854458,"La “fragile idea”: Enzo Mari e la Divulgazione delle esemplificazioni delle ricerche (Nova tendencija 3, Zagabria 1965)",Alessio Fransoni (maschio),2013,,Emerging Sources Citation Index,,Università di Parma,Creative Commons Attribution-NonCommercial-NoDerivatives,,,,,
http://www.wikidata.org/entity/Q109854459,Nel nome del Costruttivismo. Storie di s/confine tra Italia e Jugoslavia negli anni Venti.,Vanja Strukelj (maschio),2013,,Emerging Sources Citation Index,,Università di Parma,Creative Commons Attribution-NonCommercial-NoDerivatives,,,,,http://hdl.handle.net/1889/2378
http://www.wikidata.org/entity/Q109854456,"Typoezija-Typoetry. Dalla pagina poetica allo spazio performativo, tra Italia e Croazia",Ilaria Bignotti (femmina),2013,,Emerging Sources Citation Index,,Università di Parma,Creative Commons Attribution-NonCommercial-NoDerivatives,,,,,http://hdl.handle.net/1889/2381
http://www.wikidata.org/entity/Q109854439,"On total work of art, dismantled",Jasna Jakšić (femmina),2013,,Emerging Sources Citation Index,,Università di Parma,Creative Commons Attribution-NonCommercial-NoDerivatives,,,,,http://hdl.handle.net/1889/2388
http://www.wikidata.org/entity/Q109854454,Due testimonianze di Josip Vaništa,Josip Vaništa (maschio); Radmila Iva Janković (femmina),2013,,Emerging Sources Citation Index,,Università di Parma,Creative Commons Attribution-NonCommercial-NoDerivatives,,,,,
http://www.wikidata.org/entity/Q109854449,Paolo Cardazzo e gli incontri a Motovun (1972-1984),Giovanni Bianchi (maschio),2013,,Emerging Sources Citation Index,,Università di Parma,Creative Commons Attribution-NonCommercial-NoDerivatives,,,,,
http://www.wikidata.org/entity/Q109854477,Il viaggio gastronomico di Paolo Monelli.,Alberto Salarelli (maschio),2013,,Emerging Sources Citation Index,,Università di Parma,Creative Commons Attribution-NonCommercial-NoDerivatives,,,,,
http://www.wikidata.org/entity/Q109854480,Lo sguardo smarrito: riflessioni intorno a Il grido di Michelangelo Antonioni.,Michele Guerra (maschio),2013,,Emerging Sources Citation Index,,Università di Parma,Creative Commons Attribution-NonCommercial-NoDerivatives,,,,,
http://www.wikidata.org/entity/Q109854468,Unfinished. Jonathan Monk e l'Afghanistan di Alighiero Boetti.,Marco Scotti (maschio),2013,,Emerging Sources Citation Index,,Università di Parma,Creative Commons Attribution-NonCommercial-NoDerivatives,,,,,
http://www.wikidata.org/entity/Q96623079,Il De Scriptis et Bibliothecis Antediluvianis di Joachim Johann Mader,Diego Baldi (maschio),2020,Biblioteche antiche; storia della biblioteca; Joachim Johann Mader,Scopus; Google Scholar; DOAJ; SCImago Journal Rank,10.6092/ISSN.2283-9364/11163,Università di Bologna,Creative Commons Attribution-NonCommercial-NoDerivatives,Bibliothecae.it,1,9,118-253,https://bibliothecae.unibo.it/article/view/11163
http://www.wikidata.org/entity/Q109854434,David Maljković. Riflessioni sulla memoria,Valentina Rossi (femmina),2013,,Emerging Sources Citation Index,,Università di Parma,Creative Commons Attribution-NonCommercial-NoDerivatives,,,,,
http://www.wikidata.org/entity/Q109854472,"Ancora su Bartolomeo Cancellieri, pittore itinerante e sul ritratto di Carlo V attribuito a Parmigianino.",Elisabetta Fadda (femmina),2013,,Emerging Sources Citation Index,,Università di Parma,Creative Commons Attribution-NonCommercial-NoDerivatives,,,,,
http://www.wikidata.org/entity/Q109854452,Trieste Contemporanea. Relazioni con l’arte visiva dell’Europa centro orientale,Giuliana Carbi Jesurun (femmina),2013,,Emerging Sources Citation Index,,Università di Parma,Creative Commons Attribution-NonCommercial-NoDerivatives,,,,,
http://www.wikidata.org/entity/Q109854481,Agave. Contributo allo studio delle fonti della cultura umanistica in Italia nel Novecento. Bilancio di un progetto di ricerca,Gabriella De Marco (femmina),2014,,Emerging Sources Citation Index,,Università di Parma,Creative Commons Attribution-NonCommercial-NoDerivatives,,,,,http://www.ricerchedisconfine.info/index.htm
http://www.wikidata.org/entity/Q109854476,Disegno e Camera Lucida nel Carnet de voyage.,Ursula Zich (femmina); Matteo Gallo (maschio); Ugo Comollo (maschio),2013,,Emerging Sources Citation Index,,Università di Parma,Creative Commons Attribution-NonCommercial-NoDerivatives,,,,,
http://www.wikidata.org/entity/Q109854601,Il fascino della città eterna: artisti albanesi nelle accademie romane nella prima metà del Novecento,Amalda Cuka (femmina),2017,,Emerging Sources Citation Index,,Università di Parma,Creative Commons Attribution-NonCommercial-NoDerivatives,,,,,http://www.ricerchedisconfine.info/VI-1/CUKA.htm
http://www.wikidata.org/entity/Q109854627,"Breve storia dell’Ufficio Vendite della Biennale di Venezia 1895-1972. Origini, funzionamento e declino",Clarissa Ricci (femmina),2017,,Emerging Sources Citation Index,,Università di Parma,Creative Commons Attribution-NonCommercial-NoDerivatives,,,,,
http://www.wikidata.org/entity/Q109854633,Il cinegiornale come mezzo di propaganda: Varo e viaggio inaugurale del Conte di Savoia della compagnia Italia di Navigazione (1930),Federico Longari Solazzi (maschio),2018,,Emerging Sources Citation Index,,Università di Parma,Creative Commons Attribution-NonCommercial-NoDerivatives,,,,,
http://www.wikidata.org/entity/Q109854702,Il corpo-archivio nelle politiche della memoria: il caso di Pina Bausch,Gaia Clotilde Chernetich (femmina),2019,,Emerging Sources Citation Index,,Università di Parma,Creative Commons Attribution-NonCommercial-NoDerivatives,,,,,
http://www.wikidata.org/entity/Q109854714,Danzare/Archiviare. Corporeità mediterranee in contatto,Annalisa Piccirillo (femmina),2019,,Emerging Sources Citation Index,,Università di Parma,Creative Commons Attribution-NonCommercial-NoDerivatives,,,,,
http://www.wikidata.org/entity/Q109854716,Preservare l'incontro con i beni culturali: una dialettica tra digitale e umanesimo in epoca Covid-19,Steven Stergar (maschio),2020,,Emerging Sources Citation Index,,Università di Parma,Creative Commons Attribution-NonCommercial-NoDerivatives,,,,,
http://www.wikidata.org/entity/Q109854624,"«Tiziano?», «Correggio?». Due expertise di Ludwig Baldass e Roberto Longhi nell'archivio di Antonio Morassi",Giulio Zavatta (maschio),2017,,Emerging Sources Citation Index,,Università di Parma,Creative Commons Attribution-NonCommercial-NoDerivatives,,,,,
http://www.wikidata.org/entity/Q109854629,"Esposizioni - Atti del convegno internazionale Parma, 27-28 gennaio 2017",,2018,,Emerging Sources Citation Index,,Università di Parma,Creative Commons Attribution-NonCommercial-NoDerivatives,,,,,
http://www.wikidata.org/entity/Q109854611,Intervista a Emanuela De Cecco,Anna Zinelli (femmina); Marco Scotti (maschio),2016,,Emerging Sources Citation Index,,Università di Parma,Creative Commons Attribution-NonCommercial-NoDerivatives,,,,,http://www.ricerchedisconfine.info/VII-1/DECECCO.htm
http://www.wikidata.org/entity/Q109854609,Il Realismo Socialista come forma di “non arte”. Alcune ipotesi di lettura a partire dalla XXXII Biennale di Venezia e dalla documenta 3 di Kassel del 1964,Anna Zinelli (femmina),2016,,Emerging Sources Citation Index,,Università di Parma,Creative Commons Attribution-NonCommercial-NoDerivatives,,,,,http://www.ricerchedisconfine.info/VII-1/ZINELLI.htm
http://www.wikidata.org/entity/Q109854616,Osservare paesaggi – fare cittadinanza. Pratiche territoriali nel lavoro degli artisti italiani,Alessandra Pioselli (femmina),2016,,Emerging Sources Citation Index,,Università di Parma,Creative Commons Attribution-NonCommercial-NoDerivatives,,,,,http://www.ricerchedisconfine.info/VII-1/PIOSELLI.htm
http://www.wikidata.org/entity/Q109854707,Dall'opera al ballo e ritorno: Cesare in Egitto nell'Italia napoleonica,Paolo Russo (maschio),2019,,Emerging Sources Citation Index,,Università di Parma,Creative Commons Attribution-NonCommercial-NoDerivatives,,,,,
http://www.wikidata.org/entity/Q109854705,Il lavoro di Michele Di Stefano per la ripresa coreografica di e-ink fra note autografe e pratiche incorporate,Alessandra Sini (femmina),2019,,Emerging Sources Citation Index,,Università di Parma,Creative Commons Attribution-NonCommercial-NoDerivatives,,,,,
http://www.wikidata.org/entity/Q109854699,"Tra romanzo e realtà: proposte di lettura per il ""caso Caravaggio"" nelle produzioni RAI",Laura Scanu (femmina),2018,,Emerging Sources Citation Index,,Università di Parma,Creative Commons Attribution-NonCommercial-NoDerivatives,,,,,
http://www.wikidata.org/entity/Q109854721,Cosa hanno fatto i musei durante la pandemia: uno studio delle attività di alcune istituzioni tra marzo e giugno 2020,Giulia Crippa (femmina),2020,,Emerging Sources Citation Index,,Università di Parma,Creative Commons Attribution-NonCommercial-NoDerivatives,,,,,
http://www.wikidata.org/entity/Q109854718,Theatre on a Line di Cuocolo/Bosetti. Il teatro al telefono al tempo della pandemia: una conversazione con Renato Cuocolo,Matteo Paoletti (maschio),2020,,Emerging Sources Citation Index,,Università di Parma,Creative Commons Attribution-NonCommercial-NoDerivatives,,,,,
http://www.wikidata.org/entity/Q110067791,I diari della quarantena. Il lockdown negli appunti visivi degli studenti dell'Università di Pavia,Filippo Ticozzi (maschio); Lorenzo Donghi (maschio),,,Emerging Sources Citation Index,,Università di Parma,Creative Commons Attribution-NonCommercial-NoDerivatives,,,,,
http://www.wikidata.org/entity/Q109854612,"Eva Marisaldi, Dopolavoro. Frammenti di realtà al Premio Suzzara (1948-2013)",Elisabetta Modena (femmina),2016,,Emerging Sources Citation Index,,Università di Parma,Creative Commons Attribution-NonCommercial-NoDerivatives,,,,,http://www.ricerchedisconfine.info/VII-1/MODENA.htm
http://www.wikidata.org/entity/Q109854623,Banca di Oklahoma: le incredibili avventure di una finanza patafisica dal 1968 a oggi,Sara Fontana (femmina),2017,,Emerging Sources Citation Index,,Università di Parma,Creative Commons Attribution-NonCommercial-NoDerivatives,,,,,
http://www.wikidata.org/entity/Q109854706,Corpo-archivio: mappatura di una nozione tra incorporazione e pratica coreografica,Susanne Franco (femmina),2019,,Emerging Sources Citation Index,,Università di Parma,Creative Commons Attribution-NonCommercial-NoDerivatives,,,,,
http://www.wikidata.org/entity/Q109854717,L'innovazione digitale tra didattica museale e didattica scolastica. Un'esperienza di riprogettazione a distanza di un percorso espositivo in risposta alla pandemia provocata dal Covid-19,Lorenzo Manera (maschio),2020,,Emerging Sources Citation Index,,Università di Parma,Creative Commons Attribution-NonCommercial-NoDerivatives,,,,,
http://www.wikidata.org/entity/Q109854632,"Marco Bertozzi, Documentario come arte. Riuso, performance, autobiografia nell'esperienza del cinema contemporaneo, Venezia, Marsilio, 2018",Dorothea Burato (femmina),2018,,Emerging Sources Citation Index,,Università di Parma,Creative Commons Attribution-NonCommercial-NoDerivatives,,,,,
http://www.wikidata.org/entity/Q109854712,Archivi intermediali: il valzer nella testualità byroniana,Carla Pomarè (femmina),2019,,Emerging Sources Citation Index,,Università di Parma,Creative Commons Attribution-NonCommercial-NoDerivatives,,,,,
http://www.wikidata.org/entity/Q109854713,"Corps flamenco: «modernes et anti-modernes, avant-gardistes et traditionnels, rebelles et institutionnels»",Carolane Sanchez (femmina),2019,,Emerging Sources Citation Index,,Università di Parma,Creative Commons Attribution-NonCommercial-NoDerivatives,,,,,
http://www.wikidata.org/entity/Q109854603,Il cibo in mostra. Appunti per una riflessione sulle relazioni tra pratiche artistiche e cultura alimentare e gastronomica,Elena Fava (femmina),2015,,Emerging Sources Citation Index,,Università di Parma,Creative Commons Attribution-NonCommercial-NoDerivatives,,,,,http://www.ricerchedisconfine.info/VI-1/FAVA.htm
http://www.wikidata.org/entity/Q109854619,"Ludovico Mazzolino alla prova del mercato d’arte, novecentesco e non solo",Andrei Bliznukov (maschio),2017,,Emerging Sources Citation Index,,Università di Parma,Creative Commons Attribution-NonCommercial-NoDerivatives,,,,,
http://www.wikidata.org/entity/Q109854620,Il tardogotico estense tra critica e mercato dell’arte,Chiara Guerzi (femmina),2017,,Emerging Sources Citation Index,,Università di Parma,Creative Commons Attribution-NonCommercial-NoDerivatives,,,,,
http://www.wikidata.org/entity/Q109854630,Presa diretta: il contributo di Franco Simongini all'indagine sull'arte,Alice Militello (femmina),2018,,Emerging Sources Citation Index,,Università di Parma,Creative Commons Attribution-NonCommercial-NoDerivatives,,,,,
http://www.wikidata.org/entity/Q109854625,Un caso singolare: il mercato americano di Leonardo Cremonini durante gli anni ’50,Davide Colombo (maschio),2017,,Emerging Sources Citation Index,,Università di Parma,Creative Commons Attribution-NonCommercial-NoDerivatives,,,,,
http://www.wikidata.org/entity/Q109854701,Luoghi abitati da persone. Il progetto Living Architectures di Ila Bêka e Louise Lemoine,Sara Martin (femmina),2018,,Emerging Sources Citation Index,,Università di Parma,Creative Commons Attribution-NonCommercial-NoDerivatives,,,,,
http://www.wikidata.org/entity/Q109854605,"Aroldo Bonzagni, un artista antagonista. Pittore, illustratore, cartellonista e caricaturista",Sara Fontana (femmina),2016,,Emerging Sources Citation Index,,Università di Parma,Creative Commons Attribution-NonCommercial-NoDerivatives,,,,,http://www.ricerchedisconfine.info/VII-1/FONTANA.htm
http://www.wikidata.org/entity/Q109854604,ILLUSTRAZIONE MONUMENTALE. Il “canone letterario” di Mario Sironi su La Rivista 1924-1943,Marta Sironi (femmina),2016,,Emerging Sources Citation Index,,Università di Parma,Creative Commons Attribution-NonCommercial-NoDerivatives,,,,,http://www.ricerchedisconfine.info/VII-1/SIRONI.htm
http://www.wikidata.org/entity/Q109854613,Episodi di realismo a Parma: Bartolomeo Schedoni e il fascino del Caravaggio,Giulia Cocconi (femmina),2016,,Emerging Sources Citation Index,,Università di Parma,Creative Commons Attribution-NonCommercial-NoDerivatives,,,,,http://www.ricerchedisconfine.info/VII-1/COCCONI.htm
http://www.wikidata.org/entity/Q109854607,Tutti i passati dell’arte: la Biennale di Venezia del 2015. La rappresentazione del colonialismo,Roberto Pinto (maschio),2016,,Emerging Sources Citation Index,,Università di Parma,Creative Commons Attribution-NonCommercial-NoDerivatives,,,,,http://www.ricerchedisconfine.info/VII-1/PINTO.htm
http://www.wikidata.org/entity/Q109854618,L’editoria a supporto del mercato: la circolazione dell’arte italiana fra le pagine di «Art International» (1959-1963),Alice Militello (femmina),2017,,Emerging Sources Citation Index,,Università di Parma,Creative Commons Attribution-NonCommercial-NoDerivatives,,,,,
http://www.wikidata.org/entity/Q109854621,"Una breve indagine sul mercato dell’arte. Interviste alle tre direttrici delle fiere italiane di arte contemporanea: Ilaria Bonacossa, Adriana Polveroni e Angela Vettese",Valentina Rossi (femmina),2017,,Emerging Sources Citation Index,,Università di Parma,Creative Commons Attribution-NonCommercial-NoDerivatives,,,,,
http://www.wikidata.org/entity/Q109854708,Prima del Traité? Alternative possibili per lo studio della corporeità del primo Ottocento,Bruno Ligore (maschio),2019,,Emerging Sources Citation Index,,Università di Parma,Creative Commons Attribution-NonCommercial-NoDerivatives,,,,,
http://www.wikidata.org/entity/Q109854600,Modelli audiovisivi e prefigurazioni digitali nelle sperimentazioni sul medium esposizione: Les Immatériaux di Jean-François Lyotard,Francesca Gallo (femmina),2015,,Emerging Sources Citation Index,,Università di Parma,Creative Commons Attribution-NonCommercial-NoDerivatives,,,,,http://www.ricerchedisconfine.info/VI-1/GALLO.htm
http://www.wikidata.org/entity/Q109854634,Alcuni appunti sul documentario nell'arte contemporanea. Intervista a Mario Gorni,Valentina Rossi (femmina),2018,,Emerging Sources Citation Index,,Università di Parma,Creative Commons Attribution-NonCommercial-NoDerivatives,,,,,
http://www.wikidata.org/entity/Q109854608,Tra utopia e rivoluzione: le visioni di Diego Rivera al Rockefeller Center di New York,Amalda Cuka (femmina),2016,,Emerging Sources Citation Index,,Università di Parma,Creative Commons Attribution-NonCommercial-NoDerivatives,,,,,http://www.ricerchedisconfine.info/VII-1/CUKA.htm
http://www.wikidata.org/entity/Q109854704,"L'image en mouvement: créer l'archive pour soi, documenter l'archive pour l'autre",Joëlle Vellet (femmina),2019,,Emerging Sources Citation Index,,Università di Parma,Creative Commons Attribution-NonCommercial-NoDerivatives,,,,,
http://www.wikidata.org/entity/Q109854719,"MiBACT, AIB, AIE e ALI promotori degli interventi post Covid-19 a favore della filiera del libro",Valentina Sonzini (femmina),2020,,Emerging Sources Citation Index,,Università di Parma,Creative Commons Attribution-NonCommercial-NoDerivatives,,,,,
http://www.wikidata.org/entity/Q109854700,Un canale YouTube per narrare i progetti temporanei: l'esempio della Collezione Maramotti,Chiara Tonelli (femmina),2018,,Emerging Sources Citation Index,,Università di Parma,Creative Commons Attribution-NonCommercial-NoDerivatives,,,,,
http://www.wikidata.org/entity/Q110386758,La bibliografia e la società dell’informazione,Andrea Capaccioni (maschio),2021,società dell'informazione; bibliografia; rivoluzione digitale; bibliografia nazionale,Scopus; Google Scholar; DOAJ; SCImago Journal Rank,10.6092/ISSN.2283-9364/14050,Università di Bologna,Creative Commons Attribution-NonCommercial-NoDerivatives,Bibliothecae.it,2,10,94-112,https://bibliothecae.unibo.it/article/view/14050
http://www.wikidata.org/entity/Q110386756,I principi bibliografici nei corsi di laurea brasiliani in biblioteconomia: un'analisi sulla specificità epistemologica curricolare,Cristina Dotta Ortega (femmina),2021,bibliografia; biblioteconomia; insegnamento,Scopus; Google Scholar; DOAJ; SCImago Journal Rank,10.6092/ISSN.2283-9364/14067,Università di Bologna,Creative Commons Attribution-NonCommercial-NoDerivatives,Bibliothecae.it,2,10,47-93,https://bibliothecae.unibo.it/article/view/14067
http://www.wikidata.org/entity/Q110386782,Bibliografia fuori dall'armadio: cosa rivela la scienza dell'informazione brasiliana sulle questioni di genere e di dissidenza sessuale?,Nathália Lima Romeiro (femmina); Bruno Almeida dos Santos (maschio),2021,scienza dell'informazione; bibliografia; dissenso,Scopus; Google Scholar; DOAJ; SCImago Journal Rank,10.6092/ISSN.2283-9364/14074,Università di Bologna,Creative Commons Attribution-NonCommercial-NoDerivatives,Bibliothecae.it,2,10,465-497,https://bibliothecae.unibo.it/article/view/14074
http://www.wikidata.org/entity/Q113148891,Sicilia piangente su le rovine delle sue più belle città: narrazioni e dati dalle Relazioni a stampa del terremoto del Val di Noto del 1693,Francesca Aiello (femmina),2022,terremoto; Val di Noto,Scopus; Google Scholar; DOAJ; SCImago Journal Rank,10.6092/ISSN.2283-9364/15075,Università di Bologna,Creative Commons Attribution-NonCommercial-NoDerivatives,Bibliothecae.it,1,11,156-181,https://bibliothecae.unibo.it/article/view/15075
http://www.wikidata.org/entity/Q113148897,Le voci di autorità dei nomi di persona in SBN e Alphabetica: problemi e prospettive,Carlo Bianchini (maschio); Stefano Bargioni (maschio); Camillo Carlo Pellizzari di San Girolamo (maschio),2022,Wikidata; authority file; Servizio Bibliotecario Nazionale; Istituto centrale per il catalogo unico; controllo bibliografico universale,Scopus; Google Scholar; DOAJ; SCImago Journal Rank,10.6092/ISSN.2283-9364/15078,Università di Bologna,Creative Commons Attribution-NonCommercial-NoDerivatives,Bibliothecae.it,1,11,247-314,https://bibliothecae.unibo.it/article/view/15078
http://www.wikidata.org/entity/Q113148908,Scibile a scaffale,Antonio Castronuovo (maschio),2022,bibliofilo; biblioteca personale,Scopus; Google Scholar; DOAJ; SCImago Journal Rank,10.6092/ISSN.2283-9364/15084,Università di Bologna,Creative Commons Attribution-NonCommercial-NoDerivatives,Bibliothecae.it,1,11,417-423,https://bibliothecae.unibo.it/article/view/15084
http://www.wikidata.org/entity/Q116444212,NATO Archives Online: un sistema di fonti per la storia delle relazioni internazionali,Maddalena Valacchi (femmina),2022,NATO; dematerializzation; archivio digitale,Scopus; Google Scholar; DOAJ; SCImago Journal Rank,10.6092/ISSN.2283-9364/16273,Università di Bologna,Creative Commons Attribution-NonCommercial-NoDerivatives,Bibliothecae.it,2,11,309-330,https://bibliothecae.unibo.it/article/view/16273
http://www.wikidata.org/entity/Q110386780,L’Arte della Bibliografia in Brasile: analisi della produzione in alcune riviste scientifiche (2014-2020),Giulia Crippa (femmina); Ieda Pelógia Martins Damian (femmina),2021,bibliografia; rivista scientifica,Scopus; Google Scholar; DOAJ; SCImago Journal Rank,10.6092/ISSN.2283-9364/14073,Università di Bologna,Creative Commons Attribution-NonCommercial-NoDerivatives,Bibliothecae.it,2,10,423-464,https://bibliothecae.unibo.it/article/view/14073
http://www.wikidata.org/entity/Q110386763,Proposta per un nuovo approccio metodologico allo studio della Bibliografia del XX secolo,Fiammetta Sabba (femmina); Lucia Sardo (femmina); Carlo Bianchini (maschio),2021,metadato; bibliografia; biblioteconomia; storia della bibliografia,Scopus; Google Scholar; DOAJ; SCImago Journal Rank,10.6092/ISSN.2283-9364/14051,Università di Bologna,Creative Commons Attribution-NonCommercial-NoDerivatives,Bibliothecae.it,2,10,138-151,https://bibliothecae.unibo.it/article/view/14051
http://www.wikidata.org/entity/Q110386761,Una politica bibliografica brasiliana? Il percorso storico e politico della bibliografia nazionale in Brasile,Carlos Henrique Juvêncio (maschio),2021,bibliografia; storia del Brasile; bibliografia nazionale,Scopus; Google Scholar; DOAJ; SCImago Journal Rank,10.6092/ISSN.2283-9364/14068,Università di Bologna,Creative Commons Attribution-NonCommercial-NoDerivatives,Bibliothecae.it,2,10,113-137,https://bibliothecae.unibo.it/article/view/14068
http://www.wikidata.org/entity/Q110386768,Una donna tra gli uomini: il gesto bibliografico di Christine de Pizan in La città delle dame,Mell Siciliano (femmina); Fernanda Valle (femmina); Amanda Salomão (femmina),2021,bibliografia; Christine de Pizan; La Città delle Dame,Scopus; Google Scholar; DOAJ; SCImago Journal Rank,10.6092/ISSN.2283-9364/14069,Università di Bologna,Creative Commons Attribution-NonCommercial-NoDerivatives,Bibliothecae.it,2,10,164-195,https://bibliothecae.unibo.it/article/view/14069
http://www.wikidata.org/entity/Q113148895,Citare internet con URL abbreviati e DOI? Meglio di no,Riccardo Ridi (maschio),2022,citazione; digital object identifier; Uniform Resource Locator,Scopus; Google Scholar; DOAJ; SCImago Journal Rank,10.6092/ISSN.2283-9364/15077,Università di Bologna,Creative Commons Attribution-NonCommercial-NoDerivatives,Bibliothecae.it,1,11,222-246,https://bibliothecae.unibo.it/article/view/15077
http://www.wikidata.org/entity/Q113148889,"Mercati divini: produrre, vendere e leggere la Commedia di Dante agli inizi del 1470",Natale Vacalebre (maschio),2022,Johannes Numeister; incunabolo; Federico Conti,Scopus; Google Scholar; DOAJ; SCImago Journal Rank,10.6092/ISSN.2283-9364/15074,Università di Bologna,Creative Commons Attribution-NonCommercial-NoDerivatives,Bibliothecae.it,1,11,112-155,https://bibliothecae.unibo.it/article/view/15074
http://www.wikidata.org/entity/Q116444210,Frammenti di Martino: una biblioteca personale e la sua emblematica vicenda,Oscar Nalesini (maschio),2022,letteratura araba; storia della biblioteca; biblioteca personale,Scopus; Google Scholar; DOAJ; SCImago Journal Rank,10.6092/ISSN.2283-9364/16271,Università di Bologna,Creative Commons Attribution-NonCommercial-NoDerivatives,Bibliothecae.it,2,11,194-255,https://bibliothecae.unibo.it/article/view/16271
http://www.wikidata.org/entity/Q110386776,Bibliografia e memoria: la diciottesima lezione di Filippo Gesualdo e le Pandectae di Conrad Gesner,Diego Baldi (maschio),2021,Conrad Gessner; mnemotecnica; Filippo Gesualdo,Scopus; Google Scholar; DOAJ; SCImago Journal Rank,10.6092/ISSN.2283-9364/14066,Università di Bologna,Creative Commons Attribution-NonCommercial-NoDerivatives,Bibliothecae.it,2,10,327-361,https://bibliothecae.unibo.it/article/view/14066
http://www.wikidata.org/entity/Q113148903,L'archivio oltre l’archivio,Mario Aldo Toscano (maschio),2022,archivio; archivistica; archivista,Scopus; Google Scholar; DOAJ; SCImago Journal Rank,10.6092/ISSN.2283-9364/15081,Università di Bologna,Creative Commons Attribution-NonCommercial-NoDerivatives,Bibliothecae.it,1,11,390-401,https://bibliothecae.unibo.it/article/view/15081
http://www.wikidata.org/entity/Q113148906,"Il primo Seminario JLIS.it: Modellare la conoscenza, standard archivistici e bibliografici a confronto (Università di Firenze, 19 maggio 2022)",,2022,bibliografia; archivistica; linked data; metadata management,Scopus; Google Scholar; DOAJ; SCImago Journal Rank,10.6092/ISSN.2283-9364/15083,Università di Bologna,Creative Commons Attribution-NonCommercial-NoDerivatives,Bibliothecae.it,1,11,411-416,https://bibliothecae.unibo.it/article/view/15083
http://www.wikidata.org/entity/Q116444211,Mostra virtuale: un ritorno al passato,Klaus Kempf (maschio),2022,,Scopus; Google Scholar; DOAJ; SCImago Journal Rank,10.6092/ISSN.2283-9364/16272,Università di Bologna,Creative Commons Attribution-NonCommercial-NoDerivatives,Bibliothecae.it,2,11,256-308,https://bibliothecae.unibo.it/article/view/16272
http://www.wikidata.org/entity/Q116444214,L’ Archivio Digitale Vivente e la costruzione di una memoria culturale partecipativa nel progetto DARE-UIA (Digital Environment for collaborative Alliances to Regenerate urban Ecosystems in middle-sized cities),Giulia Cardoni (femmina); Francesca Fabbri (femmina); Alessandro Iannucci (maschio),2022,museo all'aperto; archivio digitale,Scopus; Google Scholar; DOAJ; SCImago Journal Rank,10.6092/ISSN.2283-9364/16278,Università di Bologna,Creative Commons Attribution-NonCommercial-NoDerivatives,Bibliothecae.it,2,11,350-380,https://bibliothecae.unibo.it/article/view/16278
http://www.wikidata.org/entity/Q116444217,Libri che si parlano,Lucio Gambetti (maschio),2022,biblioteca personale,Scopus; Google Scholar; DOAJ; SCImago Journal Rank,10.6092/ISSN.2283-9364/16283,Università di Bologna,Creative Commons Attribution-NonCommercial-NoDerivatives,Bibliothecae.it,2,11,415-420,https://bibliothecae.unibo.it/article/view/16283
http://www.wikidata.org/entity/Q110386786,Editoriale. Convegno internazionale “Dalla pandemia dei libri alla Bibliografia”,Fiammetta Sabba (femmina); Giulia Crippa (femmina); Andre Vieira de Freitas Araujo (maschio); Gustavo Silva Saldanha (maschio),2021,,Scopus; Google Scholar; DOAJ; SCImago Journal Rank,10.6092/ISSN.2283-9364/14100,Università di Bologna,Creative Commons Attribution-NonCommercial-NoDerivatives,Bibliothecae.it,2,10,1-14,https://bibliothecae.unibo.it/article/view/14100
http://www.wikidata.org/entity/Q110386770,La Scuola tecnica bibliografica (1886-1889): un’occasione ‘mancata’,Rosa Parlavecchia (femmina),2021,biblioteca nazionale; bibliotecario; insegnamento,Scopus; Google Scholar; DOAJ; SCImago Journal Rank,10.6092/ISSN.2283-9364/14054,Università di Bologna,Creative Commons Attribution-NonCommercial-NoDerivatives,Bibliothecae.it,2,10,196-218,https://bibliothecae.unibo.it/article/view/14054
http://www.wikidata.org/entity/Q113148888,"Codici italiani nella Biblioteca Universitaria Eötvös Loránd, Budapest",Katalin Németh (femmina); Péter Kiszl (maschio); Máté János Bibor (maschio),2022,storia della biblioteca; Biblioteca Corviniana,Scopus; Google Scholar; DOAJ; SCImago Journal Rank,10.6092/ISSN.2283-9364/15072,Università di Bologna,Creative Commons Attribution-NonCommercial-NoDerivatives,Bibliothecae.it,1,11,40-111,https://bibliothecae.unibo.it/article/view/15072
http://www.wikidata.org/entity/Q113148905,Le Competency Guidelines for Rare Books and Special Collections Professionals dell’IFLA,Valentina Sonzini (femmina),2022,,Scopus; Google Scholar; DOAJ; SCImago Journal Rank,10.6092/ISSN.2283-9364/15082,Università di Bologna,Creative Commons Attribution-NonCommercial-NoDerivatives,Bibliothecae.it,1,11,402-410,https://bibliothecae.unibo.it/article/view/15082
http://www.wikidata.org/entity/Q116444203,Intelligenza artificiale vs. intelletto (ossia cibernetica vs. informatica),Alfredo Serrai (maschio),2022,intelligenza artificiale; informatica; cibernetica,Scopus; Google Scholar; DOAJ; SCImago Journal Rank,10.6092/ISSN.2283-9364/16225,Università di Bologna,Creative Commons Attribution-NonCommercial-NoDerivatives,Bibliothecae.it,2,11,1-6,https://bibliothecae.unibo.it/article/view/16225
http://www.wikidata.org/entity/Q116444205,Codici datati e databili dei secoli XV-XVI in due collezioni milanesi “minori”: materiali eterogenei conservati presso la Fondazione Trivulzio e la Veneranda Fabbrica del Duomo di Milano,Elisa Bianchi (femmina),2022,manoscritto; storia della biblioteca; Casato dei Trivulzio,Scopus; Google Scholar; DOAJ; SCImago Journal Rank,10.6092/ISSN.2283-9364/16233,Università di Bologna,Creative Commons Attribution-NonCommercial-NoDerivatives,Bibliothecae.it,2,11,24-82,https://bibliothecae.unibo.it/article/view/16233
http://www.wikidata.org/entity/Q116444204,L’ inquisitore e i suoi lettori: il caso del Malleus maleficarum,Paola Zito (femmina),2022,Inquisizione; Malleus maleficarum; demonologia; storia della biblioteca,Scopus; Google Scholar; DOAJ; SCImago Journal Rank,10.6092/ISSN.2283-9364/16227,Università di Bologna,Creative Commons Attribution-NonCommercial-NoDerivatives,Bibliothecae.it,2,11,7-23,https://bibliothecae.unibo.it/article/view/16227
http://www.wikidata.org/entity/Q110386774,Alla ricerca di Conrad Gesner nei tropici brasiliani: la presenza documentaria della Bibliotheca Universalis e delle Pandectae nelle biblioteche patrimoniali,Andre Vieira de Freitas Araujo (maschio); Diná Marques Pereira Araújo (femmina),2021,Bibliotheca universalis; bibliografia; Biblioteca Nacional do Brasil,Scopus; Google Scholar; DOAJ; SCImago Journal Rank,10.6092/ISSN.2283-9364/14071,Università di Bologna,Creative Commons Attribution-NonCommercial-NoDerivatives,Bibliothecae.it,2,10,271-326,https://bibliothecae.unibo.it/article/view/14071
http://www.wikidata.org/entity/Q110386765,"Bibliografia, sostantivo femminile: Jules Gay e Desirée Veret",Lorenzo Baldacchini (maschio),2021,donna; femminismo; socialismo; bibliografia; femminismo socialista,Scopus; Google Scholar; DOAJ; SCImago Journal Rank,10.6092/ISSN.2283-9364/14052,Università di Bologna,Creative Commons Attribution-NonCommercial-NoDerivatives,Bibliothecae.it,2,10,152-163,https://bibliothecae.unibo.it/article/view/14052
http://www.wikidata.org/entity/Q110386784,Il libro nel sistema carcerario nello stato di Espírito Santo: dispositivo sociale nella pandemia,Adriana Isidório da Silva Zamite (femmina); Maira Cristina Grigoleto (femmina),2021,libro; Sistema carcerario in Brasile,Scopus; Google Scholar; DOAJ; SCImago Journal Rank,10.6092/ISSN.2283-9364/14075,Università di Bologna,Creative Commons Attribution-NonCommercial-NoDerivatives,Bibliothecae.it,2,10,498-525,https://bibliothecae.unibo.it/article/view/14075
http://www.wikidata.org/entity/Q113148886,Alessandria per Alessandro: per una datazione del progetto alessandrino,Luca Tiberi (maschio),2022,Biblioteca di Alessandria; Aristotele; storia della biblioteca,Scopus; Google Scholar; DOAJ; SCImago Journal Rank,10.6092/ISSN.2283-9364/15071,Università di Bologna,Creative Commons Attribution-NonCommercial-NoDerivatives,Bibliothecae.it,1,11,7-39,https://bibliothecae.unibo.it/article/view/15071
http://www.wikidata.org/entity/Q113148883,Non informazione ma comprensione,Alfredo Serrai (maschio),2022,informazione,Scopus; Google Scholar; DOAJ; SCImago Journal Rank,10.6092/ISSN.2283-9364/15070,Università di Bologna,Creative Commons Attribution-NonCommercial-NoDerivatives,Bibliothecae.it,1,11,1-6,https://bibliothecae.unibo.it/article/view/15070
http://www.wikidata.org/entity/Q113148893,L'affaire Laire e le edizioni romane del XV secolo negli scritti scambiati tra Tommaso Verani e Giovanni Battista Audiffredi,,2022,incunabolo; Giovanni Battista Audiffredi; Tommaso Verani; François-Xavier Laire,Scopus; Google Scholar; DOAJ; SCImago Journal Rank,10.6092/ISSN.2283-9364/15076,Università di Bologna,Creative Commons Attribution-NonCommercial-NoDerivatives,Bibliothecae.it,1,11,182-221,https://bibliothecae.unibo.it/article/view/15076
http://www.wikidata.org/entity/Q116444207,Da «misero avanzo di sorci» a «tesoro»: l’archivio del Capitolo della Cattedrale di Arezzo tra Sette e Novecento,Riccardo Neri (maschio),2022,archivio; cattedrale dei Santi Pietro e Donato,Scopus; Google Scholar; DOAJ; SCImago Journal Rank,10.6092/ISSN.2283-9364/16240,Università di Bologna,Creative Commons Attribution-NonCommercial-NoDerivatives,Bibliothecae.it,2,11,122-160,https://bibliothecae.unibo.it/article/view/16240
http://www.wikidata.org/entity/Q116444206,Universalis o Selecta? La classificazione dei libri di architettura all’epoca della stampa: contributo per una analisi,Alfredo Giovanni Broletti (maschio),2022,architettura; Conrad Gessner; bibliografia; Antonio Possevino,Scopus; Google Scholar; DOAJ; SCImago Journal Rank,10.6092/ISSN.2283-9364/16237,Università di Bologna,Creative Commons Attribution-NonCommercial-NoDerivatives,Bibliothecae.it,2,11,83-121,https://bibliothecae.unibo.it/article/view/16237
http://www.wikidata.org/entity/Q116444209,Per le scienze e per diletto: fonti archivistiche per lo studio delle biblioteche termali,Elena Gonnelli (femmina),2022,storia della biblioteca; terme; archivio,Scopus; Google Scholar; DOAJ; SCImago Journal Rank,10.6092/ISSN.2283-9364/16241,Università di Bologna,Creative Commons Attribution-NonCommercial-NoDerivatives,Bibliothecae.it,2,11,161-193,https://bibliothecae.unibo.it/article/view/16241
http://www.wikidata.org/entity/Q116444215,"A margine di alcuni carteggi: Teresa Lodi a Firenze nel secondo dopoguerra tra papiri, manoscritti e libri antichi",Simona Inserra (femmina); Francesca Aiello (femmina),2022,Biblioteca Medicea Laurenziana; papirologia; Teresa Lodi,Scopus; Google Scholar; DOAJ; SCImago Journal Rank,10.6092/ISSN.2283-9364/16281,Università di Bologna,Creative Commons Attribution-NonCommercial-NoDerivatives,Bibliothecae.it,2,11,381-403,https://bibliothecae.unibo.it/article/view/16281
http://www.wikidata.org/entity/Q116444213,Dagli indicatori bibliometrici all’analisi qualitativa: la valorizzazione del peer-review nella valutazione della ricerca scientifica,Maria Teresa Biagetti (femmina),2022,fattore di impatto; revisione paritaria; valutazione della ricerca; indicatori bibliometrici,Scopus; Google Scholar; DOAJ; SCImago Journal Rank,10.6092/ISSN.2283-9364/16277,Università di Bologna,Creative Commons Attribution-NonCommercial-NoDerivatives,Bibliothecae.it,2,11,331-349,https://bibliothecae.unibo.it/article/view/16277
http://www.wikidata.org/entity/Q110386778,«Per dare più luce al pio lettore»: riferimenti alle fonti di informazione e trasmissione del sapere nel ricettario artistico di João Stooter (1729-1732),René Lommez Gomes (maschio),2021,bibliografia; storia del libro,Scopus; Google Scholar; DOAJ; SCImago Journal Rank,10.6092/ISSN.2283-9364/14072,Università di Bologna,Creative Commons Attribution-NonCommercial-NoDerivatives,Bibliothecae.it,2,10,362-422,https://bibliothecae.unibo.it/article/view/14072
http://www.wikidata.org/entity/Q113148900,L'analisi delle risorse cartografiche nei modelli concettuali FRBR e IFLA LRM: una rassegna degli studi,Laura Manzoni (femmina),2022,Functional Requirements for Bibliographic Records; cartografia; IFLA Library Reference Model,Scopus; Google Scholar; DOAJ; SCImago Journal Rank,10.6092/ISSN.2283-9364/15080,Università di Bologna,Creative Commons Attribution-NonCommercial-NoDerivatives,Bibliothecae.it,1,11,361-389,https://bibliothecae.unibo.it/article/view/15080
http://www.wikidata.org/entity/Q116444216,"“Le biblioteche dei musei e le biblioteche come musei”: un seminario nell’ambito di RO.ME – Museum Exhibition (Biblioteca Nazionale Centrale di Roma, 16 novembre 2022)",Sara Dinotola (femmina),2022,biblioteca; museo; collezione,Scopus; Google Scholar; DOAJ; SCImago Journal Rank,10.6092/ISSN.2283-9364/16282,Università di Bologna,Creative Commons Attribution-NonCommercial-NoDerivatives,Bibliothecae.it,2,11,404-414,https://bibliothecae.unibo.it/article/view/16282
http://www.wikidata.org/entity/Q119496384,Il “Library Tour” (1948) di Shiyali Ramamrita Ranganathan: la costruzione dell’io bibliotecario indiano attraverso un ‘tour of the West’,Fiammetta Sabba (femmina),2023,biblioteconomia; Ranganathan; bibliotecario,Scopus; Google Scholar; DOAJ; SCImago Journal Rank,10.6092/ISSN.2283-9364/16773,Università di Bologna,Creative Commons Attribution-NonCommercial-NoDerivatives,Bibliothecae.it,1,12,11-43,https://bibliothecae.unibo.it/article/view/16773
http://www.wikidata.org/entity/Q119496386,I concetti di documento e documentazione dal punto di vista ranganathiano,Maria Arminda Damus (femmina),2023,documento; Ranganathan; bibliotecario; documentazione,Scopus; Google Scholar; DOAJ; SCImago Journal Rank,10.6092/ISSN.2283-9364/16774,Università di Bologna,Creative Commons Attribution-NonCommercial-NoDerivatives,Bibliothecae.it,1,12,63-82,https://bibliothecae.unibo.it/article/view/16774
http://www.wikidata.org/entity/Q119496383,"Un convegno internazionale in occasione del 50° anniversario della morte di Ranganathan (1892-1972) (Cremona, Università di Pavia, 23 maggio 2022)",Lucia Sardo (femmina); Carlo Bianchini (maschio),2023,Ranganathan,Scopus; Google Scholar; DOAJ; SCImago Journal Rank,10.6092/ISSN.2283-9364/16772,Università di Bologna,Creative Commons Attribution-NonCommercial-NoDerivatives,Bibliothecae.it,1,12,1-10,https://bibliothecae.unibo.it/article/view/16772
http://www.wikidata.org/entity/Q119496387,"Tra comunicazione scientifica, scienze del documento e Scienza dell’informazione: Ranganathan e la documentazione negli anni ’50 e ’60 del Novecento",Giulia Crippa (femmina),2023,scienza dell'informazione; documento; Ranganathan; documentazione; Decolonialità,Scopus; Google Scholar; DOAJ; SCImago Journal Rank,10.6092/ISSN.2283-9364/16775,Università di Bologna,Creative Commons Attribution-NonCommercial-NoDerivatives,Bibliothecae.it,1,12,83-109,https://bibliothecae.unibo.it/article/view/16775
http://www.wikidata.org/entity/Q119496388,Ranganathan e le associazioni professionali internazionali,Lucia Sardo (femmina),2023,Ranganathan; Istituto internazionale di bibliografia; International Federation of Library Associations and Institutions,Scopus; Google Scholar; DOAJ; SCImago Journal Rank,10.6092/ISSN.2283-9364/16776,Università di Bologna,Creative Commons Attribution-NonCommercial-NoDerivatives,Bibliothecae.it,1,12,110-122,https://bibliothecae.unibo.it/article/view/16776
http://www.wikidata.org/entity/Q119496391,"Geopolitica bibliotecaria: Camerani, Ranganathan e la ricostruzione democratica dell’AIB",Enrico Pio Ardolino (maschio),2023,Ranganathan; Associazione Italiana Biblioteche; International Federation of Library Associations and Institutions; Francesco Barberi; Vittorio Camerani,Scopus; Google Scholar; DOAJ; SCImago Journal Rank,10.6092/ISSN.2283-9364/16783,Università di Bologna,Creative Commons Attribution-NonCommercial-NoDerivatives,Bibliothecae.it,1,12,192-222,https://bibliothecae.unibo.it/article/view/16783
http://www.wikidata.org/entity/Q119496393,L’ applicazione dei Linked Open Data alla creazione dei numeri di libro,Caterina Licul (femmina),2023,web semantico; Classificazione Colon; OpenRefine; data.bnf.fr; linked open data,Scopus; Google Scholar; DOAJ; SCImago Journal Rank,10.6092/ISSN.2283-9364/16785,Università di Bologna,Creative Commons Attribution-NonCommercial-NoDerivatives,Bibliothecae.it,1,12,249-278,https://bibliothecae.unibo.it/article/view/16785
http://www.wikidata.org/entity/Q119496392,Le origini del Reference: analisi e sviluppo del servizio,,2023,servizio di reference; storia della biblioteca,Scopus; Google Scholar; DOAJ; SCImago Journal Rank,10.6092/ISSN.2283-9364/16784,Università di Bologna,Creative Commons Attribution-NonCommercial-NoDerivatives,Bibliothecae.it,1,12,223-248,https://bibliothecae.unibo.it/article/view/16784
http://www.wikidata.org/entity/Q119496385,Ranganathan e la funzione sociale della Bibliografia,Carlo Bianchini (maschio),2023,Ranganathan,Scopus; Google Scholar; DOAJ; SCImago Journal Rank,10.6092/ISSN.2283-9364/16787,Università di Bologna,Creative Commons Attribution-NonCommercial-NoDerivatives,Bibliothecae.it,1,12,44-62,https://bibliothecae.unibo.it/article/view/16787
http://www.wikidata.org/entity/Q119496389,Ranganathan tra il metodo filosofico ed epistemologico: il problema della scientificità della biblioteconomia negli anni ’30 del Novecento,Gustavo Silva Saldanha (maschio),2023,biblioteconomia; Ranganathan,Scopus; Google Scholar; DOAJ; SCImago Journal Rank,10.6092/ISSN.2283-9364/16781,Università di Bologna,Creative Commons Attribution-NonCommercial-NoDerivatives,Bibliothecae.it,1,12,123-153,https://bibliothecae.unibo.it/article/view/16781
http://www.wikidata.org/entity/Q119496390,L’eredità di Ranganathan e le implicazioni delle Five Laws of Library Science sulla biblioteconomia scolastica: uno studio esplorativo,Luisa Marquardt (femmina); Raj Kumar Bhardwaj (maschio),2023,biblioteconomia; Ranganathan; The five laws of library science,Scopus; Google Scholar; DOAJ; SCImago Journal Rank,10.6092/ISSN.2283-9364/16782,Università di Bologna,Creative Commons Attribution-NonCommercial-NoDerivatives,Bibliothecae.it,1,12,154-191,https://bibliothecae.unibo.it/article/view/16782
http://www.wikidata.org/entity/Q119496394,"Una biblioteca vivente: Padma Shri S.R. Ranganathan (1892-1972), l’unico architetto del movimento delle biblioteche indiane",Mohinder Partap Satija (maschio),2023,Ranganathan; biblioteca personale,Scopus; Google Scholar; DOAJ; SCImago Journal Rank,10.6092/ISSN.2283-9364/16786,Università di Bologna,Creative Commons Attribution-NonCommercial-NoDerivatives,Bibliothecae.it,1,12,279-289,https://bibliothecae.unibo.it/article/view/16786
http://www.wikidata.org/entity/Q123925882,La biblioteca di Alessandria e l’incendio che non la distrusse. II: Il Seicento e il Settecento,Luca Tiberi (maschio),2023,Biblioteca di Alessandria; storia della biblioteca,Scopus; Google Scholar; DOAJ; SCImago Journal Rank,10.6092/ISSN.2283-9364/18705,Università di Bologna,Creative Commons Attribution-NonCommercial-NoDerivatives,Bibliothecae.it,2,12,3-201,https://bibliothecae.unibo.it/article/view/18705
http://www.wikidata.org/entity/Q123925883,La biblioteca dell’abbazia di Saint-Sépulcre di Cambrai nel XV secolo: gestione e organizzazione del patrimonio librario,Sara Pretto (femmina),2023,manoscritto; Cambrai; biblioteca monastica,Scopus; Google Scholar; DOAJ; SCImago Journal Rank,10.6092/ISSN.2283-9364/18706,Università di Bologna,Creative Commons Attribution-NonCommercial-NoDerivatives,Bibliothecae.it,2,12,202-228,https://bibliothecae.unibo.it/article/view/18706
http://www.wikidata.org/entity/Q123925884,…nelle nozze del serenissimo don Francesco Medici gran duca di Toscana; et della sereniss. sua consorte la sig. Bianca Cappello… Le due edizioni coeve di Raffaello Gualterotti,Valentina Sonzini (femmina); Rebecca Piacentini (femmina),2023,Casa de' Medici; Bianca Cappello; Filippo Giunta; Raffaello Gualterotti,Scopus; Google Scholar; DOAJ; SCImago Journal Rank,10.6092/ISSN.2283-9364/18707,Università di Bologna,Creative Commons Attribution-NonCommercial-NoDerivatives,Bibliothecae.it,2,12,229-256,https://bibliothecae.unibo.it/article/view/18707
http://www.wikidata.org/entity/Q110386771,"Altri libri, altre scritture: rapporti indigeni",Vinícios Souza de Menezes (maschio),2021,libro; bibliografia; Grafismo indígena,Scopus; Google Scholar; DOAJ; SCImago Journal Rank,10.6092/ISSN.2283-9364/14070,Università di Bologna,Creative Commons Attribution-NonCommercial-NoDerivatives,Bibliothecae.it,2,10,219-254,https://bibliothecae.unibo.it/article/view/14070
http://www.wikidata.org/entity/Q110386773,Dalla bibliografia alla storia del libro… e viceversa! (con il caso di un falso “falso”),Edoardo Barbieri (maschio),2021,bibliografia; storia del libro; storia della bibliografia,Scopus; Google Scholar; DOAJ; SCImago Journal Rank,10.6092/ISSN.2283-9364/14056,Università di Bologna,Creative Commons Attribution-NonCommercial-NoDerivatives,Bibliothecae.it,2,10,255-270,https://bibliothecae.unibo.it/article/view/14056
http://www.wikidata.org/entity/Q123925881,Editoriale,Fiammetta Sabba (femmina),2023,,Scopus; Google Scholar; DOAJ; SCImago Journal Rank,10.6092/ISSN.2283-9364/18704,Università di Bologna,Creative Commons Attribution-NonCommercial-NoDerivatives,Bibliothecae.it,2,12,1-2,https://bibliothecae.unibo.it/article/view/18704
http://www.wikidata.org/entity/Q113148898,Utilizzo del discovery tool dell’Università di Bologna: un’analisi quantitativa e qualitativa,Maura Quaquarelli (femmina),2022,Web scale discovery tool; Atlas.ti,Scopus; Google Scholar; DOAJ; SCImago Journal Rank,10.6092/ISSN.2283-9364/15079,Università di Bologna,Creative Commons Attribution-NonCommercial-NoDerivatives,Bibliothecae.it,1,11,315-360,https://bibliothecae.unibo.it/article/view/15079
http://www.wikidata.org/entity/Q59265395,"Riflessioni, mea culpa e richiesta d’aiuto alla lettura dell’editoriale di Alfredo Serrai nel primo numero della rivista Bibliothecae.it",Grazia Biorci (femmina),2013,bibliotecario; biblioteconomia; storia della biblioteca,Scopus; Google Scholar; DOAJ; SCImago Journal Rank,10.6092/ISSN.2283-9364/5627,Università di Bologna,Creative Commons Attribution-NonCommercial-NoDerivatives,Bibliothecae.it,1,2,271-278,https://bibliothecae.unibo.it/article/view/5627
http://www.wikidata.org/entity/Q60907422,La valutazione delle riviste scientifiche nelle Scienze umane e sociali,Maria Teresa Biagetti (femmina),2019,revisione paritaria; rivista scientifica; Agenzia nazionale di valutazione del sistema universitario e della ricerca; valutazione della ricerca; storia della bibliografia,Scopus; Google Scholar; DOAJ; SCImago Journal Rank,10.6092/ISSN.2283-9364/8954,Università di Bologna,Creative Commons Attribution-NonCommercial-NoDerivatives,Bibliothecae.it,2,7,419-439,https://bibliothecae.unibo.it/article/view/8954
http://www.wikidata.org/entity/Q59265397,Il Digitale deve confrontarsi con la Bibliografia,Fiammetta Sabba (femmina),2013,bibliografia; biblioteca digitale; storia della bibliografia,Scopus; Google Scholar; DOAJ; SCImago Journal Rank,10.6092/ISSN.2283-9364/5629,Università di Bologna,Creative Commons Attribution-NonCommercial-NoDerivatives,Bibliothecae.it,1,2,281-289,https://bibliothecae.unibo.it/article/view/5629
http://www.wikidata.org/entity/Q59281543,Fumosità aporetica del termine “Biblioteca”,Alfredo Serrai (maschio),2012,biblioteca; biblioteconomia; storia della biblioteca,Scopus; Google Scholar; DOAJ; SCImago Journal Rank,10.6092/ISSN.2283-9364/5695,Università di Bologna,Creative Commons Attribution-NonCommercial-NoDerivatives,Bibliothecae.it,1-2,1,191-192,https://bibliothecae.unibo.it/article/view/5695
http://www.wikidata.org/entity/Q60907308,"Notiziari editoriali in Italia nel Novecento. La bibliografia degli editori, tra informazione e pubblicità",Roberta Cesana (femmina),2019,Italia; editoria; storia dell'editoria; storia della bibliografia,Scopus; Google Scholar; DOAJ; SCImago Journal Rank,10.6092/ISSN.2283-9364/8940,Università di Bologna,Creative Commons Attribution-NonCommercial-NoDerivatives,Bibliothecae.it,2,7,111-135,https://bibliothecae.unibo.it/article/view/8940
http://www.wikidata.org/entity/Q59281535,Editoriale,Alfredo Serrai (maschio),2012,biblioteca; bibliotecario; biblioteconomia,Scopus; Google Scholar; DOAJ; SCImago Journal Rank,10.6092/ISSN.2283-9364/5619,Università di Bologna,Creative Commons Attribution-NonCommercial-NoDerivatives,Bibliothecae.it,1-2,1,9-17,https://bibliothecae.unibo.it/article/view/5619
http://www.wikidata.org/entity/Q60907435,Editoriale,Fiammetta Sabba (femmina); Roberta Cesana (femmina),2019,storia della bibliografia,Scopus; Google Scholar; DOAJ; SCImago Journal Rank,10.6092/ISSN.2283-9364/8935,Università di Bologna,Creative Commons Attribution-NonCommercial-NoDerivatives,Bibliothecae.it,2,7,1-7,https://bibliothecae.unibo.it/article/view/8935
http://www.wikidata.org/entity/Q59281536,Esperimenti bibliografici fra Vienna e Zurigo. La corrispondenza fra Hugo Blotius e Johann Jakob Frisius (1576-1589),Paola Molino (femmina),2012,Zurigo; Bibliotheca universalis; Josias Simmler; Conrad Gessner; Hugo Blotius; storia della bibliografia,Scopus; Google Scholar; DOAJ; SCImago Journal Rank,10.6092/ISSN.2283-9364/5620,Università di Bologna,Creative Commons Attribution-NonCommercial-NoDerivatives,Bibliothecae.it,1-2,1,21-67,https://bibliothecae.unibo.it/article/view/5620
http://www.wikidata.org/entity/Q60907392,L'emeroteca digitale nazionale italiana,Andrea De Pasquale (maschio),2019,giornale; rivista; emeroteca; storia della biblioteca; biblioteca digitale,Scopus; Google Scholar; DOAJ; SCImago Journal Rank,10.6092/ISSN.2283-9364/8951,Università di Bologna,Creative Commons Attribution-NonCommercial-NoDerivatives,Bibliothecae.it,2,7,348-370,https://bibliothecae.unibo.it/article/view/8951
http://www.wikidata.org/entity/Q64712105,Libro d’Uccelli in pictura. Uno studio del manoscritto 2 della Biblioteca Universitaria Alessandrina,Chiara Faia (femmina),2019,manoscritto; storia della stampa; Ulisse Aldrovandi; Biblioteca universitaria Alessandrina; fondo speciale; Francesco Maria II della Rovere,Scopus; Google Scholar; DOAJ; SCImago Journal Rank,10.6092/ISSN.2283-9364/9496,Università di Bologna,Creative Commons Attribution-NonCommercial-NoDerivatives,Bibliothecae.it,1,8,4-59,https://bibliothecae.unibo.it/article/view/9496
http://www.wikidata.org/entity/Q59265391,Bibliotheca beniana. Parte I,Alfredo Serrai (maschio),2013,chierici regolari teatini; storia della bibliografia; Paolo Beni,Scopus; Google Scholar; DOAJ; SCImago Journal Rank,10.6092/ISSN.2283-9364/5624,Università di Bologna,Creative Commons Attribution-NonCommercial-NoDerivatives,Bibliothecae.it,1,2,203-254,https://bibliothecae.unibo.it/article/view/5624
http://www.wikidata.org/entity/Q60907285,I periodici bibliografici e biblioteconomici italiani tra Otto e Novecento,Alberto Petrucciani (maschio),2019,bibliografia; biblioteconomia; storia della bibliografia,Scopus; Google Scholar; DOAJ; SCImago Journal Rank,10.6092/ISSN.2283-9364/8937,Università di Bologna,Creative Commons Attribution-NonCommercial-NoDerivatives,Bibliothecae.it,2,7,56-77,https://bibliothecae.unibo.it/article/view/8937
http://www.wikidata.org/entity/Q60907291,Periodici e Bibliografia. Uno sguardo dalle biblioteche private,Giovanna Granata (femmina),2019,bibliografia; rivista letteraria; storia della bibliografia,Scopus; Google Scholar; DOAJ; SCImago Journal Rank,10.6092/ISSN.2283-9364/8938,Università di Bologna,Creative Commons Attribution-NonCommercial-NoDerivatives,Bibliothecae.it,2,7,78-110,https://bibliothecae.unibo.it/article/view/8938
http://www.wikidata.org/entity/Q60907317,The American Library Journal: uno strumento nelle mani di 'Dui',Fabio Venuda (maschio),2019,Melvil Dewey; storia della biblioteca; catalogazione collaborativa,Scopus; Google Scholar; DOAJ; SCImago Journal Rank,10.6092/ISSN.2283-9364/8941,Università di Bologna,Creative Commons Attribution-NonCommercial-NoDerivatives,Bibliothecae.it,2,7,136-171,https://bibliothecae.unibo.it/article/view/8941
http://www.wikidata.org/entity/Q59281539,"Stefano Mozzi Scolari «stampadore e miniatore di stampe di rame» nella Venezia del Seicento: vita, attività, eredi",Alessia Giachery (femmina),2012,stampatore; storia della stampa; Giacomo Piccini,Scopus; Google Scholar; DOAJ; SCImago Journal Rank,10.6092/ISSN.2283-9364/5691,Università di Bologna,Creative Commons Attribution-NonCommercial-NoDerivatives,Bibliothecae.it,1-2,1,93-120,https://bibliothecae.unibo.it/article/view/5691
http://www.wikidata.org/entity/Q60907273,I periodici bibliografici italiani dalle origini: prospettive di un censimento,Fiammetta Sabba (femmina),2019,bibliografia; rivista letteraria; Giornale de' letterati d'Italia; storia della bibliografia,Scopus; Google Scholar; DOAJ; SCImago Journal Rank,10.6092/ISSN.2283-9364/8936,Università di Bologna,Creative Commons Attribution-NonCommercial-NoDerivatives,Bibliothecae.it,2,7,8-55,https://bibliothecae.unibo.it/article/view/8936
http://www.wikidata.org/entity/Q60907331,Bibliografia e bibliografi in Francia: riviste per la circolazione della scienza,Viviane Couzinet (femmina); Patrick Fraysse (maschio),2019,bibliografia; bibliologia; Jean Meyriat; storia della bibliografia,Scopus; Google Scholar; DOAJ; SCImago Journal Rank,10.6092/ISSN.2283-9364/8943,Università di Bologna,Creative Commons Attribution-NonCommercial-NoDerivatives,Bibliothecae.it,2,7,172-197,https://bibliothecae.unibo.it/article/view/8943
http://www.wikidata.org/entity/Q59265392,Sul concetto di Information Literacy. Il ruolo della biblioteca,Stefano Passerini (maschio),2013,information literacy; storia della biblioteca; servizio di reference,Scopus; Google Scholar; DOAJ; SCImago Journal Rank,10.6092/ISSN.2283-9364/5625,Università di Bologna,Creative Commons Attribution-NonCommercial-NoDerivatives,Bibliothecae.it,1,2,255-264,https://bibliothecae.unibo.it/article/view/5625
http://www.wikidata.org/entity/Q59281538,La gerarchia di qualità delle biblioteche. La Biblioteca dei Francescani del Monteripido di Perugia,Alfredo Serrai (maschio),2012,Perugia; biblioteca; storia della biblioteca,Scopus; Google Scholar; DOAJ; SCImago Journal Rank,10.6092/ISSN.2283-9364/5690,Università di Bologna,Creative Commons Attribution-NonCommercial-NoDerivatives,Bibliothecae.it,1-2,1,79-91,https://bibliothecae.unibo.it/article/view/5690
http://www.wikidata.org/entity/Q59281537,"L’essenza, le configurazioni e il livello di qualità delle biblioteche",Alfredo Serrai (maschio),2012,biblioteca; storia della biblioteca,Scopus; Google Scholar; DOAJ; SCImago Journal Rank,10.6092/ISSN.2283-9364/5689,Università di Bologna,Creative Commons Attribution-NonCommercial-NoDerivatives,Bibliothecae.it,1-2,1,69-77,https://bibliothecae.unibo.it/article/view/5689
http://www.wikidata.org/entity/Q60907372,"I periodici bibliografici inglesi: passato, presente e futuro",John Feather (maschio),2019,bibliomania; bibliofilia; storia della bibliografia,Scopus; Google Scholar; DOAJ; SCImago Journal Rank,10.6092/ISSN.2283-9364/8949,Università di Bologna,Creative Commons Attribution-NonCommercial-NoDerivatives,Bibliothecae.it,2,7,300-311,https://bibliothecae.unibo.it/article/view/8949
http://www.wikidata.org/entity/Q60907379,"Titoli, rubriche, notizie: la descrizione dei contenuti dei periodici, tra carenze repertoriali e superficialità catalografica",Rudj Gorian (maschio),2019,bibliografia; rivista; digitalizzazione; storia della bibliografia,Scopus; Google Scholar; DOAJ; SCImago Journal Rank,10.6092/ISSN.2283-9364/8950,Università di Bologna,Creative Commons Attribution-NonCommercial-NoDerivatives,Bibliothecae.it,2,7,312-347,https://bibliothecae.unibo.it/article/view/8950
http://www.wikidata.org/entity/Q60907417,AlmaDL Journals: sfide e opportunità di un servizio editoriale ad accesso aperto,Marialaura Vignocchi (femmina); Piero Grandesso (maschio),2019,open access; biblioteca digitale; storia dell'editoria,Scopus; Google Scholar; DOAJ; SCImago Journal Rank,10.6092/ISSN.2283-9364/8953,Università di Bologna,Creative Commons Attribution-NonCommercial-NoDerivatives,Bibliothecae.it,2,7,398-418,https://bibliothecae.unibo.it/article/view/8953
http://www.wikidata.org/entity/Q59265394,Lettere al Direttore,Alfredo Serrai (maschio),2013,biblioteconomia; lettera all'editore,Scopus; Google Scholar; DOAJ; SCImago Journal Rank,10.6092/ISSN.2283-9364/5626,Università di Bologna,Creative Commons Attribution-NonCommercial-NoDerivatives,Bibliothecae.it,1,2,267-269,https://bibliothecae.unibo.it/article/view/5626
http://www.wikidata.org/entity/Q64712103,"Linguaggi, Codici e Informazione",Alfredo Serrai (maschio),2019,linguaggio; codice; storia della bibliografia,Scopus; Google Scholar; DOAJ; SCImago Journal Rank,10.6092/ISSN.2283-9364/9495,Università di Bologna,Creative Commons Attribution-NonCommercial-NoDerivatives,Bibliothecae.it,1,8,1-3,https://bibliothecae.unibo.it/article/view/9495
http://www.wikidata.org/entity/Q59265396,Dati e Informazione,Alfredo Serrai (maschio),2013,informazione; dato; storia della bibliografia,Scopus; Google Scholar; DOAJ; SCImago Journal Rank,10.6092/ISSN.2283-9364/5628,Università di Bologna,Creative Commons Attribution-NonCommercial-NoDerivatives,Bibliothecae.it,1,2,279-280,https://bibliothecae.unibo.it/article/view/5628
http://www.wikidata.org/entity/Q59281541,...ove dormono depositati. Per una storia della Biblioteca Regionale Universitaria di Catania,Salvina Bosco (femmina),2012,storia della biblioteca; Giovanni Agostino De Cosmi; Biblioteca regionale universitaria di Catania; Salvatore Ventimiglia,Scopus; Google Scholar; DOAJ; SCImago Journal Rank,10.6092/ISSN.2283-9364/5693,Università di Bologna,Creative Commons Attribution-NonCommercial-NoDerivatives,Bibliothecae.it,1-2,1,157-174,https://bibliothecae.unibo.it/article/view/5693
http://www.wikidata.org/entity/Q59281542,Lettere di Francesco Maria II della Rovere ultimo Duca di Urbino,Alfredo Serrai (maschio),2012,Giulio Mazzarino; Ulisse Aldrovandi; Accademia della Crusca; Francesco Maria II della Rovere; epistolario; Paolo Beni; Antonio Querenghi; storia dell'editoria,Scopus; Google Scholar; DOAJ; SCImago Journal Rank,10.6092/ISSN.2283-9364/5694,Università di Bologna,Creative Commons Attribution-NonCommercial-NoDerivatives,Bibliothecae.it,1-2,1,175-187,https://bibliothecae.unibo.it/article/view/5694
http://www.wikidata.org/entity/Q59281540,"La costruzione del mercato del libro a Siena (secoli XVI-XVII): produzione, circolazione, possesso",Nicola Pallecchi (maschio),2012,editoria; Fernando Colombo; commercio di libri; storia dell'editoria,Scopus; Google Scholar; DOAJ; SCImago Journal Rank,10.6092/ISSN.2283-9364/5692,Università di Bologna,Creative Commons Attribution-NonCommercial-NoDerivatives,Bibliothecae.it,1-2,1,121-156,https://bibliothecae.unibo.it/article/view/5692
http://www.wikidata.org/entity/Q60907356,Alla ricerca della bibliografia perduta. Il caso brasiliano,Giulia Crippa (femmina),2019,bibliografia; biblioteconomia; informatica; bibliometria; storia della bibliografia,Scopus; Google Scholar; DOAJ; SCImago Journal Rank,10.6092/ISSN.2283-9364/8947,Università di Bologna,Creative Commons Attribution-NonCommercial-NoDerivatives,Bibliothecae.it,2,7,231-299,https://bibliothecae.unibo.it/article/view/8947
http://www.wikidata.org/entity/Q60907344,Sulla stampa bibliografica in Germania: il progetto Bremer Deutsche Presse,Holger Böning (maschio),2019,rivista; digitalizzazione; storia della bibliografia,Scopus; Google Scholar; DOAJ; SCImago Journal Rank,10.6092/ISSN.2283-9364/8946,Università di Bologna,Creative Commons Attribution-NonCommercial-NoDerivatives,Bibliothecae.it,2,7,198-230,https://bibliothecae.unibo.it/article/view/8946
http://www.wikidata.org/entity/Q60907408,Le riviste di bibliografia e il mondo dell'Open Access: una disamina a partire da DOAJ,Alberto Salarelli (maschio),2019,open access; DOAJ; storia della bibliografia,Scopus; Google Scholar; DOAJ; SCImago Journal Rank,10.6092/ISSN.2283-9364/8952,Università di Bologna,Creative Commons Attribution-NonCommercial-NoDerivatives,Bibliothecae.it,2,7,371-397,https://bibliothecae.unibo.it/article/view/8952
http://www.wikidata.org/entity/Q92593112,Appendice II.,Alfredo Serrai (maschio),2015,,Scopus; Google Scholar; DOAJ; SCImago Journal Rank,10.6092/ISSN.2283-9364/6070,Università di Bologna,Creative Commons Attribution-NonCommercial-NoDerivatives,Bibliothecae.it,2,4,105-114,https://bibliothecae.unibo.it/article/view/6070
http://www.wikidata.org/entity/Q96623075,L'impaginazione di Aldo Manuzio,Koichi Yukishima (maschio),2020,Aldo Manuzio; storia della stampa; storia del libro,Scopus; Google Scholar; DOAJ; SCImago Journal Rank,10.6092/ISSN.2283-9364/11024,Università di Bologna,Creative Commons Attribution-NonCommercial-NoDerivatives,Bibliothecae.it,1,9,11-31,https://bibliothecae.unibo.it/article/view/11024
http://www.wikidata.org/entity/Q92592907,V. Informazioni ed argomenti conclusivi,Alfredo Serrai (maschio),2015,,Scopus; Google Scholar; DOAJ; SCImago Journal Rank,10.6092/ISSN.2283-9364/6068,Università di Bologna,Creative Commons Attribution-NonCommercial-NoDerivatives,Bibliothecae.it,2,4,63-69,https://bibliothecae.unibo.it/article/view/6068
http://www.wikidata.org/entity/Q96623074,Biblioteche e pandemia in un’età secolare,Claudio Leombroni (maschio),2020,,Scopus; Google Scholar; DOAJ; SCImago Journal Rank,10.6092/ISSN.2283-9364/11128,Università di Bologna,Creative Commons Attribution-NonCommercial-NoDerivatives,Bibliothecae.it,1,9,1-10,https://bibliothecae.unibo.it/article/view/11128
http://www.wikidata.org/entity/Q92593206,Documentazione iconografica,Alfredo Serrai (maschio),2015,,Scopus; Google Scholar; DOAJ; SCImago Journal Rank,10.6092/ISSN.2283-9364/6071,Università di Bologna,Creative Commons Attribution-NonCommercial-NoDerivatives,Bibliothecae.it,2,4,115-129,https://bibliothecae.unibo.it/article/view/6071
http://www.wikidata.org/entity/Q96623076,Negli scrigni di monna Caterina: i libri di Stefano di Nello Fatinelli (1419),Elisabetta Guerrieri (femmina),2020,biblioteca privata; Archivio di Stato di Lucca,Scopus; Google Scholar; DOAJ; SCImago Journal Rank,10.6092/ISSN.2283-9364/11040,Università di Bologna,Creative Commons Attribution-NonCommercial-NoDerivatives,Bibliothecae.it,1,9,32-54,https://bibliothecae.unibo.it/article/view/11040
http://www.wikidata.org/entity/Q96623078,Primi cenni sul fondo degli incunaboli della Biblioteca Diocesana di Aosta: con una precisazione bibliografica su un’edizione lionese e il ritrovamento di una cinquecentina italiana sconosciuta,Fabrizio Fossati (maschio),2020,incunabolo; De consolatione philosophiae; Johann Besicken,Scopus; Google Scholar; DOAJ; SCImago Journal Rank,10.6092/ISSN.2283-9364/11025,Università di Bologna,Creative Commons Attribution-NonCommercial-NoDerivatives,Bibliothecae.it,1,9,82-117,https://bibliothecae.unibo.it/article/view/11025
http://www.wikidata.org/entity/Q92593011,Appendice I.,Alfredo Serrai (maschio),2015,,Scopus; Google Scholar; DOAJ; SCImago Journal Rank,10.6092/ISSN.2283-9364/6069,Università di Bologna,Creative Commons Attribution-NonCommercial-NoDerivatives,Bibliothecae.it,2,4,73-104,https://bibliothecae.unibo.it/article/view/6069
http://www.wikidata.org/entity/Q58387647,Una precoce intuizione di Heidegger. Da l’Homme plante al dilemma della musica,Alfredo Serrai (maschio),2017,musica; informatica; illuminismo; Martin Heidegger; storia della bibliografia,Scopus; Google Scholar; DOAJ; SCImago Journal Rank,10.6092/ISSN.2283-9364/7707,Università di Bologna,Creative Commons Attribution-NonCommercial-NoDerivatives,Bibliothecae.it,2,6,392-397,https://bibliothecae.unibo.it/article/view/7707
http://www.wikidata.org/entity/Q58670935,"Litografia, tipografia, calcografia Armanino: primi appunti e documenti",Alice D'Albis (femmina),2017,litografia; tipografia; storia della stampa; calcografia,Scopus; Google Scholar; DOAJ; SCImago Journal Rank,10.6092/ISSN.2283-9364/7040,Università di Bologna,Creative Commons Attribution-NonCommercial-NoDerivatives,Bibliothecae.it,1,6,317-360,https://bibliothecae.unibo.it/article/view/7040
http://www.wikidata.org/entity/Q58670937,"Biblioteche, Archivi, Musei",Alfredo Serrai (maschio),2017,biblioteca; museo; archivio; storia della bibliografia,Scopus; Google Scholar; DOAJ; SCImago Journal Rank,10.6092/ISSN.2283-9364/7041,Università di Bologna,Creative Commons Attribution-NonCommercial-NoDerivatives,Bibliothecae.it,1,6,361-369,https://bibliothecae.unibo.it/article/view/7041
http://www.wikidata.org/entity/Q58773243,Eredità e futuro della tradizione scritta ebraica attraverso l’opera bibliografica di Conrad Gesner,Fiammetta Sabba (femmina),2018,Bibliotheca universalis; Conrad Gessner; letteratura ebraica; storia della bibliografia,Scopus; Google Scholar; DOAJ; SCImago Journal Rank,10.6092/ISSN.2283-9364/8446,Università di Bologna,Creative Commons Attribution-NonCommercial-NoDerivatives,Bibliothecae.it,1,7,105-149,https://bibliothecae.unibo.it/article/view/8446
http://www.wikidata.org/entity/Q58773258,Codici e cultura: il paralogismo di Simmel,Alfredo Serrai (maschio),2018,Martin Heidegger; Georg Simmel; storia della bibliografia,Scopus; Google Scholar; DOAJ; SCImago Journal Rank,10.6092/ISSN.2283-9364/8453,Università di Bologna,Creative Commons Attribution-NonCommercial-NoDerivatives,Bibliothecae.it,1,7,339-347,https://bibliothecae.unibo.it/article/view/8453
http://www.wikidata.org/entity/Q58670929,Lo Storytelling della memoria tra patrimonio e turismo nell’epoca della cultura convergente,Giulia Crippa (femmina),2017,Wikipedia; turismo; patrimonio culturale; narrazione,Scopus; Google Scholar; DOAJ; SCImago Journal Rank,10.6092/ISSN.2283-9364/7029,Università di Bologna,Creative Commons Attribution-NonCommercial-NoDerivatives,Bibliothecae.it,1,6,233-264,https://bibliothecae.unibo.it/article/view/7029
http://www.wikidata.org/entity/Q58773247,Un fastidio inevitabile. La storiografia italiana dell’ultimo decennio sulla censura nella prima Età Moderna (secoli XVI-XVII). Alcune note,Simone Lombardo (maschio),2018,censura; Indice dei libri proibiti; Inquisizione; storia della bibliografia,Scopus; Google Scholar; DOAJ; SCImago Journal Rank,10.6092/ISSN.2283-9364/8448,Università di Bologna,Creative Commons Attribution-NonCommercial-NoDerivatives,Bibliothecae.it,1,7,188-234,https://bibliothecae.unibo.it/article/view/8448
http://www.wikidata.org/entity/Q58387650,Costruzione della documentazione informativa nell'area francofona: rapporto dell'11. Colloquio internazionale d'ISKO-Francia 2017,Andre Vieira de Freitas Araujo (maschio),2017,International Society for Knowledge Organization; storia della bibliografia,Scopus; Google Scholar; DOAJ; SCImago Journal Rank,10.6092/ISSN.2283-9364/7747,Università di Bologna,Creative Commons Attribution-NonCommercial-NoDerivatives,Bibliothecae.it,2,6,408-443,https://bibliothecae.unibo.it/article/view/7747
http://www.wikidata.org/entity/Q58670918,La protezione del Furioso: Ariosto e il sistema dei privilegi in Italia,Erika Squassina (femmina),2017,Ludovico Ariosto; Orlando furioso; storia della stampa,Scopus; Google Scholar; DOAJ; SCImago Journal Rank,10.6092/ISSN.2283-9364/7024,Università di Bologna,Creative Commons Attribution-NonCommercial-NoDerivatives,Bibliothecae.it,1,6,9-38,https://bibliothecae.unibo.it/article/view/7024
http://www.wikidata.org/entity/Q58670922,Il commercio librario a Bologna tra '500 e '600: i librai di Ulisse Aldrovandi,Rita De Tata (femmina),2017,Ulisse Aldrovandi; storia del libro,Scopus; Google Scholar; DOAJ; SCImago Journal Rank,10.6092/ISSN.2283-9364/7025,Università di Bologna,Creative Commons Attribution-NonCommercial-NoDerivatives,Bibliothecae.it,1,6,39-91,https://bibliothecae.unibo.it/article/view/7025
http://www.wikidata.org/entity/Q58670933,Biblioteche Sublacensi,Valentino Romani (maschio),2017,Subiaco; storia della biblioteca; Arnold Pannartz e Conrad Sweinheim,Scopus; Google Scholar; DOAJ; SCImago Journal Rank,10.6092/ISSN.2283-9364/7039,Università di Bologna,Creative Commons Attribution-NonCommercial-NoDerivatives,Bibliothecae.it,1,6,298-316,https://bibliothecae.unibo.it/article/view/7039
http://www.wikidata.org/entity/Q58670932,SBN tra funzioni catalografiche e aspirazioni bibliografiche,Francesca Nepori (femmina),2017,Servizio Bibliotecario Nazionale; OPAC; catalogazione; storia della bibliografia,Scopus; Google Scholar; DOAJ; SCImago Journal Rank,10.6092/ISSN.2283-9364/7030,Università di Bologna,Creative Commons Attribution-NonCommercial-NoDerivatives,Bibliothecae.it,1,6,265-297,https://bibliothecae.unibo.it/article/view/7030
http://www.wikidata.org/entity/Q58773260,Valorizzare il patrimonio culturale attraverso il pubblico dominio. Il Pubblico dominio open festival di Torino come caso di studio,Oriana Bozzarelli (femmina); Valeria Calabrese (femmina); Cecilia Cognigni (femmina); Nunzia Spiccia (femmina); Patrizia Zanetti (femmina),2018,pubblico dominio; diritto d'autore; patrimonio culturale; storia della biblioteca,Scopus; Google Scholar; DOAJ; SCImago Journal Rank,10.6092/ISSN.2283-9364/8455,Università di Bologna,Creative Commons Attribution-NonCommercial-NoDerivatives,Bibliothecae.it,1,7,348-390,https://bibliothecae.unibo.it/article/view/8455
http://www.wikidata.org/entity/Q58379187,Le edizioni datate 1584 dei Ragionamenti di Pietro Aretino,Francesco Terrasi (maschio),2017,Annibale Caro; Pietro Aretino; storia del libro; John Wolfe,Scopus; Google Scholar; DOAJ; SCImago Journal Rank,10.6092/ISSN.2283-9364/7705,Università di Bologna,Creative Commons Attribution-NonCommercial-NoDerivatives,Bibliothecae.it,2,6,307-338,https://bibliothecae.unibo.it/article/view/7705
http://www.wikidata.org/entity/Q58670927,Oltre i termini dell’information retrieval: information discovery e multimedia information retrieval,Roberto Raieli (maschio),2017,web semantico; linked data; information retrieval; storia della bibliografia,Scopus; Google Scholar; DOAJ; SCImago Journal Rank,10.6092/ISSN.2283-9364/7028,Università di Bologna,Creative Commons Attribution-NonCommercial-NoDerivatives,Bibliothecae.it,1,6,178-232,https://bibliothecae.unibo.it/article/view/7028
http://www.wikidata.org/entity/Q58670925,Se i bit non bastano: pratiche di conservazione del contesto di origine per gli archivi letterari nativi digitali,Emmanuela Carbé (femmina); Paul Gabriele Weston (maschio); Primo Baldini (maschio),2017,conservazione digitale,Scopus; Google Scholar; DOAJ; SCImago Journal Rank,10.6092/ISSN.2283-9364/7027,Università di Bologna,Creative Commons Attribution-NonCommercial-NoDerivatives,Bibliothecae.it,1,6,154-177,https://bibliothecae.unibo.it/article/view/7027
http://www.wikidata.org/entity/Q58773249,In margine ai recenti Annali oraziani e a proposito di una miscellanea scolastica parigina,Matteo Fadini (maschio),2018,storia della bibliografia,Scopus; Google Scholar; DOAJ; SCImago Journal Rank,10.6092/ISSN.2283-9364/8449,Università di Bologna,Creative Commons Attribution-NonCommercial-NoDerivatives,Bibliothecae.it,1,7,235-263,https://bibliothecae.unibo.it/article/view/8449
http://www.wikidata.org/entity/Q58387648,"Alcune considerazioni in margine alla mostra “Pompe dei Medici” (Firenze, Palazzo Panciatichi, Consiglio Regionale della Toscana, 5-10 maggio 2017)",Fiammetta Sabba (femmina),2017,Toscana; Casa de' Medici; collezionismo di libri; bibliofilia; storia del libro,Scopus; Google Scholar; DOAJ; SCImago Journal Rank,10.6092/ISSN.2283-9364/7708,Università di Bologna,Creative Commons Attribution-NonCommercial-NoDerivatives,Bibliothecae.it,2,6,398-407,https://bibliothecae.unibo.it/article/view/7708
http://www.wikidata.org/entity/Q58670923,La biblioteca popolare circolante della Società Savonarola di Ferrara. Un caso paradigmatico dell’Italia postunitaria,Ivan Poli (maschio),2017,Italia; storia della biblioteca,Scopus; Google Scholar; DOAJ; SCImago Journal Rank,10.6092/ISSN.2283-9364/7026,Università di Bologna,Creative Commons Attribution-NonCommercial-NoDerivatives,Bibliothecae.it,1,6,92-153,https://bibliothecae.unibo.it/article/view/7026
http://www.wikidata.org/entity/Q58670940,"Fondi e collezioni di persona e personalità negli archivi, nelle biblioteche e nei musei: una risorsa, un’opportunità",Federica Rossi (femmina),2017,biblioteca; museo; archivio; patrimonio culturale; storia della biblioteca,Scopus; Google Scholar; DOAJ; SCImago Journal Rank,10.6092/ISSN.2283-9364/7043,Università di Bologna,Creative Commons Attribution-NonCommercial-NoDerivatives,Bibliothecae.it,1,6,386-424,https://bibliothecae.unibo.it/article/view/7043
http://www.wikidata.org/entity/Q58773251,Uno sguardo sugli strumenti digitali applicati agli archivi: il caso dei software di descrizione archivistica,Giovanni Aprea (maschio),2018,archivistica; software open-source,Scopus; Google Scholar; DOAJ; SCImago Journal Rank,10.6092/ISSN.2283-9364/8450,Università di Bologna,Creative Commons Attribution-NonCommercial-NoDerivatives,Bibliothecae.it,1,7,264-319,https://bibliothecae.unibo.it/article/view/8450
http://www.wikidata.org/entity/Q58379188,La lingua del catalogatore (parte 1). L’autore,Lucia Sardo (femmina),2017,storia della bibliografia; catalogazione,Scopus; Google Scholar; DOAJ; SCImago Journal Rank,10.6092/ISSN.2283-9364/7739,Università di Bologna,Creative Commons Attribution-NonCommercial-NoDerivatives,Bibliothecae.it,2,6,339-383,https://bibliothecae.unibo.it/article/view/7739
http://www.wikidata.org/entity/Q58670939,Enciclopedia e biblioteca in epoca contemporanea,Paolo Traniello (maschio),2017,Encyclopédie; biblioteca pubblica; illuminismo; storia della biblioteca,Scopus; Google Scholar; DOAJ; SCImago Journal Rank,10.6092/ISSN.2283-9364/7042,Università di Bologna,Creative Commons Attribution-NonCommercial-NoDerivatives,Bibliothecae.it,1,6,370-385,https://bibliothecae.unibo.it/article/view/7042
http://www.wikidata.org/entity/Q58773236,"L’informazione, questa sconosciuta",Alfredo Serrai (maschio),2018,storia della bibliografia,Scopus; Google Scholar; DOAJ; SCImago Journal Rank,10.6092/ISSN.2283-9364/8443,Università di Bologna,Creative Commons Attribution-NonCommercial-NoDerivatives,Bibliothecae.it,1,7,1-2,https://bibliothecae.unibo.it/article/view/8443
http://www.wikidata.org/entity/Q58670920,Editoriale. Biblioteche e cultura,Alfredo Serrai (maschio),2017,storia della biblioteca,Scopus; Google Scholar; DOAJ; SCImago Journal Rank,10.6092/ISSN.2283-9364/6989,Università di Bologna,Creative Commons Attribution-NonCommercial-NoDerivatives,Bibliothecae.it,1,6,1-8,https://bibliothecae.unibo.it/article/view/6989
http://www.wikidata.org/entity/Q58773241,Una collana editoriale per la “Bibliografia del Novecento”,Roberta Cesana (femmina),2018,bibliografia; Dante Isella; Vanni Scheiwiller; editoria; storia della bibliografia,Scopus; Google Scholar; DOAJ; SCImago Journal Rank,10.6092/ISSN.2283-9364/8445,Università di Bologna,Creative Commons Attribution-NonCommercial-NoDerivatives,Bibliothecae.it,1,7,58-104,https://bibliothecae.unibo.it/article/view/8445
http://www.wikidata.org/entity/Q58773245,"La cultura scritta e la “porpora”: Fulvio Giulio della Corgna (1517-1583) tra libri, iscrizioni e auto rappresentazione",Leonardo Magionami (maschio),2018,manoscritto; storia della biblioteca; Fulvio Giulio della Corgna,Scopus; Google Scholar; DOAJ; SCImago Journal Rank,10.6092/ISSN.2283-9364/8447,Università di Bologna,Creative Commons Attribution-NonCommercial-NoDerivatives,Bibliothecae.it,1,7,150-187,https://bibliothecae.unibo.it/article/view/8447
http://www.wikidata.org/entity/Q58387646,"Il bilancio sociologico, culturale e scientifico di Johann Georgorg Meusel dell’anno 1799-1800",Alfredo Serrai (maschio),2017,illuminismo; storiografia; storia del libro,Scopus; Google Scholar; DOAJ; SCImago Journal Rank,10.6092/ISSN.2283-9364/7706,Università di Bologna,Creative Commons Attribution-NonCommercial-NoDerivatives,Bibliothecae.it,2,6,384-391,https://bibliothecae.unibo.it/article/view/7706
http://www.wikidata.org/entity/Q58424166,"Si è spenta Bianca Bianconi Tallone, ardimentosa continuatrice dell’arte tipografica manuale. Con apparato fotografico inedito",Maria Gioia Tavoni (femmina),2017,storia dell'editoria,Scopus; Google Scholar; DOAJ; SCImago Journal Rank,10.6092/ISSN.2283-9364/7741,Università di Bologna,Creative Commons Attribution-NonCommercial-NoDerivatives,Bibliothecae.it,2,6,444-452,https://bibliothecae.unibo.it/article/view/7741
http://www.wikidata.org/entity/Q58773238,Tracce di una 'antica ed importante' Biblioteca: la Biblioteca dei Marchesi Raffaelli di Cingoli,Giovanna Granata (femmina),2018,storia della biblioteca,Scopus; Google Scholar; DOAJ; SCImago Journal Rank,10.6092/ISSN.2283-9364/8444,Università di Bologna,Creative Commons Attribution-NonCommercial-NoDerivatives,Bibliothecae.it,1,7,3-57,https://bibliothecae.unibo.it/article/view/8444
http://www.wikidata.org/entity/Q58773254,La sepoltura irrituale di Pietro Canneti: enigma da risolvere,Alfredo Serrai (maschio),2018,storia della biblioteca; Giovanni Bianchi; Biblioteca comunale Classense; Giambattista Canneti,Scopus; Google Scholar; DOAJ; SCImago Journal Rank,10.6092/ISSN.2283-9364/8452,Università di Bologna,Creative Commons Attribution-NonCommercial-NoDerivatives,Bibliothecae.it,1,7,326-338,https://bibliothecae.unibo.it/article/view/8452
http://www.wikidata.org/entity/Q58773253,Valutare la storia,Alfredo Serrai (maschio),2018,storia; storiografia; Giacomo Leopardi; storia della bibliografia,Scopus; Google Scholar; DOAJ; SCImago Journal Rank,10.6092/ISSN.2283-9364/8451,Università di Bologna,Creative Commons Attribution-NonCommercial-NoDerivatives,Bibliothecae.it,1,7,320-325,https://bibliothecae.unibo.it/article/view/8451
http://www.wikidata.org/entity/Q59137266,Origines typographicae: le origini europee della tipografia italiana,Valentino Romani (maschio),2015,Johannes Gutenberg; storia della stampa; Arnold Pannartz e Conrad Sweinheim,Scopus; Google Scholar; DOAJ; SCImago Journal Rank,10.6092/ISSN.2283-9364/5788,Università di Bologna,Creative Commons Attribution-NonCommercial-NoDerivatives,Bibliothecae.it,1,4,115-122,https://bibliothecae.unibo.it/article/view/5788
http://www.wikidata.org/entity/Q59154968,Storia delle biblioteche. Parte II,Alfredo Serrai (maschio),2014,British Library; Biblioteca del Congresso; storia della biblioteca; Gabriel Naudé; Bibliothèque du roi; Pierre Grégoire; Advis pour dresser une bibliothèque,Scopus; Google Scholar; DOAJ; SCImago Journal Rank,10.6092/ISSN.2283-9364/5766,Università di Bologna,Creative Commons Attribution-NonCommercial-NoDerivatives,Bibliothecae.it,2,3,161-186,https://bibliothecae.unibo.it/article/view/5766
http://www.wikidata.org/entity/Q59096094,Editoriale,Fiammetta Sabba (femmina); Anna Giulia Cavagna (femmina),2016,,Scopus; Google Scholar; DOAJ; SCImago Journal Rank,10.6092/ISSN.2283-9364/6102,Università di Bologna,Creative Commons Attribution-NonCommercial-NoDerivatives,Bibliothecae.it,1,5,3-5,https://bibliothecae.unibo.it/article/view/6102
http://www.wikidata.org/entity/Q59137268,“Cantiere Documentazione”,Fiammetta Sabba (femmina),2015,informazione; documentazione; storia della bibliografia,Scopus; Google Scholar; DOAJ; SCImago Journal Rank,10.6092/ISSN.2283-9364/5790,Università di Bologna,Creative Commons Attribution-NonCommercial-NoDerivatives,Bibliothecae.it,1,4,151-165,https://bibliothecae.unibo.it/article/view/5790
http://www.wikidata.org/entity/Q59137262,Per una storia delle biblioteche conventuali della Provincia dei Cappuccini di Genova,Francesca Nepori (femmina),2015,Ordine dei frati minori cappuccini; storia della biblioteca,Scopus; Google Scholar; DOAJ; SCImago Journal Rank,10.6092/ISSN.2283-9364/5786,Università di Bologna,Creative Commons Attribution-NonCommercial-NoDerivatives,Bibliothecae.it,1,4,57-95,https://bibliothecae.unibo.it/article/view/5786
http://www.wikidata.org/entity/Q59154963,Cultura,Alfredo Serrai (maschio),2014,cultura; storia della bibliografia,Scopus; Google Scholar; DOAJ; SCImago Journal Rank,10.6092/ISSN.2283-9364/5721,Università di Bologna,Creative Commons Attribution-NonCommercial-NoDerivatives,Bibliothecae.it,2,3,11-12,https://bibliothecae.unibo.it/article/view/5721
http://www.wikidata.org/entity/Q59154965,Per una storia delle librarie claustrali soppresse a Perugia tra il periodo giacobino e l’Unità d’Italia (1798-1866): il ruolo di Luigi Canali nella tutela del «lusso bibliografico» cittadino,Paolo Renzi (maschio),2014,Italia; Perugia; storia della biblioteca; Biblioteca comunale Augusta; Luigi Canali,Scopus; Google Scholar; DOAJ; SCImago Journal Rank,10.6092/ISSN.2283-9364/5727,Università di Bologna,Creative Commons Attribution-NonCommercial-NoDerivatives,Bibliothecae.it,2,3,55-124,https://bibliothecae.unibo.it/article/view/5727
http://www.wikidata.org/entity/Q59154969,I canali di acquisizione libraria negli ordini di chierici regolari.Il caso della Compagnia di Gesù,Natale Vacalebre (maschio),2014,Compagnia di Gesù; storia della biblioteca; acquisizione,Scopus; Google Scholar; DOAJ; SCImago Journal Rank,10.6092/ISSN.2283-9364/5767,Università di Bologna,Creative Commons Attribution-NonCommercial-NoDerivatives,Bibliothecae.it,2,3,187-202,https://bibliothecae.unibo.it/article/view/5767
http://www.wikidata.org/entity/Q59137259,Riflessioni sulle biblioteche,Alfredo Serrai (maschio),2015,storia della biblioteca,Scopus; Google Scholar; DOAJ; SCImago Journal Rank,10.6092/ISSN.2283-9364/5774,Università di Bologna,Creative Commons Attribution-NonCommercial-NoDerivatives,Bibliothecae.it,1,4,11-16,https://bibliothecae.unibo.it/article/view/5774
http://www.wikidata.org/entity/Q59137260,Storia delle biblioteche e Storia della biblioteca,Alfredo Serrai (maschio),2015,bibliografia; Biblioteche antiche; storia della biblioteca,Scopus; Google Scholar; DOAJ; SCImago Journal Rank,10.6092/ISSN.2283-9364/5784,Università di Bologna,Creative Commons Attribution-NonCommercial-NoDerivatives,Bibliothecae.it,1,4,19-35,https://bibliothecae.unibo.it/article/view/5784
http://www.wikidata.org/entity/Q59137270,"Lost Books. Convegno internazionale, St Andrews (UK),19-21 giugno 2014",Flavia Bruni (femmina),2015,British Library; Hans Sloane; storia della stampa; incunabolo; Cassiano dal Pozzo; Gesamtkatalog der Wiegendrucke,Scopus; Google Scholar; DOAJ; SCImago Journal Rank,10.6092/ISSN.2283-9364/5791,Università di Bologna,Creative Commons Attribution-NonCommercial-NoDerivatives,Bibliothecae.it,1,4,167-175,https://bibliothecae.unibo.it/article/view/5791
http://www.wikidata.org/entity/Q59154967,Dalla teologia di Ulrich Zwingli la nascita della BibliografaUniversale,Alfredo Serrai (maschio),2014,Conrad Gessner; Huldrych Zwingli; bibliografia; storia della bibliografia,Scopus; Google Scholar; DOAJ; SCImago Journal Rank,10.6092/ISSN.2283-9364/5765,Università di Bologna,Creative Commons Attribution-NonCommercial-NoDerivatives,Bibliothecae.it,2,3,155-160,https://bibliothecae.unibo.it/article/view/5765
http://www.wikidata.org/entity/Q59154964,La Biblioteca Vaticana nel De bibliothecis antiquis di Andrea Fulvio: un nuovo modello di realtà bibliotecaria,Diego Baldi (maschio),2014,Biblioteca Apostolica Vaticana; storia della biblioteca; Andrea Fulvio; Francesco Albertini,Scopus; Google Scholar; DOAJ; SCImago Journal Rank,10.6092/ISSN.2283-9364/5794,Università di Bologna,Creative Commons Attribution-NonCommercial-NoDerivatives,Bibliothecae.it,2,3,15-53,https://bibliothecae.unibo.it/article/view/5794
http://www.wikidata.org/entity/Q59154971,Introduzione a RDA (Resource Description and Access): alcune riflessioni sulla monografia di Carlo Bianchini e Mauro Guerrini,Tania Chiacchieroni (femmina),2014,Functional Requirements for Bibliographic Records; monografia; Resource Description and Access; Introduzione a RDA : linee guida per rappresentare e scoprire le risorse; storia della bibliografia; UNIMARC; catalogazione,Scopus; Google Scholar; DOAJ; SCImago Journal Rank,10.6092/ISSN.2283-9364/5768,Università di Bologna,Creative Commons Attribution-NonCommercial-NoDerivatives,Bibliothecae.it,2,3,205-210,https://bibliothecae.unibo.it/article/view/5768
http://www.wikidata.org/entity/Q59154966,Bibliografia e Biblioteca,Alfredo Serrai (maschio),2014,Conrad Gessner; Josias Simmler; bibliografia; Conrad Lycosthenes; Johann Jacob Frisius; storia della bibliografia,Scopus; Google Scholar; DOAJ; SCImago Journal Rank,10.6092/ISSN.2283-9364/5731,Università di Bologna,Creative Commons Attribution-NonCommercial-NoDerivatives,Bibliothecae.it,2,3,125-151,https://bibliothecae.unibo.it/article/view/5731
http://www.wikidata.org/entity/Q59137261,"«Amabo te, mi Murete». Le lettere di Paolo Manuzio a Marc’Antoine Muret e il gesuita Pietro Lazzari. Con documenti inediti",Lorenzo Mancini (maschio),2015,Pontificia Università Gregoriana; Paolo Manuzio; Marc-Antoine Muret; Pietro Lazzari; storia dell'editoria,Scopus; Google Scholar; DOAJ; SCImago Journal Rank,10.6092/ISSN.2283-9364/5785,Università di Bologna,Creative Commons Attribution-NonCommercial-NoDerivatives,Bibliothecae.it,1,4,37-55,https://bibliothecae.unibo.it/article/view/5785
http://www.wikidata.org/entity/Q59137264,Il progetto di un ‘Bibliocentro’ della Camera di Commercio di Roma,Fiammetta Sabba (femmina),2015,Servizio Bibliotecario Nazionale; storia della biblioteca; documentazione,Scopus; Google Scholar; DOAJ; SCImago Journal Rank,10.6092/ISSN.2283-9364/5787,Università di Bologna,Creative Commons Attribution-NonCommercial-NoDerivatives,Bibliothecae.it,1,4,97-111,https://bibliothecae.unibo.it/article/view/5787
http://www.wikidata.org/entity/Q59137272,"Meanwhile in England: tra scritture, epistole e storia della stampa a Birmingham",Claudia Catalano (femmina),2015,calligrafia; Thomas Bewick; storia della stampa; William Caslon,Scopus; Google Scholar; DOAJ; SCImago Journal Rank,10.6092/ISSN.2283-9364/5792,Università di Bologna,Creative Commons Attribution-NonCommercial-NoDerivatives,Bibliothecae.it,1,4,177-180,https://bibliothecae.unibo.it/article/view/5792
http://www.wikidata.org/entity/Q59137267,Una banca dati per il Poliflo: la catalogazione dei contributi,Linda Barcaioli (femmina),2015,storia della stampa; Hypnerotomachia Poliphili; Aldo Manuzio,Scopus; Google Scholar; DOAJ; SCImago Journal Rank,10.6092/ISSN.2283-9364/5789,Università di Bologna,Creative Commons Attribution-NonCommercial-NoDerivatives,Bibliothecae.it,1,4,123-147,https://bibliothecae.unibo.it/article/view/5789
http://www.wikidata.org/entity/Q109854500,Quando gli specchi tradiscono le immagini. Riflessi rubati nelle distopie del XX secolo,Pantaleo Mazzitello (maschio),2014,,Emerging Sources Citation Index,,Università di Parma,Creative Commons Attribution-NonCommercial-NoDerivatives,,,,,
http://www.wikidata.org/entity/Q109854590,Mostre al femminile: Romana Loda e l’arte delle donne nell’Italia degli anni Settanta,Raffaella Perna (femmina),2015,,Emerging Sources Citation Index,,Università di Parma,Creative Commons Attribution-NonCommercial-NoDerivatives,,,,,http://www.ricerchedisconfine.info/VI-1/PERNA.htm
http://www.wikidata.org/entity/Q109854495,I would prefer not to. A taxonomy of artists without works,,2014,,Emerging Sources Citation Index,,Università di Parma,Creative Commons Attribution-NonCommercial-NoDerivatives,,,,,http://www.ricerchedisconfine.info/index.htm
http://www.wikidata.org/entity/Q109854491,MoRE Museum. Ceci n’est pas un musée,Elisabetta Modena (femmina),2014,,Emerging Sources Citation Index,,Università di Parma,Creative Commons Attribution-NonCommercial-NoDerivatives,,,,,http://www.ricerchedisconfine.info/index.htm
http://www.wikidata.org/entity/Q109854567,La Foscarina nello specchio dell’eternità. Due foto di Eleonora Duse al Vittoriale,Maria Pia Pagani (femmina),2014,,Emerging Sources Citation Index,,Università di Parma,Creative Commons Attribution-NonCommercial-NoDerivatives,,,,,
http://www.wikidata.org/entity/Q109854579,"Lo specchio, il doppio, la superficie riflettente sono, anche grazie alle evidenti implicazioni",Paolo Rinoldi (maschio),2014,,Emerging Sources Citation Index,,Università di Parma,Creative Commons Attribution-NonCommercial-NoDerivatives,,,,,
http://www.wikidata.org/entity/Q109854566,I Gemelli come specchi viventi,Elisabetta Longari (femmina),2014,,Emerging Sources Citation Index,,Università di Parma,Creative Commons Attribution-NonCommercial-NoDerivatives,,,,,
http://www.wikidata.org/entity/Q109854580,Dall’exhibit alla performance: tracce di sinergie creative dannunziane,Maria Pia Pagani (femmina),2015,,Emerging Sources Citation Index,,Università di Parma,Creative Commons Attribution-NonCommercial-NoDerivatives,,,,,http://www.ricerchedisconfine.info/VI-1/PAGANI.htm
http://www.wikidata.org/entity/Q109854487,"Nel e per il sociale: dall’effimero al non realizzato, un patrimonio artistico sommerso",Ugo La Pietra (maschio),2014,,Emerging Sources Citation Index,,Università di Parma,Creative Commons Attribution-NonCommercial-NoDerivatives,,,,,http://www.ricerchedisconfine.info/index.htm
http://www.wikidata.org/entity/Q109854565,"Maurizio Cattelan, Il doppio.",,2014,,Emerging Sources Citation Index,,Università di Parma,Creative Commons Attribution-NonCommercial-NoDerivatives,,,,,
http://www.wikidata.org/entity/Q109854575,Lo specchio magico di Ingres. Riflessioni sul tema della “alterità” psicologica in alcuni ritratti femminili del pittore di Montauban,Marina Degl'Innocenti (femmina),2014,,Emerging Sources Citation Index,,Università di Parma,Creative Commons Attribution-NonCommercial-NoDerivatives,,,,,
http://www.wikidata.org/entity/Q109854582,Il suono e l’ambiente come circostanza. Il contributo della mostra Sonorità Prospettiche alla definizione di Sound Art,Jennifer Malvezzi (femmina),2017,,Emerging Sources Citation Index,,Università di Parma,Creative Commons Attribution-NonCommercial-NoDerivatives,,,,,http://www.ricerchedisconfine.info/VI-1/MALVEZZI.htm
http://www.wikidata.org/entity/Q109854597,L’Aquila 1962. “Alternative Attuali” e l’idea di “mostra-saggio”,Luca Pietro Nicoletti (maschio),2015,,Emerging Sources Citation Index,,Università di Parma,Creative Commons Attribution-NonCommercial-NoDerivatives,,,,,http://www.ricerchedisconfine.info/VI-1/NICOLETTI.htm
http://www.wikidata.org/entity/Q109854497,«Là dove le cose cominciano». Archivi e musei del tempo presente,Stefania Zuliani (femmina),2014,,Emerging Sources Citation Index,,Università di Parma,Creative Commons Attribution-NonCommercial-NoDerivatives,,,,,http://www.ricerchedisconfine.info/index.htm
http://www.wikidata.org/entity/Q109854489,Installazioni come opere irrealizzate: appunti su una metodologia per la conservazione,Iolandi Ratti (femmina),2014,,Emerging Sources Citation Index,,Università di Parma,Creative Commons Attribution-NonCommercial-NoDerivatives,,,,,http://www.ricerchedisconfine.info/index.htm
http://www.wikidata.org/entity/Q109854494,"Un lavoro infinito, dal nastro magnetico al file",Mario Gorni (maschio),2014,,Emerging Sources Citation Index,,Università di Parma,Creative Commons Attribution-NonCommercial-NoDerivatives,,,,,http://www.ricerchedisconfine.info/index.htm
http://www.wikidata.org/entity/Q109854499,Unbuilt art. Appunti per un dibattito sul non realizzato,Marco Scotti (maschio),2014,,Emerging Sources Citation Index,,Università di Parma,Creative Commons Attribution-NonCommercial-NoDerivatives,,,,,http://www.ricerchedisconfine.info/index.htm
http://www.wikidata.org/entity/Q109854573,Sophie Calle. Autoritratto allo specchio: abbi cura di te,Elisabetta Modena (femmina),2014,,Emerging Sources Citation Index,,Università di Parma,Creative Commons Attribution-NonCommercial-NoDerivatives,,,,,
http://www.wikidata.org/entity/Q109854586,Manifesta - The European Biennial of Contemporary Art,Stefania Zuliani (femmina),2017,,Emerging Sources Citation Index,,Università di Parma,Creative Commons Attribution-NonCommercial-NoDerivatives,,,,,http://www.ricerchedisconfine.info/VI-1/ZULIANI.htm
http://www.wikidata.org/entity/Q109854596,"Tra l’esporre e l’esporsi: dalla rappresentazione alla performance, nuovi approcci alla nozione contemporanea di esposizione.",Gaia Clotilde Chernetich (femmina),2015,,Emerging Sources Citation Index,,Università di Parma,Creative Commons Attribution-NonCommercial-NoDerivatives,,,,,http://www.ricerchedisconfine.info/VI-1/CHERNETICH.htm
http://www.wikidata.org/entity/Q109854488,Tra arte e letteratura: Il museo dell’Innocenza di Orhan Pamuk,Roberto Pinto (maschio),2014,,Emerging Sources Citation Index,,Università di Parma,Creative Commons Attribution-NonCommercial-NoDerivatives,,,,,http://www.ricerchedisconfine.info/index.htm
http://www.wikidata.org/entity/Q109854583,Arte Import/Export. Il caso della Galleria Niccoli e l’attività espositiva del Centro per l’Arte Contemporanea Italia Giappone,Martina Mariani (femmina),2017,,Emerging Sources Citation Index,,Università di Parma,Creative Commons Attribution-NonCommercial-NoDerivatives,,,,,http://www.ricerchedisconfine.info/VI-1/MARIANI.htm
http://www.wikidata.org/entity/Q109854578,Specchiarsi nello schermo. Specchio e cinema come “metafore identitarie” ne la Glace à trois faces di Jean Epstein,Livio Lepratto (maschio),2014,,Emerging Sources Citation Index,,Università di Parma,Creative Commons Attribution-NonCommercial-NoDerivatives,,,,,
http://www.wikidata.org/entity/Q109854598,"Caravaggio a Milano, 1951. Il dibattito sulla carta stampata: critica e militanza",Alessandra Casati (femmina),2015,,Emerging Sources Citation Index,,Università di Parma,Creative Commons Attribution-NonCommercial-NoDerivatives,,,,,http://www.ricerchedisconfine.info/VI-1/CASATI.htm
http://www.wikidata.org/entity/Q109854594,Le pratiche espositive e le opere complesse: alcuni casi nei musei italiani,Alessandra Piatti (femmina),2015,,Emerging Sources Citation Index,,Università di Parma,Creative Commons Attribution-NonCommercial-NoDerivatives,,,,,http://www.ricerchedisconfine.info/VI-1/PIATTI.htm
http://www.wikidata.org/entity/Q109854584,Uno scenario da film: la “Mostra del Lazio” di Armando Brasini,Aurora Roscini Vitali (femmina),2015,,Emerging Sources Citation Index,,Università di Parma,Creative Commons Attribution-NonCommercial-NoDerivatives,,,,,http://www.ricerchedisconfine.info/VI-1/ROSCINI.htm
http://www.wikidata.org/entity/Q109854485,Una proposta per l'arte contemporanea: il Museo dei Progetti,Marina Pugliese (femmina),2014,,Emerging Sources Citation Index,,Università di Parma,Creative Commons Attribution-NonCommercial-NoDerivatives,,,,,http://www.ricerchedisconfine.info/index.htm
http://www.wikidata.org/entity/Q109854570,Editoriale,,2014,,Emerging Sources Citation Index,,Università di Parma,Creative Commons Attribution-NonCommercial-NoDerivatives,,,,,
http://www.wikidata.org/entity/Q109854574,Lo specchio come strumento di riflessione del Sé e sul Sé,Paola Corsano (femmina),2014,,Emerging Sources Citation Index,,Università di Parma,Creative Commons Attribution-NonCommercial-NoDerivatives,,,,,http://hdl.handle.net/1889/2670
http://www.wikidata.org/entity/Q109854587,"Esporre il femminile. L’Esposizione Beatrice (Firenze, 1890)",Emanuela Soldi (femmina),2015,,Emerging Sources Citation Index,,Università di Parma,Creative Commons Attribution-NonCommercial-NoDerivatives,,,,,http://www.ricerchedisconfine.info/VI-1/SOLDI.htm
http://www.wikidata.org/entity/Q109854593,A proposito della ripetizione della Ripetizione differente: il reenactment delle mostre,Elena Di Raddo (femmina),2017,,Emerging Sources Citation Index,,Università di Parma,Creative Commons Attribution-NonCommercial-NoDerivatives,,,,,http://www.ricerchedisconfine.info/VI-1/DIRADDO.htm
http://www.wikidata.org/entity/Q109854592,Luoghi dove la gente abita,Federica Boragina (femmina),2017,,Emerging Sources Citation Index,,Università di Parma,Creative Commons Attribution-NonCommercial-NoDerivatives,,,,,http://www.ricerchedisconfine.info/VI-1/BORAGINA.htm
http://www.wikidata.org/entity/Q109854484,Vorrei ma non posso. L'esperienza del non realizzato nella pratica artistica contemporanea. Un’intervista con Luca Trevisani,Luca Trevisani (maschio),2014,,Emerging Sources Citation Index,,Università di Parma,Creative Commons Attribution-NonCommercial-NoDerivatives,,,,,http://www.ricerchedisconfine.info/index.htm
http://www.wikidata.org/entity/Q109854568,“Il Cigno nero” di Darren Aronofsky. Lo specchio come indagine psicanalitica sulla pazzia,Francesca Casella (femmina),2014,,Emerging Sources Citation Index,,Università di Parma,Creative Commons Attribution-NonCommercial-NoDerivatives,,,,,
http://www.wikidata.org/entity/Q109854571,Intervista a Vittorio Gallese,Vittorio Gallese (maschio),2014,,Emerging Sources Citation Index,,Università di Parma,Creative Commons Attribution-NonCommercial-NoDerivatives,,,,,
http://www.wikidata.org/entity/Q109854588,"Quasi una mostra. Wart Arslan, Giulio Carlo Argan e l’allestimento del Museo dell’Alto Adige tra propaganda e museografia, 1933-1939",Gianpaolo Angelini (maschio),2015,,Emerging Sources Citation Index,,Università di Parma,Creative Commons Attribution-NonCommercial-NoDerivatives,,,,,http://hdl.handle.net/1889/3258
http://www.wikidata.org/entity/Q123925891,Edizioni a stampa in greco da un convento torinese nella Biblioteca Nazionale Universitaria di Torino,Erika Elia (femmina),2023,Typikon; storia della biblioteca; Biblioteca Nazionale Universitaria di Torino; Andrea Spinelli,Scopus; Google Scholar; DOAJ; SCImago Journal Rank,10.6092/ISSN.2283-9364/18715,Università di Bologna,Creative Commons Attribution-NonCommercial-NoDerivatives,Bibliothecae.it,2,12,464-489,https://bibliothecae.unibo.it/article/view/18715
http://www.wikidata.org/entity/Q123925890,"Digital Library di dipartimento: da collettore di risorse digitali a strumento per la ricerca, la didattica e la terza missione",Francesca Tomasi (femmina); Paolo Bonora (maschio); Lucia Giagnolini (femmina); Alessandra Di Tella (femmina),2023,biblioteca digitale; digitalizzazione; biblioteca universitaria,Scopus; Google Scholar; DOAJ; SCImago Journal Rank,10.6092/ISSN.2283-9364/18712,Università di Bologna,Creative Commons Attribution-NonCommercial-NoDerivatives,Bibliothecae.it,2,12,443-463,https://bibliothecae.unibo.it/article/view/18712
http://www.wikidata.org/entity/Q123925888,"L’ Archivio della Biblioteca Universitaria di Cagliari: formazione, organizzazione e struttura del carteggio amministrativo (1870-1955)",Andrea Pergola (maschio),2023,Cagliari; archivio; biblioteca universitaria,Scopus; Google Scholar; DOAJ; SCImago Journal Rank,10.6092/ISSN.2283-9364/18710,Università di Bologna,Creative Commons Attribution-NonCommercial-NoDerivatives,Bibliothecae.it,2,12,353-384,https://bibliothecae.unibo.it/article/view/18710
http://www.wikidata.org/entity/Q123925889,Informazione e causazione: due enigmi che si chiariscono a vicenda,Riccardo Ridi (maschio),2023,causalità; Monismo neutrale; principio di ragion sufficiente,Scopus; Google Scholar; DOAJ; SCImago Journal Rank,10.6092/ISSN.2283-9364/18711,Università di Bologna,Creative Commons Attribution-NonCommercial-NoDerivatives,Bibliothecae.it,2,12,385-442,https://bibliothecae.unibo.it/article/view/18711
http://www.wikidata.org/entity/Q123925894,"Storia della competizione editoriale, tra politiche di collana e strategie di mercato",Roberta Cesana (femmina),2023,collana editoriale; storia dell'editoria,Scopus; Google Scholar; DOAJ; SCImago Journal Rank,10.6092/ISSN.2283-9364/18718,Università di Bologna,Creative Commons Attribution-NonCommercial-NoDerivatives,Bibliothecae.it,2,12,561-572,https://bibliothecae.unibo.it/article/view/18718
http://www.wikidata.org/entity/Q123925892,"Stratificazioni, frammentazioni e dispersioni: note bibliografiche per una storia ragionata della Biblioteca del Liceo Classico e Musicale «F. Petrarca» di Arezzo",Maria Chiara Milighetti (femmina),2023,Arezzo; Compagnia di Gesù; storia della biblioteca; Liceo Ginnasio Statale F. Petrarca,Scopus; Google Scholar; DOAJ; SCImago Journal Rank,10.6092/ISSN.2283-9364/18716,Università di Bologna,Creative Commons Attribution-NonCommercial-NoDerivatives,Bibliothecae.it,2,12,490-528,https://bibliothecae.unibo.it/article/view/18716
http://www.wikidata.org/entity/Q123925893,"Libera la cultura dal fango (alluvione in Romagna, 2023): biblioteche da salvare",Elisabetta Capobianco (femmina); Giada Depoli (femmina); Silvia Dessì (femmina); Margherita Robecchi (femmina); Rossana Di Feo (femmina); Silvia Taschetta (femmina); Salvatore De Vita (maschio),2023,bibliotecario; alluvione dell'Emilia-Romagna del 2023,Scopus; Google Scholar; DOAJ; SCImago Journal Rank,10.6092/ISSN.2283-9364/18717,Università di Bologna,Creative Commons Attribution-NonCommercial-NoDerivatives,Bibliothecae.it,2,12,529-560,https://bibliothecae.unibo.it/article/view/18717
http://www.wikidata.org/entity/Q123925895,Le collezioni delle biblioteche nella prospettiva della “biblioteconomia critica” statunitense,Francesco Giuseppe Meliti (maschio),2023,UNESCO; biblioteconomia; International Federation of Library Associations and Institutions,Scopus; Google Scholar; DOAJ; SCImago Journal Rank,10.6092/ISSN.2283-9364/18719,Università di Bologna,Creative Commons Attribution-NonCommercial-NoDerivatives,Bibliothecae.it,2,12,573-590,https://bibliothecae.unibo.it/article/view/18719
http://www.wikidata.org/entity/Q123925898,Libri e biblioteca di casa. Intervista a cura di Fiammetta Sabba (giugno-agosto 2023),Dacia Maraini (femmina),2023,biblioteca privata,Scopus; Google Scholar; DOAJ; SCImago Journal Rank,10.6092/ISSN.2283-9364/18722,Università di Bologna,Creative Commons Attribution-NonCommercial-NoDerivatives,Bibliothecae.it,2,12,597-602,https://bibliothecae.unibo.it/article/view/18722
http://www.wikidata.org/entity/Q123925896,Dopo Le Monnier: contributi di Alessandro Manzoni alla legislazione sul diritto d’autore,Paolo Traniello (maschio),2023,Alessandro Manzoni; diritto d'autore; storia dell'editoria,Scopus; Google Scholar; DOAJ; SCImago Journal Rank,10.6092/ISSN.2283-9364/18720,Università di Bologna,Creative Commons Attribution-NonCommercial-NoDerivatives,Bibliothecae.it,2,12,591-595,https://bibliothecae.unibo.it/article/view/18720
http://www.wikidata.org/entity/Q123925897,Alberto Petrucciani (♱ 10 Settembre 2023),Alfredo Serrai (maschio),2023,Alberto Petrucciani,Scopus; Google Scholar; DOAJ; SCImago Journal Rank,10.6092/ISSN.2283-9364/18721,Università di Bologna,Creative Commons Attribution-NonCommercial-NoDerivatives,Bibliothecae.it,2,12,596-596,https://bibliothecae.unibo.it/article/view/18721
http://www.wikidata.org/entity/Q123934448,"Prolegomeni allo studio dei corali di Santa Maria del Popolo, spigolature dalle fonti documentarie e uno sguardo a due (inediti) graduali miniati dal Maestro del Messale Barbo",Lucrezia Signorello (femmina),2023,Ordine di Sant'Agostino; basilica di Santa Maria del Popolo,Scopus; Google Scholar; DOAJ; SCImago Journal Rank,10.6092/ISSN.2283-9364/18713,Università di Bologna,Creative Commons Attribution-NonCommercial-NoDerivatives,Bibliothecae.it,2,12,257-305,https://bibliothecae.unibo.it/article/view/18713
http://www.wikidata.org/entity/Q61776462,Dai ritratti di città di età  moderna come strumento di conoscenza o di propaganda alle proposte di rinnovamento urbano del primo Novecento,,2018,,,10.6092/2499-1422/5749,Università degli Studi di Napoli Federico II; FeDOAPress - Federico II Open Access University Press,Creative Commons Attribution,,1,3,7-9,http://www.serena.unina.it/index.php/eikonocity/article/view/5749
http://www.wikidata.org/entity/Q61776080,La città per layer e la memoria urbana nel progetto di architettura,,2018,,,10.6092/2499-1422/5896,Università degli Studi di Napoli Federico II; FeDOAPress - Federico II Open Access University Press,Creative Commons Attribution,,2,3,55-66,http://www.serena.unina.it/index.php/eikonocity/article/view/5896
http://www.wikidata.org/entity/Q61776076,Memoria e alterità urbana,,2018,,,10.6092/2499-1422/5999,Università degli Studi di Napoli Federico II; FeDOAPress - Federico II Open Access University Press,Creative Commons Attribution,,2,3,7-8,http://www.serena.unina.it/index.php/eikonocity/article/view/5999
http://www.wikidata.org/entity/Q61776469,"Architettura, design e paesaggio in una fabbrica del Sud. Angelo Mangiarotti e la SIAG di Marcianise",,2018,,,10.6092/2499-1422/5665,Università degli Studi di Napoli Federico II; FeDOAPress - Federico II Open Access University Press,Creative Commons Attribution,,1,3,101-104,http://www.serena.unina.it/index.php/eikonocity/article/view/5665
http://www.wikidata.org/entity/Q61776464,L'immagine del Campidoglio e le pratiche di manipolazione visiva tra XVI e XVIII secolo,,2018,,,10.6092/2499-1422/5513,Università degli Studi di Napoli Federico II; FeDOAPress - Federico II Open Access University Press,Creative Commons Attribution,,1,3,31-51,http://www.serena.unina.it/index.php/eikonocity/article/view/5513
http://www.wikidata.org/entity/Q61776468,Patrick Geddes e Gustavo Giovannoni: conservative surgery e 'diradamento edilizio' per la tutela della città storica,,2018,,,10.6092/2499-1422/5519,Università degli Studi di Napoli Federico II; FeDOAPress - Federico II Open Access University Press,Creative Commons Attribution,,1,3,81-97,http://www.serena.unina.it/index.php/eikonocity/article/view/5519
http://www.wikidata.org/entity/Q61776467,Palazzo de Sinno e Palazzo Barbaja. Descrizioni e contraddizioni di due residenze borghesi napoletane tra Settecento e Ottocento,,2018,,,10.6092/2499-1422/5620,Università degli Studi di Napoli Federico II; FeDOAPress - Federico II Open Access University Press,Creative Commons Attribution,,1,3,53-68,http://www.serena.unina.it/index.php/eikonocity/article/view/5620
http://www.wikidata.org/entity/Q114773208,Il ramo bolognese della famiglia Spada: alcuni episodi di committenza e collezionismo tra Seicento e Settecento,,2013,,,10.6092/ISSN.2038-6184/4067,Università di Bologna,Creative Commons Attribution,Figure,,Vol. 1 (2013),33–52,https://figure.unibo.it/article/view/4067/3515
http://www.wikidata.org/entity/Q126310449,"Obituary: “The answer, my friends… is written in the rings”. Fritz Hans Schweingruber (Fritz)",,2020,,,10.3832/EFOR3357-017,,Creative Commons Attribution,,1,17,27-29,https://foresta.sisef.org/?doi=efor3357-017
http://www.wikidata.org/entity/Q126313829,Know your woods: new wood identification tools for professionals of the sector,,2020,,,10.3832/EFOR3342-017,,Creative Commons Attribution,,1,17,23-26,https://foresta.sisef.org/?doi=efor3342-017
http://www.wikidata.org/entity/Q126315684,Climate and environmental politics needs to be supported by accurate information and communication. What is the role of the scientific community?,,2020,,,10.3832/EFOR3348-017,,Creative Commons Attribution,,1,17,17-22,https://foresta.sisef.org/?doi=efor3348-017
http://www.wikidata.org/entity/Q126386357,"Basilicata, land of forests and forest studies",,2020,,,10.3832/EFOR0062-017,,Creative Commons Attribution,,1,17,1-16,https://foresta.sisef.org/?doi=efor0062-017
http://www.wikidata.org/entity/Q126899403,"Autori egiziani degli anni Duemila. Blogosfera, graphic e postmoderno: nuovi linguaggi nel panorama letterario arabo",,2011,,Scopus; DOAJ,10.13135/1825-263X/1396,Università degli Studi di Torino,Creative Commons Attribution 4.0 International,,13&14,,,https://ojs.unito.it/index.php/kervan/article/view/1396
http://www.wikidata.org/entity/Q62579849,"Dalla pubblicazione di ""Groundwater and Surface Water-A single resource"": alcuni avanzamenti presso U.S. Geological Survey nella simulazione delle interazioni tra acque sotterranee e superficiali",,2012,,,10.7343/AS-001-12-0001,PAGEPress Publications,Creative Commons Attribution,,1,1,,
http://www.wikidata.org/entity/Q109593344,“Privilegia episcopii Cremonensis”. Il cartulario vescovile di Cremona e il vescovo Sicardo (1185- 1215),Valeria Leoni (femmina),2005,,DOAJ,,Firenze University Press,Creative Commons Attribution,Scrineum,3,,75-122,https://oajournals.fupress.net/index.php/scrineum/article/view/8766/8764
http://www.wikidata.org/entity/Q115139461,A proposito di “Fare l’Italia: unità e disunità nel Risorgimento”. Uno sguardo d’insieme,Gianluca Albergoni (maschio),2010,,Scopus; SCImago Journal Rank,,FrancoAngeli,,Società e storia,128,,325-331,
http://www.wikidata.org/entity/Q115139459,Sulla “nuova storia” del Risorgimento. Note per una discussione,Gianluca Albergoni (maschio),2008,,Scopus; SCImago Journal Rank,,FrancoAngeli,,Società e storia,120,,349-365,
http://www.wikidata.org/entity/Q115139456,"Potere, istituzioni e mestieri letterari nella Milano della Restaurazione: alcune considerazioni su una ricerca in corso",Gianluca Albergoni (maschio),2001,,Scopus; SCImago Journal Rank,,FrancoAngeli,,Società e storia,94,,679-723,
http://www.wikidata.org/entity/Q115139467,La cultura letteraria a Milano all’epoca di Cattaneo: alcune riflessioni intorno alle “Notizie naturali e civili su la Lombardia,Gianluca Albergoni (maschio),2018,,Scopus; SCImago Journal Rank,,FrancoAngeli,,Società e storia,161,,593-599,
http://www.wikidata.org/entity/Q123925886,"Catalogna-Italia andata e ritorno: contaminazione documentaria nei fondi di alcuni eruditi, librai e antiquari",Lorenzo Sergi (maschio),2023,Catalogna; collezione privata; provenienza; archivio privato,Scopus; Google Scholar; DOAJ; SCImago Journal Rank,10.6092/ISSN.2283-9364/18708,Università di Bologna,Creative Commons Attribution-NonCommercial-NoDerivatives,Bibliothecae.it,2,12,306-329,https://bibliothecae.unibo.it/article/view/18708
http://www.wikidata.org/entity/Q123925887,Osservazioni sul carteggio Pezzana-Panizzi conservato presso la Biblioteca Palatina di Parma,Paolo Marenghi (maschio),2023,Antonio Panizzi; corrispondenza; Biblioteca Palatina di Parma; Angelo Pezzana,Scopus; Google Scholar; DOAJ; SCImago Journal Rank,10.6092/ISSN.2283-9364/18709,Università di Bologna,Creative Commons Attribution-NonCommercial-NoDerivatives,Bibliothecae.it,2,12,330-352,https://bibliothecae.unibo.it/article/view/18709
http://www.wikidata.org/entity/Q113201278,Risposta a “Riflessioni sulla narrazione storica nelle voci di Wikipedia”,,2019,Ricerche scientifiche su Wikipedia,DOAJ,10.4000/DIACRONIE.5430,,Creative Commons Attribution-NonCommercial-NoDerivatives,Diacronie. Studi di Storia Contemporanea,"N° 29, 1",,,
http://www.wikidata.org/entity/Q58124093,La sociologia comprendente sviluppata,Gérald Bronner (maschio),2015,,,10.4000/QDS.302,Rosenberg & Sellier,Creative Commons Attribution-NonCommercial-NoDerivatives,Quaderni di sociologia,68,,123-142,http://journals.openedition.org/qds/302
http://www.wikidata.org/entity/Q131429354,“Sempre con un libro fra le mani”: dedizione e sapienza nella biblioteca di Marcello Andria,Alessandra Boccone (femmina); Marcello Andria (maschio),2024,biblioteca d'autore,Scopus; Google Scholar; DOAJ; SCImago Journal Rank,10.6092/ISSN.2283-9364/20815,Università di Bologna,Creative Commons Attribution-NonCommercial-NoDerivatives,Bibliothecae.it,2,13,251-261,https://bibliothecae.unibo.it/article/view/20815
http://www.wikidata.org/entity/Q132561594,"Le ontologie bibliografiche. Modelli concettuali e vocabolari condivisi per l'universo bibliografico, a cura di Maria Teresa Biagetti, Roma, Bulzoni, 2022",Carlo Bianchini (maschio),2023,"Le ontologie bibliografiche. Modelli concettuali e vocabolari condivisi per l'universo bibliografico, a cura di Maria Teresa Biagetti, Roma, Bulzoni, 2022",Scopus; Google Scholar; DOAJ; SCImago Journal Rank,10.6092/ISSN.2283-9364/18742,Università di Bologna,Creative Commons Attribution-NonCommercial-NoDerivatives,Bibliothecae.it,2,12,676-686,https://bibliothecae.unibo.it/article/view/18742
http://www.wikidata.org/entity/Q135102878,Iter Iaponicum: ripresa post pandemica del Censimento dei manoscritti e delle edizioni antiche in italiano conservate in Giappone. Primi sondaggi sul Petrarca volgare,Marco Daniele Limongelli (maschio),2025,Francesco Petrarca; Giappone; marginalia,Scopus; Google Scholar; DOAJ; SCImago Journal Rank,10.6092/ISSN.2283-9364/22266,Università di Bologna,Creative Commons Attribution-NonCommercial-NoDerivatives,Bibliothecae.it,1,14,2-41,https://bibliothecae.unibo.it/article/view/22266
http://www.wikidata.org/entity/Q135102882,Le autobiografie dei semicolti: scrittura e lettura nelle memorie di due contadini tra XIX e XX secolo,Lodovica Braida (femmina),2025,autobiografia; alfabetizzazione; tradizione orale,Scopus; Google Scholar; DOAJ; SCImago Journal Rank,10.6092/ISSN.2283-9364/22274,Università di Bologna,Creative Commons Attribution-NonCommercial-NoDerivatives,Bibliothecae.it,1,14,184-207,https://bibliothecae.unibo.it/article/view/22274
http://www.wikidata.org/entity/Q135102880,Attraverso il pensiero critico di Filiberto Menna: il riordino della Biblioteca della Fondazione,Alberto Landi (maschio),2025,fondo personale; Filiberto Menna,Scopus; Google Scholar; DOAJ; SCImago Journal Rank,10.6092/ISSN.2283-9364/22276,Università di Bologna,Creative Commons Attribution-NonCommercial-NoDerivatives,Bibliothecae.it,1,14,73-103,https://bibliothecae.unibo.it/article/view/22276
http://www.wikidata.org/entity/Q135102883,«Trusted stewards of cultural heritage materials». Le competenze per il trattamento delle collezioni speciali alla luce della giornata di studi “Nuovi strumenti per le collezioni speciali: dalle linee guida IFLA alle alle realtà professionali”,Tania Maio (femmina),2025,addestramento; International Federation of Library Associations and Institutions; fondo speciale,Scopus; Google Scholar; DOAJ; SCImago Journal Rank,10.6092/ISSN.2283-9364/22268,Università di Bologna,Creative Commons Attribution-NonCommercial-NoDerivatives,Bibliothecae.it,1,14,208-223,https://bibliothecae.unibo.it/article/view/22268
http://www.wikidata.org/entity/Q135102881,Il De Bibliotheca Augusta di Johann Schwarzkopf tra il 1649 e il 1656,Diego Baldi (maschio),2025,Hermann Conring; Giusto Lipsio; Herzog August Bibliothek; Biblioteca Corviniana,Scopus; Google Scholar; DOAJ; SCImago Journal Rank,10.6092/ISSN.2283-9364/22278,Università di Bologna,Creative Commons Attribution-NonCommercial-NoDerivatives,Bibliothecae.it,1,14,104-183,https://bibliothecae.unibo.it/article/view/22278
http://www.wikidata.org/entity/Q135102886,"Nascita, vita e miracoli della mia biblioteca",Ambrogio Borsani (maschio),2025,,Scopus; Google Scholar; DOAJ; SCImago Journal Rank,10.6092/ISSN.2283-9364/22267,Università di Bologna,Creative Commons Attribution-NonCommercial-NoDerivatives,Bibliothecae.it,1,14,232-240,https://bibliothecae.unibo.it/article/view/22267
http://www.wikidata.org/entity/Q135102884,Il progetto PNRR ‘DigiLetClass - Digitizing letters of Classense Library’,Fiammetta Sabba (femmina),2025,digitalizzazione; storia della biblioteca; corrispondenza; Giambattista Canneti,Scopus; Google Scholar; DOAJ; SCImago Journal Rank,10.6092/ISSN.2283-9364/22273,Università di Bologna,Creative Commons Attribution-NonCommercial-NoDerivatives,Bibliothecae.it,1,14,224-231,https://bibliothecae.unibo.it/article/view/22273
http://www.wikidata.org/entity/Q135102879,Louis-Sébastien Mercier e il potere dei libri nell’utopia dei Lumi: la biblioteca in L’An 2440,Rossana Morriello (femmina),2025,illuminismo; ucronia; utopia; Louis-Sébastien Mercier,Scopus; Google Scholar; DOAJ; SCImago Journal Rank,10.6092/ISSN.2283-9364/22275,Università di Bologna,Creative Commons Attribution-NonCommercial-NoDerivatives,Bibliothecae.it,1,14,42-72,https://bibliothecae.unibo.it/article/view/22275
http://www.wikidata.org/entity/Q111582712,Studiare il ricordo. Tiberio e la memoria della repubblica,Leone Porciani (maschio),2017,,Journal Citation Reports; SCImago Journal Rank,,Fabrizio Serra Editore,,Vichiana,,54,67-74,
http://www.wikidata.org/entity/Q103948932,Leggere all’università: studiare e fare ricerca su carta e in digitale,Nicola Cavalli (maschio),2016,,,,Editrice Bibliografica,,Biblioteche Oggi Trends,2,1,52-60,http://www.bibliotecheoggi.it/trends/article/view/389/882
http://www.wikidata.org/entity/Q103948970,"Bill, Biblioteca della legalità: “parole, figure, libri” per narrare alle ragazze e ai ragazzi “responsabilità, diritto, giustizia, dignità”",Marta Marchi (femmina),2020,,,,Editrice Bibliografica,,Biblioteche Oggi Trends,1,6,57-67,http://www.bibliotecheoggi.it/trends/article/view/1070/1175
http://www.wikidata.org/entity/Q103948977,"L’importanza della lettura profonda. Che cosa servirà alla prossima generazione per leggere in modo riflessivo, sia su carta che online?",Maryanne Wolf (femmina); Mirit Barzillai (femmina),2016,neurologia; lettura,,,Editrice Bibliografica,,Biblioteche Oggi Trends,2,1,34-39,http://www.bibliotecheoggi.it/trends/article/view/417/880
http://www.wikidata.org/entity/Q103949008,Lo sviluppo documentario delle biblioteche universitarie francesi e le politiche nazionali per la ricerca,Tiziana Stagi (femmina),2017,,,,Editrice Bibliografica,,Biblioteche Oggi Trends,2,3,32-42,http://www.bibliotecheoggi.it/trends/article/view/739/1110
http://www.wikidata.org/entity/Q103949017,Recensire libri per gli utenti: il caso della Biblioteca civica Bonetta di Pavia,Francesco Serafini (maschio),2020,,,,Editrice Bibliografica,,Biblioteche Oggi Trends,1,6,68-71,http://www.bibliotecheoggi.it/trends/article/view/1109/1179
http://www.wikidata.org/entity/Q103949027,Getting smarter together: esempi e buone pratiche di partecipazione in biblioteca,Emma Catiri (femmina),2016,,,,Editrice Bibliografica,,Biblioteche Oggi Trends,1,2,43-54,http://www.bibliotecheoggi.it/trends/article/view/513/567
http://www.wikidata.org/entity/Q103949183,Le parole delle biblioteche: un repertorio delle ricerche qualitative sulle biblioteche italiane,Maddalena Battaggia (femmina),2020,,,,Editrice Bibliografica,,Biblioteche Oggi Trends,1,6,72-80,http://www.bibliotecheoggi.it/trends/article/view/1110/1178
http://www.wikidata.org/entity/Q103948941,"Le biblioteche di ricerca tedesche e l’acquisizione delle risorse elettroniche: strategie, progetti e business model",Sara Dinotola (femmina),2017,Germania; biblioteca specializzata; documento digitale; collezione; acquisizione,,,Editrice Bibliografica,,Biblioteche Oggi Trends,2,3,14-31,http://www.bibliotecheoggi.it/trends/article/view/702/1109
http://www.wikidata.org/entity/Q103948950,Educare all’uso critico dei documenti come condizione per la libertà intellettuale,Piero Cavaleri (maschio),2019,,,,Editrice Bibliografica,,Biblioteche Oggi Trends,2,5,24-34,http://www.bibliotecheoggi.it/trends/article/view/1007/1096
http://www.wikidata.org/entity/Q103948958,"Dagli utenti ai dati, dai dati agli utenti",Annalisa Scarpa (femmina); Beatrice Catinella (femmina),2016,,,,Editrice Bibliografica,,Biblioteche Oggi Trends,1,2,31-42,http://www.bibliotecheoggi.it/trends/article/view/512/566
http://www.wikidata.org/entity/Q103948968,Analizzare per innovare: uno studio sull’usabilità dei cataloghi Discovery NG con strumenti di web analytics,Enrico Tagliani (maschio); Camilla Fusetti (femmina),2019,,,,Editrice Bibliografica,,Biblioteche Oggi Trends,1,5,26-36,http://www.bibliotecheoggi.it/trends/article/view/931/1016
http://www.wikidata.org/entity/Q103948964,"Passato e presente della biblioteconomia comparata: scopi, approcci, ricerche",Anna Bilotta (femmina),2018,,,,Editrice Bibliografica,,Biblioteche Oggi Trends,1,4,48-63,http://www.bibliotecheoggi.it/trends/article/view/782/857
http://www.wikidata.org/entity/Q103949118,Noterelle su Ranganathan. Leggendo Bianchini,Carlo Revelli (maschio),2016,,,,Editrice Bibliografica,,Biblioteche Oggi Trends,2,1,83-86,http://www.bibliotecheoggi.it/trends/article/view/418/884
http://www.wikidata.org/entity/Q103948962,Il reference invisibile La ‘fotografia sociale’ come traccia per la storia delle biblioteche,Chiara Faggiolani (femmina),2017,biblioteca; iconografia; servizio di reference,,,Editrice Bibliografica,,Biblioteche Oggi Trends,1,3,54-70,http://www.bibliotecheoggi.it/trends/article/view/630/695
http://www.wikidata.org/entity/Q103948975,Pubblici della biblioteca e diversificazione dell’offerta culturale. Spunti progettuali per il servizio bibliotecario,Cecilia Cognigni (femmina),2015,,,,Editrice Bibliografica,,Biblioteche Oggi Trends,1,1,39-45,http://www.bibliotecheoggi.it/trends/article/view/40/730
http://www.wikidata.org/entity/Q103949130,"Biblioteche in Europa, biblioteche d'Europa.",Giovanni Solimine (maschio),2017,Europa; biblioteca,,,Editrice Bibliografica,,Biblioteche Oggi Trends,2,3,5,http://www.bibliotecheoggi.it/trends/article/view/742/783
http://www.wikidata.org/entity/Q103949143,Generazione streaming: sui comportamenti culturali dei giovani,Giovanni Solimine (maschio),2019,,,,Editrice Bibliografica,,Biblioteche Oggi Trends,2,5,69-78,http://www.bibliotecheoggi.it/trends/article/view/1039/1103
http://www.wikidata.org/entity/Q103949137,"Una sconosciuta edizione delle ""Epistole e vangeli"" del Nannini conservata a Gerusalemme",Edoardo Barbieri (maschio),2018,,,,Editrice Bibliografica,,Biblioteche Oggi Trends,2,4,70-76,http://www.bibliotecheoggi.it/trends/article/view/890/947
http://www.wikidata.org/entity/Q103949150,"Una mirada italiana a la colaboración científica europea en Biblioteconomía, Información y Documentación (2010-2014)",Jordi Ardanuy (maschio); Cristóbal Urbano (maschio),2016,,,,Editrice Bibliografica,,Biblioteche Oggi Trends,2,1,71-82,http://www.bibliotecheoggi.it/trends/article/view/387/883
http://www.wikidata.org/entity/Q103949167,Il copyright nel dibattito bibliotecario europeo,Vincent Bonnet (maschio),2017,,,,Editrice Bibliografica,,Biblioteche Oggi Trends,2,3,51-58,http://www.bibliotecheoggi.it/trends/article/view/719/787
http://www.wikidata.org/entity/Q103949170,"La revisione del patrimonio in un ottica di rete: principi, modalità, magazzini condivisi",Loredana Vaccani (femmina),2018,,,,Editrice Bibliografica,,Biblioteche Oggi Trends,2,4,48-54,http://www.bibliotecheoggi.it/trends/article/view/849/942
http://www.wikidata.org/entity/Q103949176,"«#BiblioVerifica», il blog a supporto del cittadino fact-checker",Paola Coppola (femmina); Damiano Orrù (maschio),2019,blog,,,Editrice Bibliografica,,Biblioteche Oggi Trends,2,5,62-65,http://www.bibliotecheoggi.it/trends/article/view/1005/1098
http://www.wikidata.org/entity/Q103949200,It depends,Giovanni Solimine (maschio),2018,,,,Editrice Bibliografica,,Biblioteche Oggi Trends,1,4,,http://www.bibliotecheoggi.it/trends/article/view/816/852
http://www.wikidata.org/entity/Q103948995,Le attività di IFLA-FAIFE negli ultimi anni: contributo al rafforzamento del ruolo delle biblioteche per la libertà di informazione e di espressione,Enrica Manenti (femmina),2019,,,,Editrice Bibliografica,,Biblioteche Oggi Trends,2,5,18-23,http://www.bibliotecheoggi.it/trends/article/view/1038/1102
http://www.wikidata.org/entity/Q103949024,Per un critica del concetto di modello in biblioteconomia,Alberto Salarelli (maschio),2015,,,,Editrice Bibliografica,,Biblioteche Oggi Trends,1,1,99-108,http://www.bibliotecheoggi.it/trends/article/view/46/735
http://www.wikidata.org/entity/Q103948955,"I diritti della biblioteca reloaded. Accesso alla conoscenza, proprietà intellettuale e nuovi servizi sette anni dopo il convegno del 2008",Rosa Maiello (femmina),2015,,,,Editrice Bibliografica,,Biblioteche Oggi Trends,1,1,85-98,http://www.bibliotecheoggi.it/trends/article/view/45/734
http://www.wikidata.org/entity/Q103949012,Lo sviluppo delle collezioni tra bibliometria e nuovi scenari dell'editoria scientifica,Rossana Morriello (femmina),2018,,,,Editrice Bibliografica,,Biblioteche Oggi Trends,2,4,39-47,http://www.bibliotecheoggi.it/trends/article/view/854/941
http://www.wikidata.org/entity/Q103949103,Comunicare il patrimonio: riflessioni sulle potenzialità dei social media per le biblioteche di conservazione,Livia Marcelli (femmina),2020,social media,,,Editrice Bibliografica,,Biblioteche Oggi Trends,1,6,52-56,http://www.bibliotecheoggi.it/trends/article/view/1069/1174
http://www.wikidata.org/entity/Q103949098,Valutazione dei costi delle attività delle biblioteche di un Sistema bibliotecario di ateneo: metodologia e finalità,Beatrice Catinella (femmina); Maurizio Vedaldi (maschio),2019,,,,Editrice Bibliografica,,Biblioteche Oggi Trends,1,5,37-42,http://www.bibliotecheoggi.it/trends/article/view/932/1017
http://www.wikidata.org/entity/Q103949123,Un passato per il futuro: trent’anni di SBN,Tommaso Giordano (maschio),2017,,,,Editrice Bibliografica,,Biblioteche Oggi Trends,2,2,54-58,http://www.bibliotecheoggi.it/trends/article/view/591/638
http://www.wikidata.org/entity/Q103949187,Le biblioteche pubbliche nella rendicontazione sociale degli Enti locali,Ilaria Giglio (femmina); Maria Maiorano (femmina),2015,,,,Editrice Bibliografica,,Biblioteche Oggi Trends,1,1,111-119,http://www.bibliotecheoggi.it/trends/article/view/47/736
http://www.wikidata.org/entity/Q103949146,Incipit,Giovanni Solimine (maschio),2015,,,,Editrice Bibliografica,,Biblioteche Oggi Trends,1,1,5,http://www.bibliotecheoggi.it/trends/article/view/36/27
http://www.wikidata.org/entity/Q103948951,La biblioteca come ambiente di produzione di risorse educative aperte,Luigi Catalani (maschio),2020,,,,Editrice Bibliografica,,Biblioteche Oggi Trends,1,6,20-28,http://www.bibliotecheoggi.it/trends/article/view/1108/1172
http://www.wikidata.org/entity/Q103948989,Discussione: esiste ancora una politica degli acquisti?,Silvia Zanini (femmina); Marco Locatelli (maschio); Riccardo Marlin (maschio),2018,,,,Editrice Bibliografica,,Biblioteche Oggi Trends,2,4,18-29,http://www.bibliotecheoggi.it/trends/article/view/889/946
http://www.wikidata.org/entity/Q103948999,Leggere nella prima guerra mondiale. Novità per la lettura dei combattenti,Maria Gioia Tavoni (femmina),2016,,,,Editrice Bibliografica,,Biblioteche Oggi Trends,2,1,61-68,http://www.bibliotecheoggi.it/trends/article/view/369/878
http://www.wikidata.org/entity/Q103949113,"La conoscenza come ""bene comune"" e il valore giuridico della persona umana",Raffaella Messinetti (femmina),2015,,,,Editrice Bibliografica,,Biblioteche Oggi Trends,1,1,46-59,http://www.bibliotecheoggi.it/trends/article/view/41/731
http://www.wikidata.org/entity/Q103949156,Il ruolo sociale della biblioteca digitale,Karen Calhoun (femmina),2017,,,,Editrice Bibliografica,,Biblioteche Oggi Trends,2,2,4-15,http://www.bibliotecheoggi.it/trends/article/view/586/633
http://www.wikidata.org/entity/Q103949190,"La popolazione toscana e le biblioteche comunali. Gli esiti di un'indagine su utenti, servizi, percezione dell'identità",,2016,,,,Editrice Bibliografica,,Biblioteche Oggi Trends,1,2,55-67,http://www.bibliotecheoggi.it/trends/article/view/514/568
http://www.wikidata.org/entity/Q103949206,"Misurare, valutare, raccontare le biblioteche italiane oggi, guardando ai 17 obiettivi di sviluppo sostenibile (SDGs)",Chiara Faggiolani (femmina),2019,,,,Editrice Bibliografica,,Biblioteche Oggi Trends,1,5,68-80,http://www.bibliotecheoggi.it/trends/article/view/933/1018
http://www.wikidata.org/entity/Q83612194,"La biblioteca è reference. Definizione, modelli, prospettive del servizio di reference",Carlo Bianchini (maschio),2017,biblioteca; biblioteconomia; Ranganathan; servizio di reference,,10.3302/2421-3810-201701-004-1,Editrice Bibliografica,,Biblioteche Oggi Trends,1,3,4-26,http://www.bibliotecheoggi.it/trends/article/view/627/698
http://www.wikidata.org/entity/Q103948937,Qualcosa di nuovo sulla lettura. Nuove prospettive di conoscenza con i big data,Chiara Faggiolani (femmina); Andrea Ricci (maschio); Giovanni Caruso (maschio); Stefano Bandera (maschio),2016,big data,,,Editrice Bibliografica,,Biblioteche Oggi Trends,1,2,84-95,http://www.bibliotecheoggi.it/trends/article/view/517/571
http://www.wikidata.org/entity/Q103948945,"Forze e tendenze nello sviluppo delle collezioni delle biblioteche accademiche del Ventunesimo secolo tra Big Deal, Approval Plan e DDA",Maria Cassella (femmina),2018,,,,Editrice Bibliografica,,Biblioteche Oggi Trends,2,4,30-38,http://www.bibliotecheoggi.it/trends/article/view/856/940
http://www.wikidata.org/entity/Q103948986,La biblioteca come luogo terzo: con un contributo sugli Idea Store londinesi,Kate Pitman (femmina); Judith St. John (femmina); Nicola Cavalli (maschio),2017,biblioteca pubblica,,,Editrice Bibliografica,,Biblioteche Oggi Trends,2,3,43-50,http://www.bibliotecheoggi.it/trends/article/view/741/786
http://www.wikidata.org/entity/Q103949004,Saper guardare a un futuro che è già cominciato,Giovanni Solimine (maschio),2017,,,,Editrice Bibliografica,,Biblioteche Oggi Trends,2,2,3,http://www.bibliotecheoggi.it/trends/article/view/585/632
http://www.wikidata.org/entity/Q48625754,Information needed: comprendere e anticipare i bisogni informativi al tempo di Wikipedia,Tania Maio (femmina); Claudio Forziati (maschio),2017,Wikipedia; biblioteca; servizio di reference; Ricerche scientifiche su Wikipedia,,10.3302/2421-3810-201701-071-1,Editrice Bibliografica,,Biblioteche Oggi Trends,1,3,71-80,http://www.bibliotecheoggi.it/trends/article/view/629/696
http://www.wikidata.org/entity/Q103948981,Professioni e competenze digitali per un mondo che cambia. A margine di un seminario organizzato a Torino,Maria Cassella (femmina),2017,,,,Editrice Bibliografica,,Biblioteche Oggi Trends,2,2,50-53; 50-54,http://www.bibliotecheoggi.it/trends/article/view/590/637
http://www.wikidata.org/entity/Q103949016,Il dovere di contare,Danilo Deana (maschio),2019,,,,Editrice Bibliografica,,Biblioteche Oggi Trends,2,5,35-45,http://www.bibliotecheoggi.it/trends/article/view/1006/1097
http://www.wikidata.org/entity/Q103949093,Dalla Evidence-based Librarianship alla Narrative-based Librarianship. Percorsi di ricerca emergenti in Italia,Chiara Faggiolani (femmina); Roberta Montepeloso (femmina); Egizia Cecchi (femmina),2018,,,,Editrice Bibliografica,,Biblioteche Oggi Trends,1,4,65-80,http://www.bibliotecheoggi.it/trends/article/view/781/858
http://www.wikidata.org/entity/Q103949193,Live chat e natural language processing in sinergia per il miglioramento dei servizi bibliotecari.,Marco Stefano Tomatis (maschio); Maria Vittoria Muzzupapa (femmina); Franco Carlo Bungaro (maschio),2017,elaborazione del linguaggio naturale; biblioteca universitaria,,,Editrice Bibliografica,,Biblioteche Oggi Trends,1,3,41-53,http://www.bibliotecheoggi.it/trends/article/view/626/697
http://www.wikidata.org/entity/Q103949391,Chi siamo? La descrizione fisica e logica del documento,Valeria De Francesca (femmina); Federica Viazzi (femmina); Danilo Deana (maschio); Chiara Consonni (femmina),2017,,,,Editrice Bibliografica,,Biblioteche Oggi Trends,2,2,33-42,http://www.bibliotecheoggi.it/trends/article/view/588/635
http://www.wikidata.org/entity/Q103949397,Due disperse biblioteche d’autore tra Austria e Italia: indagine storico-biografica e spunti metodologici,Marco Brusa (maschio),2017,Austria,,,Editrice Bibliografica,,Biblioteche Oggi Trends,2,3,69-80,http://www.bibliotecheoggi.it/trends/article/view/738/1106
http://www.wikidata.org/entity/Q103949414,Il valore strategico del servizio di reference,Giovanni Solimine (maschio),2017,biblioteca; servizio di reference,,,Editrice Bibliografica,,Biblioteche Oggi Trends,1,3,3,http://www.bibliotecheoggi.it/trends/article/view/658/699
http://www.wikidata.org/entity/Q103949419,La carta delle collezioni tra principi consolidati e nuovi scenari: qualche riflessione,Sara Dinotola (femmina),2018,,,,Editrice Bibliografica,,Biblioteche Oggi Trends,2,4,6-17,http://www.bibliotecheoggi.it/trends/article/view/850/939
http://www.wikidata.org/entity/Q103949445,Oltre l’accesso: modelli partecipativi di servizio delle biblioteche accademiche,Anna Maria Tammaro (femmina),2018,,,,Editrice Bibliografica,,Biblioteche Oggi Trends,1,4,37-47,http://www.bibliotecheoggi.it/trends/article/view/783/856
http://www.wikidata.org/entity/Q103949266,Biblioteche e comunicazione scientifica nell’era del web: un dibattito aperto,Valeria Lo Castro (femmina),2017,,,,Editrice Bibliografica,,Biblioteche Oggi Trends,2,2,16-32,http://www.bibliotecheoggi.it/trends/article/view/587/634
http://www.wikidata.org/entity/Q103949355,Un passaggio,Giovanni Solimine (maschio),2020,,,,Editrice Bibliografica,,Biblioteche Oggi Trends,1,6,,http://www.bibliotecheoggi.it/trends/article/view/1106/1168
http://www.wikidata.org/entity/Q103949365,“Qual è il tuo stile di ricerca?” Un’indagine sul comportamento informativo dei laureandi,Laura Montinaro (femmina); Annamaria Alfonsi (femmina),2017,,,,Editrice Bibliografica,,Biblioteche Oggi Trends,2,2,67-80,http://www.bibliotecheoggi.it/trends/article/view/593/640
http://www.wikidata.org/entity/Q103949385,Le forme della lettura,Giovanni Solimine (maschio),2016,,,,Editrice Bibliografica,,Biblioteche Oggi Trends,2,1,5,http://www.bibliotecheoggi.it/trends/article/view/415/476
http://www.wikidata.org/entity/Q103949428,«Un istituto che vive nel presente»: qualche interrogativo (e qualche tentativo di risposta) sulla natura e sul ruolo della biblioteca. Intervista a Paolo Traniello,Giovanni Solimine (maschio),2020,,,,Editrice Bibliografica,,Biblioteche Oggi Trends,1,6,4-6,http://www.bibliotecheoggi.it/trends/article/view/1107/1170
http://www.wikidata.org/entity/Q103949437,"L'utente (il lettore?) tra quantità e qualità: ""buchi neri"" ed esigenze di ricerca",Alberto Petrucciani (maschio),2016,,,,Editrice Bibliografica,,Biblioteche Oggi Trends,1,2,19-30,http://www.bibliotecheoggi.it/trends/article/view/511/565
http://www.wikidata.org/entity/Q103949284,Dalla lettura alla literacy. Come si diventa lettori nel nostro tempo,Tiziana Mascia (femmina),2016,,,,Editrice Bibliografica,,Biblioteche Oggi Trends,2,1,23-33,http://www.bibliotecheoggi.it/trends/article/view/384/879
http://www.wikidata.org/entity/Q103949369,Parlare d’altro. I fatti della biblioteca e la loro interpretazione,Maurizio Vivarelli (maschio),2018,,,,Editrice Bibliografica,,Biblioteche Oggi Trends,1,4,12-22,http://www.bibliotecheoggi.it/trends/article/view/778/854
http://www.wikidata.org/entity/Q103949402,"Le collezioni delle biblioteche al tempo delle shadow library, dei predatory journal e dei Big Five",Francesco Giuseppe Meliti (maschio),2018,pubblicazione predatoria,,,Editrice Bibliografica,,Biblioteche Oggi Trends,2,4,77-88,http://www.bibliotecheoggi.it/trends/article/view/853/944
http://www.wikidata.org/entity/Q103949290,La gestione delle risorse elettroniche e il rapporto con l'utenza nell'Università di Napoli Federico II,Maria Grazia Ronca (femmina); Stefania Castano (femmina),2016,,,,Editrice Bibliografica,,Biblioteche Oggi Trends,1,2,68-76,http://www.bibliotecheoggi.it/trends/article/view/515/569
http://www.wikidata.org/entity/Q103949382,"C’è bisogno di collezioni? Teorie, modelli, pratiche per l'organizzazione di spazi documentari connessi e condivisi",Maurizio Vivarelli (maschio),2015,,,10.3302/2421-3810-201501-018-1,Editrice Bibliografica,,Biblioteche Oggi Trends,1,1,18-29,http://www.bibliotecheoggi.it/trends/article/view/38/728
http://www.wikidata.org/entity/Q103949377,"Scienza aperta, cittadinanza scientifica e terza missione dell’università: il ruolo delle biblioteche accademiche",Luca Lanzillo (maschio),2020,,,,Editrice Bibliografica,,Biblioteche Oggi Trends,1,6,7-19,http://www.bibliotecheoggi.it/trends/article/view/1084/1171
http://www.wikidata.org/entity/Q103949443,I servizi di reference in un’ottica di controllo strategico: analisi degli standard di misurazione in funzione di una balanced scorecard,Laura Ballestra (femmina),2017,biblioteca; servizio di reference; valutazione,,,Editrice Bibliografica,,Biblioteche Oggi Trends,1,3,27-40,http://www.bibliotecheoggi.it/trends/article/view/645/694
http://www.wikidata.org/entity/Q103949227,"A metà del guado. L’Open Access tra passato, presente e futuro",Maria Cassella (femmina),2015,,,,Editrice Bibliografica,,Biblioteche Oggi Trends,1,1,60-68,http://www.bibliotecheoggi.it/trends/article/view/42/732
http://www.wikidata.org/entity/Q103949237,Dialogando sui modelli,Anna Galluzzi (femmina); Alberto Salarelli (maschio),2018,,,,Editrice Bibliografica,,Biblioteche Oggi Trends,1,4,4-11,http://www.bibliotecheoggi.it/trends/article/view/779/853
http://www.wikidata.org/entity/Q103949242,Le parole della valutazione: piccolo glossario annotato,Giovanni Di Domenico (maschio),2019,,,,Editrice Bibliografica,,Biblioteche Oggi Trends,1,5,5-11,http://www.bibliotecheoggi.it/trends/article/view/965/1014
http://www.wikidata.org/entity/Q103949258,Bibliometria e discipline bibliografico-biblioteconomiche in Italia: una questione di magnetismo,Luca Lanzillo (maschio),2016,,,,Editrice Bibliografica,,Biblioteche Oggi Trends,2,1,87-94,http://www.bibliotecheoggi.it/trends/article/view/368/877
http://www.wikidata.org/entity/Q103949274,The Bodleian Libraries (University of Oxford): il Programma di ampliamento delle collezioni bibliografiche (2017-2022),David Rini (maschio),2018,Università di Oxford,,,Editrice Bibliografica,,Biblioteche Oggi Trends,2,4,55-68,http://www.bibliotecheoggi.it/trends/article/view/834/943
http://www.wikidata.org/entity/Q103949282,Un'antica tradizione per affermare l'accesso aperto: il preprint,Enrico Massimo Dotti (maschio),2019,,,,Editrice Bibliografica,,Biblioteche Oggi Trends,2,5,46-55,http://www.bibliotecheoggi.it/trends/article/view/1004/1099
http://www.wikidata.org/entity/Q103949351,"Biblioteche accademiche, comunicazione scientifica e valutazione della ricerca: nuovi ruoli e sfide per i bibliotecari delle università",Domenico Ciccarello (maschio),2019,,,,Editrice Bibliografica,,Biblioteche Oggi Trends,1,5,43-57,http://www.bibliotecheoggi.it/trends/article/view/967/1012
http://www.wikidata.org/entity/Q103949362,Diritti degli utenti e diritti dei lettori: andata e ritorno,Luca Ferrieri (maschio),2016,,,,Editrice Bibliografica,,Biblioteche Oggi Trends,1,2,4-18,http://www.bibliotecheoggi.it/trends/article/view/510/564
http://www.wikidata.org/entity/Q103949406,Il contributo delle biblioteche alla libertà intellettuale,Giovanni Solimine (maschio),2019,,,,Editrice Bibliografica,,Biblioteche Oggi Trends,2,5,,http://www.bibliotecheoggi.it/trends/article/view/1036/1100
http://www.wikidata.org/entity/Q103949412,Quale biblioteca per leggere il presente e costruire il futuro insieme ai cittadini?,Massimiliano Anzivino (maschio); Francesco Caligaris (maschio),2016,,,,Editrice Bibliografica,,Biblioteche Oggi Trends,1,2,77-83,http://www.bibliotecheoggi.it/trends/article/view/516/570
http://www.wikidata.org/entity/Q103949431,Il futuro delle biblioteche digitali si costruisce dal basso. Intervista a Robert Darnton,Gino Roncaglia (maschio),2015,,,,Editrice Bibliografica,,Biblioteche Oggi Trends,1,1,82-84,http://www.bibliotecheoggi.it/trends/article/view/44/28
http://www.wikidata.org/entity/Q103949465,Canone e canoni: opinioni a confronto,Gino Roncaglia (maschio); Giovanni Solimine (maschio),2016,,,,Editrice Bibliografica,,Biblioteche Oggi Trends,2,1,6-22,http://www.bibliotecheoggi.it/trends/article/view/416/521
http://www.wikidata.org/entity/Q103949468,Dalla parte dei ricercatori. Biblioteche digitali e marcatura testuale: una nota a partire da due case study,Paolo Tripodi (maschio); Rossana Damiano (femmina); Elisa Della Calce (femmina),2017,,,,Editrice Bibliografica,,Biblioteche Oggi Trends,2,2,43-49,http://www.bibliotecheoggi.it/trends/article/view/589/636
http://www.wikidata.org/entity/Q103949476,Esistono ancora le collezioni?,Giovanni Solimine (maschio),2018,,,,Editrice Bibliografica,,Biblioteche Oggi Trends,2,4,,http://www.bibliotecheoggi.it/trends/article/view/888/945
http://www.wikidata.org/entity/Q103949234,Il vasto panorama della bibliografia archivistica. Una disciplina al confine fra tradizione e innovazione,Giorgia Di Marcantonio (femmina),2017,,,,Editrice Bibliografica,,Biblioteche Oggi Trends,2,2,59-66,http://www.bibliotecheoggi.it/trends/article/view/592/639
http://www.wikidata.org/entity/Q103949248,Plan S per un accesso aperto – equo e sostenibile – alla conoscenza,Laura Patrizii (femmina); Stefano Bianco (maschio),2019,,,,Editrice Bibliografica,,Biblioteche Oggi Trends,2,5,56-61,http://www.bibliotecheoggi.it/trends/article/view/1040/1104
http://www.wikidata.org/entity/Q103949482,"Neutralità della rete, tariffe gratuite e giardini recintati: le difficili scelte della libertà intellettuale",Riccardo Ridi (maschio),2019,,,,Editrice Bibliografica,,Biblioteche Oggi Trends,2,5,6-17,http://www.bibliotecheoggi.it/trends/article/view/1037/1101; http://eprints.rclis.org/id/eprint/39519
http://www.wikidata.org/entity/Q103949373,"La biblioteca integrata: nuovi modelli, nuove tecniche, alcune esperienze europee e italiane",Mauro Guerrini (maschio),2019,,,,Editrice Bibliografica,,Biblioteche Oggi Trends,1,5,59-66,http://www.bibliotecheoggi.it/trends/article/view/966/1011
http://www.wikidata.org/entity/Q103949230,"Un primo bilancio, guardando avanti",Giovanni Solimine (maschio),2016,,,,Editrice Bibliografica,,Biblioteche Oggi Trends,1,2,3,http://www.bibliotecheoggi.it/trends/article/view/509/563
http://www.wikidata.org/entity/Q103949360,El acceso a la información como valor ético en bibliotecas,Margarita Pérez Pulido (femmina),2015,,,,Editrice Bibliografica,,Biblioteche Oggi Trends,1,1,69-81,http://www.bibliotecheoggi.it/trends/article/view/43/733
http://www.wikidata.org/entity/Q103949408,Leggere i passaggi: appunti per una teoria della lettura,Elena Ranfa (femmina),2016,teoria; lettura,,,Editrice Bibliografica,,Biblioteche Oggi Trends,2,1,40-51,http://www.bibliotecheoggi.it/trends/article/view/385/881
http://www.wikidata.org/entity/Q103949454,Cultura è cura: la biblioteca biomedica come soggetto attivo nei percorsi di cura del XXI secolo,Federica Viazzi (femmina); Mariateresa Dacquino (femmina); Mariasilvia Como (femmina); Antonio Giovanni Maconi (maschio),2020,,,,Editrice Bibliografica,,Biblioteche Oggi Trends,1,6,40-51,http://www.bibliotecheoggi.it/trends/article/view/1067/1177
http://www.wikidata.org/entity/Q103949460,Inclusione e accessibilità semantica nell'architettura bibliotecaria,Marco Muscogiuri (maschio),2015,,,,Editrice Bibliografica,,Biblioteche Oggi Trends,1,1,30-38,http://www.bibliotecheoggi.it/trends/article/view/39/729
http://www.wikidata.org/entity/Q103949472,Le biblioteche nella cultura europea contemporanea,Mauro Guerrini (maschio),2017,Europa; biblioteca,,,Editrice Bibliografica,,Biblioteche Oggi Trends,2,3,6-13,http://www.bibliotecheoggi.it/trends/article/view/740/785
http://www.wikidata.org/entity/Q103949219,"Wikipediani, utenti remoti e “operosi” di servizi bibliotecari",Silvia Bruni (femmina); Letizia Materassi (femmina); Cinzia Martone (femmina); Emanuela Secinaro (femmina),2020,,,,Editrice Bibliografica,,Biblioteche Oggi Trends,1,6,29-39,http://www.bibliotecheoggi.it/trends/article/view/1068/1173
http://www.wikidata.org/entity/Q103949253,Biblioteche: accesso alla conoscenza tra dimensione locale e globale,Anna Galluzzi (femmina),2015,,,,Editrice Bibliografica,,Biblioteche Oggi Trends,1,1,6-17,http://www.bibliotecheoggi.it/trends/article/view/37/727
http://www.wikidata.org/entity/Q103949269,"La Terza missione dell’università: cos’è, come si valuta (con un’appendice sulle biblioteche)",Maria Cassella (femmina),2017,,,,Editrice Bibliografica,,Biblioteche Oggi Trends,2,3,59-66,http://www.bibliotecheoggi.it/trends/article/view/718/1105
http://www.wikidata.org/entity/Q103949342,Campo di tensioni,Franco Neri (maschio),2018,,,,Editrice Bibliografica,,Biblioteche Oggi Trends,1,4,23-36,http://www.bibliotecheoggi.it/trends/article/view/776/855
http://www.wikidata.org/entity/Q103949425,«Dobbiamo sempre guardare le cose da angolazioni diverse»,Giovanni Solimine (maschio),2019,,,,Editrice Bibliografica,,Biblioteche Oggi Trends,1,5,,http://www.bibliotecheoggi.it/trends/article/view/968/1013
http://www.wikidata.org/entity/Q103949450,Ruolo e valore sociale di una biblioteca pubblica: il caso di Senigallia,Roberta Montepeloso (femmina); Tommaso Paiano (maschio),2019,,,,Editrice Bibliografica,,Biblioteche Oggi Trends,1,5,12-25,http://www.bibliotecheoggi.it/trends/article/view/928/1015
http://www.wikidata.org/entity/Q128621605,Il poliglotta cardinale Mezzofanti e i suoi rapporti coi russi a Roma,Piero Cazzola (maschio),2002,bibliografia; bibliotecario,,,Gruppo dei Romanisti,,Strenna dei Romanisti,,,93; 110: ill.,
http://www.wikidata.org/entity/Q128624468,"Ricordo di Luigi De Gregori, romanista",Giorgio De Gregori (maschio),1990,bibliografia; bibliotecario,,,Gruppo dei Romanisti,,Strenna dei Romanisti,,,155; 161: 1 ritr.,
http://www.wikidata.org/entity/Q128624483,Tre singolari figure di bibliotecari a Roma,Nello Vian (maschio),1992,bibliografia; bibliotecario,,,Gruppo dei Romanisti,,Strenna dei Romanisti,,,648; 641,
http://www.wikidata.org/entity/Q128624478,"Francesco Barberi, bibliotecario romano",Nello Vian (maschio),1989,bibliografia; bibliotecario; Francesco Barberi,,,Gruppo dei Romanisti,,Strenna dei Romanisti,,,609; 617,
http://www.wikidata.org/entity/Q128624477,"Barbadirame, bibliotecario vaticano: un ricordo del card. Eugène Tisserant",Nello Vian (maschio),2000,bibliografia; bibliotecario,,,Gruppo dei Romanisti,,Strenna dei Romanisti,,,607; 618,
http://www.wikidata.org/entity/Q135335923,Gaetanina Scano,Manlio Barberito (maschio),1995,archivistica,,,Gruppo dei Romanisti,,Strenna dei Romanisti,,,586-587,
http://www.wikidata.org/entity/Q135399934,"L'8 giugno 1989: ""Al Salone della Lupa a Montecitorio il giuramento degli archivisti""",,1995,archivistica,,,Gruppo dei Romanisti,,Strenna dei Romanisti,,,307-311,
http://www.wikidata.org/entity/Q135409624,Un nuovo archivio romano: l'Archivio storico del Banco di Roma,Elio Lodolini (maschio),1988,archivistica,,,Gruppo dei Romanisti,,Strenna dei Romanisti,,,245-252,
http://www.wikidata.org/entity/Q136723350,Dov'è finita la Biblioteca del Circolo artistico internazionale?,Francesca Di Castro (femmina),2001,,,,Gruppo dei Romanisti,,Strenna dei Romanisti,,,,https://www.gruppodeiromanisti.it/wp-content/uploads/2014/10/2001-parte-1-pp.-1-325.pdf
http://www.wikidata.org/entity/Q104381895,Alla ricerca di audience,,1999,,,,Associazione Italiana Biblioteche,Creative Commons Attribution,Bibelot,1,5,,https://www.aib.it/aib/sezioni/toscana/bibelot/b9901j.htm
http://www.wikidata.org/entity/Q104381891,Corsi di orientamento per studenti universitari,,1999,,,,Associazione Italiana Biblioteche,Creative Commons Attribution,Bibelot,1,5,,https://www.aib.it/aib/sezioni/toscana/bibelot/b9901m.htm
http://www.wikidata.org/entity/Q104381901,Comunicato del CER,,1999,,,,Associazione Italiana Biblioteche,Creative Commons Attribution,Bibelot,1,5,,https://www.aib.it/aib/sezioni/toscana/c990429.htm
http://www.wikidata.org/entity/Q104381898,Processi di riforma,Elena Boretti (femmina),1999,,,,Associazione Italiana Biblioteche,Creative Commons Attribution,Bibelot,1,5,,https://www.aib.it/aib/sezioni/toscana/bibelot/b9901h.htm
http://www.wikidata.org/entity/Q104381893,A Brozzi un centro Informagiovani per documentare l'attività socio-sanitaria sul territorio Letteratura grigia e disagio giovanile,,1999,,,,Associazione Italiana Biblioteche,Creative Commons Attribution,Bibelot,1,5,,https://www.aib.it/aib/sezioni/toscana/bibelot/b9901k1.htm
http://www.wikidata.org/entity/Q104381900,Il convegno SBN a Firenze,,1999,,,,Associazione Italiana Biblioteche,Creative Commons Attribution,Bibelot,1,5,,
http://www.wikidata.org/entity/Q104381896,Quando la qualità è statica,,1999,,,,Associazione Italiana Biblioteche,Creative Commons Attribution,Bibelot,1,5,,https://www.aib.it/aib/sezioni/toscana/bibelot/b9901i2.htm
http://www.wikidata.org/entity/Q104381897,Dotazione informatica delle biblioteche comunali toscane,,1999,,,,Associazione Italiana Biblioteche,Creative Commons Attribution,Bibelot,1,5,,https://www.aib.it/aib/sezioni/toscana/bibelot/b9901i.htm
http://www.wikidata.org/entity/Q104381894,La biblioteca del British Institute si rinnova,,1999,,,,Associazione Italiana Biblioteche,Creative Commons Attribution,Bibelot,1,5,,https://www.aib.it/aib/sezioni/toscana/bibelot/b9901k.htm
http://www.wikidata.org/entity/Q104381902,Incontro sui profili professionali e informazione in una prospettiva europea,,1999,,,,Associazione Italiana Biblioteche,Creative Commons Attribution,Bibelot,,,,https://www.aib.it/aib/sezioni/toscana/bibelot/b9901f.htm
http://www.wikidata.org/entity/Q104381892,Regione Toscana. Programma attività 1999,,1999,,,,Associazione Italiana Biblioteche,Creative Commons Attribution,Bibelot,1,5,,https://www.aib.it/aib/sezioni/toscana/bibelot/b9901l.htm
http://www.wikidata.org/entity/Q104381899,Incontro AIB-ANAI,,1999,,,,Associazione Italiana Biblioteche,Creative Commons Attribution,Bibelot,1,5,,
http://www.wikidata.org/entity/Q102393258,La Regione Toscana per le biblioteche,Milvia Dabizzi (femmina),2014,,,,Associazione Italiana Biblioteche,Creative Commons Attribution,Bibelot,1,,,https://www.aib.it/struttura/sezioni/toscana/bibelot/bibelot-1-2014/2014/43788-regione-toscana-per-biblioteche/
http://www.wikidata.org/entity/Q102805155,La biblioteca si fa “social”,Susanna Giaccai (femmina),2014,,,,Associazione Italiana Biblioteche,Creative Commons Attribution,Bibelot,2,,,https://www.aib.it/struttura/sezioni/toscana/bibelot/bibelot-2-2014/2014/45383-biblioteca-si-fa-social/
http://www.wikidata.org/entity/Q102116015,IFLA Global Vision Project: Barcellona Kick-Off Workshop,Anna Maria Tammaro (femmina),2018,biblioteconomia; International Federation of Library Associations and Institutions,,,Associazione Italiana Biblioteche,Creative Commons Attribution,Bibelot,1,24,11-13,https://riviste.aib.it/index.php/bibelot/article/view/11778
http://www.wikidata.org/entity/Q102391509,Lettera del Presidente della Sezione AIB Toscana,Sandra Di Majo (femmina),2014,,,,Associazione Italiana Biblioteche,Creative Commons Attribution,Bibelot,1,,,https://www.aib.it/struttura/sezioni/toscana/bibelot/bibelot-1-2014/2014/43765-lettera-presidente-sezione-aib-toscana/
http://www.wikidata.org/entity/Q102391845,Editoriale: Cambiamento e scoramento… verso un’AIB che ringiovanisce,Anna Maria Tammaro (femmina),2014,,,,Associazione Italiana Biblioteche,Creative Commons Attribution,Bibelot,1,,,https://www.aib.it/struttura/sezioni/toscana/bibelot/bibelot-1-2014/2014/43767-editoriale-cambiamento-scoramento-verso-unaib-ringiovanisce/
http://www.wikidata.org/entity/Q102809224,Perdere il lavoro: come trasformare un problema in un’opportunità,Silvia Bruni (femmina),2014,,,,Associazione Italiana Biblioteche,Creative Commons Attribution,Bibelot,2,,,https://www.aib.it/struttura/sezioni/toscana/bibelot/bibelot-2-2014/2014/45389-perdere-come-trasformare-problema-in-unopportunita/
http://www.wikidata.org/entity/Q102822617,Profili della nuova generazione: Cristina Bambini,,2014,,,,Associazione Italiana Biblioteche,Creative Commons Attribution,Bibelot,2,,,https://www.aib.it/struttura/sezioni/toscana/bibelot/bibelot-2-2014/2014/45400-profili-nuova-generazione-cristina-bambini/
http://www.wikidata.org/entity/Q102823167,La biblioteca che vorrei a Carrara,,2014,,,,Associazione Italiana Biblioteche,Creative Commons Attribution,Bibelot,2,,,https://www.aib.it/struttura/sezioni/toscana/bibelot/bibelot-2-2014/2014/45421-biblioteca-vorrei-carrara/
http://www.wikidata.org/entity/Q102823781,Rete Indaco: le biblioteche si aprono agli e-book e ai contenuti digitali,,2014,,,,Associazione Italiana Biblioteche,Creative Commons Attribution,Bibelot,2,,,https://www.aib.it/struttura/sezioni/toscana/bibelot/bibelot-2-2014/2014/45423-rete-indaco-biblioteche-si-aprono-agli-book-contenuti-digitali/
http://www.wikidata.org/entity/Q102808536,Eventi in biblioteca,,2014,,,,Associazione Italiana Biblioteche,Creative Commons Attribution,Bibelot,2,,,https://www.aib.it/struttura/sezioni/toscana/bibelot/bibelot-2-2014/2014/45387-eventi-in-biblioteca/
http://www.wikidata.org/entity/Q104213404,Dalla parte della tutela ...,,1996,,,,Associazione Italiana Biblioteche,Creative Commons Attribution,Bibelot,1,2,,
http://www.wikidata.org/entity/Q102393556,In difesa della Biblioteca pubblica di Forte dei Marmi,Sandra Di Majo (femmina),2014,,,,Associazione Italiana Biblioteche,Creative Commons Attribution,Bibelot,1,,,https://www.aib.it/struttura/sezioni/toscana/bibelot/bibelot-1-2014/2014/43790-in-difesa-biblioteca-pubblica-forte/
http://www.wikidata.org/entity/Q102393947,Profili di nuova generazione: Maura Lotti,,2014,,,,Associazione Italiana Biblioteche,Creative Commons Attribution,Bibelot,1,,,https://www.aib.it/struttura/sezioni/toscana/bibelot/bibelot-1-2014/2014/43801-profili-nuova-generazione-maura-lotti/
http://www.wikidata.org/entity/Q102393996,Profili di nuova generazione: Francesca Pisano,,2014,,,,Associazione Italiana Biblioteche,Creative Commons Attribution,Bibelot,1,,,https://www.aib.it/struttura/sezioni/toscana/bibelot/bibelot-1-2014/2014/43803-profili-nuova-generazione-francesca-pisanu/
http://www.wikidata.org/entity/Q104057116,Intervista a Tommaso Giordano,Anna Maria Tammaro (femmina),2015,associazione; bibliotecario,,,Associazione Italiana Biblioteche,Creative Commons Attribution,Bibelot,3,20,,https://www.aib.it/struttura/sezioni/toscana/bibelot/bibelot-3-2014/2015/46964-intervista-a-tommaso-giordano/
http://www.wikidata.org/entity/Q102392002,Biblioteche in Toscana: Monitoraggio 2010-2012,,2014,biblioteca pubblica,,,Associazione Italiana Biblioteche,Creative Commons Attribution,Bibelot,1,,,https://www.aib.it/struttura/sezioni/toscana/bibelot/bibelot-1-2014/2014/43770-biblioteche-in-toscana-monitoraggio-2010-2012/
http://www.wikidata.org/entity/Q102392363,Parliamo di… Incontro con gli studenti toscani,,2014,,,,Associazione Italiana Biblioteche,Creative Commons Attribution,Bibelot,1,,,https://riviste.aib.it/bibelot/article/view/13712
http://www.wikidata.org/entity/Q102393759,Piattaforme per l’Open Access: un Seminario a Firenze,Anna Maria Tammaro (femmina),2014,,,,Associazione Italiana Biblioteche,Creative Commons Attribution,Bibelot,1,,,https://www.aib.it/struttura/sezioni/toscana/bibelot/bibelot-1-2014/2014/43796-piattaforme-per-lopen-access-seminario-firenze/
http://www.wikidata.org/entity/Q102810332,MAB Toscana alla Conferenza Satellite IFLA di Torino,,2014,,,,Associazione Italiana Biblioteche,Creative Commons Attribution,Bibelot,2,,,https://www.aib.it/struttura/sezioni/toscana/bibelot/bibelot-2-2014/2014/45391-mab-toscana-conferenza-satellite-ifla-torino/
http://www.wikidata.org/entity/Q102821767,L’80. Congresso Ifla nell’esperienza di una volontaria,,2014,,,,Associazione Italiana Biblioteche,Creative Commons Attribution,Bibelot,2,,,https://www.aib.it/struttura/sezioni/toscana/bibelot/bibelot-2-2014/2014/45394-l80-congresso-ifla-nellesperienza-volontaria/
http://www.wikidata.org/entity/Q104057358,BiblioPride 2012 nelle biblioteche della Rete REDOS,,2012,,,,Associazione Italiana Biblioteche,Creative Commons Attribution,Bibelot,3,18,,https://www.aib.it/struttura/sezioni/toscana/bibelot/bibelot-3-2012/2012/29930-bibliopride-2012-biblioteche-redos/
http://www.wikidata.org/entity/Q102115630,A come Advocacy,Sandra Di Majo (femmina),2014,biblioteca; advocacy,,,Associazione Italiana Biblioteche,Creative Commons Attribution,Bibelot,2,20,,https://www.aib.it/struttura/sezioni/toscana/bibelot/bibelot-2-2014/2014/45378-come-advocacy/
http://www.wikidata.org/entity/Q102393664,Tirocinio in biblioteca: dal volontariato al Progetto Giovanisì della Regione Toscana,Patrizia Lùperi (femmina),2014,,,,Associazione Italiana Biblioteche,Creative Commons Attribution,Bibelot,1,,,https://www.aib.it/struttura/sezioni/toscana/bibelot/bibelot-1-2014/2014/43792-tirocinio-in-biblioteca-dal-volontariato-progetto-giovanisi-regione-toscana/
http://www.wikidata.org/entity/Q102802821,A come Advocacy,Sandra Di Majo (femmina),2014,,,,Associazione Italiana Biblioteche,Creative Commons Attribution,Bibelot,2,20,,https://www.aib.it/struttura/sezioni/toscana/bibelot/bibelot-2-2014/2014/45378-come-advocacy/
http://www.wikidata.org/entity/Q102822425,Riflessione dopo il Congresso IFLA,Federica Riva (femmina),2014,,,,Associazione Italiana Biblioteche,Creative Commons Attribution,Bibelot,2,,,https://www.aib.it/struttura/sezioni/toscana/bibelot/bibelot-2-2014/2014/45398-riflessione-dopo-congresso-ifla/
http://www.wikidata.org/entity/Q102392806,Le collezioni digitali del Museo Galileo,,2014,,,,Associazione Italiana Biblioteche,Creative Commons Attribution,Bibelot,1,,,https://www.aib.it/struttura/sezioni/toscana/bibelot/bibelot-1-2014/2014/43781-collezioni-digitali-museo-galileo/
http://www.wikidata.org/entity/Q104150703,La biblioteca comunale di Pietrasanta,,1995,,,,Associazione Italiana Biblioteche,Creative Commons Attribution,Bibelot,2,1,,
http://www.wikidata.org/entity/Q104150702,Rivedere la 33/76: il futuro delle biblioteche toscane,,1995,biblioteca pubblica; legislazione,,,Associazione Italiana Biblioteche,Creative Commons Attribution,Bibelot,2,1,,
http://www.wikidata.org/entity/Q102392285,Giovani e professioni: servizi per lavorare in biblioteca – Riflessioni a margine di un incontro,Simona Turbanti (femmina),2014,,,,Associazione Italiana Biblioteche,Creative Commons Attribution,Bibelot,1,,,https://www.aib.it/struttura/sezioni/toscana/bibelot/bibelot-1-2014/2014/43776-giovani-professioni-servizi-per-lavorare-in-biblioteca-riflessioni-margine-incontro/
http://www.wikidata.org/entity/Q102392889,Studenti della Syracuse University in visita alle Biblioteche toscane,Anna Maria Tammaro (femmina),2014,,,,Associazione Italiana Biblioteche,Creative Commons Attribution,Bibelot,1,,,https://www.aib.it/struttura/sezioni/toscana/bibelot/bibelot-1-2014/2014/43784-studenti-syracuse-university-in-visita-alle-biblioteche-toscane/
http://www.wikidata.org/entity/Q102393180,MediaLibraryOnLine,,2014,,,,Associazione Italiana Biblioteche,Creative Commons Attribution,Bibelot,1,,,https://www.aib.it/struttura/sezioni/toscana/bibelot/bibelot-1-2014/2014/43786-medialibraryonline/
http://www.wikidata.org/entity/Q102822746,Profili della nuova generazione: Monica Armanetti,,2014,,,,Associazione Italiana Biblioteche,Creative Commons Attribution,Bibelot,2,,,https://www.aib.it/struttura/sezioni/toscana/bibelot/bibelot-2-2014/2014/45402-profili-nuova-generazione-monica-armanetti/
http://www.wikidata.org/entity/Q101996668,L'inverno del nostro scontento,Grazia Asta (femmina),2020,,,,Associazione Italiana Biblioteche,Creative Commons Attribution,Bibelot,2,26,,https://riviste.aib.it/index.php/bibelot/article/view/12240
http://www.wikidata.org/entity/Q104213403,Lettera aperta al Sindaco di Fiesole,,1996,,,,Associazione Italiana Biblioteche,Creative Commons Attribution,Bibelot,1,2,,
http://www.wikidata.org/entity/Q104150704,Copyright e biblioteche,Elena Boretti (femmina),1995,biblioteca; legislazione; copyright,,,Associazione Italiana Biblioteche,Creative Commons Attribution,Bibelot,2,1,2-3,
http://www.wikidata.org/entity/Q104250763,La Regione Toscana non sarà più distributore di Isis,,1998,,,,Associazione Italiana Biblioteche,Creative Commons Attribution,Bibelot,1,4,,
http://www.wikidata.org/entity/Q104250773,Attivo AIB all'Universitaria di Pisa,Alessandro Sardelli (maschio),1988,associazione; bibliotecario,,,Associazione Italiana Biblioteche,Creative Commons Attribution,Bibelot,2,4,,https://www.aib.it/aib/sezioni/toscana/b9802c.htm
http://www.wikidata.org/entity/Q104250793,Ministero per i beni culturali: quale decentramento?,,1998,,,,Associazione Italiana Biblioteche,Creative Commons Attribution,Bibelot,3,4,,https://www.aib.it/aib/sezioni/toscana/b9803a.htm
http://www.wikidata.org/entity/Q104250752,Comunicazione di massa e produzione editoriale,,1998,,,,Associazione Italiana Biblioteche,Creative Commons Attribution,Bibelot,1,4,,
http://www.wikidata.org/entity/Q104250798,L'AIB incontra l'assessore Cazzola,,1998,,,,Associazione Italiana Biblioteche,Creative Commons Attribution,Bibelot,3,4,,
http://www.wikidata.org/entity/Q104381885,Storia locale a Firenze,,1999,,,,Associazione Italiana Biblioteche,Creative Commons Attribution,Bibelot,1,5,,https://www.aib.it/aib/sezioni/toscana/bibelot/b9901r.htm
http://www.wikidata.org/entity/Q104250756,Biblioteche pubbliche e biblioteche di qualità,,1998,,,,Associazione Italiana Biblioteche,Creative Commons Attribution,Bibelot,1,4,,
http://www.wikidata.org/entity/Q104250778,Prove di qualità totale,,1998,,,,Associazione Italiana Biblioteche,Creative Commons Attribution,Bibelot,2,4,,https://www.aib.it/aib/sezioni/toscana/b9802d.htm
http://www.wikidata.org/entity/Q104381859,I tesori della Riccardiana e della Moreniana,,1999,,,,Associazione Italiana Biblioteche,Creative Commons Attribution,Bibelot,1,5,,https://www.aib.it/aib/sezioni/toscana/bibelot/b9901s.htm
http://www.wikidata.org/entity/Q104250758,Due commissioni per un codice,Mauro Guerrini (maschio),1998,,,,Associazione Italiana Biblioteche,Creative Commons Attribution,Bibelot,1,4,,
http://www.wikidata.org/entity/Q104250795,Biblioteche toscane nel web,,1998,,,,Associazione Italiana Biblioteche,Creative Commons Attribution,Bibelot,3,4,,https://www.aib.it/aib/sezioni/toscana/b9803b.htm
http://www.wikidata.org/entity/Q104250790,E' nata PUBBLICA,Susanna Giaccai (femmina),1988,,,,Associazione Italiana Biblioteche,Creative Commons Attribution,Bibelot,2,4,,
http://www.wikidata.org/entity/Q104250786,"il ""gambero rosso"" delle biblioteche toscane",,1988,,,,Associazione Italiana Biblioteche,Creative Commons Attribution,Bibelot,2,4,,
http://www.wikidata.org/entity/Q104381890,"""Un progetto di biblioteca"" Mostra del modellino ligneo rappresentante la Biblioteca Marucelliana",,1999,,,,Associazione Italiana Biblioteche,Creative Commons Attribution,Bibelot,1,5,,https://www.aib.it/aib/sezioni/toscana/bibelot/b9901m1.htm
http://www.wikidata.org/entity/Q104250766,Alcune note a margine sulla proposta di albo professionale (sintesi),,1998,,,,Associazione Italiana Biblioteche,Creative Commons Attribution,Bibelot,1,4,,
http://www.wikidata.org/entity/Q104250768,Lettera aperta a Luigi Crocetti,,1998,,,,Associazione Italiana Biblioteche,Creative Commons Attribution,Bibelot,1,4,,
http://www.wikidata.org/entity/Q104250775,Segnali positivi,,1988,,,,Associazione Italiana Biblioteche,Creative Commons Attribution,Bibelot,2,4,,
http://www.wikidata.org/entity/Q104250781,PIC: periodici in catalogo,,1988,,,,Associazione Italiana Biblioteche,Creative Commons Attribution,Bibelot,2,4,,https://www.aib.it/aib/sezioni/toscana/b9802e.htm
http://www.wikidata.org/entity/Q104381886,Fonti storiche a Sesto Fiorentino,,1999,,,,Associazione Italiana Biblioteche,Creative Commons Attribution,Bibelot,1,5,,https://www.aib.it/aib/sezioni/toscana/bibelot/b9901q.htm
http://www.wikidata.org/entity/Q104381887,"Subject: ""Siamo in guerra""",,1999,,,,Associazione Italiana Biblioteche,Creative Commons Attribution,Bibelot,1,5,,https://www.aib.it/aib/sezioni/toscana/bibelot/b9901p.htm
http://www.wikidata.org/entity/Q104381888,Una ricerca in toscana tra delusioni e sorprese,,1999,,,,Associazione Italiana Biblioteche,Creative Commons Attribution,Bibelot,1,5,,https://www.aib.it/aib/sezioni/toscana/bibelot/b9901o.htm
http://www.wikidata.org/entity/Q104250769,Incontri a tema,,1998,,,,Associazione Italiana Biblioteche,Creative Commons Attribution,Bibelot,2,4,,
http://www.wikidata.org/entity/Q104381889,Biblioteca statale di Lucca,,1999,,,,Associazione Italiana Biblioteche,Creative Commons Attribution,Bibelot,1,5,,https://www.aib.it/aib/sezioni/toscana/bibelot/b9901n.htm
http://www.wikidata.org/entity/Q104250761,Associazioni fra documentazione e ricerca,,1998,,,,Associazione Italiana Biblioteche,Creative Commons Attribution,Bibelot,1,4,,
http://www.wikidata.org/entity/Q104250772,Si avvicina il decennale del CID di Prato: quale bilancio?,,1988,,,,Associazione Italiana Biblioteche,Creative Commons Attribution,Bibelot,2,4,,https://www.aib.it/aib/sezioni/toscana/b9802b.htm
http://www.wikidata.org/entity/Q104250784,Biblioteche in rete,,1988,,,,Associazione Italiana Biblioteche,Creative Commons Attribution,Bibelot,2,4,,
http://www.wikidata.org/entity/Q104250788,Una risposta (scarsa) a Giulia Visintin,Luigi Crocetti (maschio),1998,lettera; biblioteconomia; filigrana di carta; Giulia Visintin,,,Associazione Italiana Biblioteche,Creative Commons Attribution,Bibelot,2,4,7,
http://www.wikidata.org/entity/Q104382464,La formazione professionale al tempo del Covid-19,,2020,,,,Associazione Italiana Biblioteche,Creative Commons Attribution,Bibelot,1,26,,https://riviste.aib.it/index.php/bibelot/article/view/12033
http://www.wikidata.org/entity/Q104381905,Associazione italiana biblioteche. Programma di attività 1999,,1999,,,,Associazione Italiana Biblioteche,Creative Commons Attribution,Bibelot,1,5,,https://www.aib.it/aib/sezioni/toscana/bibelot/b9901c.htm
http://www.wikidata.org/entity/Q104382471,“Facimmo ammuina”? Le iniziative delle biblioteche toscane al tempo del Coronavirus,,2020,,,,Associazione Italiana Biblioteche,Creative Commons Attribution,Bibelot,1,26,,https://riviste.aib.it/index.php/bibelot/article/view/12035
http://www.wikidata.org/entity/Q104382465,Didattica a distanza: strumenti e criticità,,2020,,,,Associazione Italiana Biblioteche,Creative Commons Attribution,Bibelot,1,26,,https://riviste.aib.it/index.php/bibelot/article/view/12032
http://www.wikidata.org/entity/Q104382468,Regione Toscana: la cultura in soccorso dell’emergenza COVID,,2020,,,,Associazione Italiana Biblioteche,Creative Commons Attribution,Bibelot,1,26,,https://riviste.aib.it/index.php/bibelot/article/view/12043
http://www.wikidata.org/entity/Q104382460,Wikipedia e la pandemia,,2020,Wikipedia; Ricerche scientifiche su Wikipedia,,,Associazione Italiana Biblioteche,Creative Commons Attribution,Bibelot,1,26,,https://riviste.aib.it/index.php/bibelot/article/view/12029
http://www.wikidata.org/entity/Q104455507,"Recensione a: David Lankes (2020) Biblioteche innovative in un mondo che cambia, Bibliografica",Anna Maria Tammaro (femmina),2020,,,,Associazione Italiana Biblioteche,Creative Commons Attribution,Bibelot,2,26,,https://riviste.aib.it/index.php/bibelot/article/view/12192
http://www.wikidata.org/entity/Q116282238,L'anagrafe delle Biblioteche italiane in Wikidata,Davide Rolleri (maschio),2022,Wikidata; Anagrafe delle biblioteche italiane,,,Associazione Italiana Biblioteche,Creative Commons Attribution,Bibelot,3,28,,https://riviste.aib.it/index.php/bibelot/article/view/13809/11870
http://www.wikidata.org/entity/Q104382459,Biblioteche in sicurezza,,2020,,,,Associazione Italiana Biblioteche,Creative Commons Attribution,Bibelot,1,26,,https://riviste.aib.it/index.php/bibelot/article/view/12036
http://www.wikidata.org/entity/Q104382473,Biblioteche pubbliche statali fiorentine ai tempi del Coronavirus,,2020,,,,Associazione Italiana Biblioteche,Creative Commons Attribution,Bibelot,1,26,,https://riviste.aib.it/index.php/bibelot/article/view/12040
http://www.wikidata.org/entity/Q107699770,Che cosa succede?,Carlo Ghilli (maschio),2021,reti documentarie toscane; pandemia di COVID-19,,,Associazione Italiana Biblioteche,Creative Commons Attribution,Bibelot,1 (Gennaio - Aprile 2021),27,,
http://www.wikidata.org/entity/Q104381903,Avvicendamento nell'esecutivo regionale,,,,,,Associazione Italiana Biblioteche,Creative Commons Attribution,Bibelot,,5,,
http://www.wikidata.org/entity/Q104382469,Bibliotecari in quarantena,,2020,,,,Associazione Italiana Biblioteche,Creative Commons Attribution,Bibelot,1,26,,https://riviste.aib.it/index.php/bibelot/article/view/12028
http://www.wikidata.org/entity/Q124344840,Progettare i progetti,Luigi Crocetti (maschio),1999,lettera; biblioteconomia; filigrana di carta,,,Associazione Italiana Biblioteche,Creative Commons Attribution,Bibelot,2,5,"1, 3",
http://www.wikidata.org/entity/Q125451860,Visti da lontano: come ci vedono (e ci giudicano) i bibliotecari stranieri: intervista a Michael Malinconico,Elisabetta Francioni (femmina); S. Michael Malinconico (maschio),2002,bibliotecario; addestramento; professione bibliotecaria,,,Associazione Italiana Biblioteche,Creative Commons Attribution,Bibelot,1,8,,https://www.aib.it/aib/sezioni/toscana/bibelot/0201/b0201b.htm
http://www.wikidata.org/entity/Q125500024,Imparare a fare a meno dei libri?,Giulia Visintin (femmina),1998,bibliotecario; addestramento; professione bibliotecaria,,,Associazione Italiana Biblioteche,Creative Commons Attribution,Bibelot,3,4,,
http://www.wikidata.org/entity/Q125959522,10 domande ai professori di biblioteconomia,,1995,bibliotecario; insegnamento,,,Associazione Italiana Biblioteche,Creative Commons Attribution,Bibelot,1,1,,
http://www.wikidata.org/entity/Q128308912,Pierluigi Gherardi: un ricordo,Mauro Guerrini (maschio),2004,bibliografia; bibliotecario,,,Associazione Italiana Biblioteche,Creative Commons Attribution,Bibelot,2,10,4,
http://www.wikidata.org/entity/Q130362547,Un bibliotecario nel francobollo,,2002,bibliografia; biblioteconomia,,,Associazione Italiana Biblioteche,Creative Commons Attribution,Bibelot,2,8,8,
http://www.wikidata.org/entity/Q131438467,Chi lavora nelle biblioteche di ente locale?,Grazia Asta (femmina); Marco Pinzani (maschio),2003,professione; bibliotecario,,,Associazione Italiana Biblioteche,Creative Commons Attribution,Bibelot,1,7,1-7,
http://www.wikidata.org/entity/Q131459329,Bibliotecari e profili professionali negli atenei toscani,Beatrice Bargagna (femmina),2001,professione; bibliotecario,,,Associazione Italiana Biblioteche,Creative Commons Attribution,Bibelot,2,7,3,
http://www.wikidata.org/entity/Q131459633,"Un'indagine sugli ""atipici"" nelle biblioteche toscane",Silvia Bruni (femmina),2003,professione; bibliotecario,,,Associazione Italiana Biblioteche,Creative Commons Attribution,Bibelot,3,9,4,
http://www.wikidata.org/entity/Q131502873,I nuovi scenari della professione,,2000,professione; bibliotecario,,,Associazione Italiana Biblioteche,Creative Commons Attribution,Bibelot,3,6,4-5,
http://www.wikidata.org/entity/Q131542651,Contratto enti locali: ricompaiono i bibliotecari... (almeno per ora),Marco Pinzani (maschio),2003,professione; bibliotecario,,,Associazione Italiana Biblioteche,Creative Commons Attribution,Bibelot,3,9,4,
http://www.wikidata.org/entity/Q131569299,L'assenza di politica,Alessandro Sardelli (maschio),2004,professione; bibliotecario,,,Associazione Italiana Biblioteche,Creative Commons Attribution,Bibelot,2,10,1-2,
http://www.wikidata.org/entity/Q131606824,I giovani e il lavoro in biblioteca: un'indagine nelle biblioteche toscane,Maria Rita Macchi (femmina),2000,bibliotecario; formazione professionale; reclutamento,,,Associazione Italiana Biblioteche,Creative Commons Attribution,Bibelot,3,6,3,
http://www.wikidata.org/entity/Q131606924,Riconosciuto il tirocinio formativo: un'occasione per le biblioteche,Patrizia Lùperi (femmina),1998,bibliotecario; formazione professionale; reclutamento,,,Associazione Italiana Biblioteche,Creative Commons Attribution,Bibelot,3,4,11,
http://www.wikidata.org/entity/Q131607096,La presenza dei giovani in biblioteca: quali garanzie per il futuro?: al via una rilevazione negli istituti toscani,Simona Turbanti (femmina); Anna Galluzzi (femmina),2000,bibliotecario; insegnamento; reclutamento,,,Associazione Italiana Biblioteche,Creative Commons Attribution,Bibelot,1,6,7,
http://www.wikidata.org/entity/Q131682430,Bibliotecari e carriera,Marcella Previti (femmina),2000,professione; bibliotecario,,,Associazione Italiana Biblioteche,Creative Commons Attribution,Bibelot,2,6,10,
http://www.wikidata.org/entity/Q131781759,Bilancio alla scadenza del mandato,,2000,bibliotecario; associazione,,,Associazione Italiana Biblioteche,Creative Commons Attribution,Bibelot,1,6,1-3,
http://www.wikidata.org/entity/Q131781771,Dopo Trieste...,,1996,bibliotecario; associazione,,,Associazione Italiana Biblioteche,Creative Commons Attribution,Bibelot,3,2,1-3,
http://www.wikidata.org/entity/Q131781800,Programma politico del nuovo Esecutivo AIB Toscana: testo del documento approvato nell'assemblea di insediamento del CER tenutasi il 24-9-2003,,2003,bibliotecario; associazione,,,Associazione Italiana Biblioteche,Creative Commons Attribution,Bibelot,3,9,3,
http://www.wikidata.org/entity/Q131920244,Le attività per il 1998: il programma della Sezione Toscana AIB,,1998,bibliotecario; associazione,,,Associazione Italiana Biblioteche,Creative Commons Attribution,Bibelot,1,4,5,
http://www.wikidata.org/entity/Q131931300,Fra interrogativi e spirito di servizio,Paolo Panizza (maschio),2003,associazione; bibliotecario,,,Associazione Italiana Biblioteche,Creative Commons Attribution,Bibelot,2,9,1-2,
http://www.wikidata.org/entity/Q131932378,Fasi alterne,Carlo Paravano (maschio),1999,associazione; bibliotecario,,,Associazione Italiana Biblioteche,Creative Commons Attribution,Bibelot,2,5,3,
http://www.wikidata.org/entity/Q131932403,La presenza del CER toscano al 43° Congresso nazionale [dell'AIB],Carlo Paravano (maschio),1997,associazione; bibliotecario,,,Associazione Italiana Biblioteche,Creative Commons Attribution,Bibelot,2/3,3,8,
http://www.wikidata.org/entity/Q131932443,Confessioni di un neopresidente,Rino Pensato (maschio),1993,associazione; bibliotecario,,,Associazione Italiana Biblioteche,Creative Commons Attribution,Bibelot,4,4,3,
http://www.wikidata.org/entity/Q132126758,"Un disagio, una preoccupazione",Igino Poggiali (maschio),2002,associazione; bibliotecario,,,Associazione Italiana Biblioteche,Creative Commons Attribution,Bibelot,2,8,4-6,
http://www.wikidata.org/entity/Q132127027,"Biblioteche, eventi e... campanili",Massimo Rolle (maschio),1999,associazione; bibliotecario,,,Associazione Italiana Biblioteche,Creative Commons Attribution,Bibelot,3,5,6,
http://www.wikidata.org/entity/Q132127041,I motivi di una sconfitta e i compiti che ci aspettano: una riflessione dal presidente toscano uscente,Massimo Rolle (maschio),2003,associazione; bibliotecario,,,Associazione Italiana Biblioteche,Creative Commons Attribution,Bibelot,2,9,3,
http://www.wikidata.org/entity/Q132127110,Rinnovamento e flessibilità,Massimo Rolle (maschio),2000,associazione; bibliotecario,,,Associazione Italiana Biblioteche,Creative Commons Attribution,Bibelot,2,6,1-2,
http://www.wikidata.org/entity/Q132127212,Stati generali del Colap a Roma: un primo passo per il riconoscimento professionale dei bibliotecari,Massimo Rolle (maschio),2004,associazione; bibliotecario,,,Associazione Italiana Biblioteche,Creative Commons Attribution,Bibelot,1,10,2,
http://www.wikidata.org/entity/Q132127224,"Un bilancio, un impegno",Massimo Rolle (maschio),2001,associazione; Bibelot,,,Associazione Italiana Biblioteche,Creative Commons Attribution,Bibelot,3,7,1-2,
http://www.wikidata.org/entity/Q132130690,"Un disagio, un impegno",Massimo Rolle (maschio),2002,associazione; bibliotecario,,,Associazione Italiana Biblioteche,Creative Commons Attribution,Bibelot,1,8,1-2,
http://www.wikidata.org/entity/Q132130847,Il Colap in Toscana,Alessandro Sardelli (maschio),2003,associazione; bibliotecario,,,Associazione Italiana Biblioteche,Creative Commons Attribution,Bibelot,1,9,3,
http://www.wikidata.org/entity/Q132131051,Un'associazione per contare di più,,2003,associazione; bibliotecario,,,Associazione Italiana Biblioteche,Creative Commons Attribution,Bibelot,1,9,4,
http://www.wikidata.org/entity/Q133263063,"È nato il ""Notiziario bibliografico toscano"": un nuovo strumento di valorizzazione dell'editoria locale",Walter Scancarello (maschio),2002,bibliografia; repertorio,,,Associazione Italiana Biblioteche,Creative Commons Attribution,Bibelot,1,8,9,
http://www.wikidata.org/entity/Q104382457,Autori,,2020,,,,Associazione Italiana Biblioteche,Creative Commons Attribution,Bibelot,1,26,,https://riviste.aib.it/index.php/bibelot/article/view/12044
http://www.wikidata.org/entity/Q136379142,"La nuova Biblioteca di scienze sociali: il più grande intervento di edilizia bibliotecaria a Firenze, dalla costruzione della Nazionale",Lucilla Conigliello (femmina); Maria Giulia Maraviglia (femmina); Gianni Galeota (maschio),2003,università; biblioteca,,,Associazione Italiana Biblioteche,Creative Commons Attribution,Bibelot,3,9,1,
http://www.wikidata.org/entity/Q136456962,"L'Università di Firenze partecipa a un progetto europeo del programma ""Telematics for libraries"": Euler: accesso integrato a risorse eterogenee di matematica usando una comune descrizione in Dublin core",Patrizia Cotoneschi (femmina),2000,università; biblioteca,,,Associazione Italiana Biblioteche,Creative Commons Attribution,Bibelot,2,6,9,
http://www.wikidata.org/entity/Q136461995,Zelig: il camaleontico bibliotecario dell'università,Elisabetta Di Benedetto (femmina),2004,università; biblioteca,,,Associazione Italiana Biblioteche,Creative Commons Attribution,Bibelot,2,10,10,
http://www.wikidata.org/entity/Q136462742,Biblioteche e perimetro bibliografico,Anna Maria Tammaro (femmina),2025,,,,Associazione Italiana Biblioteche,Creative Commons Attribution,Bibelot,1,31,,
http://www.wikidata.org/entity/Q136678881,La Biblioteca della Scuola normale superiore di Pisa,,1995,università; biblioteca,,,Associazione Italiana Biblioteche,Creative Commons Attribution,Bibelot,3,1,6-7,
http://www.wikidata.org/entity/Q104382462,Se lei dovesse scegliere: librerie e libertà al tempo del Coronavirus,,2020,,,,Associazione Italiana Biblioteche,Creative Commons Attribution,Bibelot,1,26,,https://riviste.aib.it/index.php/bibelot/article/view/12031
http://www.wikidata.org/entity/Q104382467,L’esperienza del coordinamento regionale DigiToscana MLOL ai tempi del Coronavirus,,2020,,,,Associazione Italiana Biblioteche,Creative Commons Attribution,Bibelot,1,26,,https://riviste.aib.it/index.php/bibelot/article/view/12042
http://www.wikidata.org/entity/Q104382466,"Nuovi concetti, nuovi termini ai tempi del Coronavirus",,2020,,,,Associazione Italiana Biblioteche,Creative Commons Attribution,Bibelot,1,26,,https://riviste.aib.it/index.php/bibelot/article/view/12038
http://www.wikidata.org/entity/Q104382475,Esternalizzazioni ai tempi del Coronavirus,,2020,,,,Associazione Italiana Biblioteche,Creative Commons Attribution,Bibelot,1,26,,https://riviste.aib.it/index.php/bibelot/article/view/12039
http://www.wikidata.org/entity/Q104382463,Un’alluvione di cultura ci salverà?,,2020,,,,Associazione Italiana Biblioteche,Creative Commons Attribution,Bibelot,1,26,,https://riviste.aib.it/index.php/bibelot/article/view/12034
http://www.wikidata.org/entity/Q104382472,Organizzare l'emergenza all'Università di Firenze,,2020,,,,Associazione Italiana Biblioteche,Creative Commons Attribution,Bibelot,1,26,,https://riviste.aib.it/index.php/bibelot/article/view/12037
http://www.wikidata.org/entity/Q104381904,E' primavera,,1999,,,,Associazione Italiana Biblioteche,Creative Commons Attribution,Bibelot,1,5,,https://www.aib.it/aib/sezioni/toscana/bibelot/b9901d.htm
http://www.wikidata.org/entity/Q104382458,Come cambiano nel mondo i servizi delle biblioteche per il Coronavirus,Anna Maria Tammaro (femmina),2020,,,,Associazione Italiana Biblioteche,Creative Commons Attribution,Bibelot,1,26,,https://riviste.aib.it/index.php/bibelot/article/view/12030
http://www.wikidata.org/entity/Q104382470,Una lezione da imparare,Maria Stella Rasetti (femmina),2020,,,,Associazione Italiana Biblioteche,Creative Commons Attribution,Bibelot,1,26,,https://riviste.aib.it/index.php/bibelot/article/view/12027
http://www.wikidata.org/entity/Q70982360,"Il fondo Gioacchino Volpe. Rileggendo ""Ottobre 1917. Dall'Isonzo al Piave""",Donata Mancini (femmina),1995,fondo speciale,Scopus; Journal Citation Reports; SCImago Journal Rank,,Il Mulino,,Memoria e ricerca MR: rivista di storia contemporanea,5,3,202-210,
http://www.wikidata.org/entity/Q118971301,Contadine e politica nel ventennio La Sezione Massaie rurali dei Fasci femminili,,2020,Federazione nazionale fascista delle massaie rurali,SCImago Journal Rank,,,,Italia contemporanea,,,31-47,https://www.reteparri.it/wp-content/uploads/ic/IC_218_2000_2_r.pdf
http://www.wikidata.org/entity/Q126341263,<i>Inscriptiones Graecae</i> Between Present and Future,,2019,,DOAJ; SCImago Journal Rank,10.30687/AXON/2532-6848/2019/02/002,Università Ca' Foscari Venezia,Creative Commons Attribution,,2,,,https://edizionicafoscari.unive.it/riviste/axon/2019/2/inscriptiones-graecae-between-present-and-future/
http://www.wikidata.org/entity/Q126342482,Collezioni di calchi epigrafici: una nuova risorsa digitale,,2019,,DOAJ; SCImago Journal Rank,10.30687/AXON/2532-6848/2019/02/004,Università Ca' Foscari Venezia,Creative Commons Attribution,,2,,,https://edizionicafoscari.unive.it/riviste/axon/2019/2/collezioni-di-calchi-epigrafici-una-nuova-risorsa-/
http://www.wikidata.org/entity/Q126343950,Per una prosopografia dei sacerdoti e delle sacerdotesse ateniesi in età imperiale: note preliminari,,2019,,DOAJ; SCImago Journal Rank,10.30687/AXON/2532-6848/2019/02/006,Università Ca' Foscari Venezia,Creative Commons Attribution,,2,,,https://edizionicafoscari.unive.it/riviste/axon/2019/2/per-una-prosopografia-dei-sacerdoti-e-delle-sacerd/
http://www.wikidata.org/entity/Q126346475,Il culto del fondatore nella documentazione epigrafica,,2019,,DOAJ; SCImago Journal Rank,10.30687/AXON/2532-6848/2019/02/011,Università Ca' Foscari Venezia,Creative Commons Attribution,,2,,,https://edizionicafoscari.unive.it/riviste/axon/2019/2/il-culto-del-fondatore-nella-documentazione-epigra/
http://www.wikidata.org/entity/Q126346523,"AIEGL e SAEG: non solo acronimi, ma punti di partenza",,2019,,DOAJ; SCImago Journal Rank,10.30687/AXON/2532-6848/2019/02/001,Università Ca' Foscari Venezia,Creative Commons Attribution,,2,,,https://edizionicafoscari.unive.it/riviste/axon/2019/2/prefazione/
http://www.wikidata.org/entity/Q126348372,GEI. Greek Economic Inscriptions (online),,2019,,DOAJ; SCImago Journal Rank,10.30687/AXON/2532-6848/2019/02/008,Università Ca' Foscari Venezia,Creative Commons Attribution,,2,,,https://edizionicafoscari.unive.it/riviste/axon/2019/2/gei-greek-economic-inscriptions-online-geisnsit/
http://www.wikidata.org/entity/Q126348559,Le fortificazioni ateniesi nell’età classica: note su alcuni <i>horoi</i> di interpretazione incerta,,2019,,DOAJ; SCImago Journal Rank,10.30687/AXON/2532-6848/2019/02/017,Università Ca' Foscari Venezia,Creative Commons Attribution,,2,,,https://edizionicafoscari.unive.it/riviste/axon/2019/2/le-fortificazioni-ateniesi-nelleta-classica-note-s/
http://www.wikidata.org/entity/Q126348563,Epigrafi bilingui a Roma,,2019,,DOAJ; SCImago Journal Rank,10.30687/AXON/2532-6848/2019/02/023,Università Ca' Foscari Venezia,Creative Commons Attribution,,2,,,https://edizionicafoscari.unive.it/riviste/axon/2019/2/epigrafi-bilingui-a-roma/
http://www.wikidata.org/entity/Q126348561,Il paesaggio epigrafico di Atene: iscrizioni pubbliche e spazio urbano nell’Atene ellenistica,,2019,,DOAJ; SCImago Journal Rank,10.30687/AXON/2532-6848/2019/02/010,Università Ca' Foscari Venezia,Creative Commons Attribution,,2,,,https://edizionicafoscari.unive.it/riviste/axon/2019/2/il-paesaggio-epigrafico-di-atene-iscrizioni-pubbli/
http://www.wikidata.org/entity/Q126348582,Regolamento doganale di Cauno (B10-C1),,2019,,DOAJ; SCImago Journal Rank,10.30687/AXON/2532-6848/2019/02/020,Università Ca' Foscari Venezia,Creative Commons Attribution,,2,,,https://edizionicafoscari.unive.it/riviste/axon/2019/2/regolamento-doganale-di-cauno-b10-c1/
http://www.wikidata.org/entity/Q126349087,Acqua nella valle del Lico (Hierapolis di Frigia e Laodicea),,2019,,DOAJ; SCImago Journal Rank,10.30687/AXON/2532-6848/2019/02/016,Università Ca' Foscari Venezia,Creative Commons Attribution,,2,,,https://edizionicafoscari.unive.it/riviste/axon/2019/2/acqua-nella-valle-del-lico-hierapolis-di-frigia-e-/
http://www.wikidata.org/entity/Q126349115,PCR Aleria: aspetti epigrafici,,2019,,DOAJ; SCImago Journal Rank,10.30687/AXON/2532-6848/2019/02/015,Università Ca' Foscari Venezia,Creative Commons Attribution,,2,,,https://edizionicafoscari.unive.it/riviste/axon/2019/2/pcr-aleria-aspetti-epigrafici/
http://www.wikidata.org/entity/Q126349181,<i>CEG</i> online: presentazione del progetto e stato dei lavori,,2019,,DOAJ; SCImago Journal Rank,10.30687/AXON/2532-6848/2019/02/009,Università Ca' Foscari Venezia,Creative Commons Attribution,,2,,,https://edizionicafoscari.unive.it/riviste/axon/2019/2/ceg-online-presentazione-del-progetto-e-stato-dei-/
http://www.wikidata.org/entity/Q126349443,"Esclusioni etniche nei regolamenti cultuali greci: la norma di Paros (<i>IG</i> XII 5, 225)",,2019,,DOAJ; SCImago Journal Rank,10.30687/AXON/2532-6848/2019/02/022,Università Ca' Foscari Venezia,Creative Commons Attribution,,2,,,https://edizionicafoscari.unive.it/riviste/axon/2019/2/esclusioni-etniche-nei-regolamenti-cultuali-grecil/
http://www.wikidata.org/entity/Q126349861,L’attività agonistica di attori e musicisti nelle iscrizioni greche del I e II secolo d.C.,,2019,,DOAJ; SCImago Journal Rank,10.30687/AXON/2532-6848/2019/02/013,Università Ca' Foscari Venezia,Creative Commons Attribution,,2,,,https://edizionicafoscari.unive.it/riviste/axon/2019/2/lattivita-agonistica-di-attori-e-musicisti-nelle-i/
http://www.wikidata.org/entity/Q126349863,Su due<i>kitharodoi</i>di Kos,,2019,,DOAJ; SCImago Journal Rank,10.30687/AXON/2532-6848/2019/02/018,Università Ca' Foscari Venezia,Creative Commons Attribution,,2,,,https://edizionicafoscari.unive.it/riviste/axon/2019/2/su-due-kitharodoi-di-kos/
http://www.wikidata.org/entity/Q126349864,Aspetti economici di un nuovo calendario sacrificale arcade del V secolo a.C.,,2019,,DOAJ; SCImago Journal Rank,10.30687/AXON/2532-6848/2019/02/021,Università Ca' Foscari Venezia,Creative Commons Attribution,,2,,,https://edizionicafoscari.unive.it/riviste/axon/2019/2/aspetti-economici-di-un-nuovo-calendario-sacrifica/
http://www.wikidata.org/entity/Q126349975,À propos de <i>Collezioni epigrafiche della Grecia occidentale</i>,,2019,,DOAJ; SCImago Journal Rank,10.30687/AXON/2532-6848/2019/02/003,Università Ca' Foscari Venezia,Creative Commons Attribution,,2,,,https://edizionicafoscari.unive.it/riviste/axon/2019/2/a-propos-de-collezioni-epigrafiche-della-grecia-oc/
http://www.wikidata.org/entity/Q126350016,<i>Ostraka </i>e iscrizioni su ceramica da Efeso tardo-antica,,2019,,DOAJ; SCImago Journal Rank,10.30687/AXON/2532-6848/2019/02/005,Università Ca' Foscari Venezia,Creative Commons Attribution,,2,,,https://edizionicafoscari.unive.it/riviste/axon/2019/2/ostraka-e-iscrizioni-su-ceramica-da-efeso-tardo-an/
http://www.wikidata.org/entity/Q126350572,Μηδὲν (ὑπ)εναντίον πράττειν: uno slogan della diplomazia filoromana dopo Pidna?,,2019,,DOAJ; SCImago Journal Rank,10.30687/AXON/2532-6848/2019/02/014,Università Ca' Foscari Venezia,Creative Commons Attribution,,2,,,https://edizionicafoscari.unive.it/riviste/axon/2019/2/uno-slogan-della-diplomazia-filoromana-dopo-pidna/
http://www.wikidata.org/entity/Q126353288,"Le pietre e le migrazioni: <i>Mare Nostrum</i>, un progetto scolastico",,2019,,DOAJ; SCImago Journal Rank,10.30687/AXON/2532-6848/2019/02/019,Università Ca' Foscari Venezia,Creative Commons Attribution,,2,,,https://edizionicafoscari.unive.it/riviste/axon/2019/2/le-pietre-e-le-migrazioni-mare-nostrum-un-progetto/
http://www.wikidata.org/entity/Q126353330,Una lettera di Filippo V agli Ateniesi di Efestia (Lemno),,2019,,DOAJ; SCImago Journal Rank,10.30687/AXON/2532-6848/2019/02/012,Università Ca' Foscari Venezia,Creative Commons Attribution,,2,,,https://edizionicafoscari.unive.it/riviste/axon/2019/2/una-lettera-di-filippo-v-agli-ateniesi-di-efestia-/
http://www.wikidata.org/entity/Q126353715,Two Notes on the Collection of Greek Ritual Norms,,2019,,DOAJ; SCImago Journal Rank,10.30687/AXON/2532-6848/2019/02/007,Università Ca' Foscari Venezia,Creative Commons Attribution,,2,,,https://edizionicafoscari.unive.it/riviste/axon/2019/2/two-notes-on-the-collection-of-greek-ritual-norms-/
http://www.wikidata.org/entity/Q135225002,"L'informatica in biblioteca, il libro in mediateca: conflitti o integrazioni?",Paolo Giovannetti (maschio),1997,biblioteca; organizzazione,SCImago Journal Rank,,,,Italia contemporanea,,207,421-424,
http://www.wikidata.org/entity/Q135399271,"Un equilibrio difficile: riservatezza, conservazione della memoria e ricerca storica",Marina Giannetto (femmina),1999,archivistica,SCImago Journal Rank,,,,Italia contemporanea,,214,127-140,
http://www.wikidata.org/entity/Q114674485,"Ripensare il Novecento, e le sue idee politiche",Marco Bresciani (maschio),2012,,Scopus; SCImago Journal Rank; Emerging Sources Citation Index,10.4479/37760,,,,2,,332-336,
http://www.wikidata.org/entity/Q133757004,Tra bibliografia e teatro: la Scena letteraria di Donato Calvi,Antonella Orlandi (femmina),2002,storia; bibliografia,Scopus; Arts and Humanities Citation Index; SCImago Journal Rank,,,,,,43,241-263,
http://www.wikidata.org/entity/Q111582491,Polibio dinanzi al testo di Tucidide,Leone Porciani (maschio),2020,,SCImago Journal Rank,,Fabrizio Serra Editore,,Ricerche Ellenistiche,,I,93-104,
http://www.wikidata.org/entity/Q124332313,[Lettera],,1995,professione; bibliotecario; biblioteconomia,,,Associazione Italiana Biblioteche,,Notizie AIB,7-8,7,17,
http://www.wikidata.org/entity/Q124332319,"Diego Maltese, socio d'onore",Diego Maltese (maschio),2004,biblioteconomia,,,Associazione Italiana Biblioteche,,Notizie AIB,10/11,16,9,
http://www.wikidata.org/entity/Q124343585,Politica editoriale,Luigi Crocetti (maschio),1988,associazione; bibliotecario; biblioteconomia; editoria,,,Associazione Italiana Biblioteche,,Notizie AIB,,0,5-6,
http://www.wikidata.org/entity/Q124343682,Verso Chioggia,Luigi Crocetti (maschio),1990,biblioteconomia; Associazione Italiana Biblioteche,,,Associazione Italiana Biblioteche,,Notizie AIB,10,2,3,
http://www.wikidata.org/entity/Q124344925,[È una strana crisi],Luigi Crocetti (maschio),2004,biblioteconomia,,,Associazione Italiana Biblioteche,,Notizie AIB,10/11,16,8,
http://www.wikidata.org/entity/Q136461768,"Le biblioteche dei ""five-colleges"" in Massachusetts",Giovanna De Benedet (femmina),1986,università; biblioteca,,,Associazione Italiana Biblioteche,,Notizie AIB,8,8,9,
http://www.wikidata.org/entity/Q106696225,MediaLibrary Online all’Università di Genova: i primi risultati di un progetto del Sistema Bibliotecario,Laura Testoni (femmina),2020,,,,Associazione Italiana Biblioteche,Creative Commons Attribution 3.0 Unported,Vedi anche,2,30,24-27,https://riviste.aib.it/index.php/vedianche/article/view/12993
http://www.wikidata.org/entity/Q133040646,La nuova BNI,Alberto Petrucciani (maschio),1990,bibliografia; controllo,,,Associazione Italiana Biblioteche,Creative Commons Attribution 3.0 Unported,Vedi anche,3,2,7,
http://www.wikidata.org/entity/Q109659843,Tipografe in Italia: appunti a margine di un seminario di Apice,Valentina Sonzini (femmina),2018,,,,Associazione Italiana Biblioteche,Creative Commons Attribution 3.0 Unported,Vedi anche,1,28,,https://riviste.aib.it/index.php/vedianche/article/view/11799
http://www.wikidata.org/entity/Q124745218,Vecchi ferri del mestiere: per una storia della manualistica delle scienze librarie,Anna Giulia Cavagna (femmina),1995,storia; biblioteconomia,,,Associazione Italiana Biblioteche,Creative Commons Attribution 3.0 Unported,Vedi anche,,7,4-10,
http://www.wikidata.org/entity/Q125499879,Bibliotecari e (privata) lettura,Antonio Scolari (maschio),1993,bibliotecario; addestramento; professione bibliotecaria,,,Associazione Italiana Biblioteche,Creative Commons Attribution 3.0 Unported,Vedi anche,1,5,,
http://www.wikidata.org/entity/Q126034721,Un anno di formazione professionale,Ernesto Bellezza (maschio),1989,bibliotecario; insegnamento,,,Associazione Italiana Biblioteche,Creative Commons Attribution 3.0 Unported,Vedi anche,4,1,,
http://www.wikidata.org/entity/Q126181037,Un corso per bibliotecari e una banca dati per ragazzi: Biblio e Liber,Franca Sira Sulas (femmina); Maria Luisa Boero (femmina),1993,bibliotecario; insegnamento; formazione professionale,,,Associazione Italiana Biblioteche,Creative Commons Attribution 3.0 Unported,Vedi anche,4,5,,
http://www.wikidata.org/entity/Q128305871,Antonio Tamburini e i cataloghi dell'Universitaria: nona Settimana dei beni culturali,,1993,bibliografia; bibliotecario,,,Associazione Italiana Biblioteche,Creative Commons Attribution 3.0 Unported,Vedi anche,4,5,6,
http://www.wikidata.org/entity/Q128694022,Ricordo di Paola Berruti Levi,Sebastiano Amande (maschio),1990,bibliografia; bibliotecario,,,Associazione Italiana Biblioteche,Creative Commons Attribution 3.0 Unported,Vedi anche,3,2,5,
http://www.wikidata.org/entity/Q128694070,Rievocate le figure di Emilia e Giuseppe Rensi: alla Biblioteca universitaria di Genova con la partecipazione di eminenti studiosi,Maria Rosa Filippone (femmina),1999,bibliografia; bibliotecario,,,Associazione Italiana Biblioteche,Creative Commons Attribution 3.0 Unported,Vedi anche,2,11,6,
http://www.wikidata.org/entity/Q128694069,Ricordo di Emilia Rensi / M. R. F,Maria Rosa Filippone (femmina),1990,bibliografia; bibliotecario,,,Associazione Italiana Biblioteche,Creative Commons Attribution 3.0 Unported,Vedi anche,2,2,4,
http://www.wikidata.org/entity/Q129813340,La Sezione in assemblea,Sebastiano Amande (maschio),1991,associazione; bibliotecario,,,Associazione Italiana Biblioteche,Creative Commons Attribution 3.0 Unported,Vedi anche,2,3,1-2,
http://www.wikidata.org/entity/Q129813537,Tre anni di AIB in Liguria,Sebastiano Amande (maschio),1990,bibliotecario,,,Associazione Italiana Biblioteche,Creative Commons Attribution 3.0 Unported,Vedi anche,4,2,1-2,
http://www.wikidata.org/entity/Q129817115,La Sezione ligure: un bilancio,Sebastiano Amande (maschio),1993,associazione; bibliotecario,,,Associazione Italiana Biblioteche,Creative Commons Attribution 3.0 Unported,Vedi anche,3,5,1-2,
http://www.wikidata.org/entity/Q131437313,Bibliotecario: una professione,Sebastiano Amande (maschio),1995,professione; bibliotecario,,,Associazione Italiana Biblioteche,Creative Commons Attribution 3.0 Unported,Vedi anche,3,7,1,
http://www.wikidata.org/entity/Q131437355,L'albo professionale è una realtà: approvato dall'assemblea congressuale di Genova,Sebastiano Amande (maschio),1998,professione; bibliotecario,,,Associazione Italiana Biblioteche,Creative Commons Attribution 3.0 Unported,Vedi anche,2,10,2-3,
http://www.wikidata.org/entity/Q131438401,Un messaggio su cui i bibliotecari devono riflettere,Sebastiano Amande (maschio),1999,professione; bibliotecario,,,Associazione Italiana Biblioteche,Creative Commons Attribution 3.0 Unported,Vedi anche,1,11,1-2,
http://www.wikidata.org/entity/Q131460432,Perché l'albo dei bibliotecari,Giuseppe Colombo (maschio),1990,professione; bibliotecario,,,Associazione Italiana Biblioteche,Creative Commons Attribution 3.0 Unported,Vedi anche,1,2,1,
http://www.wikidata.org/entity/Q131542665,L'osservatorio sui problemi del lavoro in biblioteca: presentato da Fausto Rosa nell'incontro con i soci liguri,Delia Pitto (femmina),2000,professione; bibliotecario,,,Associazione Italiana Biblioteche,Creative Commons Attribution 3.0 Unported,Vedi anche,1/2,12,9,
http://www.wikidata.org/entity/Q131598024,La professione nei convegni d'autunno,,1989,professione; bibliotecario,,,Associazione Italiana Biblioteche,Creative Commons Attribution 3.0 Unported,Vedi anche,4,1,7-8,
http://www.wikidata.org/entity/Q131606988,Sul progetto interregionale di lavori socialmente utili,,1998,bibliotecario; insegnamento; reclutamento,,,Associazione Italiana Biblioteche,Creative Commons Attribution 3.0 Unported,Vedi anche,4,10,16,
http://www.wikidata.org/entity/Q131869272,Saluto del Presidente e programma delle attività,Fernanda Canepa (femmina),2000,bibliotecario; associazione,,,Associazione Italiana Biblioteche,Creative Commons Attribution 3.0 Unported,Vedi anche,3,12,1-16,
http://www.wikidata.org/entity/Q131919105,La riunione di fine anno della Sezione Liguria,Calogero Farinella (maschio),1997,bibliotecario; associazione,,,Associazione Italiana Biblioteche,Creative Commons Attribution 3.0 Unported,Vedi anche,3/4,9,2,
http://www.wikidata.org/entity/Q131919250,La Spezia: progetti e prospettive dell'AIB ligure,Ilaria Gasperi (femmina),1998,bibliotecario; associazione,,,Associazione Italiana Biblioteche,Creative Commons Attribution 3.0 Unported,Vedi anche,2,10,14,
http://www.wikidata.org/entity/Q131919303,1994: un anno AIB,,1994,bibliotecario; associazione,,,Associazione Italiana Biblioteche,Creative Commons Attribution 3.0 Unported,Vedi anche,4,6,1,
http://www.wikidata.org/entity/Q131931065,Un'AIB genovocentrica?: riflessioni e proposte,Loretta Marchi (femmina),1992,associazione; bibliotecario,,,Associazione Italiana Biblioteche,Creative Commons Attribution 3.0 Unported,Vedi anche,1,4,1-2,
http://www.wikidata.org/entity/Q131932551,Con la presentazione del libro di Traniello il tradizionale incontro di fine anno: a Palazzo Spinola,Delia Pitto (femmina),1998,associazione; bibliotecario,,,Associazione Italiana Biblioteche,Creative Commons Attribution 3.0 Unported,Vedi anche,4,10,2-3,
http://www.wikidata.org/entity/Q131932568,Conversazione di Alberto Petrucciani all'assemblea dei soci liguri: albo professionale,Delia Pitto (femmina),1999,associazione; bibliotecario,,,Associazione Italiana Biblioteche,Creative Commons Attribution 3.0 Unported,Vedi anche,1,11,3,
http://www.wikidata.org/entity/Q131932589,Notizie dal CER,Delia Pitto (femmina),2001,associazione; bibliotecario,,,Associazione Italiana Biblioteche,Creative Commons Attribution 3.0 Unported,Vedi anche,3-4,13,16,
http://www.wikidata.org/entity/Q132130704,Addio vecchio anno e benvenuto 2000!: il saluto e l'augurio del nostro presidente regionale,Graziano Ruffini (maschio),1999,associazione; bibliotecario,,,Associazione Italiana Biblioteche,Creative Commons Attribution 3.0 Unported,Vedi anche,3/4,11,1-2,
http://www.wikidata.org/entity/Q132130719,Benvenuti a Genova!: XLIV Congresso nazionale dell'Associazione italiana biblioteche: il saluto ai congressisti del Presidente della Sezione ligure,Graziano Ruffini (maschio),1998,associazione; bibliotecario,,,Associazione Italiana Biblioteche,Creative Commons Attribution 3.0 Unported,Vedi anche,1,10,1,
http://www.wikidata.org/entity/Q132130797,Il giorno dopo: XLIV Congresso nazionale dell'Associazione italiana biblioteche: il giudizio del presidente della Sezione ligure,Graziano Ruffini (maschio),1998,associazione; bibliotecario,,,Associazione Italiana Biblioteche,Creative Commons Attribution 3.0 Unported,Vedi anche,2,10,1-2,
http://www.wikidata.org/entity/Q132130803,La Sezione ligure: linee guida per un triennio,Graziano Ruffini (maschio),1997,associazione; bibliotecario,,,Associazione Italiana Biblioteche,Creative Commons Attribution 3.0 Unported,Vedi anche,1/2,9,1-2,
http://www.wikidata.org/entity/Q132130834,Tre anni di CER: un bilancio: al termine del suo mandato il saluto di commiato del nostro Presidente regionale,Graziano Ruffini (maschio),2000,associazione; bibliotecario,,,Associazione Italiana Biblioteche,Creative Commons Attribution 3.0 Unported,Vedi anche,1/2,12,"1, 24",
http://www.wikidata.org/entity/Q132130942,Soci AIB-Liguria: quanti e dove,,1990,associazione; bibliotecario,,,Associazione Italiana Biblioteche,Creative Commons Attribution 3.0 Unported,Vedi anche,1,2,2,
http://www.wikidata.org/entity/Q132167890,Notizie dal CER [della Sezione ligure dell'Associazione italiana biblioteche],,2000,associazione; bibliotecario,,,Associazione Italiana Biblioteche,Creative Commons Attribution 3.0 Unported,Vedi anche,4,12,15-16,
http://www.wikidata.org/entity/Q132167909,Notizie dal CER [della Sezione ligure dell'Associazione italiana biblioteche],,2002,associazione; bibliotecario,,,Associazione Italiana Biblioteche,Creative Commons Attribution 3.0 Unported,Vedi anche,4,14,15,
http://www.wikidata.org/entity/Q132168073,AIB-Liguria Web,Nicoletta Pavia (femmina),1998,associazione; bibliotecario,,,Associazione Italiana Biblioteche,Creative Commons Attribution 3.0 Unported,Vedi anche,3,10,1-2,
http://www.wikidata.org/entity/Q132540602,Una bibliografia per la Liguria,Elisabetta Papone (femmina),1990,bibliografia,,,Associazione Italiana Biblioteche,Creative Commons Attribution 3.0 Unported,Vedi anche,2,2,1-4,
http://www.wikidata.org/entity/Q133256774,L'800 italiano in libreria... ma con qualche problema,Roberto Beccaria (maschio),1991,bibliografia; repertorio,,,Associazione Italiana Biblioteche,Creative Commons Attribution 3.0 Unported,Vedi anche,4,3,7,
http://www.wikidata.org/entity/Q133256793,Vite di liguri illustri,Ernesto Bellezza (maschio),1993,bibliografia; repertorio,,,Associazione Italiana Biblioteche,Creative Commons Attribution 3.0 Unported,Vedi anche,1,5,5-6,
http://www.wikidata.org/entity/Q133258081,Guide bibliografiche: come non farle,Antonio Scolari (maschio),1989,bibliografia; repertorio,,,Associazione Italiana Biblioteche,Creative Commons Attribution 3.0 Unported,Vedi anche,3,1,3,
http://www.wikidata.org/entity/Q133258102,Le biblioteche nell'Enciclopedia,Carlo Maria Simonetti (maschio),1993,bibliografia; repertorio,,,Associazione Italiana Biblioteche,Creative Commons Attribution 3.0 Unported,Vedi anche,2,,31-35,
http://www.wikidata.org/entity/Q134875686,"XVIII Rassegna regionale ""Libri di Liguria"": Peagna 1999",Orietta Leone (femmina),1999,fiera; mostra; editoriale,,,Associazione Italiana Biblioteche,Creative Commons Attribution 3.0 Unported,Vedi anche,3/4,11,16,
http://www.wikidata.org/entity/Q134963650,"Parole in tasca: divagazioni librarie da una mostra del tascabile: Castello di Belgioioso, 23-25 aprile 1994",Anna Giulia Cavagna (femmina),1994,fiera; mostra; editoriale,,,Associazione Italiana Biblioteche,Creative Commons Attribution 3.0 Unported,Vedi anche,1,6,3-8,
http://www.wikidata.org/entity/Q135103335,Genova best-seller,Mario Franceschini (maschio),1989,fiera; mostra; editoriale,,,Associazione Italiana Biblioteche,Creative Commons Attribution 3.0 Unported,Vedi anche,,1,,
http://www.wikidata.org/entity/Q135233359,Il sito Internet della Bibliocreatività: uno strumento di comunicazione per i bibliotecari,Loretta Marchi (femmina),2000,biblioteca; organizzazione,,,Associazione Italiana Biblioteche,Creative Commons Attribution 3.0 Unported,Vedi anche,3,12,14,
http://www.wikidata.org/entity/Q135233466,La biblioteca rovesciata: la gestione dei servizi bibliotecari alle soglie del terzo millennio: il seminario di Gabriele Mazzitelli,Francesco Nardi (maschio),2001,biblioteca; organizzazione,,,Associazione Italiana Biblioteche,Creative Commons Attribution 3.0 Unported,Vedi anche,3/4,13,2-3,
http://www.wikidata.org/entity/Q135267481,Libri di Liguria a Peagna,Francesco   Gallea (maschio),1994,fiera; mostra; editoriale,,,Associazione Italiana Biblioteche,Creative Commons Attribution 3.0 Unported,Vedi anche,3,6,7,
http://www.wikidata.org/entity/Q135271036,La scomparsa di Giorgio Costamagna: grave lutto per la cultura italiana,Sebastiano Amande (maschio),2000,archivistica,,,Associazione Italiana Biblioteche,Creative Commons Attribution 3.0 Unported,Vedi anche,4,12,4-5,
http://www.wikidata.org/entity/Q136184307,Girando tra gli stand di Francoforte,Andreina Delvecchio (femmina); Paola Casciuolo (femmina),1989,fiera; mostra; editoriale,,,Associazione Italiana Biblioteche,Creative Commons Attribution 3.0 Unported,Vedi anche,4,1,8,
http://www.wikidata.org/entity/Q136505174,Le strategie di informazione all'utenza del CSBG P. E. Bensa,Sonia Minetto (femmina); Mariangela Garaventa Merli (femmina),1996,università; biblioteca,,,Associazione Italiana Biblioteche,Creative Commons Attribution 3.0 Unported,Vedi anche,3/4,8,3,
http://www.wikidata.org/entity/Q136669593,Il CSB giuridico P. E. Bensa,Mariangela Garaventa Merli (femmina),1995,,,,Associazione Italiana Biblioteche,Creative Commons Attribution 3.0 Unported,Vedi anche,2,7,2,
http://www.wikidata.org/entity/Q136728621,A cosa mi serve la e-mail?,Delia Pitto (femmina),1996,,,,Associazione Italiana Biblioteche,Creative Commons Attribution 3.0 Unported,Vedi anche,2,8,1-2,
http://www.wikidata.org/entity/Q136760229,Frasi brillanti: la posta in tasca: short messages,Maurizio Bisciotti (maschio),2000,tecnologia; comunicazione,,,Associazione Italiana Biblioteche,Creative Commons Attribution 3.0 Unported,Vedi anche,1/2,12,20,
http://www.wikidata.org/entity/Q137195917,Il diritto di stampa a Savona,Mara Becco (femmina),1994,antologia; insegnamento; gestione,,,Associazione Italiana Biblioteche,Creative Commons Attribution 3.0 Unported,Vedi anche,2,6,7-8,
http://www.wikidata.org/entity/Q137324314,Dona donati un libro: importante iniziativa spezzina per arricchire il patrimonio librario delle biblioteche civiche,Ilaria Gasperi (femmina),1999,antologia; insegnamento; gestione,,,Associazione Italiana Biblioteche,Creative Commons Attribution 3.0 Unported,Vedi anche,1,11,15,
http://www.wikidata.org/entity/Q109659838,"Di femminismi, di pluralità e di archivi e biblioteche di donne",Valentina Sonzini (femmina),2017,,,,Associazione Italiana Biblioteche,Creative Commons Attribution 3.0 Unported,Vedi anche,1,27,,https://riviste.aib.it/index.php/vedianche/article/view/11668
http://www.wikidata.org/entity/Q128306153,Profilo ed eredità bibliografica di Giuseppe Valentinelli,Giorgio Emanuele Ferrari (maschio),1987 | 1989,bibliografia; bibliotecario; Giuseppe Valentinelli,,,Biblioteca nazionale Marciana,,Miscellanea Marciana,2/4,,79; 9,
http://www.wikidata.org/entity/Q128588041,Il carteggio tra Ottilie von Goethe e Giuseppe Valentinelli,,1992 | 1994,bibliografia; bibliotecario,,,Biblioteca nazionale Marciana,,Miscellanea Marciana,,7/9,385; 457: tav.,
http://www.wikidata.org/entity/Q128591413,"Bontempelli a Dazzi, Bontempelli a Venezia",Alessandro Scarsella (maschio),1992 | 1994,bibliografia; bibliotecario,,,Biblioteca nazionale Marciana,,Miscellanea Marciana,7/9,,471; 459,
http://www.wikidata.org/entity/Q130401947,"Ricordo di Mario Favaretto (Venezia, Biblioteca nazionale marciana, 9.XII.1982)",Gian Albino Ravalli Modoni (maschio),1986,bibliografia; bibliotecario; Mario Favaretto,,,Biblioteca nazionale Marciana,,Miscellanea Marciana,,1,325-327,
http://www.wikidata.org/entity/Q109622637,Ci sono le donne nella storia del libro? Produzione e circolazione del libro fra le donne alla fine del Medioevo,Tiziana Plebani (femmina),1990,storia delle donne; studi di genere; storia del libro,,,Biblioteca nazionale Marciana,,Miscellanea Marciana,,,299-337,
http://www.wikidata.org/entity/Q111522931,Nuovi documenti sulla presenza dell’Opera di Santa Maria di Pisa a Cagliari in epoca catalano-aragonese,Bianca Fadda (femmina),2010,,SCImago Journal Rank,,,,RiMe. Rivista dell'Istituto di Storia dell'Europa Mediterranea,,4,125-142,https://rime.cnr.it/index.php/rime/article/view/418
http://www.wikidata.org/entity/Q115534356,Policy integration in practice: evidence from anti-poverty policy in Italy,,2022,,Google Scholar,,Istituto Nazionale per l'Analisi delle Politiche Pubbliche,Creative Commons Attribution; Creative Commons Attribution-NonCommercial-ShareAlike,SINAPPSI. Connessioni tra ricerca e politiche pubbliche,2,12,38-53,https://oa.inapp.org/jspui/bitstream/20.500.12916/3703/1/D%27Emilione_Giuliano_Policy_integration_anti_poverty_Sinappsi_2-2022.pdf
http://www.wikidata.org/entity/Q115534992,Le carriere lavorative dei percettori del Reddito d’inclusione prima dell’accesso alla policy. Tra working poor e rischio di povertà assoluta,,2022,,Google Scholar,,Istituto Nazionale per l'Analisi delle Politiche Pubbliche,Creative Commons Attribution; Creative Commons Attribution-NonCommercial-ShareAlike,SINAPPSI. Connessioni tra ricerca e politiche pubbliche,2,12,68-83,https://oa.inapp.org/jspui/bitstream/20.500.12916/3701/1/DeAngelis_Filippi_Le_carriere_dei_percettori_del_ReI_Sinappsi_2-2022.pdf
http://www.wikidata.org/entity/Q113485970,Le strategie europee,Maurizio Ferrera (maschio),2019,mobilità sociale; giovane adulto; politica sociale,Google Scholar,10.1485/2532-8549-201903-1,Istituto Nazionale per l'Analisi delle Politiche Pubbliche,Creative Commons Attribution; Creative Commons Attribution-NonCommercial-ShareAlike,SINAPPSI. Connessioni tra ricerca e politiche pubbliche,3,9,,https://oa.inapp.org/xmlui/bitstream/handle/20.500.12916/608/Ferrera_Le%20strategie%20europee_Sinappsi_3_2019.pdf?sequence=3&isAllowed=y
http://www.wikidata.org/entity/Q115536188,Social work education e valutazione delle politiche pubbliche. Ambiti di ricerca e di azione per migliorare la pratica professionale del lavoro sociale,,2022,,Google Scholar,,Istituto Nazionale per l'Analisi delle Politiche Pubbliche,Creative Commons Attribution; Creative Commons Attribution-NonCommercial-ShareAlike,SINAPPSI. Connessioni tra ricerca e politiche pubbliche,2,12,94-105,https://oa.inapp.org/jspui/bitstream/20.500.12916/3699/1/Decataldo_et_al_Social_work_education_Sinappsi_2-2022.pdf
http://www.wikidata.org/entity/Q115536223,"Reclutamento docenti, pluralismo educativo e ruolo dei dottori di ricerca nella scuola secondaria. Alcune riflessioni sul tema",,2022,,Google Scholar,,Istituto Nazionale per l'Analisi delle Politiche Pubbliche,Creative Commons Attribution; Creative Commons Attribution-NonCommercial-ShareAlike,SINAPPSI. Connessioni tra ricerca e politiche pubbliche,2,12,106-127,https://oa.inapp.org/jspui/bitstream/20.500.12916/3698/1/Asti_Carosotti_Reclutamento_docenti_scuola_secondaria_Sinappsi_2-2022.pdf
http://www.wikidata.org/entity/Q115533638,L’implementazione del RdC tra il dire e il fare: le sfide per una governance integrata,,2022,,Google Scholar,10.53223/SINAPPSI_2022-02-1,Istituto Nazionale per l'Analisi delle Politiche Pubbliche,Creative Commons Attribution; Creative Commons Attribution-NonCommercial-ShareAlike,SINAPPSI. Connessioni tra ricerca e politiche pubbliche,2,12,6-19,https://oa.inapp.org/jspui/bitstream/20.500.12916/3705/1/Bruno_et_al_Implementazione_del_RdC_Sinappsi_2-2022.pdf
http://www.wikidata.org/entity/Q115535068,La sentenza della Consulta sul Reddito di cittadinanza. Alcune osservazioni critiche alla luce delle rilevanti fonti di rango sovranazionale,,2022,,Google Scholar,,Istituto Nazionale per l'Analisi delle Politiche Pubbliche,Creative Commons Attribution; Creative Commons Attribution-NonCommercial-ShareAlike,SINAPPSI. Connessioni tra ricerca e politiche pubbliche,2,12,84-93,https://oa.inapp.org/jspui/bitstream/20.500.12916/3700/1/Rizzo_La_sentenza_della_Consulta_sul_RdC_Sinappsi_2-2022.pdf
http://www.wikidata.org/entity/Q113643582,"Rischi per la sicurezza, rischi della sicurezza. Le paure nel vortice della crisi della modernità",Roberto Cornelli (maschio),2020,,Google Scholar,10.1485/2532-8549-202002-1,Istituto Nazionale per l'Analisi delle Politiche Pubbliche,Creative Commons Attribution; Creative Commons Attribution-NonCommercial-ShareAlike,SINAPPSI. Connessioni tra ricerca e politiche pubbliche,2,10,3-17,https://oa.inapp.org/jspui/bitstream/20.500.12916/751/3/INAPP_Coronelli_Rischi_sicurezza_Sinappsi_2_2020.pdf
http://www.wikidata.org/entity/Q115534269,Lezioni da una politica attiva co-progettata per disoccupati fragili,,2022,,Google Scholar,,Istituto Nazionale per l'Analisi delle Politiche Pubbliche,Creative Commons Attribution; Creative Commons Attribution-NonCommercial-ShareAlike,SINAPPSI. Connessioni tra ricerca e politiche pubbliche,2,12,20-37,https://oa.inapp.org/jspui/bitstream/20.500.12916/3704/1/Baici_et_al_Disoccupati_fragili_Sinappsi_2-2022pdf.pdf
http://www.wikidata.org/entity/Q115534903,L’accesso al Reddito di cittadinanza dei cittadini stranieri: criticità e proposte di riforma,,2022,,Google Scholar,,Istituto Nazionale per l'Analisi delle Politiche Pubbliche,Creative Commons Attribution; Creative Commons Attribution-NonCommercial-ShareAlike,SINAPPSI. Connessioni tra ricerca e politiche pubbliche,2,12,54-67,https://oa.inapp.org/jspui/bitstream/20.500.12916/3702/1/Giuliano_et_al_Accesso_%20al_RdC_dei_cittadini_stranieri_Sinappsi_2-2022.pdf
http://www.wikidata.org/entity/Q113643658,Democrazia e sicurezza. Appunti nel corso di una pandemia,Franco Cazzola (maschio),2020,democrazia; diritto costituzionale; emergenza sanitaria pubblica di portata internazionale,Google Scholar,10.1485/2532-8549-202002-2,Istituto Nazionale per l'Analisi delle Politiche Pubbliche,Creative Commons Attribution; Creative Commons Attribution-NonCommercial-ShareAlike,SINAPPSI. Connessioni tra ricerca e politiche pubbliche,2,10,18-30,https://oa.inapp.org/jspui/bitstream/20.500.12916/750/3/INAPP_Cazzola_Democrazia_e_sicurezza_Sinappsi_2_2020.pdf
http://www.wikidata.org/entity/Q117032180,"Le tante crisi e le PMI italiane. Dinamiche, trasformazioni e politiche pubbliche",,2023,,Google Scholar,10.53223/SINAPPSI_2022-03-1,Istituto Nazionale per l'Analisi delle Politiche Pubbliche,Creative Commons Attribution; Creative Commons Attribution-NonCommercial-ShareAlike,SINAPPSI. Connessioni tra ricerca e politiche pubbliche,3,12,,https://oa.inapp.org/jspui/bitstream/20.500.12916/3816/3/Brancati_Crisi-pmi-italiane_Sinappsi_3-2022.pdf
http://www.wikidata.org/entity/Q117032732,I profili strategici delle microimprese italiane: vincoli dimensionali e potenzialità di sviluppo,,2023,,Google Scholar,10.53223/SINAPPSI_2022-03-2,Istituto Nazionale per l'Analisi delle Politiche Pubbliche,Creative Commons Attribution; Creative Commons Attribution-NonCommercial-ShareAlike,SINAPPSI. Connessioni tra ricerca e politiche pubbliche,3,12,,https://oa.inapp.org/jspui/bitstream/20.500.12916/3815/3/Costa-DeSantis-Monducci_Profili-strategici-microimprese_Sinappsi_3-2022.pdf
http://www.wikidata.org/entity/Q117033064,"Contratto di rete e codatorialità: il lavoro come fattore di aggregazione e crescita delle medie, piccole e microimprese",Carlo La Rotonda (maschio); Ilario Alvino (maschio),2023,sviluppo sostenibile; piccola e media impresa; sviluppo economico,Google Scholar,10.53223/SINAPPSI_2022-03-3,Istituto Nazionale per l'Analisi delle Politiche Pubbliche,Creative Commons Attribution; Creative Commons Attribution-NonCommercial-ShareAlike,SINAPPSI. Connessioni tra ricerca e politiche pubbliche,3,12,,https://oa.inapp.org/jspui/bitstream/20.500.12916/3814/3/Alvino-LaRotonda_Contratto-di-rete-codatorialita_Sinappsi_3-2022.pdf
http://www.wikidata.org/entity/Q117033227,Is excessive public procurement a brake on firms' innovative output? An analysis applied to the Italian context,Marco Augliera (maschio),2023,,Google Scholar,10.53223/SINAPPSI_2022-03-4,Istituto Nazionale per l'Analisi delle Politiche Pubbliche,Creative Commons Attribution; Creative Commons Attribution-NonCommercial-ShareAlike,SINAPPSI. Connessioni tra ricerca e politiche pubbliche,3,12,,https://oa.inapp.org/jspui/bitstream/20.500.12916/3813/3/Augliera_Public-procurement_Sinappsi_3-2022.pdf
http://www.wikidata.org/entity/Q117033440,SMEs and Circular Economy drivers: empirical evidence from Italy,,2023,economia circolare,Google Scholar,10.53223/SINAPPSI_2022-03-5,Istituto Nazionale per l'Analisi delle Politiche Pubbliche,Creative Commons Attribution; Creative Commons Attribution-NonCommercial-ShareAlike,SINAPPSI. Connessioni tra ricerca e politiche pubbliche,3,12,,https://oa.inapp.org/jspui/bitstream/20.500.12916/3812/3/Montanaro_SMEs-and-circular-economy_Sinappsi_3-2022.pdf
http://www.wikidata.org/entity/Q117034524,Productivity and wage effects of the Iso9001 certification for leader and laggard companies in Italy,,2023,,Google Scholar,10.53223/SINAPPSI_2022-03-6,Istituto Nazionale per l'Analisi delle Politiche Pubbliche,Creative Commons Attribution; Creative Commons Attribution-NonCommercial-ShareAlike,SINAPPSI. Connessioni tra ricerca e politiche pubbliche,3,12,,https://oa.inapp.org/jspui/bitstream/20.500.12916/3811/3/Pompei_Iso9001-certification_Sinappsi_3-2022.pdf
http://www.wikidata.org/entity/Q117034594,Determinants and wage effects of overeducation in Italy. A comparison of five indicators of educational mismatch,Emiliano Mandrone (maschio),2023,,Google Scholar,10.53223/SINAPPSI_2022-03-7,Istituto Nazionale per l'Analisi delle Politiche Pubbliche,Creative Commons Attribution; Creative Commons Attribution-NonCommercial-ShareAlike,SINAPPSI. Connessioni tra ricerca e politiche pubbliche,3,12,,https://oa.inapp.org/jspui/bitstream/20.500.12916/3810/3/Mandrone-Pastore-Quintano-Radicchia-Rocca_Determinants-overeducation_Sinappsi_3-2022.pdf
http://www.wikidata.org/entity/Q115901296,A Review and Update of Bubble Column Evaporator Processes,Barry Ninham (maschio); Richard M. Pashley (maschio),2021,Soluzione sovrasatura; entalpia di vaporizzazione; Termolisi,DOAJ; SCImago Journal Rank,10.36253/SUBSTANTIA-823,,Creative Commons Attribution,Substantia,2 Suppl. 1,4,19-32,
http://www.wikidata.org/entity/Q111732265,Ricordo di Oscar Mischiati,Elena Barassi Ferrari (femmina); Antonio Delfino (maschio); Laura Mauri Vigevani (femmina),2004,Italia; organo a canne; Oscar Mischiati,,,Firenze University Press; Pavia University Press,,Philomusica on-line,,3,,http://riviste.paviauniversitypress.it/index.php/phi/article/view/03-01-MEM01/14
http://www.wikidata.org/entity/Q111747613,Filologia e interpretazione. Un esercizio interdisciplinare su una chace e due cacce trecentesche,Davide Checchi (maschio),2015,,,,Firenze University Press; Pavia University Press,,Philomusica on-line,,14,25-124,
http://www.wikidata.org/entity/Q111758777,Counterpoint in the fingers. A Practical approach to Girolamo Diruta’s Breve & Facile Regola di Contrappunto,Massimiliano Guido (maschio),2012,,,,Firenze University Press; Pavia University Press,,Philomusica on-line,,XI,63-76,
http://www.wikidata.org/entity/Q111732248,Gioie organistiche della Spagna,Elena Barassi Ferrari (femmina),2005,,,,arcidiocesi di Milano,,Il segno della Diocesi di Milano,,XLVI,,
http://www.wikidata.org/entity/Q111758893,"""Rethinking Counterpoint through Improvisation A Multidisciplinary Conversation with Edoardo Bellotti, Michele Chiaramida, Michael Dodds, Andreas Schiltknecht, Peter Schubert, and Nicola Straffelini""",Massimiliano Guido (maschio),2012,,,,Firenze University Press; Pavia University Press,,Philomusica on-line,,,5-9,
http://www.wikidata.org/entity/Q111732055,"Strutture, simboli grafici e riferimenti organologici nell’evoluzione della scala musicale medioevale",Elena Barassi Ferrari (femmina),2010,Severino Boezio; musica medievale; Guido d'Arezzo; Solmisazione; Scolica enchiriadis; Prosdocimo de Beldemandis; Bartolomé Ramos de Pareja; Dialogus de musica,,,Firenze University Press; Pavia University Press,,Philomusica on-line,3,9,1-93,http://riviste.paviauniversitypress.it/index.php/phi/article/view/609/606
http://www.wikidata.org/entity/Q111782051,La musica a Cremona all’epoca di Monteverdi,Rodobaldo Tibaldi (maschio),2018,,,,Firenze University Press; Pavia University Press,,Philomusica on-line,,17,3-17,
http://www.wikidata.org/entity/Q111284671,Gli interventi di contrasto alla crisi socio-economica provocata dalla pandemia di Covid-19: una possibile lettura di genere,Alessandro Rizzo (maschio); Marcella Pulino (femmina); Monica Esposito (femmina); Cristina Di Gianbattista (femmina),2021,lavoro; crisi economica,Google Scholar,10.53223/SINAPPSI_2021-01-2,Istituto Nazionale per l'Analisi delle Politiche Pubbliche,Creative Commons Attribution; Creative Commons Attribution-NonCommercial-ShareAlike,SINAPPSI. Connessioni tra ricerca e politiche pubbliche,1,11,22-35,https://oa.inapp.org/jspui/bitstream/20.500.12916/3251/8/DiGiambattista_Esposito_Pulino_Rizzo_Interventi_di_contrasto_alla_crisi_da_Covid-19_Sinappsi_1_2021.pdf
http://www.wikidata.org/entity/Q111317641,Digital oddities: technological change and cultural elaboration,Emiliano Mandrone (maschio),2021,sistema complesso; cultura digitale; innovazione tecnologica,Google Scholar,,Istituto Nazionale per l'Analisi delle Politiche Pubbliche,Creative Commons Attribution; Creative Commons Attribution-NonCommercial-ShareAlike,SINAPPSI. Connessioni tra ricerca e politiche pubbliche,3,11,36-59,https://oa.inapp.org/jspui/bitstream/20.500.12916/3453/1/Mandrone_Digital_oddities_technological_change_and_cultural_elaboration_Sinappsi_3_2021.pdf
http://www.wikidata.org/entity/Q111333696,The effect of routine-biased technical change on wage inequality,Benedetto Molinari (maschio); Manuel Hidalgo Pérez (maschio),2021,automazione; disuguaglianza economica; innovazione tecnologica,Google Scholar,,Istituto Nazionale per l'Analisi delle Politiche Pubbliche,Creative Commons Attribution; Creative Commons Attribution-NonCommercial-ShareAlike,SINAPPSI. Connessioni tra ricerca e politiche pubbliche,3,11,,https://oa.inapp.org/jspui/bitstream/20.500.12916/3452/1/Hidalgo-Perez_Molinari_The_effect_of_routine-biased_technical_change_on_wage_inequality_Sinappsi_3_2021.pdf
http://www.wikidata.org/entity/Q111340032,"Scuole chiuse, classi aperte. Il lavoro degli insegnanti e dei docenti al tempo della didattica a distanza",Monya Ferritti (femmina),2020,scuola; docente; emergenza,Google Scholar,10.1485/2532-8549-202003-5,Istituto Nazionale per l'Analisi delle Politiche Pubbliche,Creative Commons Attribution; Creative Commons Attribution-NonCommercial-ShareAlike,SINAPPSI. Connessioni tra ricerca e politiche pubbliche,3,10,,https://oa.inapp.org/jspui/bitstream/20.500.12916/823/3/INAPP_Ferritti_Scuole_chiuse_classi_aperte_Sinappsi_3_2020.pdf
http://www.wikidata.org/entity/Q111342753,Youth employment trajectories and labour market reforms during the Great Recession in Europe,Gabriella Berloffa (femmina); Paola Villa (femmina); Alina Şandor (femmina); Mark Smith (maschio),2021,lavoro; recessione; giovane adulto,Google Scholar,10.53223/SINAPPSI_2021-01-1,Istituto Nazionale per l'Analisi delle Politiche Pubbliche,Creative Commons Attribution; Creative Commons Attribution-NonCommercial-ShareAlike,SINAPPSI. Connessioni tra ricerca e politiche pubbliche,1,11,8-21,https://oa.inapp.org/jspui/bitstream/20.500.12916/3250/1/Berloffa_Sandor_Smith_Villa_Youth_employment_trajectories_Great_Rcession_Sinappsi_1_2021.pdf
http://www.wikidata.org/entity/Q112652180,La sfida della misurazione degli effetti causali di un intervento,Enrico Rettore (maschio),2018,,Google Scholar,10.1485/SINAPPSI_2018/3_429,Istituto Nazionale per l'Analisi delle Politiche Pubbliche,Creative Commons Attribution; Creative Commons Attribution-NonCommercial-ShareAlike,SINAPPSI. Connessioni tra ricerca e politiche pubbliche,3,8,6-19,https://oa.inapp.org/jspui/bitstream/20.500.12916/429/5/Rettore_Sinappsi_3_2018.pdf
http://www.wikidata.org/entity/Q112913794,Due navi che si incrociano nella notte. Pratica e accademia nella gestione pubblica: sempre su binari paralleli?,Saverio Lovergine (maschio),2022,pubblica amministrazione; valutazione,Google Scholar,10.53223/SINAPPSI_2022-01-3,Istituto Nazionale per l'Analisi delle Politiche Pubbliche,Creative Commons Attribution; Creative Commons Attribution-NonCommercial-ShareAlike,SINAPPSI. Connessioni tra ricerca e politiche pubbliche,1,12,26-39,https://oa.inapp.org/jspui/bitstream/20.500.12916/3557/3/Lovergine_Due_navi_che_si_incrociano_nella_notte_Sinappsi_1_2022.pdf
http://www.wikidata.org/entity/Q113376157,Competenze e differenze di genere. Dalle evidenze empiriche ad una nuova chiave di lettura,Giovanna Di Castro (femmina),2017,,Google Scholar,,Istituto Nazionale per l'Analisi delle Politiche Pubbliche,Creative Commons Attribution; Creative Commons Attribution-NonCommercial-ShareAlike,SINAPPSI. Connessioni tra ricerca e politiche pubbliche,2-3,7,,https://oa.inapp.org/jspui/bitstream/20.500.12916/165/1/INAPP_SINAPPSI_Di%20Castro_2_3_2017.pdf
http://www.wikidata.org/entity/Q113470241,Innovazione e distribuzione del lavoro nelle imprese italiane,Valeria Cirillo (femmina); Michele Raitano (maschio); Andrea Ricci (maschio),2019,lavoro; piccola e media impresa,Google Scholar,10.1485/SINAPPSI_2019/1-2_561,Istituto Nazionale per l'Analisi delle Politiche Pubbliche,Creative Commons Attribution; Creative Commons Attribution-NonCommercial-ShareAlike,SINAPPSI. Connessioni tra ricerca e politiche pubbliche,1-2,9,,https://oa.inapp.org/jspui/bitstream/20.500.12916/561/3/INAPP_Cirillo_Raitano_Ricci_Innovazione_del_lavoro_Sinappsi_1-2_2019.pdf
http://www.wikidata.org/entity/Q113485018,Uno sguardo sulla Pubblica amministrazione,Michela Giovannelli (femmina); Davide Nugnes (maschio),2020,,Google Scholar,10.1485/2532-8549-202001-8,Istituto Nazionale per l'Analisi delle Politiche Pubbliche,Creative Commons Attribution; Creative Commons Attribution-NonCommercial-ShareAlike,SINAPPSI. Connessioni tra ricerca e politiche pubbliche,1,10,,https://oa.inapp.org/jspui/bitstream/20.500.12916/717/1/INAPP_Giovannelli_Nugnes_Uno_sguardo_sulla_PA_Sinappsi_1_2020.pdf
http://www.wikidata.org/entity/Q113485957,La Naspi e le politiche attive del lavoro. La platea potenziale e la non platea dell’Assegno di ricollocazione,Roberto De Vincenzi (maschio); Giuseppe De Blasio (maschio),2018,politica; disoccupazione; lavoro,Google Scholar,,Istituto Nazionale per l'Analisi delle Politiche Pubbliche,Creative Commons Attribution; Creative Commons Attribution-NonCommercial-ShareAlike,SINAPPSI. Connessioni tra ricerca e politiche pubbliche,1,8,,https://oa.inapp.org/xmlui/bitstream/handle/20.500.12916/211/INAPP_De%20Vincenzi_De%20Blasio_NASPI_Politiche_Attive_Lavoro_2018.pdf?sequence=1&isAllowed=y
http://www.wikidata.org/entity/Q111235775,Upgrading Italy's Industrial Capacity: Industry 4.0 across Regions and Sectors,Lucrezia Fanti (femmina); Valeria Cirillo (femmina); Andrea Ricci (maschio); Andrea Mina (maschio),2021,Regione; Industria 4.0; innovazione tecnologica,Google Scholar,10.53223/SINAPPSI_2021-02-1,Istituto Nazionale per l'Analisi delle Politiche Pubbliche,Creative Commons Attribution; Creative Commons Attribution-NonCommercial-ShareAlike,SINAPPSI. Connessioni tra ricerca e politiche pubbliche,2,11,14-35,https://oa.inapp.org/jspui/bitstream/20.500.12916/3384/3/Cirillo_et_al_Sinappsi_2_2021.pdf
http://www.wikidata.org/entity/Q111283250,La literacy matematica nella scuola italiana. Differenze di genere e implicazioni per il lavoro,Giovanna Di Castro (femmina),2021,matematica; genere; disparità; competenza,Google Scholar,10.53223/SINAPPSI_2021-01-5,Istituto Nazionale per l'Analisi delle Politiche Pubbliche,Creative Commons Attribution; Creative Commons Attribution-NonCommercial-ShareAlike,SINAPPSI. Connessioni tra ricerca e politiche pubbliche,1,11,68-63,https://oa.inapp.org/jspui/bitstream/20.500.12916/3254/8/DiCastro_Literacy_matematica_nella_scuola_italiana_Sinappsi_1_2021.pdf
http://www.wikidata.org/entity/Q111576588,Digital and algorithmic technology: the impact on employment and the workforce,Priscila Lauande Rodrigues (femmina); Massimo De Minicis (maschio),2021,mercato del lavoro; innovazione tecnologica; gig economy,Google Scholar,,Istituto Nazionale per l'Analisi delle Politiche Pubbliche,Creative Commons Attribution; Creative Commons Attribution-NonCommercial-ShareAlike,SINAPPSI. Connessioni tra ricerca e politiche pubbliche,3,11,112-125,https://oa.inapp.org/jspui/bitstream/20.500.12916/3449/1/DeMinicis_Lauande_Digital_and_algorithmic_technology_Sinappsi_3_2021.pdf
http://www.wikidata.org/entity/Q111577180,Riding the Wave 4.0. Understanding and tackling the technological revolution,Shahin Manafi Varkiani (femmina); Mihaela Chelaru (femmina),2021,mercato del lavoro; Industria 4.0; tecnologie digitali,Google Scholar,,Istituto Nazionale per l'Analisi delle Politiche Pubbliche,Creative Commons Attribution; Creative Commons Attribution-NonCommercial-ShareAlike,SINAPPSI. Connessioni tra ricerca e politiche pubbliche,3,11,96-111,https://oa.inapp.org/jspui/bitstream/20.500.12916/3450/1/Manafi-Varkiani_Chelaru_Riding_the_wave_4.0_Sinappsi_3_2021.pdf
http://www.wikidata.org/entity/Q112116606,Lavoro pubblico e trasformazione digitale,Pasquale Monda (maschio),2020,lavoro; organizzazione,Google Scholar,,Istituto Nazionale per l'Analisi delle Politiche Pubbliche,Creative Commons Attribution; Creative Commons Attribution-NonCommercial-ShareAlike,SINAPPSI. Connessioni tra ricerca e politiche pubbliche,1,10,119-130,https://oa.inapp.org/jspui/bitstream/20.500.12916/719/1/INAPP_Monda_Lavoro_pubblico_trasformazione_digitale_Sinappsi_1_2020.pdf
http://www.wikidata.org/entity/Q112650918,"Un anno di Reddito di inclusione. Target, beneficiari e distribuzione delle risorse",Maria Chiara Pagliarella (femmina); Aldo Rosano (maschio); Marina De Angelis (femmina); Pierre Georges Van Wolleghem (maschio),2019,povertà; reddito di base,Google Scholar,10.1485/SINAPPSI_2019/1-2_559,Istituto Nazionale per l'Analisi delle Politiche Pubbliche,Creative Commons Attribution; Creative Commons Attribution-NonCommercial-ShareAlike,SINAPPSI. Connessioni tra ricerca e politiche pubbliche,1-2,9,2-21,https://oa.inapp.org/jspui/bitstream/20.500.12916/559/3/INAPP_DeAngelis_Pagliarella_Rosano_VanWolleghem_Reddito_di_inclusione_Sinappsi_1-2_2019.pdf
http://www.wikidata.org/entity/Q112672921,L’integrazione tra servizi nelle misure di contrasto alla povertà. Teoria e pratica di un concetto complesso,Giovannina Assunta Giuliano (femmina); Cristiana Ranieri (femmina); Matteo D'Emilione (maschio),2018,,Google Scholar,10.1485/SINAPPSI_2018/3_428,Istituto Nazionale per l'Analisi delle Politiche Pubbliche,Creative Commons Attribution; Creative Commons Attribution-NonCommercial-ShareAlike,SINAPPSI. Connessioni tra ricerca e politiche pubbliche,3,8,50-68,https://oa.inapp.org/jspui/bitstream/20.500.12916/428/3/D%27Emilione_Giuliano_Ranieri_Sinappsi_3_2018.pdf
http://www.wikidata.org/entity/Q113101630,"L'intrigo del decidere. Scienza, politica, diritto ai tempi del Covid-19, una prospettiva costituzionale",Raffaele Marzo (maschio),2022,politica; diritto; ricerca,Google Scholar,10.53223/SINAPPSI_2022-01-6,Istituto Nazionale per l'Analisi delle Politiche Pubbliche,Creative Commons Attribution; Creative Commons Attribution-NonCommercial-ShareAlike,SINAPPSI. Connessioni tra ricerca e politiche pubbliche,1,12,40-49,https://oa.inapp.org/jspui/bitstream/20.500.12916/3556/3/Marzo_L_intrigo_del_decidere_Sinappsi_1_2022.pdf
http://www.wikidata.org/entity/Q113101741,Imparare dall’emergenza. L’impatto della pandemia sui servizi per le persone senza dimora in Italia,Serena Quarta (femmina); Caterina Cortese (femmina); Sabina Licursi (femmina); Roberta Pascucci (femmina); Gianfranco Zucca (maschio),2022,pandemia; esclusione sociale; persona senza casa,Google Scholar,10.53223/SINAPPSI_2022-01-5,Istituto Nazionale per l'Analisi delle Politiche Pubbliche,Creative Commons Attribution; Creative Commons Attribution-NonCommercial-ShareAlike,SINAPPSI. Connessioni tra ricerca e politiche pubbliche,1,12,50-61,https://oa.inapp.org/jspui/bitstream/20.500.12916/3555/3/Cortese_et_al_Imparare_dall_emergenza_Sinappsi_1_2022.pdf
http://www.wikidata.org/entity/Q113383293,Evoluzione della normativa sulla trasparenza,Sabino Cassese (maschio),2018,pubblica amministrazione; legislazione; trasparenza,Google Scholar,,Istituto Nazionale per l'Analisi delle Politiche Pubbliche,Creative Commons Attribution; Creative Commons Attribution-NonCommercial-ShareAlike,SINAPPSI. Connessioni tra ricerca e politiche pubbliche,1,8,,https://oa.inapp.org/jspui/bitstream/20.500.12916/173/1/INAPP_SINAPPSI_Cassese_1_2018.pdf; https://oa.inapp.org/xmlui/bitstream/handle/20.500.12916/210/INAPP_SINAPPSI_Cassese_1_2018.pdf?sequence=1&isAllowed=y
http://www.wikidata.org/entity/Q113435232,La valutazione delle politiche pubbliche: il contributo informativo degli approcci orientati alla teoria,Rosaria Lumino (femmina),2018,politica; ricerca; valutazione,Google Scholar,,Istituto Nazionale per l'Analisi delle Politiche Pubbliche,Creative Commons Attribution; Creative Commons Attribution-NonCommercial-ShareAlike,SINAPPSI. Connessioni tra ricerca e politiche pubbliche,1,8,,https://oa.inapp.org/jspui/bitstream/20.500.12916/208/1/INAPP_SINAPPSI_Lumino_1_2018.pdf
http://www.wikidata.org/entity/Q113437122,Gig Economy and Market Design. Why to regulate the market of jobs carried out through digital platforms,Michele Faioli (maschio),2018,economia digitale; gig economy,Google Scholar,,Istituto Nazionale per l'Analisi delle Politiche Pubbliche,Creative Commons Attribution; Creative Commons Attribution-NonCommercial-ShareAlike,SINAPPSI. Connessioni tra ricerca e politiche pubbliche,2,8,,https://oa.inapp.org/jspui/bitstream/20.500.12916/340/3/Faioli_Sinappsi_2_2018.pdf
http://www.wikidata.org/entity/Q113470152,Come si diventa imprenditrici in Italia,Andrea Ricci (maschio); Claudia Vittori (femmina),2019,donna; lavoro; imprenditorialità,Google Scholar,10.1485/SINAPPSI_2019/1-2_562,Istituto Nazionale per l'Analisi delle Politiche Pubbliche,Creative Commons Attribution; Creative Commons Attribution-NonCommercial-ShareAlike,SINAPPSI. Connessioni tra ricerca e politiche pubbliche,1-2,9,,https://oa.inapp.org/jspui/bitstream/20.500.12916/562/3/INAPP_Vittori_Ricci_Come_si_diventa_imprenditrici_Sinappsi_1-2_2019.pdf
http://www.wikidata.org/entity/Q111248680,Shelter from the storm: crisi e welfare in Italia negli anni Duemila,Massimo De Minicis (maschio),2021,crisi economica; ammortizzatori sociali; riduzione della povertà,Google Scholar,10.53223/SINAPPSI_2021-01-6,Istituto Nazionale per l'Analisi delle Politiche Pubbliche,Creative Commons Attribution; Creative Commons Attribution-NonCommercial-ShareAlike,SINAPPSI. Connessioni tra ricerca e politiche pubbliche,1,11,84-99,https://oa.inapp.org/jspui/bitstream/20.500.12916/3255/8/DeMinicis_Shelter_from_the_storm_Sinappsi_1_2021.pdf
http://www.wikidata.org/entity/Q111577696,Il quadro del sistema italiano di istruzione e formazione,Emmanuele Crispolti (maschio); Andrea Carlini (maschio),2020,istruzione in Italia; Istruzione e formazione tecnica superiore,Google Scholar,10.1485/2532-8549-202003-8,Istituto Nazionale per l'Analisi delle Politiche Pubbliche,Creative Commons Attribution; Creative Commons Attribution-NonCommercial-ShareAlike,SINAPPSI. Connessioni tra ricerca e politiche pubbliche,3,10,98-111,https://oa.inapp.org/jspui/bitstream/20.500.12916/821/3/INAPP_Crispolti_Carlini_Appendice__Il_quadro_del_sistema_italiano_di_istruzione_e_formazione_Sinappsi_3_2020.pdf
http://www.wikidata.org/entity/Q111963613,Overeducation of tertiary education graduates in Slovakia: relationship with the field of study,Dávid Martinák (maschio),2020,specialità; istruzione terziaria,Google Scholar,10.1485/2532-8549-202003-7,Istituto Nazionale per l'Analisi delle Politiche Pubbliche,Creative Commons Attribution; Creative Commons Attribution-NonCommercial-ShareAlike,SINAPPSI. Connessioni tra ricerca e politiche pubbliche,3,10,93-110,https://oa.inapp.org/jspui/bitstream/20.500.12916/817/3/INAPP_Martin%c3%a1k_Overeducation_of_tertiary_education_graduates_in_Slovakia_Sinappsi_3_2020.pdf
http://www.wikidata.org/entity/Q113101849,I livelli essenziali alla prova dell’attuazione delle misure di contrasto alla povertà,Giovannina Assunta Giuliano (femmina); Marina De Angelis (femmina); Matteo D'Emilione (maschio); Matteo Luppi (maschio),2022,servizio pubblico; riduzione della povertà; Livelli essenziali delle prestazioni,Google Scholar,10.53223/SINAPPSI_2022-01-6,Istituto Nazionale per l'Analisi delle Politiche Pubbliche,Creative Commons Attribution; Creative Commons Attribution-NonCommercial-ShareAlike,SINAPPSI. Connessioni tra ricerca e politiche pubbliche,1,12,62-79,https://oa.inapp.org/jspui/bitstream/20.500.12916/3554/3/DEmilione_et_al_I_livelli_essenziali_Sinappsi_1_2022.pdf
http://www.wikidata.org/entity/Q113334738,Scienze sociali computazionali e policy innovation. Nuove frontiere nell’elaborazione delle politiche pubbliche,Nicola Lettieri (maschio),2017,,Google Scholar,,Istituto Nazionale per l'Analisi delle Politiche Pubbliche,Creative Commons Attribution; Creative Commons Attribution-NonCommercial-ShareAlike,SINAPPSI. Connessioni tra ricerca e politiche pubbliche,1,7,,
http://www.wikidata.org/entity/Q113383218,Web data mining e costruzione di profili professionali. Il Business analyst nelle inserzioni di lavoro online,Achille Pierre Paliotta (maschio); Saverio Lovergine (maschio),2017,data mining; Ricerca del lavoro,Google Scholar,,Istituto Nazionale per l'Analisi delle Politiche Pubbliche,Creative Commons Attribution; Creative Commons Attribution-NonCommercial-ShareAlike,SINAPPSI. Connessioni tra ricerca e politiche pubbliche,2-3,7,,https://oa.inapp.org/jspui/bitstream/20.500.12916/167/1/INAPP_SINAPPSI_Paliotta_Lovergine_2_3_2017.pdf
http://www.wikidata.org/entity/Q113402360,Le politiche di contrasto alla povertà,Giovanni Gallo (maschio),2019,,Google Scholar,,Istituto Nazionale per l'Analisi delle Politiche Pubbliche,Creative Commons Attribution; Creative Commons Attribution-NonCommercial-ShareAlike,SINAPPSI. Connessioni tra ricerca e politiche pubbliche,3,9,,https://oa.inapp.org/jspui/bitstream/20.500.12916/606/3/Gallo_Luppi_Le%20politiche%20di%20contrasto%20alla%20povert%c3%a0_Sinappsi_3_2019.pdf
http://www.wikidata.org/entity/Q113485151,Sicurezza sul lavoro nella PA nell’emergenza da Covid-19,Paolo Pascucci (maschio); Angelo Delogu (maschio),2020,pubblica amministrazione; lavoro; sicurezza,Google Scholar,10.1485/2532-8549-202001-7,Istituto Nazionale per l'Analisi delle Politiche Pubbliche,Creative Commons Attribution; Creative Commons Attribution-NonCommercial-ShareAlike,SINAPPSI. Connessioni tra ricerca e politiche pubbliche,1,10,,https://oa.inapp.org/xmlui/bitstream/handle/20.500.12916/718/INAPP_Pascucci_Delogu_Sicurezza_lavoro_PA_e_emergenza_Covid19_Sinappsi_1_2020.pdf?sequence=1&isAllowed=y
http://www.wikidata.org/entity/Q111088376,L’apprendistato in Italia: una misura di politica attiva ancora poco valorizzata,Sandra D'Agostino (femmina); Silvia Vaccaro (femmina),2021,apprendistato,Google Scholar,10.53223/SINAPPSI_2021-02-6,Istituto Nazionale per l'Analisi delle Politiche Pubbliche,Creative Commons Attribution; Creative Commons Attribution-NonCommercial-ShareAlike,SINAPPSI. Connessioni tra ricerca e politiche pubbliche,2,11,,https://oa.inapp.org/jspui/bitstream/20.500.12916/3379/3/DAgostino_Vaccaro_Sinappsi_2_2021.pdf
http://www.wikidata.org/entity/Q111244430,Is remote working here to stay? Lessons and ideas for a post-pandemic future,Armanda Cetrulo (femmina),2021,telelavoro; contrattazione collettiva; disuguaglianza sociale; lavoro agile,Google Scholar,10.53223/SINAPPSI_2021-02-2,Istituto Nazionale per l'Analisi delle Politiche Pubbliche,Creative Commons Attribution; Creative Commons Attribution-NonCommercial-ShareAlike,SINAPPSI. Connessioni tra ricerca e politiche pubbliche,2,11,36-49,https://oa.inapp.org/jspui/bitstream/20.500.12916/3383/3/Cetrulo_Sinappsi_2_2021.pdf
http://www.wikidata.org/entity/Q111281871,"Working from home, caratteristiche dei lavoratori e salari: evidenze dai dati amministrativi",Sergio Scicchitano (maschio); Irene Brunetti (femmina); Andrea Ricci (maschio),2021,salario; telelavoro; mansioni,Google Scholar,,Istituto Nazionale per l'Analisi delle Politiche Pubbliche,Creative Commons Attribution; Creative Commons Attribution-NonCommercial-ShareAlike,SINAPPSI. Connessioni tra ricerca e politiche pubbliche,3,11,6-19,https://oa.inapp.org/jspui/bitstream/20.500.12916/3455/1/Brunetti_Ricci_Scicchitano_Working_from_home_caratteristiche_dei_lavoratori_e_salari_Sinappsi_3_2021.pdf
http://www.wikidata.org/entity/Q111283475,Short-time work in Germany. Employment bridge in the coronavirus crisis,Hartmut Seifert (maschio); Toralf Pusch (maschio),2021,lavoro; cassa integrazione; lavoro a tempo parziale; emergenza,Google Scholar,10.53223/SINAPPSI_2021-01-3,Istituto Nazionale per l'Analisi delle Politiche Pubbliche,Creative Commons Attribution; Creative Commons Attribution-NonCommercial-ShareAlike,SINAPPSI. Connessioni tra ricerca e politiche pubbliche,1,11,36-49,https://oa.inapp.org/jspui/bitstream/20.500.12916/3252/8/Pusch_Seifert_Short-time_work_in%20Germany_Sinappsi_1_2021.pdf
http://www.wikidata.org/entity/Q111596675,Il divario (in)colmabile? Le differenze negli apprendimenti degli studenti fra Nord e Sud Italia,Chiara Sacco (femmina); Patrizia Falzetti (femmina),2020,educazione; studente; qualità,Google Scholar,10.1485/2532-8549-202003-3,Istituto Nazionale per l'Analisi delle Politiche Pubbliche,Creative Commons Attribution; Creative Commons Attribution-NonCommercial-ShareAlike,SINAPPSI. Connessioni tra ricerca e politiche pubbliche,3,10,32-47,https://oa.inapp.org/jspui/bitstream/20.500.12916/819/3/INAPP_Falzetti_Sacco_Il%20divario_in_colmabile_Sinappsi_3_2020.pdf
http://www.wikidata.org/entity/Q112116478,"Dirigenza pubblica, un profilo",Michela Giovannelli (femmina); Davide Nugnes (maschio),2020,riforma,Google Scholar,10.1485/2532-8549-202001-5,Istituto Nazionale per l'Analisi delle Politiche Pubbliche,Creative Commons Attribution; Creative Commons Attribution-NonCommercial-ShareAlike,SINAPPSI. Connessioni tra ricerca e politiche pubbliche,1,10,91-118,https://oa.inapp.org/jspui/bitstream/20.500.12916/720/1/INAPP_Giovannelli_Nugnes_Dirigenza_pubblica.pdf
http://www.wikidata.org/entity/Q112673173,Le politiche di reddito minimo in Europa: un cambio paradigmatico verso una nuova convergenza?,Gianluca Busilacchi (maschio),2018,povertà; reddito di base; modello sociale europeo,Google Scholar,10.1485/SINAPPSI_2018/3_425,Istituto Nazionale per l'Analisi delle Politiche Pubbliche,Creative Commons Attribution; Creative Commons Attribution-NonCommercial-ShareAlike,SINAPPSI. Connessioni tra ricerca e politiche pubbliche,3,8,84-93,https://oa.inapp.org/jspui/bitstream/20.500.12916/425/3/Busilacchi_Sinappsi_3_2018.pdf
http://www.wikidata.org/entity/Q113101914,La condizione dei braccianti agricoli di origine straniera. Tra criticità strutturali e azioni di contrasto allo sfruttamento lavorativo,Alessandra Cornice (femmina),2022,,Google Scholar,10.53223/SINAPPSI_2022-01-7,Istituto Nazionale per l'Analisi delle Politiche Pubbliche,Creative Commons Attribution; Creative Commons Attribution-NonCommercial-ShareAlike,SINAPPSI. Connessioni tra ricerca e politiche pubbliche,1,12,80-93,https://oa.inapp.org/jspui/bitstream/20.500.12916/3553/3/Cornice_La_condizione_dei_braccianti_agricoli_di_origine_straniera_Sinappsi_1_2022.pdf
http://www.wikidata.org/entity/Q113375815,La riforma del Terzo settore e il Registro unico nazionale. Elementi per una proposta,Anna Elisa Carbone (femmina),2017,economia sociale di mercato; capacità d'agire; terzo settore,Google Scholar,,Istituto Nazionale per l'Analisi delle Politiche Pubbliche,Creative Commons Attribution; Creative Commons Attribution-NonCommercial-ShareAlike,SINAPPSI. Connessioni tra ricerca e politiche pubbliche,1,7,,https://oa.inapp.org/jspui/bitstream/20.500.12916/74/3/INAPP_SINAPPSI_Carbone_2017.pdf
http://www.wikidata.org/entity/Q113382868,Lavorare in carcere. Verso un modello di presa in carico dei detenuti,Lucilla Di Rico (femmina); Antonietta Maiorano (femmina); Cristina Lolli (femmina),2017,lavoro; prigioniero; inclusione sociale,Google Scholar,,Istituto Nazionale per l'Analisi delle Politiche Pubbliche,Creative Commons Attribution; Creative Commons Attribution-NonCommercial-ShareAlike,SINAPPSI. Connessioni tra ricerca e politiche pubbliche,2-3,7,,https://oa.inapp.org/jspui/bitstream/20.500.12916/169/1/INAPP_SINAPPSI_Di%20Rico_Maiorano_Lolli_2_3_2017.pdf
http://www.wikidata.org/entity/Q113383318,Verso un nuovo modello sociale europeo in risposta alle disuguaglianze che avanzano,Viviana Ruggeri (femmina); Francesca Spitilli (femmina); Giulia Governatori (femmina),2018,povertà; reddito di base; disuguaglianza sociale,Google Scholar,,Istituto Nazionale per l'Analisi delle Politiche Pubbliche,Creative Commons Attribution; Creative Commons Attribution-NonCommercial-ShareAlike,SINAPPSI. Connessioni tra ricerca e politiche pubbliche,1,8,,https://oa.inapp.org/jspui/bitstream/20.500.12916/206/1/Ruggeri_Governatori_Spitilli_Modello_Sociale_Europeo_Disuguaglianze_2018.pdf
http://www.wikidata.org/entity/Q113437039,"Questa volta è diverso? Mercati, lavoro e istituzioni nell’economia digitalizzata",Maurizio Franzini (maschio); Dario Guarascio (maschio),2018,economia digitale; lavoro; mercato del lavoro,Google Scholar,,Istituto Nazionale per l'Analisi delle Politiche Pubbliche,Creative Commons Attribution; Creative Commons Attribution-NonCommercial-ShareAlike,SINAPPSI. Connessioni tra ricerca e politiche pubbliche,2,8,,https://oa.inapp.org/jspui/bitstream/20.500.12916/341/3/Franzini_Guarascio_Sinappsi_2_2018.pdf
http://www.wikidata.org/entity/Q113469465,Il ruolo delle microsimulazioni per l’analisi delle politiche,Matteo Richiardi (maschio),2018,politica pubblica; valutazione,Google Scholar,10.1485/SINAPPSI_2018/2_339,Istituto Nazionale per l'Analisi delle Politiche Pubbliche,Creative Commons Attribution; Creative Commons Attribution-NonCommercial-ShareAlike,SINAPPSI. Connessioni tra ricerca e politiche pubbliche,2,8,,https://oa.inapp.org/jspui/bitstream/20.500.12916/339/3/Richiardi_Sinappsi_2_2018.pdf
http://www.wikidata.org/entity/Q111595862,ll lavoro online in Italia: Gig o Sharing economy?,Manuel Marocco (maschio); Silvia Donà (femmina); Massimo De Minicis (maschio),2020,economia collaborativa; condizioni di lavoro; gig economy,Google Scholar,10.1485/2532-8549-202003-9,Istituto Nazionale per l'Analisi delle Politiche Pubbliche,Creative Commons Attribution; Creative Commons Attribution-NonCommercial-ShareAlike,SINAPPSI. Connessioni tra ricerca e politiche pubbliche,3,10,125-145,https://oa.inapp.org/jspui/bitstream/20.500.12916/820/3/INAPP_De_Minicis_Marocco_Dona_ll_lavoro_online_in_Italia_Gig_o_Sharing_economy_Sinappsi_3_2020.pdf
http://www.wikidata.org/entity/Q112913735,Gli indicatori di benessere nella programmazione economica in Italia. Un esempio virtuoso di sinergia tra ricerca e policy making,Simona Tenaglia (femmina),2022,scienze economiche; indicatore economico; valutazione,Google Scholar,10.53223/SINAPPSI_2022-01-2,Istituto Nazionale per l'Analisi delle Politiche Pubbliche,Creative Commons Attribution; Creative Commons Attribution-NonCommercial-ShareAlike,SINAPPSI. Connessioni tra ricerca e politiche pubbliche,1,12,14-25,https://oa.inapp.org/jspui/bitstream/20.500.12916/3558/3/Tenaglia_Gli_indicatori_di_benessere_Sinappsi_1_2022.pdf
http://www.wikidata.org/entity/Q113376086,Atlante lavoro. Un modello a supporto delle politiche dell’occupazione e dell’apprendimento permanente,Rita Porcelli (femmina); Riccardo Mazzarella (maschio); Francesco Mallardi (maschio),2017,apprendimento; lavoro; occupabilità,Google Scholar,,Istituto Nazionale per l'Analisi delle Politiche Pubbliche,Creative Commons Attribution; Creative Commons Attribution-NonCommercial-ShareAlike,SINAPPSI. Connessioni tra ricerca e politiche pubbliche,2-3,7,,https://oa.inapp.org/xmlui/bitstream/handle/123456789/164/INAPP_SINAPPSI_Mazzarella_Mallardi_Porcelli_2_3_2017.pdf?sequence=1&isAllowed=y
http://www.wikidata.org/entity/Q113383097,Professioni nell’ICT. Evidenze e prospettive,Maria Grazia Mereu (femmina); Massimiliano Frasceschetti (maschio),2017,,Google Scholar,,Istituto Nazionale per l'Analisi delle Politiche Pubbliche,Creative Commons Attribution; Creative Commons Attribution-NonCommercial-ShareAlike,SINAPPSI. Connessioni tra ricerca e politiche pubbliche,2-3,7,,https://oa.inapp.org/jspui/bitstream/20.500.12916/168/1/INAPP_SINAPPSI_Mereu_Franceschetti_2_3_2017.pdf
http://www.wikidata.org/entity/Q113435137,"Lavoro temporaneo, scioperi, investimenti e competitività: il ruolo della contrattazione in deroga al CCNL",Andrea Ricci (maschio),2018,relazioni industriali; lavoro precario,Google Scholar,,Istituto Nazionale per l'Analisi delle Politiche Pubbliche,Creative Commons Attribution; Creative Commons Attribution-NonCommercial-ShareAlike,SINAPPSI. Connessioni tra ricerca e politiche pubbliche,1,8,,https://oa.inapp.org/jspui/bitstream/20.500.12916/205/1/INAPP_SINAPPSI_Ricci_1_2018.pdf
http://www.wikidata.org/entity/Q111658930,Le politiche innovative di sicurezza nelle città tra tecnologie di riconoscimento e smart cities,Achille Pierre Paliotta (maschio),2020,città intelligente; videosorveglianza,Google Scholar,10.1485/2532-8549-202002-8,Istituto Nazionale per l'Analisi delle Politiche Pubbliche,Creative Commons Attribution; Creative Commons Attribution-NonCommercial-ShareAlike,SINAPPSI. Connessioni tra ricerca e politiche pubbliche,2,10,98-119,https://oa.inapp.org/xmlui/bitstream/handle/20.500.12916/744/INAPP_Paliotta_Politiche_innovative_sicurezza_smart_cities_Sinappsi_2_2020.pdf?sequence=3&isAllowed=y
http://www.wikidata.org/entity/Q112894265,Conceptualisation and measurement of health,David Blane (maschio),2022,salute; mercato del lavoro; qualità di vita,Google Scholar,10.53223/SINAPPSI_2022-01-1,Istituto Nazionale per l'Analisi delle Politiche Pubbliche,Creative Commons Attribution; Creative Commons Attribution-NonCommercial-ShareAlike,SINAPPSI. Connessioni tra ricerca e politiche pubbliche,1,12,8-13,https://oa.inapp.org/jspui/bitstream/20.500.12916/3559/3/Blane_Conceptualisation_and_measurement_of_health_Sinappsi_1_2022.pdf
http://www.wikidata.org/entity/Q113331815,"Il ruolo sociale dell’educazione economica. Evidenze, strumenti e tutele",Emiliano Mandrone (maschio),2017,scienze economiche; educazione finanziaria,Google Scholar,,Istituto Nazionale per l'Analisi delle Politiche Pubbliche,Creative Commons Attribution; Creative Commons Attribution-NonCommercial-ShareAlike,SINAPPSI. Connessioni tra ricerca e politiche pubbliche,1,7,,https://oa.inapp.org/xmlui/bitstream/handle/20.500.12916/75/INAPP_SINAPPSI_Mandrone_2017.pdf?sequence=3&isAllowed=y
http://www.wikidata.org/entity/Q113334524,Incentivi al lavoro permanente e contratto a tutele crescenti. Una stima dell’impatto sulle nuove assunzioni nel 2015,Valentina Gualtieri (femmina); Marco Centra (maschio),2017,lavoro subordinato; Jobs Act,Google Scholar,,Istituto Nazionale per l'Analisi delle Politiche Pubbliche,Creative Commons Attribution; Creative Commons Attribution-NonCommercial-ShareAlike,SINAPPSI. Connessioni tra ricerca e politiche pubbliche,1,7,71-83,https://oa.inapp.org/jspui/bitstream/20.500.12916/76/5/INAPP_SINAPPSI_Centra_Gualtieri_2017.pdf
http://www.wikidata.org/entity/Q113374946,Dal telework allo smartwork. Destrutturazione del lavoro attraverso la flessibilità normativa multilivello,Roberto Spagnuolo (maschio),2017,telelavoro; orario di lavoro flessibile; lavoro agile,Google Scholar,,Istituto Nazionale per l'Analisi delle Politiche Pubbliche,Creative Commons Attribution; Creative Commons Attribution-NonCommercial-ShareAlike,SINAPPSI. Connessioni tra ricerca e politiche pubbliche,1,7,,https://oa.inapp.org/jspui/bitstream/20.500.12916/78/2/INAPP_SINAPPSI_Spagnuolo_2017.pdf
http://www.wikidata.org/entity/Q113383238,La lotta alla dispersione formativa in ambito europeo. Le esperienze di Germania e Spagna,Paola Paniccio (femmina); Francesca Carta (femmina),2017,addestramento; abbandono scolastico,Google Scholar,,Istituto Nazionale per l'Analisi delle Politiche Pubbliche,Creative Commons Attribution; Creative Commons Attribution-NonCommercial-ShareAlike,SINAPPSI. Connessioni tra ricerca e politiche pubbliche,2-3,7,,https://oa.inapp.org/jspui/bitstream/20.500.12916/166/1/INAPP_SINAPPSI_Carta_Paniccio_2_3_2017.pdf
http://www.wikidata.org/entity/Q113402027,Le politiche del lavoro,Roberto De Vincenzi (maschio); Giuseppe De Blasio (maschio),2019,disoccupazione; riduzione della povertà; giovane adulto,Google Scholar,10.1485/2532-8549-201903-4,Istituto Nazionale per l'Analisi delle Politiche Pubbliche,Creative Commons Attribution; Creative Commons Attribution-NonCommercial-ShareAlike,SINAPPSI. Connessioni tra ricerca e politiche pubbliche,3,9,,https://oa.inapp.org/jspui/bitstream/20.500.12916/605/3/De%20Vincenzi_Sinappsi_3_2019.pdf.pdf
http://www.wikidata.org/entity/Q113435090,I Fondi interprofessionali nella strategia d’impresa,Valentina Ferri (femmina); Giuliana Tesauro (femmina),2018,addestramento; fondi interprofessionali; attività commerciale,Google Scholar,,Istituto Nazionale per l'Analisi delle Politiche Pubbliche,Creative Commons Attribution; Creative Commons Attribution-NonCommercial-ShareAlike,SINAPPSI. Connessioni tra ricerca e politiche pubbliche,1,8,,https://oa.inapp.org/jspui/bitstream/20.500.12916/209/1/INAPP_Ferri_Tesauro_Fondi_Interprofessionali_Strategia_Impresa_2018.pdf
http://www.wikidata.org/entity/Q113436974,Incentivi al lavoro a tempo indeterminato e contratto a tutele crescenti. Una stima dell’impatto sulle nuove assunzioni nel 2015 e nel 2016,Valentina Gualtieri (femmina); Marco Centra (maschio),2018,contratto di lavoro; Jobs Act,Google Scholar,,Istituto Nazionale per l'Analisi delle Politiche Pubbliche,Creative Commons Attribution; Creative Commons Attribution-NonCommercial-ShareAlike,SINAPPSI. Connessioni tra ricerca e politiche pubbliche,2,8,,https://oa.inapp.org/jspui/bitstream/20.500.12916/342/3/Gualtieri_Centra_Sinappsi_2_2018.pdf
http://www.wikidata.org/entity/Q113470106,Mobilita internazionale e condizione occupazionale dei laureati italiani,Valentina Ferri (femmina),2019,lavoro; Laureato o con altro titolo equipollente; giovane adulto,Google Scholar,10.1485/SINAPPSI_2019/1-2_563,Istituto Nazionale per l'Analisi delle Politiche Pubbliche,Creative Commons Attribution; Creative Commons Attribution-NonCommercial-ShareAlike,SINAPPSI. Connessioni tra ricerca e politiche pubbliche,1-2,9,,https://oa.inapp.org/jspui/bitstream/20.500.12916/563/3/INAPP_Ferri_Mobilit%c3%a0_internazionale_laureati_Sinappsi_1-2_2019.pdf
http://www.wikidata.org/entity/Q113470395,Reddito di cittadinanza e disponibilità a trasferirsi per lavoro,Giovanni Gallo (maschio); Sergio Scicchitano (maschio),2019,riduzione della povertà; reddito minimo garantito; politica sociale,Google Scholar,10.1485/SINAPPSI_2019/1-2_560,Istituto Nazionale per l'Analisi delle Politiche Pubbliche,Creative Commons Attribution; Creative Commons Attribution-NonCommercial-ShareAlike,SINAPPSI. Connessioni tra ricerca e politiche pubbliche,1-2,9,,https://oa.inapp.org/jspui/bitstream/20.500.12916/560/3/INAPP_Gallo_Scicchitano_Reddito_di_cittadinanza_Sinappsi_1-2_2019.pdf
http://www.wikidata.org/entity/Q111282815,"Recovery 4.0. Ageing labour markets, digitalization of the economy and Covid-19",Pietro Checcucci (maschio),2021,invecchiamento attivo; Industria 4.0,Google Scholar,,Istituto Nazionale per l'Analisi delle Politiche Pubbliche,Creative Commons Attribution; Creative Commons Attribution-NonCommercial-ShareAlike,SINAPPSI. Connessioni tra ricerca e politiche pubbliche,3,11,,https://oa.inapp.org/jspui/bitstream/20.500.12916/3454/1/Checcucci_Recovery_4.0_Ageing_labour_markets_digitalisation_and_Covid19_Sinappsi_3_2021.pdf
http://www.wikidata.org/entity/Q111963092,DAD e inclusione. Uno studio di caso durante l’emergenza sanitaria da Covid-19,Giovanna Filosa (femmina); Maria Parente (femmina),2020,disabilità; emergenza sanitaria pubblica di portata internazionale; didattica a distanza,Google Scholar,10.1485/2532-8549-202003-6,Istituto Nazionale per l'Analisi delle Politiche Pubbliche,Creative Commons Attribution; Creative Commons Attribution-NonCommercial-ShareAlike,SINAPPSI. Connessioni tra ricerca e politiche pubbliche,3,10,64-79,https://oa.inapp.org/jspui/bitstream/20.500.12916/818/3/INAPP_Filosa_Parente_DAD_e_Sinappsi_3_2020.pdf
http://www.wikidata.org/entity/Q112054439,Miseria delle politiche del pubblico impiego in Italia,,2020,burocrazia; riforma; funzione pubblica,Google Scholar,10.1485/2532-8549-202001-1,Istituto Nazionale per l'Analisi delle Politiche Pubbliche,Creative Commons Attribution; Creative Commons Attribution-NonCommercial-ShareAlike,SINAPPSI. Connessioni tra ricerca e politiche pubbliche,1,10,3-32,https://oa.inapp.org/bitstream/handle/20.500.12916/724/INAPP_Battini_Gasparrini_Miseria_politiche_pubblico_impiego_Sinappsi_1_2020.pdf
http://www.wikidata.org/entity/Q112072975,Le logiche sindacali di azione nel pubblico impiego in tempi di crisi e riforme,Paolo Feltrin (maschio),2020,sindacato; contrattazione collettiva; funzione pubblica,Google Scholar,10.1485/2532-8549-202001-2,Istituto Nazionale per l'Analisi delle Politiche Pubbliche,Creative Commons Attribution; Creative Commons Attribution-NonCommercial-ShareAlike,SINAPPSI. Connessioni tra ricerca e politiche pubbliche,1,10,33-54,https://oa.inapp.org/jspui/bitstream/20.500.12916/723/1/INAPP_Feltrin_Logiche_sindacali_pubblico_impiego_Sinappsi_1_2020.pdf
http://www.wikidata.org/entity/Q112073050,Contrattazione collettiva nel lavoro pubblico e concertazione sociale. Stato dell’arte e prospettive,Pierluigi Mastrogiuseppe (maschio); Valerio Talamo (maschio),2020,contrattazione collettiva; retribuzione; impiegato statale,Google Scholar,10.1485/2532-8549-202001-3,Istituto Nazionale per l'Analisi delle Politiche Pubbliche,Creative Commons Attribution; Creative Commons Attribution-NonCommercial-ShareAlike,SINAPPSI. Connessioni tra ricerca e politiche pubbliche,1,10,55-82,https://oa.inapp.org/jspui/bitstream/20.500.12916/722/1/INAPP_Mastrogiuseppe_Talamo_Contrattazione_collettiva_lavoro_pubblico_Sinappsi_1_2020.pdf
http://www.wikidata.org/entity/Q112651011,Le misure di contrasto alla povertà in Puglia: tra Reddito di Dignità e Reddito di Inclusione,Armida Salvati (femmina),2018,povertà; reddito di base,Google Scholar,10.1485/SINAPPSI_2018/3_430,Istituto Nazionale per l'Analisi delle Politiche Pubbliche,Creative Commons Attribution; Creative Commons Attribution-NonCommercial-ShareAlike,SINAPPSI. Connessioni tra ricerca e politiche pubbliche,3,8,94-110,https://oa.inapp.org/jspui/bitstream/20.500.12916/430/5/Salvati_Sinappsi_3_2018.pdf
http://www.wikidata.org/entity/Q112673120,"Il buono, il brutto e il cattivo. Rappresentazioni e forme di ‘regolazione dei poveri’ nelle misure di sostegno al reddito",Antonella Meo (femmina); Enrica Morlicchio (femmina); Sandro Busso (maschio),2018,,Google Scholar,10.1485/SINAPPSI_2018/3_426,Istituto Nazionale per l'Analisi delle Politiche Pubbliche,Creative Commons Attribution; Creative Commons Attribution-NonCommercial-ShareAlike,SINAPPSI. Connessioni tra ricerca e politiche pubbliche,3,8,69-83,https://oa.inapp.org/jspui/bitstream/20.500.12916/426/3/Busso_Meo_Morlicchio_Sinappsi_3_2018.pdf
http://www.wikidata.org/entity/Q113333289,Genitorialità e work life balance. Non solo questioni di genere,Valentina Gualtieri (femmina); Tiziana Canal (femmina),2017,conciliazione vita-lavoro; genitorialità; condizioni di lavoro,Google Scholar,,Istituto Nazionale per l'Analisi delle Politiche Pubbliche,Creative Commons Attribution; Creative Commons Attribution-NonCommercial-ShareAlike,SINAPPSI. Connessioni tra ricerca e politiche pubbliche,1,7,25-69,https://oa.inapp.org/jspui/bitstream/20.500.12916/73/4/INAPP_SINAPPSI_Canal_Gualtieri_2017.pdf
http://www.wikidata.org/entity/Q113436807,La salute come una merce. Dalle strategie europee alla realtà campana,Giustina Orientale Caputo (femmina); Giuseppe Gargiulo (maschio),2018,Servizio sanitario nazionale; politiche sanitarie; valutazione,Google Scholar,,Istituto Nazionale per l'Analisi delle Politiche Pubbliche,Creative Commons Attribution; Creative Commons Attribution-NonCommercial-ShareAlike,SINAPPSI. Connessioni tra ricerca e politiche pubbliche,2,8,,https://oa.inapp.org/jspui/bitstream/20.500.12916/343/3/Gargiulo_OrientaleCaputo_Sinappsi_2_2018.pdf
http://www.wikidata.org/entity/Q111163090,I lavoratori delle piattaforme digitali in Europa: un’analisi empirica,Valeria Cirillo (femmina); Dario Guarascio (maschio); Fenizia Verdecchia (femmina),2021,diritti dei lavoratori; gig economy,Google Scholar,10.53223/SINAPPSI_2021-02-4,Istituto Nazionale per l'Analisi delle Politiche Pubbliche,Creative Commons Attribution; Creative Commons Attribution-NonCommercial-ShareAlike,SINAPPSI. Connessioni tra ricerca e politiche pubbliche,2,11,74-95,https://oa.inapp.org/jspui/bitstream/20.500.12916/3381/3/Guarascio_et_al_Sinappsi_2_2021.pdf
http://www.wikidata.org/entity/Q111191307,"Who rises and who drops? New technologies, workers, and skills. The case of a developed region",Silvia Fareri (femmina); Giovanni Solinas (maschio),2021,Domanda di lavoro; offerta di lavoro; competenza,Google Scholar,10.53223/SINAPPSI_2021-02-5,Istituto Nazionale per l'Analisi delle Politiche Pubbliche,Creative Commons Attribution; Creative Commons Attribution-NonCommercial-ShareAlike,SINAPPSI. Connessioni tra ricerca e politiche pubbliche,2,11,96-119,https://oa.inapp.org/jspui/bitstream/20.500.12916/3380/3/Fareri_Solinas_Sinappsi_2_2021.pdf
http://www.wikidata.org/entity/Q111232946,Behind the Italian regional divide: an Economic Fitness and Complexity perspective,,2021,econometria; Regione,Google Scholar,10.53223/SINAPPSI_2021-02-3,Istituto Nazionale per l'Analisi delle Politiche Pubbliche,Creative Commons Attribution; Creative Commons Attribution-NonCommercial-ShareAlike,SINAPPSI. Connessioni tra ricerca e politiche pubbliche,2,11,50-73,https://oa.inapp.org/jspui/bitstream/20.500.12916/3382/3/Sbardella_et_al_Sinappsi_2_2021.pdf
http://www.wikidata.org/entity/Q111248972,L’Impatto della laurea magistrale sui redditi da lavoro,Valentina Ferri (femmina); Giuliana Tesauro (femmina),2021,econometria; salario; laurea magistrale,Google Scholar,10.53223/SINAPPSI_2021-01-4,Istituto Nazionale per l'Analisi delle Politiche Pubbliche,Creative Commons Attribution; Creative Commons Attribution-NonCommercial-ShareAlike,SINAPPSI. Connessioni tra ricerca e politiche pubbliche,1,11,50-67,https://oa.inapp.org/jspui/bitstream/20.500.12916/3253/2/Ferri_Tesauro_Impatto_laurea_magistrale_su_redditi_da_lavoro_Sinappsi_1_2021.pdf
http://www.wikidata.org/entity/Q111333860,Territori ed ecosistemi di innovazione per la transizione 4.0. Una comparazione internazionale sulla diffusione e il posizionamento dei Digital Innovation Hub,Valeria Iadevaia (femmina); Massimo Resce (maschio),2021,innovazione; Industria 4.0; attività commerciale,Google Scholar,,Istituto Nazionale per l'Analisi delle Politiche Pubbliche,Creative Commons Attribution; Creative Commons Attribution-NonCommercial-ShareAlike,SINAPPSI. Connessioni tra ricerca e politiche pubbliche,3,11,74-95,https://oa.inapp.org/jspui/bitstream/20.500.12916/3451/1/Resce_Iadevaia_Territori_ed_ecosistemi_di_innovazione_per_la_transizione_4.0_Sinappsi_3_2021.pdf
http://www.wikidata.org/entity/Q111339952,Istruzione e mobilità intergenerazionale: un’analisi dei dati italiani,Irene Brunetti (femmina),2020,mobilità sociale,Google Scholar,10.1485/2532-8549-202003-4,Istituto Nazionale per l'Analisi delle Politiche Pubbliche,Creative Commons Attribution; Creative Commons Attribution-NonCommercial-ShareAlike,SINAPPSI. Connessioni tra ricerca e politiche pubbliche,3,10,48-63,https://oa.inapp.org/jspui/bitstream/20.500.12916/822/8/Brunetti_Sinappsi_3-2020_Errata_corrige.pdf
http://www.wikidata.org/entity/Q111577447,Il ‘valore aggiunto’ della scuola: problemi di misurazione e risultati,Angela Martini (femmina),2020,scuola; educazione; valutazione,Google Scholar,10.1485/2532-8549-202003-2,Istituto Nazionale per l'Analisi delle Politiche Pubbliche,Creative Commons Attribution; Creative Commons Attribution-NonCommercial-ShareAlike,SINAPPSI. Connessioni tra ricerca e politiche pubbliche,3,10,17-31,https://oa.inapp.org/jspui/bitstream/20.500.12916/824/5/INAPP_Martini_Il_valore_aggiunto_della_scuola_Sinappsi_3_2020.pdf
http://www.wikidata.org/entity/Q111673977,Le politiche di sicurezza urbana in Italia: lo stato dell’arte e i nodi irrisolti,Gian Guido Nobili (maschio),2020,sicurezza urbana e dell'ambiente; ente locale,Google Scholar,10.1485/2532-8549-202002-9,Istituto Nazionale per l'Analisi delle Politiche Pubbliche,Creative Commons Attribution; Creative Commons Attribution-NonCommercial-ShareAlike,SINAPPSI. Connessioni tra ricerca e politiche pubbliche,2,10,120-137,https://oa.inapp.org/jspui/bitstream/20.500.12916/743/3/INAPP_Nobili_Politiche_sicurezza_urbana_in_Italia_Sinappsi_2_2020.pdf
http://www.wikidata.org/entity/Q112672997,Valenze della qualità del lavoro nel non profit,Anna Elisa Carbone (femmina),2018,,Google Scholar,10.1485/SINAPPSI_2018/3_427,Istituto Nazionale per l'Analisi delle Politiche Pubbliche,Creative Commons Attribution; Creative Commons Attribution-NonCommercial-ShareAlike,SINAPPSI. Connessioni tra ricerca e politiche pubbliche,3,8,20-34,https://oa.inapp.org/jspui/bitstream/20.500.12916/427/3/Carbone_Sinappsi_3_2018.pdf; https://oa.inapp.org/xmlui/bitstream/handle/20.500.12916/427/Carbone_Sinappsi_3_2018.pdf?sequence=3&isAllowed=y
http://www.wikidata.org/entity/Q113436725,Perché gli Stati moderni valutano politiche e organizzazioni pubbliche?,Mita Marra (femmina),2018,pubblica amministrazione; Valutazione delle politiche pubbliche,Google Scholar,,Istituto Nazionale per l'Analisi delle Politiche Pubbliche,Creative Commons Attribution; Creative Commons Attribution-NonCommercial-ShareAlike,SINAPPSI. Connessioni tra ricerca e politiche pubbliche,1,8,,https://oa.inapp.org/jspui/bitstream/20.500.12916/207/1/INAPP_SINAPPSI_Marra_1_2018.pdf
http://www.wikidata.org/entity/Q113485313,La disciplina della mobilità nel lavoro pubblico. Una storia di politiche e strumenti discontinui,Marco Esposito (maschio),2020,lavoro; mobilità lavorativa; pubblica amministrazione italiana,Google Scholar,10.1485/2532-8549-202001-4,Istituto Nazionale per l'Analisi delle Politiche Pubbliche,Creative Commons Attribution; Creative Commons Attribution-NonCommercial-ShareAlike,SINAPPSI. Connessioni tra ricerca e politiche pubbliche,1,10,,https://oa.inapp.org/xmlui/bitstream/handle/20.500.12916/721/INAPP_Esposito_Mobilita_lavoro_pubblico_Sinappsi_1_2020.pdf?sequence=1&isAllowed=y
http://www.wikidata.org/entity/Q113485704,Differenziali salariali fra occupati laureati con contratto a tempo determinato e indeterminato. Una misura dell’effetto contratto,Valeria Cirillo (femmina); Valentina Ferri (femmina); Irene Brunetti (femmina),2018,discriminazione; salario; Contratto di lavoro a tempo determinato,Google Scholar,10.1485/SINAPPSI_2018/3_424,Istituto Nazionale per l'Analisi delle Politiche Pubbliche,Creative Commons Attribution; Creative Commons Attribution-NonCommercial-ShareAlike,SINAPPSI. Connessioni tra ricerca e politiche pubbliche,3,8,,https://oa.inapp.org/xmlui/bitstream/handle/20.500.12916/424/Brunetti_Cirillo_Ferri_Sinappsi_3_2018.pdf?sequence=3&isAllowed=y
http://www.wikidata.org/entity/Q134822033,Meno classi e sempre più vuote. L’impatto della crisi demografica sul sistema scolastico,Paolo Barabanti (maschio),2025,,Google Scholar,,Istituto Nazionale per l'Analisi delle Politiche Pubbliche,Creative Commons Attribution; Creative Commons Attribution-NonCommercial-ShareAlike,SINAPPSI. Connessioni tra ricerca e politiche pubbliche,1,15,97-108,https://oa.inapp.gov.it/bitstreams/2218c40f-8825-4635-869d-3b3a6b5c7537/download
http://www.wikidata.org/entity/Q134822634,La sfida dei cambiamenti demografici: scenari e confronti internazionali,Corrado Polli (maschio); Oliviero Casacchia (maschio),2025,,Google Scholar,,Istituto Nazionale per l'Analisi delle Politiche Pubbliche,Creative Commons Attribution; Creative Commons Attribution-NonCommercial-ShareAlike,SINAPPSI. Connessioni tra ricerca e politiche pubbliche,1,15,7-17,https://oa.inapp.gov.it/bitstreams/22400649-ff2b-45c4-bb31-2926063b619d/download
http://www.wikidata.org/entity/Q134822870,Il declino demografico italiano e le sue ripercussioni sugli equilibri geopolitici mondiali,,2025,,Google Scholar,,Istituto Nazionale per l'Analisi delle Politiche Pubbliche,Creative Commons Attribution; Creative Commons Attribution-NonCommercial-ShareAlike,SINAPPSI. Connessioni tra ricerca e politiche pubbliche,1,15,18-28,https://oa.inapp.gov.it/bitstreams/8a5926d6-5a46-4aad-a274-23b6d8d0acde/download
http://www.wikidata.org/entity/Q134963409,Decrescita demografica e politiche familiari,Anna Maria Battisti (femmina),2025,,Google Scholar,,Istituto Nazionale per l'Analisi delle Politiche Pubbliche,Creative Commons Attribution; Creative Commons Attribution-NonCommercial-ShareAlike,SINAPPSI. Connessioni tra ricerca e politiche pubbliche,1,15,64-74,https://oa.inapp.gov.it/bitstreams/3636780f-4ffc-42f4-bf50-ed5afa10f932/download
http://www.wikidata.org/entity/Q134963419,"Migrazioni internazionali, dinamica demografica e giovani generazioni nel contesto italiano",Corrado Bonifazi (maschio),2025,,Google Scholar,,Istituto Nazionale per l'Analisi delle Politiche Pubbliche,Creative Commons Attribution; Creative Commons Attribution-NonCommercial-ShareAlike,SINAPPSI. Connessioni tra ricerca e politiche pubbliche,1,15,75-88,https://oa.inapp.gov.it/bitstreams/e3324f3f-4bc5-4978-a0ad-94c7642b6842/download
http://www.wikidata.org/entity/Q135180935,Conseguenze della transizione demografica sulle politiche di age management in Italia e possibili scelte di policy,Pietro Checcucci (maschio),2025,,Google Scholar,,Istituto Nazionale per l'Analisi delle Politiche Pubbliche,Creative Commons Attribution; Creative Commons Attribution-NonCommercial-ShareAlike,SINAPPSI. Connessioni tra ricerca e politiche pubbliche,1,15,35-50,https://oa.inapp.gov.it/bitstreams/87f9645e-c511-4e17-850c-91a289bb1ddb/download
http://www.wikidata.org/entity/Q135180964,"Invecchiamento, fragilità e crescente fabbisogno sul fronte dei servizi sanitari",Aldo Rosano (maschio),2025,,Google Scholar,,Istituto Nazionale per l'Analisi delle Politiche Pubbliche,Creative Commons Attribution; Creative Commons Attribution-NonCommercial-ShareAlike,SINAPPSI. Connessioni tra ricerca e politiche pubbliche,1,15,51-63,https://oa.inapp.gov.it/bitstreams/6a34c47e-9dd1-49cf-8afd-41b29112e109/download
http://www.wikidata.org/entity/Q135181011,La geografia del malessere demografico,Giorgia Marinuzzi (femmina); Walter Tortorella (maschio),2025,,Google Scholar,,Istituto Nazionale per l'Analisi delle Politiche Pubbliche,Creative Commons Attribution; Creative Commons Attribution-NonCommercial-ShareAlike,SINAPPSI. Connessioni tra ricerca e politiche pubbliche,1,15,89-96,https://oa.inapp.gov.it/bitstreams/5002b4ae-366f-42ae-80e9-c24f3c04bf48/download
http://www.wikidata.org/entity/Q135181035,L’impatto della transizione demografica sul mondo del lavoro,,2025,,Google Scholar,,Istituto Nazionale per l'Analisi delle Politiche Pubbliche,Creative Commons Attribution; Creative Commons Attribution-NonCommercial-ShareAlike,SINAPPSI. Connessioni tra ricerca e politiche pubbliche,1,15,29-34,https://oa.inapp.gov.it/bitstreams/13be071b-ca29-42b8-8c86-dd42a93a025b/download
http://www.wikidata.org/entity/Q135181072,Considerazioni su declino demografico globale e sviluppo economico dell’Italia,Paolo Quercia (maschio); Federico Sacchi (maschio),2025,,Google Scholar,,Istituto Nazionale per l'Analisi delle Politiche Pubbliche,Creative Commons Attribution; Creative Commons Attribution-NonCommercial-ShareAlike,SINAPPSI. Connessioni tra ricerca e politiche pubbliche,1,15,109-119,https://oa.inapp.gov.it/bitstreams/537c45b5-91d9-400e-bccf-9ebf6f3f44a5/download
http://www.wikidata.org/entity/Q135181110,Misurare le competenze Gli studenti con background migratorio e le prove standardizzate,Giovanna Filosa (femmina),2025,,Google Scholar,,Istituto Nazionale per l'Analisi delle Politiche Pubbliche,Creative Commons Attribution; Creative Commons Attribution-NonCommercial-ShareAlike,SINAPPSI. Connessioni tra ricerca e politiche pubbliche,1,15,120-130,https://oa.inapp.gov.it/bitstreams/7c9bf96f-0108-4a58-a445-7af150f0bdfa/download
http://www.wikidata.org/entity/Q136657990,"L’Intelligenza artificiale: soluzione, sistema o istituzione?",Cosimo Accoto (maschio),2025,,Google Scholar,10.53223/SINAPPSI_2025-02-1,Istituto Nazionale per l'Analisi delle Politiche Pubbliche,Creative Commons Attribution; Creative Commons Attribution-NonCommercial-ShareAlike,SINAPPSI. Connessioni tra ricerca e politiche pubbliche,2,15,8-17,https://oa.inapp.gov.it/bitstreams/2d9e5b8c-7a09-423f-aaa6-a8de36d4da2c/download
http://www.wikidata.org/entity/Q136658092,L’Intelligenza artificiale generativa sta ridefinendo una nuova era per la ricerca accademica?,Saverio Lovergine (maschio),2025,,Google Scholar,10.53223/SINAPPSI_2025-02-3,Istituto Nazionale per l'Analisi delle Politiche Pubbliche,Creative Commons Attribution; Creative Commons Attribution-NonCommercial-ShareAlike,SINAPPSI. Connessioni tra ricerca e politiche pubbliche,2,15,31-45,https://oa.inapp.gov.it/bitstreams/fe96c378-81f7-4f31-bf95-35526a15c918/download
http://www.wikidata.org/entity/Q136658118,La progettazione sociale e la sfida dell’Intelligenza artificiale,,2025,,Google Scholar,10.53223/SINAPPSI_2025-02-4,Istituto Nazionale per l'Analisi delle Politiche Pubbliche,Creative Commons Attribution; Creative Commons Attribution-NonCommercial-ShareAlike,SINAPPSI. Connessioni tra ricerca e politiche pubbliche,2,15,46-61,https://oa.inapp.gov.it/bitstreams/af5c561e-9f60-464a-9fa2-f349001afd3a/download
http://www.wikidata.org/entity/Q136658143,Intelligenza vs. opacità istituzionale. La comunicazione pubblica alla sfida dell’Intelligenza artificiale generativa nell’Unione europea,,2025,,Google Scholar,10.53223/SINAPPSI_2025-02-5,Istituto Nazionale per l'Analisi delle Politiche Pubbliche,Creative Commons Attribution; Creative Commons Attribution-NonCommercial-ShareAlike,SINAPPSI. Connessioni tra ricerca e politiche pubbliche,2,15,62-74,https://oa.inapp.gov.it/bitstreams/3116b7fb-b7ca-4ffd-8ae2-14f1220d4afa/download
http://www.wikidata.org/entity/Q136658175,An examination of fundamental rights protection in AI governance,Laura Evangelista (femmina),2025,,Google Scholar,10.53223/SINAPPSI_2025-02-6,Istituto Nazionale per l'Analisi delle Politiche Pubbliche,Creative Commons Attribution; Creative Commons Attribution-NonCommercial-ShareAlike,SINAPPSI. Connessioni tra ricerca e politiche pubbliche,2,15,75-89,https://oa.inapp.gov.it/bitstreams/e6d26131-2236-4ff5-b2be-9e7104bb721b/download
http://www.wikidata.org/entity/Q136658306,IA: lo human first e il processo amministrativo,,2025,,Google Scholar,10.53223/SINAPPSI_2025-02-7,Istituto Nazionale per l'Analisi delle Politiche Pubbliche,Creative Commons Attribution; Creative Commons Attribution-NonCommercial-ShareAlike,SINAPPSI. Connessioni tra ricerca e politiche pubbliche,2,15,90-100,https://oa.inapp.gov.it/bitstreams/85d15cb9-46bb-41d9-b14e-e637c724c912/download
http://www.wikidata.org/entity/Q136658342,Collaborazione uomo-macchina. Implicazioni etico-giuridiche e nuove competenze necessarie,,2025,,Google Scholar,10.53223/SINAPPSI_2025-02-8,Istituto Nazionale per l'Analisi delle Politiche Pubbliche,Creative Commons Attribution; Creative Commons Attribution-NonCommercial-ShareAlike,SINAPPSI. Connessioni tra ricerca e politiche pubbliche,2,15,101-110,https://oa.inapp.gov.it/bitstreams/a3ed442b-9a16-42b5-93a3-ba365a073e1d/download
http://www.wikidata.org/entity/Q136658554,Intelligenza artificiale come policy capacity. Sfide e promesse per la Pubblica amministrazione italiana,,2025,,Google Scholar,10.53223/SINAPPSI_2025-02-9,Istituto Nazionale per l'Analisi delle Politiche Pubbliche,Creative Commons Attribution; Creative Commons Attribution-NonCommercial-ShareAlike,SINAPPSI. Connessioni tra ricerca e politiche pubbliche,2,15,111-127,https://oa.inapp.gov.it/bitstreams/730e116d-eb86-4b79-8822-511c5b5330c0/download
http://www.wikidata.org/entity/Q136658604,Intelligente e artificiale: una tecnologia organizzativa da regolare,Giorgio Gosetti (maschio),2025,,Google Scholar,,Istituto Nazionale per l'Analisi delle Politiche Pubbliche,Creative Commons Attribution; Creative Commons Attribution-NonCommercial-ShareAlike,SINAPPSI. Connessioni tra ricerca e politiche pubbliche,2,15,128-155,https://oa.inapp.gov.it/bitstreams/550fcc60-9417-4382-996b-c39a7b8fc71a/download
http://www.wikidata.org/entity/Q136665816,Adozione di una metodologia di valutazione di conformità etica di sistemi intelligenti governativi,,2025,,Google Scholar,10.53223/SINAPPSI_2025-02-11,Istituto Nazionale per l'Analisi delle Politiche Pubbliche,Creative Commons Attribution; Creative Commons Attribution-NonCommercial-ShareAlike,SINAPPSI. Connessioni tra ricerca e politiche pubbliche,2,15,156-170,https://oa.inapp.gov.it/bitstreams/682fa43b-6716-47c7-bb85-f2ef159e20c4/download
http://www.wikidata.org/entity/Q136666002,"Banche, finanza e assicurazioni: sfide per i lavoratori e per le politiche pubbliche nell’era dell’Intelligenza artificiale",Valentina Ferri (femmina),2025,,Google Scholar,10.53223/SINAPPSI_2025-02-12,Istituto Nazionale per l'Analisi delle Politiche Pubbliche,Creative Commons Attribution; Creative Commons Attribution-NonCommercial-ShareAlike,SINAPPSI. Connessioni tra ricerca e politiche pubbliche,2,15,171-191,https://oa.inapp.gov.it/bitstreams/af554f44-1e94-4745-9d4c-306bc1a67ca5/download
http://www.wikidata.org/entity/Q136666236,"Tecnologie IA, imprese e domanda di lavoro",Irene Brunetti (femmina); Andrea Ricci (maschio),2025,,Google Scholar,10.53223/SINAPPSI_2025-02-13,Istituto Nazionale per l'Analisi delle Politiche Pubbliche,Creative Commons Attribution; Creative Commons Attribution-NonCommercial-ShareAlike,SINAPPSI. Connessioni tra ricerca e politiche pubbliche,2,15,192-207,https://oa.inapp.gov.it/bitstreams/bb12e7b0-9276-43aa-83bf-61ac71ddf17a/download
http://www.wikidata.org/entity/Q136666494,"Determinare il mismatch delle competenze usando la GenAI. Costruzione di un modello su istruzione, formazione e mercato del lavoro in Italia",,2025,,Google Scholar,10.53223/SINAPPSI_2025-02-14,Istituto Nazionale per l'Analisi delle Politiche Pubbliche,Creative Commons Attribution; Creative Commons Attribution-NonCommercial-ShareAlike,SINAPPSI. Connessioni tra ricerca e politiche pubbliche,2,15,208-227,https://oa.inapp.gov.it/bitstreams/3b350c68-adba-467b-8580-4c0e9987a90d/download
http://www.wikidata.org/entity/Q136666796,Mind the gap. L’IA come opportunità di risposta alla domanda di lavoro insoddisfatta in Italia (2024-2033),Emilio Colombo (maschio); Giovanni Armillotta (maschio); Francesco Trentini (maschio),2025,,Google Scholar,10.53223/SINAPPSI_2025-02-15,Istituto Nazionale per l'Analisi delle Politiche Pubbliche,Creative Commons Attribution; Creative Commons Attribution-NonCommercial-ShareAlike,SINAPPSI. Connessioni tra ricerca e politiche pubbliche,2,15,228-242,https://oa.inapp.gov.it/bitstreams/7a92c1f7-1749-4c82-a5a0-ad33adc8f995/download
http://www.wikidata.org/entity/Q136667091,Invecchiamento della forza lavoro in Italia. Analisi dei cambiamenti strutturali e delle dinamiche intergenerazionali nel mercato del lavoro,,2025,,Google Scholar,10.53223/SINAPPSI_2025-02-16,Istituto Nazionale per l'Analisi delle Politiche Pubbliche,Creative Commons Attribution; Creative Commons Attribution-NonCommercial-ShareAlike,SINAPPSI. Connessioni tra ricerca e politiche pubbliche,2,15,243-256,https://oa.inapp.gov.it/bitstreams/c3be74a8-70b8-4583-8049-838e65ff0d19/download
http://www.wikidata.org/entity/Q118814003,Il neoliberismo ‘come invenzione della verità’,Roberto Schiattarella (maschio),2023,neoliberismo,Google Scholar,10.53223/SINAPPSI_2023-01-1,Istituto Nazionale per l'Analisi delle Politiche Pubbliche,Creative Commons Attribution; Creative Commons Attribution-NonCommercial-ShareAlike,SINAPPSI. Connessioni tra ricerca e politiche pubbliche,1,13,4-17,https://oa.inapp.org/jspui/bitstream/20.500.12916/3934/1/Schiattarella_Neoliberismo_Sinappsi_1-2023.pdf
http://www.wikidata.org/entity/Q118867455,La regolazione del lavoro nelle piccole imprese,Ida Regalia (femmina),2023,,Google Scholar,10.53223/SINAPPSI_2023-01-2,Istituto Nazionale per l'Analisi delle Politiche Pubbliche,Creative Commons Attribution; Creative Commons Attribution-NonCommercial-ShareAlike,SINAPPSI. Connessioni tra ricerca e politiche pubbliche,1,13,18-31,https://oa.inapp.org/xmlui/bitstream/handle/20.500.12916/3933/Regalia_Regolazione-lavoro-piccole-imprese_Sinappsi_1-2023.pdf?sequence=1&isAllowed=y
http://www.wikidata.org/entity/Q118867779,Training and skills development in SMEs. Analysing the role of support policies and NRRP strategies,Roberto Angotti (maschio); Domenico Barricelli (maschio); Alessandra Pedone (femmina),2023,,Google Scholar,10.53223/SINAPPSI_2023-01-3,Istituto Nazionale per l'Analisi delle Politiche Pubbliche,Creative Commons Attribution; Creative Commons Attribution-NonCommercial-ShareAlike,SINAPPSI. Connessioni tra ricerca e politiche pubbliche,1,13,32-49,https://oa.inapp.org/jspui/bitstream/20.500.12916/3932/1/Pedone-Angotti-Barricelli_Training-and-skill-development-in-SMEs_Sinappsi_1-2023.pdf
http://www.wikidata.org/entity/Q118945524,Patterns of labor market reforms: a regional approach to the Italian ‘Jobs Act’,Fabio Berton (maschio); Lia Pacelli (femmina); Francesco Trentini (maschio); Roberto Quaranta (maschio),2023,,Google Scholar,10.53223/SINAPPSI_2023-01-4,Istituto Nazionale per l'Analisi delle Politiche Pubbliche,Creative Commons Attribution; Creative Commons Attribution-NonCommercial-ShareAlike,SINAPPSI. Connessioni tra ricerca e politiche pubbliche,1,13,50-67,https://oa.inapp.org/jspui/bitstream/20.500.12916/3931/1/Berton-Pacelli-Quaranta-Trentini_Patterns-of-labor-market-reforms_Sinappsi_1-2023.pdf
http://www.wikidata.org/entity/Q119133062,An analysis of NEET youths in EU in a longitudinal perspective,Lia Pacelli (femmina); Marianna Filandri (femmina); Francesco Trentini (maschio),2023,,Google Scholar,10.53223/SINAPPSI_2023-01-5,Istituto Nazionale per l'Analisi delle Politiche Pubbliche,Creative Commons Attribution; Creative Commons Attribution-NonCommercial-ShareAlike,SINAPPSI. Connessioni tra ricerca e politiche pubbliche,1,13,68-87,https://oa.inapp.org/jspui/bitstream/20.500.12916/3930/1/Pacelli-Trentini-Filandri_Analysis-of-NEET-in-EU_Sinappsi_1-2023.pdf
http://www.wikidata.org/entity/Q119137591,"Programma Garanzia Giovani, occupazione e produttività. Evidenze su dati employer-employees",Irene Brunetti (femmina); Andrea Ricci (maschio),2023,,Google Scholar,10.53223/SINAPPSI_2023-01-6,Istituto Nazionale per l'Analisi delle Politiche Pubbliche,Creative Commons Attribution; Creative Commons Attribution-NonCommercial-ShareAlike,SINAPPSI. Connessioni tra ricerca e politiche pubbliche,1,13,88-100,https://oa.inapp.org/jspui/bitstream/20.500.12916/3929/1/Brunetti-Ricci_Garanzia-Giovani_Sinappsi_1-2023.pdf
http://www.wikidata.org/entity/Q119137740,Per un bilancio della Garanzia Giovani. Evidenze dalle valutazioni e sfide di policy,Silvia Ciampi (femmina); Cristina Lion (femmina),2023,,Google Scholar,10.53223/SINAPPSI_2023-01-7,Istituto Nazionale per l'Analisi delle Politiche Pubbliche,Creative Commons Attribution; Creative Commons Attribution-NonCommercial-ShareAlike,SINAPPSI. Connessioni tra ricerca e politiche pubbliche,1,13,101-114,https://oa.inapp.org/jspui/bitstream/20.500.12916/3928/1/Ciampi-Lion-Santomieri-Sciatta_Bilancio-Garanzia-Giovani_Sinappsi_1-2023.pdf
http://www.wikidata.org/entity/Q119138814,L’intermediazione digitale dei trasferimenti monetari. La gestione dei buoni spesa della piattaforma welfareX© durante la pandemia: tra nuovi profili di utenza e feedback non convenzionali,,2023,,Google Scholar,,Istituto Nazionale per l'Analisi delle Politiche Pubbliche,Creative Commons Attribution; Creative Commons Attribution-NonCommercial-ShareAlike,SINAPPSI. Connessioni tra ricerca e politiche pubbliche,1,13,115-126,https://oa.inapp.org/jspui/bitstream/20.500.12916/3927/1/Faustini-Zandonai_Intermediazione-digitale-trasferimenti-monetari_Sinappsi_1-2023.pdf
http://www.wikidata.org/entity/Q123172724,Feminization of labor in Italy. A preliminary assessment,Caterina Manicardi (femmina),2023,,Google Scholar,10.53223/SINAPPSI_2023-02-1,Istituto Nazionale per l'Analisi delle Politiche Pubbliche,Creative Commons Attribution; Creative Commons Attribution-NonCommercial-ShareAlike,SINAPPSI. Connessioni tra ricerca e politiche pubbliche,2,13,8-24,https://oa.inapp.org/xmlui/bitstream/handle/20.500.12916/4064/Manicardi_Feminization-of-labor-in-Italy_Sinappsi_2-2023.pdf?sequence=1&isAllowed=y
http://www.wikidata.org/entity/Q123172848,More than a She recession. Long-term feminization and short-term pandemic effects,Maria Enrica Virgillito (femmina),2023,,Google Scholar,10.53223/SINAPPSI_2023-02-2,Istituto Nazionale per l'Analisi delle Politiche Pubbliche,Creative Commons Attribution; Creative Commons Attribution-NonCommercial-ShareAlike,SINAPPSI. Connessioni tra ricerca e politiche pubbliche,2,13,25-60,https://oa.inapp.org/xmlui/bitstream/handle/20.500.12916/4063/Nelli-Virgillito_She-recession_Sinappsi_2-2023.pdf?sequence=1&isAllowed=y
http://www.wikidata.org/entity/Q123173029,La questione salariale italiana. Caratteri di lungo periodo e prospettive di risoluzione,Leonello Tronti (maschio),2023,,Google Scholar,10.53223/SINAPPSI_2023-02-3,Istituto Nazionale per l'Analisi delle Politiche Pubbliche,Creative Commons Attribution; Creative Commons Attribution-NonCommercial-ShareAlike,SINAPPSI. Connessioni tra ricerca e politiche pubbliche,2,13,61-75,https://oa.inapp.org/xmlui/bitstream/handle/20.500.12916/4062/Tronti_Questione-salariale-italiana_Sinappsi_2-2023.pdf?sequence=1&isAllowed=y
http://www.wikidata.org/entity/Q123173160,Il difficile percorso di crescita dei salari in Italia,Manuel Marocco (maschio); Massimo Resce (maschio); Massimiliano Deidda (maschio); Francesco Manente (maschio),2023,,Google Scholar,10.53223/SINAPPSI_2023-02-4,Istituto Nazionale per l'Analisi delle Politiche Pubbliche,Creative Commons Attribution; Creative Commons Attribution-NonCommercial-ShareAlike,SINAPPSI. Connessioni tra ricerca e politiche pubbliche,2,13,76-97,https://oa.inapp.org/xmlui/bitstream/handle/20.500.12916/4061/Deidda-Manente-Marocco-Resce_Salari-in-Italia_Sinappsi_2-2023.pdf?sequence=1&isAllowed=y
http://www.wikidata.org/entity/Q123179841,Inflation and real wages. The insufficiencies of the Italian collective bargaining system,,2023,,Google Scholar,10.53223/SINAPPSI_2023-02-5,Istituto Nazionale per l'Analisi delle Politiche Pubbliche,Creative Commons Attribution; Creative Commons Attribution-NonCommercial-ShareAlike,SINAPPSI. Connessioni tra ricerca e politiche pubbliche,2,13,98-111,https://oa.inapp.org/jspui/bitstream/20.500.12916/4060/1/Maccarone_Inflation-and-real-wages_Sinappsi_2-2023.pdf
http://www.wikidata.org/entity/Q123180026,Wage dispersion in Italy. An exploration based on linked employer-employee data,,2023,,Google Scholar,10.53223/SINAPPSI_2023-02-6,Istituto Nazionale per l'Analisi delle Politiche Pubbliche,Creative Commons Attribution; Creative Commons Attribution-NonCommercial-ShareAlike,SINAPPSI. Connessioni tra ricerca e politiche pubbliche,2,13,112-129,https://oa.inapp.org/jspui/bitstream/20.500.12916/4059/1/Bisio-Cirillo-Lucchese_Wage-dispersion-in-Italy_Sinappsi_2-2023.pdf
http://www.wikidata.org/entity/Q123180254,What workers do and how. A European database of tasks indices,,2023,,Google Scholar,10.53223/SINAPPSI_2023-02-7,Istituto Nazionale per l'Analisi delle Politiche Pubbliche,Creative Commons Attribution; Creative Commons Attribution-NonCommercial-ShareAlike,SINAPPSI. Connessioni tra ricerca e politiche pubbliche,2,13,130-148,https://oa.inapp.org/jspui/bitstream/20.500.12916/4058/1/Fana-Bisello-TorrejonPerez-FernandezMacias_What-workers-do-and-how_Sinappsi_2-2023.pdf
http://www.wikidata.org/entity/Q123180300,Efficacia delle misure di sostegno al reddito nella crisi economica da Covid-19,,2023,,Google Scholar,,Istituto Nazionale per l'Analisi delle Politiche Pubbliche,Creative Commons Attribution; Creative Commons Attribution-NonCommercial-ShareAlike,SINAPPSI. Connessioni tra ricerca e politiche pubbliche,2,13,149-163,https://oa.inapp.org/jspui/bitstream/20.500.12916/4057/1/Siciliani-Tanda-Violante_Sostegno-reddito-crisi-economica-Covid_Sinappsi_2-2023.pdf
http://www.wikidata.org/entity/Q123180417,Lo Stato come Employer of Last Resort. La piena occupazione per un diverso modello di sviluppo,,2023,,Google Scholar,,Istituto Nazionale per l'Analisi delle Politiche Pubbliche,Creative Commons Attribution; Creative Commons Attribution-NonCommercial-ShareAlike,SINAPPSI. Connessioni tra ricerca e politiche pubbliche,2,13,164-176,https://oa.inapp.org/jspui/bitstream/20.500.12916/4056/1/DeMinicis-Zabatta_Stato-employer_Sinappsi_2-2023.pdf
http://www.wikidata.org/entity/Q123180448,Valutazione in itinere della presa in carico della cronicità e fragilità in Lombardia,,2023,,Google Scholar,,Istituto Nazionale per l'Analisi delle Politiche Pubbliche,Creative Commons Attribution; Creative Commons Attribution-NonCommercial-ShareAlike,SINAPPSI. Connessioni tra ricerca e politiche pubbliche,2,13,177-191,https://oa.inapp.org/jspui/bitstream/20.500.12916/4055/1/Belleri_Presa-in-carico-Lombardia_Sinappsi_2-2023_.pdf
http://www.wikidata.org/entity/Q124619281,The ‘great re-skilling’ e la formazione digitale per la PA,Fortunato Musella (maschio); Valentina Reda (femmina),2024,,Google Scholar,,Istituto Nazionale per l'Analisi delle Politiche Pubbliche,Creative Commons Attribution; Creative Commons Attribution-NonCommercial-ShareAlike,SINAPPSI. Connessioni tra ricerca e politiche pubbliche,3,13,6-19,https://oa.inapp.org/jspui/bitstream/20.500.12916/4206/1/Musella-Reda_Formazione-digitale-PA_Sinappsi_3-2023.pdf
http://www.wikidata.org/entity/Q124619337,"Formare per il lavoro agile, e non solo. Competenze specialistiche o competenze di tutti?",Sauro Angeletti (maschio),2024,,Google Scholar,,Istituto Nazionale per l'Analisi delle Politiche Pubbliche,Creative Commons Attribution; Creative Commons Attribution-NonCommercial-ShareAlike,SINAPPSI. Connessioni tra ricerca e politiche pubbliche,3,13,20-32,https://oa.inapp.org/jspui/bitstream/20.500.12916/4205/1/Angeletti_Formare-per-lavoro-agile_Sinappsi_3-2023.pdf
http://www.wikidata.org/entity/Q124619373,Formazione continua e digitalizzazione nella PA Spunti di riflessione dai dati dell'Indagine INDACO-PA,Roberto Angotti (maschio); Alessandra Pedone (femmina); Giuditta Occhiocupo (femmina),2024,,Google Scholar,,Istituto Nazionale per l'Analisi delle Politiche Pubbliche,Creative Commons Attribution; Creative Commons Attribution-NonCommercial-ShareAlike,SINAPPSI. Connessioni tra ricerca e politiche pubbliche,3,13,33-48,https://oa.inapp.org/jspui/bitstream/20.500.12916/4204/1/Angotti-Occhiocupo-Pedone_FC-digitalizzazione-PA_Sinappsi_3-2023.pdf
http://www.wikidata.org/entity/Q124621840,"Come cambia la formazione nella PA. Criticità, opportunità e sfide",Giusi Miccoli (femmina),2024,,Google Scholar,,Istituto Nazionale per l'Analisi delle Politiche Pubbliche,Creative Commons Attribution; Creative Commons Attribution-NonCommercial-ShareAlike,SINAPPSI. Connessioni tra ricerca e politiche pubbliche,3,13,49-58,https://oa.inapp.org/jspui/bitstream/20.500.12916/4203/1/Miccoli_Formazione-nella-PA_Sinappsi_3-2023.pdf
http://www.wikidata.org/entity/Q124621865,PA Digitale: un confronto Italia-Spagna dei Piani nazionali di ripresa,,2024,,Google Scholar,,Istituto Nazionale per l'Analisi delle Politiche Pubbliche,Creative Commons Attribution; Creative Commons Attribution-NonCommercial-ShareAlike,SINAPPSI. Connessioni tra ricerca e politiche pubbliche,3,13,59-71,https://oa.inapp.org/jspui/bitstream/20.500.12916/4202/1/Ottone-Barbieri_PA-digitale-Italia-Spagna_Sinappsi_3-2023.pdf
http://www.wikidata.org/entity/Q124621893,La formazione per il lavoro agile negli enti locali tra nuove competenze e organizzazione,,2014,,Google Scholar,,Istituto Nazionale per l'Analisi delle Politiche Pubbliche,Creative Commons Attribution; Creative Commons Attribution-NonCommercial-ShareAlike,SINAPPSI. Connessioni tra ricerca e politiche pubbliche,3,13,72-83,https://oa.inapp.org/jspui/bitstream/20.500.12916/4201/1/Porcheddu-Seghezzi_Formazione-lavoro-agile-enti-locali_Sinappsi_3-2023.pdf
http://www.wikidata.org/entity/Q124621904,The outcome of smart working policies on cultural workers in the Italian Public Sector,,2024,,Google Scholar,,Istituto Nazionale per l'Analisi delle Politiche Pubbliche,Creative Commons Attribution; Creative Commons Attribution-NonCommercial-ShareAlike,SINAPPSI. Connessioni tra ricerca e politiche pubbliche,3,13,84-97,https://oa.inapp.org/jspui/bitstream/20.500.12916/4200/1/Iannace-Pace_SW-policies-cultural-workers_Sinappsi_3-2023.pdf
http://www.wikidata.org/entity/Q124621917,L'Intelligenza artificiale nei controlli tributari. Lotta all'evasione fiscale,,2024,,Google Scholar,,Istituto Nazionale per l'Analisi delle Politiche Pubbliche,Creative Commons Attribution; Creative Commons Attribution-NonCommercial-ShareAlike,SINAPPSI. Connessioni tra ricerca e politiche pubbliche,3,13,98-110,https://oa.inapp.org/jspui/bitstream/20.500.12916/4199/1/Borghetti_IA-nei-controlli-tributari_Sinappsi_3-2023.pdf
http://www.wikidata.org/entity/Q124621931,La determinazione dei salari nei CCNL e il rapporto con l’inflazione,,2024,,Google Scholar,,Istituto Nazionale per l'Analisi delle Politiche Pubbliche,Creative Commons Attribution; Creative Commons Attribution-NonCommercial-ShareAlike,SINAPPSI. Connessioni tra ricerca e politiche pubbliche,3,13,111-124,https://oa.inapp.org/jspui/bitstream/20.500.12916/4198/1/Schiavo_Salari-CNLL-inflazione_Sinappsi_3-2023_.pdf
http://www.wikidata.org/entity/Q124694790,L'Intelligenza artificiale nei controlli tributari Lotta all'evasione fiscale,,2024,,Google Scholar,,Istituto Nazionale per l'Analisi delle Politiche Pubbliche,Creative Commons Attribution; Creative Commons Attribution-NonCommercial-ShareAlike,SINAPPSI. Connessioni tra ricerca e politiche pubbliche,3,13,98-110,https://oa.inapp.org/jspui/bitstream/20.500.12916/4199/1/Borghetti_IA-nei-controlli-tributari_Sinappsi_3-2023.pdf
http://www.wikidata.org/entity/Q126361432,Lavoratori essenziali in bilico tra vulnerabilità e tutele,Maria Parente (femmina); Alessandra Cornice (femmina),2024,,Google Scholar,10.53223/SINAPPSI_2024-01-1,Istituto Nazionale per l'Analisi delle Politiche Pubbliche,Creative Commons Attribution; Creative Commons Attribution-NonCommercial-ShareAlike,SINAPPSI. Connessioni tra ricerca e politiche pubbliche,1,14,7-19,https://oa.inapp.org/xmlui/bitstream/handle/20.500.12916/4292/Cornice-Parente_Lavoratori-essenziali_Sinappsi_1-2024.pdf?sequence=1&isAllowed=y
http://www.wikidata.org/entity/Q126361695,L’integrazione occupazionale dei lavoratori stranieri nel mercato del lavoro del Mezzogiorno e del Centro-Nord,Nazareno Panichella (maschio); Stefano Cantalini (maschio),2024,,Google Scholar,10.53223/SINAPPSI_2024-01-2,Istituto Nazionale per l'Analisi delle Politiche Pubbliche,Creative Commons Attribution; Creative Commons Attribution-NonCommercial-ShareAlike,SINAPPSI. Connessioni tra ricerca e politiche pubbliche,1,14,20-35,https://oa.inapp.org/xmlui/bitstream/handle/20.500.12916/4291/Panichella-Cantalini_Integrazione-occupazionale-lavoratori-stranieri_Sinappsi_1-2024.pdf?sequence=1&isAllowed=y
http://www.wikidata.org/entity/Q126362005,"Essenziali, eppure invisibili Un’analisi della regolarizzazione dei lavoratori nel settore agricolo e domestico",Dorothea Pozzato (femmina),2024,,Google Scholar,10.53223/SINAPPSI_2024-01-3,Istituto Nazionale per l'Analisi delle Politiche Pubbliche,Creative Commons Attribution; Creative Commons Attribution-NonCommercial-ShareAlike,SINAPPSI. Connessioni tra ricerca e politiche pubbliche,1,14,36-52,https://oa.inapp.org/xmlui/bitstream/handle/20.500.12916/4290/Pozzato_Essenziali-eppure-invisibili_Sinappsi_1-2024.pdf?sequence=1&isAllowed=y
http://www.wikidata.org/entity/Q126372110,"Le assistenti famigliari immigrate, lavoratrici essenziali nella Fase 1 dell’emergenza Covid. Esperienze, problemi e opportunità",Maurizio Artero (maschio),2024,,Google Scholar,10.53223/SINAPPSI_2024-01-4,Istituto Nazionale per l'Analisi delle Politiche Pubbliche,Creative Commons Attribution; Creative Commons Attribution-NonCommercial-ShareAlike,SINAPPSI. Connessioni tra ricerca e politiche pubbliche,1,14,53-65,https://oa.inapp.org/jspui/bitstream/20.500.12916/4289/1/Artero_Assistenti-famigliari-immigrate-fase1-Covid_Sinappsi_1-2024.pdf
http://www.wikidata.org/entity/Q126372153,Professioni nella Care economy e occupazione: evidenze su dati amministrativi,Irene Brunetti (femmina); Andrea Ricci (maschio),2024,,Google Scholar,10.53223/SINAPPSI_2024-01-5,Istituto Nazionale per l'Analisi delle Politiche Pubbliche,Creative Commons Attribution; Creative Commons Attribution-NonCommercial-ShareAlike,SINAPPSI. Connessioni tra ricerca e politiche pubbliche,1,14,66-83,https://oa.inapp.org/xmlui/bitstream/handle/20.500.12916/4288/Brunetti-Ricci_Professioni-care-economy_Sinappsi_1-2024pdf.pdf?sequence=1&isAllowed=y
http://www.wikidata.org/entity/Q126372598,Note sull’autotrasporto: i lavoratori tra liberalizzazione e automazione,Massimo De Minicis (maschio); Emanuele Nebbia Colomba (maschio),2024,,Google Scholar,,Istituto Nazionale per l'Analisi delle Politiche Pubbliche,Creative Commons Attribution; Creative Commons Attribution-NonCommercial-ShareAlike,SINAPPSI. Connessioni tra ricerca e politiche pubbliche,1,14,84-92,https://oa.inapp.org/xmlui/bitstream/handle/20.500.12916/4287/NebbiaColomba-DeMinicis_Autotrasporto-liberalizzazione-automazione_Sinappsi_1-2024.pdf?sequence=3&isAllowed=y
http://www.wikidata.org/entity/Q126532186,Da richiedenti asilo a lavoratori essenziali. Pandemia e cambiamenti della composizione della forza lavoro immigrata nell’agricoltura trentina,,2024,,Google Scholar,,Istituto Nazionale per l'Analisi delle Politiche Pubbliche,Creative Commons Attribution; Creative Commons Attribution-NonCommercial-ShareAlike,SINAPPSI. Connessioni tra ricerca e politiche pubbliche,1,14,93-103,https://oa.inapp.org/xmlui/bitstream/handle/20.500.12916/4286/Piovesan_DellaPuppa_Forza-lavoro-immigrata-nell-agricoltura-trentina_Sinappsi_1-2024.pdf?sequence=1&isAllowed=y
http://www.wikidata.org/entity/Q130477850,Qualità del lavoro e digitalizzazione. Riflessioni aperte sul caso Italiano,Tiziana Canal (femmina); Matteo Luppi (maschio); Giorgio Gosetti (maschio),2024,innovazione tecnologica; qualità di vita,Google Scholar,,Istituto Nazionale per l'Analisi delle Politiche Pubbliche,Creative Commons Attribution; Creative Commons Attribution-NonCommercial-ShareAlike,SINAPPSI. Connessioni tra ricerca e politiche pubbliche,2,14,66-92,https://oa.inapp.gov.it/server/api/core/bitstreams/79863bb6-ba51-4a74-a557-2a2511badd92/content
http://www.wikidata.org/entity/Q130529432,Platform capitalism: genesis and De-Westernizing approach,Massimo De Minicis (maschio); Andrea Ciarini (maschio),2024,,Google Scholar,,Istituto Nazionale per l'Analisi delle Politiche Pubbliche,Creative Commons Attribution; Creative Commons Attribution-NonCommercial-ShareAlike,SINAPPSI. Connessioni tra ricerca e politiche pubbliche,2,14,10-20,https://oa.inapp.gov.it/bitstreams/acb20478-51e2-4a48-a7e7-59719d7e3850/download
http://www.wikidata.org/entity/Q130529479,"Piattaforme digitali, imprese e lavoro in Italia. Un’analisi dei trasporti, della ristorazione e del turismo",Valeria Cirillo (femmina); Dario Guarascio (maschio); Massimiliano Deidda (maschio),2024,,Google Scholar,,Istituto Nazionale per l'Analisi delle Politiche Pubbliche,Creative Commons Attribution; Creative Commons Attribution-NonCommercial-ShareAlike,SINAPPSI. Connessioni tra ricerca e politiche pubbliche,2,14,21-49,https://oa.inapp.gov.it/bitstreams/623c353f-03e1-4c5a-8867-17d0b76226f7/download
http://www.wikidata.org/entity/Q130529510,Workforce management in the digital era. Implications for occupational safety & health,Maurizio Curtarelli (maschio),2024,,Google Scholar,,Istituto Nazionale per l'Analisi delle Politiche Pubbliche,Creative Commons Attribution; Creative Commons Attribution-NonCommercial-ShareAlike,SINAPPSI. Connessioni tra ricerca e politiche pubbliche,2,14,50-65,https://oa.inapp.gov.it/bitstreams/9d25cec6-3321-4cd6-8139-c250f79278dd/download
http://www.wikidata.org/entity/Q130529640,Effects of employee monitoring on remote work. An empirical study from Germany and Spain using AMPWork survey data (2021-2022),,2024,,Google Scholar,10.53223/SINAPPSI_2024-01-5,Istituto Nazionale per l'Analisi delle Politiche Pubbliche,Creative Commons Attribution; Creative Commons Attribution-NonCommercial-ShareAlike,SINAPPSI. Connessioni tra ricerca e politiche pubbliche,2,14,93-112,https://oa.inapp.gov.it/bitstreams/3b6ee18b-73a3-4a79-aaca-5c5c25efb7a9/download
http://www.wikidata.org/entity/Q130529660,Un lavoro remoto di qualità: condizioni e organizzazione,,2024,,Google Scholar,,Istituto Nazionale per l'Analisi delle Politiche Pubbliche,Creative Commons Attribution; Creative Commons Attribution-NonCommercial-ShareAlike,SINAPPSI. Connessioni tra ricerca e politiche pubbliche,,14,113-135,https://oa.inapp.gov.it/bitstreams/f0df1d1a-06a1-4dc9-833d-184a3a9bbddb/download
http://www.wikidata.org/entity/Q130529702,I lavoratori nei supermercati: 'eroi' durante la pandemia ma sempre invisibili,,2024,,Google Scholar,,Istituto Nazionale per l'Analisi delle Politiche Pubbliche,Creative Commons Attribution; Creative Commons Attribution-NonCommercial-ShareAlike,SINAPPSI. Connessioni tra ricerca e politiche pubbliche,2,14,136-149,https://oa.inapp.gov.it/bitstreams/2bac42da-22f8-4304-b820-ae62511f2f95/download
http://www.wikidata.org/entity/Q131925517,L’identikit dei cittadini stranieri in cerca di lavoro,,2024,,Google Scholar,,Istituto Nazionale per l'Analisi delle Politiche Pubbliche,Creative Commons Attribution; Creative Commons Attribution-NonCommercial-ShareAlike,SINAPPSI. Connessioni tra ricerca e politiche pubbliche,3,14,6-24,https://oa.inapp.gov.it/bitstreams/ebc6f118-87c9-4832-afa0-23ea87c03026/download
http://www.wikidata.org/entity/Q131925554,Ingresso nell’occupazione di giovani italiani e stranieri. Traiettorie e caratteristiche dell’inserimento lavorativo dei giovani disoccupati amministrativi,Guido Baronio (maschio),2024,,Google Scholar,,Istituto Nazionale per l'Analisi delle Politiche Pubbliche,Creative Commons Attribution; Creative Commons Attribution-NonCommercial-ShareAlike,SINAPPSI. Connessioni tra ricerca e politiche pubbliche,3,14,25-39,https://oa.inapp.gov.it/bitstreams/175101c5-8a81-4516-87fb-802305788d74/download
http://www.wikidata.org/entity/Q131925592,L’orientamento scolastico-professionale. Quale applicazione della riforma per gli studenti stranieri?,,2024,,Google Scholar,,Istituto Nazionale per l'Analisi delle Politiche Pubbliche,Creative Commons Attribution; Creative Commons Attribution-NonCommercial-ShareAlike,SINAPPSI. Connessioni tra ricerca e politiche pubbliche,3,14,40-53,https://oa.inapp.gov.it/bitstreams/d25095b4-6983-450d-a900-4714af589d63/download
http://www.wikidata.org/entity/Q131925629,Nicchie etniche e gerarchie razziali. Lavoratori migranti in un distretto florovivaistico siciliano,,2024,,Google Scholar,,Istituto Nazionale per l'Analisi delle Politiche Pubbliche,Creative Commons Attribution; Creative Commons Attribution-NonCommercial-ShareAlike,SINAPPSI. Connessioni tra ricerca e politiche pubbliche,3,14,54-66,https://oa.inapp.gov.it/bitstreams/5e35a62a-5178-425a-8520-46e56fcd7fe7/download
http://www.wikidata.org/entity/Q131925643,Assistere i cittadini di Paesi terzi in condizione di irregolarità. Una rassegna di progetti per favorire l’emersione e contrastare condotte illegali,Maria Parente (femmina),2024,,Google Scholar,,Istituto Nazionale per l'Analisi delle Politiche Pubbliche,Creative Commons Attribution; Creative Commons Attribution-NonCommercial-ShareAlike,SINAPPSI. Connessioni tra ricerca e politiche pubbliche,3,14,67-81,https://oa.inapp.gov.it/bitstreams/8fd15d4a-6aa8-4c3b-9041-7c0bc8f944b3/download
http://www.wikidata.org/entity/Q131925664,Caporalato e sfruttamento: diffusione del fenomeno e prospettive di contrasto,,2024,,Google Scholar,,Istituto Nazionale per l'Analisi delle Politiche Pubbliche,Creative Commons Attribution; Creative Commons Attribution-NonCommercial-ShareAlike,SINAPPSI. Connessioni tra ricerca e politiche pubbliche,3,14,82-98,https://oa.inapp.gov.it/bitstreams/cb031dd4-0ef7-42e4-8d1c-b69ef384c190/download
http://www.wikidata.org/entity/Q131925686,Educational and digital poverty: barriers to adult education,Roberto Angotti (maschio); Giovanna Di Castro (femmina),2024,,Google Scholar,,Istituto Nazionale per l'Analisi delle Politiche Pubbliche,Creative Commons Attribution; Creative Commons Attribution-NonCommercial-ShareAlike,SINAPPSI. Connessioni tra ricerca e politiche pubbliche,3,14,99-114,https://oa.inapp.gov.it/bitstreams/c8fb4355-f3fb-4d44-9392-aff1d54d2a44/download
http://www.wikidata.org/entity/Q115342412,«In-dipendence». Control and emancipation paths of cultural minorities in European social history of education,Tommaso Vitale (maschio); Luca Bravi (maschio),2017,minoranza,DOAJ,10.4454/RSE.V4I1.18,Firenze University Press,Creative Commons Attribution,Rivista di Storia dell'Educazione,1,4,9-16,
http://www.wikidata.org/entity/Q130427991,Il  siamese di Koch. Un frattale straordinariamente vario nel tassellare il piano.,Giorgio Pietrocola (maschio),2023,,,,,,Periodico di Matematica,,,109-124,https://www.afsu.it/wp-content/uploads/2023/07/Periodico-di-Matematica-IV-Vol.-V-2-Online.pdf
http://www.wikidata.org/entity/Q130680698,Cosa sono i numeri reali?,Ruben Sabbadini (maschio),2024,,,,,,Periodico di Matematica,,(IV) Vol. VI (3) Supplemento sett. 2024,219-238,https://www.afsu.it/wp-content/uploads/2024/10/Periodico-di-Matematica-Atti-IV-Convegno-Agerola-2024-online.pdf#page=221
http://www.wikidata.org/entity/Q135165055,"Affinità tra figure frattali. Algoritmi combinatori alla scoperta delle coppie drago, farfalla e falena, siamese",Giorgio Pietrocola (maschio),2024,,,,,,Periodico di Matematica,,(IV) Vol. VI (4),115-128,https://www.afsu.it/wp-content/uploads/2025/01/Periodico-di-Matematica-IV-Vol.-VI-4-Online.pdf#page=117
http://www.wikidata.org/entity/Q130429194,Definizione di spirale logaritmica. Confutazione di un meme di successo.,Giorgio Pietrocola (maschio),2023,,,,,,MatematicaMente (rivista),,305,,
http://www.wikidata.org/entity/Q130472961,Matrici binomiali per insiemi di polinomi calcolanti somme di potenze con basi in progressione aritmetica - parte I,Giorgio Pietrocola (maschio),2022,,,,,,MatematicaMente (rivista),,298,,http://www.mathesis.verona.it/wp-content/uploads/2018/Numeri/Nume298.pdf
http://www.wikidata.org/entity/Q130473043,Matrici binomiali per insiemi di polinomi calcolanti somme di potenze con basi in progressione aritmetica - parte II,Giorgio Pietrocola (maschio),2022,,,,,,MatematicaMente (rivista),,299,,http://www.mathesis.verona.it/wp-content/uploads/2018/Numeri/Nume299.pdf
http://www.wikidata.org/entity/Q118367937,Per Girolamo Bordoni e Pietro Martire Locarni: conclusioni provvisorie,Giordano Castellani (maschio),2010,,,,Biblioteca Trivulziana,,Libri e documenti,,34-35,83-119,
http://www.wikidata.org/entity/Q128624475,Ricordo di un bibliotecario: Albano Sorbelli,Beniamino Pagnin (maschio),1984,bibliografia; bibliotecario; Albano Sorbelli,,,Biblioteca Trivulziana,,Libri e documenti,2,10,59; 56,
http://www.wikidata.org/entity/Q124343474,Viareggio: i bibliotecari si interrogano,Luigi Crocetti (maschio),1987,biblioteconomia,,,,,Trend,10,5,3-6,
http://www.wikidata.org/entity/Q125731008,Albo professionale: qualche riflessione,Vincenzo Santoro (maschio),1992,professione bibliotecaria,,,,,Bibliotime (Print),2,3,,
http://www.wikidata.org/entity/Q128308921,In ricordo di Silvana / i bibliotecari di Casa Piani e della Provincia di Bologna,,1993,bibliografia; bibliotecario,,,,,Bibliotime (Print),4,4,26,
http://www.wikidata.org/entity/Q128694073,Ricordo di Clementina Rotondi,,1991,bibliografia; bibliotecario,,,,,Bibliotime (Print),4,2,15,
http://www.wikidata.org/entity/Q131389397,"Albo catalogatori: due domande a Nicoletta Campus, sovrintendente beni librari, Regione Lazio",Nicoletta Campus (femmina),1992,bibliotecario; formazione professionale; reclutamento,,,,,Bibliotime (Print),2,3,10,
http://www.wikidata.org/entity/Q131506079,Università e legge 63/89,Gabriele Mazzitelli (maschio),1992,professione; bibliotecario,,,,,Bibliotime (Print),3/4,3,53-54,
http://www.wikidata.org/entity/Q131542502,Da occupazione a gruppo professionale: gli operatori dei servizi bibliotecari tra tecnologie dell'informazione e nuovi pubblici,Everardo Minardi (maschio),1999,professione; bibliotecario,,,,,Bibliotime (Print),1,2,,
http://www.wikidata.org/entity/Q131626777,Analisi organizzativa di un sistema professionale: il caso dei bibliotecari dell'Ateneo bolognese,Michele Menna (maschio),2002,professione; bibliotecario,,,,,Bibliotime (Print),1,5,,
http://www.wikidata.org/entity/Q131682115,Ma chi sono i bibliotecari?: ancora sulle diverse tipologie del personale impiegato nelle biblioteche pubbliche,Roberto Montali (maschio),1999,professione; bibliotecario,,,,,Bibliotime (Print),2,n.s. 2,,
http://www.wikidata.org/entity/Q131682397,Professione: bibliotecario: la nostra inchiesta sul progetto di legge,,1991,professione; bibliotecario,,,,,Bibliotime (Print),3,2,1-5,
http://www.wikidata.org/entity/Q131869204,Attività della Sezione Lazio,Rossella Caffo (femmina),1992,bibliotecario; associazione,,,,,Bibliotime (Print),1,3,11-12,
http://www.wikidata.org/entity/Q131869976,... Dalla Laguna,,1991,bibliotecario; associazione,,,,,Bibliotime (Print),1,2,1-6,
http://www.wikidata.org/entity/Q131931058,"Attività 1900: l'Associazione al servizio dei soci, i soci al servizio dell'Associazione",Paolo Malpezzi (maschio),1991,associazione; bibliotecario,,,,,Bibliotime (Print),2,2,1,
http://www.wikidata.org/entity/Q133278195,Autori e bibliotecari,Marco Melloni (maschio),1999,citazione; bibliografia,,,,,Bibliotime (Print),3,2,,
http://www.wikidata.org/entity/Q135178782,"Convegno Biblioteche biomediche italiane, settembre 1991",Giuliano Barbolini (maschio),1992,biblioteca; biomedicina,,,,,Bibliotime (Print),3/4,3,61-62,
http://www.wikidata.org/entity/Q135267376,Furbo chi legge!: folla da stadio al Salone del libro di Torino,Mikis Pensato (maschio),1992,fiera; mostra; editoriale,,,,,Bibliotime (Print),2,3,22-23,
http://www.wikidata.org/entity/Q136716018,La firma digitale,Francesco Gennai (maschio),2004,,,,,,Bibliotime (Print),1,7,,
http://www.wikidata.org/entity/Q137392147,"Nota su: François Gaudine [ma Gaudet], Claudine Lieber, Désherber en bibliothèque. Manuel pratique de révision des collections. Paris, Electre-Ed. du Cercle de la librairie, 1996",Cinzia Bucchioni (femmina),1998,antologia; insegnamento; gestione,,,,,Bibliotime (Print),1,1,,
http://www.wikidata.org/entity/Q126722512,Le biblioteche ed il bibliotecario nella società dell'informazione,Maria Cristina Bassi (femmina),1999,bibliotecario; addestramento; professione bibliotecaria,,,,,Rivista elettronica di neuroscienze,,,,
http://www.wikidata.org/entity/Q128624466,Luigi Marchini,Giorgio Costamagna (maschio),1986,bibliografia; bibliotecario; Luigi Marchini,,,Accademia Ligure di Scienze e Lettere,,Atti della Accademia ligure di scienze e lettere,,43,46; 48,
http://www.wikidata.org/entity/Q130402154,Amalia Vago,Alfredo Obertello (maschio),1980,bibliografia; biblioteconomia; Amalia Vago,,,Accademia Ligure di Scienze e Lettere,,Atti della Accademia ligure di scienze e lettere,,37,66-68,
http://www.wikidata.org/entity/Q128624472,Un biglietto autografo inedito di Filipppo Bettini a Giambattista Passano,Ugo Lercari (maschio),1992,bibliografia; bibliotecario,,,Accademia Ligure di Scienze e Lettere,,Atti della Accademia ligure di scienze e lettere,,49,307; 314: 1 facs.,
http://www.wikidata.org/entity/Q130292910,Filippo Noberasco,Lorenzo Vivaldo (maschio),1986,bibliografia; bibliotecario; Filippo Noberasco,,,Società savonese di storia patria,,Atti e memorie. Società Savonese di Storia Patria,,20,253-264,
http://www.wikidata.org/entity/Q130292560,La figura e l'opera di Emanuele Celesia,Giuseppe Grassano (maschio),1973,bibliografia; bibliotecario; Emanuele Celesia,,,Società savonese di storia patria,,Atti e memorie. Società Savonese di Storia Patria,,7,151-168,
http://www.wikidata.org/entity/Q130401900,Ricordando Arnaldo Segarizzi,Pasquale Pizzini (maschio),1974,bibliografia; bibliotecario; Arnaldo Segarizzi,,,Scotoni,,Studi trentini di scienze storiche,3,54,381-385,
http://www.wikidata.org/entity/Q135391256,Archivio Gentile,,2003,archivistica,,,Società savonese di storia patria,,Atti e memorie. Società Savonese di Storia Patria,,39,331-334,
http://www.wikidata.org/entity/Q135494039,L'antico archivio del Comune di Savona e i suoi inventari,Marco Castiglia (maschio),1991,archivistica,,,Società savonese di storia patria,,Atti e memorie. Società Savonese di Storia Patria,,27,59-67,
http://www.wikidata.org/entity/Q127043392,Conservazione dei beni culturali: cronistoria di un percorso formativo,Attilio Mauro Caproni (maschio),1994,bibliotecario; insegnamento; formazione professionale,,,,,Notiziario dell'Università degli studi di Udine,1,10,15-17,
http://www.wikidata.org/entity/Q127043422,Operatore dei beni culturali: una nuova figura professionale da tutelare,,1994,bibliotecario; insegnamento; formazione professionale,,,,,Notiziario dell'Università degli studi di Udine,1,10,17,
http://www.wikidata.org/entity/Q127043447,Tecdomus: laboratorio informatico per i beni culturali a Gorizia,Mario Piantoni (maschio),1995,bibliotecario; insegnamento; formazione professionale,,,,,Notiziario dell'Università degli studi di Udine,1,11,34-35,
http://www.wikidata.org/entity/Q131389375,Conservazione dei beni culturali: sbocchi professionali per la laurea,Linda Borean (femmina),1995,bibliotecario; formazione professionale; reclutamento,,,,,Notiziario dell'Università degli studi di Udine,1,11,,
http://www.wikidata.org/entity/Q136399640,Banche dati e archivi bibliografici: note sull'automazione e sull'organizzazione del SBA,Liliana Bernardis (femmina),1994,università; biblioteca,,,,,Notiziario dell'Università degli studi di Udine,2,10,30-31,
http://www.wikidata.org/entity/Q136445293,Sistema bibliotecario: appunti intorno al nuovo regolamento,Attilio Mauro Caproni (maschio),1993,università; biblioteca,,,,,Notiziario dell'Università degli studi di Udine,3,9,9-11,
http://www.wikidata.org/entity/Q129814967,Alcune questioni sul lavoro alla luce delle crise contemporanee. Une sguardo e una comparazione oltr’alpe,Laurent Gamet (maschio),2024,diritto comparato; diritto sociale; crisi sociale,,,,,Lavoro diritti Europa,2 / 24,,,https://www.lavorodirittieuropa.it/dottrina/diritto-comunitario-e-diritto-del-lavoro/1594-la-questione-sociale-alla-luce-delle-crisi-contemporanee; https://www.lavorodirittieuropa.it/images/GAMET_1.pdf
http://www.wikidata.org/entity/Q129815743,L’autonomia collettiva,Laurent Gamet (maschio),2024,diritto del lavoro,,,,,Lavoro diritti Europa,2 / 24,,,https://www.lavorodirittieuropa.it/images/GAMET_3.pdf; https://www.lavorodirittieuropa.it/dottrina/diritto-comunitario-e-diritto-del-lavoro/1596-l-autonomia-collettiva2
http://www.wikidata.org/entity/Q129816282,Il lavoratore e le due facce dell’algoritmo,Laurent Gamet (maschio),2024,algoritmo; lavoratore; diritto sociale,,,,,Lavoro diritti Europa,2 / 24,,,https://www.lavorodirittieuropa.it/dottrina/diritto-comunitario-e-diritto-del-lavoro/1595-il-lavoratore-e-le-due-facce-dell-algoritmo; https://www.lavorodirittieuropa.it/images/GAMET_2.pdf
http://www.wikidata.org/entity/Q130638618,Come spiegare i numeri reali.,Ruben Sabbadini (maschio),2023,,,,,,Progetto Alice,,"III, XXIV n.72",499-524,
http://www.wikidata.org/entity/Q130650495,Sul legame tra l'area del cerchio e la lunghezza della circonferenza...e altro ancora,Ruben Sabbadini (maschio),2023,,,,,,Progetto Alice,,"III, XXIV n.72",525-544,
http://www.wikidata.org/entity/Q130655979,Cabri Géometreː un potente strumento per la didattica della fisica,Ruben Sabbadini (maschio),2003,,,,,,Progetto Alice,,"II,IV n.11",383-398,
http://www.wikidata.org/entity/Q131625443,Accesso mediato: come cambia la professione nell'era digitale,Michele Santoro (maschio),1999,professione; bibliotecario,,,E.S. Burioni ricerche bibliografiche,,ESB forum,,,,
http://www.wikidata.org/entity/Q131625829,L'animatore socio-culturale nuova professione sociale,Giuseppe Dal Ferro (maschio),1976,professione; bibliotecario,,,,,Rezzara notizie,9,7,3,
http://www.wikidata.org/entity/Q133297032,La citazione bibliografica delle risorse elettroniche remote,Marina Usberti (femmina),2002,citazione; bibliografia,,,E.S. Burioni ricerche bibliografiche,,ESB forum,,,,
http://www.wikidata.org/entity/Q133297020,La citazione bibliografica delle risorse elettroniche remote.,Marina Usberti (femmina),2002,citazione,,,E.S. Burioni ricerche bibliografiche,,ESB forum,,,,
http://www.wikidata.org/entity/Q133297580,Citare Internet: un repertorio di risorse in rete = Citing Internet resources: a directory,Stefania Manzi (femmina); Alessandro  Corsi (maschio),,citazione; bibliografia,,,E.S. Burioni ricerche bibliografiche,,ESB forum,,,,
http://www.wikidata.org/entity/Q135116138,"Téssere una ragnatela per specialisti, ovvero Come gestire l'informazione biomedica con il web: un'esperienza",Donatella Ugolini (femmina); Cristina Casilli (femmina),2001,biblioteca; biomedicina,,,E.S. Burioni ricerche bibliografiche,,ESB forum,,,,
http://www.wikidata.org/entity/Q135233418,La biblioteca rovesciata: la gestione dei servizi bibliotecari alle soglie del terzo millennio,Gabriele Mazzitelli (maschio),2002,biblioteca; organizzazione,,,E.S. Burioni ricerche bibliografiche,,ESB forum,,,,http://www.riccardoridi.it/esb/mazz-bibrov.htm
http://www.wikidata.org/entity/Q135792920,"Convegno internazionale su ""Proprietà intellettuale e cyberspazio"", Stresa, 4-5 maggio 2001: breve resoconto",Antonella De Robbio (femmina),2001,legislazione,,,E.S. Burioni ricerche bibliografiche,,ESB forum,,,,
http://www.wikidata.org/entity/Q136539563,Integrazione dei servizi e sviluppo di una collezione digitale presso l'Università di Parma,Fabrizia Bevilacqua (femmina); Fiammetta Mamoli (femmina); Ilaria  Comelli (femmina),2001,università; biblioteca,,,E.S. Burioni ricerche bibliografiche,,ESB forum,,,,
http://www.wikidata.org/entity/Q136593329,Il progetto Bibliomedia,Ornella  Volpato (femmina); Alessia D'Amato (femmina); Andrea Brugiolo (maschio),2001,università; biblioteca,,,E.S. Burioni ricerche bibliografiche,,ESB forum,,,,
http://www.wikidata.org/entity/Q134887636,La guida on-line ai libri per ragazzi,Selene Ballerini (femmina),1999,libro; periodico; adolescente,,,Idest,,Li.B.e.R. Libri per bambini e ragazzi,,44,110,
http://www.wikidata.org/entity/Q134889535,Facciamo un bilancio,Anna Bucciarelli (femmina),1990,libro; periodico; adolescente,,,Idest,,Li.B.e.R. Libri per bambini e ragazzi,,6,3-5,
http://www.wikidata.org/entity/Q134889693,Da 23 anni in gioco,Roberto Farné (maschio),2002,periodico; adolescente; libro,,,Idest,,Li.B.e.R. Libri per bambini e ragazzi,,56,95,
http://www.wikidata.org/entity/Q134889718,Piste... per studiare il gioco: l'importanza di iniziative culturali come la nuova serie editoriale Piste... per un'analisi competente del piacere ludico e delle sue potenzialità creative,Roberto Farné (maschio),2002,libro; periodico; adolescente,,,Idest,,Li.B.e.R. Libri per bambini e ragazzi,,55,93,
http://www.wikidata.org/entity/Q134889955,E LiBeR finì nella grande rete: http://liber.idest.it: è questo l'indirizzo che mancava nel mondo dei libri per bambini e ragazzi: un indirizzo da memorizzare subito e andare a consultare il prima possibile,Iacopo Gori (maschio),1999,libro; periodico; adolescente,,,Idest,,Li.B.e.R. Libri per bambini e ragazzi,,43,68,
http://www.wikidata.org/entity/Q135011215,C'era una volta LiBeR: frammenti di storia per immagini di una rivista ormai adolescente,,2001,libro; periodico; adolescente,,,Idest,,Li.B.e.R. Libri per bambini e ragazzi,,50,17-21,
http://www.wikidata.org/entity/Q135011297,"Indice generale per parole chiave e identificatori, 1988-1999",,2001,libro; periodico; adolescente,,,Idest,,Li.B.e.R. Libri per bambini e ragazzi,inserto,49,,
http://www.wikidata.org/entity/Q136757914,Arredo ragazzi tra pubblico e privato,Dante Bandini (maschio),1994,arredamento; edilizia,,,Idest,,Li.B.e.R. Libri per bambini e ragazzi,23,apr-giu 1994,35-37,
http://www.wikidata.org/entity/Q136759809,I ragazzi fanno centro,Dante Bandini (maschio),1993,arredamento; edilizia,,,Idest,,Li.B.e.R. Libri per bambini e ragazzi,19,apr-giu 1993,31-35,
http://www.wikidata.org/entity/Q136759830,"La Biblioteca ""Gianni Rodari""",Dante Bandini (maschio),1990,arredamento; edilizia,,,Idest,,Li.B.e.R. Libri per bambini e ragazzi,8,lug-set 1990,32-41,
http://www.wikidata.org/entity/Q136760020,Nel blu dipinto di giallo e di verde,Dante Bandini (maschio),1991,arredamento; edilizia,,,Idest,,Li.B.e.R. Libri per bambini e ragazzi,13,ott-dic 1991,40-44,
http://www.wikidata.org/entity/Q136760137,Ragazzi in soffitta,Dante Bandini (maschio),1990,arredamento; edilizia,,,Idest,,Li.B.e.R. Libri per bambini e ragazzi,9,ott-dic 1990,32-37,
http://www.wikidata.org/entity/Q137392384,"Libri alla griglia: nascita, diffusione, fortuna e utilità delle formule valutative di Whittaker",Patrizia Lucchini (femmina),,antologia; insegnamento; gestione,,,Idest,,Li.B.e.R. Libri per bambini e ragazzi,,,,
http://www.wikidata.org/entity/Q137393272,Chi deve scegliere i libri in biblioteca?,Miranda Sacchi (femmina),2000,antologia; insegnamento; gestione,,,Idest,,Li.B.e.R. Libri per bambini e ragazzi,47,,31,
http://www.wikidata.org/entity/Q135435931,Biblioteca 2007: un appello per la riforma del settore bibliotecario tedesco,Klaus-Peter Böttger (maschio),2004,biblioteconomia; paese straniero; politica culturale,,,,,"51. Congresso nazionale AIB, AIB2004, Roma",,,,
http://www.wikidata.org/entity/Q135435961,La Campagna per le biblioteche d'America e la Campagna per le biblioteche del mondo,Michael Dowling (maschio),2004,biblioteconomia; paese straniero; politica culturale,,,,,"51. Congresso nazionale AIB, AIB2004, Roma",,,,
