id,rivista
http://www.wikidata.org/entity/Q128621600,La Stampa
http://www.wikidata.org/entity/Q136384321,Gazzetta Ufficiale della Repubblica Italiana
http://www.wikidata.org/entity/Q136384538,Gazzetta Ufficiale della Repubblica Italiana
http://www.wikidata.org/entity/Q111782067,Rivista storica italiana
http://www.wikidata.org/entity/Q111747586,Studi Medievali
http://www.wikidata.org/entity/Q137368051,Giornale di Sicilia
http://www.wikidata.org/entity/Q128306149,Rivista storica italiana
http://www.wikidata.org/entity/Q128694025,Studi Medievali
http://www.wikidata.org/entity/Q100741569,AIB studi
http://www.wikidata.org/entity/Q102503100,AIB studi
http://www.wikidata.org/entity/Q103896945,AIB studi
http://www.wikidata.org/entity/Q103896950,AIB studi
http://www.wikidata.org/entity/Q103896948,AIB studi
http://www.wikidata.org/entity/Q103896949,AIB studi
http://www.wikidata.org/entity/Q103896952,AIB studi
http://www.wikidata.org/entity/Q103899574,AIB studi
http://www.wikidata.org/entity/Q103899584,AIB studi
http://www.wikidata.org/entity/Q103899585,AIB studi
http://www.wikidata.org/entity/Q103901310,AIB studi
http://www.wikidata.org/entity/Q103901308,AIB studi
http://www.wikidata.org/entity/Q103901314,AIB studi
http://www.wikidata.org/entity/Q103901316,AIB studi
http://www.wikidata.org/entity/Q103901322,AIB studi
http://www.wikidata.org/entity/Q103901321,AIB studi
http://www.wikidata.org/entity/Q103901324,AIB studi
http://www.wikidata.org/entity/Q103915809,AIB studi
http://www.wikidata.org/entity/Q103915814,AIB studi
http://www.wikidata.org/entity/Q103915812,AIB studi
http://www.wikidata.org/entity/Q103915818,AIB studi
http://www.wikidata.org/entity/Q103915819,AIB studi
http://www.wikidata.org/entity/Q103915822,AIB studi
http://www.wikidata.org/entity/Q103915827,AIB studi
http://www.wikidata.org/entity/Q103915824,AIB studi
http://www.wikidata.org/entity/Q103915831,AIB studi
http://www.wikidata.org/entity/Q103920012,AIB studi
http://www.wikidata.org/entity/Q103920016,AIB studi
http://www.wikidata.org/entity/Q105491102,AIB studi
http://www.wikidata.org/entity/Q105491103,AIB studi
http://www.wikidata.org/entity/Q105491101,AIB studi
http://www.wikidata.org/entity/Q105491106,AIB studi
http://www.wikidata.org/entity/Q105491107,AIB studi
http://www.wikidata.org/entity/Q105491104,AIB studi
http://www.wikidata.org/entity/Q105491105,AIB studi
http://www.wikidata.org/entity/Q105491110,AIB studi
http://www.wikidata.org/entity/Q105491108,AIB studi
http://www.wikidata.org/entity/Q105491109,AIB studi
http://www.wikidata.org/entity/Q105491114,AIB studi
http://www.wikidata.org/entity/Q105491112,AIB studi
http://www.wikidata.org/entity/Q105491113,AIB studi
http://www.wikidata.org/entity/Q109947957,AIB studi
http://www.wikidata.org/entity/Q111395751,AIB studi
http://www.wikidata.org/entity/Q111395752,AIB studi
http://www.wikidata.org/entity/Q111395753,AIB studi
http://www.wikidata.org/entity/Q111395758,AIB studi
http://www.wikidata.org/entity/Q111395759,AIB studi
http://www.wikidata.org/entity/Q111395756,AIB studi
http://www.wikidata.org/entity/Q111395757,AIB studi
http://www.wikidata.org/entity/Q111395762,AIB studi
http://www.wikidata.org/entity/Q111395763,AIB studi
http://www.wikidata.org/entity/Q111395760,AIB studi
http://www.wikidata.org/entity/Q111395761,AIB studi
http://www.wikidata.org/entity/Q111395764,AIB studi
http://www.wikidata.org/entity/Q111395765,AIB studi
http://www.wikidata.org/entity/Q111431563,AIB studi
http://www.wikidata.org/entity/Q111431566,AIB studi
http://www.wikidata.org/entity/Q111431567,AIB studi
http://www.wikidata.org/entity/Q111431564,AIB studi
http://www.wikidata.org/entity/Q111431565,AIB studi
http://www.wikidata.org/entity/Q111431570,AIB studi
http://www.wikidata.org/entity/Q111431571,AIB studi
http://www.wikidata.org/entity/Q111431568,AIB studi
http://www.wikidata.org/entity/Q111431569,AIB studi
http://www.wikidata.org/entity/Q111431574,AIB studi
http://www.wikidata.org/entity/Q111431573,AIB studi
http://www.wikidata.org/entity/Q111431578,AIB studi
http://www.wikidata.org/entity/Q111431576,AIB studi
http://www.wikidata.org/entity/Q111431577,AIB studi
http://www.wikidata.org/entity/Q111967326,AIB studi
http://www.wikidata.org/entity/Q111967327,AIB studi
http://www.wikidata.org/entity/Q111967324,AIB studi
http://www.wikidata.org/entity/Q111967325,AIB studi
http://www.wikidata.org/entity/Q111967330,AIB studi
http://www.wikidata.org/entity/Q111967328,AIB studi
http://www.wikidata.org/entity/Q111967329,AIB studi
http://www.wikidata.org/entity/Q111967334,AIB studi
http://www.wikidata.org/entity/Q111967335,AIB studi
http://www.wikidata.org/entity/Q111967332,AIB studi
http://www.wikidata.org/entity/Q111967333,AIB studi
http://www.wikidata.org/entity/Q111967338,AIB studi
http://www.wikidata.org/entity/Q111967336,AIB studi
http://www.wikidata.org/entity/Q111967337,AIB studi
http://www.wikidata.org/entity/Q111967340,AIB studi
http://www.wikidata.org/entity/Q111967341,AIB studi
http://www.wikidata.org/entity/Q56736038,AIB studi
http://www.wikidata.org/entity/Q59388175,AIB studi
http://www.wikidata.org/entity/Q59388178,AIB studi
http://www.wikidata.org/entity/Q59388179,AIB studi
http://www.wikidata.org/entity/Q59388176,AIB studi
http://www.wikidata.org/entity/Q59388177,AIB studi
http://www.wikidata.org/entity/Q59388182,AIB studi
http://www.wikidata.org/entity/Q59388183,AIB studi
http://www.wikidata.org/entity/Q59388180,AIB studi
http://www.wikidata.org/entity/Q59388181,AIB studi
http://www.wikidata.org/entity/Q59388184,AIB studi
http://www.wikidata.org/entity/Q59388185,AIB studi
http://www.wikidata.org/entity/Q69559758,AIB studi
http://www.wikidata.org/entity/Q69646153,AIB studi
http://www.wikidata.org/entity/Q74825992,AIB studi
http://www.wikidata.org/entity/Q103899590,AIB studi
http://www.wikidata.org/entity/Q103899591,AIB studi
http://www.wikidata.org/entity/Q103899589,AIB studi
http://www.wikidata.org/entity/Q103899592,AIB studi
http://www.wikidata.org/entity/Q103899593,AIB studi
http://www.wikidata.org/entity/Q103899598,AIB studi
http://www.wikidata.org/entity/Q103899599,AIB studi
http://www.wikidata.org/entity/Q103899596,AIB studi
http://www.wikidata.org/entity/Q103899597,AIB studi
http://www.wikidata.org/entity/Q103899601,AIB studi
http://www.wikidata.org/entity/Q103899606,AIB studi
http://www.wikidata.org/entity/Q103899607,AIB studi
http://www.wikidata.org/entity/Q103899604,AIB studi
http://www.wikidata.org/entity/Q103899605,AIB studi
http://www.wikidata.org/entity/Q103899610,AIB studi
http://www.wikidata.org/entity/Q103899609,AIB studi
http://www.wikidata.org/entity/Q103899614,AIB studi
http://www.wikidata.org/entity/Q103899613,AIB studi
http://www.wikidata.org/entity/Q103901278,AIB studi
http://www.wikidata.org/entity/Q103901283,AIB studi
http://www.wikidata.org/entity/Q103901280,AIB studi
http://www.wikidata.org/entity/Q103901290,AIB studi
http://www.wikidata.org/entity/Q103901289,AIB studi
http://www.wikidata.org/entity/Q103901292,AIB studi
http://www.wikidata.org/entity/Q103901299,AIB studi
http://www.wikidata.org/entity/Q103901296,AIB studi
http://www.wikidata.org/entity/Q103901302,AIB studi
http://www.wikidata.org/entity/Q103901301,AIB studi
http://www.wikidata.org/entity/Q103901304,AIB studi
http://www.wikidata.org/entity/Q103915835,AIB studi
http://www.wikidata.org/entity/Q103915833,AIB studi
http://www.wikidata.org/entity/Q103915839,AIB studi
http://www.wikidata.org/entity/Q103915836,AIB studi
http://www.wikidata.org/entity/Q103915843,AIB studi
http://www.wikidata.org/entity/Q103915841,AIB studi
http://www.wikidata.org/entity/Q103915866,AIB studi
http://www.wikidata.org/entity/Q103915864,AIB studi
http://www.wikidata.org/entity/Q103915869,AIB studi
http://www.wikidata.org/entity/Q103915875,AIB studi
http://www.wikidata.org/entity/Q103915873,AIB studi
http://www.wikidata.org/entity/Q103915883,AIB studi
http://www.wikidata.org/entity/Q103915881,AIB studi
http://www.wikidata.org/entity/Q103915887,AIB studi
http://www.wikidata.org/entity/Q103915888,AIB studi
http://www.wikidata.org/entity/Q103915895,AIB studi
http://www.wikidata.org/entity/Q103915893,AIB studi
http://www.wikidata.org/entity/Q103915898,AIB studi
http://www.wikidata.org/entity/Q103915903,AIB studi
http://www.wikidata.org/entity/Q103915900,AIB studi
http://www.wikidata.org/entity/Q103915907,AIB studi
http://www.wikidata.org/entity/Q103918125,AIB studi
http://www.wikidata.org/entity/Q103918128,AIB studi
http://www.wikidata.org/entity/Q103919366,AIB studi
http://www.wikidata.org/entity/Q103919364,AIB studi
http://www.wikidata.org/entity/Q103919369,AIB studi
http://www.wikidata.org/entity/Q103919372,AIB studi
http://www.wikidata.org/entity/Q103919378,AIB studi
http://www.wikidata.org/entity/Q103919376,AIB studi
http://www.wikidata.org/entity/Q103919382,AIB studi
http://www.wikidata.org/entity/Q103919380,AIB studi
http://www.wikidata.org/entity/Q103919385,AIB studi
http://www.wikidata.org/entity/Q103919389,AIB studi
http://www.wikidata.org/entity/Q103919394,AIB studi
http://www.wikidata.org/entity/Q103919396,AIB studi
http://www.wikidata.org/entity/Q103919620,AIB studi
http://www.wikidata.org/entity/Q103919627,AIB studi
http://www.wikidata.org/entity/Q103919625,AIB studi
http://www.wikidata.org/entity/Q103919629,AIB studi
http://www.wikidata.org/entity/Q103919635,AIB studi
http://www.wikidata.org/entity/Q103919632,AIB studi
http://www.wikidata.org/entity/Q103919633,AIB studi
http://www.wikidata.org/entity/Q103919639,AIB studi
http://www.wikidata.org/entity/Q103919643,AIB studi
http://www.wikidata.org/entity/Q103919646,AIB studi
http://www.wikidata.org/entity/Q103919650,AIB studi
http://www.wikidata.org/entity/Q103919654,AIB studi
http://www.wikidata.org/entity/Q103919652,AIB studi
http://www.wikidata.org/entity/Q103919658,AIB studi
http://www.wikidata.org/entity/Q103919715,AIB studi
http://www.wikidata.org/entity/Q103919718,AIB studi
http://www.wikidata.org/entity/Q103919722,AIB studi
http://www.wikidata.org/entity/Q103919720,AIB studi
http://www.wikidata.org/entity/Q103919727,AIB studi
http://www.wikidata.org/entity/Q103919724,AIB studi
http://www.wikidata.org/entity/Q103919730,AIB studi
http://www.wikidata.org/entity/Q103919735,AIB studi
http://www.wikidata.org/entity/Q103919732,AIB studi
http://www.wikidata.org/entity/Q103919738,AIB studi
http://www.wikidata.org/entity/Q103919742,AIB studi
http://www.wikidata.org/entity/Q103919894,AIB studi
http://www.wikidata.org/entity/Q103919979,AIB studi
http://www.wikidata.org/entity/Q103919982,AIB studi
http://www.wikidata.org/entity/Q103919987,AIB studi
http://www.wikidata.org/entity/Q103919985,AIB studi
http://www.wikidata.org/entity/Q103919990,AIB studi
http://www.wikidata.org/entity/Q103919994,AIB studi
http://www.wikidata.org/entity/Q103919999,AIB studi
http://www.wikidata.org/entity/Q103920001,AIB studi
http://www.wikidata.org/entity/Q103920007,AIB studi
http://www.wikidata.org/entity/Q103920009,AIB studi
http://www.wikidata.org/entity/Q103918134,AIB studi
http://www.wikidata.org/entity/Q103918132,AIB studi
http://www.wikidata.org/entity/Q103918138,AIB studi
http://www.wikidata.org/entity/Q103918139,AIB studi
http://www.wikidata.org/entity/Q103918136,AIB studi
http://www.wikidata.org/entity/Q103918142,AIB studi
http://www.wikidata.org/entity/Q103918144,AIB studi
http://www.wikidata.org/entity/Q103918150,AIB studi
http://www.wikidata.org/entity/Q103918148,AIB studi
http://www.wikidata.org/entity/Q103918152,AIB studi
http://www.wikidata.org/entity/Q103918156,AIB studi
http://www.wikidata.org/entity/Q103918163,AIB studi
http://www.wikidata.org/entity/Q103918160,AIB studi
http://www.wikidata.org/entity/Q103918164,AIB studi
http://www.wikidata.org/entity/Q103918168,AIB studi
http://www.wikidata.org/entity/Q103918169,AIB studi
http://www.wikidata.org/entity/Q103918174,AIB studi
http://www.wikidata.org/entity/Q103918172,AIB studi
http://www.wikidata.org/entity/Q103918178,AIB studi
http://www.wikidata.org/entity/Q103918180,AIB studi
http://www.wikidata.org/entity/Q103918211,AIB studi
http://www.wikidata.org/entity/Q103918215,AIB studi
http://www.wikidata.org/entity/Q103918217,AIB studi
http://www.wikidata.org/entity/Q103918222,AIB studi
http://www.wikidata.org/entity/Q103918220,AIB studi
http://www.wikidata.org/entity/Q103918227,AIB studi
http://www.wikidata.org/entity/Q103918224,AIB studi
http://www.wikidata.org/entity/Q103918230,AIB studi
http://www.wikidata.org/entity/Q103918234,AIB studi
http://www.wikidata.org/entity/Q103918232,AIB studi
http://www.wikidata.org/entity/Q103918238,AIB studi
http://www.wikidata.org/entity/Q103918236,AIB studi
http://www.wikidata.org/entity/Q103918242,AIB studi
http://www.wikidata.org/entity/Q103918240,AIB studi
http://www.wikidata.org/entity/Q103918246,AIB studi
http://www.wikidata.org/entity/Q103918244,AIB studi
http://www.wikidata.org/entity/Q103918251,AIB studi
http://www.wikidata.org/entity/Q103918249,AIB studi
http://www.wikidata.org/entity/Q103918253,AIB studi
http://www.wikidata.org/entity/Q103918258,AIB studi
http://www.wikidata.org/entity/Q103918256,AIB studi
http://www.wikidata.org/entity/Q103918260,AIB studi
http://www.wikidata.org/entity/Q103918266,AIB studi
http://www.wikidata.org/entity/Q103918264,AIB studi
http://www.wikidata.org/entity/Q103918270,AIB studi
http://www.wikidata.org/entity/Q103918268,AIB studi
http://www.wikidata.org/entity/Q103918272,AIB studi
http://www.wikidata.org/entity/Q103918273,AIB studi
http://www.wikidata.org/entity/Q103918279,AIB studi
http://www.wikidata.org/entity/Q103918276,AIB studi
http://www.wikidata.org/entity/Q103918339,AIB studi
http://www.wikidata.org/entity/Q103918341,AIB studi
http://www.wikidata.org/entity/Q103918347,AIB studi
http://www.wikidata.org/entity/Q103918344,AIB studi
http://www.wikidata.org/entity/Q103918350,AIB studi
http://www.wikidata.org/entity/Q103918353,AIB studi
http://www.wikidata.org/entity/Q103918358,AIB studi
http://www.wikidata.org/entity/Q103918356,AIB studi
http://www.wikidata.org/entity/Q103918363,AIB studi
http://www.wikidata.org/entity/Q103918361,AIB studi
http://www.wikidata.org/entity/Q103918366,AIB studi
http://www.wikidata.org/entity/Q103918370,AIB studi
http://www.wikidata.org/entity/Q103918368,AIB studi
http://www.wikidata.org/entity/Q103918375,AIB studi
http://www.wikidata.org/entity/Q103918373,AIB studi
http://www.wikidata.org/entity/Q103918377,AIB studi
http://www.wikidata.org/entity/Q103919289,AIB studi
http://www.wikidata.org/entity/Q103919294,AIB studi
http://www.wikidata.org/entity/Q103919299,AIB studi
http://www.wikidata.org/entity/Q103919296,AIB studi
http://www.wikidata.org/entity/Q103919303,AIB studi
http://www.wikidata.org/entity/Q103919301,AIB studi
http://www.wikidata.org/entity/Q103919307,AIB studi
http://www.wikidata.org/entity/Q103919305,AIB studi
http://www.wikidata.org/entity/Q103919309,AIB studi
http://www.wikidata.org/entity/Q103919315,AIB studi
http://www.wikidata.org/entity/Q103919312,AIB studi
http://www.wikidata.org/entity/Q103919318,AIB studi
http://www.wikidata.org/entity/Q103919323,AIB studi
http://www.wikidata.org/entity/Q103919320,AIB studi
http://www.wikidata.org/entity/Q103919326,AIB studi
http://www.wikidata.org/entity/Q103919331,AIB studi
http://www.wikidata.org/entity/Q103919328,AIB studi
http://www.wikidata.org/entity/Q103919333,AIB studi
http://www.wikidata.org/entity/Q103919339,AIB studi
http://www.wikidata.org/entity/Q103919336,AIB studi
http://www.wikidata.org/entity/Q103919343,AIB studi
http://www.wikidata.org/entity/Q103919346,AIB studi
http://www.wikidata.org/entity/Q103919351,AIB studi
http://www.wikidata.org/entity/Q103919348,AIB studi
http://www.wikidata.org/entity/Q103919353,AIB studi
http://www.wikidata.org/entity/Q103919359,AIB studi
http://www.wikidata.org/entity/Q103919357,AIB studi
http://www.wikidata.org/entity/Q103919362,AIB studi
http://www.wikidata.org/entity/Q137017522,AIB studi
http://www.wikidata.org/entity/Q137017523,AIB studi
http://www.wikidata.org/entity/Q137017524,AIB studi
http://www.wikidata.org/entity/Q137104650,AIB studi
http://www.wikidata.org/entity/Q137104651,AIB studi
http://www.wikidata.org/entity/Q137104648,AIB studi
http://www.wikidata.org/entity/Q112913688,Limes
http://www.wikidata.org/entity/Q69776340,Annali dell'Istituto Superiore di Sanità
http://www.wikidata.org/entity/Q69776400,Annali dell'Istituto Superiore di Sanità
http://www.wikidata.org/entity/Q69776436,Annali dell'Istituto Superiore di Sanità
http://www.wikidata.org/entity/Q69776444,Annali dell'Istituto Superiore di Sanità
http://www.wikidata.org/entity/Q69776453,Annali dell'Istituto Superiore di Sanità
http://www.wikidata.org/entity/Q103918326,AIB studi
http://www.wikidata.org/entity/Q103918330,AIB studi
http://www.wikidata.org/entity/Q103918328,AIB studi
http://www.wikidata.org/entity/Q103918333,AIB studi
http://www.wikidata.org/entity/Q103918338,AIB studi
http://www.wikidata.org/entity/Q103918336,AIB studi
http://www.wikidata.org/entity/Q131469817,Associazione Italiana Biblioteche
http://www.wikidata.org/entity/Q134445011,La Cultura
http://www.wikidata.org/entity/Q111967342,AIB studi
http://www.wikidata.org/entity/Q111967343,AIB studi
http://www.wikidata.org/entity/Q111967346,AIB studi
http://www.wikidata.org/entity/Q111967347,AIB studi
http://www.wikidata.org/entity/Q111967344,AIB studi
http://www.wikidata.org/entity/Q111967345,AIB studi
http://www.wikidata.org/entity/Q111967570,AIB studi
http://www.wikidata.org/entity/Q114851255,AIB studi
http://www.wikidata.org/entity/Q117428586,AIB studi
http://www.wikidata.org/entity/Q117428593,AIB studi
http://www.wikidata.org/entity/Q117428678,AIB studi
http://www.wikidata.org/entity/Q117428679,AIB studi
http://www.wikidata.org/entity/Q117428677,AIB studi
http://www.wikidata.org/entity/Q117447410,AIB studi
http://www.wikidata.org/entity/Q117447411,AIB studi
http://www.wikidata.org/entity/Q117447409,AIB studi
http://www.wikidata.org/entity/Q117447506,AIB studi
http://www.wikidata.org/entity/Q117447507,AIB studi
http://www.wikidata.org/entity/Q117447504,AIB studi
http://www.wikidata.org/entity/Q117447505,AIB studi
http://www.wikidata.org/entity/Q117447582,AIB studi
http://www.wikidata.org/entity/Q117447583,AIB studi
http://www.wikidata.org/entity/Q117448463,AIB studi
http://www.wikidata.org/entity/Q117448466,AIB studi
http://www.wikidata.org/entity/Q117448465,AIB studi
http://www.wikidata.org/entity/Q117448470,AIB studi
http://www.wikidata.org/entity/Q117448469,AIB studi
http://www.wikidata.org/entity/Q117448474,AIB studi
http://www.wikidata.org/entity/Q117448475,AIB studi
http://www.wikidata.org/entity/Q117448472,AIB studi
http://www.wikidata.org/entity/Q117448473,AIB studi
http://www.wikidata.org/entity/Q117455594,AIB studi
http://www.wikidata.org/entity/Q117455595,AIB studi
http://www.wikidata.org/entity/Q117455592,AIB studi
http://www.wikidata.org/entity/Q117455593,AIB studi
http://www.wikidata.org/entity/Q117455598,AIB studi
http://www.wikidata.org/entity/Q117455596,AIB studi
http://www.wikidata.org/entity/Q117455597,AIB studi
http://www.wikidata.org/entity/Q117455602,AIB studi
http://www.wikidata.org/entity/Q117455603,AIB studi
http://www.wikidata.org/entity/Q117455600,AIB studi
http://www.wikidata.org/entity/Q117455601,AIB studi
http://www.wikidata.org/entity/Q117455604,AIB studi
http://www.wikidata.org/entity/Q117455605,AIB studi
http://www.wikidata.org/entity/Q123110125,AIB studi
http://www.wikidata.org/entity/Q137015827,AIB studi
http://www.wikidata.org/entity/Q137015830,AIB studi
http://www.wikidata.org/entity/Q137015831,AIB studi
http://www.wikidata.org/entity/Q137015828,AIB studi
http://www.wikidata.org/entity/Q137015829,AIB studi
http://www.wikidata.org/entity/Q137017519,AIB studi
http://www.wikidata.org/entity/Q125017954,biblioteca Italiana
http://www.wikidata.org/entity/Q136456633,Annali dell'Istituto Superiore di Sanità
http://www.wikidata.org/entity/Q136491214,biblioteca Italiana
http://www.wikidata.org/entity/Q136593412,Annali dell'Istituto Superiore di Sanità
http://www.wikidata.org/entity/Q136665118,Annali dell'Istituto Superiore di Sanità
http://www.wikidata.org/entity/Q136678249,Annali dell'Istituto Superiore di Sanità
http://www.wikidata.org/entity/Q136940308,biblioteca Italiana
http://www.wikidata.org/entity/Q99573989,International Journal of Speleology
http://www.wikidata.org/entity/Q99661235,International Journal of Speleology
http://www.wikidata.org/entity/Q36464134,Annali dell'Istituto Superiore di Sanità
http://www.wikidata.org/entity/Q36464142,Annali dell'Istituto Superiore di Sanità
http://www.wikidata.org/entity/Q36464146,Annali dell'Istituto Superiore di Sanità
http://www.wikidata.org/entity/Q36484095,Annali dell'Istituto Superiore di Sanità
http://www.wikidata.org/entity/Q36484102,Annali dell'Istituto Superiore di Sanità
http://www.wikidata.org/entity/Q36484107,Annali dell'Istituto Superiore di Sanità
http://www.wikidata.org/entity/Q36484116,Annali dell'Istituto Superiore di Sanità
http://www.wikidata.org/entity/Q36484122,Annali dell'Istituto Superiore di Sanità
http://www.wikidata.org/entity/Q36484126,Annali dell'Istituto Superiore di Sanità
http://www.wikidata.org/entity/Q36484132,Annali dell'Istituto Superiore di Sanità
http://www.wikidata.org/entity/Q36484137,Annali dell'Istituto Superiore di Sanità
http://www.wikidata.org/entity/Q36484143,Annali dell'Istituto Superiore di Sanità
http://www.wikidata.org/entity/Q36484148,Annali dell'Istituto Superiore di Sanità
http://www.wikidata.org/entity/Q36484157,Annali dell'Istituto Superiore di Sanità
http://www.wikidata.org/entity/Q36484160,Annali dell'Istituto Superiore di Sanità
http://www.wikidata.org/entity/Q36484165,Annali dell'Istituto Superiore di Sanità
http://www.wikidata.org/entity/Q36484169,Annali dell'Istituto Superiore di Sanità
http://www.wikidata.org/entity/Q36484173,Annali dell'Istituto Superiore di Sanità
http://www.wikidata.org/entity/Q36484177,Annali dell'Istituto Superiore di Sanità
http://www.wikidata.org/entity/Q36484182,Annali dell'Istituto Superiore di Sanità
http://www.wikidata.org/entity/Q36484194,Annali dell'Istituto Superiore di Sanità
http://www.wikidata.org/entity/Q36484198,Annali dell'Istituto Superiore di Sanità
http://www.wikidata.org/entity/Q36484219,Annali dell'Istituto Superiore di Sanità
http://www.wikidata.org/entity/Q127868956,Giornale storico della letteratura italiana
http://www.wikidata.org/entity/Q134444975,Giornale storico della letteratura italiana
http://www.wikidata.org/entity/Q101086004,Fondazione Bruno Kessler
http://www.wikidata.org/entity/Q112913666,Limes
http://www.wikidata.org/entity/Q112913673,Limes
http://www.wikidata.org/entity/Q112913686,Limes
http://www.wikidata.org/entity/Q112913687,Limes
http://www.wikidata.org/entity/Q112913684,Limes
http://www.wikidata.org/entity/Q135399994,Quaderni storici
http://www.wikidata.org/entity/Q135442878,Quaderni storici
http://www.wikidata.org/entity/Q107620404,Ricerche di Pedagogia e Didattica
http://www.wikidata.org/entity/Q95997038,Webbia
http://www.wikidata.org/entity/Q95997039,Webbia
http://www.wikidata.org/entity/Q95997044,Webbia
http://www.wikidata.org/entity/Q95997054,Webbia
http://www.wikidata.org/entity/Q95997062,Webbia
http://www.wikidata.org/entity/Q95997060,Webbia
http://www.wikidata.org/entity/Q95997061,Webbia
http://www.wikidata.org/entity/Q95997066,Webbia
http://www.wikidata.org/entity/Q95997067,Webbia
http://www.wikidata.org/entity/Q95997073,Webbia
http://www.wikidata.org/entity/Q95997079,Webbia
http://www.wikidata.org/entity/Q95997076,Webbia
http://www.wikidata.org/entity/Q95997077,Webbia
http://www.wikidata.org/entity/Q95997082,Webbia
http://www.wikidata.org/entity/Q95997081,Webbia
http://www.wikidata.org/entity/Q95997084,Webbia
http://www.wikidata.org/entity/Q95997102,Webbia
http://www.wikidata.org/entity/Q95997103,Webbia
http://www.wikidata.org/entity/Q95997101,Webbia
http://www.wikidata.org/entity/Q99860432,Webbia
http://www.wikidata.org/entity/Q99860449,Webbia
http://www.wikidata.org/entity/Q99860482,Webbia
http://www.wikidata.org/entity/Q99860480,Webbia
http://www.wikidata.org/entity/Q99860487,Webbia
http://www.wikidata.org/entity/Q128795587,Raccolta Vinciana
http://www.wikidata.org/entity/Q136661502,Storia delle donne
http://www.wikidata.org/entity/Q125913828,Athenaeum
http://www.wikidata.org/entity/Q127598311,Bollettino d'Arte
http://www.wikidata.org/entity/Q115577742,Atti della Società Italiana di Scienze Naturali
http://www.wikidata.org/entity/Q128592850,Annali di Storia delle Universita Italiane
http://www.wikidata.org/entity/Q120702421,Atti della Società Italiana di Scienze Naturali
http://www.wikidata.org/entity/Q136445352,Annali di Storia delle Universita Italiane
http://www.wikidata.org/entity/Q136456640,Annali di Storia delle Universita Italiane
http://www.wikidata.org/entity/Q136456660,Annali di Storia delle Universita Italiane
http://www.wikidata.org/entity/Q136540024,Annali di Storia delle Universita Italiane
http://www.wikidata.org/entity/Q136669602,Annali di Storia delle Universita Italiane
http://www.wikidata.org/entity/Q134393758,Studi Etruschi
http://www.wikidata.org/entity/Q134393756,Studi Etruschi
http://www.wikidata.org/entity/Q134393757,Studi Etruschi
http://www.wikidata.org/entity/Q134393762,Studi Etruschi
http://www.wikidata.org/entity/Q134393763,Studi Etruschi
http://www.wikidata.org/entity/Q134393760,Studi Etruschi
http://www.wikidata.org/entity/Q134393761,Studi Etruschi
http://www.wikidata.org/entity/Q134513674,Studi Etruschi
http://www.wikidata.org/entity/Q134513673,Studi Etruschi
http://www.wikidata.org/entity/Q134513678,Studi Etruschi
http://www.wikidata.org/entity/Q134513679,Studi Etruschi
http://www.wikidata.org/entity/Q134513692,Studi Etruschi
http://www.wikidata.org/entity/Q134513697,Studi Etruschi
http://www.wikidata.org/entity/Q134513709,Studi Etruschi
http://www.wikidata.org/entity/Q127868932,Annali della Scuola Normale Superiore di Pisa. Classe di Lettere e Filosofia
http://www.wikidata.org/entity/Q60713534,Storia delle donne
http://www.wikidata.org/entity/Q61056650,Storia delle donne
http://www.wikidata.org/entity/Q61057042,Storia delle donne
http://www.wikidata.org/entity/Q136399613,Annali della Scuola Normale Superiore di Pisa. Classe di Lettere e Filosofia
http://www.wikidata.org/entity/Q77304139,Aevum
http://www.wikidata.org/entity/Q121298479,Mélanges de l'École française de Rome. Antiquité
http://www.wikidata.org/entity/Q121299313,Mélanges de l'École française de Rome. Antiquité
http://www.wikidata.org/entity/Q65594178,Bollettino d'Arte
http://www.wikidata.org/entity/Q73492838,Annali di Storia delle Universita Italiane
http://www.wikidata.org/entity/Q111602391,Onychium (rivista)
http://www.wikidata.org/entity/Q111602402,Onychium (rivista)
http://www.wikidata.org/entity/Q111602403,Onychium (rivista)
http://www.wikidata.org/entity/Q111602406,Onychium (rivista)
http://www.wikidata.org/entity/Q111602407,Onychium (rivista)
http://www.wikidata.org/entity/Q111602404,Onychium (rivista)
http://www.wikidata.org/entity/Q111602405,Onychium (rivista)
http://www.wikidata.org/entity/Q111602410,Onychium (rivista)
http://www.wikidata.org/entity/Q111602411,Onychium (rivista)
http://www.wikidata.org/entity/Q111602408,Onychium (rivista)
http://www.wikidata.org/entity/Q111602409,Onychium (rivista)
http://www.wikidata.org/entity/Q111602414,Onychium (rivista)
http://www.wikidata.org/entity/Q111602418,Onychium (rivista)
http://www.wikidata.org/entity/Q111602419,Onychium (rivista)
http://www.wikidata.org/entity/Q111602417,Onychium (rivista)
http://www.wikidata.org/entity/Q111602423,Onychium (rivista)
http://www.wikidata.org/entity/Q111602421,Onychium (rivista)
http://www.wikidata.org/entity/Q111602426,Onychium (rivista)
http://www.wikidata.org/entity/Q111602427,Onychium (rivista)
http://www.wikidata.org/entity/Q111602424,Onychium (rivista)
http://www.wikidata.org/entity/Q111602425,Onychium (rivista)
http://www.wikidata.org/entity/Q111602430,Onychium (rivista)
http://www.wikidata.org/entity/Q111602431,Onychium (rivista)
http://www.wikidata.org/entity/Q111602428,Onychium (rivista)
http://www.wikidata.org/entity/Q111602429,Onychium (rivista)
http://www.wikidata.org/entity/Q111602434,Onychium (rivista)
http://www.wikidata.org/entity/Q111602435,Onychium (rivista)
http://www.wikidata.org/entity/Q111602439,Onychium (rivista)
http://www.wikidata.org/entity/Q111602436,Onychium (rivista)
http://www.wikidata.org/entity/Q111602442,Onychium (rivista)
http://www.wikidata.org/entity/Q111602443,Onychium (rivista)
http://www.wikidata.org/entity/Q111602441,Onychium (rivista)
http://www.wikidata.org/entity/Q111602446,Onychium (rivista)
http://www.wikidata.org/entity/Q111602445,Onychium (rivista)
http://www.wikidata.org/entity/Q111602450,Onychium (rivista)
http://www.wikidata.org/entity/Q111602451,Onychium (rivista)
http://www.wikidata.org/entity/Q111602448,Onychium (rivista)
http://www.wikidata.org/entity/Q111602449,Onychium (rivista)
http://www.wikidata.org/entity/Q111602454,Onychium (rivista)
http://www.wikidata.org/entity/Q111602455,Onychium (rivista)
http://www.wikidata.org/entity/Q111602452,Onychium (rivista)
http://www.wikidata.org/entity/Q111602453,Onychium (rivista)
http://www.wikidata.org/entity/Q111602458,Onychium (rivista)
http://www.wikidata.org/entity/Q111602456,Onychium (rivista)
http://www.wikidata.org/entity/Q111602457,Onychium (rivista)
http://www.wikidata.org/entity/Q111602462,Onychium (rivista)
http://www.wikidata.org/entity/Q111602460,Onychium (rivista)
http://www.wikidata.org/entity/Q111602461,Onychium (rivista)
http://www.wikidata.org/entity/Q111602466,Onychium (rivista)
http://www.wikidata.org/entity/Q111602464,Onychium (rivista)
http://www.wikidata.org/entity/Q111602465,Onychium (rivista)
http://www.wikidata.org/entity/Q111602470,Onychium (rivista)
http://www.wikidata.org/entity/Q111602471,Onychium (rivista)
http://www.wikidata.org/entity/Q111602468,Onychium (rivista)
http://www.wikidata.org/entity/Q111602474,Onychium (rivista)
http://www.wikidata.org/entity/Q111602475,Onychium (rivista)
http://www.wikidata.org/entity/Q111602472,Onychium (rivista)
http://www.wikidata.org/entity/Q111602473,Onychium (rivista)
http://www.wikidata.org/entity/Q111602477,Onychium (rivista)
http://www.wikidata.org/entity/Q125897612,Storia delle donne
http://www.wikidata.org/entity/Q131986883,Storia delle donne
http://www.wikidata.org/entity/Q131986985,Storia delle donne
http://www.wikidata.org/entity/Q133257960,Passato e Presente
http://www.wikidata.org/entity/Q133258145,Passato e Presente
http://www.wikidata.org/entity/Q135400000,Passato e Presente
http://www.wikidata.org/entity/Q115139459,Società e storia
http://www.wikidata.org/entity/Q115139456,Società e storia
http://www.wikidata.org/entity/Q115139461,Società e storia
http://www.wikidata.org/entity/Q115139467,Società e storia
http://www.wikidata.org/entity/Q135336054,Società e storia
http://www.wikidata.org/entity/Q135409801,Società e storia
http://www.wikidata.org/entity/Q135409906,Società e storia
http://www.wikidata.org/entity/Q135432514,Società e storia
http://www.wikidata.org/entity/Q136384392,Società e storia
http://www.wikidata.org/entity/Q78577731,Bollettino della Societa italiana di biologia sperimentale
http://www.wikidata.org/entity/Q99639341,Fragmenta Entomologica
http://www.wikidata.org/entity/Q99653413,Fragmenta Entomologica
http://www.wikidata.org/entity/Q99654817,Fragmenta Entomologica
http://www.wikidata.org/entity/Q122049779,Fragmenta Entomologica
http://www.wikidata.org/entity/Q122049776,Fragmenta Entomologica
http://www.wikidata.org/entity/Q122049777,Fragmenta Entomologica
http://www.wikidata.org/entity/Q122049784,Fragmenta Entomologica
http://www.wikidata.org/entity/Q122049785,Fragmenta Entomologica
http://www.wikidata.org/entity/Q122049794,Fragmenta Entomologica
http://www.wikidata.org/entity/Q122049796,Fragmenta Entomologica
http://www.wikidata.org/entity/Q111578756,Monitore zoologico italiano
http://www.wikidata.org/entity/Q111578802,Monitore zoologico italiano
http://www.wikidata.org/entity/Q111578810,Monitore zoologico italiano
http://www.wikidata.org/entity/Q111578825,Monitore zoologico italiano
http://www.wikidata.org/entity/Q111578864,Monitore zoologico italiano
http://www.wikidata.org/entity/Q111578928,Monitore zoologico italiano
http://www.wikidata.org/entity/Q111579071,Monitore zoologico italiano
http://www.wikidata.org/entity/Q111579162,Monitore zoologico italiano
http://www.wikidata.org/entity/Q111579187,Monitore zoologico italiano
http://www.wikidata.org/entity/Q111579339,Monitore zoologico italiano
http://www.wikidata.org/entity/Q111601394,Onychium (rivista)
http://www.wikidata.org/entity/Q111601392,Onychium (rivista)
http://www.wikidata.org/entity/Q111601398,Onychium (rivista)
http://www.wikidata.org/entity/Q111601399,Onychium (rivista)
http://www.wikidata.org/entity/Q111601396,Onychium (rivista)
http://www.wikidata.org/entity/Q111601397,Onychium (rivista)
http://www.wikidata.org/entity/Q111601402,Onychium (rivista)
http://www.wikidata.org/entity/Q111601401,Onychium (rivista)
http://www.wikidata.org/entity/Q111601404,Onychium (rivista)
http://www.wikidata.org/entity/Q111601410,Onychium (rivista)
http://www.wikidata.org/entity/Q111601411,Onychium (rivista)
http://www.wikidata.org/entity/Q111601414,Onychium (rivista)
http://www.wikidata.org/entity/Q111601413,Onychium (rivista)
http://www.wikidata.org/entity/Q111601423,Onychium (rivista)
http://www.wikidata.org/entity/Q111602339,Onychium (rivista)
http://www.wikidata.org/entity/Q111602343,Onychium (rivista)
http://www.wikidata.org/entity/Q111602340,Onychium (rivista)
http://www.wikidata.org/entity/Q111602345,Onychium (rivista)
http://www.wikidata.org/entity/Q111602350,Onychium (rivista)
http://www.wikidata.org/entity/Q111602351,Onychium (rivista)
http://www.wikidata.org/entity/Q111602354,Onychium (rivista)
http://www.wikidata.org/entity/Q111602353,Onychium (rivista)
http://www.wikidata.org/entity/Q111602358,Onychium (rivista)
http://www.wikidata.org/entity/Q111602359,Onychium (rivista)
http://www.wikidata.org/entity/Q111602356,Onychium (rivista)
http://www.wikidata.org/entity/Q111602357,Onychium (rivista)
http://www.wikidata.org/entity/Q111602362,Onychium (rivista)
http://www.wikidata.org/entity/Q111602363,Onychium (rivista)
http://www.wikidata.org/entity/Q111602360,Onychium (rivista)
http://www.wikidata.org/entity/Q111602361,Onychium (rivista)
http://www.wikidata.org/entity/Q111602366,Onychium (rivista)
http://www.wikidata.org/entity/Q111602367,Onychium (rivista)
http://www.wikidata.org/entity/Q111602364,Onychium (rivista)
http://www.wikidata.org/entity/Q111602365,Onychium (rivista)
http://www.wikidata.org/entity/Q111602370,Onychium (rivista)
http://www.wikidata.org/entity/Q111602371,Onychium (rivista)
http://www.wikidata.org/entity/Q111602368,Onychium (rivista)
http://www.wikidata.org/entity/Q111602369,Onychium (rivista)
http://www.wikidata.org/entity/Q111602374,Onychium (rivista)
http://www.wikidata.org/entity/Q111602375,Onychium (rivista)
http://www.wikidata.org/entity/Q111602372,Onychium (rivista)
http://www.wikidata.org/entity/Q111602373,Onychium (rivista)
http://www.wikidata.org/entity/Q111602378,Onychium (rivista)
http://www.wikidata.org/entity/Q111602379,Onychium (rivista)
http://www.wikidata.org/entity/Q111602376,Onychium (rivista)
http://www.wikidata.org/entity/Q111602377,Onychium (rivista)
http://www.wikidata.org/entity/Q111602382,Onychium (rivista)
http://www.wikidata.org/entity/Q111602380,Onychium (rivista)
http://www.wikidata.org/entity/Q111602381,Onychium (rivista)
http://www.wikidata.org/entity/Q111602386,Onychium (rivista)
http://www.wikidata.org/entity/Q111602387,Onychium (rivista)
http://www.wikidata.org/entity/Q111602384,Onychium (rivista)
http://www.wikidata.org/entity/Q111602385,Onychium (rivista)
http://www.wikidata.org/entity/Q111602388,Onychium (rivista)
http://www.wikidata.org/entity/Q111602389,Onychium (rivista)
http://www.wikidata.org/entity/Q111602394,Onychium (rivista)
http://www.wikidata.org/entity/Q111602395,Onychium (rivista)
http://www.wikidata.org/entity/Q111602392,Onychium (rivista)
http://www.wikidata.org/entity/Q111602393,Onychium (rivista)
http://www.wikidata.org/entity/Q111602398,Onychium (rivista)
http://www.wikidata.org/entity/Q111602399,Onychium (rivista)
http://www.wikidata.org/entity/Q111602396,Onychium (rivista)
http://www.wikidata.org/entity/Q111602397,Onychium (rivista)
http://www.wikidata.org/entity/Q111602400,Onychium (rivista)
http://www.wikidata.org/entity/Q111602401,Onychium (rivista)
http://www.wikidata.org/entity/Q111747741,La Rivista di Engramma
http://www.wikidata.org/entity/Q122049798,Fragmenta Entomologica
http://www.wikidata.org/entity/Q122049806,Fragmenta Entomologica
http://www.wikidata.org/entity/Q122049817,Fragmenta Entomologica
http://www.wikidata.org/entity/Q122049868,Fragmenta Entomologica
http://www.wikidata.org/entity/Q122049874,Fragmenta Entomologica
http://www.wikidata.org/entity/Q122049876,Fragmenta Entomologica
http://www.wikidata.org/entity/Q122049880,Fragmenta Entomologica
http://www.wikidata.org/entity/Q122049898,Fragmenta Entomologica
http://www.wikidata.org/entity/Q122049914,Fragmenta Entomologica
http://www.wikidata.org/entity/Q122049924,Fragmenta Entomologica
http://www.wikidata.org/entity/Q122050002,Fragmenta Entomologica
http://www.wikidata.org/entity/Q122050109,Fragmenta Entomologica
http://www.wikidata.org/entity/Q122050183,Fragmenta Entomologica
http://www.wikidata.org/entity/Q122050186,Fragmenta Entomologica
http://www.wikidata.org/entity/Q122050223,Fragmenta Entomologica
http://www.wikidata.org/entity/Q122050221,Fragmenta Entomologica
http://www.wikidata.org/entity/Q122050236,Fragmenta Entomologica
http://www.wikidata.org/entity/Q122050246,Fragmenta Entomologica
http://www.wikidata.org/entity/Q122050247,Fragmenta Entomologica
http://www.wikidata.org/entity/Q122050244,Fragmenta Entomologica
http://www.wikidata.org/entity/Q122050252,Fragmenta Entomologica
http://www.wikidata.org/entity/Q122050293,Fragmenta Entomologica
http://www.wikidata.org/entity/Q122050308,Fragmenta Entomologica
http://www.wikidata.org/entity/Q122050335,Fragmenta Entomologica
http://www.wikidata.org/entity/Q136760027,Contemporanea
http://www.wikidata.org/entity/Q123925890,Bibliothecae.it
http://www.wikidata.org/entity/Q123925891,Bibliothecae.it
http://www.wikidata.org/entity/Q123925888,Bibliothecae.it
http://www.wikidata.org/entity/Q123925889,Bibliothecae.it
http://www.wikidata.org/entity/Q123925894,Bibliothecae.it
http://www.wikidata.org/entity/Q123925895,Bibliothecae.it
http://www.wikidata.org/entity/Q123925892,Bibliothecae.it
http://www.wikidata.org/entity/Q123925893,Bibliothecae.it
http://www.wikidata.org/entity/Q123925898,Bibliothecae.it
http://www.wikidata.org/entity/Q123925896,Bibliothecae.it
http://www.wikidata.org/entity/Q123925897,Bibliothecae.it
http://www.wikidata.org/entity/Q123934448,Bibliothecae.it
http://www.wikidata.org/entity/Q127691539,Bibliothecae.it
http://www.wikidata.org/entity/Q127691542,Bibliothecae.it
http://www.wikidata.org/entity/Q127691543,Bibliothecae.it
http://www.wikidata.org/entity/Q127691540,Bibliothecae.it
http://www.wikidata.org/entity/Q127691541,Bibliothecae.it
http://www.wikidata.org/entity/Q127691546,Bibliothecae.it
http://www.wikidata.org/entity/Q127691547,Bibliothecae.it
http://www.wikidata.org/entity/Q127691544,Bibliothecae.it
http://www.wikidata.org/entity/Q127691545,Bibliothecae.it
http://www.wikidata.org/entity/Q127691550,Bibliothecae.it
http://www.wikidata.org/entity/Q127691551,Bibliothecae.it
http://www.wikidata.org/entity/Q127691548,Bibliothecae.it
http://www.wikidata.org/entity/Q127691549,Bibliothecae.it
http://www.wikidata.org/entity/Q131429346,Bibliothecae.it
http://www.wikidata.org/entity/Q131429347,Bibliothecae.it
http://www.wikidata.org/entity/Q131429344,Bibliothecae.it
http://www.wikidata.org/entity/Q131429345,Bibliothecae.it
http://www.wikidata.org/entity/Q131429350,Bibliothecae.it
http://www.wikidata.org/entity/Q131429351,Bibliothecae.it
http://www.wikidata.org/entity/Q131429348,Bibliothecae.it
http://www.wikidata.org/entity/Q131429349,Bibliothecae.it
http://www.wikidata.org/entity/Q131429354,Bibliothecae.it
http://www.wikidata.org/entity/Q131429352,Bibliothecae.it
http://www.wikidata.org/entity/Q131429353,Bibliothecae.it
http://www.wikidata.org/entity/Q132561594,Bibliothecae.it
http://www.wikidata.org/entity/Q135102878,Bibliothecae.it
http://www.wikidata.org/entity/Q135102879,Bibliothecae.it
http://www.wikidata.org/entity/Q135102882,Bibliothecae.it
http://www.wikidata.org/entity/Q135102883,Bibliothecae.it
http://www.wikidata.org/entity/Q135102880,Bibliothecae.it
http://www.wikidata.org/entity/Q135102881,Bibliothecae.it
http://www.wikidata.org/entity/Q135102886,Bibliothecae.it
http://www.wikidata.org/entity/Q135102884,Bibliothecae.it
http://www.wikidata.org/entity/Q128310240,Bollettino storico-bibliografico subalpino
http://www.wikidata.org/entity/Q128592841,Bollettino storico-bibliografico subalpino
http://www.wikidata.org/entity/Q59259749,Bibliothecae.it
http://www.wikidata.org/entity/Q59265383,Bibliothecae.it
http://www.wikidata.org/entity/Q59265386,Bibliothecae.it
http://www.wikidata.org/entity/Q59265384,Bibliothecae.it
http://www.wikidata.org/entity/Q59265385,Bibliothecae.it
http://www.wikidata.org/entity/Q59265390,Bibliothecae.it
http://www.wikidata.org/entity/Q59265391,Bibliothecae.it
http://www.wikidata.org/entity/Q59265388,Bibliothecae.it
http://www.wikidata.org/entity/Q59265394,Bibliothecae.it
http://www.wikidata.org/entity/Q59265392,Bibliothecae.it
http://www.wikidata.org/entity/Q64712112,Bibliothecae.it
http://www.wikidata.org/entity/Q64712113,Bibliothecae.it
http://www.wikidata.org/entity/Q64712116,Bibliothecae.it
http://www.wikidata.org/entity/Q64712134,Bibliothecae.it
http://www.wikidata.org/entity/Q64712144,Bibliothecae.it
http://www.wikidata.org/entity/Q64712156,Bibliothecae.it
http://www.wikidata.org/entity/Q64712171,Bibliothecae.it
http://www.wikidata.org/entity/Q64712184,Bibliothecae.it
http://www.wikidata.org/entity/Q64712198,Bibliothecae.it
http://www.wikidata.org/entity/Q109593344,Scrineum
http://www.wikidata.org/entity/Q82514580,Bibliothecae.it
http://www.wikidata.org/entity/Q82514642,Bibliothecae.it
http://www.wikidata.org/entity/Q82514941,Bibliothecae.it
http://www.wikidata.org/entity/Q82514978,Bibliothecae.it
http://www.wikidata.org/entity/Q82515058,Bibliothecae.it
http://www.wikidata.org/entity/Q82515159,Bibliothecae.it
http://www.wikidata.org/entity/Q82515164,Bibliothecae.it
http://www.wikidata.org/entity/Q82515170,Bibliothecae.it
http://www.wikidata.org/entity/Q82515168,Bibliothecae.it
http://www.wikidata.org/entity/Q82515174,Bibliothecae.it
http://www.wikidata.org/entity/Q82515177,Bibliothecae.it
http://www.wikidata.org/entity/Q82515180,Bibliothecae.it
http://www.wikidata.org/entity/Q82515186,Bibliothecae.it
http://www.wikidata.org/entity/Q83365686,Bibliothecae.it
http://www.wikidata.org/entity/Q92592463,Bibliothecae.it
http://www.wikidata.org/entity/Q92592494,Bibliothecae.it
http://www.wikidata.org/entity/Q92592577,Bibliothecae.it
http://www.wikidata.org/entity/Q92592656,Bibliothecae.it
http://www.wikidata.org/entity/Q92592734,Bibliothecae.it
http://www.wikidata.org/entity/Q92592817,Bibliothecae.it
http://www.wikidata.org/entity/Q92592907,Bibliothecae.it
http://www.wikidata.org/entity/Q92593011,Bibliothecae.it
http://www.wikidata.org/entity/Q92593112,Bibliothecae.it
http://www.wikidata.org/entity/Q92593206,Bibliothecae.it
http://www.wikidata.org/entity/Q109593333,Annali dell'Istituto storico italo-germanico in Trento
http://www.wikidata.org/entity/Q96623074,Bibliothecae.it
http://www.wikidata.org/entity/Q96623075,Bibliothecae.it
http://www.wikidata.org/entity/Q96623078,Bibliothecae.it
http://www.wikidata.org/entity/Q96623076,Bibliothecae.it
http://www.wikidata.org/entity/Q58124093,Quaderni di sociologia
http://www.wikidata.org/entity/Q122828583,Africa
http://www.wikidata.org/entity/Q133080583,Contemporanea
http://www.wikidata.org/entity/Q123925882,Bibliothecae.it
http://www.wikidata.org/entity/Q123925883,Bibliothecae.it
http://www.wikidata.org/entity/Q123925881,Bibliothecae.it
http://www.wikidata.org/entity/Q123925886,Bibliothecae.it
http://www.wikidata.org/entity/Q123925887,Bibliothecae.it
http://www.wikidata.org/entity/Q123925884,Bibliothecae.it
http://www.wikidata.org/entity/Q59154974,Bibliothecae.it
http://www.wikidata.org/entity/Q59154975,Bibliothecae.it
http://www.wikidata.org/entity/Q59154972,Bibliothecae.it
http://www.wikidata.org/entity/Q59154976,Bibliothecae.it
http://www.wikidata.org/entity/Q59208094,Bibliothecae.it
http://www.wikidata.org/entity/Q59208095,Bibliothecae.it
http://www.wikidata.org/entity/Q59208093,Bibliothecae.it
http://www.wikidata.org/entity/Q59208098,Bibliothecae.it
http://www.wikidata.org/entity/Q59208096,Bibliothecae.it
http://www.wikidata.org/entity/Q59208097,Bibliothecae.it
http://www.wikidata.org/entity/Q59259739,Bibliothecae.it
http://www.wikidata.org/entity/Q59259742,Bibliothecae.it
http://www.wikidata.org/entity/Q59259743,Bibliothecae.it
http://www.wikidata.org/entity/Q59259740,Bibliothecae.it
http://www.wikidata.org/entity/Q59259741,Bibliothecae.it
http://www.wikidata.org/entity/Q59259746,Bibliothecae.it
http://www.wikidata.org/entity/Q59259747,Bibliothecae.it
http://www.wikidata.org/entity/Q59259744,Bibliothecae.it
http://www.wikidata.org/entity/Q59259745,Bibliothecae.it
http://www.wikidata.org/entity/Q59259748,Bibliothecae.it
http://www.wikidata.org/entity/Q60907356,Bibliothecae.it
http://www.wikidata.org/entity/Q60907372,Bibliothecae.it
http://www.wikidata.org/entity/Q60907379,Bibliothecae.it
http://www.wikidata.org/entity/Q60907392,Bibliothecae.it
http://www.wikidata.org/entity/Q60907408,Bibliothecae.it
http://www.wikidata.org/entity/Q60907417,Bibliothecae.it
http://www.wikidata.org/entity/Q60907422,Bibliothecae.it
http://www.wikidata.org/entity/Q60907435,Bibliothecae.it
http://www.wikidata.org/entity/Q64712103,Bibliothecae.it
http://www.wikidata.org/entity/Q64712106,Bibliothecae.it
http://www.wikidata.org/entity/Q64712107,Bibliothecae.it
http://www.wikidata.org/entity/Q64712105,Bibliothecae.it
http://www.wikidata.org/entity/Q64712110,Bibliothecae.it
http://www.wikidata.org/entity/Q64712109,Bibliothecae.it
http://www.wikidata.org/entity/Q107395002,Bibliothecae.it
http://www.wikidata.org/entity/Q107395003,Bibliothecae.it
http://www.wikidata.org/entity/Q107395001,Bibliothecae.it
http://www.wikidata.org/entity/Q110386754,Bibliothecae.it
http://www.wikidata.org/entity/Q110386758,Bibliothecae.it
http://www.wikidata.org/entity/Q110386756,Bibliothecae.it
http://www.wikidata.org/entity/Q110386763,Bibliothecae.it
http://www.wikidata.org/entity/Q110386761,Bibliothecae.it
http://www.wikidata.org/entity/Q110386765,Bibliothecae.it
http://www.wikidata.org/entity/Q110386770,Bibliothecae.it
http://www.wikidata.org/entity/Q110386771,Bibliothecae.it
http://www.wikidata.org/entity/Q110386768,Bibliothecae.it
http://www.wikidata.org/entity/Q110386774,Bibliothecae.it
http://www.wikidata.org/entity/Q110386773,Bibliothecae.it
http://www.wikidata.org/entity/Q110386778,Bibliothecae.it
http://www.wikidata.org/entity/Q110386776,Bibliothecae.it
http://www.wikidata.org/entity/Q110386782,Bibliothecae.it
http://www.wikidata.org/entity/Q110386780,Bibliothecae.it
http://www.wikidata.org/entity/Q110386786,Bibliothecae.it
http://www.wikidata.org/entity/Q110386784,Bibliothecae.it
http://www.wikidata.org/entity/Q113148883,Bibliothecae.it
http://www.wikidata.org/entity/Q113148886,Bibliothecae.it
http://www.wikidata.org/entity/Q113148891,Bibliothecae.it
http://www.wikidata.org/entity/Q113148888,Bibliothecae.it
http://www.wikidata.org/entity/Q113148889,Bibliothecae.it
http://www.wikidata.org/entity/Q113148895,Bibliothecae.it
http://www.wikidata.org/entity/Q113148893,Bibliothecae.it
http://www.wikidata.org/entity/Q113148898,Bibliothecae.it
http://www.wikidata.org/entity/Q113148897,Bibliothecae.it
http://www.wikidata.org/entity/Q113148903,Bibliothecae.it
http://www.wikidata.org/entity/Q113148900,Bibliothecae.it
http://www.wikidata.org/entity/Q113148906,Bibliothecae.it
http://www.wikidata.org/entity/Q113148905,Bibliothecae.it
http://www.wikidata.org/entity/Q113148908,Bibliothecae.it
http://www.wikidata.org/entity/Q116444203,Bibliothecae.it
http://www.wikidata.org/entity/Q116444206,Bibliothecae.it
http://www.wikidata.org/entity/Q116444207,Bibliothecae.it
http://www.wikidata.org/entity/Q116444204,Bibliothecae.it
http://www.wikidata.org/entity/Q116444205,Bibliothecae.it
http://www.wikidata.org/entity/Q116444210,Bibliothecae.it
http://www.wikidata.org/entity/Q116444211,Bibliothecae.it
http://www.wikidata.org/entity/Q116444209,Bibliothecae.it
http://www.wikidata.org/entity/Q116444214,Bibliothecae.it
http://www.wikidata.org/entity/Q116444215,Bibliothecae.it
http://www.wikidata.org/entity/Q116444212,Bibliothecae.it
http://www.wikidata.org/entity/Q116444213,Bibliothecae.it
http://www.wikidata.org/entity/Q116444216,Bibliothecae.it
http://www.wikidata.org/entity/Q116444217,Bibliothecae.it
http://www.wikidata.org/entity/Q119496383,Bibliothecae.it
http://www.wikidata.org/entity/Q119496386,Bibliothecae.it
http://www.wikidata.org/entity/Q119496387,Bibliothecae.it
http://www.wikidata.org/entity/Q119496384,Bibliothecae.it
http://www.wikidata.org/entity/Q119496385,Bibliothecae.it
http://www.wikidata.org/entity/Q119496390,Bibliothecae.it
http://www.wikidata.org/entity/Q119496391,Bibliothecae.it
http://www.wikidata.org/entity/Q119496388,Bibliothecae.it
http://www.wikidata.org/entity/Q119496389,Bibliothecae.it
http://www.wikidata.org/entity/Q119496394,Bibliothecae.it
http://www.wikidata.org/entity/Q119496392,Bibliothecae.it
http://www.wikidata.org/entity/Q119496393,Bibliothecae.it
http://www.wikidata.org/entity/Q57976823,Bibliothecae.it
http://www.wikidata.org/entity/Q58302558,Bibliothecae.it
http://www.wikidata.org/entity/Q58349819,Bibliothecae.it
http://www.wikidata.org/entity/Q58350077,Bibliothecae.it
http://www.wikidata.org/entity/Q58356273,Bibliothecae.it
http://www.wikidata.org/entity/Q58356286,Bibliothecae.it
http://www.wikidata.org/entity/Q58356899,Bibliothecae.it
http://www.wikidata.org/entity/Q58379186,Bibliothecae.it
http://www.wikidata.org/entity/Q58379187,Bibliothecae.it
http://www.wikidata.org/entity/Q58379188,Bibliothecae.it
http://www.wikidata.org/entity/Q58387646,Bibliothecae.it
http://www.wikidata.org/entity/Q58387647,Bibliothecae.it
http://www.wikidata.org/entity/Q58387650,Bibliothecae.it
http://www.wikidata.org/entity/Q58387648,Bibliothecae.it
http://www.wikidata.org/entity/Q58424166,Bibliothecae.it
http://www.wikidata.org/entity/Q58670918,Bibliothecae.it
http://www.wikidata.org/entity/Q58670922,Bibliothecae.it
http://www.wikidata.org/entity/Q58670923,Bibliothecae.it
http://www.wikidata.org/entity/Q58670920,Bibliothecae.it
http://www.wikidata.org/entity/Q58670927,Bibliothecae.it
http://www.wikidata.org/entity/Q58670925,Bibliothecae.it
http://www.wikidata.org/entity/Q58670929,Bibliothecae.it
http://www.wikidata.org/entity/Q58670935,Bibliothecae.it
http://www.wikidata.org/entity/Q58670932,Bibliothecae.it
http://www.wikidata.org/entity/Q58670933,Bibliothecae.it
http://www.wikidata.org/entity/Q58670939,Bibliothecae.it
http://www.wikidata.org/entity/Q58670937,Bibliothecae.it
http://www.wikidata.org/entity/Q58670940,Bibliothecae.it
http://www.wikidata.org/entity/Q58773238,Bibliothecae.it
http://www.wikidata.org/entity/Q58773236,Bibliothecae.it
http://www.wikidata.org/entity/Q59096082,Bibliothecae.it
http://www.wikidata.org/entity/Q59096080,Bibliothecae.it
http://www.wikidata.org/entity/Q59096081,Bibliothecae.it
http://www.wikidata.org/entity/Q59096086,Bibliothecae.it
http://www.wikidata.org/entity/Q59096084,Bibliothecae.it
http://www.wikidata.org/entity/Q59096085,Bibliothecae.it
http://www.wikidata.org/entity/Q59096090,Bibliothecae.it
http://www.wikidata.org/entity/Q59096088,Bibliothecae.it
http://www.wikidata.org/entity/Q59096089,Bibliothecae.it
http://www.wikidata.org/entity/Q59096094,Bibliothecae.it
http://www.wikidata.org/entity/Q59096092,Bibliothecae.it
http://www.wikidata.org/entity/Q59096093,Bibliothecae.it
http://www.wikidata.org/entity/Q59137259,Bibliothecae.it
http://www.wikidata.org/entity/Q59137262,Bibliothecae.it
http://www.wikidata.org/entity/Q59137260,Bibliothecae.it
http://www.wikidata.org/entity/Q59137261,Bibliothecae.it
http://www.wikidata.org/entity/Q59137266,Bibliothecae.it
http://www.wikidata.org/entity/Q59137267,Bibliothecae.it
http://www.wikidata.org/entity/Q59137264,Bibliothecae.it
http://www.wikidata.org/entity/Q59137270,Bibliothecae.it
http://www.wikidata.org/entity/Q59137268,Bibliothecae.it
http://www.wikidata.org/entity/Q59137272,Bibliothecae.it
http://www.wikidata.org/entity/Q59154963,Bibliothecae.it
http://www.wikidata.org/entity/Q59154966,Bibliothecae.it
http://www.wikidata.org/entity/Q59154967,Bibliothecae.it
http://www.wikidata.org/entity/Q59154964,Bibliothecae.it
http://www.wikidata.org/entity/Q59154965,Bibliothecae.it
http://www.wikidata.org/entity/Q59154971,Bibliothecae.it
http://www.wikidata.org/entity/Q59154968,Bibliothecae.it
http://www.wikidata.org/entity/Q59154969,Bibliothecae.it
http://www.wikidata.org/entity/Q59265395,Bibliothecae.it
http://www.wikidata.org/entity/Q59265396,Bibliothecae.it
http://www.wikidata.org/entity/Q59265397,Bibliothecae.it
http://www.wikidata.org/entity/Q59281535,Bibliothecae.it
http://www.wikidata.org/entity/Q59281538,Bibliothecae.it
http://www.wikidata.org/entity/Q59281539,Bibliothecae.it
http://www.wikidata.org/entity/Q59281536,Bibliothecae.it
http://www.wikidata.org/entity/Q59281537,Bibliothecae.it
http://www.wikidata.org/entity/Q59281542,Bibliothecae.it
http://www.wikidata.org/entity/Q59281543,Bibliothecae.it
http://www.wikidata.org/entity/Q59281540,Bibliothecae.it
http://www.wikidata.org/entity/Q59281541,Bibliothecae.it
http://www.wikidata.org/entity/Q60907273,Bibliothecae.it
http://www.wikidata.org/entity/Q60907285,Bibliothecae.it
http://www.wikidata.org/entity/Q60907291,Bibliothecae.it
http://www.wikidata.org/entity/Q60907308,Bibliothecae.it
http://www.wikidata.org/entity/Q60907317,Bibliothecae.it
http://www.wikidata.org/entity/Q60907331,Bibliothecae.it
http://www.wikidata.org/entity/Q60907344,Bibliothecae.it
http://www.wikidata.org/entity/Q104786702,Bibliothecae.it
http://www.wikidata.org/entity/Q104786700,Bibliothecae.it
http://www.wikidata.org/entity/Q104786701,Bibliothecae.it
http://www.wikidata.org/entity/Q104786706,Bibliothecae.it
http://www.wikidata.org/entity/Q104786707,Bibliothecae.it
http://www.wikidata.org/entity/Q104786704,Bibliothecae.it
http://www.wikidata.org/entity/Q104786705,Bibliothecae.it
http://www.wikidata.org/entity/Q104786709,Bibliothecae.it
http://www.wikidata.org/entity/Q107394986,Bibliothecae.it
http://www.wikidata.org/entity/Q107394987,Bibliothecae.it
http://www.wikidata.org/entity/Q107394990,Bibliothecae.it
http://www.wikidata.org/entity/Q107394991,Bibliothecae.it
http://www.wikidata.org/entity/Q107394988,Bibliothecae.it
http://www.wikidata.org/entity/Q107394989,Bibliothecae.it
http://www.wikidata.org/entity/Q107394994,Bibliothecae.it
http://www.wikidata.org/entity/Q107394995,Bibliothecae.it
http://www.wikidata.org/entity/Q107394992,Bibliothecae.it
http://www.wikidata.org/entity/Q107394999,Bibliothecae.it
http://www.wikidata.org/entity/Q107394996,Bibliothecae.it
http://www.wikidata.org/entity/Q107394997,Bibliothecae.it
http://www.wikidata.org/entity/Q107395000,Bibliothecae.it
http://www.wikidata.org/entity/Q114773208,Figure
http://www.wikidata.org/entity/Q113201278,Diacronie. Studi di Storia Contemporanea
http://www.wikidata.org/entity/Q103949187,Biblioteche Oggi Trends
http://www.wikidata.org/entity/Q103949190,Biblioteche Oggi Trends
http://www.wikidata.org/entity/Q103949193,Biblioteche Oggi Trends
http://www.wikidata.org/entity/Q103949200,Biblioteche Oggi Trends
http://www.wikidata.org/entity/Q103949206,Biblioteche Oggi Trends
http://www.wikidata.org/entity/Q103949219,Biblioteche Oggi Trends
http://www.wikidata.org/entity/Q103949227,Biblioteche Oggi Trends
http://www.wikidata.org/entity/Q103949230,Biblioteche Oggi Trends
http://www.wikidata.org/entity/Q103949234,Biblioteche Oggi Trends
http://www.wikidata.org/entity/Q103949237,Biblioteche Oggi Trends
http://www.wikidata.org/entity/Q103949242,Biblioteche Oggi Trends
http://www.wikidata.org/entity/Q103949248,Biblioteche Oggi Trends
http://www.wikidata.org/entity/Q103949253,Biblioteche Oggi Trends
http://www.wikidata.org/entity/Q103949258,Biblioteche Oggi Trends
http://www.wikidata.org/entity/Q103949266,Biblioteche Oggi Trends
http://www.wikidata.org/entity/Q103949269,Biblioteche Oggi Trends
http://www.wikidata.org/entity/Q103949274,Biblioteche Oggi Trends
http://www.wikidata.org/entity/Q103949282,Biblioteche Oggi Trends
http://www.wikidata.org/entity/Q103949284,Biblioteche Oggi Trends
http://www.wikidata.org/entity/Q103949290,Biblioteche Oggi Trends
http://www.wikidata.org/entity/Q103949342,Biblioteche Oggi Trends
http://www.wikidata.org/entity/Q103949351,Biblioteche Oggi Trends
http://www.wikidata.org/entity/Q103949355,Biblioteche Oggi Trends
http://www.wikidata.org/entity/Q103949362,Biblioteche Oggi Trends
http://www.wikidata.org/entity/Q103949360,Biblioteche Oggi Trends
http://www.wikidata.org/entity/Q103949365,Biblioteche Oggi Trends
http://www.wikidata.org/entity/Q103949369,Biblioteche Oggi Trends
http://www.wikidata.org/entity/Q103949373,Biblioteche Oggi Trends
http://www.wikidata.org/entity/Q103949377,Biblioteche Oggi Trends
http://www.wikidata.org/entity/Q103949382,Biblioteche Oggi Trends
http://www.wikidata.org/entity/Q103949385,Biblioteche Oggi Trends
http://www.wikidata.org/entity/Q103949391,Biblioteche Oggi Trends
http://www.wikidata.org/entity/Q103949397,Biblioteche Oggi Trends
http://www.wikidata.org/entity/Q103949402,Biblioteche Oggi Trends
http://www.wikidata.org/entity/Q103949406,Biblioteche Oggi Trends
http://www.wikidata.org/entity/Q103949408,Biblioteche Oggi Trends
http://www.wikidata.org/entity/Q103949414,Biblioteche Oggi Trends
http://www.wikidata.org/entity/Q103949412,Biblioteche Oggi Trends
http://www.wikidata.org/entity/Q103949419,Biblioteche Oggi Trends
http://www.wikidata.org/entity/Q103949425,Biblioteche Oggi Trends
http://www.wikidata.org/entity/Q103949431,Biblioteche Oggi Trends
http://www.wikidata.org/entity/Q103949428,Biblioteche Oggi Trends
http://www.wikidata.org/entity/Q103949437,Biblioteche Oggi Trends
http://www.wikidata.org/entity/Q103949443,Biblioteche Oggi Trends
http://www.wikidata.org/entity/Q103949445,Biblioteche Oggi Trends
http://www.wikidata.org/entity/Q103949450,Biblioteche Oggi Trends
http://www.wikidata.org/entity/Q103949454,Biblioteche Oggi Trends
http://www.wikidata.org/entity/Q103949460,Biblioteche Oggi Trends
http://www.wikidata.org/entity/Q103949465,Biblioteche Oggi Trends
http://www.wikidata.org/entity/Q103949468,Biblioteche Oggi Trends
http://www.wikidata.org/entity/Q103949472,Biblioteche Oggi Trends
http://www.wikidata.org/entity/Q103949476,Biblioteche Oggi Trends
http://www.wikidata.org/entity/Q103949482,Biblioteche Oggi Trends
http://www.wikidata.org/entity/Q58773243,Bibliothecae.it
http://www.wikidata.org/entity/Q58773241,Bibliothecae.it
http://www.wikidata.org/entity/Q58773247,Bibliothecae.it
http://www.wikidata.org/entity/Q58773245,Bibliothecae.it
http://www.wikidata.org/entity/Q58773251,Bibliothecae.it
http://www.wikidata.org/entity/Q58773249,Bibliothecae.it
http://www.wikidata.org/entity/Q58773254,Bibliothecae.it
http://www.wikidata.org/entity/Q58773253,Bibliothecae.it
http://www.wikidata.org/entity/Q58773258,Bibliothecae.it
http://www.wikidata.org/entity/Q58773260,Bibliothecae.it
http://www.wikidata.org/entity/Q58773261,Bibliothecae.it
http://www.wikidata.org/entity/Q58773267,Bibliothecae.it
http://www.wikidata.org/entity/Q58773264,Bibliothecae.it
http://www.wikidata.org/entity/Q58826209,Bibliothecae.it
http://www.wikidata.org/entity/Q58953729,Bibliothecae.it
http://www.wikidata.org/entity/Q58953763,Bibliothecae.it
http://www.wikidata.org/entity/Q58953796,Bibliothecae.it
http://www.wikidata.org/entity/Q58953832,Bibliothecae.it
http://www.wikidata.org/entity/Q58953868,Bibliothecae.it
http://www.wikidata.org/entity/Q58953902,Bibliothecae.it
http://www.wikidata.org/entity/Q58953937,Bibliothecae.it
http://www.wikidata.org/entity/Q58953970,Bibliothecae.it
http://www.wikidata.org/entity/Q58954003,Bibliothecae.it
http://www.wikidata.org/entity/Q58954040,Bibliothecae.it
http://www.wikidata.org/entity/Q58954077,Bibliothecae.it
http://www.wikidata.org/entity/Q58954115,Bibliothecae.it
http://www.wikidata.org/entity/Q58954151,Bibliothecae.it
http://www.wikidata.org/entity/Q58954188,Bibliothecae.it
http://www.wikidata.org/entity/Q58954224,Bibliothecae.it
http://www.wikidata.org/entity/Q59096078,Bibliothecae.it
http://www.wikidata.org/entity/Q59096076,Bibliothecae.it
http://www.wikidata.org/entity/Q59096077,Bibliothecae.it
http://www.wikidata.org/entity/Q96623079,Bibliothecae.it
http://www.wikidata.org/entity/Q96623082,Bibliothecae.it
http://www.wikidata.org/entity/Q96623083,Bibliothecae.it
http://www.wikidata.org/entity/Q96623081,Bibliothecae.it
http://www.wikidata.org/entity/Q96623086,Bibliothecae.it
http://www.wikidata.org/entity/Q96623087,Bibliothecae.it
http://www.wikidata.org/entity/Q96623085,Bibliothecae.it
http://www.wikidata.org/entity/Q96623090,Bibliothecae.it
http://www.wikidata.org/entity/Q96623091,Bibliothecae.it
http://www.wikidata.org/entity/Q96623089,Bibliothecae.it
http://www.wikidata.org/entity/Q96623093,Bibliothecae.it
http://www.wikidata.org/entity/Q104786698,Bibliothecae.it
http://www.wikidata.org/entity/Q104786699,Bibliothecae.it
http://www.wikidata.org/entity/Q124344840,Bibelot
http://www.wikidata.org/entity/Q125451860,Bibelot
http://www.wikidata.org/entity/Q125500024,Bibelot
http://www.wikidata.org/entity/Q125959522,Bibelot
http://www.wikidata.org/entity/Q128308912,Bibelot
http://www.wikidata.org/entity/Q83612194,Biblioteche Oggi Trends
http://www.wikidata.org/entity/Q130362547,Bibelot
http://www.wikidata.org/entity/Q131438467,Bibelot
http://www.wikidata.org/entity/Q131459329,Bibelot
http://www.wikidata.org/entity/Q131459633,Bibelot
http://www.wikidata.org/entity/Q131502873,Bibelot
http://www.wikidata.org/entity/Q131542651,Bibelot
http://www.wikidata.org/entity/Q131569299,Bibelot
http://www.wikidata.org/entity/Q131606824,Bibelot
http://www.wikidata.org/entity/Q131606924,Bibelot
http://www.wikidata.org/entity/Q131607096,Bibelot
http://www.wikidata.org/entity/Q131682430,Bibelot
http://www.wikidata.org/entity/Q131781759,Bibelot
http://www.wikidata.org/entity/Q131781771,Bibelot
http://www.wikidata.org/entity/Q131781800,Bibelot
http://www.wikidata.org/entity/Q131920244,Bibelot
http://www.wikidata.org/entity/Q131931300,Bibelot
http://www.wikidata.org/entity/Q131932378,Bibelot
http://www.wikidata.org/entity/Q131932403,Bibelot
http://www.wikidata.org/entity/Q131932443,Bibelot
http://www.wikidata.org/entity/Q132126758,Bibelot
http://www.wikidata.org/entity/Q132127027,Bibelot
http://www.wikidata.org/entity/Q132127041,Bibelot
http://www.wikidata.org/entity/Q132127110,Bibelot
http://www.wikidata.org/entity/Q132127212,Bibelot
http://www.wikidata.org/entity/Q132127224,Bibelot
http://www.wikidata.org/entity/Q132130690,Bibelot
http://www.wikidata.org/entity/Q132130847,Bibelot
http://www.wikidata.org/entity/Q132131051,Bibelot
http://www.wikidata.org/entity/Q133263063,Bibelot
http://www.wikidata.org/entity/Q136379142,Bibelot
http://www.wikidata.org/entity/Q136456962,Bibelot
http://www.wikidata.org/entity/Q136461995,Bibelot
http://www.wikidata.org/entity/Q136462742,Bibelot
http://www.wikidata.org/entity/Q136678881,Bibelot
http://www.wikidata.org/entity/Q103948932,Biblioteche Oggi Trends
http://www.wikidata.org/entity/Q103948937,Biblioteche Oggi Trends
http://www.wikidata.org/entity/Q103948941,Biblioteche Oggi Trends
http://www.wikidata.org/entity/Q103948945,Biblioteche Oggi Trends
http://www.wikidata.org/entity/Q103948950,Biblioteche Oggi Trends
http://www.wikidata.org/entity/Q103948951,Biblioteche Oggi Trends
http://www.wikidata.org/entity/Q103948955,Biblioteche Oggi Trends
http://www.wikidata.org/entity/Q103948958,Biblioteche Oggi Trends
http://www.wikidata.org/entity/Q103948962,Biblioteche Oggi Trends
http://www.wikidata.org/entity/Q103948964,Biblioteche Oggi Trends
http://www.wikidata.org/entity/Q103948970,Biblioteche Oggi Trends
http://www.wikidata.org/entity/Q103948968,Biblioteche Oggi Trends
http://www.wikidata.org/entity/Q103948975,Biblioteche Oggi Trends
http://www.wikidata.org/entity/Q103948977,Biblioteche Oggi Trends
http://www.wikidata.org/entity/Q103948981,Biblioteche Oggi Trends
http://www.wikidata.org/entity/Q103948986,Biblioteche Oggi Trends
http://www.wikidata.org/entity/Q103948989,Biblioteche Oggi Trends
http://www.wikidata.org/entity/Q103948995,Biblioteche Oggi Trends
http://www.wikidata.org/entity/Q103948999,Biblioteche Oggi Trends
http://www.wikidata.org/entity/Q103949004,Biblioteche Oggi Trends
http://www.wikidata.org/entity/Q103949008,Biblioteche Oggi Trends
http://www.wikidata.org/entity/Q103949012,Biblioteche Oggi Trends
http://www.wikidata.org/entity/Q103949016,Biblioteche Oggi Trends
http://www.wikidata.org/entity/Q103949017,Biblioteche Oggi Trends
http://www.wikidata.org/entity/Q103949027,Biblioteche Oggi Trends
http://www.wikidata.org/entity/Q103949024,Biblioteche Oggi Trends
http://www.wikidata.org/entity/Q103949093,Biblioteche Oggi Trends
http://www.wikidata.org/entity/Q103949098,Biblioteche Oggi Trends
http://www.wikidata.org/entity/Q103949103,Biblioteche Oggi Trends
http://www.wikidata.org/entity/Q103949113,Biblioteche Oggi Trends
http://www.wikidata.org/entity/Q103949118,Biblioteche Oggi Trends
http://www.wikidata.org/entity/Q103949123,Biblioteche Oggi Trends
http://www.wikidata.org/entity/Q103949130,Biblioteche Oggi Trends
http://www.wikidata.org/entity/Q103949137,Biblioteche Oggi Trends
http://www.wikidata.org/entity/Q103949143,Biblioteche Oggi Trends
http://www.wikidata.org/entity/Q103949146,Biblioteche Oggi Trends
http://www.wikidata.org/entity/Q103949150,Biblioteche Oggi Trends
http://www.wikidata.org/entity/Q103949156,Biblioteche Oggi Trends
http://www.wikidata.org/entity/Q103949167,Biblioteche Oggi Trends
http://www.wikidata.org/entity/Q103949170,Biblioteche Oggi Trends
http://www.wikidata.org/entity/Q103949176,Biblioteche Oggi Trends
http://www.wikidata.org/entity/Q103949183,Biblioteche Oggi Trends
http://www.wikidata.org/entity/Q128621605,Strenna dei Romanisti
http://www.wikidata.org/entity/Q128624468,Strenna dei Romanisti
http://www.wikidata.org/entity/Q128624478,Strenna dei Romanisti
http://www.wikidata.org/entity/Q128624477,Strenna dei Romanisti
http://www.wikidata.org/entity/Q128624483,Strenna dei Romanisti
http://www.wikidata.org/entity/Q135335923,Strenna dei Romanisti
http://www.wikidata.org/entity/Q135399934,Strenna dei Romanisti
http://www.wikidata.org/entity/Q135409624,Strenna dei Romanisti
http://www.wikidata.org/entity/Q136723350,Strenna dei Romanisti
http://www.wikidata.org/entity/Q48625754,Biblioteche Oggi Trends
http://www.wikidata.org/entity/Q104382471,Bibelot
http://www.wikidata.org/entity/Q104382475,Bibelot
http://www.wikidata.org/entity/Q104382472,Bibelot
http://www.wikidata.org/entity/Q104382473,Bibelot
http://www.wikidata.org/entity/Q104455507,Bibelot
http://www.wikidata.org/entity/Q107699770,Bibelot
http://www.wikidata.org/entity/Q111582712,Vichiana
http://www.wikidata.org/entity/Q116282238,Bibelot
http://www.wikidata.org/entity/Q101996668,Bibelot
http://www.wikidata.org/entity/Q102115630,Bibelot
http://www.wikidata.org/entity/Q102116015,Bibelot
http://www.wikidata.org/entity/Q102391509,Bibelot
http://www.wikidata.org/entity/Q102391845,Bibelot
http://www.wikidata.org/entity/Q102392002,Bibelot
http://www.wikidata.org/entity/Q102392285,Bibelot
http://www.wikidata.org/entity/Q102392363,Bibelot
http://www.wikidata.org/entity/Q102392806,Bibelot
http://www.wikidata.org/entity/Q102392889,Bibelot
http://www.wikidata.org/entity/Q102393180,Bibelot
http://www.wikidata.org/entity/Q102393258,Bibelot
http://www.wikidata.org/entity/Q102393556,Bibelot
http://www.wikidata.org/entity/Q102393664,Bibelot
http://www.wikidata.org/entity/Q102393759,Bibelot
http://www.wikidata.org/entity/Q102393947,Bibelot
http://www.wikidata.org/entity/Q102393996,Bibelot
http://www.wikidata.org/entity/Q102802821,Bibelot
http://www.wikidata.org/entity/Q102805155,Bibelot
http://www.wikidata.org/entity/Q102808536,Bibelot
http://www.wikidata.org/entity/Q102809224,Bibelot
http://www.wikidata.org/entity/Q102810332,Bibelot
http://www.wikidata.org/entity/Q102821767,Bibelot
http://www.wikidata.org/entity/Q102822425,Bibelot
http://www.wikidata.org/entity/Q102822617,Bibelot
http://www.wikidata.org/entity/Q102822746,Bibelot
http://www.wikidata.org/entity/Q102823167,Bibelot
http://www.wikidata.org/entity/Q102823781,Bibelot
http://www.wikidata.org/entity/Q104057116,Bibelot
http://www.wikidata.org/entity/Q104057358,Bibelot
http://www.wikidata.org/entity/Q104150702,Bibelot
http://www.wikidata.org/entity/Q104150703,Bibelot
http://www.wikidata.org/entity/Q104150704,Bibelot
http://www.wikidata.org/entity/Q104213403,Bibelot
http://www.wikidata.org/entity/Q104213404,Bibelot
http://www.wikidata.org/entity/Q104250752,Bibelot
http://www.wikidata.org/entity/Q104250758,Bibelot
http://www.wikidata.org/entity/Q104250756,Bibelot
http://www.wikidata.org/entity/Q104250763,Bibelot
http://www.wikidata.org/entity/Q104250761,Bibelot
http://www.wikidata.org/entity/Q104250766,Bibelot
http://www.wikidata.org/entity/Q104250768,Bibelot
http://www.wikidata.org/entity/Q104250769,Bibelot
http://www.wikidata.org/entity/Q104250775,Bibelot
http://www.wikidata.org/entity/Q104250772,Bibelot
http://www.wikidata.org/entity/Q104250773,Bibelot
http://www.wikidata.org/entity/Q104250778,Bibelot
http://www.wikidata.org/entity/Q104250781,Bibelot
http://www.wikidata.org/entity/Q104250786,Bibelot
http://www.wikidata.org/entity/Q104250784,Bibelot
http://www.wikidata.org/entity/Q104250790,Bibelot
http://www.wikidata.org/entity/Q104250788,Bibelot
http://www.wikidata.org/entity/Q104250795,Bibelot
http://www.wikidata.org/entity/Q104250793,Bibelot
http://www.wikidata.org/entity/Q104250798,Bibelot
http://www.wikidata.org/entity/Q104381859,Bibelot
http://www.wikidata.org/entity/Q104381886,Bibelot
http://www.wikidata.org/entity/Q104381887,Bibelot
http://www.wikidata.org/entity/Q104381885,Bibelot
http://www.wikidata.org/entity/Q104381890,Bibelot
http://www.wikidata.org/entity/Q104381891,Bibelot
http://www.wikidata.org/entity/Q104381888,Bibelot
http://www.wikidata.org/entity/Q104381889,Bibelot
http://www.wikidata.org/entity/Q104381894,Bibelot
http://www.wikidata.org/entity/Q104381895,Bibelot
http://www.wikidata.org/entity/Q104381892,Bibelot
http://www.wikidata.org/entity/Q104381893,Bibelot
http://www.wikidata.org/entity/Q104381898,Bibelot
http://www.wikidata.org/entity/Q104381899,Bibelot
http://www.wikidata.org/entity/Q104381896,Bibelot
http://www.wikidata.org/entity/Q104381897,Bibelot
http://www.wikidata.org/entity/Q104381902,Bibelot
http://www.wikidata.org/entity/Q104381903,Bibelot
http://www.wikidata.org/entity/Q104381900,Bibelot
http://www.wikidata.org/entity/Q104381901,Bibelot
http://www.wikidata.org/entity/Q104381904,Bibelot
http://www.wikidata.org/entity/Q104381905,Bibelot
http://www.wikidata.org/entity/Q104382458,Bibelot
http://www.wikidata.org/entity/Q104382459,Bibelot
http://www.wikidata.org/entity/Q104382457,Bibelot
http://www.wikidata.org/entity/Q104382462,Bibelot
http://www.wikidata.org/entity/Q104382463,Bibelot
http://www.wikidata.org/entity/Q104382460,Bibelot
http://www.wikidata.org/entity/Q104382466,Bibelot
http://www.wikidata.org/entity/Q104382467,Bibelot
http://www.wikidata.org/entity/Q104382464,Bibelot
http://www.wikidata.org/entity/Q104382465,Bibelot
http://www.wikidata.org/entity/Q104382470,Bibelot
http://www.wikidata.org/entity/Q104382468,Bibelot
http://www.wikidata.org/entity/Q104382469,Bibelot
http://www.wikidata.org/entity/Q70982360,Memoria e ricerca MR: rivista di storia contemporanea
http://www.wikidata.org/entity/Q118971301,Italia contemporanea
http://www.wikidata.org/entity/Q124745218,Vedi anche
http://www.wikidata.org/entity/Q125499879,Vedi anche
http://www.wikidata.org/entity/Q126034721,Vedi anche
http://www.wikidata.org/entity/Q126181037,Vedi anche
http://www.wikidata.org/entity/Q128305871,Vedi anche
http://www.wikidata.org/entity/Q128694022,Vedi anche
http://www.wikidata.org/entity/Q128694070,Vedi anche
http://www.wikidata.org/entity/Q128694069,Vedi anche
http://www.wikidata.org/entity/Q129813340,Vedi anche
http://www.wikidata.org/entity/Q129813537,Vedi anche
http://www.wikidata.org/entity/Q129817115,Vedi anche
http://www.wikidata.org/entity/Q131437313,Vedi anche
http://www.wikidata.org/entity/Q131437355,Vedi anche
http://www.wikidata.org/entity/Q131438401,Vedi anche
http://www.wikidata.org/entity/Q131460432,Vedi anche
http://www.wikidata.org/entity/Q131542665,Vedi anche
http://www.wikidata.org/entity/Q131598024,Vedi anche
http://www.wikidata.org/entity/Q131606988,Vedi anche
http://www.wikidata.org/entity/Q131869272,Vedi anche
http://www.wikidata.org/entity/Q131919105,Vedi anche
http://www.wikidata.org/entity/Q131919250,Vedi anche
http://www.wikidata.org/entity/Q131919303,Vedi anche
http://www.wikidata.org/entity/Q131931065,Vedi anche
http://www.wikidata.org/entity/Q131932551,Vedi anche
http://www.wikidata.org/entity/Q131932568,Vedi anche
http://www.wikidata.org/entity/Q131932589,Vedi anche
http://www.wikidata.org/entity/Q132130704,Vedi anche
http://www.wikidata.org/entity/Q132130719,Vedi anche
http://www.wikidata.org/entity/Q132130797,Vedi anche
http://www.wikidata.org/entity/Q132130803,Vedi anche
http://www.wikidata.org/entity/Q132130834,Vedi anche
http://www.wikidata.org/entity/Q132130942,Vedi anche
http://www.wikidata.org/entity/Q132167890,Vedi anche
http://www.wikidata.org/entity/Q132167909,Vedi anche
http://www.wikidata.org/entity/Q132168073,Vedi anche
http://www.wikidata.org/entity/Q132540602,Vedi anche
http://www.wikidata.org/entity/Q133040646,Vedi anche
http://www.wikidata.org/entity/Q133256774,Vedi anche
http://www.wikidata.org/entity/Q133256793,Vedi anche
http://www.wikidata.org/entity/Q133258081,Vedi anche
http://www.wikidata.org/entity/Q133258102,Vedi anche
http://www.wikidata.org/entity/Q134875686,Vedi anche
http://www.wikidata.org/entity/Q135225002,Italia contemporanea
http://www.wikidata.org/entity/Q134963650,Vedi anche
http://www.wikidata.org/entity/Q135399271,Italia contemporanea
http://www.wikidata.org/entity/Q135103335,Vedi anche
http://www.wikidata.org/entity/Q135233359,Vedi anche
http://www.wikidata.org/entity/Q135233466,Vedi anche
http://www.wikidata.org/entity/Q135267481,Vedi anche
http://www.wikidata.org/entity/Q135271036,Vedi anche
http://www.wikidata.org/entity/Q136184307,Vedi anche
http://www.wikidata.org/entity/Q136505174,Vedi anche
http://www.wikidata.org/entity/Q136669593,Vedi anche
http://www.wikidata.org/entity/Q136728621,Vedi anche
http://www.wikidata.org/entity/Q136760229,Vedi anche
http://www.wikidata.org/entity/Q137195917,Vedi anche
http://www.wikidata.org/entity/Q137324314,Vedi anche
http://www.wikidata.org/entity/Q113376157,SINAPPSI. Connessioni tra ricerca e politiche pubbliche
http://www.wikidata.org/entity/Q113382868,SINAPPSI. Connessioni tra ricerca e politiche pubbliche
http://www.wikidata.org/entity/Q113383097,SINAPPSI. Connessioni tra ricerca e politiche pubbliche
http://www.wikidata.org/entity/Q113383218,SINAPPSI. Connessioni tra ricerca e politiche pubbliche
http://www.wikidata.org/entity/Q113383238,SINAPPSI. Connessioni tra ricerca e politiche pubbliche
http://www.wikidata.org/entity/Q113383293,SINAPPSI. Connessioni tra ricerca e politiche pubbliche
http://www.wikidata.org/entity/Q113383318,SINAPPSI. Connessioni tra ricerca e politiche pubbliche
http://www.wikidata.org/entity/Q113402027,SINAPPSI. Connessioni tra ricerca e politiche pubbliche
http://www.wikidata.org/entity/Q113402360,SINAPPSI. Connessioni tra ricerca e politiche pubbliche
http://www.wikidata.org/entity/Q113435090,SINAPPSI. Connessioni tra ricerca e politiche pubbliche
http://www.wikidata.org/entity/Q113435137,SINAPPSI. Connessioni tra ricerca e politiche pubbliche
http://www.wikidata.org/entity/Q113435232,SINAPPSI. Connessioni tra ricerca e politiche pubbliche
http://www.wikidata.org/entity/Q113436725,SINAPPSI. Connessioni tra ricerca e politiche pubbliche
http://www.wikidata.org/entity/Q113436807,SINAPPSI. Connessioni tra ricerca e politiche pubbliche
http://www.wikidata.org/entity/Q113436974,SINAPPSI. Connessioni tra ricerca e politiche pubbliche
http://www.wikidata.org/entity/Q113437039,SINAPPSI. Connessioni tra ricerca e politiche pubbliche
http://www.wikidata.org/entity/Q113437122,SINAPPSI. Connessioni tra ricerca e politiche pubbliche
http://www.wikidata.org/entity/Q113469465,SINAPPSI. Connessioni tra ricerca e politiche pubbliche
http://www.wikidata.org/entity/Q113470106,SINAPPSI. Connessioni tra ricerca e politiche pubbliche
http://www.wikidata.org/entity/Q113470152,SINAPPSI. Connessioni tra ricerca e politiche pubbliche
http://www.wikidata.org/entity/Q113470241,SINAPPSI. Connessioni tra ricerca e politiche pubbliche
http://www.wikidata.org/entity/Q113470395,SINAPPSI. Connessioni tra ricerca e politiche pubbliche
http://www.wikidata.org/entity/Q113485018,SINAPPSI. Connessioni tra ricerca e politiche pubbliche
http://www.wikidata.org/entity/Q113485151,SINAPPSI. Connessioni tra ricerca e politiche pubbliche
http://www.wikidata.org/entity/Q113485313,SINAPPSI. Connessioni tra ricerca e politiche pubbliche
http://www.wikidata.org/entity/Q113485704,SINAPPSI. Connessioni tra ricerca e politiche pubbliche
http://www.wikidata.org/entity/Q113485957,SINAPPSI. Connessioni tra ricerca e politiche pubbliche
http://www.wikidata.org/entity/Q109622637,Miscellanea Marciana
http://www.wikidata.org/entity/Q124332313,Notizie AIB
http://www.wikidata.org/entity/Q124332319,Notizie AIB
http://www.wikidata.org/entity/Q124343585,Notizie AIB
http://www.wikidata.org/entity/Q124343682,Notizie AIB
http://www.wikidata.org/entity/Q124344925,Notizie AIB
http://www.wikidata.org/entity/Q128306153,Miscellanea Marciana
http://www.wikidata.org/entity/Q128588041,Miscellanea Marciana
http://www.wikidata.org/entity/Q128591413,Miscellanea Marciana
http://www.wikidata.org/entity/Q130401947,Miscellanea Marciana
http://www.wikidata.org/entity/Q136461768,Notizie AIB
http://www.wikidata.org/entity/Q106696225,Vedi anche
http://www.wikidata.org/entity/Q109659838,Vedi anche
http://www.wikidata.org/entity/Q109659843,Vedi anche
http://www.wikidata.org/entity/Q111582491,Ricerche Ellenistiche
http://www.wikidata.org/entity/Q111088376,SINAPPSI. Connessioni tra ricerca e politiche pubbliche
http://www.wikidata.org/entity/Q111163090,SINAPPSI. Connessioni tra ricerca e politiche pubbliche
http://www.wikidata.org/entity/Q111191307,SINAPPSI. Connessioni tra ricerca e politiche pubbliche
http://www.wikidata.org/entity/Q111232946,SINAPPSI. Connessioni tra ricerca e politiche pubbliche
http://www.wikidata.org/entity/Q111235775,SINAPPSI. Connessioni tra ricerca e politiche pubbliche
http://www.wikidata.org/entity/Q111244430,SINAPPSI. Connessioni tra ricerca e politiche pubbliche
http://www.wikidata.org/entity/Q111248680,SINAPPSI. Connessioni tra ricerca e politiche pubbliche
http://www.wikidata.org/entity/Q111248972,SINAPPSI. Connessioni tra ricerca e politiche pubbliche
http://www.wikidata.org/entity/Q111281871,SINAPPSI. Connessioni tra ricerca e politiche pubbliche
http://www.wikidata.org/entity/Q111282815,SINAPPSI. Connessioni tra ricerca e politiche pubbliche
http://www.wikidata.org/entity/Q111283250,SINAPPSI. Connessioni tra ricerca e politiche pubbliche
http://www.wikidata.org/entity/Q111283475,SINAPPSI. Connessioni tra ricerca e politiche pubbliche
http://www.wikidata.org/entity/Q111284671,SINAPPSI. Connessioni tra ricerca e politiche pubbliche
http://www.wikidata.org/entity/Q111317641,SINAPPSI. Connessioni tra ricerca e politiche pubbliche
http://www.wikidata.org/entity/Q111333696,SINAPPSI. Connessioni tra ricerca e politiche pubbliche
http://www.wikidata.org/entity/Q111333860,SINAPPSI. Connessioni tra ricerca e politiche pubbliche
http://www.wikidata.org/entity/Q111339952,SINAPPSI. Connessioni tra ricerca e politiche pubbliche
http://www.wikidata.org/entity/Q111340032,SINAPPSI. Connessioni tra ricerca e politiche pubbliche
http://www.wikidata.org/entity/Q111342753,SINAPPSI. Connessioni tra ricerca e politiche pubbliche
http://www.wikidata.org/entity/Q111576588,SINAPPSI. Connessioni tra ricerca e politiche pubbliche
http://www.wikidata.org/entity/Q111577180,SINAPPSI. Connessioni tra ricerca e politiche pubbliche
http://www.wikidata.org/entity/Q111577447,SINAPPSI. Connessioni tra ricerca e politiche pubbliche
http://www.wikidata.org/entity/Q111577696,SINAPPSI. Connessioni tra ricerca e politiche pubbliche
http://www.wikidata.org/entity/Q111595862,SINAPPSI. Connessioni tra ricerca e politiche pubbliche
http://www.wikidata.org/entity/Q111596675,SINAPPSI. Connessioni tra ricerca e politiche pubbliche
http://www.wikidata.org/entity/Q111658930,SINAPPSI. Connessioni tra ricerca e politiche pubbliche
http://www.wikidata.org/entity/Q111673977,SINAPPSI. Connessioni tra ricerca e politiche pubbliche
http://www.wikidata.org/entity/Q111963092,SINAPPSI. Connessioni tra ricerca e politiche pubbliche
http://www.wikidata.org/entity/Q111963613,SINAPPSI. Connessioni tra ricerca e politiche pubbliche
http://www.wikidata.org/entity/Q112054439,SINAPPSI. Connessioni tra ricerca e politiche pubbliche
http://www.wikidata.org/entity/Q112072975,SINAPPSI. Connessioni tra ricerca e politiche pubbliche
http://www.wikidata.org/entity/Q112073050,SINAPPSI. Connessioni tra ricerca e politiche pubbliche
http://www.wikidata.org/entity/Q112116478,SINAPPSI. Connessioni tra ricerca e politiche pubbliche
http://www.wikidata.org/entity/Q112116606,SINAPPSI. Connessioni tra ricerca e politiche pubbliche
http://www.wikidata.org/entity/Q112650918,SINAPPSI. Connessioni tra ricerca e politiche pubbliche
http://www.wikidata.org/entity/Q112651011,SINAPPSI. Connessioni tra ricerca e politiche pubbliche
http://www.wikidata.org/entity/Q112652180,SINAPPSI. Connessioni tra ricerca e politiche pubbliche
http://www.wikidata.org/entity/Q112672921,SINAPPSI. Connessioni tra ricerca e politiche pubbliche
http://www.wikidata.org/entity/Q112672997,SINAPPSI. Connessioni tra ricerca e politiche pubbliche
http://www.wikidata.org/entity/Q112673120,SINAPPSI. Connessioni tra ricerca e politiche pubbliche
http://www.wikidata.org/entity/Q112673173,SINAPPSI. Connessioni tra ricerca e politiche pubbliche
http://www.wikidata.org/entity/Q112894265,SINAPPSI. Connessioni tra ricerca e politiche pubbliche
http://www.wikidata.org/entity/Q112913735,SINAPPSI. Connessioni tra ricerca e politiche pubbliche
http://www.wikidata.org/entity/Q112913794,SINAPPSI. Connessioni tra ricerca e politiche pubbliche
http://www.wikidata.org/entity/Q113101630,SINAPPSI. Connessioni tra ricerca e politiche pubbliche
http://www.wikidata.org/entity/Q113101741,SINAPPSI. Connessioni tra ricerca e politiche pubbliche
http://www.wikidata.org/entity/Q113101849,SINAPPSI. Connessioni tra ricerca e politiche pubbliche
http://www.wikidata.org/entity/Q113101914,SINAPPSI. Connessioni tra ricerca e politiche pubbliche
http://www.wikidata.org/entity/Q113331815,SINAPPSI. Connessioni tra ricerca e politiche pubbliche
http://www.wikidata.org/entity/Q113333289,SINAPPSI. Connessioni tra ricerca e politiche pubbliche
http://www.wikidata.org/entity/Q113334524,SINAPPSI. Connessioni tra ricerca e politiche pubbliche
http://www.wikidata.org/entity/Q113334738,SINAPPSI. Connessioni tra ricerca e politiche pubbliche
http://www.wikidata.org/entity/Q113374946,SINAPPSI. Connessioni tra ricerca e politiche pubbliche
http://www.wikidata.org/entity/Q113375815,SINAPPSI. Connessioni tra ricerca e politiche pubbliche
http://www.wikidata.org/entity/Q113376086,SINAPPSI. Connessioni tra ricerca e politiche pubbliche
http://www.wikidata.org/entity/Q119133062,SINAPPSI. Connessioni tra ricerca e politiche pubbliche
http://www.wikidata.org/entity/Q119137591,SINAPPSI. Connessioni tra ricerca e politiche pubbliche
http://www.wikidata.org/entity/Q119137740,SINAPPSI. Connessioni tra ricerca e politiche pubbliche
http://www.wikidata.org/entity/Q119138814,SINAPPSI. Connessioni tra ricerca e politiche pubbliche
http://www.wikidata.org/entity/Q123172724,SINAPPSI. Connessioni tra ricerca e politiche pubbliche
http://www.wikidata.org/entity/Q123172848,SINAPPSI. Connessioni tra ricerca e politiche pubbliche
http://www.wikidata.org/entity/Q123173029,SINAPPSI. Connessioni tra ricerca e politiche pubbliche
http://www.wikidata.org/entity/Q123173160,SINAPPSI. Connessioni tra ricerca e politiche pubbliche
http://www.wikidata.org/entity/Q123179841,SINAPPSI. Connessioni tra ricerca e politiche pubbliche
http://www.wikidata.org/entity/Q123180026,SINAPPSI. Connessioni tra ricerca e politiche pubbliche
http://www.wikidata.org/entity/Q123180254,SINAPPSI. Connessioni tra ricerca e politiche pubbliche
http://www.wikidata.org/entity/Q123180300,SINAPPSI. Connessioni tra ricerca e politiche pubbliche
http://www.wikidata.org/entity/Q123180417,SINAPPSI. Connessioni tra ricerca e politiche pubbliche
http://www.wikidata.org/entity/Q123180448,SINAPPSI. Connessioni tra ricerca e politiche pubbliche
http://www.wikidata.org/entity/Q124619281,SINAPPSI. Connessioni tra ricerca e politiche pubbliche
http://www.wikidata.org/entity/Q124619337,SINAPPSI. Connessioni tra ricerca e politiche pubbliche
http://www.wikidata.org/entity/Q124619373,SINAPPSI. Connessioni tra ricerca e politiche pubbliche
http://www.wikidata.org/entity/Q124621840,SINAPPSI. Connessioni tra ricerca e politiche pubbliche
http://www.wikidata.org/entity/Q124621865,SINAPPSI. Connessioni tra ricerca e politiche pubbliche
http://www.wikidata.org/entity/Q124621893,SINAPPSI. Connessioni tra ricerca e politiche pubbliche
http://www.wikidata.org/entity/Q124621904,SINAPPSI. Connessioni tra ricerca e politiche pubbliche
http://www.wikidata.org/entity/Q124621917,SINAPPSI. Connessioni tra ricerca e politiche pubbliche
http://www.wikidata.org/entity/Q124621931,SINAPPSI. Connessioni tra ricerca e politiche pubbliche
http://www.wikidata.org/entity/Q124694790,SINAPPSI. Connessioni tra ricerca e politiche pubbliche
http://www.wikidata.org/entity/Q126361432,SINAPPSI. Connessioni tra ricerca e politiche pubbliche
http://www.wikidata.org/entity/Q126361695,SINAPPSI. Connessioni tra ricerca e politiche pubbliche
http://www.wikidata.org/entity/Q126362005,SINAPPSI. Connessioni tra ricerca e politiche pubbliche
http://www.wikidata.org/entity/Q126372110,SINAPPSI. Connessioni tra ricerca e politiche pubbliche
http://www.wikidata.org/entity/Q126372153,SINAPPSI. Connessioni tra ricerca e politiche pubbliche
http://www.wikidata.org/entity/Q126372598,SINAPPSI. Connessioni tra ricerca e politiche pubbliche
http://www.wikidata.org/entity/Q126532186,SINAPPSI. Connessioni tra ricerca e politiche pubbliche
http://www.wikidata.org/entity/Q130477850,SINAPPSI. Connessioni tra ricerca e politiche pubbliche
http://www.wikidata.org/entity/Q130529432,SINAPPSI. Connessioni tra ricerca e politiche pubbliche
http://www.wikidata.org/entity/Q130529479,SINAPPSI. Connessioni tra ricerca e politiche pubbliche
http://www.wikidata.org/entity/Q130529510,SINAPPSI. Connessioni tra ricerca e politiche pubbliche
http://www.wikidata.org/entity/Q130529640,SINAPPSI. Connessioni tra ricerca e politiche pubbliche
http://www.wikidata.org/entity/Q130529660,SINAPPSI. Connessioni tra ricerca e politiche pubbliche
http://www.wikidata.org/entity/Q130529702,SINAPPSI. Connessioni tra ricerca e politiche pubbliche
http://www.wikidata.org/entity/Q131925517,SINAPPSI. Connessioni tra ricerca e politiche pubbliche
http://www.wikidata.org/entity/Q131925554,SINAPPSI. Connessioni tra ricerca e politiche pubbliche
http://www.wikidata.org/entity/Q131925592,SINAPPSI. Connessioni tra ricerca e politiche pubbliche
http://www.wikidata.org/entity/Q131925629,SINAPPSI. Connessioni tra ricerca e politiche pubbliche
http://www.wikidata.org/entity/Q131925643,SINAPPSI. Connessioni tra ricerca e politiche pubbliche
http://www.wikidata.org/entity/Q131925664,SINAPPSI. Connessioni tra ricerca e politiche pubbliche
http://www.wikidata.org/entity/Q131925686,SINAPPSI. Connessioni tra ricerca e politiche pubbliche
http://www.wikidata.org/entity/Q130292560,Atti e memorie. Società Savonese di Storia Patria
http://www.wikidata.org/entity/Q130401900,Studi trentini di scienze storiche
http://www.wikidata.org/entity/Q130638618,Progetto Alice
http://www.wikidata.org/entity/Q130650495,Progetto Alice
http://www.wikidata.org/entity/Q130655979,Progetto Alice
http://www.wikidata.org/entity/Q131625443,ESB forum
http://www.wikidata.org/entity/Q131625829,Rezzara notizie
http://www.wikidata.org/entity/Q133297020,ESB forum
http://www.wikidata.org/entity/Q133297032,ESB forum
http://www.wikidata.org/entity/Q133297580,ESB forum
http://www.wikidata.org/entity/Q135116138,ESB forum
http://www.wikidata.org/entity/Q135233418,ESB forum
http://www.wikidata.org/entity/Q135792920,ESB forum
http://www.wikidata.org/entity/Q136539563,ESB forum
http://www.wikidata.org/entity/Q136593329,ESB forum
http://www.wikidata.org/entity/Q134887636,Li.B.e.R. Libri per bambini e ragazzi
http://www.wikidata.org/entity/Q134889535,Li.B.e.R. Libri per bambini e ragazzi
http://www.wikidata.org/entity/Q134889693,Li.B.e.R. Libri per bambini e ragazzi
http://www.wikidata.org/entity/Q134889718,Li.B.e.R. Libri per bambini e ragazzi
http://www.wikidata.org/entity/Q134889955,Li.B.e.R. Libri per bambini e ragazzi
http://www.wikidata.org/entity/Q135011215,Li.B.e.R. Libri per bambini e ragazzi
http://www.wikidata.org/entity/Q135011297,Li.B.e.R. Libri per bambini e ragazzi
http://www.wikidata.org/entity/Q135435931,"51. Congresso nazionale AIB, AIB2004, Roma"
http://www.wikidata.org/entity/Q135435961,"51. Congresso nazionale AIB, AIB2004, Roma"
http://www.wikidata.org/entity/Q136757914,Li.B.e.R. Libri per bambini e ragazzi
http://www.wikidata.org/entity/Q136759809,Li.B.e.R. Libri per bambini e ragazzi
http://www.wikidata.org/entity/Q136759830,Li.B.e.R. Libri per bambini e ragazzi
http://www.wikidata.org/entity/Q136760020,Li.B.e.R. Libri per bambini e ragazzi
http://www.wikidata.org/entity/Q136760137,Li.B.e.R. Libri per bambini e ragazzi
http://www.wikidata.org/entity/Q137392384,Li.B.e.R. Libri per bambini e ragazzi
http://www.wikidata.org/entity/Q137393272,Li.B.e.R. Libri per bambini e ragazzi
http://www.wikidata.org/entity/Q111522931,RiMe. Rivista dell'Istituto di Storia dell'Europa Mediterranea
http://www.wikidata.org/entity/Q115342412,Rivista di Storia dell'Educazione
http://www.wikidata.org/entity/Q113485970,SINAPPSI. Connessioni tra ricerca e politiche pubbliche
http://www.wikidata.org/entity/Q113643582,SINAPPSI. Connessioni tra ricerca e politiche pubbliche
http://www.wikidata.org/entity/Q113643658,SINAPPSI. Connessioni tra ricerca e politiche pubbliche
http://www.wikidata.org/entity/Q115533638,SINAPPSI. Connessioni tra ricerca e politiche pubbliche
http://www.wikidata.org/entity/Q115534269,SINAPPSI. Connessioni tra ricerca e politiche pubbliche
http://www.wikidata.org/entity/Q115534356,SINAPPSI. Connessioni tra ricerca e politiche pubbliche
http://www.wikidata.org/entity/Q115534903,SINAPPSI. Connessioni tra ricerca e politiche pubbliche
http://www.wikidata.org/entity/Q115534992,SINAPPSI. Connessioni tra ricerca e politiche pubbliche
http://www.wikidata.org/entity/Q115535068,SINAPPSI. Connessioni tra ricerca e politiche pubbliche
http://www.wikidata.org/entity/Q115536188,SINAPPSI. Connessioni tra ricerca e politiche pubbliche
http://www.wikidata.org/entity/Q115536223,SINAPPSI. Connessioni tra ricerca e politiche pubbliche
http://www.wikidata.org/entity/Q117032180,SINAPPSI. Connessioni tra ricerca e politiche pubbliche
http://www.wikidata.org/entity/Q117032732,SINAPPSI. Connessioni tra ricerca e politiche pubbliche
http://www.wikidata.org/entity/Q117033064,SINAPPSI. Connessioni tra ricerca e politiche pubbliche
http://www.wikidata.org/entity/Q117033227,SINAPPSI. Connessioni tra ricerca e politiche pubbliche
http://www.wikidata.org/entity/Q117033440,SINAPPSI. Connessioni tra ricerca e politiche pubbliche
http://www.wikidata.org/entity/Q117034524,SINAPPSI. Connessioni tra ricerca e politiche pubbliche
http://www.wikidata.org/entity/Q117034594,SINAPPSI. Connessioni tra ricerca e politiche pubbliche
http://www.wikidata.org/entity/Q118814003,SINAPPSI. Connessioni tra ricerca e politiche pubbliche
http://www.wikidata.org/entity/Q118867455,SINAPPSI. Connessioni tra ricerca e politiche pubbliche
http://www.wikidata.org/entity/Q118867779,SINAPPSI. Connessioni tra ricerca e politiche pubbliche
http://www.wikidata.org/entity/Q118945524,SINAPPSI. Connessioni tra ricerca e politiche pubbliche
http://www.wikidata.org/entity/Q134822033,SINAPPSI. Connessioni tra ricerca e politiche pubbliche
http://www.wikidata.org/entity/Q134822634,SINAPPSI. Connessioni tra ricerca e politiche pubbliche
http://www.wikidata.org/entity/Q134822870,SINAPPSI. Connessioni tra ricerca e politiche pubbliche
http://www.wikidata.org/entity/Q134963409,SINAPPSI. Connessioni tra ricerca e politiche pubbliche
http://www.wikidata.org/entity/Q134963419,SINAPPSI. Connessioni tra ricerca e politiche pubbliche
http://www.wikidata.org/entity/Q135180935,SINAPPSI. Connessioni tra ricerca e politiche pubbliche
http://www.wikidata.org/entity/Q135180964,SINAPPSI. Connessioni tra ricerca e politiche pubbliche
http://www.wikidata.org/entity/Q135181011,SINAPPSI. Connessioni tra ricerca e politiche pubbliche
http://www.wikidata.org/entity/Q135181035,SINAPPSI. Connessioni tra ricerca e politiche pubbliche
http://www.wikidata.org/entity/Q135181072,SINAPPSI. Connessioni tra ricerca e politiche pubbliche
http://www.wikidata.org/entity/Q135181110,SINAPPSI. Connessioni tra ricerca e politiche pubbliche
http://www.wikidata.org/entity/Q136657990,SINAPPSI. Connessioni tra ricerca e politiche pubbliche
http://www.wikidata.org/entity/Q136658092,SINAPPSI. Connessioni tra ricerca e politiche pubbliche
http://www.wikidata.org/entity/Q136658118,SINAPPSI. Connessioni tra ricerca e politiche pubbliche
http://www.wikidata.org/entity/Q136658143,SINAPPSI. Connessioni tra ricerca e politiche pubbliche
http://www.wikidata.org/entity/Q136658175,SINAPPSI. Connessioni tra ricerca e politiche pubbliche
http://www.wikidata.org/entity/Q136658306,SINAPPSI. Connessioni tra ricerca e politiche pubbliche
http://www.wikidata.org/entity/Q136658342,SINAPPSI. Connessioni tra ricerca e politiche pubbliche
http://www.wikidata.org/entity/Q136658554,SINAPPSI. Connessioni tra ricerca e politiche pubbliche
http://www.wikidata.org/entity/Q136658604,SINAPPSI. Connessioni tra ricerca e politiche pubbliche
http://www.wikidata.org/entity/Q136665816,SINAPPSI. Connessioni tra ricerca e politiche pubbliche
http://www.wikidata.org/entity/Q136666002,SINAPPSI. Connessioni tra ricerca e politiche pubbliche
http://www.wikidata.org/entity/Q136666236,SINAPPSI. Connessioni tra ricerca e politiche pubbliche
http://www.wikidata.org/entity/Q136666494,SINAPPSI. Connessioni tra ricerca e politiche pubbliche
http://www.wikidata.org/entity/Q136666796,SINAPPSI. Connessioni tra ricerca e politiche pubbliche
http://www.wikidata.org/entity/Q136667091,SINAPPSI. Connessioni tra ricerca e politiche pubbliche
http://www.wikidata.org/entity/Q118367937,Libri e documenti
http://www.wikidata.org/entity/Q128624475,Libri e documenti
http://www.wikidata.org/entity/Q130429194,MatematicaMente (rivista)
http://www.wikidata.org/entity/Q130472961,MatematicaMente (rivista)
http://www.wikidata.org/entity/Q130473043,MatematicaMente (rivista)
http://www.wikidata.org/entity/Q130427991,Periodico di Matematica
http://www.wikidata.org/entity/Q130680698,Periodico di Matematica
http://www.wikidata.org/entity/Q135165055,Periodico di Matematica
http://www.wikidata.org/entity/Q125731008,Bibliotime (Print)
http://www.wikidata.org/entity/Q128308921,Bibliotime (Print)
http://www.wikidata.org/entity/Q126722512,Rivista elettronica di neuroscienze
http://www.wikidata.org/entity/Q128694073,Bibliotime (Print)
http://www.wikidata.org/entity/Q127043392,Notiziario dell'Università degli studi di Udine
http://www.wikidata.org/entity/Q127043422,Notiziario dell'Università degli studi di Udine
http://www.wikidata.org/entity/Q127043447,Notiziario dell'Università degli studi di Udine
http://www.wikidata.org/entity/Q131389397,Bibliotime (Print)
http://www.wikidata.org/entity/Q131506079,Bibliotime (Print)
http://www.wikidata.org/entity/Q131542502,Bibliotime (Print)
http://www.wikidata.org/entity/Q131626777,Bibliotime (Print)
http://www.wikidata.org/entity/Q131682115,Bibliotime (Print)
http://www.wikidata.org/entity/Q131682397,Bibliotime (Print)
http://www.wikidata.org/entity/Q131869204,Bibliotime (Print)
http://www.wikidata.org/entity/Q131869976,Bibliotime (Print)
http://www.wikidata.org/entity/Q131931058,Bibliotime (Print)
http://www.wikidata.org/entity/Q128624466,Atti della Accademia ligure di scienze e lettere
http://www.wikidata.org/entity/Q128624472,Atti della Accademia ligure di scienze e lettere
http://www.wikidata.org/entity/Q133278195,Bibliotime (Print)
http://www.wikidata.org/entity/Q131389375,Notiziario dell'Università degli studi di Udine
http://www.wikidata.org/entity/Q130402154,Atti della Accademia ligure di scienze e lettere
http://www.wikidata.org/entity/Q130292910,Atti e memorie. Società Savonese di Storia Patria
http://www.wikidata.org/entity/Q135178782,Bibliotime (Print)
http://www.wikidata.org/entity/Q135267376,Bibliotime (Print)
http://www.wikidata.org/entity/Q136716018,Bibliotime (Print)
http://www.wikidata.org/entity/Q137392147,Bibliotime (Print)
http://www.wikidata.org/entity/Q129814967,Lavoro diritti Europa
http://www.wikidata.org/entity/Q129815743,Lavoro diritti Europa
http://www.wikidata.org/entity/Q129816282,Lavoro diritti Europa
http://www.wikidata.org/entity/Q136399640,Notiziario dell'Università degli studi di Udine
http://www.wikidata.org/entity/Q136445293,Notiziario dell'Università degli studi di Udine
http://www.wikidata.org/entity/Q135391256,Atti e memorie. Società Savonese di Storia Patria
http://www.wikidata.org/entity/Q135494039,Atti e memorie. Società Savonese di Storia Patria
http://www.wikidata.org/entity/Q111732248,Il segno della Diocesi di Milano
http://www.wikidata.org/entity/Q124343474,Trend
http://www.wikidata.org/entity/Q115901296,Substantia
http://www.wikidata.org/entity/Q111732055,Philomusica on-line
http://www.wikidata.org/entity/Q111732265,Philomusica on-line
http://www.wikidata.org/entity/Q111747613,Philomusica on-line
http://www.wikidata.org/entity/Q111758777,Philomusica on-line
http://www.wikidata.org/entity/Q111758893,Philomusica on-line
http://www.wikidata.org/entity/Q111782051,Philomusica on-line
http://www.wikidata.org/entity/Q33144512,
http://www.wikidata.org/entity/Q33144721,
http://www.wikidata.org/entity/Q62579849,
http://www.wikidata.org/entity/Q109854295,
http://www.wikidata.org/entity/Q109854298,
http://www.wikidata.org/entity/Q109854299,
http://www.wikidata.org/entity/Q109854296,
http://www.wikidata.org/entity/Q109854297,
http://www.wikidata.org/entity/Q109854302,
http://www.wikidata.org/entity/Q109854303,
http://www.wikidata.org/entity/Q109854301,
http://www.wikidata.org/entity/Q109854306,
http://www.wikidata.org/entity/Q109854307,
http://www.wikidata.org/entity/Q109854304,
http://www.wikidata.org/entity/Q109854311,
http://www.wikidata.org/entity/Q109854309,
http://www.wikidata.org/entity/Q109854314,
http://www.wikidata.org/entity/Q109854315,
http://www.wikidata.org/entity/Q109854312,
http://www.wikidata.org/entity/Q109854313,
http://www.wikidata.org/entity/Q109854319,
http://www.wikidata.org/entity/Q109854316,
http://www.wikidata.org/entity/Q109854322,
http://www.wikidata.org/entity/Q109854323,
http://www.wikidata.org/entity/Q109854326,
http://www.wikidata.org/entity/Q109854327,
http://www.wikidata.org/entity/Q109854324,
http://www.wikidata.org/entity/Q109854325,
http://www.wikidata.org/entity/Q109854331,
http://www.wikidata.org/entity/Q109854328,
http://www.wikidata.org/entity/Q109854329,
http://www.wikidata.org/entity/Q109854334,
http://www.wikidata.org/entity/Q109854335,
http://www.wikidata.org/entity/Q109854332,
http://www.wikidata.org/entity/Q109854333,
http://www.wikidata.org/entity/Q109854338,
http://www.wikidata.org/entity/Q109854336,
http://www.wikidata.org/entity/Q109854337,
http://www.wikidata.org/entity/Q109854343,
http://www.wikidata.org/entity/Q109854341,
http://www.wikidata.org/entity/Q109854347,
http://www.wikidata.org/entity/Q109854344,
http://www.wikidata.org/entity/Q109854345,
http://www.wikidata.org/entity/Q109854351,
http://www.wikidata.org/entity/Q109854348,
http://www.wikidata.org/entity/Q109854349,
http://www.wikidata.org/entity/Q109854354,
http://www.wikidata.org/entity/Q109854355,
http://www.wikidata.org/entity/Q109854352,
http://www.wikidata.org/entity/Q109854353,
http://www.wikidata.org/entity/Q109854358,
http://www.wikidata.org/entity/Q109854359,
http://www.wikidata.org/entity/Q109854360,
http://www.wikidata.org/entity/Q109854430,
http://www.wikidata.org/entity/Q109854431,
http://www.wikidata.org/entity/Q109854434,
http://www.wikidata.org/entity/Q109854435,
http://www.wikidata.org/entity/Q109854432,
http://www.wikidata.org/entity/Q109854439,
http://www.wikidata.org/entity/Q109854436,
http://www.wikidata.org/entity/Q109854437,
http://www.wikidata.org/entity/Q109854442,
http://www.wikidata.org/entity/Q109854440,
http://www.wikidata.org/entity/Q109854446,
http://www.wikidata.org/entity/Q109854447,
http://www.wikidata.org/entity/Q109854444,
http://www.wikidata.org/entity/Q109854445,
http://www.wikidata.org/entity/Q109854450,
http://www.wikidata.org/entity/Q109854448,
http://www.wikidata.org/entity/Q109854449,
http://www.wikidata.org/entity/Q109854454,
http://www.wikidata.org/entity/Q109854452,
http://www.wikidata.org/entity/Q109854458,
http://www.wikidata.org/entity/Q109854459,
http://www.wikidata.org/entity/Q109854456,
http://www.wikidata.org/entity/Q109854457,
http://www.wikidata.org/entity/Q109854566,
http://www.wikidata.org/entity/Q109854567,
http://www.wikidata.org/entity/Q109854565,
http://www.wikidata.org/entity/Q109854570,
http://www.wikidata.org/entity/Q109854571,
http://www.wikidata.org/entity/Q109854568,
http://www.wikidata.org/entity/Q109854574,
http://www.wikidata.org/entity/Q109854575,
http://www.wikidata.org/entity/Q109854573,
http://www.wikidata.org/entity/Q109854578,
http://www.wikidata.org/entity/Q109854579,
http://www.wikidata.org/entity/Q109854582,
http://www.wikidata.org/entity/Q109854583,
http://www.wikidata.org/entity/Q109854580,
http://www.wikidata.org/entity/Q109854586,
http://www.wikidata.org/entity/Q109854587,
http://www.wikidata.org/entity/Q109854584,
http://www.wikidata.org/entity/Q109854590,
http://www.wikidata.org/entity/Q109854588,
http://www.wikidata.org/entity/Q109854594,
http://www.wikidata.org/entity/Q109854592,
http://www.wikidata.org/entity/Q109854593,
http://www.wikidata.org/entity/Q111747697,
http://www.wikidata.org/entity/Q126899403,
http://www.wikidata.org/entity/Q126341263,
http://www.wikidata.org/entity/Q126342482,
http://www.wikidata.org/entity/Q126343950,
http://www.wikidata.org/entity/Q126346475,
http://www.wikidata.org/entity/Q126346523,
http://www.wikidata.org/entity/Q126348372,
http://www.wikidata.org/entity/Q126348559,
http://www.wikidata.org/entity/Q126348563,
http://www.wikidata.org/entity/Q126348561,
http://www.wikidata.org/entity/Q61776076,
http://www.wikidata.org/entity/Q61776080,
http://www.wikidata.org/entity/Q61776462,
http://www.wikidata.org/entity/Q61776467,
http://www.wikidata.org/entity/Q61776464,
http://www.wikidata.org/entity/Q61776468,
http://www.wikidata.org/entity/Q61776469,
http://www.wikidata.org/entity/Q109854462,
http://www.wikidata.org/entity/Q109854461,
http://www.wikidata.org/entity/Q109854464,
http://www.wikidata.org/entity/Q109854465,
http://www.wikidata.org/entity/Q109854470,
http://www.wikidata.org/entity/Q109854471,
http://www.wikidata.org/entity/Q109854468,
http://www.wikidata.org/entity/Q109854469,
http://www.wikidata.org/entity/Q109854474,
http://www.wikidata.org/entity/Q109854472,
http://www.wikidata.org/entity/Q109854473,
http://www.wikidata.org/entity/Q109854476,
http://www.wikidata.org/entity/Q109854477,
http://www.wikidata.org/entity/Q109854483,
http://www.wikidata.org/entity/Q109854480,
http://www.wikidata.org/entity/Q109854481,
http://www.wikidata.org/entity/Q109854487,
http://www.wikidata.org/entity/Q109854484,
http://www.wikidata.org/entity/Q109854485,
http://www.wikidata.org/entity/Q109854491,
http://www.wikidata.org/entity/Q109854488,
http://www.wikidata.org/entity/Q109854489,
http://www.wikidata.org/entity/Q109854494,
http://www.wikidata.org/entity/Q109854495,
http://www.wikidata.org/entity/Q109854499,
http://www.wikidata.org/entity/Q109854497,
http://www.wikidata.org/entity/Q109854500,
http://www.wikidata.org/entity/Q109854598,
http://www.wikidata.org/entity/Q109854596,
http://www.wikidata.org/entity/Q109854597,
http://www.wikidata.org/entity/Q109854603,
http://www.wikidata.org/entity/Q109854600,
http://www.wikidata.org/entity/Q109854601,
http://www.wikidata.org/entity/Q109854607,
http://www.wikidata.org/entity/Q109854604,
http://www.wikidata.org/entity/Q109854605,
http://www.wikidata.org/entity/Q109854611,
http://www.wikidata.org/entity/Q109854608,
http://www.wikidata.org/entity/Q109854609,
http://www.wikidata.org/entity/Q109854612,
http://www.wikidata.org/entity/Q109854613,
http://www.wikidata.org/entity/Q109854618,
http://www.wikidata.org/entity/Q109854619,
http://www.wikidata.org/entity/Q109854616,
http://www.wikidata.org/entity/Q109854623,
http://www.wikidata.org/entity/Q109854620,
http://www.wikidata.org/entity/Q109854621,
http://www.wikidata.org/entity/Q109854627,
http://www.wikidata.org/entity/Q109854624,
http://www.wikidata.org/entity/Q109854625,
http://www.wikidata.org/entity/Q109854630,
http://www.wikidata.org/entity/Q109854629,
http://www.wikidata.org/entity/Q109854634,
http://www.wikidata.org/entity/Q109854632,
http://www.wikidata.org/entity/Q109854633,
http://www.wikidata.org/entity/Q109854699,
http://www.wikidata.org/entity/Q109854702,
http://www.wikidata.org/entity/Q109854700,
http://www.wikidata.org/entity/Q109854701,
http://www.wikidata.org/entity/Q109854706,
http://www.wikidata.org/entity/Q109854707,
http://www.wikidata.org/entity/Q109854704,
http://www.wikidata.org/entity/Q109854705,
http://www.wikidata.org/entity/Q109854708,
http://www.wikidata.org/entity/Q109854714,
http://www.wikidata.org/entity/Q109854712,
http://www.wikidata.org/entity/Q109854713,
http://www.wikidata.org/entity/Q109854718,
http://www.wikidata.org/entity/Q109854719,
http://www.wikidata.org/entity/Q109854716,
http://www.wikidata.org/entity/Q109854717,
http://www.wikidata.org/entity/Q109854721,
http://www.wikidata.org/entity/Q110067791,
http://www.wikidata.org/entity/Q114674485,
http://www.wikidata.org/entity/Q126310449,
http://www.wikidata.org/entity/Q126313829,
http://www.wikidata.org/entity/Q126315684,
http://www.wikidata.org/entity/Q126348582,
http://www.wikidata.org/entity/Q126349087,
http://www.wikidata.org/entity/Q126349115,
http://www.wikidata.org/entity/Q126349181,
http://www.wikidata.org/entity/Q126349443,
http://www.wikidata.org/entity/Q126349863,
http://www.wikidata.org/entity/Q126349861,
http://www.wikidata.org/entity/Q126349864,
http://www.wikidata.org/entity/Q126349975,
http://www.wikidata.org/entity/Q126350016,
http://www.wikidata.org/entity/Q126350572,
http://www.wikidata.org/entity/Q126353288,
http://www.wikidata.org/entity/Q126353330,
http://www.wikidata.org/entity/Q126353715,
http://www.wikidata.org/entity/Q126386357,
http://www.wikidata.org/entity/Q133757004,
