id,argomenti
http://www.wikidata.org/entity/Q33144512,cardiochirurgia
http://www.wikidata.org/entity/Q33144721,idiopatico; stenosi
http://www.wikidata.org/entity/Q36464134,biblioteca; biomedicina
http://www.wikidata.org/entity/Q36464142,Bologna; biblioteca; biomedicina
http://www.wikidata.org/entity/Q36464146,biblioteca; biomedicina
http://www.wikidata.org/entity/Q36484095,biblioteca; biomedicina
http://www.wikidata.org/entity/Q36484102,Italia; biblioteca; biomedicina
http://www.wikidata.org/entity/Q36484107,biblioteca; biomedicina
http://www.wikidata.org/entity/Q36484116,biblioteca; biomedicina
http://www.wikidata.org/entity/Q36484122,biblioteca; biomedicina
http://www.wikidata.org/entity/Q36484126,biblioteca; biomedicina
http://www.wikidata.org/entity/Q36484132,biblioteca; biomedicina
http://www.wikidata.org/entity/Q36484137,biblioteca; biomedicina
http://www.wikidata.org/entity/Q36484143,biblioteca; biomedicina
http://www.wikidata.org/entity/Q36484148,biblioteca; biomedicina
http://www.wikidata.org/entity/Q36484157,biblioteca; biomedicina
http://www.wikidata.org/entity/Q36484160,biblioteca; biomedicina
http://www.wikidata.org/entity/Q36484165,biblioteca; biomedicina
http://www.wikidata.org/entity/Q36484169,
http://www.wikidata.org/entity/Q36484173,biblioteca; biomedicina
http://www.wikidata.org/entity/Q36484177,biblioteca; biomedicina
http://www.wikidata.org/entity/Q36484182,biblioteca; biomedicina
http://www.wikidata.org/entity/Q36484194,biblioteca; biomedicina
http://www.wikidata.org/entity/Q36484198,biblioteca; biomedicina
http://www.wikidata.org/entity/Q36484219,Italia; biblioteca; automazione; biomedicina
http://www.wikidata.org/entity/Q48625754,Wikipedia; biblioteca; servizio di reference; Ricerche scientifiche su Wikipedia
http://www.wikidata.org/entity/Q56736038,linked data; OPAC; linked open data
http://www.wikidata.org/entity/Q57976823,Wikipedia; social media; storia della biblioteca; fondo speciale
http://www.wikidata.org/entity/Q58124093,
http://www.wikidata.org/entity/Q58302558,patrimonio culturale; ontologia; storia della bibliografia
http://www.wikidata.org/entity/Q58349819,storia del libro
http://www.wikidata.org/entity/Q58350077,storia del libro; storia dell'editoria
http://www.wikidata.org/entity/Q58356273,storia della biblioteca; norma tecnica; storia del libro; catalogazione
http://www.wikidata.org/entity/Q58356286,archivistica; dematerializzation
http://www.wikidata.org/entity/Q58356899,storia del libro
http://www.wikidata.org/entity/Q58379186,Giovanni Boccaccio; Antonio Santacroce; storia del libro; Elena Cassandra Tarabotti; storia dell'editoria
http://www.wikidata.org/entity/Q58379187,Annibale Caro; Pietro Aretino; storia del libro; John Wolfe
http://www.wikidata.org/entity/Q58379188,storia della bibliografia; catalogazione
http://www.wikidata.org/entity/Q58387646,illuminismo; storiografia; storia del libro
http://www.wikidata.org/entity/Q58387647,musica; informatica; illuminismo; Martin Heidegger; storia della bibliografia
http://www.wikidata.org/entity/Q58387650,International Society for Knowledge Organization; storia della bibliografia
http://www.wikidata.org/entity/Q58387648,Toscana; Casa de' Medici; collezionismo di libri; bibliofilia; storia del libro
http://www.wikidata.org/entity/Q58424166,storia dell'editoria
http://www.wikidata.org/entity/Q58670918,Ludovico Ariosto; Orlando furioso; storia della stampa
http://www.wikidata.org/entity/Q58670922,Ulisse Aldrovandi; storia del libro
http://www.wikidata.org/entity/Q58670923,Italia; storia della biblioteca
http://www.wikidata.org/entity/Q58670920,storia della biblioteca
http://www.wikidata.org/entity/Q58670927,web semantico; linked data; information retrieval; storia della bibliografia
http://www.wikidata.org/entity/Q58670925,conservazione digitale
http://www.wikidata.org/entity/Q58670929,Wikipedia; turismo; patrimonio culturale; narrazione
http://www.wikidata.org/entity/Q58670935,litografia; tipografia; storia della stampa; calcografia
http://www.wikidata.org/entity/Q58670932,Servizio Bibliotecario Nazionale; OPAC; catalogazione; storia della bibliografia
http://www.wikidata.org/entity/Q58670933,Subiaco; storia della biblioteca; Arnold Pannartz e Conrad Sweinheim
http://www.wikidata.org/entity/Q58670939,Encyclopédie; biblioteca pubblica; illuminismo; storia della biblioteca
http://www.wikidata.org/entity/Q58670937,biblioteca; museo; archivio; storia della bibliografia
http://www.wikidata.org/entity/Q58670940,biblioteca; museo; archivio; patrimonio culturale; storia della biblioteca
http://www.wikidata.org/entity/Q58773238,storia della biblioteca
http://www.wikidata.org/entity/Q58773236,storia della bibliografia
http://www.wikidata.org/entity/Q58773243,Bibliotheca universalis; Conrad Gessner; letteratura ebraica; storia della bibliografia
http://www.wikidata.org/entity/Q58773241,bibliografia; Dante Isella; Vanni Scheiwiller; editoria; storia della bibliografia
http://www.wikidata.org/entity/Q58773247,censura; Indice dei libri proibiti; Inquisizione; storia della bibliografia
http://www.wikidata.org/entity/Q58773245,manoscritto; storia della biblioteca; Fulvio Giulio della Corgna
http://www.wikidata.org/entity/Q58773251,archivistica; software open-source
http://www.wikidata.org/entity/Q58773249,storia della bibliografia
http://www.wikidata.org/entity/Q58773254,storia della biblioteca; Giovanni Bianchi; Biblioteca comunale Classense; Giambattista Canneti
http://www.wikidata.org/entity/Q58773253,storia; storiografia; Giacomo Leopardi; storia della bibliografia
http://www.wikidata.org/entity/Q58773258,Martin Heidegger; Georg Simmel; storia della bibliografia
http://www.wikidata.org/entity/Q58773260,pubblico dominio; diritto d'autore; patrimonio culturale; storia della biblioteca
http://www.wikidata.org/entity/Q58773261,Wikipedia; Wikisource; Wikidata; storia della biblioteca; Ricerche scientifiche su Wikipedia; information literacy
http://www.wikidata.org/entity/Q58773267,Armando Petrucci
http://www.wikidata.org/entity/Q58773264,storia della biblioteca; digital humanities
http://www.wikidata.org/entity/Q58826209,bibliografia; Gabriel Naudé; storia della bibliografia
http://www.wikidata.org/entity/Q58953729,Servizio Bibliotecario Nazionale; storia della biblioteca
http://www.wikidata.org/entity/Q58953763,storia della biblioteca; collezionismo; emblematica
http://www.wikidata.org/entity/Q58953796,battaglia di Lepanto; Ascanio della Corgna; storia della bibliografia
http://www.wikidata.org/entity/Q58953832,Indice dei libri proibiti; storia della biblioteca; poesia cristiana; storia del libro; storia dell'editoria
http://www.wikidata.org/entity/Q58953868,Italia; Carmagnola; museo; storia della biblioteca
http://www.wikidata.org/entity/Q58953902,Fraktur; tipografia; scrittura; Umlaut dell'heavy metal; Antiqua; storia della stampa
http://www.wikidata.org/entity/Q58953937,storia della biblioteca; GLAM; Omeka; collezione digitale
http://www.wikidata.org/entity/Q58953970,Italia; Aldo Manuzio; Aldina; storia della stampa; Andrea Torresano; Paolo Manuzio
http://www.wikidata.org/entity/Q58954003,storia della stampa; Giovanni Battista Ciotti
http://www.wikidata.org/entity/Q58954040,Indice dei libri proibiti; Congregazione per la Dottrina della Fede; Biblioteca Apostolica Vaticana; storia della bibliografia
http://www.wikidata.org/entity/Q58954077,informazione; biblioteca digitale; Conrad Gessner; storia della bibliografia
http://www.wikidata.org/entity/Q58954115,Conrad Gessner; storia della botanica; storia del libro
http://www.wikidata.org/entity/Q58954151,epistemologia; bibliografia; biblioteconomia; Alfredo Serrai; storia della bibliografia
http://www.wikidata.org/entity/Q58954188,Herzog August Bibliothek; storia della biblioteca
http://www.wikidata.org/entity/Q58954224,storia della biblioteca; Servizio Bibliotecario Nazionale
http://www.wikidata.org/entity/Q59096078,Cartesio; epistemologia; intelligenza artificiale; robotica; storia della bibliografia
http://www.wikidata.org/entity/Q59096076,rivoluzione francese; storia della biblioteca; Biblioteca Nazionale Centrale di Firenze; Biblioteca Nazionale Centrale di Roma
http://www.wikidata.org/entity/Q59096077,documentazione; storia della bibliografia
http://www.wikidata.org/entity/Q59096082,scienza dell'informazione; ermeneutica; metodologia; ontologia; scienza dell'informazione e delle biblioteche; storia della bibliografia; sistema di classificazione
http://www.wikidata.org/entity/Q59096080,medicina; chirurgia; storia della biblioteca; Bartolo Nigrisoli
http://www.wikidata.org/entity/Q59096081,web semantico; scienza dell'informazione; linked data; catalogazione; modello dei dati; modello concettuale; scienza dell'informazione e delle biblioteche; storia della bibliografia
http://www.wikidata.org/entity/Q59096086,storia della biblioteca; Biblioteca comunale Classense; Santi Muratori
http://www.wikidata.org/entity/Q59096084,Cosmè Tura; Andrea Mantegna; Biblioteca Apostolica Vaticana; storia della stampa; Girolamo da Cremona; Nicolas Jenson; Benedetto Bordone; Peter Ugelheimer
http://www.wikidata.org/entity/Q59096085,Antonio Boselli; Ulrico Hoepli; storia dell'editoria
http://www.wikidata.org/entity/Q59096090,biblioteconomia; dottorato di ricerca; Università degli Studi di Udine; storia della bibliografia
http://www.wikidata.org/entity/Q59096088,bibliografia; bibliometria; storia della bibliografia
http://www.wikidata.org/entity/Q59096089,Indice dei libri proibiti; storia della biblioteca; ordine religioso
http://www.wikidata.org/entity/Q59096094,
http://www.wikidata.org/entity/Q59096092,classificazione ordinata; monografia; valutazione; storia della bibliografia
http://www.wikidata.org/entity/Q59096093,
http://www.wikidata.org/entity/Q59137259,storia della biblioteca
http://www.wikidata.org/entity/Q59137262,Ordine dei frati minori cappuccini; storia della biblioteca
http://www.wikidata.org/entity/Q59137260,bibliografia; Biblioteche antiche; storia della biblioteca
http://www.wikidata.org/entity/Q59137261,Pontificia Università Gregoriana; Paolo Manuzio; Marc-Antoine Muret; Pietro Lazzari; storia dell'editoria
http://www.wikidata.org/entity/Q59137266,Johannes Gutenberg; storia della stampa; Arnold Pannartz e Conrad Sweinheim
http://www.wikidata.org/entity/Q59137267,storia della stampa; Hypnerotomachia Poliphili; Aldo Manuzio
http://www.wikidata.org/entity/Q59137264,Servizio Bibliotecario Nazionale; storia della biblioteca; documentazione
http://www.wikidata.org/entity/Q59137270,British Library; Hans Sloane; storia della stampa; incunabolo; Cassiano dal Pozzo; Gesamtkatalog der Wiegendrucke
http://www.wikidata.org/entity/Q59137268,informazione; documentazione; storia della bibliografia
http://www.wikidata.org/entity/Q59137272,calligrafia; Thomas Bewick; storia della stampa; William Caslon
http://www.wikidata.org/entity/Q59154963,cultura; storia della bibliografia
http://www.wikidata.org/entity/Q59154966,Conrad Gessner; Josias Simmler; bibliografia; Conrad Lycosthenes; Johann Jacob Frisius; storia della bibliografia
http://www.wikidata.org/entity/Q59154967,Conrad Gessner; Huldrych Zwingli; bibliografia; storia della bibliografia
http://www.wikidata.org/entity/Q59154964,Biblioteca Apostolica Vaticana; storia della biblioteca; Andrea Fulvio; Francesco Albertini
http://www.wikidata.org/entity/Q59154965,Italia; Perugia; storia della biblioteca; Biblioteca comunale Augusta; Luigi Canali
http://www.wikidata.org/entity/Q59154971,Functional Requirements for Bibliographic Records; monografia; Resource Description and Access; Introduzione a RDA : linee guida per rappresentare e scoprire le risorse; storia della bibliografia; UNIMARC; catalogazione
http://www.wikidata.org/entity/Q59154968,British Library; Biblioteca del Congresso; storia della biblioteca; Gabriel Naudé; Bibliothèque du roi; Pierre Grégoire; Advis pour dresser une bibliothèque
http://www.wikidata.org/entity/Q59154969,Compagnia di Gesù; storia della biblioteca; acquisizione
http://www.wikidata.org/entity/Q59154974,linguaggio; conoscenza; comunicazione; storia della bibliografia
http://www.wikidata.org/entity/Q59154975,storia della biblioteca
http://www.wikidata.org/entity/Q59154972,biblioteca; Aldo Capitini; storia della biblioteca
http://www.wikidata.org/entity/Q59154976,storia della bibliografia; bibliografo; bibliofilo
http://www.wikidata.org/entity/Q59208094,Martin Lutero; Filippo Melantone; storia della stampa; umanesimo; marginalia
http://www.wikidata.org/entity/Q59208095,storia della biblioteca; Giuseppe Vernazza; Costanzo Gazzera; Biblioteca Nazionale Universitaria di Torino; catalogo
http://www.wikidata.org/entity/Q59208093,Conrad Gessner; Massimo il Confessore; storia della bibliografia; Antonius Melissa
http://www.wikidata.org/entity/Q59208098,biblioteca pubblica; restauro; storia della biblioteca; conservazione storica; storia del libro; bene culturale
http://www.wikidata.org/entity/Q59208096,biblioteca; scriptorium; storia della biblioteca; abbazia di Montecassino; Biblioteche antiche; Biblioteca; storia del libro; Vivarium
http://www.wikidata.org/entity/Q59208097,storia della biblioteca; Paolo Maria Paciaudi; storia del libro; Biblioteca Palatina di Parma
http://www.wikidata.org/entity/Q59259739,biblioteca; bibliografia; bibliotecario; storia della bibliografia
http://www.wikidata.org/entity/Q59259742,Perugia; storia della biblioteca; biblioteca monastica; Ordine dei frati minori
http://www.wikidata.org/entity/Q59259743,Francesco Borromini; storia della biblioteca; Biblioteca Vallicelliana
http://www.wikidata.org/entity/Q59259740,Rodolfo II d'Asburgo; Biblioteca Nazionale Austriaca; storia della biblioteca; Hugo Blotius
http://www.wikidata.org/entity/Q59259741,Padre nostro; storia della stampa; Giambattista Bodoni; Paolo Maria Paciaudi; Biblioteca Palatina di Parma
http://www.wikidata.org/entity/Q59259746,libro raro; storia della stampa
http://www.wikidata.org/entity/Q59259747,incunabolo; Biblioteca Queriniana; storia dell'editoria; Ugo Da Como
http://www.wikidata.org/entity/Q59259744,Ordine dei frati minori cappuccini; storia della biblioteca; Biblioteca civica Angelo Mai e Archivi storici comunali; biblioteca monastica
http://www.wikidata.org/entity/Q59259745,storia della biblioteca; congregazione religiosa; foglianti; biblioteca monastica
http://www.wikidata.org/entity/Q59259748,chierici regolari teatini; storia della bibliografia; Paolo Beni
http://www.wikidata.org/entity/Q59259749,storia della stampa; incunabolo; bibliologia
http://www.wikidata.org/entity/Q59265383,biblioteca; storia della biblioteca
http://www.wikidata.org/entity/Q59265386,Giovan Battista Pigna; Giovanni Battista Laderchi; storia dell'editoria; Vittorio Baldini
http://www.wikidata.org/entity/Q59265384,Gabriel Naudé; storia della biblioteca; Giusto Lipsio; Fulvio Orsini
http://www.wikidata.org/entity/Q59265385,Biblioteca Riccardiana; storia della biblioteca; Biblioteca Nazionale Centrale di Firenze
http://www.wikidata.org/entity/Q59265390,Biblioteca del Politecnico federale di Zurigo; storia della biblioteca; Swissbib; collaborazione; Biblioteca Digitale Svizzera
http://www.wikidata.org/entity/Q59265391,chierici regolari teatini; storia della bibliografia; Paolo Beni
http://www.wikidata.org/entity/Q59265388,Malta; Sovrano Militare Ordine Ospedaliero di San Giovanni di Gerusalemme di Rodi e di Malta; storia della biblioteca; Giovan Pietro Francesco Agius Soldana
http://www.wikidata.org/entity/Q59265394,biblioteconomia; lettera all'editore
http://www.wikidata.org/entity/Q59265395,bibliotecario; biblioteconomia; storia della biblioteca
http://www.wikidata.org/entity/Q59265392,information literacy; storia della biblioteca; servizio di reference
http://www.wikidata.org/entity/Q59265396,informazione; dato; storia della bibliografia
http://www.wikidata.org/entity/Q59265397,bibliografia; biblioteca digitale; storia della bibliografia
http://www.wikidata.org/entity/Q59281535,biblioteca; bibliotecario; biblioteconomia
http://www.wikidata.org/entity/Q59281538,Perugia; biblioteca; storia della biblioteca
http://www.wikidata.org/entity/Q59281539,stampatore; storia della stampa; Giacomo Piccini
http://www.wikidata.org/entity/Q59281536,Zurigo; Bibliotheca universalis; Josias Simmler; Conrad Gessner; Hugo Blotius; storia della bibliografia
http://www.wikidata.org/entity/Q59281537,biblioteca; storia della biblioteca
http://www.wikidata.org/entity/Q59281542,Giulio Mazzarino; Ulisse Aldrovandi; Accademia della Crusca; Francesco Maria II della Rovere; epistolario; Paolo Beni; Antonio Querenghi; storia dell'editoria
http://www.wikidata.org/entity/Q59281543,biblioteca; biblioteconomia; storia della biblioteca
http://www.wikidata.org/entity/Q59281540,editoria; Fernando Colombo; commercio di libri; storia dell'editoria
http://www.wikidata.org/entity/Q59281541,storia della biblioteca; Giovanni Agostino De Cosmi; Biblioteca regionale universitaria di Catania; Salvatore Ventimiglia
http://www.wikidata.org/entity/Q59388175,fake news
http://www.wikidata.org/entity/Q59388178,algoritmo
http://www.wikidata.org/entity/Q59388179,fondo speciale
http://www.wikidata.org/entity/Q59388176,
http://www.wikidata.org/entity/Q59388177,patrimonio culturale; OPAC
http://www.wikidata.org/entity/Q59388182,Wikipedia; Ricerche scientifiche su Wikipedia
http://www.wikidata.org/entity/Q59388183,
http://www.wikidata.org/entity/Q59388180,valutazione della ricerca
http://www.wikidata.org/entity/Q59388181,linked open data
http://www.wikidata.org/entity/Q59388184,design thinking
http://www.wikidata.org/entity/Q59388185,linked open data
http://www.wikidata.org/entity/Q60713534,
http://www.wikidata.org/entity/Q60907273,bibliografia; rivista letteraria; Giornale de' letterati d'Italia; storia della bibliografia
http://www.wikidata.org/entity/Q60907285,bibliografia; biblioteconomia; storia della bibliografia
http://www.wikidata.org/entity/Q60907291,bibliografia; rivista letteraria; storia della bibliografia
http://www.wikidata.org/entity/Q60907308,Italia; editoria; storia dell'editoria; storia della bibliografia
http://www.wikidata.org/entity/Q60907317,Melvil Dewey; storia della biblioteca; catalogazione collaborativa
http://www.wikidata.org/entity/Q60907331,bibliografia; bibliologia; Jean Meyriat; storia della bibliografia
http://www.wikidata.org/entity/Q60907344,rivista; digitalizzazione; storia della bibliografia
http://www.wikidata.org/entity/Q60907356,bibliografia; biblioteconomia; informatica; bibliometria; storia della bibliografia
http://www.wikidata.org/entity/Q60907372,bibliomania; bibliofilia; storia della bibliografia
http://www.wikidata.org/entity/Q60907379,bibliografia; rivista; digitalizzazione; storia della bibliografia
http://www.wikidata.org/entity/Q60907392,giornale; rivista; emeroteca; storia della biblioteca; biblioteca digitale
http://www.wikidata.org/entity/Q60907408,open access; DOAJ; storia della bibliografia
http://www.wikidata.org/entity/Q60907417,open access; biblioteca digitale; storia dell'editoria
http://www.wikidata.org/entity/Q60907422,revisione paritaria; rivista scientifica; Agenzia nazionale di valutazione del sistema universitario e della ricerca; valutazione della ricerca; storia della bibliografia
http://www.wikidata.org/entity/Q60907435,storia della bibliografia
http://www.wikidata.org/entity/Q61056650,
http://www.wikidata.org/entity/Q61057042,
http://www.wikidata.org/entity/Q61776076,
http://www.wikidata.org/entity/Q61776080,
http://www.wikidata.org/entity/Q61776462,
http://www.wikidata.org/entity/Q61776467,
http://www.wikidata.org/entity/Q61776464,
http://www.wikidata.org/entity/Q61776468,
http://www.wikidata.org/entity/Q61776469,
http://www.wikidata.org/entity/Q62579849,
http://www.wikidata.org/entity/Q64712103,linguaggio; codice; storia della bibliografia
http://www.wikidata.org/entity/Q102116015,biblioteconomia; International Federation of Library Associations and Institutions
http://www.wikidata.org/entity/Q102391509,
http://www.wikidata.org/entity/Q102391845,
http://www.wikidata.org/entity/Q102392002,biblioteca pubblica
http://www.wikidata.org/entity/Q102392285,
http://www.wikidata.org/entity/Q102392363,
http://www.wikidata.org/entity/Q102392806,
http://www.wikidata.org/entity/Q102392889,
http://www.wikidata.org/entity/Q102393180,
http://www.wikidata.org/entity/Q102393258,
http://www.wikidata.org/entity/Q102393556,
http://www.wikidata.org/entity/Q102393664,
http://www.wikidata.org/entity/Q102393759,
http://www.wikidata.org/entity/Q102393947,
http://www.wikidata.org/entity/Q102393996,
http://www.wikidata.org/entity/Q102503100,public history; public engagement
http://www.wikidata.org/entity/Q102802821,
http://www.wikidata.org/entity/Q102805155,
http://www.wikidata.org/entity/Q102808536,
http://www.wikidata.org/entity/Q102809224,
http://www.wikidata.org/entity/Q102810332,
http://www.wikidata.org/entity/Q102821767,
http://www.wikidata.org/entity/Q102822425,
http://www.wikidata.org/entity/Q102822617,
http://www.wikidata.org/entity/Q102822746,
http://www.wikidata.org/entity/Q102823167,
http://www.wikidata.org/entity/Q102823781,
http://www.wikidata.org/entity/Q103896945,
http://www.wikidata.org/entity/Q103896950,
http://www.wikidata.org/entity/Q103896948,
http://www.wikidata.org/entity/Q103896949,
http://www.wikidata.org/entity/Q103896952,
http://www.wikidata.org/entity/Q103899574,
http://www.wikidata.org/entity/Q103899584,
http://www.wikidata.org/entity/Q103899585,
http://www.wikidata.org/entity/Q103899590,
http://www.wikidata.org/entity/Q103899591,
http://www.wikidata.org/entity/Q103899589,
http://www.wikidata.org/entity/Q103899592,
http://www.wikidata.org/entity/Q103899593,
http://www.wikidata.org/entity/Q103899598,
http://www.wikidata.org/entity/Q103899599,
http://www.wikidata.org/entity/Q103899596,
http://www.wikidata.org/entity/Q103899597,
http://www.wikidata.org/entity/Q103899601,informazione; conoscenza
http://www.wikidata.org/entity/Q103899606,
http://www.wikidata.org/entity/Q103899607,
http://www.wikidata.org/entity/Q103899604,
http://www.wikidata.org/entity/Q103899605,
http://www.wikidata.org/entity/Q103899610,Wikidata; linked open data; WikiProject COVID-19
http://www.wikidata.org/entity/Q103899609,
http://www.wikidata.org/entity/Q103899614,dati aperti
http://www.wikidata.org/entity/Q103899613,
http://www.wikidata.org/entity/Q103901278,GLAM
http://www.wikidata.org/entity/Q103901283,
http://www.wikidata.org/entity/Q103901280,
http://www.wikidata.org/entity/Q103901290,linked data
http://www.wikidata.org/entity/Q103901289,biblioteca digitale
http://www.wikidata.org/entity/Q103901292,bibliometria
http://www.wikidata.org/entity/Q103901299,metadato
http://www.wikidata.org/entity/Q103901296,
http://www.wikidata.org/entity/Q103901302,
http://www.wikidata.org/entity/Q103901301,
http://www.wikidata.org/entity/Q103901304,
http://www.wikidata.org/entity/Q103901310,
http://www.wikidata.org/entity/Q103901308,
http://www.wikidata.org/entity/Q103901314,
http://www.wikidata.org/entity/Q103901316,
http://www.wikidata.org/entity/Q103901322,
http://www.wikidata.org/entity/Q103901321,
http://www.wikidata.org/entity/Q103901324,ISO 16439:2014
http://www.wikidata.org/entity/Q103915809,bibliometria
http://www.wikidata.org/entity/Q103915814,Stefania Rossi Minutelli
http://www.wikidata.org/entity/Q103915812,
http://www.wikidata.org/entity/Q103915818,biblioteca
http://www.wikidata.org/entity/Q103915819,Anna Maria Giorgetti Vichi
http://www.wikidata.org/entity/Q103915822,biblioteca pubblica
http://www.wikidata.org/entity/Q103915827,BIBFRAME
http://www.wikidata.org/entity/Q103915824,catalogazione
http://www.wikidata.org/entity/Q103915831,biblioteca pubblica
http://www.wikidata.org/entity/Q103915835,
http://www.wikidata.org/entity/Q103915833,
http://www.wikidata.org/entity/Q103915839,
http://www.wikidata.org/entity/Q103915836,
http://www.wikidata.org/entity/Q103915843,
http://www.wikidata.org/entity/Q103915841,biblioteca pubblica
http://www.wikidata.org/entity/Q103915866,Wikidata; linked open data
http://www.wikidata.org/entity/Q103915864,
http://www.wikidata.org/entity/Q103915869,prima guerra mondiale
http://www.wikidata.org/entity/Q103915875,classificazione decimale Dewey
http://www.wikidata.org/entity/Q103915873,
http://www.wikidata.org/entity/Q103915883,web semantico
http://www.wikidata.org/entity/Q103915881,biblioteca
http://www.wikidata.org/entity/Q103915887,
http://www.wikidata.org/entity/Q103915888,design thinking
http://www.wikidata.org/entity/Q103915895,
http://www.wikidata.org/entity/Q103915893,Web beacon
http://www.wikidata.org/entity/Q103915898,IFLA Library Reference Model
http://www.wikidata.org/entity/Q103915903,information literacy
http://www.wikidata.org/entity/Q103915900,dati aperti; linked open data; catalogo
http://www.wikidata.org/entity/Q64712106,Bologna; Ordine dei frati minori cappuccini; incunabolo; storia della biblioteca; cinquecentina
http://www.wikidata.org/entity/Q64712107,Ordine dei frati minori cappuccini; bibliografia; storia della bibliografia
http://www.wikidata.org/entity/Q64712105,manoscritto; storia della stampa; Ulisse Aldrovandi; Biblioteca universitaria Alessandrina; fondo speciale; Francesco Maria II della Rovere
http://www.wikidata.org/entity/Q64712110,Faenza; patrimonio culturale; storia della biblioteca; Gaetano Cicognani
http://www.wikidata.org/entity/Q64712109,Basilicata; storia della stampa; stampa a caratteri mobili; biblioteca monastica; Congregazione per la riforma dell'Indice dei libri proibiti
http://www.wikidata.org/entity/Q64712112,biblioteca pubblica; storia della biblioteca
http://www.wikidata.org/entity/Q64712113,iconografia; Aldo Manuzio; storia della stampa; Hypnerotomachia Poliphili
http://www.wikidata.org/entity/Q64712116,Wikidata; linked open data; metadati bibliografici; WikiCite; OpenCitations; storia della bibliografia
http://www.wikidata.org/entity/Q64712134,biblioteconomia; bibliografia; catalogazione; storia della bibliografia
http://www.wikidata.org/entity/Q64712144,bibliografia; storia della bibliografia
http://www.wikidata.org/entity/Q64712156,storia della biblioteca; Biblioteca e Complesso monumentale dei Girolamini; negozio di antiquariato
http://www.wikidata.org/entity/Q64712171,biblioteca accademica; storia della biblioteca; citizen science; biblioteca di ricerca; terza missione
http://www.wikidata.org/entity/Q64712184,biblioteconomia; lettura; storia della biblioteca
http://www.wikidata.org/entity/Q64712198,storia della biblioteca; biblioteca specializzata; archivio di persona
http://www.wikidata.org/entity/Q65594178,Cappella Polet
http://www.wikidata.org/entity/Q69559758,dati aperti; ontologia; fondo speciale; linked open data
http://www.wikidata.org/entity/Q69646153,fondo speciale; storia delle biblioteche
http://www.wikidata.org/entity/Q69776340,biblioteca; biomedicina
http://www.wikidata.org/entity/Q69776400,biblioteca; biomedicina
http://www.wikidata.org/entity/Q69776436,biblioteca; biomedicina
http://www.wikidata.org/entity/Q69776444,biblioteca; biomedicina
http://www.wikidata.org/entity/Q69776453,biblioteca; farmacia; biomedicina
http://www.wikidata.org/entity/Q70982360,fondo speciale
http://www.wikidata.org/entity/Q73492838,fondo speciale
http://www.wikidata.org/entity/Q74825992,fondo speciale
http://www.wikidata.org/entity/Q77304139,fondo speciale
http://www.wikidata.org/entity/Q78577731,
http://www.wikidata.org/entity/Q82514580,Biblioteca di Alessandria; Epifanio di Salamina; Biblioteche antiche; storia della biblioteca
http://www.wikidata.org/entity/Q82514642,bibliotecario; storia della biblioteca; Giuseppe Fumagalli; Vittorio Camerani
http://www.wikidata.org/entity/Q82514941,storia della biblioteca; fondo speciale
http://www.wikidata.org/entity/Q82514978,biblioteca; archivio; ospedale psichiatrico; storia della biblioteca; Ex ospedale psichiatrico di San Niccolò
http://www.wikidata.org/entity/Q82515058,biblioteca; storia della biblioteca; tecnologia educativa
http://www.wikidata.org/entity/Q82515159,bibliografia; bibliofilia; pansofia; storia della bibliografia
http://www.wikidata.org/entity/Q82515164,Ordine dei frati minori cappuccini; bibliografia; storia della bibliografia
http://www.wikidata.org/entity/Q82515170,università; ricerca; biblioteca accademica; storia della biblioteca; terza missione
http://www.wikidata.org/entity/Q82515168,bibliografia; biblioteconomia; Biblioteche antiche; storia della biblioteca; Erhard Reusch; Christian Curio
http://www.wikidata.org/entity/Q82515174,Chiesa cattolica; archivistica; archivio ecclesiastico
http://www.wikidata.org/entity/Q82515177,incunabolo; digitalizzazione; Biblioteca Nazionale Centrale di Roma; storia della bibliografia
http://www.wikidata.org/entity/Q82515180,bibliotecario; storia della biblioteca; Aldo Francesco Massera
http://www.wikidata.org/entity/Q82515186,Genova; Gabriele D'Annunzio; Tito Rosina; Mario D'Annunzio; Sigla Effe; storia dell'editoria
http://www.wikidata.org/entity/Q83365686,giornale; biblioteca digitale; storia della stampa; digitalizzazione; periodico
http://www.wikidata.org/entity/Q83612194,biblioteca; biblioteconomia; Ranganathan; servizio di reference
http://www.wikidata.org/entity/Q92592463,
http://www.wikidata.org/entity/Q92592494,
http://www.wikidata.org/entity/Q92592577,
http://www.wikidata.org/entity/Q92592656,Romolo Spezioli
http://www.wikidata.org/entity/Q92592734,Romolo Spezioli
http://www.wikidata.org/entity/Q92592817,storia della biblioteca
http://www.wikidata.org/entity/Q92592907,
http://www.wikidata.org/entity/Q92593011,
http://www.wikidata.org/entity/Q92593112,
http://www.wikidata.org/entity/Q92593206,
http://www.wikidata.org/entity/Q95997038,
http://www.wikidata.org/entity/Q95997039,
http://www.wikidata.org/entity/Q95997044,
http://www.wikidata.org/entity/Q95997054,
http://www.wikidata.org/entity/Q95997062,
http://www.wikidata.org/entity/Q95997060,
http://www.wikidata.org/entity/Q95997061,Ribes multiflorum; Ribes sardoum
http://www.wikidata.org/entity/Q95997066,Orchidaceae
http://www.wikidata.org/entity/Q95997067,Leguminosae
http://www.wikidata.org/entity/Q95997073,
http://www.wikidata.org/entity/Q95997079,Orchidaceae
http://www.wikidata.org/entity/Q95997076,
http://www.wikidata.org/entity/Q95997077,
http://www.wikidata.org/entity/Q95997082,Thymelaeaceae; Daphne alpina
http://www.wikidata.org/entity/Q95997081,Asteraceae
http://www.wikidata.org/entity/Q95997084,Primula albenensis; Species nova
http://www.wikidata.org/entity/Q95997102,
http://www.wikidata.org/entity/Q95997103,Fabaceae
http://www.wikidata.org/entity/Q95997101,
http://www.wikidata.org/entity/Q96623074,
http://www.wikidata.org/entity/Q96623075,Aldo Manuzio; storia della stampa; storia del libro
http://www.wikidata.org/entity/Q96623078,incunabolo; De consolatione philosophiae; Johann Besicken
http://www.wikidata.org/entity/Q96623079,Biblioteche antiche; storia della biblioteca; Joachim Johann Mader
http://www.wikidata.org/entity/Q96623076,biblioteca privata; Archivio di Stato di Lucca
http://www.wikidata.org/entity/Q96623082,Ordine dei frati minori cappuccini; storia della biblioteca
http://www.wikidata.org/entity/Q96623083,biblioteca; archivio
http://www.wikidata.org/entity/Q96623081,Ludovico Antonio Muratori; storia dell'editoria
http://www.wikidata.org/entity/Q96623086,biblioteca; cultura; illuminismo; storia della biblioteca
http://www.wikidata.org/entity/Q96623087,British Museum; Antonio Panizzi; catalogazione
http://www.wikidata.org/entity/Q96623085,Biblioteca municipale di Lione; biblioteca pubblica; partecipazione politica
http://www.wikidata.org/entity/Q96623090,Faenza; storia della biblioteca
http://www.wikidata.org/entity/Q96623091,Palazzo Montecitorio; storia della biblioteca; Biblioteca della Camera dei deputati
http://www.wikidata.org/entity/Q96623089,catalogo di biblioteca; fondo speciale
http://www.wikidata.org/entity/Q96623093,biologia; natura; comunicazione; informatica
http://www.wikidata.org/entity/Q99573989,ragno; Ochyroceratidae
http://www.wikidata.org/entity/Q99639341,Coleoptera; Scydmaenidae
http://www.wikidata.org/entity/Q99653413,Coleoptera; Carabidae
http://www.wikidata.org/entity/Q99654817,Coleoptera
http://www.wikidata.org/entity/Q99661235,Coleoptera; Carabidae
http://www.wikidata.org/entity/Q99860432,
http://www.wikidata.org/entity/Q99860449,
http://www.wikidata.org/entity/Q99860482,Species nova
http://www.wikidata.org/entity/Q99860480,Caliciales
http://www.wikidata.org/entity/Q99860487,Coleoptera
http://www.wikidata.org/entity/Q100741569,
http://www.wikidata.org/entity/Q101086004,
http://www.wikidata.org/entity/Q101996668,
http://www.wikidata.org/entity/Q102115630,biblioteca; advocacy
http://www.wikidata.org/entity/Q103915907,
http://www.wikidata.org/entity/Q103918125,rivoluzione digitale
http://www.wikidata.org/entity/Q103918128,digital humanities
http://www.wikidata.org/entity/Q103918134,biblioteca
http://www.wikidata.org/entity/Q103918132,
http://www.wikidata.org/entity/Q103918138,
http://www.wikidata.org/entity/Q103918139,
http://www.wikidata.org/entity/Q103918136,
http://www.wikidata.org/entity/Q103918142,
http://www.wikidata.org/entity/Q103918144,alfabetizzazione
http://www.wikidata.org/entity/Q103918150,fake news
http://www.wikidata.org/entity/Q103918148,fonoteca
http://www.wikidata.org/entity/Q103918152,istruzione superiore
http://www.wikidata.org/entity/Q103918156,biblioteca
http://www.wikidata.org/entity/Q103918163,blockchain
http://www.wikidata.org/entity/Q103918160,digitalizzazione; Biblioteca Digitale Trentina
http://www.wikidata.org/entity/Q103918164,
http://www.wikidata.org/entity/Q103918168,sovraccarico cognitivo
http://www.wikidata.org/entity/Q103918169,
http://www.wikidata.org/entity/Q103918174,associazione professionale
http://www.wikidata.org/entity/Q103918172,fake news
http://www.wikidata.org/entity/Q103918178,deposito legale
http://www.wikidata.org/entity/Q103918180,
http://www.wikidata.org/entity/Q103918211,storia della biblioteca
http://www.wikidata.org/entity/Q103918215,open access
http://www.wikidata.org/entity/Q103918217,verità
http://www.wikidata.org/entity/Q103918222,
http://www.wikidata.org/entity/Q103918220,
http://www.wikidata.org/entity/Q103918227,biblioteca pubblica
http://www.wikidata.org/entity/Q103918224,
http://www.wikidata.org/entity/Q103918230,letteratura per ragazzi
http://www.wikidata.org/entity/Q103918234,
http://www.wikidata.org/entity/Q103918232,biblioteca digitale
http://www.wikidata.org/entity/Q103918238,apprendimento; innovazione; bibliotecario
http://www.wikidata.org/entity/Q103918236,
http://www.wikidata.org/entity/Q103918242,pensiero critico
http://www.wikidata.org/entity/Q103918240,storia dell'editoria
http://www.wikidata.org/entity/Q103918246,biblioteca pubblica
http://www.wikidata.org/entity/Q103918244,biblioteca musicale
http://www.wikidata.org/entity/Q103918251,open access
http://www.wikidata.org/entity/Q103918249,biblioteca popolare
http://www.wikidata.org/entity/Q103918253,linked open data
http://www.wikidata.org/entity/Q103918258,Silvano Gerevini
http://www.wikidata.org/entity/Q103918256,pubblicazione ufficiale
http://www.wikidata.org/entity/Q103918260,comunicazione
http://www.wikidata.org/entity/Q103918266,verità
http://www.wikidata.org/entity/Q103918264,neutralità
http://www.wikidata.org/entity/Q103918270,digital humanities
http://www.wikidata.org/entity/Q103918268,post-verità
http://www.wikidata.org/entity/Q103918272,catalogazione
http://www.wikidata.org/entity/Q103918273,
http://www.wikidata.org/entity/Q103918279,comportamento informativo
http://www.wikidata.org/entity/Q103918276,lettura
http://www.wikidata.org/entity/Q103918326,Associazione Italiana Biblioteche
http://www.wikidata.org/entity/Q103918330,Cesare Segre
http://www.wikidata.org/entity/Q103918328,biblioteca
http://www.wikidata.org/entity/Q103918333,
http://www.wikidata.org/entity/Q103918338,
http://www.wikidata.org/entity/Q103918339,
http://www.wikidata.org/entity/Q103918336,Wikimedia Foundation
http://www.wikidata.org/entity/Q103918341,edificio bibliotecario
http://www.wikidata.org/entity/Q103918347,
http://www.wikidata.org/entity/Q103918344,alfabetizzazione sanitaria
http://www.wikidata.org/entity/Q103918350,maestro
http://www.wikidata.org/entity/Q103918353,classificazione decimale Dewey
http://www.wikidata.org/entity/Q103918358,
http://www.wikidata.org/entity/Q103918356,AIB studi
http://www.wikidata.org/entity/Q103918363,bibliotecario digitale
http://www.wikidata.org/entity/Q103918361,alfabetizzazione digitale
http://www.wikidata.org/entity/Q103918366,narrativa
http://www.wikidata.org/entity/Q103918370,
http://www.wikidata.org/entity/Q103918368,
http://www.wikidata.org/entity/Q103918375,
http://www.wikidata.org/entity/Q103918373,Servizio Bibliotecario Nazionale
http://www.wikidata.org/entity/Q103918377,biblioteconomia
http://www.wikidata.org/entity/Q103919289,
http://www.wikidata.org/entity/Q103919294,
http://www.wikidata.org/entity/Q103919299,
http://www.wikidata.org/entity/Q103919296,
http://www.wikidata.org/entity/Q103919303,
http://www.wikidata.org/entity/Q103919301,
http://www.wikidata.org/entity/Q103919307,diritto d'autore
http://www.wikidata.org/entity/Q103919305,
http://www.wikidata.org/entity/Q103919309,
http://www.wikidata.org/entity/Q103919315,
http://www.wikidata.org/entity/Q103919312,
http://www.wikidata.org/entity/Q103919318,
http://www.wikidata.org/entity/Q103919323,
http://www.wikidata.org/entity/Q103919320,
http://www.wikidata.org/entity/Q103919326,
http://www.wikidata.org/entity/Q103919331,
http://www.wikidata.org/entity/Q103919328,
http://www.wikidata.org/entity/Q103919333,
http://www.wikidata.org/entity/Q103919339,
http://www.wikidata.org/entity/Q103919336,
http://www.wikidata.org/entity/Q103919343,
http://www.wikidata.org/entity/Q103919346,
http://www.wikidata.org/entity/Q103919351,
http://www.wikidata.org/entity/Q103919348,
http://www.wikidata.org/entity/Q103919353,
http://www.wikidata.org/entity/Q103919359,
http://www.wikidata.org/entity/Q103919357,
http://www.wikidata.org/entity/Q103919362,AIB studi
http://www.wikidata.org/entity/Q103919366,biblioteca pubblica
http://www.wikidata.org/entity/Q103919364,
http://www.wikidata.org/entity/Q103919369,
http://www.wikidata.org/entity/Q103919372,
http://www.wikidata.org/entity/Q103919378,
http://www.wikidata.org/entity/Q103919376,
http://www.wikidata.org/entity/Q103919382,
http://www.wikidata.org/entity/Q103919380,
http://www.wikidata.org/entity/Q103919385,
http://www.wikidata.org/entity/Q103919389,
http://www.wikidata.org/entity/Q103919394,
http://www.wikidata.org/entity/Q103919396,
http://www.wikidata.org/entity/Q103919620,bibliometria
http://www.wikidata.org/entity/Q103919627,biblioteconomia; information literacy; fake news
http://www.wikidata.org/entity/Q103919625,knowledge management
http://www.wikidata.org/entity/Q103919629,
http://www.wikidata.org/entity/Q103919635,Spartito
http://www.wikidata.org/entity/Q103919632,biblioteca
http://www.wikidata.org/entity/Q103919633,
http://www.wikidata.org/entity/Q103919639,
http://www.wikidata.org/entity/Q103919643,
http://www.wikidata.org/entity/Q103919646,
http://www.wikidata.org/entity/Q103919650,biblioteconomia; information literacy; fake news
http://www.wikidata.org/entity/Q103919654,open access
http://www.wikidata.org/entity/Q103919652,valutazione della ricerca
http://www.wikidata.org/entity/Q103919658,società della Conoscenza
http://www.wikidata.org/entity/Q103919715,rete di biblioteche
http://www.wikidata.org/entity/Q103919718,
http://www.wikidata.org/entity/Q103919722,advocacy
http://www.wikidata.org/entity/Q103919720,cooperazione
http://www.wikidata.org/entity/Q103919727,Web scale discovery tool
http://www.wikidata.org/entity/Q103919724,integrazione sociale
http://www.wikidata.org/entity/Q103919730,interdisciplinarità
http://www.wikidata.org/entity/Q103919735,Giulio Puliti
http://www.wikidata.org/entity/Q103919732,Wikipedia
http://www.wikidata.org/entity/Q103919738,classificazione decimale Dewey
http://www.wikidata.org/entity/Q103919742,
http://www.wikidata.org/entity/Q103919894,copyright
http://www.wikidata.org/entity/Q103919979,OPAC
http://www.wikidata.org/entity/Q103919982,Stefania Rossi Minutelli
http://www.wikidata.org/entity/Q103919987,OPAC
http://www.wikidata.org/entity/Q103919985,biblioteca pubblica
http://www.wikidata.org/entity/Q103919990,
http://www.wikidata.org/entity/Q103919994,
http://www.wikidata.org/entity/Q103919999,
http://www.wikidata.org/entity/Q103920001,storia della biblioteca
http://www.wikidata.org/entity/Q103920007,Giuseppe Sergio Martini
http://www.wikidata.org/entity/Q103920009,UNI 11535:2014; UNI 11536:2014
http://www.wikidata.org/entity/Q103920012,lettura
http://www.wikidata.org/entity/Q103920016,Giuseppe Fumagalli
http://www.wikidata.org/entity/Q103948932,
http://www.wikidata.org/entity/Q103948937,big data
http://www.wikidata.org/entity/Q103948941,Germania; biblioteca specializzata; documento digitale; collezione; acquisizione
http://www.wikidata.org/entity/Q103948945,
http://www.wikidata.org/entity/Q103948950,
http://www.wikidata.org/entity/Q103948951,
http://www.wikidata.org/entity/Q103948955,
http://www.wikidata.org/entity/Q103948958,
http://www.wikidata.org/entity/Q103948962,biblioteca; iconografia; servizio di reference
http://www.wikidata.org/entity/Q103948964,
http://www.wikidata.org/entity/Q103948970,
http://www.wikidata.org/entity/Q103948968,
http://www.wikidata.org/entity/Q103948975,
http://www.wikidata.org/entity/Q103948977,neurologia; lettura
http://www.wikidata.org/entity/Q103948981,
http://www.wikidata.org/entity/Q103948986,biblioteca pubblica
http://www.wikidata.org/entity/Q103948989,
http://www.wikidata.org/entity/Q103948995,
http://www.wikidata.org/entity/Q103948999,
http://www.wikidata.org/entity/Q103949004,
http://www.wikidata.org/entity/Q103949008,
http://www.wikidata.org/entity/Q103949012,
http://www.wikidata.org/entity/Q103949016,
http://www.wikidata.org/entity/Q103949017,
http://www.wikidata.org/entity/Q103949027,
http://www.wikidata.org/entity/Q103949024,
http://www.wikidata.org/entity/Q103949093,
http://www.wikidata.org/entity/Q103949098,
http://www.wikidata.org/entity/Q103949103,social media
http://www.wikidata.org/entity/Q103949113,
http://www.wikidata.org/entity/Q103949118,
http://www.wikidata.org/entity/Q103949123,
http://www.wikidata.org/entity/Q103949130,Europa; biblioteca
http://www.wikidata.org/entity/Q103949137,
http://www.wikidata.org/entity/Q103949143,
http://www.wikidata.org/entity/Q103949146,
http://www.wikidata.org/entity/Q103949150,
http://www.wikidata.org/entity/Q103949156,
http://www.wikidata.org/entity/Q103949167,
http://www.wikidata.org/entity/Q103949170,
http://www.wikidata.org/entity/Q103949176,blog
http://www.wikidata.org/entity/Q103949183,
http://www.wikidata.org/entity/Q103949187,
http://www.wikidata.org/entity/Q103949190,
http://www.wikidata.org/entity/Q103949193,elaborazione del linguaggio naturale; biblioteca universitaria
http://www.wikidata.org/entity/Q103949200,
http://www.wikidata.org/entity/Q103949206,
http://www.wikidata.org/entity/Q103949219,
http://www.wikidata.org/entity/Q103949227,
http://www.wikidata.org/entity/Q103949230,
http://www.wikidata.org/entity/Q103949234,
http://www.wikidata.org/entity/Q103949237,
http://www.wikidata.org/entity/Q103949242,
http://www.wikidata.org/entity/Q103949248,
http://www.wikidata.org/entity/Q103949253,
http://www.wikidata.org/entity/Q103949258,
http://www.wikidata.org/entity/Q103949266,
http://www.wikidata.org/entity/Q103949269,
http://www.wikidata.org/entity/Q103949274,Università di Oxford
http://www.wikidata.org/entity/Q103949282,
http://www.wikidata.org/entity/Q103949284,
http://www.wikidata.org/entity/Q103949290,
http://www.wikidata.org/entity/Q103949342,
http://www.wikidata.org/entity/Q103949351,
http://www.wikidata.org/entity/Q103949355,
http://www.wikidata.org/entity/Q103949362,
http://www.wikidata.org/entity/Q103949360,
http://www.wikidata.org/entity/Q103949365,
http://www.wikidata.org/entity/Q103949369,
http://www.wikidata.org/entity/Q103949373,
http://www.wikidata.org/entity/Q103949377,
http://www.wikidata.org/entity/Q103949382,
http://www.wikidata.org/entity/Q103949385,
http://www.wikidata.org/entity/Q103949391,
http://www.wikidata.org/entity/Q103949397,Austria
http://www.wikidata.org/entity/Q103949402,pubblicazione predatoria
http://www.wikidata.org/entity/Q103949406,
http://www.wikidata.org/entity/Q103949408,teoria; lettura
http://www.wikidata.org/entity/Q103949414,biblioteca; servizio di reference
http://www.wikidata.org/entity/Q103949412,
http://www.wikidata.org/entity/Q103949419,
http://www.wikidata.org/entity/Q103949425,
http://www.wikidata.org/entity/Q103949431,
http://www.wikidata.org/entity/Q103949428,
http://www.wikidata.org/entity/Q103949437,
http://www.wikidata.org/entity/Q103949443,biblioteca; servizio di reference; valutazione
http://www.wikidata.org/entity/Q103949445,
http://www.wikidata.org/entity/Q103949450,
http://www.wikidata.org/entity/Q103949454,
http://www.wikidata.org/entity/Q103949460,
http://www.wikidata.org/entity/Q103949465,
http://www.wikidata.org/entity/Q103949468,
http://www.wikidata.org/entity/Q103949472,Europa; biblioteca
http://www.wikidata.org/entity/Q103949476,
http://www.wikidata.org/entity/Q103949482,
http://www.wikidata.org/entity/Q104057116,associazione; bibliotecario
http://www.wikidata.org/entity/Q104057358,
http://www.wikidata.org/entity/Q104150702,biblioteca pubblica; legislazione
http://www.wikidata.org/entity/Q104150703,
http://www.wikidata.org/entity/Q104150704,biblioteca; legislazione; copyright
http://www.wikidata.org/entity/Q104213403,
http://www.wikidata.org/entity/Q104213404,
http://www.wikidata.org/entity/Q104250752,
http://www.wikidata.org/entity/Q104250758,
http://www.wikidata.org/entity/Q104250756,
http://www.wikidata.org/entity/Q104250763,
http://www.wikidata.org/entity/Q104250761,
http://www.wikidata.org/entity/Q104250766,
http://www.wikidata.org/entity/Q104250768,
http://www.wikidata.org/entity/Q104250769,
http://www.wikidata.org/entity/Q104250775,
http://www.wikidata.org/entity/Q104250772,
http://www.wikidata.org/entity/Q104250773,associazione; bibliotecario
http://www.wikidata.org/entity/Q104250778,
http://www.wikidata.org/entity/Q104250781,
http://www.wikidata.org/entity/Q104250786,
http://www.wikidata.org/entity/Q104250784,
http://www.wikidata.org/entity/Q104250790,
http://www.wikidata.org/entity/Q104250788,lettera; biblioteconomia; filigrana di carta; Giulia Visintin
http://www.wikidata.org/entity/Q104250795,
http://www.wikidata.org/entity/Q104250793,
http://www.wikidata.org/entity/Q104250798,
http://www.wikidata.org/entity/Q104381859,
http://www.wikidata.org/entity/Q104381886,
http://www.wikidata.org/entity/Q104381887,
http://www.wikidata.org/entity/Q104381885,
http://www.wikidata.org/entity/Q104381890,
http://www.wikidata.org/entity/Q104381891,
http://www.wikidata.org/entity/Q104381888,
http://www.wikidata.org/entity/Q104381889,
http://www.wikidata.org/entity/Q104381894,
http://www.wikidata.org/entity/Q104381895,
http://www.wikidata.org/entity/Q104381892,
http://www.wikidata.org/entity/Q104381893,
http://www.wikidata.org/entity/Q104381898,
http://www.wikidata.org/entity/Q104381899,
http://www.wikidata.org/entity/Q104381896,
http://www.wikidata.org/entity/Q104381897,
http://www.wikidata.org/entity/Q104381902,
http://www.wikidata.org/entity/Q104381903,
http://www.wikidata.org/entity/Q104381900,
http://www.wikidata.org/entity/Q104381901,
http://www.wikidata.org/entity/Q104381904,
http://www.wikidata.org/entity/Q104381905,
http://www.wikidata.org/entity/Q104382458,
http://www.wikidata.org/entity/Q104382459,
http://www.wikidata.org/entity/Q104382457,
http://www.wikidata.org/entity/Q104382462,
http://www.wikidata.org/entity/Q104382463,
http://www.wikidata.org/entity/Q104382460,Wikipedia; Ricerche scientifiche su Wikipedia
http://www.wikidata.org/entity/Q104382466,
http://www.wikidata.org/entity/Q104382467,
http://www.wikidata.org/entity/Q104382464,
http://www.wikidata.org/entity/Q104382465,
http://www.wikidata.org/entity/Q104382470,
http://www.wikidata.org/entity/Q104382471,
http://www.wikidata.org/entity/Q104382468,
http://www.wikidata.org/entity/Q104382469,
http://www.wikidata.org/entity/Q104382475,
http://www.wikidata.org/entity/Q104382472,
http://www.wikidata.org/entity/Q104382473,
http://www.wikidata.org/entity/Q104455507,
http://www.wikidata.org/entity/Q104786698,
http://www.wikidata.org/entity/Q104786699,Biblioteca di Alessandria; Serapeo di Alessandria; storia della biblioteca
http://www.wikidata.org/entity/Q104786702,storia del libro; storia dell'editoria; Iside; geroglifico egizio; iconologia
http://www.wikidata.org/entity/Q104786700,paleografia; Illuminata Bembo
http://www.wikidata.org/entity/Q104786701,Ordine dei frati minori cappuccini; storia della biblioteca
http://www.wikidata.org/entity/Q104786706,biblioteconomia; catalogazione; Biblioteca civica Vincenzo Joppi
http://www.wikidata.org/entity/Q104786707,Biblioteca Civica Gambalunga; Giacomo Allegretti; Giuseppe Malatesta Garuffi
http://www.wikidata.org/entity/Q104786704,censura; Quietismo; storia dell'editoria
http://www.wikidata.org/entity/Q104786705,bibliografia; Giornale de' letterati d'Italia
http://www.wikidata.org/entity/Q104786709,bibliofilia; collezionista di libri
http://www.wikidata.org/entity/Q105491102,
http://www.wikidata.org/entity/Q105491103,digital humanities
http://www.wikidata.org/entity/Q105491101,
http://www.wikidata.org/entity/Q105491106,
http://www.wikidata.org/entity/Q105491107,
http://www.wikidata.org/entity/Q105491104,deposito legale; autoedizione
http://www.wikidata.org/entity/Q105491105,
http://www.wikidata.org/entity/Q105491110,
http://www.wikidata.org/entity/Q105491108,
http://www.wikidata.org/entity/Q105491109,
http://www.wikidata.org/entity/Q105491114,storia della letteratura italiana; antologia
http://www.wikidata.org/entity/Q105491112,conoscenza; informazione
http://www.wikidata.org/entity/Q105491113,progetto Erasmus; scienza dell'informazione e delle biblioteche
http://www.wikidata.org/entity/Q106696225,
http://www.wikidata.org/entity/Q107394986,cultura; Intelligenza
http://www.wikidata.org/entity/Q107394987,codice; iconografia
http://www.wikidata.org/entity/Q107394990,Biblioteca Nazionale Austriaca; orientalistica; Sebastian Tengnagel
http://www.wikidata.org/entity/Q107394991,incunabolo; storia della biblioteca; Material Evidence in Incunabula; collezionismo di libri
http://www.wikidata.org/entity/Q107394988,miniatura; incunabolo
http://www.wikidata.org/entity/Q107394989,storia della biblioteca; Roberto Bellarmino; Pontificia Università Gregoriana
http://www.wikidata.org/entity/Q107394994,filosofia della storia; Giorgio Emanuele Ferrari
http://www.wikidata.org/entity/Q107394995,censura; Radclyffe Hall; Letteratura lesbica
http://www.wikidata.org/entity/Q107394992,Firenze; libraio; Francesco Lumachi; editore
http://www.wikidata.org/entity/Q107394999,biblioteca digitale; open access; digitalizzazione
http://www.wikidata.org/entity/Q107394996,fondo speciale
http://www.wikidata.org/entity/Q107394997,cultura; informazione
http://www.wikidata.org/entity/Q107395002,bibliografia; Servizio Bibliotecario Nazionale
http://www.wikidata.org/entity/Q107395003,bibliofilia; collezionista di libri
http://www.wikidata.org/entity/Q107395000,metadato; catalogazione
http://www.wikidata.org/entity/Q107395001,Grand Tour
http://www.wikidata.org/entity/Q107620404,femminismo; Emma Tettoni
http://www.wikidata.org/entity/Q107699770,reti documentarie toscane; pandemia di COVID-19
http://www.wikidata.org/entity/Q109593333,
http://www.wikidata.org/entity/Q109593344,
http://www.wikidata.org/entity/Q109622637,storia delle donne; studi di genere; storia del libro
http://www.wikidata.org/entity/Q109659838,
http://www.wikidata.org/entity/Q109659843,
http://www.wikidata.org/entity/Q109854295,
http://www.wikidata.org/entity/Q109854298,
http://www.wikidata.org/entity/Q109854299,
http://www.wikidata.org/entity/Q109854296,
http://www.wikidata.org/entity/Q109854297,
http://www.wikidata.org/entity/Q109854302,
http://www.wikidata.org/entity/Q109854303,
http://www.wikidata.org/entity/Q109854301,
http://www.wikidata.org/entity/Q109854306,
http://www.wikidata.org/entity/Q109854307,
http://www.wikidata.org/entity/Q109854304,
http://www.wikidata.org/entity/Q109854311,
http://www.wikidata.org/entity/Q109854309,
http://www.wikidata.org/entity/Q109854314,
http://www.wikidata.org/entity/Q109854315,
http://www.wikidata.org/entity/Q109854312,
http://www.wikidata.org/entity/Q109854313,
http://www.wikidata.org/entity/Q109854319,
http://www.wikidata.org/entity/Q109854316,
http://www.wikidata.org/entity/Q109854322,
http://www.wikidata.org/entity/Q109854323,
http://www.wikidata.org/entity/Q109854326,
http://www.wikidata.org/entity/Q109854327,
http://www.wikidata.org/entity/Q109854324,
http://www.wikidata.org/entity/Q109854325,
http://www.wikidata.org/entity/Q109854331,
http://www.wikidata.org/entity/Q109854328,
http://www.wikidata.org/entity/Q109854329,
http://www.wikidata.org/entity/Q109854334,
http://www.wikidata.org/entity/Q109854335,
http://www.wikidata.org/entity/Q109854332,
http://www.wikidata.org/entity/Q109854333,
http://www.wikidata.org/entity/Q109854338,
http://www.wikidata.org/entity/Q109854336,
http://www.wikidata.org/entity/Q109854337,
http://www.wikidata.org/entity/Q109854343,
http://www.wikidata.org/entity/Q109854341,
http://www.wikidata.org/entity/Q109854347,
http://www.wikidata.org/entity/Q109854344,
http://www.wikidata.org/entity/Q109854345,
http://www.wikidata.org/entity/Q109854351,
http://www.wikidata.org/entity/Q109854348,
http://www.wikidata.org/entity/Q109854349,
http://www.wikidata.org/entity/Q109854354,
http://www.wikidata.org/entity/Q109854355,
http://www.wikidata.org/entity/Q109854352,
http://www.wikidata.org/entity/Q109854353,
http://www.wikidata.org/entity/Q109854358,
http://www.wikidata.org/entity/Q109854359,
http://www.wikidata.org/entity/Q109854360,
http://www.wikidata.org/entity/Q109854430,
http://www.wikidata.org/entity/Q109854431,
http://www.wikidata.org/entity/Q109854434,
http://www.wikidata.org/entity/Q109854435,
http://www.wikidata.org/entity/Q109854432,
http://www.wikidata.org/entity/Q109854439,
http://www.wikidata.org/entity/Q109854436,
http://www.wikidata.org/entity/Q109854437,
http://www.wikidata.org/entity/Q109854442,
http://www.wikidata.org/entity/Q109854440,
http://www.wikidata.org/entity/Q109854446,
http://www.wikidata.org/entity/Q109854447,
http://www.wikidata.org/entity/Q109854444,
http://www.wikidata.org/entity/Q109854445,
http://www.wikidata.org/entity/Q109854450,
http://www.wikidata.org/entity/Q109854448,
http://www.wikidata.org/entity/Q109854449,
http://www.wikidata.org/entity/Q109854454,
http://www.wikidata.org/entity/Q109854452,
http://www.wikidata.org/entity/Q109854458,
http://www.wikidata.org/entity/Q109854459,
http://www.wikidata.org/entity/Q109854456,
http://www.wikidata.org/entity/Q109854457,
http://www.wikidata.org/entity/Q109854462,
http://www.wikidata.org/entity/Q109854461,
http://www.wikidata.org/entity/Q109854464,
http://www.wikidata.org/entity/Q109854465,
http://www.wikidata.org/entity/Q109854470,
http://www.wikidata.org/entity/Q109854471,
http://www.wikidata.org/entity/Q109854468,
http://www.wikidata.org/entity/Q109854469,
http://www.wikidata.org/entity/Q109854474,
http://www.wikidata.org/entity/Q109854472,
http://www.wikidata.org/entity/Q109854473,
http://www.wikidata.org/entity/Q109854476,
http://www.wikidata.org/entity/Q109854477,
http://www.wikidata.org/entity/Q109854483,
http://www.wikidata.org/entity/Q109854480,
http://www.wikidata.org/entity/Q109854481,
http://www.wikidata.org/entity/Q109854487,
http://www.wikidata.org/entity/Q109854484,
http://www.wikidata.org/entity/Q109854485,
http://www.wikidata.org/entity/Q109854491,
http://www.wikidata.org/entity/Q109854488,
http://www.wikidata.org/entity/Q109854489,
http://www.wikidata.org/entity/Q109854494,
http://www.wikidata.org/entity/Q109854495,
http://www.wikidata.org/entity/Q109854499,
http://www.wikidata.org/entity/Q109854497,
http://www.wikidata.org/entity/Q109854500,
http://www.wikidata.org/entity/Q109854566,
http://www.wikidata.org/entity/Q109854567,
http://www.wikidata.org/entity/Q109854565,
http://www.wikidata.org/entity/Q109854570,
http://www.wikidata.org/entity/Q109854571,
http://www.wikidata.org/entity/Q109854568,
http://www.wikidata.org/entity/Q109854574,
http://www.wikidata.org/entity/Q109854575,
http://www.wikidata.org/entity/Q109854573,
http://www.wikidata.org/entity/Q109854578,
http://www.wikidata.org/entity/Q109854579,
http://www.wikidata.org/entity/Q109854582,
http://www.wikidata.org/entity/Q109854583,
http://www.wikidata.org/entity/Q109854580,
http://www.wikidata.org/entity/Q109854586,
http://www.wikidata.org/entity/Q109854587,
http://www.wikidata.org/entity/Q109854584,
http://www.wikidata.org/entity/Q109854590,
http://www.wikidata.org/entity/Q109854588,
http://www.wikidata.org/entity/Q109854594,
http://www.wikidata.org/entity/Q109854592,
http://www.wikidata.org/entity/Q109854593,
http://www.wikidata.org/entity/Q109854598,
http://www.wikidata.org/entity/Q109854596,
http://www.wikidata.org/entity/Q109854597,
http://www.wikidata.org/entity/Q109854603,
http://www.wikidata.org/entity/Q109854600,
http://www.wikidata.org/entity/Q109854601,
http://www.wikidata.org/entity/Q109854607,
http://www.wikidata.org/entity/Q109854604,
http://www.wikidata.org/entity/Q109854605,
http://www.wikidata.org/entity/Q109854611,
http://www.wikidata.org/entity/Q109854608,
http://www.wikidata.org/entity/Q109854609,
http://www.wikidata.org/entity/Q109854612,
http://www.wikidata.org/entity/Q109854613,
http://www.wikidata.org/entity/Q109854618,
http://www.wikidata.org/entity/Q109854619,
http://www.wikidata.org/entity/Q109854616,
http://www.wikidata.org/entity/Q109854623,
http://www.wikidata.org/entity/Q109854620,
http://www.wikidata.org/entity/Q109854621,
http://www.wikidata.org/entity/Q109854627,
http://www.wikidata.org/entity/Q109854624,
http://www.wikidata.org/entity/Q109854625,
http://www.wikidata.org/entity/Q109854630,
http://www.wikidata.org/entity/Q109854629,
http://www.wikidata.org/entity/Q109854634,
http://www.wikidata.org/entity/Q109854632,
http://www.wikidata.org/entity/Q109854633,
http://www.wikidata.org/entity/Q109854699,
http://www.wikidata.org/entity/Q109854702,
http://www.wikidata.org/entity/Q109854700,
http://www.wikidata.org/entity/Q109854701,
http://www.wikidata.org/entity/Q109854706,
http://www.wikidata.org/entity/Q109854707,
http://www.wikidata.org/entity/Q109854704,
http://www.wikidata.org/entity/Q109854705,
http://www.wikidata.org/entity/Q109854708,
http://www.wikidata.org/entity/Q109854714,
http://www.wikidata.org/entity/Q109854712,
http://www.wikidata.org/entity/Q109854713,
http://www.wikidata.org/entity/Q109854718,
http://www.wikidata.org/entity/Q109854719,
http://www.wikidata.org/entity/Q109854716,
http://www.wikidata.org/entity/Q109854717,
http://www.wikidata.org/entity/Q109854721,
http://www.wikidata.org/entity/Q109947957,
http://www.wikidata.org/entity/Q110067791,
http://www.wikidata.org/entity/Q110386754,bibliografia
http://www.wikidata.org/entity/Q110386758,società dell'informazione; bibliografia; rivoluzione digitale; bibliografia nazionale
http://www.wikidata.org/entity/Q110386756,bibliografia; biblioteconomia; insegnamento
http://www.wikidata.org/entity/Q110386763,metadato; bibliografia; biblioteconomia; storia della bibliografia
http://www.wikidata.org/entity/Q110386761,bibliografia; storia del Brasile; bibliografia nazionale
http://www.wikidata.org/entity/Q110386765,donna; femminismo; socialismo; bibliografia; femminismo socialista
http://www.wikidata.org/entity/Q110386770,biblioteca nazionale; bibliotecario; insegnamento
http://www.wikidata.org/entity/Q110386771,libro; bibliografia; Grafismo indígena
http://www.wikidata.org/entity/Q110386768,bibliografia; Christine de Pizan; La Città delle Dame
http://www.wikidata.org/entity/Q110386774,Bibliotheca universalis; bibliografia; Biblioteca Nacional do Brasil
http://www.wikidata.org/entity/Q110386773,bibliografia; storia del libro; storia della bibliografia
http://www.wikidata.org/entity/Q110386778,bibliografia; storia del libro
http://www.wikidata.org/entity/Q110386776,Conrad Gessner; mnemotecnica; Filippo Gesualdo
http://www.wikidata.org/entity/Q110386782,scienza dell'informazione; bibliografia; dissenso
http://www.wikidata.org/entity/Q110386780,bibliografia; rivista scientifica
http://www.wikidata.org/entity/Q110386786,
http://www.wikidata.org/entity/Q110386784,libro; Sistema carcerario in Brasile
http://www.wikidata.org/entity/Q111088376,apprendistato
http://www.wikidata.org/entity/Q111163090,diritti dei lavoratori; gig economy
http://www.wikidata.org/entity/Q111191307,Domanda di lavoro; offerta di lavoro; competenza
http://www.wikidata.org/entity/Q111232946,econometria; Regione
http://www.wikidata.org/entity/Q111235775,Regione; Industria 4.0; innovazione tecnologica
http://www.wikidata.org/entity/Q111244430,telelavoro; contrattazione collettiva; disuguaglianza sociale; lavoro agile
http://www.wikidata.org/entity/Q111248680,crisi economica; ammortizzatori sociali; riduzione della povertà
http://www.wikidata.org/entity/Q111248972,econometria; salario; laurea magistrale
http://www.wikidata.org/entity/Q111281871,salario; telelavoro; mansioni
http://www.wikidata.org/entity/Q111282815,invecchiamento attivo; Industria 4.0
http://www.wikidata.org/entity/Q111283250,matematica; genere; disparità; competenza
http://www.wikidata.org/entity/Q111283475,lavoro; cassa integrazione; lavoro a tempo parziale; emergenza
http://www.wikidata.org/entity/Q111284671,lavoro; crisi economica
http://www.wikidata.org/entity/Q111317641,sistema complesso; cultura digitale; innovazione tecnologica
http://www.wikidata.org/entity/Q111333696,automazione; disuguaglianza economica; innovazione tecnologica
http://www.wikidata.org/entity/Q111333860,innovazione; Industria 4.0; attività commerciale
http://www.wikidata.org/entity/Q111339952,mobilità sociale
http://www.wikidata.org/entity/Q111340032,scuola; docente; emergenza
http://www.wikidata.org/entity/Q111342753,lavoro; recessione; giovane adulto
http://www.wikidata.org/entity/Q111395751,
http://www.wikidata.org/entity/Q111395752,
http://www.wikidata.org/entity/Q111395753,information literacy; accountability
http://www.wikidata.org/entity/Q111395758,libreria
http://www.wikidata.org/entity/Q111395759,
http://www.wikidata.org/entity/Q111395756,Giuseppe Chiostergi; archivio di persona
http://www.wikidata.org/entity/Q111395757,Lettura sociale
http://www.wikidata.org/entity/Q111395762,scuola dell'infanzia; biblioteca scolastica; promozione della lettura
http://www.wikidata.org/entity/Q111395763,statistica
http://www.wikidata.org/entity/Q111395760,Biblioteca nazionale di Francia; brigantaggio
http://www.wikidata.org/entity/Q111395761,patrimonio culturale; open access; digitalizzazione
http://www.wikidata.org/entity/Q111395764,Cinque leggi della biblioteconomia; organizzazione del sapere; biblioteca personale
http://www.wikidata.org/entity/Q111395765,
http://www.wikidata.org/entity/Q111431563,fake news; comportamento informativo; pandemia di COVID-19
http://www.wikidata.org/entity/Q111431566,Giulio Einaudi; storia dell'editoria
http://www.wikidata.org/entity/Q111431567,
http://www.wikidata.org/entity/Q111431564,multiculturalismo
http://www.wikidata.org/entity/Q111431565,analisi comparativa
http://www.wikidata.org/entity/Q111431570,sostenibilità
http://www.wikidata.org/entity/Q111431571,biblioteca accademica
http://www.wikidata.org/entity/Q111431568,
http://www.wikidata.org/entity/Q111431569,deposito legale; Bibliografia nazionale italiana; materiale cartografico
http://www.wikidata.org/entity/Q111431574,regole di catalogazione; International Standard Bibliographic Description
http://www.wikidata.org/entity/Q111431573,incunabolo; finanziamento collettivo
http://www.wikidata.org/entity/Q111431578,patrimonio culturale
http://www.wikidata.org/entity/Q111431576,
http://www.wikidata.org/entity/Q111431577,Francia; biblioteca pubblica
http://www.wikidata.org/entity/Q111522931,
http://www.wikidata.org/entity/Q111576588,mercato del lavoro; innovazione tecnologica; gig economy
http://www.wikidata.org/entity/Q111577180,mercato del lavoro; Industria 4.0; tecnologie digitali
http://www.wikidata.org/entity/Q111577447,scuola; educazione; valutazione
http://www.wikidata.org/entity/Q111577696,istruzione in Italia; Istruzione e formazione tecnica superiore
http://www.wikidata.org/entity/Q111578756,Nerillidae
http://www.wikidata.org/entity/Q111578802,Myriapoda; Diplopoda
http://www.wikidata.org/entity/Q111578810,Lepidotteri; Maniola jurtina
http://www.wikidata.org/entity/Q111578825,Glossoscolecidae
http://www.wikidata.org/entity/Q111578864,
http://www.wikidata.org/entity/Q111578928,Annelida; Hyalinoecia tubicola
http://www.wikidata.org/entity/Q111579071,Reptilia; Lacertidae
http://www.wikidata.org/entity/Q111579162,Hymenoptera; Polistes gallicus; Vespidae
http://www.wikidata.org/entity/Q111579187,Annelida
http://www.wikidata.org/entity/Q111579339,Crostacei; Amphipoda; Talitrus saltator; Talitridae
http://www.wikidata.org/entity/Q111582491,
http://www.wikidata.org/entity/Q111582712,
http://www.wikidata.org/entity/Q111595862,economia collaborativa; condizioni di lavoro; gig economy
http://www.wikidata.org/entity/Q111596675,educazione; studente; qualità
http://www.wikidata.org/entity/Q111601394,Coleoptera
http://www.wikidata.org/entity/Q111601392,Coleoptera; Malachiidae; Dasytidae
http://www.wikidata.org/entity/Q111601398,Neuroptera
http://www.wikidata.org/entity/Q111601399,Coleoptera; Chrysomelidae
http://www.wikidata.org/entity/Q111601396,Coleoptera; Hydraenidae
http://www.wikidata.org/entity/Q111601397,Coleoptera; Hydrophilidae; Spercheidae; Hydrochidae; Georissidae; Helophoridae; Sphaeriusidae
http://www.wikidata.org/entity/Q111601402,Neuroptera; Osmylidae; Osmylus fulvicephalus
http://www.wikidata.org/entity/Q111601401,
http://www.wikidata.org/entity/Q111601404,Neuroptera; Raphidioptera
http://www.wikidata.org/entity/Q111601410,Lepidotteri
http://www.wikidata.org/entity/Q111601411,Orthoptera; Euthystira brachyptera
http://www.wikidata.org/entity/Q111601414,Coleoptera; Hydroscaphidae; Hydraenidae; Dytiscidae; Limnichidae; Hydrophilidae; Gyrinidae; Erirhinidae; Helophoridae
http://www.wikidata.org/entity/Q111601413,Hemiptera; Heteroptera; Miridae; Pinalitus conspurcatus
http://www.wikidata.org/entity/Q111601423,Orthoptera; Tettigoniidae; Saga pedo
http://www.wikidata.org/entity/Q111602339,
http://www.wikidata.org/entity/Q111602343,Coleoptera
http://www.wikidata.org/entity/Q111602340,Odonata; Cordulegaster boltonii; Cordulegastridae
http://www.wikidata.org/entity/Q111602345,Coleoptera; Histeridae
http://www.wikidata.org/entity/Q111602350,Coleoptera; Brachyceridae
http://www.wikidata.org/entity/Q111602351,Lepidotteri
http://www.wikidata.org/entity/Q111602354,Coleoptera; Hydrochidae
http://www.wikidata.org/entity/Q111602353,Odonata
http://www.wikidata.org/entity/Q111602358,Odonata; Lepidotteri; Calopterygidae; Pararge aegeria; Calopteryx haemorrhoidalis
http://www.wikidata.org/entity/Q111602359,
http://www.wikidata.org/entity/Q111602356,Coleoptera; Georissidae
http://www.wikidata.org/entity/Q111602357,Lepidotteri
http://www.wikidata.org/entity/Q111602362,Coleoptera; Staphylinidae
http://www.wikidata.org/entity/Q111602363,Coleoptera; Staphylinidae
http://www.wikidata.org/entity/Q111602360,
http://www.wikidata.org/entity/Q111602361,Odonata
http://www.wikidata.org/entity/Q111602366,Lepidotteri
http://www.wikidata.org/entity/Q111602367,Lepidotteri; Geometridae
http://www.wikidata.org/entity/Q111602364,Coleoptera; Heteroceridae
http://www.wikidata.org/entity/Q111602365,Coleoptera; Chrysomelidae
http://www.wikidata.org/entity/Q111602370,Odonata
http://www.wikidata.org/entity/Q111602371,Thailandia; Coleoptera; Staphylinidae
http://www.wikidata.org/entity/Q111602368,
http://www.wikidata.org/entity/Q111602369,
http://www.wikidata.org/entity/Q111602374,Coleoptera; Heteroceridae; Balcanica
http://www.wikidata.org/entity/Q111602375,Coleoptera; Anobiidae; Ernobius gigas
http://www.wikidata.org/entity/Q111602372,Coleoptera; Staphylinidae; Bledius furcatus
http://www.wikidata.org/entity/Q111602373,Coleoptera; Dytiscidae; Haliplidae; Gyrinidae
http://www.wikidata.org/entity/Q111602378,Odonata
http://www.wikidata.org/entity/Q111602379,Odonata; Aeshnidae
http://www.wikidata.org/entity/Q111602376,Ditteri; Phoridae
http://www.wikidata.org/entity/Q111602377,Sierra Leone; Odonata
http://www.wikidata.org/entity/Q111602382,Coleoptera; Staphylinidae
http://www.wikidata.org/entity/Q111602380,Coleoptera; Dytiscidae
http://www.wikidata.org/entity/Q111602381,Coleoptera; Staphylinidae
http://www.wikidata.org/entity/Q111602386,Odonata
http://www.wikidata.org/entity/Q111602387,Odonata
http://www.wikidata.org/entity/Q111602384,Coleoptera; Cetoniini
http://www.wikidata.org/entity/Q111602385,Neuroptera; Hemerobiidae
http://www.wikidata.org/entity/Q111602391,Coleoptera; Staphylinidae
http://www.wikidata.org/entity/Q111602388,Odonata
http://www.wikidata.org/entity/Q111602389,Odonata
http://www.wikidata.org/entity/Q111602394,Coleoptera; Chrysomelidae
http://www.wikidata.org/entity/Q111602395,
http://www.wikidata.org/entity/Q111602392,Coleoptera; Georissidae
http://www.wikidata.org/entity/Q111602393,Coleoptera; Heteroceridae
http://www.wikidata.org/entity/Q111602398,Hemiptera; Heteroptera; Nepomorpha
http://www.wikidata.org/entity/Q111602399,Odonata
http://www.wikidata.org/entity/Q111602396,Coleoptera; Hydraenidae; Curculionidae
http://www.wikidata.org/entity/Q111602397,Odonata; Coenagrionidae; Libellulidae; Lestidae; Aeshnidae
http://www.wikidata.org/entity/Q111602402,Coleoptera; Scirtidae; Elmidae; Dytiscidae; Hydraenidae
http://www.wikidata.org/entity/Q111602403,Coleoptera; Staphylinidae; Species nova; Achenium propontiacum
http://www.wikidata.org/entity/Q111602400,Kenya; Odonata
http://www.wikidata.org/entity/Q111602401,Coleoptera; Carabidae
http://www.wikidata.org/entity/Q111602406,Odonata
http://www.wikidata.org/entity/Q111602407,Hemiptera; Heteroptera; Lygaeidae; Graptostethus servus
http://www.wikidata.org/entity/Q111602404,Coleoptera; Staphylinidae
http://www.wikidata.org/entity/Q111602405,Coleoptera; Heteroceridae
http://www.wikidata.org/entity/Q111602410,Coleoptera
http://www.wikidata.org/entity/Q111602411,Lepidotteri
http://www.wikidata.org/entity/Q111602408,Coleoptera; Heteroceridae; Species nova
http://www.wikidata.org/entity/Q111602409,Coleoptera; Heteroceridae; Heterocerus fenestratus
http://www.wikidata.org/entity/Q111602414,
http://www.wikidata.org/entity/Q111602418,Hemiptera; Heteroptera; Aradidae
http://www.wikidata.org/entity/Q111602419,Coleoptera; Elmidae; Dytiscidae; Hydraenidae; Hydrophilidae; Helophoridae
http://www.wikidata.org/entity/Q111602417,Mantodea; Mantidae
http://www.wikidata.org/entity/Q111602423,Coleoptera; Cleridae
http://www.wikidata.org/entity/Q111602421,Coleoptera
http://www.wikidata.org/entity/Q111602426,Coleoptera; Cerambycidae
http://www.wikidata.org/entity/Q111602427,Neuroptera; Chrysopidae
http://www.wikidata.org/entity/Q111602424,Coleoptera; Cerambycidae; Vesperidae
http://www.wikidata.org/entity/Q111602425,Coleoptera; Cerambycidae
http://www.wikidata.org/entity/Q111602430,Hymenoptera; Sphecidae
http://www.wikidata.org/entity/Q111602431,Hymenoptera; Tiphiidae
http://www.wikidata.org/entity/Q111602428,Panorpidae
http://www.wikidata.org/entity/Q111602429,Lepidotteri
http://www.wikidata.org/entity/Q111602434,Hemiptera; Heteroptera; Reduviidae
http://www.wikidata.org/entity/Q111602435,Coleoptera; Dryopidae; Dytiscidae; Hydraenidae; Heteroceridae; Hydrophilidae; Gyrinidae; Helophoridae
http://www.wikidata.org/entity/Q111602439,Coleoptera; Lucanidae
http://www.wikidata.org/entity/Q111602436,
http://www.wikidata.org/entity/Q111602442,Coleoptera; Tenebrionidae
http://www.wikidata.org/entity/Q111602443,Coleoptera; Cerambycidae; Vesperidae
http://www.wikidata.org/entity/Q111602441,Coleoptera; Lycidae
http://www.wikidata.org/entity/Q111602446,Hymenoptera; Bethylidae
http://www.wikidata.org/entity/Q111602445,Ditteri; Phoridae
http://www.wikidata.org/entity/Q111602450,Gryllidae; Orthoptera
http://www.wikidata.org/entity/Q111602451,Coleoptera
http://www.wikidata.org/entity/Q111602448,Odonata; Corduliidae
http://www.wikidata.org/entity/Q111602449,Gryllidae; Orthoptera; Nemobius sylvestris
http://www.wikidata.org/entity/Q111602454,Neuroptera
http://www.wikidata.org/entity/Q111602455,Lepidotteri; Hesperiidae; Heteropterus morpheus
http://www.wikidata.org/entity/Q111602452,Coleoptera; Buprestidae
http://www.wikidata.org/entity/Q111602453,Neuroptera; Chrysopidae
http://www.wikidata.org/entity/Q111602458,Hymenoptera; Mutillidae; Stenomutilla argentata
http://www.wikidata.org/entity/Q111602456,Hymenoptera; Chrysididae
http://www.wikidata.org/entity/Q111602457,Hymenoptera; Sapygidae
http://www.wikidata.org/entity/Q111602462,Orthoptera; Tettigoniidae
http://www.wikidata.org/entity/Q111602460,Scorpiones; Scorpionidae
http://www.wikidata.org/entity/Q111602461,Odonata; Cordulegaster boltonii; Cordulegastridae
http://www.wikidata.org/entity/Q111602466,Coleoptera; Lucanidae; Dorcus parallelipipedus
http://www.wikidata.org/entity/Q111602464,Kenya; Coleoptera; Staphylinidae
http://www.wikidata.org/entity/Q111602465,Tanzania; Coleoptera; Staphylinidae
http://www.wikidata.org/entity/Q111602470,Coleoptera; Tenebrionidae
http://www.wikidata.org/entity/Q111602471,Coleoptera; Curculionidae
http://www.wikidata.org/entity/Q111602468,Coleoptera; Psephenidae; Elmidae; Dryopidae; Limnichidae
http://www.wikidata.org/entity/Q111602474,Ditteri; Phoridae
http://www.wikidata.org/entity/Q111602475,Lepidotteri; Hesperiidae
http://www.wikidata.org/entity/Q111602472,Neuroptera; Chrysopidae
http://www.wikidata.org/entity/Q111602473,Ditteri; Phoridae
http://www.wikidata.org/entity/Q111602477,
http://www.wikidata.org/entity/Q111658930,città intelligente; videosorveglianza
http://www.wikidata.org/entity/Q111673977,sicurezza urbana e dell'ambiente; ente locale
http://www.wikidata.org/entity/Q111732055,Severino Boezio; musica medievale; Guido d'Arezzo; Solmisazione; Scolica enchiriadis; Prosdocimo de Beldemandis; Bartolomé Ramos de Pareja; Dialogus de musica
http://www.wikidata.org/entity/Q111732248,
http://www.wikidata.org/entity/Q111732265,Italia; organo a canne; Oscar Mischiati
http://www.wikidata.org/entity/Q111747586,
http://www.wikidata.org/entity/Q111747613,
http://www.wikidata.org/entity/Q111747697,
http://www.wikidata.org/entity/Q111747741,
http://www.wikidata.org/entity/Q111758777,
http://www.wikidata.org/entity/Q111758893,
http://www.wikidata.org/entity/Q111782051,
http://www.wikidata.org/entity/Q111782067,
http://www.wikidata.org/entity/Q111963092,disabilità; emergenza sanitaria pubblica di portata internazionale; didattica a distanza
http://www.wikidata.org/entity/Q111963613,specialità; istruzione terziaria
http://www.wikidata.org/entity/Q111967326,revisione paritaria; editoria accademica; revisione paritaria accademica
http://www.wikidata.org/entity/Q111967327,storia della biblioteca; Giovanni Solimine; scienza dell'informazione e delle biblioteche
http://www.wikidata.org/entity/Q111967324,biblioteconomia; cambiamento di paradigma
http://www.wikidata.org/entity/Q111967325,bibliografia; metadato; controllo bibliografico universale
http://www.wikidata.org/entity/Q111967330,bibliometria; Giovanni Solimine
http://www.wikidata.org/entity/Q111967328,biblioteca; lettura
http://www.wikidata.org/entity/Q111967329,storia dell'editoria
http://www.wikidata.org/entity/Q111967334,Filippo Mariotti; storia delle biblioteche
http://www.wikidata.org/entity/Q111967335,cultura
http://www.wikidata.org/entity/Q111967332,e-book
http://www.wikidata.org/entity/Q111967333,Paul Otlet; Mundaneum; storia della bibliografia
http://www.wikidata.org/entity/Q111967338,Giovanni Solimine
http://www.wikidata.org/entity/Q111967336,
http://www.wikidata.org/entity/Q111967337,lettura
http://www.wikidata.org/entity/Q111967342,
http://www.wikidata.org/entity/Q111967343,Italo Calvino; Biblioteca Nazionale Centrale di Roma
http://www.wikidata.org/entity/Q111967340,
http://www.wikidata.org/entity/Q111967341,Paul Otlet; Henri La Fontaine; controllo bibliografico universale
http://www.wikidata.org/entity/Q111967346,Giovanni Solimine
http://www.wikidata.org/entity/Q111967347,
http://www.wikidata.org/entity/Q111967344,Intertestualità
http://www.wikidata.org/entity/Q111967345,
http://www.wikidata.org/entity/Q111967570,
http://www.wikidata.org/entity/Q112054439,burocrazia; riforma; funzione pubblica
http://www.wikidata.org/entity/Q112072975,sindacato; contrattazione collettiva; funzione pubblica
http://www.wikidata.org/entity/Q112073050,contrattazione collettiva; retribuzione; impiegato statale
http://www.wikidata.org/entity/Q112116478,riforma
http://www.wikidata.org/entity/Q112116606,lavoro; organizzazione
http://www.wikidata.org/entity/Q112650918,povertà; reddito di base
http://www.wikidata.org/entity/Q112651011,povertà; reddito di base
http://www.wikidata.org/entity/Q112652180,
http://www.wikidata.org/entity/Q112672921,
http://www.wikidata.org/entity/Q112672997,
http://www.wikidata.org/entity/Q112673120,
http://www.wikidata.org/entity/Q112673173,povertà; reddito di base; modello sociale europeo
http://www.wikidata.org/entity/Q112894265,salute; mercato del lavoro; qualità di vita
http://www.wikidata.org/entity/Q112913666,
http://www.wikidata.org/entity/Q112913673,
http://www.wikidata.org/entity/Q112913686,
http://www.wikidata.org/entity/Q112913687,
http://www.wikidata.org/entity/Q112913684,
http://www.wikidata.org/entity/Q112913688,
http://www.wikidata.org/entity/Q112913735,scienze economiche; indicatore economico; valutazione
http://www.wikidata.org/entity/Q112913794,pubblica amministrazione; valutazione
http://www.wikidata.org/entity/Q113101630,politica; diritto; ricerca
http://www.wikidata.org/entity/Q113101741,pandemia; esclusione sociale; persona senza casa
http://www.wikidata.org/entity/Q113101849,servizio pubblico; riduzione della povertà; Livelli essenziali delle prestazioni
http://www.wikidata.org/entity/Q113101914,
http://www.wikidata.org/entity/Q113148883,informazione
http://www.wikidata.org/entity/Q113148886,Biblioteca di Alessandria; Aristotele; storia della biblioteca
http://www.wikidata.org/entity/Q113148891,terremoto; Val di Noto
http://www.wikidata.org/entity/Q113148888,storia della biblioteca; Biblioteca Corviniana
http://www.wikidata.org/entity/Q113148889,Johannes Numeister; incunabolo; Federico Conti
http://www.wikidata.org/entity/Q113148895,citazione; digital object identifier; Uniform Resource Locator
http://www.wikidata.org/entity/Q113148893,incunabolo; Giovanni Battista Audiffredi; Tommaso Verani; François-Xavier Laire
http://www.wikidata.org/entity/Q113148898,Web scale discovery tool; Atlas.ti
http://www.wikidata.org/entity/Q113148897,Wikidata; authority file; Servizio Bibliotecario Nazionale; Istituto centrale per il catalogo unico; controllo bibliografico universale
http://www.wikidata.org/entity/Q113148903,archivio; archivistica; archivista
http://www.wikidata.org/entity/Q113148900,Functional Requirements for Bibliographic Records; cartografia; IFLA Library Reference Model
http://www.wikidata.org/entity/Q113148906,bibliografia; archivistica; linked data; metadata management
http://www.wikidata.org/entity/Q113148905,
http://www.wikidata.org/entity/Q113148908,bibliofilo; biblioteca personale
http://www.wikidata.org/entity/Q113201278,Ricerche scientifiche su Wikipedia
http://www.wikidata.org/entity/Q113331815,scienze economiche; educazione finanziaria
http://www.wikidata.org/entity/Q113333289,conciliazione vita-lavoro; genitorialità; condizioni di lavoro
http://www.wikidata.org/entity/Q113334524,lavoro subordinato; Jobs Act
http://www.wikidata.org/entity/Q113334738,
http://www.wikidata.org/entity/Q113374946,telelavoro; orario di lavoro flessibile; lavoro agile
http://www.wikidata.org/entity/Q113375815,economia sociale di mercato; capacità d'agire; terzo settore
http://www.wikidata.org/entity/Q113376086,apprendimento; lavoro; occupabilità
http://www.wikidata.org/entity/Q113376157,
http://www.wikidata.org/entity/Q113382868,lavoro; prigioniero; inclusione sociale
http://www.wikidata.org/entity/Q113383097,
http://www.wikidata.org/entity/Q113383218,data mining; Ricerca del lavoro
http://www.wikidata.org/entity/Q113383238,addestramento; abbandono scolastico
http://www.wikidata.org/entity/Q113383293,pubblica amministrazione; legislazione; trasparenza
http://www.wikidata.org/entity/Q113383318,povertà; reddito di base; disuguaglianza sociale
http://www.wikidata.org/entity/Q113402027,disoccupazione; riduzione della povertà; giovane adulto
http://www.wikidata.org/entity/Q113402360,
http://www.wikidata.org/entity/Q113435090,addestramento; fondi interprofessionali; attività commerciale
http://www.wikidata.org/entity/Q113435137,relazioni industriali; lavoro precario
http://www.wikidata.org/entity/Q113435232,politica; ricerca; valutazione
http://www.wikidata.org/entity/Q113436725,pubblica amministrazione; Valutazione delle politiche pubbliche
http://www.wikidata.org/entity/Q113436807,Servizio sanitario nazionale; politiche sanitarie; valutazione
http://www.wikidata.org/entity/Q113436974,contratto di lavoro; Jobs Act
http://www.wikidata.org/entity/Q113437039,economia digitale; lavoro; mercato del lavoro
http://www.wikidata.org/entity/Q113437122,economia digitale; gig economy
http://www.wikidata.org/entity/Q113469465,politica pubblica; valutazione
http://www.wikidata.org/entity/Q113470106,lavoro; Laureato o con altro titolo equipollente; giovane adulto
http://www.wikidata.org/entity/Q113470152,donna; lavoro; imprenditorialità
http://www.wikidata.org/entity/Q113470241,lavoro; piccola e media impresa
http://www.wikidata.org/entity/Q113470395,riduzione della povertà; reddito minimo garantito; politica sociale
http://www.wikidata.org/entity/Q113485018,
http://www.wikidata.org/entity/Q113485151,pubblica amministrazione; lavoro; sicurezza
http://www.wikidata.org/entity/Q113485313,lavoro; mobilità lavorativa; pubblica amministrazione italiana
http://www.wikidata.org/entity/Q113485704,discriminazione; salario; Contratto di lavoro a tempo determinato
http://www.wikidata.org/entity/Q113485957,politica; disoccupazione; lavoro
http://www.wikidata.org/entity/Q113485970,mobilità sociale; giovane adulto; politica sociale
http://www.wikidata.org/entity/Q113643582,
http://www.wikidata.org/entity/Q113643658,democrazia; diritto costituzionale; emergenza sanitaria pubblica di portata internazionale
http://www.wikidata.org/entity/Q114674485,
http://www.wikidata.org/entity/Q114773208,
http://www.wikidata.org/entity/Q114851255,information retrieval; biblioteca di ricerca
http://www.wikidata.org/entity/Q115139459,
http://www.wikidata.org/entity/Q115139456,
http://www.wikidata.org/entity/Q115139461,
http://www.wikidata.org/entity/Q115139467,
http://www.wikidata.org/entity/Q115342412,minoranza
http://www.wikidata.org/entity/Q115533638,
http://www.wikidata.org/entity/Q115534269,
http://www.wikidata.org/entity/Q115534356,
http://www.wikidata.org/entity/Q115534903,
http://www.wikidata.org/entity/Q115534992,
http://www.wikidata.org/entity/Q115535068,
http://www.wikidata.org/entity/Q115536188,
http://www.wikidata.org/entity/Q115536223,
http://www.wikidata.org/entity/Q115577742,Río Negro; viaggiatore
http://www.wikidata.org/entity/Q115901296,Soluzione sovrasatura; entalpia di vaporizzazione; Termolisi
http://www.wikidata.org/entity/Q116282238,Wikidata; Anagrafe delle biblioteche italiane
http://www.wikidata.org/entity/Q116444203,intelligenza artificiale; informatica; cibernetica
http://www.wikidata.org/entity/Q116444206,architettura; Conrad Gessner; bibliografia; Antonio Possevino
http://www.wikidata.org/entity/Q116444207,archivio; cattedrale dei Santi Pietro e Donato
http://www.wikidata.org/entity/Q116444204,Inquisizione; Malleus maleficarum; demonologia; storia della biblioteca
http://www.wikidata.org/entity/Q116444205,manoscritto; storia della biblioteca; Casato dei Trivulzio
http://www.wikidata.org/entity/Q116444210,letteratura araba; storia della biblioteca; biblioteca personale
http://www.wikidata.org/entity/Q116444211,
http://www.wikidata.org/entity/Q116444209,storia della biblioteca; terme; archivio
http://www.wikidata.org/entity/Q116444214,museo all'aperto; archivio digitale
http://www.wikidata.org/entity/Q116444215,Biblioteca Medicea Laurenziana; papirologia; Teresa Lodi
http://www.wikidata.org/entity/Q116444212,NATO; dematerializzation; archivio digitale
http://www.wikidata.org/entity/Q116444213,fattore di impatto; revisione paritaria; valutazione della ricerca; indicatori bibliometrici
http://www.wikidata.org/entity/Q116444216,biblioteca; museo; collezione
http://www.wikidata.org/entity/Q116444217,biblioteca personale
http://www.wikidata.org/entity/Q117032180,
http://www.wikidata.org/entity/Q117032732,
http://www.wikidata.org/entity/Q117033064,sviluppo sostenibile; piccola e media impresa; sviluppo economico
http://www.wikidata.org/entity/Q117033227,
http://www.wikidata.org/entity/Q117033440,economia circolare
http://www.wikidata.org/entity/Q117034524,
http://www.wikidata.org/entity/Q117034594,
http://www.wikidata.org/entity/Q117428586,
http://www.wikidata.org/entity/Q117428593,Umberto Eco; incunabolo; fondo speciale
http://www.wikidata.org/entity/Q117428678,e-book
http://www.wikidata.org/entity/Q117428679,bias cognitivo
http://www.wikidata.org/entity/Q117428677,biblioteca pubblica
http://www.wikidata.org/entity/Q117447410,web semantico; catalogazione; Indicizzazione
http://www.wikidata.org/entity/Q117447411,informazione; cultura
http://www.wikidata.org/entity/Q117447409,web semantico; metaverso
http://www.wikidata.org/entity/Q117447506,web semantico; linked open data
http://www.wikidata.org/entity/Q117447507,
http://www.wikidata.org/entity/Q117447504,apprendimento online; pandemia di COVID-19
http://www.wikidata.org/entity/Q117447505,Maria Abenante
http://www.wikidata.org/entity/Q117447582,editoria
http://www.wikidata.org/entity/Q117447583,professione bibliotecaria
http://www.wikidata.org/entity/Q117448463,
http://www.wikidata.org/entity/Q117448466,verità; modalità aletica
http://www.wikidata.org/entity/Q117448465,biblioteca accademica
http://www.wikidata.org/entity/Q117448470,studi di genere; storia dell'editoria
http://www.wikidata.org/entity/Q117448469,Incunabula Short Title Catalogue; Censimento nazionale delle edizioni italiane del XVI secolo
http://www.wikidata.org/entity/Q117448474,International Standard Bibliographic Description; cartografia celeste
http://www.wikidata.org/entity/Q117448475,biblioteca pubblica
http://www.wikidata.org/entity/Q117448472,biblioteca pubblica; reputazione
http://www.wikidata.org/entity/Q117448473,processo cognitivo
http://www.wikidata.org/entity/Q117455594,
http://www.wikidata.org/entity/Q117455595,
http://www.wikidata.org/entity/Q117455592,
http://www.wikidata.org/entity/Q117455593,
http://www.wikidata.org/entity/Q117455598,
http://www.wikidata.org/entity/Q117455596,
http://www.wikidata.org/entity/Q117455597,
http://www.wikidata.org/entity/Q117455602,
http://www.wikidata.org/entity/Q117455603,
http://www.wikidata.org/entity/Q117455600,
http://www.wikidata.org/entity/Q117455601,
http://www.wikidata.org/entity/Q117455604,
http://www.wikidata.org/entity/Q117455605,
http://www.wikidata.org/entity/Q118367937,
http://www.wikidata.org/entity/Q118814003,neoliberismo
http://www.wikidata.org/entity/Q118867455,
http://www.wikidata.org/entity/Q118867779,
http://www.wikidata.org/entity/Q118945524,
http://www.wikidata.org/entity/Q118971301,Federazione nazionale fascista delle massaie rurali
http://www.wikidata.org/entity/Q119133062,
http://www.wikidata.org/entity/Q119137591,
http://www.wikidata.org/entity/Q119137740,
http://www.wikidata.org/entity/Q119138814,
http://www.wikidata.org/entity/Q119496383,Ranganathan
http://www.wikidata.org/entity/Q119496386,documento; Ranganathan; bibliotecario; documentazione
http://www.wikidata.org/entity/Q119496387,scienza dell'informazione; documento; Ranganathan; documentazione; Decolonialità
http://www.wikidata.org/entity/Q119496384,biblioteconomia; Ranganathan; bibliotecario
http://www.wikidata.org/entity/Q119496385,Ranganathan
http://www.wikidata.org/entity/Q119496390,biblioteconomia; Ranganathan; The five laws of library science
http://www.wikidata.org/entity/Q119496391,Ranganathan; Associazione Italiana Biblioteche; International Federation of Library Associations and Institutions; Francesco Barberi; Vittorio Camerani
http://www.wikidata.org/entity/Q119496388,Ranganathan; Istituto internazionale di bibliografia; International Federation of Library Associations and Institutions
http://www.wikidata.org/entity/Q119496389,biblioteconomia; Ranganathan
http://www.wikidata.org/entity/Q119496394,Ranganathan; biblioteca personale
http://www.wikidata.org/entity/Q119496392,servizio di reference; storia della biblioteca
http://www.wikidata.org/entity/Q119496393,web semantico; Classificazione Colon; OpenRefine; data.bnf.fr; linked open data
http://www.wikidata.org/entity/Q120702421,
http://www.wikidata.org/entity/Q121298479,anfora; archeologia marittima; archeologia romana
http://www.wikidata.org/entity/Q121299313,Ostia; Italia romana
http://www.wikidata.org/entity/Q122049779,Coleoptera; Curculionidae
http://www.wikidata.org/entity/Q122049776,
http://www.wikidata.org/entity/Q122049777,Coleoptera
http://www.wikidata.org/entity/Q122049784,
http://www.wikidata.org/entity/Q122049785,Culicidae; Ditteri
http://www.wikidata.org/entity/Q122049794,Ditteri; Sarcophagidae
http://www.wikidata.org/entity/Q122049798,Coleoptera; Aphodiidae
http://www.wikidata.org/entity/Q122049796,Coleoptera; Carabidae
http://www.wikidata.org/entity/Q122049806,Coleoptera; Curculionidae
http://www.wikidata.org/entity/Q122049817,
http://www.wikidata.org/entity/Q122049868,Coleoptera; Carabidae
http://www.wikidata.org/entity/Q122049874,Coleoptera; Carabidae
http://www.wikidata.org/entity/Q122049876,Coleoptera; Carabidae; Prioniomus cassiopaeus
http://www.wikidata.org/entity/Q122049880,Coleoptera; Melolonthidae
http://www.wikidata.org/entity/Q122049898,Coleoptera; Cerambycidae
http://www.wikidata.org/entity/Q122049914,Coleoptera; Dermestidae; Trogoderma variabile
http://www.wikidata.org/entity/Q122049924,Coleoptera; Nitidulidae
http://www.wikidata.org/entity/Q122050002,Coleoptera; Hydraenidae
http://www.wikidata.org/entity/Q122050109,Pieridae; Lepidotteri
http://www.wikidata.org/entity/Q122050183,Coleoptera; Nitidulidae; Phenolia picta
http://www.wikidata.org/entity/Q122050186,Coleoptera; Tenebrionidae
http://www.wikidata.org/entity/Q122050223,Coleoptera; Carabidae
http://www.wikidata.org/entity/Q122050221,Lepidotteri; Geometridae; Drepanidae
http://www.wikidata.org/entity/Q122050236,Coleoptera; Carabidae; Lepidotteri; Chrysomelidae
http://www.wikidata.org/entity/Q122050246,Lepidotteri; Hesperiidae; Thymelicus lineola
http://www.wikidata.org/entity/Q122050247,
http://www.wikidata.org/entity/Q122050244,Coleoptera; Cerambycidae
http://www.wikidata.org/entity/Q122050252,
http://www.wikidata.org/entity/Q122050293,Coleoptera; Chrysomelidae
http://www.wikidata.org/entity/Q122050308,Odonata; Libellulidae
http://www.wikidata.org/entity/Q122050335,Lepidotteri; Pyralidae
http://www.wikidata.org/entity/Q122828583,Nigeria; Islam in Nigeria
http://www.wikidata.org/entity/Q123110125,Wikidata; rivista; biblioteconomia; bibliometria; scienza dell'informazione e delle biblioteche
http://www.wikidata.org/entity/Q123172724,
http://www.wikidata.org/entity/Q123172848,
http://www.wikidata.org/entity/Q123173029,
http://www.wikidata.org/entity/Q123173160,
http://www.wikidata.org/entity/Q123179841,
http://www.wikidata.org/entity/Q123180026,
http://www.wikidata.org/entity/Q123180254,
http://www.wikidata.org/entity/Q123180300,
http://www.wikidata.org/entity/Q123180417,
http://www.wikidata.org/entity/Q123180448,
http://www.wikidata.org/entity/Q123925882,Biblioteca di Alessandria; storia della biblioteca
http://www.wikidata.org/entity/Q123925883,manoscritto; Cambrai; biblioteca monastica
http://www.wikidata.org/entity/Q123925881,
http://www.wikidata.org/entity/Q123925886,Catalogna; collezione privata; provenienza; archivio privato
http://www.wikidata.org/entity/Q123925887,Antonio Panizzi; corrispondenza; Biblioteca Palatina di Parma; Angelo Pezzana
http://www.wikidata.org/entity/Q123925884,Casa de' Medici; Bianca Cappello; Filippo Giunta; Raffaello Gualterotti
http://www.wikidata.org/entity/Q123925890,biblioteca digitale; digitalizzazione; biblioteca universitaria
http://www.wikidata.org/entity/Q123925891,Typikon; storia della biblioteca; Biblioteca Nazionale Universitaria di Torino; Andrea Spinelli
http://www.wikidata.org/entity/Q123925888,Cagliari; archivio; biblioteca universitaria
http://www.wikidata.org/entity/Q123925889,causalità; Monismo neutrale; principio di ragion sufficiente
http://www.wikidata.org/entity/Q123925894,collana editoriale; storia dell'editoria
http://www.wikidata.org/entity/Q123925895,UNESCO; biblioteconomia; International Federation of Library Associations and Institutions
http://www.wikidata.org/entity/Q123925892,Arezzo; Compagnia di Gesù; storia della biblioteca; Liceo Ginnasio Statale F. Petrarca
http://www.wikidata.org/entity/Q123925893,bibliotecario; alluvione dell'Emilia-Romagna del 2023
http://www.wikidata.org/entity/Q123925898,biblioteca privata
http://www.wikidata.org/entity/Q123925896,Alessandro Manzoni; diritto d'autore; storia dell'editoria
http://www.wikidata.org/entity/Q123925897,Alberto Petrucciani
http://www.wikidata.org/entity/Q123934448,Ordine di Sant'Agostino; basilica di Santa Maria del Popolo
http://www.wikidata.org/entity/Q124332313,professione; bibliotecario; biblioteconomia
http://www.wikidata.org/entity/Q124332319,biblioteconomia
http://www.wikidata.org/entity/Q124343474,biblioteconomia
http://www.wikidata.org/entity/Q124343585,associazione; bibliotecario; biblioteconomia; editoria
http://www.wikidata.org/entity/Q124343682,biblioteconomia; Associazione Italiana Biblioteche
http://www.wikidata.org/entity/Q124344840,lettera; biblioteconomia; filigrana di carta
http://www.wikidata.org/entity/Q124344925,biblioteconomia
http://www.wikidata.org/entity/Q124619281,
http://www.wikidata.org/entity/Q124619337,
http://www.wikidata.org/entity/Q124619373,
http://www.wikidata.org/entity/Q124621840,
http://www.wikidata.org/entity/Q124621865,
http://www.wikidata.org/entity/Q124621893,
http://www.wikidata.org/entity/Q124621904,
http://www.wikidata.org/entity/Q124621917,
http://www.wikidata.org/entity/Q124621931,
http://www.wikidata.org/entity/Q124694790,
http://www.wikidata.org/entity/Q124745218,storia; biblioteconomia
http://www.wikidata.org/entity/Q125017954,
http://www.wikidata.org/entity/Q125451860,bibliotecario; addestramento; professione bibliotecaria
http://www.wikidata.org/entity/Q125499879,bibliotecario; addestramento; professione bibliotecaria
http://www.wikidata.org/entity/Q125500024,bibliotecario; addestramento; professione bibliotecaria
http://www.wikidata.org/entity/Q125731008,professione bibliotecaria
http://www.wikidata.org/entity/Q125897612,storia delle donne; Storia delle donne
http://www.wikidata.org/entity/Q125913828,Historia Augusta; studi classici; civiltà antica
http://www.wikidata.org/entity/Q125959522,bibliotecario; insegnamento
http://www.wikidata.org/entity/Q126034721,bibliotecario; insegnamento
http://www.wikidata.org/entity/Q126181037,bibliotecario; insegnamento; formazione professionale
http://www.wikidata.org/entity/Q126310449,
http://www.wikidata.org/entity/Q126313829,
http://www.wikidata.org/entity/Q126315684,
http://www.wikidata.org/entity/Q126341263,
http://www.wikidata.org/entity/Q126342482,
http://www.wikidata.org/entity/Q126343950,
http://www.wikidata.org/entity/Q126346475,
http://www.wikidata.org/entity/Q126346523,
http://www.wikidata.org/entity/Q126348372,
http://www.wikidata.org/entity/Q126348559,
http://www.wikidata.org/entity/Q126348563,
http://www.wikidata.org/entity/Q126348561,
http://www.wikidata.org/entity/Q126348582,
http://www.wikidata.org/entity/Q126349087,
http://www.wikidata.org/entity/Q126349115,
http://www.wikidata.org/entity/Q126349181,
http://www.wikidata.org/entity/Q126349443,
http://www.wikidata.org/entity/Q126349863,
http://www.wikidata.org/entity/Q126349861,
http://www.wikidata.org/entity/Q126349864,
http://www.wikidata.org/entity/Q126349975,
http://www.wikidata.org/entity/Q126350016,
http://www.wikidata.org/entity/Q126350572,
http://www.wikidata.org/entity/Q126353288,
http://www.wikidata.org/entity/Q126353330,
http://www.wikidata.org/entity/Q126353715,
http://www.wikidata.org/entity/Q126361432,
http://www.wikidata.org/entity/Q126361695,
http://www.wikidata.org/entity/Q126362005,
http://www.wikidata.org/entity/Q126372110,
http://www.wikidata.org/entity/Q126372153,
http://www.wikidata.org/entity/Q126372598,
http://www.wikidata.org/entity/Q126386357,
http://www.wikidata.org/entity/Q126532186,
http://www.wikidata.org/entity/Q126722512,bibliotecario; addestramento; professione bibliotecaria
http://www.wikidata.org/entity/Q126899403,
http://www.wikidata.org/entity/Q127043392,bibliotecario; insegnamento; formazione professionale
http://www.wikidata.org/entity/Q127043422,bibliotecario; insegnamento; formazione professionale
http://www.wikidata.org/entity/Q127043447,bibliotecario; insegnamento; formazione professionale
http://www.wikidata.org/entity/Q127598311,
http://www.wikidata.org/entity/Q127691539,biblioteca; intelligenza artificiale
http://www.wikidata.org/entity/Q127691542,archivio privato; Tasca d’Almerita
http://www.wikidata.org/entity/Q127691543,biblioteca; intelligenza artificiale; archivio; retrieval augmented generation; modello linguistico di grandi dimensioni
http://www.wikidata.org/entity/Q127691540,manoscritto; digitalizzazione; Pianetti
http://www.wikidata.org/entity/Q127691541,Gabinetto Vieusseux; laboratorio; storia della biblioteca
http://www.wikidata.org/entity/Q127691546,manoscritto; eresia; paleografia; codicologia
http://www.wikidata.org/entity/Q127691547,Luciano Foà; Roberto Calasso; Adelphi; Storia dell'editoria italiana
http://www.wikidata.org/entity/Q127691544,archivio; descrizione; digitalizzazione; narrazione
http://www.wikidata.org/entity/Q127691545,Goliarda Sapienza; fondo archivistico
http://www.wikidata.org/entity/Q127691550,enciclopedia; web semantico; intelligenza artificiale generativa
http://www.wikidata.org/entity/Q127691551,biblioteca personale
http://www.wikidata.org/entity/Q127691548,biblioteca; Europa; lettura
http://www.wikidata.org/entity/Q127691549,fondo archivistico; biblioteca personale
http://www.wikidata.org/entity/Q127868932,bibliografia; bibliotecario
http://www.wikidata.org/entity/Q127868956,bibliografia; bibliotecario
http://www.wikidata.org/entity/Q128305871,bibliografia; bibliotecario
http://www.wikidata.org/entity/Q128306149,bibliografia; Antonio Panizzi; bibliotecario
http://www.wikidata.org/entity/Q128306153,bibliografia; bibliotecario; Giuseppe Valentinelli
http://www.wikidata.org/entity/Q128308912,bibliografia; bibliotecario
http://www.wikidata.org/entity/Q128308921,bibliografia; bibliotecario
http://www.wikidata.org/entity/Q128310240,bibliografia; bibliotecario
http://www.wikidata.org/entity/Q128588041,bibliografia; bibliotecario
http://www.wikidata.org/entity/Q128591413,bibliografia; bibliotecario
http://www.wikidata.org/entity/Q128592841,bibliografia; bibliotecario
http://www.wikidata.org/entity/Q128592850,bibliografia; bibliotecario
http://www.wikidata.org/entity/Q128621600,bibliografia; bibliotecario
http://www.wikidata.org/entity/Q128621605,bibliografia; bibliotecario
http://www.wikidata.org/entity/Q128624466,bibliografia; bibliotecario; Luigi Marchini
http://www.wikidata.org/entity/Q128624468,bibliografia; bibliotecario
http://www.wikidata.org/entity/Q128624475,bibliografia; bibliotecario; Albano Sorbelli
http://www.wikidata.org/entity/Q128624472,bibliografia; bibliotecario
http://www.wikidata.org/entity/Q128624478,bibliografia; bibliotecario; Francesco Barberi
http://www.wikidata.org/entity/Q128624477,bibliografia; bibliotecario
http://www.wikidata.org/entity/Q128624483,bibliografia; bibliotecario
http://www.wikidata.org/entity/Q128694022,bibliografia; bibliotecario
http://www.wikidata.org/entity/Q128694025,bibliografia; bibliotecario
http://www.wikidata.org/entity/Q128694070,bibliografia; bibliotecario
http://www.wikidata.org/entity/Q128694069,bibliografia; bibliotecario
http://www.wikidata.org/entity/Q128694073,bibliografia; bibliotecario
http://www.wikidata.org/entity/Q128795587,bibliografia; bibliotecario; Renzo Cianchi
http://www.wikidata.org/entity/Q129813340,associazione; bibliotecario
http://www.wikidata.org/entity/Q129813537,bibliotecario
http://www.wikidata.org/entity/Q129814967,diritto comparato; diritto sociale; crisi sociale
http://www.wikidata.org/entity/Q129815743,diritto del lavoro
http://www.wikidata.org/entity/Q129816282,algoritmo; lavoratore; diritto sociale
http://www.wikidata.org/entity/Q129817115,associazione; bibliotecario
http://www.wikidata.org/entity/Q130292560,bibliografia; bibliotecario; Emanuele Celesia
http://www.wikidata.org/entity/Q130292910,bibliografia; bibliotecario; Filippo Noberasco
http://www.wikidata.org/entity/Q130362547,bibliografia; biblioteconomia
http://www.wikidata.org/entity/Q130401900,bibliografia; bibliotecario; Arnaldo Segarizzi
http://www.wikidata.org/entity/Q130401947,bibliografia; bibliotecario; Mario Favaretto
http://www.wikidata.org/entity/Q130402154,bibliografia; biblioteconomia; Amalia Vago
http://www.wikidata.org/entity/Q130427991,
http://www.wikidata.org/entity/Q130429194,
http://www.wikidata.org/entity/Q130472961,
http://www.wikidata.org/entity/Q130473043,
http://www.wikidata.org/entity/Q130477850,innovazione tecnologica; qualità di vita
http://www.wikidata.org/entity/Q130529432,
http://www.wikidata.org/entity/Q130529479,
http://www.wikidata.org/entity/Q130529510,
http://www.wikidata.org/entity/Q130529640,
http://www.wikidata.org/entity/Q130529660,
http://www.wikidata.org/entity/Q130529702,
http://www.wikidata.org/entity/Q130638618,
http://www.wikidata.org/entity/Q130650495,
http://www.wikidata.org/entity/Q130655979,
http://www.wikidata.org/entity/Q130680698,
http://www.wikidata.org/entity/Q131389375,bibliotecario; formazione professionale; reclutamento
http://www.wikidata.org/entity/Q131389397,bibliotecario; formazione professionale; reclutamento
http://www.wikidata.org/entity/Q131429346,bibliografia; storia della biblioteca; Francesco Maria II della Rovere
http://www.wikidata.org/entity/Q131429347,Militaria; Ducato di Urbino; fortificazioni; Francesco Maria II della Rovere
http://www.wikidata.org/entity/Q131429344,biblioteconomia; sostenibilità
http://www.wikidata.org/entity/Q131429345,Urbino; storia della biblioteca; Francesco Maria II della Rovere
http://www.wikidata.org/entity/Q131429350,Carlo Emanuele I di Savoia; building information modeling
http://www.wikidata.org/entity/Q131429351,propaganda; storia della biblioteca; Impero coloniale italiano
http://www.wikidata.org/entity/Q131429348,storiografia; storia della biblioteca; Montefeltro
http://www.wikidata.org/entity/Q131429349,Biblioteca universitaria Alessandrina; Francesco Maria II della Rovere; paremiografia
http://www.wikidata.org/entity/Q131429354,biblioteca d'autore
http://www.wikidata.org/entity/Q131429352,bibliografia; storia della biblioteca; Biblioteca civica Berio; Luigi Marchini
http://www.wikidata.org/entity/Q131429353,storia dell'arte; cultura italiana
http://www.wikidata.org/entity/Q131437313,professione; bibliotecario
http://www.wikidata.org/entity/Q131437355,professione; bibliotecario
http://www.wikidata.org/entity/Q131438401,professione; bibliotecario
http://www.wikidata.org/entity/Q131438467,professione; bibliotecario
http://www.wikidata.org/entity/Q131459329,professione; bibliotecario
http://www.wikidata.org/entity/Q131459633,professione; bibliotecario
http://www.wikidata.org/entity/Q131460432,professione; bibliotecario
http://www.wikidata.org/entity/Q131469817,professione; bibliotecario
http://www.wikidata.org/entity/Q131502873,professione; bibliotecario
http://www.wikidata.org/entity/Q131506079,professione; bibliotecario
http://www.wikidata.org/entity/Q131542502,professione; bibliotecario
http://www.wikidata.org/entity/Q131542651,professione; bibliotecario
http://www.wikidata.org/entity/Q131542665,professione; bibliotecario
http://www.wikidata.org/entity/Q131569299,professione; bibliotecario
http://www.wikidata.org/entity/Q131598024,professione; bibliotecario
http://www.wikidata.org/entity/Q131606824,bibliotecario; formazione professionale; reclutamento
http://www.wikidata.org/entity/Q131606924,bibliotecario; formazione professionale; reclutamento
http://www.wikidata.org/entity/Q131606988,bibliotecario; insegnamento; reclutamento
http://www.wikidata.org/entity/Q131607096,bibliotecario; insegnamento; reclutamento
http://www.wikidata.org/entity/Q131625443,professione; bibliotecario
http://www.wikidata.org/entity/Q131625829,professione; bibliotecario
http://www.wikidata.org/entity/Q131626777,professione; bibliotecario
http://www.wikidata.org/entity/Q131682115,professione; bibliotecario
http://www.wikidata.org/entity/Q131682397,professione; bibliotecario
http://www.wikidata.org/entity/Q131682430,professione; bibliotecario
http://www.wikidata.org/entity/Q131781759,bibliotecario; associazione
http://www.wikidata.org/entity/Q131781771,bibliotecario; associazione
http://www.wikidata.org/entity/Q131781800,bibliotecario; associazione
http://www.wikidata.org/entity/Q131869204,bibliotecario; associazione
http://www.wikidata.org/entity/Q131869272,bibliotecario; associazione
http://www.wikidata.org/entity/Q131869976,bibliotecario; associazione
http://www.wikidata.org/entity/Q131919105,bibliotecario; associazione
http://www.wikidata.org/entity/Q131919250,bibliotecario; associazione
http://www.wikidata.org/entity/Q131919303,bibliotecario; associazione
http://www.wikidata.org/entity/Q131920244,bibliotecario; associazione
http://www.wikidata.org/entity/Q131925517,
http://www.wikidata.org/entity/Q131925554,
http://www.wikidata.org/entity/Q131925592,
http://www.wikidata.org/entity/Q131925629,
http://www.wikidata.org/entity/Q131925643,
http://www.wikidata.org/entity/Q131925664,
http://www.wikidata.org/entity/Q131925686,
http://www.wikidata.org/entity/Q131931058,associazione; bibliotecario
http://www.wikidata.org/entity/Q131931065,associazione; bibliotecario
http://www.wikidata.org/entity/Q131931300,associazione; bibliotecario
http://www.wikidata.org/entity/Q131932378,associazione; bibliotecario
http://www.wikidata.org/entity/Q131932403,associazione; bibliotecario
http://www.wikidata.org/entity/Q131932443,associazione; bibliotecario
http://www.wikidata.org/entity/Q131932551,associazione; bibliotecario
http://www.wikidata.org/entity/Q131932568,associazione; bibliotecario
http://www.wikidata.org/entity/Q131932589,associazione; bibliotecario
http://www.wikidata.org/entity/Q131986883,donna; Iran; storia delle donne
http://www.wikidata.org/entity/Q131986985,paura; storia delle donne
http://www.wikidata.org/entity/Q132126758,associazione; bibliotecario
http://www.wikidata.org/entity/Q132127027,associazione; bibliotecario
http://www.wikidata.org/entity/Q132127041,associazione; bibliotecario
http://www.wikidata.org/entity/Q132127110,associazione; bibliotecario
http://www.wikidata.org/entity/Q132127212,associazione; bibliotecario
http://www.wikidata.org/entity/Q132127224,associazione; Bibelot
http://www.wikidata.org/entity/Q132130690,associazione; bibliotecario
http://www.wikidata.org/entity/Q132130704,associazione; bibliotecario
http://www.wikidata.org/entity/Q132130719,associazione; bibliotecario
http://www.wikidata.org/entity/Q132130797,associazione; bibliotecario
http://www.wikidata.org/entity/Q132130803,associazione; bibliotecario
http://www.wikidata.org/entity/Q132130834,associazione; bibliotecario
http://www.wikidata.org/entity/Q132130847,associazione; bibliotecario
http://www.wikidata.org/entity/Q132130942,associazione; bibliotecario
http://www.wikidata.org/entity/Q132131051,associazione; bibliotecario
http://www.wikidata.org/entity/Q132167890,associazione; bibliotecario
http://www.wikidata.org/entity/Q132167909,associazione; bibliotecario
http://www.wikidata.org/entity/Q132168073,associazione; bibliotecario
http://www.wikidata.org/entity/Q132540602,bibliografia
http://www.wikidata.org/entity/Q132561594,"Le ontologie bibliografiche. Modelli concettuali e vocabolari condivisi per l'universo bibliografico, a cura di Maria Teresa Biagetti, Roma, Bulzoni, 2022"
http://www.wikidata.org/entity/Q133040646,bibliografia; controllo
http://www.wikidata.org/entity/Q133080583,bibliografia; controllo
http://www.wikidata.org/entity/Q133256774,bibliografia; repertorio
http://www.wikidata.org/entity/Q133256793,bibliografia; repertorio
http://www.wikidata.org/entity/Q133257960,bibliografia; repertorio
http://www.wikidata.org/entity/Q133258081,bibliografia; repertorio
http://www.wikidata.org/entity/Q133258102,bibliografia; repertorio
http://www.wikidata.org/entity/Q133258145,bibliografia; repertorio
http://www.wikidata.org/entity/Q133263063,bibliografia; repertorio
http://www.wikidata.org/entity/Q133278195,citazione; bibliografia
http://www.wikidata.org/entity/Q133297020,citazione
http://www.wikidata.org/entity/Q133297032,citazione; bibliografia
http://www.wikidata.org/entity/Q133297580,citazione; bibliografia
http://www.wikidata.org/entity/Q133757004,storia; bibliografia
http://www.wikidata.org/entity/Q134393758,
http://www.wikidata.org/entity/Q134393756,
http://www.wikidata.org/entity/Q134393757,
http://www.wikidata.org/entity/Q134393762,
http://www.wikidata.org/entity/Q134393763,
http://www.wikidata.org/entity/Q134393760,
http://www.wikidata.org/entity/Q134393761,
http://www.wikidata.org/entity/Q134444975,
http://www.wikidata.org/entity/Q134445011,Vita Nuova
http://www.wikidata.org/entity/Q134513674,
http://www.wikidata.org/entity/Q134513673,
http://www.wikidata.org/entity/Q134513678,
http://www.wikidata.org/entity/Q134513679,
http://www.wikidata.org/entity/Q134513692,
http://www.wikidata.org/entity/Q134513697,
http://www.wikidata.org/entity/Q134513709,
http://www.wikidata.org/entity/Q134822033,
http://www.wikidata.org/entity/Q134822634,
http://www.wikidata.org/entity/Q134822870,
http://www.wikidata.org/entity/Q134875686,fiera; mostra; editoriale
http://www.wikidata.org/entity/Q134887636,libro; periodico; adolescente
http://www.wikidata.org/entity/Q134889535,libro; periodico; adolescente
http://www.wikidata.org/entity/Q134889693,periodico; adolescente; libro
http://www.wikidata.org/entity/Q134889718,libro; periodico; adolescente
http://www.wikidata.org/entity/Q134889955,libro; periodico; adolescente
http://www.wikidata.org/entity/Q134963409,
http://www.wikidata.org/entity/Q134963419,
http://www.wikidata.org/entity/Q134963650,fiera; mostra; editoriale
http://www.wikidata.org/entity/Q135011215,libro; periodico; adolescente
http://www.wikidata.org/entity/Q135011297,libro; periodico; adolescente
http://www.wikidata.org/entity/Q135102878,Francesco Petrarca; Giappone; marginalia
http://www.wikidata.org/entity/Q135102879,illuminismo; ucronia; utopia; Louis-Sébastien Mercier
http://www.wikidata.org/entity/Q135102882,autobiografia; alfabetizzazione; tradizione orale
http://www.wikidata.org/entity/Q135102883,addestramento; International Federation of Library Associations and Institutions; fondo speciale
http://www.wikidata.org/entity/Q135102880,fondo personale; Filiberto Menna
http://www.wikidata.org/entity/Q135102881,Hermann Conring; Giusto Lipsio; Herzog August Bibliothek; Biblioteca Corviniana
http://www.wikidata.org/entity/Q135102886,
http://www.wikidata.org/entity/Q135102884,digitalizzazione; storia della biblioteca; corrispondenza; Giambattista Canneti
http://www.wikidata.org/entity/Q135103335,fiera; mostra; editoriale
http://www.wikidata.org/entity/Q135116138,biblioteca; biomedicina
http://www.wikidata.org/entity/Q135165055,
http://www.wikidata.org/entity/Q135178782,biblioteca; biomedicina
http://www.wikidata.org/entity/Q135180935,
http://www.wikidata.org/entity/Q135180964,
http://www.wikidata.org/entity/Q135181011,
http://www.wikidata.org/entity/Q135181035,
http://www.wikidata.org/entity/Q135181072,
http://www.wikidata.org/entity/Q135181110,
http://www.wikidata.org/entity/Q135225002,biblioteca; organizzazione
http://www.wikidata.org/entity/Q135233359,biblioteca; organizzazione
http://www.wikidata.org/entity/Q135233418,biblioteca; organizzazione
http://www.wikidata.org/entity/Q135233466,biblioteca; organizzazione
http://www.wikidata.org/entity/Q135267376,fiera; mostra; editoriale
http://www.wikidata.org/entity/Q135267481,fiera; mostra; editoriale
http://www.wikidata.org/entity/Q135271036,archivistica
http://www.wikidata.org/entity/Q135335923,archivistica
http://www.wikidata.org/entity/Q135336054,archivistica
http://www.wikidata.org/entity/Q135391256,archivistica
http://www.wikidata.org/entity/Q135399271,archivistica
http://www.wikidata.org/entity/Q135399934,archivistica
http://www.wikidata.org/entity/Q135399994,archivistica
http://www.wikidata.org/entity/Q135400000,archivistica
http://www.wikidata.org/entity/Q135409624,archivistica
http://www.wikidata.org/entity/Q135409801,documentazione
http://www.wikidata.org/entity/Q135409906,archivistica
http://www.wikidata.org/entity/Q135432514,archivistica
http://www.wikidata.org/entity/Q135435931,biblioteconomia; paese straniero; politica culturale
http://www.wikidata.org/entity/Q135435961,biblioteconomia; paese straniero; politica culturale
http://www.wikidata.org/entity/Q135442878,archivistica
http://www.wikidata.org/entity/Q135494039,archivistica
http://www.wikidata.org/entity/Q135792920,legislazione
http://www.wikidata.org/entity/Q136184307,fiera; mostra; editoriale
http://www.wikidata.org/entity/Q136379142,università; biblioteca
http://www.wikidata.org/entity/Q136384321,biblioteca; biomedicina
http://www.wikidata.org/entity/Q136384392,biblioteca; biomedicina
http://www.wikidata.org/entity/Q136384538,biblioteca; biomedicina
http://www.wikidata.org/entity/Q136399613,università; biblioteca
http://www.wikidata.org/entity/Q136399640,università; biblioteca
http://www.wikidata.org/entity/Q136445293,università; biblioteca
http://www.wikidata.org/entity/Q136445352,università; biblioteca
http://www.wikidata.org/entity/Q136456633,università; biblioteca
http://www.wikidata.org/entity/Q136456640,università; biblioteca
http://www.wikidata.org/entity/Q136456660,università; biblioteca
http://www.wikidata.org/entity/Q136456962,università; biblioteca
http://www.wikidata.org/entity/Q136461768,università; biblioteca
http://www.wikidata.org/entity/Q136461995,università; biblioteca
http://www.wikidata.org/entity/Q136462742,
http://www.wikidata.org/entity/Q136491214,Angelo Mai; attività traduttiva
http://www.wikidata.org/entity/Q136505174,università; biblioteca
http://www.wikidata.org/entity/Q136539563,università; biblioteca
http://www.wikidata.org/entity/Q136540024,università; biblioteca
http://www.wikidata.org/entity/Q136593329,università; biblioteca
http://www.wikidata.org/entity/Q136593412,università; biblioteca
http://www.wikidata.org/entity/Q136657990,
http://www.wikidata.org/entity/Q136658092,
http://www.wikidata.org/entity/Q136658118,
http://www.wikidata.org/entity/Q136658143,
http://www.wikidata.org/entity/Q136658175,
http://www.wikidata.org/entity/Q136658306,
http://www.wikidata.org/entity/Q136658342,
http://www.wikidata.org/entity/Q136658554,
http://www.wikidata.org/entity/Q136658604,
http://www.wikidata.org/entity/Q136661502,Chiara Frugoni
http://www.wikidata.org/entity/Q136665118,università; biblioteca
http://www.wikidata.org/entity/Q136665816,
http://www.wikidata.org/entity/Q136666002,
http://www.wikidata.org/entity/Q136666236,
http://www.wikidata.org/entity/Q136666494,
http://www.wikidata.org/entity/Q136666796,
http://www.wikidata.org/entity/Q136667091,
http://www.wikidata.org/entity/Q136669593,
http://www.wikidata.org/entity/Q136669602,università; biblioteca
http://www.wikidata.org/entity/Q136678249,università; biblioteca
http://www.wikidata.org/entity/Q136678881,università; biblioteca
http://www.wikidata.org/entity/Q136716018,
http://www.wikidata.org/entity/Q136723350,
http://www.wikidata.org/entity/Q136728621,
http://www.wikidata.org/entity/Q136757914,arredamento; edilizia
http://www.wikidata.org/entity/Q136759809,arredamento; edilizia
http://www.wikidata.org/entity/Q136759830,arredamento; edilizia
http://www.wikidata.org/entity/Q136760020,arredamento; edilizia
http://www.wikidata.org/entity/Q136760027,tecnologia; comunicazione
http://www.wikidata.org/entity/Q136760137,arredamento; edilizia
http://www.wikidata.org/entity/Q136760229,tecnologia; comunicazione
http://www.wikidata.org/entity/Q136940308,alfabeto gotico; Ulfila
http://www.wikidata.org/entity/Q137015827,
http://www.wikidata.org/entity/Q137015830,
http://www.wikidata.org/entity/Q137015831,
http://www.wikidata.org/entity/Q137015828,
http://www.wikidata.org/entity/Q137015829,
http://www.wikidata.org/entity/Q137017519,
http://www.wikidata.org/entity/Q137017522,
http://www.wikidata.org/entity/Q137017523,
http://www.wikidata.org/entity/Q137017524,
http://www.wikidata.org/entity/Q137104650,
http://www.wikidata.org/entity/Q137104651,
http://www.wikidata.org/entity/Q137104648,
http://www.wikidata.org/entity/Q137195917,antologia; insegnamento; gestione
http://www.wikidata.org/entity/Q137324314,antologia; insegnamento; gestione
http://www.wikidata.org/entity/Q137368051,
http://www.wikidata.org/entity/Q137392147,antologia; insegnamento; gestione
http://www.wikidata.org/entity/Q137392384,antologia; insegnamento; gestione
http://www.wikidata.org/entity/Q137393272,antologia; insegnamento; gestione
