id,licenze_rivista
http://www.wikidata.org/entity/Q33144512,
http://www.wikidata.org/entity/Q33144721,
http://www.wikidata.org/entity/Q36464134,Creative Commons Attribution-NonCommercial-NoDerivatives
http://www.wikidata.org/entity/Q36464142,Creative Commons Attribution-NonCommercial-NoDerivatives
http://www.wikidata.org/entity/Q36464146,Creative Commons Attribution-NonCommercial-NoDerivatives
http://www.wikidata.org/entity/Q36484095,Creative Commons Attribution-NonCommercial-NoDerivatives
http://www.wikidata.org/entity/Q36484102,Creative Commons Attribution-NonCommercial-NoDerivatives
http://www.wikidata.org/entity/Q36484107,Creative Commons Attribution-NonCommercial-NoDerivatives
http://www.wikidata.org/entity/Q36484116,Creative Commons Attribution-NonCommercial-NoDerivatives
http://www.wikidata.org/entity/Q36484122,Creative Commons Attribution-NonCommercial-NoDerivatives
http://www.wikidata.org/entity/Q36484126,Creative Commons Attribution-NonCommercial-NoDerivatives
http://www.wikidata.org/entity/Q36484132,Creative Commons Attribution-NonCommercial-NoDerivatives
http://www.wikidata.org/entity/Q36484137,Creative Commons Attribution-NonCommercial-NoDerivatives
http://www.wikidata.org/entity/Q36484143,Creative Commons Attribution-NonCommercial-NoDerivatives
http://www.wikidata.org/entity/Q36484148,Creative Commons Attribution-NonCommercial-NoDerivatives
http://www.wikidata.org/entity/Q36484157,Creative Commons Attribution-NonCommercial-NoDerivatives
http://www.wikidata.org/entity/Q36484160,Creative Commons Attribution-NonCommercial-NoDerivatives
http://www.wikidata.org/entity/Q36484165,Creative Commons Attribution-NonCommercial-NoDerivatives
http://www.wikidata.org/entity/Q36484169,Creative Commons Attribution-NonCommercial-NoDerivatives
http://www.wikidata.org/entity/Q36484173,Creative Commons Attribution-NonCommercial-NoDerivatives
http://www.wikidata.org/entity/Q36484177,Creative Commons Attribution-NonCommercial-NoDerivatives
http://www.wikidata.org/entity/Q36484182,Creative Commons Attribution-NonCommercial-NoDerivatives
http://www.wikidata.org/entity/Q36484194,Creative Commons Attribution-NonCommercial-NoDerivatives
http://www.wikidata.org/entity/Q36484198,Creative Commons Attribution-NonCommercial-NoDerivatives
http://www.wikidata.org/entity/Q36484219,Creative Commons Attribution-NonCommercial-NoDerivatives
http://www.wikidata.org/entity/Q48625754,
http://www.wikidata.org/entity/Q56736038,Creative Commons Attribution-ShareAlike; Creative Commons Attribution-NonCommercial-NoDerivatives; Creative Commons Attribution-ShareAlike 4.0 International
http://www.wikidata.org/entity/Q57976823,Creative Commons Attribution-NonCommercial-NoDerivatives
http://www.wikidata.org/entity/Q58124093,Creative Commons Attribution-NonCommercial-NoDerivatives
http://www.wikidata.org/entity/Q58302558,Creative Commons Attribution-NonCommercial-NoDerivatives
http://www.wikidata.org/entity/Q58349819,Creative Commons Attribution-NonCommercial-NoDerivatives
http://www.wikidata.org/entity/Q58350077,Creative Commons Attribution-NonCommercial-NoDerivatives
http://www.wikidata.org/entity/Q58356273,Creative Commons Attribution-NonCommercial-NoDerivatives
http://www.wikidata.org/entity/Q58356286,Creative Commons Attribution-NonCommercial-NoDerivatives
http://www.wikidata.org/entity/Q58356899,Creative Commons Attribution-NonCommercial-NoDerivatives
http://www.wikidata.org/entity/Q58379186,Creative Commons Attribution-NonCommercial-NoDerivatives
http://www.wikidata.org/entity/Q58379187,Creative Commons Attribution-NonCommercial-NoDerivatives
http://www.wikidata.org/entity/Q58379188,Creative Commons Attribution-NonCommercial-NoDerivatives
http://www.wikidata.org/entity/Q58387646,Creative Commons Attribution-NonCommercial-NoDerivatives
http://www.wikidata.org/entity/Q58387647,Creative Commons Attribution-NonCommercial-NoDerivatives
http://www.wikidata.org/entity/Q58387650,Creative Commons Attribution-NonCommercial-NoDerivatives
http://www.wikidata.org/entity/Q58387648,Creative Commons Attribution-NonCommercial-NoDerivatives
http://www.wikidata.org/entity/Q58424166,Creative Commons Attribution-NonCommercial-NoDerivatives
http://www.wikidata.org/entity/Q58670918,Creative Commons Attribution-NonCommercial-NoDerivatives
http://www.wikidata.org/entity/Q58670922,Creative Commons Attribution-NonCommercial-NoDerivatives
http://www.wikidata.org/entity/Q58670923,Creative Commons Attribution-NonCommercial-NoDerivatives
http://www.wikidata.org/entity/Q58670920,Creative Commons Attribution-NonCommercial-NoDerivatives
http://www.wikidata.org/entity/Q58670927,Creative Commons Attribution-NonCommercial-NoDerivatives
http://www.wikidata.org/entity/Q58670925,Creative Commons Attribution-NonCommercial-NoDerivatives
http://www.wikidata.org/entity/Q58670929,Creative Commons Attribution-NonCommercial-NoDerivatives
http://www.wikidata.org/entity/Q58670935,Creative Commons Attribution-NonCommercial-NoDerivatives
http://www.wikidata.org/entity/Q58670932,Creative Commons Attribution-NonCommercial-NoDerivatives
http://www.wikidata.org/entity/Q58670933,Creative Commons Attribution-NonCommercial-NoDerivatives
http://www.wikidata.org/entity/Q58670939,Creative Commons Attribution-NonCommercial-NoDerivatives
http://www.wikidata.org/entity/Q58670937,Creative Commons Attribution-NonCommercial-NoDerivatives
http://www.wikidata.org/entity/Q58670940,Creative Commons Attribution-NonCommercial-NoDerivatives
http://www.wikidata.org/entity/Q58773238,Creative Commons Attribution-NonCommercial-NoDerivatives
http://www.wikidata.org/entity/Q58773236,Creative Commons Attribution-NonCommercial-NoDerivatives
http://www.wikidata.org/entity/Q58773243,Creative Commons Attribution-NonCommercial-NoDerivatives
http://www.wikidata.org/entity/Q58773241,Creative Commons Attribution-NonCommercial-NoDerivatives
http://www.wikidata.org/entity/Q58773247,Creative Commons Attribution-NonCommercial-NoDerivatives
http://www.wikidata.org/entity/Q58773245,Creative Commons Attribution-NonCommercial-NoDerivatives
http://www.wikidata.org/entity/Q58773251,Creative Commons Attribution-NonCommercial-NoDerivatives
http://www.wikidata.org/entity/Q58773249,Creative Commons Attribution-NonCommercial-NoDerivatives
http://www.wikidata.org/entity/Q58773254,Creative Commons Attribution-NonCommercial-NoDerivatives
http://www.wikidata.org/entity/Q58773253,Creative Commons Attribution-NonCommercial-NoDerivatives
http://www.wikidata.org/entity/Q58773258,Creative Commons Attribution-NonCommercial-NoDerivatives
http://www.wikidata.org/entity/Q58773260,Creative Commons Attribution-NonCommercial-NoDerivatives
http://www.wikidata.org/entity/Q58773261,Creative Commons Attribution-NonCommercial-NoDerivatives
http://www.wikidata.org/entity/Q58773267,Creative Commons Attribution-NonCommercial-NoDerivatives
http://www.wikidata.org/entity/Q58773264,Creative Commons Attribution-NonCommercial-NoDerivatives
http://www.wikidata.org/entity/Q58826209,Creative Commons Attribution-NonCommercial-NoDerivatives
http://www.wikidata.org/entity/Q58953729,Creative Commons Attribution-NonCommercial-NoDerivatives
http://www.wikidata.org/entity/Q58953763,Creative Commons Attribution-NonCommercial-NoDerivatives
http://www.wikidata.org/entity/Q58953796,Creative Commons Attribution-NonCommercial-NoDerivatives
http://www.wikidata.org/entity/Q58953832,Creative Commons Attribution-NonCommercial-NoDerivatives
http://www.wikidata.org/entity/Q58953868,Creative Commons Attribution-NonCommercial-NoDerivatives
http://www.wikidata.org/entity/Q58953902,Creative Commons Attribution-NonCommercial-NoDerivatives
http://www.wikidata.org/entity/Q58953937,Creative Commons Attribution-NonCommercial-NoDerivatives
http://www.wikidata.org/entity/Q58953970,Creative Commons Attribution-NonCommercial-NoDerivatives
http://www.wikidata.org/entity/Q58954003,Creative Commons Attribution-NonCommercial-NoDerivatives
http://www.wikidata.org/entity/Q58954040,Creative Commons Attribution-NonCommercial-NoDerivatives
http://www.wikidata.org/entity/Q58954077,Creative Commons Attribution-NonCommercial-NoDerivatives
http://www.wikidata.org/entity/Q58954115,Creative Commons Attribution-NonCommercial-NoDerivatives
http://www.wikidata.org/entity/Q58954151,Creative Commons Attribution-NonCommercial-NoDerivatives
http://www.wikidata.org/entity/Q58954188,Creative Commons Attribution-NonCommercial-NoDerivatives
http://www.wikidata.org/entity/Q58954224,Creative Commons Attribution-NonCommercial-NoDerivatives
http://www.wikidata.org/entity/Q59096078,Creative Commons Attribution-NonCommercial-NoDerivatives
http://www.wikidata.org/entity/Q59096076,Creative Commons Attribution-NonCommercial-NoDerivatives
http://www.wikidata.org/entity/Q59096077,Creative Commons Attribution-NonCommercial-NoDerivatives
http://www.wikidata.org/entity/Q59096082,Creative Commons Attribution-NonCommercial-NoDerivatives
http://www.wikidata.org/entity/Q59096080,Creative Commons Attribution-NonCommercial-NoDerivatives
http://www.wikidata.org/entity/Q59096081,Creative Commons Attribution-NonCommercial-NoDerivatives
http://www.wikidata.org/entity/Q59096086,Creative Commons Attribution-NonCommercial-NoDerivatives
http://www.wikidata.org/entity/Q59096084,Creative Commons Attribution-NonCommercial-NoDerivatives
http://www.wikidata.org/entity/Q59096085,Creative Commons Attribution-NonCommercial-NoDerivatives
http://www.wikidata.org/entity/Q59096090,Creative Commons Attribution-NonCommercial-NoDerivatives
http://www.wikidata.org/entity/Q59096088,Creative Commons Attribution-NonCommercial-NoDerivatives
http://www.wikidata.org/entity/Q59096089,Creative Commons Attribution-NonCommercial-NoDerivatives
http://www.wikidata.org/entity/Q59096094,Creative Commons Attribution-NonCommercial-NoDerivatives
http://www.wikidata.org/entity/Q59096092,Creative Commons Attribution-NonCommercial-NoDerivatives
http://www.wikidata.org/entity/Q59096093,Creative Commons Attribution-NonCommercial-NoDerivatives
http://www.wikidata.org/entity/Q59137259,Creative Commons Attribution-NonCommercial-NoDerivatives
http://www.wikidata.org/entity/Q59137262,Creative Commons Attribution-NonCommercial-NoDerivatives
http://www.wikidata.org/entity/Q59137260,Creative Commons Attribution-NonCommercial-NoDerivatives
http://www.wikidata.org/entity/Q59137261,Creative Commons Attribution-NonCommercial-NoDerivatives
http://www.wikidata.org/entity/Q59137266,Creative Commons Attribution-NonCommercial-NoDerivatives
http://www.wikidata.org/entity/Q59137267,Creative Commons Attribution-NonCommercial-NoDerivatives
http://www.wikidata.org/entity/Q59137264,Creative Commons Attribution-NonCommercial-NoDerivatives
http://www.wikidata.org/entity/Q59137270,Creative Commons Attribution-NonCommercial-NoDerivatives
http://www.wikidata.org/entity/Q59137268,Creative Commons Attribution-NonCommercial-NoDerivatives
http://www.wikidata.org/entity/Q59137272,Creative Commons Attribution-NonCommercial-NoDerivatives
http://www.wikidata.org/entity/Q59154963,Creative Commons Attribution-NonCommercial-NoDerivatives
http://www.wikidata.org/entity/Q59154966,Creative Commons Attribution-NonCommercial-NoDerivatives
http://www.wikidata.org/entity/Q59154967,Creative Commons Attribution-NonCommercial-NoDerivatives
http://www.wikidata.org/entity/Q59154964,Creative Commons Attribution-NonCommercial-NoDerivatives
http://www.wikidata.org/entity/Q59154965,Creative Commons Attribution-NonCommercial-NoDerivatives
http://www.wikidata.org/entity/Q59154971,Creative Commons Attribution-NonCommercial-NoDerivatives
http://www.wikidata.org/entity/Q59154968,Creative Commons Attribution-NonCommercial-NoDerivatives
http://www.wikidata.org/entity/Q59154969,Creative Commons Attribution-NonCommercial-NoDerivatives
http://www.wikidata.org/entity/Q59154974,Creative Commons Attribution-NonCommercial-NoDerivatives
http://www.wikidata.org/entity/Q59154975,Creative Commons Attribution-NonCommercial-NoDerivatives
http://www.wikidata.org/entity/Q59154972,Creative Commons Attribution-NonCommercial-NoDerivatives
http://www.wikidata.org/entity/Q59154976,Creative Commons Attribution-NonCommercial-NoDerivatives
http://www.wikidata.org/entity/Q59208094,Creative Commons Attribution-NonCommercial-NoDerivatives
http://www.wikidata.org/entity/Q59208095,Creative Commons Attribution-NonCommercial-NoDerivatives
http://www.wikidata.org/entity/Q59208093,Creative Commons Attribution-NonCommercial-NoDerivatives
http://www.wikidata.org/entity/Q59208098,Creative Commons Attribution-NonCommercial-NoDerivatives
http://www.wikidata.org/entity/Q59208096,Creative Commons Attribution-NonCommercial-NoDerivatives
http://www.wikidata.org/entity/Q59208097,Creative Commons Attribution-NonCommercial-NoDerivatives
http://www.wikidata.org/entity/Q59259739,Creative Commons Attribution-NonCommercial-NoDerivatives
http://www.wikidata.org/entity/Q59259742,Creative Commons Attribution-NonCommercial-NoDerivatives
http://www.wikidata.org/entity/Q59259743,Creative Commons Attribution-NonCommercial-NoDerivatives
http://www.wikidata.org/entity/Q59259740,Creative Commons Attribution-NonCommercial-NoDerivatives
http://www.wikidata.org/entity/Q59259741,Creative Commons Attribution-NonCommercial-NoDerivatives
http://www.wikidata.org/entity/Q59259746,Creative Commons Attribution-NonCommercial-NoDerivatives
http://www.wikidata.org/entity/Q59259747,Creative Commons Attribution-NonCommercial-NoDerivatives
http://www.wikidata.org/entity/Q59259744,Creative Commons Attribution-NonCommercial-NoDerivatives
http://www.wikidata.org/entity/Q59259745,Creative Commons Attribution-NonCommercial-NoDerivatives
http://www.wikidata.org/entity/Q59259748,Creative Commons Attribution-NonCommercial-NoDerivatives
http://www.wikidata.org/entity/Q59259749,Creative Commons Attribution-NonCommercial-NoDerivatives
http://www.wikidata.org/entity/Q59265383,Creative Commons Attribution-NonCommercial-NoDerivatives
http://www.wikidata.org/entity/Q59265386,Creative Commons Attribution-NonCommercial-NoDerivatives
http://www.wikidata.org/entity/Q59265384,Creative Commons Attribution-NonCommercial-NoDerivatives
http://www.wikidata.org/entity/Q59265385,Creative Commons Attribution-NonCommercial-NoDerivatives
http://www.wikidata.org/entity/Q59265390,Creative Commons Attribution-NonCommercial-NoDerivatives
http://www.wikidata.org/entity/Q59265391,Creative Commons Attribution-NonCommercial-NoDerivatives
http://www.wikidata.org/entity/Q59265388,Creative Commons Attribution-NonCommercial-NoDerivatives
http://www.wikidata.org/entity/Q59265394,Creative Commons Attribution-NonCommercial-NoDerivatives
http://www.wikidata.org/entity/Q59265395,Creative Commons Attribution-NonCommercial-NoDerivatives
http://www.wikidata.org/entity/Q59265392,Creative Commons Attribution-NonCommercial-NoDerivatives
http://www.wikidata.org/entity/Q59265396,Creative Commons Attribution-NonCommercial-NoDerivatives
http://www.wikidata.org/entity/Q59265397,Creative Commons Attribution-NonCommercial-NoDerivatives
http://www.wikidata.org/entity/Q59281535,Creative Commons Attribution-NonCommercial-NoDerivatives
http://www.wikidata.org/entity/Q59281538,Creative Commons Attribution-NonCommercial-NoDerivatives
http://www.wikidata.org/entity/Q59281539,Creative Commons Attribution-NonCommercial-NoDerivatives
http://www.wikidata.org/entity/Q59281536,Creative Commons Attribution-NonCommercial-NoDerivatives
http://www.wikidata.org/entity/Q59281537,Creative Commons Attribution-NonCommercial-NoDerivatives
http://www.wikidata.org/entity/Q59281542,Creative Commons Attribution-NonCommercial-NoDerivatives
http://www.wikidata.org/entity/Q59281543,Creative Commons Attribution-NonCommercial-NoDerivatives
http://www.wikidata.org/entity/Q59281540,Creative Commons Attribution-NonCommercial-NoDerivatives
http://www.wikidata.org/entity/Q59281541,Creative Commons Attribution-NonCommercial-NoDerivatives
http://www.wikidata.org/entity/Q59388175,Creative Commons Attribution-ShareAlike; Creative Commons Attribution-NonCommercial-NoDerivatives; Creative Commons Attribution-ShareAlike 4.0 International
http://www.wikidata.org/entity/Q59388178,Creative Commons Attribution-ShareAlike; Creative Commons Attribution-NonCommercial-NoDerivatives; Creative Commons Attribution-ShareAlike 4.0 International
http://www.wikidata.org/entity/Q59388179,Creative Commons Attribution-ShareAlike; Creative Commons Attribution-NonCommercial-NoDerivatives; Creative Commons Attribution-ShareAlike 4.0 International
http://www.wikidata.org/entity/Q59388176,Creative Commons Attribution-ShareAlike; Creative Commons Attribution-NonCommercial-NoDerivatives; Creative Commons Attribution-ShareAlike 4.0 International
http://www.wikidata.org/entity/Q59388177,Creative Commons Attribution-ShareAlike; Creative Commons Attribution-NonCommercial-NoDerivatives; Creative Commons Attribution-ShareAlike 4.0 International
http://www.wikidata.org/entity/Q59388182,Creative Commons Attribution-ShareAlike; Creative Commons Attribution-NonCommercial-NoDerivatives; Creative Commons Attribution-ShareAlike 4.0 International
http://www.wikidata.org/entity/Q59388183,Creative Commons Attribution-ShareAlike; Creative Commons Attribution-NonCommercial-NoDerivatives; Creative Commons Attribution-ShareAlike 4.0 International
http://www.wikidata.org/entity/Q59388180,Creative Commons Attribution-ShareAlike; Creative Commons Attribution-NonCommercial-NoDerivatives; Creative Commons Attribution-ShareAlike 4.0 International
http://www.wikidata.org/entity/Q59388181,Creative Commons Attribution-ShareAlike; Creative Commons Attribution-NonCommercial-NoDerivatives; Creative Commons Attribution-ShareAlike 4.0 International
http://www.wikidata.org/entity/Q59388184,Creative Commons Attribution-ShareAlike; Creative Commons Attribution-NonCommercial-NoDerivatives; Creative Commons Attribution-ShareAlike 4.0 International
http://www.wikidata.org/entity/Q59388185,Creative Commons Attribution-ShareAlike; Creative Commons Attribution-NonCommercial-NoDerivatives; Creative Commons Attribution-ShareAlike 4.0 International
http://www.wikidata.org/entity/Q60713534,Creative Commons Attribution
http://www.wikidata.org/entity/Q60907273,Creative Commons Attribution-NonCommercial-NoDerivatives
http://www.wikidata.org/entity/Q60907285,Creative Commons Attribution-NonCommercial-NoDerivatives
http://www.wikidata.org/entity/Q60907291,Creative Commons Attribution-NonCommercial-NoDerivatives
http://www.wikidata.org/entity/Q60907308,Creative Commons Attribution-NonCommercial-NoDerivatives
http://www.wikidata.org/entity/Q60907317,Creative Commons Attribution-NonCommercial-NoDerivatives
http://www.wikidata.org/entity/Q60907331,Creative Commons Attribution-NonCommercial-NoDerivatives
http://www.wikidata.org/entity/Q60907344,Creative Commons Attribution-NonCommercial-NoDerivatives
http://www.wikidata.org/entity/Q60907356,Creative Commons Attribution-NonCommercial-NoDerivatives
http://www.wikidata.org/entity/Q60907372,Creative Commons Attribution-NonCommercial-NoDerivatives
http://www.wikidata.org/entity/Q60907379,Creative Commons Attribution-NonCommercial-NoDerivatives
http://www.wikidata.org/entity/Q60907392,Creative Commons Attribution-NonCommercial-NoDerivatives
http://www.wikidata.org/entity/Q60907408,Creative Commons Attribution-NonCommercial-NoDerivatives
http://www.wikidata.org/entity/Q60907417,Creative Commons Attribution-NonCommercial-NoDerivatives
http://www.wikidata.org/entity/Q60907422,Creative Commons Attribution-NonCommercial-NoDerivatives
http://www.wikidata.org/entity/Q60907435,Creative Commons Attribution-NonCommercial-NoDerivatives
http://www.wikidata.org/entity/Q61056650,Creative Commons Attribution
http://www.wikidata.org/entity/Q61057042,Creative Commons Attribution
http://www.wikidata.org/entity/Q61776076,Creative Commons Attribution
http://www.wikidata.org/entity/Q61776080,Creative Commons Attribution
http://www.wikidata.org/entity/Q61776462,Creative Commons Attribution
http://www.wikidata.org/entity/Q61776467,Creative Commons Attribution
http://www.wikidata.org/entity/Q61776464,Creative Commons Attribution
http://www.wikidata.org/entity/Q61776468,Creative Commons Attribution
http://www.wikidata.org/entity/Q61776469,Creative Commons Attribution
http://www.wikidata.org/entity/Q62579849,Creative Commons Attribution
http://www.wikidata.org/entity/Q64712103,Creative Commons Attribution-NonCommercial-NoDerivatives
http://www.wikidata.org/entity/Q64712106,Creative Commons Attribution-NonCommercial-NoDerivatives
http://www.wikidata.org/entity/Q64712107,Creative Commons Attribution-NonCommercial-NoDerivatives
http://www.wikidata.org/entity/Q64712105,Creative Commons Attribution-NonCommercial-NoDerivatives
http://www.wikidata.org/entity/Q64712110,Creative Commons Attribution-NonCommercial-NoDerivatives
http://www.wikidata.org/entity/Q64712109,Creative Commons Attribution-NonCommercial-NoDerivatives
http://www.wikidata.org/entity/Q64712112,Creative Commons Attribution-NonCommercial-NoDerivatives
http://www.wikidata.org/entity/Q64712113,Creative Commons Attribution-NonCommercial-NoDerivatives
http://www.wikidata.org/entity/Q64712116,Creative Commons Attribution-NonCommercial-NoDerivatives
http://www.wikidata.org/entity/Q64712134,Creative Commons Attribution-NonCommercial-NoDerivatives
http://www.wikidata.org/entity/Q64712144,Creative Commons Attribution-NonCommercial-NoDerivatives
http://www.wikidata.org/entity/Q64712156,Creative Commons Attribution-NonCommercial-NoDerivatives
http://www.wikidata.org/entity/Q64712171,Creative Commons Attribution-NonCommercial-NoDerivatives
http://www.wikidata.org/entity/Q64712184,Creative Commons Attribution-NonCommercial-NoDerivatives
http://www.wikidata.org/entity/Q64712198,Creative Commons Attribution-NonCommercial-NoDerivatives
http://www.wikidata.org/entity/Q65594178,
http://www.wikidata.org/entity/Q69559758,Creative Commons Attribution-ShareAlike; Creative Commons Attribution-NonCommercial-NoDerivatives; Creative Commons Attribution-ShareAlike 4.0 International
http://www.wikidata.org/entity/Q69646153,Creative Commons Attribution-ShareAlike; Creative Commons Attribution-NonCommercial-NoDerivatives; Creative Commons Attribution-ShareAlike 4.0 International
http://www.wikidata.org/entity/Q69776340,Creative Commons Attribution-NonCommercial-NoDerivatives
http://www.wikidata.org/entity/Q69776400,Creative Commons Attribution-NonCommercial-NoDerivatives
http://www.wikidata.org/entity/Q69776436,Creative Commons Attribution-NonCommercial-NoDerivatives
http://www.wikidata.org/entity/Q69776444,Creative Commons Attribution-NonCommercial-NoDerivatives
http://www.wikidata.org/entity/Q69776453,Creative Commons Attribution-NonCommercial-NoDerivatives
http://www.wikidata.org/entity/Q70982360,
http://www.wikidata.org/entity/Q73492838,
http://www.wikidata.org/entity/Q74825992,Creative Commons Attribution-ShareAlike; Creative Commons Attribution-NonCommercial-NoDerivatives; Creative Commons Attribution-ShareAlike 4.0 International
http://www.wikidata.org/entity/Q77304139,
http://www.wikidata.org/entity/Q78577731,Creative Commons Attribution
http://www.wikidata.org/entity/Q82514580,Creative Commons Attribution-NonCommercial-NoDerivatives
http://www.wikidata.org/entity/Q82514642,Creative Commons Attribution-NonCommercial-NoDerivatives
http://www.wikidata.org/entity/Q82514941,Creative Commons Attribution-NonCommercial-NoDerivatives
http://www.wikidata.org/entity/Q82514978,Creative Commons Attribution-NonCommercial-NoDerivatives
http://www.wikidata.org/entity/Q82515058,Creative Commons Attribution-NonCommercial-NoDerivatives
http://www.wikidata.org/entity/Q82515159,Creative Commons Attribution-NonCommercial-NoDerivatives
http://www.wikidata.org/entity/Q82515164,Creative Commons Attribution-NonCommercial-NoDerivatives
http://www.wikidata.org/entity/Q82515170,Creative Commons Attribution-NonCommercial-NoDerivatives
http://www.wikidata.org/entity/Q82515168,Creative Commons Attribution-NonCommercial-NoDerivatives
http://www.wikidata.org/entity/Q82515174,Creative Commons Attribution-NonCommercial-NoDerivatives
http://www.wikidata.org/entity/Q82515177,Creative Commons Attribution-NonCommercial-NoDerivatives
http://www.wikidata.org/entity/Q82515180,Creative Commons Attribution-NonCommercial-NoDerivatives
http://www.wikidata.org/entity/Q82515186,Creative Commons Attribution-NonCommercial-NoDerivatives
http://www.wikidata.org/entity/Q83365686,Creative Commons Attribution-NonCommercial-NoDerivatives
http://www.wikidata.org/entity/Q83612194,
http://www.wikidata.org/entity/Q92592463,Creative Commons Attribution-NonCommercial-NoDerivatives
http://www.wikidata.org/entity/Q92592494,Creative Commons Attribution-NonCommercial-NoDerivatives
http://www.wikidata.org/entity/Q92592577,Creative Commons Attribution-NonCommercial-NoDerivatives
http://www.wikidata.org/entity/Q92592656,Creative Commons Attribution-NonCommercial-NoDerivatives
http://www.wikidata.org/entity/Q92592734,Creative Commons Attribution-NonCommercial-NoDerivatives
http://www.wikidata.org/entity/Q92592817,Creative Commons Attribution-NonCommercial-NoDerivatives
http://www.wikidata.org/entity/Q92592907,Creative Commons Attribution-NonCommercial-NoDerivatives
http://www.wikidata.org/entity/Q92593011,Creative Commons Attribution-NonCommercial-NoDerivatives
http://www.wikidata.org/entity/Q92593112,Creative Commons Attribution-NonCommercial-NoDerivatives
http://www.wikidata.org/entity/Q92593206,Creative Commons Attribution-NonCommercial-NoDerivatives
http://www.wikidata.org/entity/Q95997038,
http://www.wikidata.org/entity/Q95997039,
http://www.wikidata.org/entity/Q95997044,
http://www.wikidata.org/entity/Q95997054,
http://www.wikidata.org/entity/Q95997062,
http://www.wikidata.org/entity/Q95997060,
http://www.wikidata.org/entity/Q95997061,
http://www.wikidata.org/entity/Q95997066,
http://www.wikidata.org/entity/Q95997067,
http://www.wikidata.org/entity/Q95997073,
http://www.wikidata.org/entity/Q95997079,
http://www.wikidata.org/entity/Q95997076,
http://www.wikidata.org/entity/Q95997077,
http://www.wikidata.org/entity/Q95997082,
http://www.wikidata.org/entity/Q95997081,
http://www.wikidata.org/entity/Q95997084,
http://www.wikidata.org/entity/Q95997102,
http://www.wikidata.org/entity/Q95997103,
http://www.wikidata.org/entity/Q95997101,
http://www.wikidata.org/entity/Q96623074,Creative Commons Attribution-NonCommercial-NoDerivatives
http://www.wikidata.org/entity/Q96623075,Creative Commons Attribution-NonCommercial-NoDerivatives
http://www.wikidata.org/entity/Q96623078,Creative Commons Attribution-NonCommercial-NoDerivatives
http://www.wikidata.org/entity/Q96623079,Creative Commons Attribution-NonCommercial-NoDerivatives
http://www.wikidata.org/entity/Q96623076,Creative Commons Attribution-NonCommercial-NoDerivatives
http://www.wikidata.org/entity/Q96623082,Creative Commons Attribution-NonCommercial-NoDerivatives
http://www.wikidata.org/entity/Q96623083,Creative Commons Attribution-NonCommercial-NoDerivatives
http://www.wikidata.org/entity/Q96623081,Creative Commons Attribution-NonCommercial-NoDerivatives
http://www.wikidata.org/entity/Q96623086,Creative Commons Attribution-NonCommercial-NoDerivatives
http://www.wikidata.org/entity/Q96623087,Creative Commons Attribution-NonCommercial-NoDerivatives
http://www.wikidata.org/entity/Q96623085,Creative Commons Attribution-NonCommercial-NoDerivatives
http://www.wikidata.org/entity/Q96623090,Creative Commons Attribution-NonCommercial-NoDerivatives
http://www.wikidata.org/entity/Q96623091,Creative Commons Attribution-NonCommercial-NoDerivatives
http://www.wikidata.org/entity/Q96623089,Creative Commons Attribution-NonCommercial-NoDerivatives
http://www.wikidata.org/entity/Q96623093,Creative Commons Attribution-NonCommercial-NoDerivatives
http://www.wikidata.org/entity/Q99573989,Creative Commons Attribution
http://www.wikidata.org/entity/Q99639341,Creative Commons Attribution
http://www.wikidata.org/entity/Q99653413,Creative Commons Attribution
http://www.wikidata.org/entity/Q99654817,Creative Commons Attribution
http://www.wikidata.org/entity/Q99661235,Creative Commons Attribution
http://www.wikidata.org/entity/Q99860432,
http://www.wikidata.org/entity/Q99860449,
http://www.wikidata.org/entity/Q99860482,
http://www.wikidata.org/entity/Q99860480,
http://www.wikidata.org/entity/Q99860487,
http://www.wikidata.org/entity/Q100741569,Creative Commons Attribution-ShareAlike; Creative Commons Attribution-NonCommercial-NoDerivatives; Creative Commons Attribution-ShareAlike 4.0 International
http://www.wikidata.org/entity/Q101086004,
http://www.wikidata.org/entity/Q101996668,Creative Commons Attribution
http://www.wikidata.org/entity/Q102115630,Creative Commons Attribution
http://www.wikidata.org/entity/Q102116015,Creative Commons Attribution
http://www.wikidata.org/entity/Q102391509,Creative Commons Attribution
http://www.wikidata.org/entity/Q102391845,Creative Commons Attribution
http://www.wikidata.org/entity/Q102392002,Creative Commons Attribution
http://www.wikidata.org/entity/Q102392285,Creative Commons Attribution
http://www.wikidata.org/entity/Q102392363,Creative Commons Attribution
http://www.wikidata.org/entity/Q102392806,Creative Commons Attribution
http://www.wikidata.org/entity/Q102392889,Creative Commons Attribution
http://www.wikidata.org/entity/Q102393180,Creative Commons Attribution
http://www.wikidata.org/entity/Q102393258,Creative Commons Attribution
http://www.wikidata.org/entity/Q102393556,Creative Commons Attribution
http://www.wikidata.org/entity/Q102393664,Creative Commons Attribution
http://www.wikidata.org/entity/Q102393759,Creative Commons Attribution
http://www.wikidata.org/entity/Q102393947,Creative Commons Attribution
http://www.wikidata.org/entity/Q102393996,Creative Commons Attribution
http://www.wikidata.org/entity/Q102503100,Creative Commons Attribution-ShareAlike; Creative Commons Attribution-NonCommercial-NoDerivatives; Creative Commons Attribution-ShareAlike 4.0 International
http://www.wikidata.org/entity/Q102802821,Creative Commons Attribution
http://www.wikidata.org/entity/Q102805155,Creative Commons Attribution
http://www.wikidata.org/entity/Q102808536,Creative Commons Attribution
http://www.wikidata.org/entity/Q102809224,Creative Commons Attribution
http://www.wikidata.org/entity/Q102810332,Creative Commons Attribution
http://www.wikidata.org/entity/Q102821767,Creative Commons Attribution
http://www.wikidata.org/entity/Q102822425,Creative Commons Attribution
http://www.wikidata.org/entity/Q102822617,Creative Commons Attribution
http://www.wikidata.org/entity/Q102822746,Creative Commons Attribution
http://www.wikidata.org/entity/Q102823167,Creative Commons Attribution
http://www.wikidata.org/entity/Q102823781,Creative Commons Attribution
http://www.wikidata.org/entity/Q103896945,Creative Commons Attribution-ShareAlike; Creative Commons Attribution-NonCommercial-NoDerivatives; Creative Commons Attribution-ShareAlike 4.0 International
http://www.wikidata.org/entity/Q103896950,Creative Commons Attribution-ShareAlike; Creative Commons Attribution-NonCommercial-NoDerivatives; Creative Commons Attribution-ShareAlike 4.0 International
http://www.wikidata.org/entity/Q103896948,Creative Commons Attribution-ShareAlike; Creative Commons Attribution-NonCommercial-NoDerivatives; Creative Commons Attribution-ShareAlike 4.0 International
http://www.wikidata.org/entity/Q103896949,Creative Commons Attribution-ShareAlike; Creative Commons Attribution-NonCommercial-NoDerivatives; Creative Commons Attribution-ShareAlike 4.0 International
http://www.wikidata.org/entity/Q103896952,Creative Commons Attribution-ShareAlike; Creative Commons Attribution-NonCommercial-NoDerivatives; Creative Commons Attribution-ShareAlike 4.0 International
http://www.wikidata.org/entity/Q103899574,Creative Commons Attribution-ShareAlike; Creative Commons Attribution-NonCommercial-NoDerivatives; Creative Commons Attribution-ShareAlike 4.0 International
http://www.wikidata.org/entity/Q103899584,Creative Commons Attribution-ShareAlike; Creative Commons Attribution-NonCommercial-NoDerivatives; Creative Commons Attribution-ShareAlike 4.0 International
http://www.wikidata.org/entity/Q103899585,Creative Commons Attribution-ShareAlike; Creative Commons Attribution-NonCommercial-NoDerivatives; Creative Commons Attribution-ShareAlike 4.0 International
http://www.wikidata.org/entity/Q103899590,Creative Commons Attribution-ShareAlike; Creative Commons Attribution-NonCommercial-NoDerivatives; Creative Commons Attribution-ShareAlike 4.0 International
http://www.wikidata.org/entity/Q103899591,Creative Commons Attribution-ShareAlike; Creative Commons Attribution-NonCommercial-NoDerivatives; Creative Commons Attribution-ShareAlike 4.0 International
http://www.wikidata.org/entity/Q103899589,Creative Commons Attribution-ShareAlike; Creative Commons Attribution-NonCommercial-NoDerivatives; Creative Commons Attribution-ShareAlike 4.0 International
http://www.wikidata.org/entity/Q103899592,Creative Commons Attribution-ShareAlike; Creative Commons Attribution-NonCommercial-NoDerivatives; Creative Commons Attribution-ShareAlike 4.0 International
http://www.wikidata.org/entity/Q103899593,Creative Commons Attribution-ShareAlike; Creative Commons Attribution-NonCommercial-NoDerivatives; Creative Commons Attribution-ShareAlike 4.0 International
http://www.wikidata.org/entity/Q103899598,Creative Commons Attribution-ShareAlike; Creative Commons Attribution-NonCommercial-NoDerivatives; Creative Commons Attribution-ShareAlike 4.0 International
http://www.wikidata.org/entity/Q103899599,Creative Commons Attribution-ShareAlike; Creative Commons Attribution-NonCommercial-NoDerivatives; Creative Commons Attribution-ShareAlike 4.0 International
http://www.wikidata.org/entity/Q103899596,Creative Commons Attribution-ShareAlike; Creative Commons Attribution-NonCommercial-NoDerivatives; Creative Commons Attribution-ShareAlike 4.0 International
http://www.wikidata.org/entity/Q103899597,Creative Commons Attribution-ShareAlike; Creative Commons Attribution-NonCommercial-NoDerivatives; Creative Commons Attribution-ShareAlike 4.0 International
http://www.wikidata.org/entity/Q103899601,Creative Commons Attribution-ShareAlike; Creative Commons Attribution-NonCommercial-NoDerivatives; Creative Commons Attribution-ShareAlike 4.0 International
http://www.wikidata.org/entity/Q103899606,Creative Commons Attribution-ShareAlike; Creative Commons Attribution-NonCommercial-NoDerivatives; Creative Commons Attribution-ShareAlike 4.0 International
http://www.wikidata.org/entity/Q103899607,Creative Commons Attribution-ShareAlike; Creative Commons Attribution-NonCommercial-NoDerivatives; Creative Commons Attribution-ShareAlike 4.0 International
http://www.wikidata.org/entity/Q103899604,Creative Commons Attribution-ShareAlike; Creative Commons Attribution-NonCommercial-NoDerivatives; Creative Commons Attribution-ShareAlike 4.0 International
http://www.wikidata.org/entity/Q103899605,Creative Commons Attribution-ShareAlike; Creative Commons Attribution-NonCommercial-NoDerivatives; Creative Commons Attribution-ShareAlike 4.0 International
http://www.wikidata.org/entity/Q103899610,Creative Commons Attribution-ShareAlike; Creative Commons Attribution-NonCommercial-NoDerivatives; Creative Commons Attribution-ShareAlike 4.0 International
http://www.wikidata.org/entity/Q103899609,Creative Commons Attribution-ShareAlike; Creative Commons Attribution-NonCommercial-NoDerivatives; Creative Commons Attribution-ShareAlike 4.0 International
http://www.wikidata.org/entity/Q103899614,Creative Commons Attribution-ShareAlike; Creative Commons Attribution-NonCommercial-NoDerivatives; Creative Commons Attribution-ShareAlike 4.0 International
http://www.wikidata.org/entity/Q103899613,Creative Commons Attribution-ShareAlike; Creative Commons Attribution-NonCommercial-NoDerivatives; Creative Commons Attribution-ShareAlike 4.0 International
http://www.wikidata.org/entity/Q103901278,Creative Commons Attribution-ShareAlike; Creative Commons Attribution-NonCommercial-NoDerivatives; Creative Commons Attribution-ShareAlike 4.0 International
http://www.wikidata.org/entity/Q103901283,Creative Commons Attribution-ShareAlike; Creative Commons Attribution-NonCommercial-NoDerivatives; Creative Commons Attribution-ShareAlike 4.0 International
http://www.wikidata.org/entity/Q103901280,Creative Commons Attribution-ShareAlike; Creative Commons Attribution-NonCommercial-NoDerivatives; Creative Commons Attribution-ShareAlike 4.0 International
http://www.wikidata.org/entity/Q103901290,Creative Commons Attribution-ShareAlike; Creative Commons Attribution-NonCommercial-NoDerivatives; Creative Commons Attribution-ShareAlike 4.0 International
http://www.wikidata.org/entity/Q103901289,Creative Commons Attribution-ShareAlike; Creative Commons Attribution-NonCommercial-NoDerivatives; Creative Commons Attribution-ShareAlike 4.0 International
http://www.wikidata.org/entity/Q103901292,Creative Commons Attribution-ShareAlike; Creative Commons Attribution-NonCommercial-NoDerivatives; Creative Commons Attribution-ShareAlike 4.0 International
http://www.wikidata.org/entity/Q103901299,Creative Commons Attribution-ShareAlike; Creative Commons Attribution-NonCommercial-NoDerivatives; Creative Commons Attribution-ShareAlike 4.0 International
http://www.wikidata.org/entity/Q103901296,Creative Commons Attribution-ShareAlike; Creative Commons Attribution-NonCommercial-NoDerivatives; Creative Commons Attribution-ShareAlike 4.0 International
http://www.wikidata.org/entity/Q103901302,Creative Commons Attribution-ShareAlike; Creative Commons Attribution-NonCommercial-NoDerivatives; Creative Commons Attribution-ShareAlike 4.0 International
http://www.wikidata.org/entity/Q103901301,Creative Commons Attribution-ShareAlike; Creative Commons Attribution-NonCommercial-NoDerivatives; Creative Commons Attribution-ShareAlike 4.0 International
http://www.wikidata.org/entity/Q103901304,Creative Commons Attribution-ShareAlike; Creative Commons Attribution-NonCommercial-NoDerivatives; Creative Commons Attribution-ShareAlike 4.0 International
http://www.wikidata.org/entity/Q103901310,Creative Commons Attribution-ShareAlike; Creative Commons Attribution-NonCommercial-NoDerivatives; Creative Commons Attribution-ShareAlike 4.0 International
http://www.wikidata.org/entity/Q103901308,Creative Commons Attribution-ShareAlike; Creative Commons Attribution-NonCommercial-NoDerivatives; Creative Commons Attribution-ShareAlike 4.0 International
http://www.wikidata.org/entity/Q103901314,Creative Commons Attribution-ShareAlike; Creative Commons Attribution-NonCommercial-NoDerivatives; Creative Commons Attribution-ShareAlike 4.0 International
http://www.wikidata.org/entity/Q103901316,Creative Commons Attribution-ShareAlike; Creative Commons Attribution-NonCommercial-NoDerivatives; Creative Commons Attribution-ShareAlike 4.0 International
http://www.wikidata.org/entity/Q103901322,Creative Commons Attribution-ShareAlike; Creative Commons Attribution-NonCommercial-NoDerivatives; Creative Commons Attribution-ShareAlike 4.0 International
http://www.wikidata.org/entity/Q103901321,Creative Commons Attribution-ShareAlike; Creative Commons Attribution-NonCommercial-NoDerivatives; Creative Commons Attribution-ShareAlike 4.0 International
http://www.wikidata.org/entity/Q103901324,Creative Commons Attribution-ShareAlike; Creative Commons Attribution-NonCommercial-NoDerivatives; Creative Commons Attribution-ShareAlike 4.0 International
http://www.wikidata.org/entity/Q103915809,Creative Commons Attribution-ShareAlike; Creative Commons Attribution-NonCommercial-NoDerivatives; Creative Commons Attribution-ShareAlike 4.0 International
http://www.wikidata.org/entity/Q103915814,Creative Commons Attribution-ShareAlike; Creative Commons Attribution-NonCommercial-NoDerivatives; Creative Commons Attribution-ShareAlike 4.0 International
http://www.wikidata.org/entity/Q103915812,Creative Commons Attribution-ShareAlike; Creative Commons Attribution-NonCommercial-NoDerivatives; Creative Commons Attribution-ShareAlike 4.0 International
http://www.wikidata.org/entity/Q103915818,Creative Commons Attribution-ShareAlike; Creative Commons Attribution-NonCommercial-NoDerivatives; Creative Commons Attribution-ShareAlike 4.0 International
http://www.wikidata.org/entity/Q103915819,Creative Commons Attribution-ShareAlike; Creative Commons Attribution-NonCommercial-NoDerivatives; Creative Commons Attribution-ShareAlike 4.0 International
http://www.wikidata.org/entity/Q103915822,Creative Commons Attribution-ShareAlike; Creative Commons Attribution-NonCommercial-NoDerivatives; Creative Commons Attribution-ShareAlike 4.0 International
http://www.wikidata.org/entity/Q103915827,Creative Commons Attribution-ShareAlike; Creative Commons Attribution-NonCommercial-NoDerivatives; Creative Commons Attribution-ShareAlike 4.0 International
http://www.wikidata.org/entity/Q103915824,Creative Commons Attribution-ShareAlike; Creative Commons Attribution-NonCommercial-NoDerivatives; Creative Commons Attribution-ShareAlike 4.0 International
http://www.wikidata.org/entity/Q103915831,Creative Commons Attribution-ShareAlike; Creative Commons Attribution-NonCommercial-NoDerivatives; Creative Commons Attribution-ShareAlike 4.0 International
http://www.wikidata.org/entity/Q103915835,Creative Commons Attribution-ShareAlike; Creative Commons Attribution-NonCommercial-NoDerivatives; Creative Commons Attribution-ShareAlike 4.0 International
http://www.wikidata.org/entity/Q103915833,Creative Commons Attribution-ShareAlike; Creative Commons Attribution-NonCommercial-NoDerivatives; Creative Commons Attribution-ShareAlike 4.0 International
http://www.wikidata.org/entity/Q103915839,Creative Commons Attribution-ShareAlike; Creative Commons Attribution-NonCommercial-NoDerivatives; Creative Commons Attribution-ShareAlike 4.0 International
http://www.wikidata.org/entity/Q103915836,Creative Commons Attribution-ShareAlike; Creative Commons Attribution-NonCommercial-NoDerivatives; Creative Commons Attribution-ShareAlike 4.0 International
http://www.wikidata.org/entity/Q103915843,Creative Commons Attribution-ShareAlike; Creative Commons Attribution-NonCommercial-NoDerivatives; Creative Commons Attribution-ShareAlike 4.0 International
http://www.wikidata.org/entity/Q103915841,Creative Commons Attribution-ShareAlike; Creative Commons Attribution-NonCommercial-NoDerivatives; Creative Commons Attribution-ShareAlike 4.0 International
http://www.wikidata.org/entity/Q103915866,Creative Commons Attribution-ShareAlike; Creative Commons Attribution-NonCommercial-NoDerivatives; Creative Commons Attribution-ShareAlike 4.0 International
http://www.wikidata.org/entity/Q103915864,Creative Commons Attribution-ShareAlike; Creative Commons Attribution-NonCommercial-NoDerivatives; Creative Commons Attribution-ShareAlike 4.0 International
http://www.wikidata.org/entity/Q103915869,Creative Commons Attribution-ShareAlike; Creative Commons Attribution-NonCommercial-NoDerivatives; Creative Commons Attribution-ShareAlike 4.0 International
http://www.wikidata.org/entity/Q103915875,Creative Commons Attribution-ShareAlike; Creative Commons Attribution-NonCommercial-NoDerivatives; Creative Commons Attribution-ShareAlike 4.0 International
http://www.wikidata.org/entity/Q103915873,Creative Commons Attribution-ShareAlike; Creative Commons Attribution-NonCommercial-NoDerivatives; Creative Commons Attribution-ShareAlike 4.0 International
http://www.wikidata.org/entity/Q103915883,Creative Commons Attribution-ShareAlike; Creative Commons Attribution-NonCommercial-NoDerivatives; Creative Commons Attribution-ShareAlike 4.0 International
http://www.wikidata.org/entity/Q103915881,Creative Commons Attribution-ShareAlike; Creative Commons Attribution-NonCommercial-NoDerivatives; Creative Commons Attribution-ShareAlike 4.0 International
http://www.wikidata.org/entity/Q103915887,Creative Commons Attribution-ShareAlike; Creative Commons Attribution-NonCommercial-NoDerivatives; Creative Commons Attribution-ShareAlike 4.0 International
http://www.wikidata.org/entity/Q103915888,Creative Commons Attribution-ShareAlike; Creative Commons Attribution-NonCommercial-NoDerivatives; Creative Commons Attribution-ShareAlike 4.0 International
http://www.wikidata.org/entity/Q103915895,Creative Commons Attribution-ShareAlike; Creative Commons Attribution-NonCommercial-NoDerivatives; Creative Commons Attribution-ShareAlike 4.0 International
http://www.wikidata.org/entity/Q103915893,Creative Commons Attribution-ShareAlike; Creative Commons Attribution-NonCommercial-NoDerivatives; Creative Commons Attribution-ShareAlike 4.0 International
http://www.wikidata.org/entity/Q103915898,Creative Commons Attribution-ShareAlike; Creative Commons Attribution-NonCommercial-NoDerivatives; Creative Commons Attribution-ShareAlike 4.0 International
http://www.wikidata.org/entity/Q103915903,Creative Commons Attribution-ShareAlike; Creative Commons Attribution-NonCommercial-NoDerivatives; Creative Commons Attribution-ShareAlike 4.0 International
http://www.wikidata.org/entity/Q103915900,Creative Commons Attribution-ShareAlike; Creative Commons Attribution-NonCommercial-NoDerivatives; Creative Commons Attribution-ShareAlike 4.0 International
http://www.wikidata.org/entity/Q103915907,Creative Commons Attribution-ShareAlike; Creative Commons Attribution-NonCommercial-NoDerivatives; Creative Commons Attribution-ShareAlike 4.0 International
http://www.wikidata.org/entity/Q103918125,Creative Commons Attribution-ShareAlike; Creative Commons Attribution-NonCommercial-NoDerivatives; Creative Commons Attribution-ShareAlike 4.0 International
http://www.wikidata.org/entity/Q103918128,Creative Commons Attribution-ShareAlike; Creative Commons Attribution-NonCommercial-NoDerivatives; Creative Commons Attribution-ShareAlike 4.0 International
http://www.wikidata.org/entity/Q103918134,Creative Commons Attribution-ShareAlike; Creative Commons Attribution-NonCommercial-NoDerivatives; Creative Commons Attribution-ShareAlike 4.0 International
http://www.wikidata.org/entity/Q103918132,Creative Commons Attribution-ShareAlike; Creative Commons Attribution-NonCommercial-NoDerivatives; Creative Commons Attribution-ShareAlike 4.0 International
http://www.wikidata.org/entity/Q103918138,Creative Commons Attribution-ShareAlike; Creative Commons Attribution-NonCommercial-NoDerivatives; Creative Commons Attribution-ShareAlike 4.0 International
http://www.wikidata.org/entity/Q103918139,Creative Commons Attribution-ShareAlike; Creative Commons Attribution-NonCommercial-NoDerivatives; Creative Commons Attribution-ShareAlike 4.0 International
http://www.wikidata.org/entity/Q103918136,Creative Commons Attribution-ShareAlike; Creative Commons Attribution-NonCommercial-NoDerivatives; Creative Commons Attribution-ShareAlike 4.0 International
http://www.wikidata.org/entity/Q103918142,Creative Commons Attribution-ShareAlike; Creative Commons Attribution-NonCommercial-NoDerivatives; Creative Commons Attribution-ShareAlike 4.0 International
http://www.wikidata.org/entity/Q103918144,Creative Commons Attribution-ShareAlike; Creative Commons Attribution-NonCommercial-NoDerivatives; Creative Commons Attribution-ShareAlike 4.0 International
http://www.wikidata.org/entity/Q103918150,Creative Commons Attribution-ShareAlike; Creative Commons Attribution-NonCommercial-NoDerivatives; Creative Commons Attribution-ShareAlike 4.0 International
http://www.wikidata.org/entity/Q103918148,Creative Commons Attribution-ShareAlike; Creative Commons Attribution-NonCommercial-NoDerivatives; Creative Commons Attribution-ShareAlike 4.0 International
http://www.wikidata.org/entity/Q103918152,Creative Commons Attribution-ShareAlike; Creative Commons Attribution-NonCommercial-NoDerivatives; Creative Commons Attribution-ShareAlike 4.0 International
http://www.wikidata.org/entity/Q103918156,Creative Commons Attribution-ShareAlike; Creative Commons Attribution-NonCommercial-NoDerivatives; Creative Commons Attribution-ShareAlike 4.0 International
http://www.wikidata.org/entity/Q103918163,Creative Commons Attribution-ShareAlike; Creative Commons Attribution-NonCommercial-NoDerivatives; Creative Commons Attribution-ShareAlike 4.0 International
http://www.wikidata.org/entity/Q103918160,Creative Commons Attribution-ShareAlike; Creative Commons Attribution-NonCommercial-NoDerivatives; Creative Commons Attribution-ShareAlike 4.0 International
http://www.wikidata.org/entity/Q103918164,Creative Commons Attribution-ShareAlike; Creative Commons Attribution-NonCommercial-NoDerivatives; Creative Commons Attribution-ShareAlike 4.0 International
http://www.wikidata.org/entity/Q103918168,Creative Commons Attribution-ShareAlike; Creative Commons Attribution-NonCommercial-NoDerivatives; Creative Commons Attribution-ShareAlike 4.0 International
http://www.wikidata.org/entity/Q103918169,Creative Commons Attribution-ShareAlike; Creative Commons Attribution-NonCommercial-NoDerivatives; Creative Commons Attribution-ShareAlike 4.0 International
http://www.wikidata.org/entity/Q103918174,Creative Commons Attribution-ShareAlike; Creative Commons Attribution-NonCommercial-NoDerivatives; Creative Commons Attribution-ShareAlike 4.0 International
http://www.wikidata.org/entity/Q103918172,Creative Commons Attribution-ShareAlike; Creative Commons Attribution-NonCommercial-NoDerivatives; Creative Commons Attribution-ShareAlike 4.0 International
http://www.wikidata.org/entity/Q103918178,Creative Commons Attribution-ShareAlike; Creative Commons Attribution-NonCommercial-NoDerivatives; Creative Commons Attribution-ShareAlike 4.0 International
http://www.wikidata.org/entity/Q103918180,Creative Commons Attribution-ShareAlike; Creative Commons Attribution-NonCommercial-NoDerivatives; Creative Commons Attribution-ShareAlike 4.0 International
http://www.wikidata.org/entity/Q103918211,Creative Commons Attribution-ShareAlike; Creative Commons Attribution-NonCommercial-NoDerivatives; Creative Commons Attribution-ShareAlike 4.0 International
http://www.wikidata.org/entity/Q103918215,Creative Commons Attribution-ShareAlike; Creative Commons Attribution-NonCommercial-NoDerivatives; Creative Commons Attribution-ShareAlike 4.0 International
http://www.wikidata.org/entity/Q103918217,Creative Commons Attribution-ShareAlike; Creative Commons Attribution-NonCommercial-NoDerivatives; Creative Commons Attribution-ShareAlike 4.0 International
http://www.wikidata.org/entity/Q103918222,Creative Commons Attribution-ShareAlike; Creative Commons Attribution-NonCommercial-NoDerivatives; Creative Commons Attribution-ShareAlike 4.0 International
http://www.wikidata.org/entity/Q103918220,Creative Commons Attribution-ShareAlike; Creative Commons Attribution-NonCommercial-NoDerivatives; Creative Commons Attribution-ShareAlike 4.0 International
http://www.wikidata.org/entity/Q103918227,Creative Commons Attribution-ShareAlike; Creative Commons Attribution-NonCommercial-NoDerivatives; Creative Commons Attribution-ShareAlike 4.0 International
http://www.wikidata.org/entity/Q103918224,Creative Commons Attribution-ShareAlike; Creative Commons Attribution-NonCommercial-NoDerivatives; Creative Commons Attribution-ShareAlike 4.0 International
http://www.wikidata.org/entity/Q103918230,Creative Commons Attribution-ShareAlike; Creative Commons Attribution-NonCommercial-NoDerivatives; Creative Commons Attribution-ShareAlike 4.0 International
http://www.wikidata.org/entity/Q103918234,Creative Commons Attribution-ShareAlike; Creative Commons Attribution-NonCommercial-NoDerivatives; Creative Commons Attribution-ShareAlike 4.0 International
http://www.wikidata.org/entity/Q103918232,Creative Commons Attribution-ShareAlike; Creative Commons Attribution-NonCommercial-NoDerivatives; Creative Commons Attribution-ShareAlike 4.0 International
http://www.wikidata.org/entity/Q103918238,Creative Commons Attribution-ShareAlike; Creative Commons Attribution-NonCommercial-NoDerivatives; Creative Commons Attribution-ShareAlike 4.0 International
http://www.wikidata.org/entity/Q103918236,Creative Commons Attribution-ShareAlike; Creative Commons Attribution-NonCommercial-NoDerivatives; Creative Commons Attribution-ShareAlike 4.0 International
http://www.wikidata.org/entity/Q103918242,Creative Commons Attribution-ShareAlike; Creative Commons Attribution-NonCommercial-NoDerivatives; Creative Commons Attribution-ShareAlike 4.0 International
http://www.wikidata.org/entity/Q103918240,Creative Commons Attribution-ShareAlike; Creative Commons Attribution-NonCommercial-NoDerivatives; Creative Commons Attribution-ShareAlike 4.0 International
http://www.wikidata.org/entity/Q103918246,Creative Commons Attribution-ShareAlike; Creative Commons Attribution-NonCommercial-NoDerivatives; Creative Commons Attribution-ShareAlike 4.0 International
http://www.wikidata.org/entity/Q103918244,Creative Commons Attribution-ShareAlike; Creative Commons Attribution-NonCommercial-NoDerivatives; Creative Commons Attribution-ShareAlike 4.0 International
http://www.wikidata.org/entity/Q103918251,Creative Commons Attribution-ShareAlike; Creative Commons Attribution-NonCommercial-NoDerivatives; Creative Commons Attribution-ShareAlike 4.0 International
http://www.wikidata.org/entity/Q103918249,Creative Commons Attribution-ShareAlike; Creative Commons Attribution-NonCommercial-NoDerivatives; Creative Commons Attribution-ShareAlike 4.0 International
http://www.wikidata.org/entity/Q103918253,Creative Commons Attribution-ShareAlike; Creative Commons Attribution-NonCommercial-NoDerivatives; Creative Commons Attribution-ShareAlike 4.0 International
http://www.wikidata.org/entity/Q103918258,Creative Commons Attribution-ShareAlike; Creative Commons Attribution-NonCommercial-NoDerivatives; Creative Commons Attribution-ShareAlike 4.0 International
http://www.wikidata.org/entity/Q103918256,Creative Commons Attribution-ShareAlike; Creative Commons Attribution-NonCommercial-NoDerivatives; Creative Commons Attribution-ShareAlike 4.0 International
http://www.wikidata.org/entity/Q103918260,Creative Commons Attribution-ShareAlike; Creative Commons Attribution-NonCommercial-NoDerivatives; Creative Commons Attribution-ShareAlike 4.0 International
http://www.wikidata.org/entity/Q103918266,Creative Commons Attribution-ShareAlike; Creative Commons Attribution-NonCommercial-NoDerivatives; Creative Commons Attribution-ShareAlike 4.0 International
http://www.wikidata.org/entity/Q103918264,Creative Commons Attribution-ShareAlike; Creative Commons Attribution-NonCommercial-NoDerivatives; Creative Commons Attribution-ShareAlike 4.0 International
http://www.wikidata.org/entity/Q103918270,Creative Commons Attribution-ShareAlike; Creative Commons Attribution-NonCommercial-NoDerivatives; Creative Commons Attribution-ShareAlike 4.0 International
http://www.wikidata.org/entity/Q103918268,Creative Commons Attribution-ShareAlike; Creative Commons Attribution-NonCommercial-NoDerivatives; Creative Commons Attribution-ShareAlike 4.0 International
http://www.wikidata.org/entity/Q103918272,Creative Commons Attribution-ShareAlike; Creative Commons Attribution-NonCommercial-NoDerivatives; Creative Commons Attribution-ShareAlike 4.0 International
http://www.wikidata.org/entity/Q103918273,Creative Commons Attribution-ShareAlike; Creative Commons Attribution-NonCommercial-NoDerivatives; Creative Commons Attribution-ShareAlike 4.0 International
http://www.wikidata.org/entity/Q103918279,Creative Commons Attribution-ShareAlike; Creative Commons Attribution-NonCommercial-NoDerivatives; Creative Commons Attribution-ShareAlike 4.0 International
http://www.wikidata.org/entity/Q103918276,Creative Commons Attribution-ShareAlike; Creative Commons Attribution-NonCommercial-NoDerivatives; Creative Commons Attribution-ShareAlike 4.0 International
http://www.wikidata.org/entity/Q103918326,Creative Commons Attribution-ShareAlike; Creative Commons Attribution-NonCommercial-NoDerivatives; Creative Commons Attribution-ShareAlike 4.0 International
http://www.wikidata.org/entity/Q103918330,Creative Commons Attribution-ShareAlike; Creative Commons Attribution-NonCommercial-NoDerivatives; Creative Commons Attribution-ShareAlike 4.0 International
http://www.wikidata.org/entity/Q103918328,Creative Commons Attribution-ShareAlike; Creative Commons Attribution-NonCommercial-NoDerivatives; Creative Commons Attribution-ShareAlike 4.0 International
http://www.wikidata.org/entity/Q103918333,Creative Commons Attribution-ShareAlike; Creative Commons Attribution-NonCommercial-NoDerivatives; Creative Commons Attribution-ShareAlike 4.0 International
http://www.wikidata.org/entity/Q103918338,Creative Commons Attribution-ShareAlike; Creative Commons Attribution-NonCommercial-NoDerivatives; Creative Commons Attribution-ShareAlike 4.0 International
http://www.wikidata.org/entity/Q103918339,Creative Commons Attribution-ShareAlike; Creative Commons Attribution-NonCommercial-NoDerivatives; Creative Commons Attribution-ShareAlike 4.0 International
http://www.wikidata.org/entity/Q103918336,Creative Commons Attribution-ShareAlike; Creative Commons Attribution-NonCommercial-NoDerivatives; Creative Commons Attribution-ShareAlike 4.0 International
http://www.wikidata.org/entity/Q103918341,Creative Commons Attribution-ShareAlike; Creative Commons Attribution-NonCommercial-NoDerivatives; Creative Commons Attribution-ShareAlike 4.0 International
http://www.wikidata.org/entity/Q103918347,Creative Commons Attribution-ShareAlike; Creative Commons Attribution-NonCommercial-NoDerivatives; Creative Commons Attribution-ShareAlike 4.0 International
http://www.wikidata.org/entity/Q103918344,Creative Commons Attribution-ShareAlike; Creative Commons Attribution-NonCommercial-NoDerivatives; Creative Commons Attribution-ShareAlike 4.0 International
http://www.wikidata.org/entity/Q103918350,Creative Commons Attribution-ShareAlike; Creative Commons Attribution-NonCommercial-NoDerivatives; Creative Commons Attribution-ShareAlike 4.0 International
http://www.wikidata.org/entity/Q103918353,Creative Commons Attribution-ShareAlike; Creative Commons Attribution-NonCommercial-NoDerivatives; Creative Commons Attribution-ShareAlike 4.0 International
http://www.wikidata.org/entity/Q103918358,Creative Commons Attribution-ShareAlike; Creative Commons Attribution-NonCommercial-NoDerivatives; Creative Commons Attribution-ShareAlike 4.0 International
http://www.wikidata.org/entity/Q103918356,Creative Commons Attribution-ShareAlike; Creative Commons Attribution-NonCommercial-NoDerivatives; Creative Commons Attribution-ShareAlike 4.0 International
http://www.wikidata.org/entity/Q103918363,Creative Commons Attribution-ShareAlike; Creative Commons Attribution-NonCommercial-NoDerivatives; Creative Commons Attribution-ShareAlike 4.0 International
http://www.wikidata.org/entity/Q103918361,Creative Commons Attribution-ShareAlike; Creative Commons Attribution-NonCommercial-NoDerivatives; Creative Commons Attribution-ShareAlike 4.0 International
http://www.wikidata.org/entity/Q103918366,Creative Commons Attribution-ShareAlike; Creative Commons Attribution-NonCommercial-NoDerivatives; Creative Commons Attribution-ShareAlike 4.0 International
http://www.wikidata.org/entity/Q103918370,Creative Commons Attribution-ShareAlike; Creative Commons Attribution-NonCommercial-NoDerivatives; Creative Commons Attribution-ShareAlike 4.0 International
http://www.wikidata.org/entity/Q103918368,Creative Commons Attribution-ShareAlike; Creative Commons Attribution-NonCommercial-NoDerivatives; Creative Commons Attribution-ShareAlike 4.0 International
http://www.wikidata.org/entity/Q103918375,Creative Commons Attribution-ShareAlike; Creative Commons Attribution-NonCommercial-NoDerivatives; Creative Commons Attribution-ShareAlike 4.0 International
http://www.wikidata.org/entity/Q103918373,Creative Commons Attribution-ShareAlike; Creative Commons Attribution-NonCommercial-NoDerivatives; Creative Commons Attribution-ShareAlike 4.0 International
http://www.wikidata.org/entity/Q103918377,Creative Commons Attribution-ShareAlike; Creative Commons Attribution-NonCommercial-NoDerivatives; Creative Commons Attribution-ShareAlike 4.0 International
http://www.wikidata.org/entity/Q103919289,Creative Commons Attribution-ShareAlike; Creative Commons Attribution-NonCommercial-NoDerivatives; Creative Commons Attribution-ShareAlike 4.0 International
http://www.wikidata.org/entity/Q103919294,Creative Commons Attribution-ShareAlike; Creative Commons Attribution-NonCommercial-NoDerivatives; Creative Commons Attribution-ShareAlike 4.0 International
http://www.wikidata.org/entity/Q103919299,Creative Commons Attribution-ShareAlike; Creative Commons Attribution-NonCommercial-NoDerivatives; Creative Commons Attribution-ShareAlike 4.0 International
http://www.wikidata.org/entity/Q103919296,Creative Commons Attribution-ShareAlike; Creative Commons Attribution-NonCommercial-NoDerivatives; Creative Commons Attribution-ShareAlike 4.0 International
http://www.wikidata.org/entity/Q103919303,Creative Commons Attribution-ShareAlike; Creative Commons Attribution-NonCommercial-NoDerivatives; Creative Commons Attribution-ShareAlike 4.0 International
http://www.wikidata.org/entity/Q103919301,Creative Commons Attribution-ShareAlike; Creative Commons Attribution-NonCommercial-NoDerivatives; Creative Commons Attribution-ShareAlike 4.0 International
http://www.wikidata.org/entity/Q103919307,Creative Commons Attribution-ShareAlike; Creative Commons Attribution-NonCommercial-NoDerivatives; Creative Commons Attribution-ShareAlike 4.0 International
http://www.wikidata.org/entity/Q103919305,Creative Commons Attribution-ShareAlike; Creative Commons Attribution-NonCommercial-NoDerivatives; Creative Commons Attribution-ShareAlike 4.0 International
http://www.wikidata.org/entity/Q103919309,Creative Commons Attribution-ShareAlike; Creative Commons Attribution-NonCommercial-NoDerivatives; Creative Commons Attribution-ShareAlike 4.0 International
http://www.wikidata.org/entity/Q103919315,Creative Commons Attribution-ShareAlike; Creative Commons Attribution-NonCommercial-NoDerivatives; Creative Commons Attribution-ShareAlike 4.0 International
http://www.wikidata.org/entity/Q103919312,Creative Commons Attribution-ShareAlike; Creative Commons Attribution-NonCommercial-NoDerivatives; Creative Commons Attribution-ShareAlike 4.0 International
http://www.wikidata.org/entity/Q103919318,Creative Commons Attribution-ShareAlike; Creative Commons Attribution-NonCommercial-NoDerivatives; Creative Commons Attribution-ShareAlike 4.0 International
http://www.wikidata.org/entity/Q103919323,Creative Commons Attribution-ShareAlike; Creative Commons Attribution-NonCommercial-NoDerivatives; Creative Commons Attribution-ShareAlike 4.0 International
http://www.wikidata.org/entity/Q103919320,Creative Commons Attribution-ShareAlike; Creative Commons Attribution-NonCommercial-NoDerivatives; Creative Commons Attribution-ShareAlike 4.0 International
http://www.wikidata.org/entity/Q103919326,Creative Commons Attribution-ShareAlike; Creative Commons Attribution-NonCommercial-NoDerivatives; Creative Commons Attribution-ShareAlike 4.0 International
http://www.wikidata.org/entity/Q103919331,Creative Commons Attribution-ShareAlike; Creative Commons Attribution-NonCommercial-NoDerivatives; Creative Commons Attribution-ShareAlike 4.0 International
http://www.wikidata.org/entity/Q103919328,Creative Commons Attribution-ShareAlike; Creative Commons Attribution-NonCommercial-NoDerivatives; Creative Commons Attribution-ShareAlike 4.0 International
http://www.wikidata.org/entity/Q103919333,Creative Commons Attribution-ShareAlike; Creative Commons Attribution-NonCommercial-NoDerivatives; Creative Commons Attribution-ShareAlike 4.0 International
http://www.wikidata.org/entity/Q103919339,Creative Commons Attribution-ShareAlike; Creative Commons Attribution-NonCommercial-NoDerivatives; Creative Commons Attribution-ShareAlike 4.0 International
http://www.wikidata.org/entity/Q103919336,Creative Commons Attribution-ShareAlike; Creative Commons Attribution-NonCommercial-NoDerivatives; Creative Commons Attribution-ShareAlike 4.0 International
http://www.wikidata.org/entity/Q103919343,Creative Commons Attribution-ShareAlike; Creative Commons Attribution-NonCommercial-NoDerivatives; Creative Commons Attribution-ShareAlike 4.0 International
http://www.wikidata.org/entity/Q103919346,Creative Commons Attribution-ShareAlike; Creative Commons Attribution-NonCommercial-NoDerivatives; Creative Commons Attribution-ShareAlike 4.0 International
http://www.wikidata.org/entity/Q103919351,Creative Commons Attribution-ShareAlike; Creative Commons Attribution-NonCommercial-NoDerivatives; Creative Commons Attribution-ShareAlike 4.0 International
http://www.wikidata.org/entity/Q103919348,Creative Commons Attribution-ShareAlike; Creative Commons Attribution-NonCommercial-NoDerivatives; Creative Commons Attribution-ShareAlike 4.0 International
http://www.wikidata.org/entity/Q103919353,Creative Commons Attribution-ShareAlike; Creative Commons Attribution-NonCommercial-NoDerivatives; Creative Commons Attribution-ShareAlike 4.0 International
http://www.wikidata.org/entity/Q103949219,
http://www.wikidata.org/entity/Q103949227,
http://www.wikidata.org/entity/Q103949230,
http://www.wikidata.org/entity/Q103949234,
http://www.wikidata.org/entity/Q103949237,
http://www.wikidata.org/entity/Q103949242,
http://www.wikidata.org/entity/Q103949248,
http://www.wikidata.org/entity/Q103949253,
http://www.wikidata.org/entity/Q103949258,
http://www.wikidata.org/entity/Q103949266,
http://www.wikidata.org/entity/Q103949269,
http://www.wikidata.org/entity/Q103949274,
http://www.wikidata.org/entity/Q103949282,
http://www.wikidata.org/entity/Q103949284,
http://www.wikidata.org/entity/Q103949290,
http://www.wikidata.org/entity/Q103949342,
http://www.wikidata.org/entity/Q103949351,
http://www.wikidata.org/entity/Q103949355,
http://www.wikidata.org/entity/Q103949362,
http://www.wikidata.org/entity/Q103949360,
http://www.wikidata.org/entity/Q103949365,
http://www.wikidata.org/entity/Q103949369,
http://www.wikidata.org/entity/Q103949373,
http://www.wikidata.org/entity/Q103949377,
http://www.wikidata.org/entity/Q103949382,
http://www.wikidata.org/entity/Q103949385,
http://www.wikidata.org/entity/Q103949391,
http://www.wikidata.org/entity/Q103949397,
http://www.wikidata.org/entity/Q103949402,
http://www.wikidata.org/entity/Q103949406,
http://www.wikidata.org/entity/Q103949408,
http://www.wikidata.org/entity/Q103949414,
http://www.wikidata.org/entity/Q103949412,
http://www.wikidata.org/entity/Q103949419,
http://www.wikidata.org/entity/Q103949425,
http://www.wikidata.org/entity/Q103949431,
http://www.wikidata.org/entity/Q103949428,
http://www.wikidata.org/entity/Q103949437,
http://www.wikidata.org/entity/Q103949443,
http://www.wikidata.org/entity/Q103949445,
http://www.wikidata.org/entity/Q103949450,
http://www.wikidata.org/entity/Q103949454,
http://www.wikidata.org/entity/Q103949460,
http://www.wikidata.org/entity/Q103949465,
http://www.wikidata.org/entity/Q103949468,
http://www.wikidata.org/entity/Q103949472,
http://www.wikidata.org/entity/Q103949476,
http://www.wikidata.org/entity/Q103949482,
http://www.wikidata.org/entity/Q104057116,Creative Commons Attribution
http://www.wikidata.org/entity/Q104057358,Creative Commons Attribution
http://www.wikidata.org/entity/Q104150702,Creative Commons Attribution
http://www.wikidata.org/entity/Q104150703,Creative Commons Attribution
http://www.wikidata.org/entity/Q104150704,Creative Commons Attribution
http://www.wikidata.org/entity/Q104213403,Creative Commons Attribution
http://www.wikidata.org/entity/Q104213404,Creative Commons Attribution
http://www.wikidata.org/entity/Q104250752,Creative Commons Attribution
http://www.wikidata.org/entity/Q104250758,Creative Commons Attribution
http://www.wikidata.org/entity/Q104250756,Creative Commons Attribution
http://www.wikidata.org/entity/Q104250763,Creative Commons Attribution
http://www.wikidata.org/entity/Q104250761,Creative Commons Attribution
http://www.wikidata.org/entity/Q104250766,Creative Commons Attribution
http://www.wikidata.org/entity/Q104250768,Creative Commons Attribution
http://www.wikidata.org/entity/Q104250769,Creative Commons Attribution
http://www.wikidata.org/entity/Q104250775,Creative Commons Attribution
http://www.wikidata.org/entity/Q104250772,Creative Commons Attribution
http://www.wikidata.org/entity/Q104250773,Creative Commons Attribution
http://www.wikidata.org/entity/Q104250778,Creative Commons Attribution
http://www.wikidata.org/entity/Q104250781,Creative Commons Attribution
http://www.wikidata.org/entity/Q104250786,Creative Commons Attribution
http://www.wikidata.org/entity/Q104250784,Creative Commons Attribution
http://www.wikidata.org/entity/Q104250790,Creative Commons Attribution
http://www.wikidata.org/entity/Q104250788,Creative Commons Attribution
http://www.wikidata.org/entity/Q104250795,Creative Commons Attribution
http://www.wikidata.org/entity/Q104250793,Creative Commons Attribution
http://www.wikidata.org/entity/Q104250798,Creative Commons Attribution
http://www.wikidata.org/entity/Q104381859,Creative Commons Attribution
http://www.wikidata.org/entity/Q104381886,Creative Commons Attribution
http://www.wikidata.org/entity/Q104381887,Creative Commons Attribution
http://www.wikidata.org/entity/Q104381885,Creative Commons Attribution
http://www.wikidata.org/entity/Q104381890,Creative Commons Attribution
http://www.wikidata.org/entity/Q104381891,Creative Commons Attribution
http://www.wikidata.org/entity/Q104381888,Creative Commons Attribution
http://www.wikidata.org/entity/Q104381889,Creative Commons Attribution
http://www.wikidata.org/entity/Q104381894,Creative Commons Attribution
http://www.wikidata.org/entity/Q104381895,Creative Commons Attribution
http://www.wikidata.org/entity/Q104381892,Creative Commons Attribution
http://www.wikidata.org/entity/Q104381893,Creative Commons Attribution
http://www.wikidata.org/entity/Q104381898,Creative Commons Attribution
http://www.wikidata.org/entity/Q104381899,Creative Commons Attribution
http://www.wikidata.org/entity/Q104381896,Creative Commons Attribution
http://www.wikidata.org/entity/Q104381897,Creative Commons Attribution
http://www.wikidata.org/entity/Q104381902,Creative Commons Attribution
http://www.wikidata.org/entity/Q104381903,Creative Commons Attribution
http://www.wikidata.org/entity/Q104381900,Creative Commons Attribution
http://www.wikidata.org/entity/Q104381901,Creative Commons Attribution
http://www.wikidata.org/entity/Q104381904,Creative Commons Attribution
http://www.wikidata.org/entity/Q104381905,Creative Commons Attribution
http://www.wikidata.org/entity/Q104382458,Creative Commons Attribution
http://www.wikidata.org/entity/Q104382459,Creative Commons Attribution
http://www.wikidata.org/entity/Q104382457,Creative Commons Attribution
http://www.wikidata.org/entity/Q103919359,Creative Commons Attribution-ShareAlike; Creative Commons Attribution-NonCommercial-NoDerivatives; Creative Commons Attribution-ShareAlike 4.0 International
http://www.wikidata.org/entity/Q103919357,Creative Commons Attribution-ShareAlike; Creative Commons Attribution-NonCommercial-NoDerivatives; Creative Commons Attribution-ShareAlike 4.0 International
http://www.wikidata.org/entity/Q103919362,Creative Commons Attribution-ShareAlike; Creative Commons Attribution-NonCommercial-NoDerivatives; Creative Commons Attribution-ShareAlike 4.0 International
http://www.wikidata.org/entity/Q103919366,Creative Commons Attribution-ShareAlike; Creative Commons Attribution-NonCommercial-NoDerivatives; Creative Commons Attribution-ShareAlike 4.0 International
http://www.wikidata.org/entity/Q103919364,Creative Commons Attribution-ShareAlike; Creative Commons Attribution-NonCommercial-NoDerivatives; Creative Commons Attribution-ShareAlike 4.0 International
http://www.wikidata.org/entity/Q103919369,Creative Commons Attribution-ShareAlike; Creative Commons Attribution-NonCommercial-NoDerivatives; Creative Commons Attribution-ShareAlike 4.0 International
http://www.wikidata.org/entity/Q103919372,Creative Commons Attribution-ShareAlike; Creative Commons Attribution-NonCommercial-NoDerivatives; Creative Commons Attribution-ShareAlike 4.0 International
http://www.wikidata.org/entity/Q103919378,Creative Commons Attribution-ShareAlike; Creative Commons Attribution-NonCommercial-NoDerivatives; Creative Commons Attribution-ShareAlike 4.0 International
http://www.wikidata.org/entity/Q103919376,Creative Commons Attribution-ShareAlike; Creative Commons Attribution-NonCommercial-NoDerivatives; Creative Commons Attribution-ShareAlike 4.0 International
http://www.wikidata.org/entity/Q103919382,Creative Commons Attribution-ShareAlike; Creative Commons Attribution-NonCommercial-NoDerivatives; Creative Commons Attribution-ShareAlike 4.0 International
http://www.wikidata.org/entity/Q103919380,Creative Commons Attribution-ShareAlike; Creative Commons Attribution-NonCommercial-NoDerivatives; Creative Commons Attribution-ShareAlike 4.0 International
http://www.wikidata.org/entity/Q103919385,Creative Commons Attribution-ShareAlike; Creative Commons Attribution-NonCommercial-NoDerivatives; Creative Commons Attribution-ShareAlike 4.0 International
http://www.wikidata.org/entity/Q103919389,Creative Commons Attribution-ShareAlike; Creative Commons Attribution-NonCommercial-NoDerivatives; Creative Commons Attribution-ShareAlike 4.0 International
http://www.wikidata.org/entity/Q103919394,Creative Commons Attribution-ShareAlike; Creative Commons Attribution-NonCommercial-NoDerivatives; Creative Commons Attribution-ShareAlike 4.0 International
http://www.wikidata.org/entity/Q103919396,Creative Commons Attribution-ShareAlike; Creative Commons Attribution-NonCommercial-NoDerivatives; Creative Commons Attribution-ShareAlike 4.0 International
http://www.wikidata.org/entity/Q103919620,Creative Commons Attribution-ShareAlike; Creative Commons Attribution-NonCommercial-NoDerivatives; Creative Commons Attribution-ShareAlike 4.0 International
http://www.wikidata.org/entity/Q103919627,Creative Commons Attribution-ShareAlike; Creative Commons Attribution-NonCommercial-NoDerivatives; Creative Commons Attribution-ShareAlike 4.0 International
http://www.wikidata.org/entity/Q103919625,Creative Commons Attribution-ShareAlike; Creative Commons Attribution-NonCommercial-NoDerivatives; Creative Commons Attribution-ShareAlike 4.0 International
http://www.wikidata.org/entity/Q103919629,Creative Commons Attribution-ShareAlike; Creative Commons Attribution-NonCommercial-NoDerivatives; Creative Commons Attribution-ShareAlike 4.0 International
http://www.wikidata.org/entity/Q103919635,Creative Commons Attribution-ShareAlike; Creative Commons Attribution-NonCommercial-NoDerivatives; Creative Commons Attribution-ShareAlike 4.0 International
http://www.wikidata.org/entity/Q103919632,Creative Commons Attribution-ShareAlike; Creative Commons Attribution-NonCommercial-NoDerivatives; Creative Commons Attribution-ShareAlike 4.0 International
http://www.wikidata.org/entity/Q103919633,Creative Commons Attribution-ShareAlike; Creative Commons Attribution-NonCommercial-NoDerivatives; Creative Commons Attribution-ShareAlike 4.0 International
http://www.wikidata.org/entity/Q103919639,Creative Commons Attribution-ShareAlike; Creative Commons Attribution-NonCommercial-NoDerivatives; Creative Commons Attribution-ShareAlike 4.0 International
http://www.wikidata.org/entity/Q103919643,Creative Commons Attribution-ShareAlike; Creative Commons Attribution-NonCommercial-NoDerivatives; Creative Commons Attribution-ShareAlike 4.0 International
http://www.wikidata.org/entity/Q103919646,Creative Commons Attribution-ShareAlike; Creative Commons Attribution-NonCommercial-NoDerivatives; Creative Commons Attribution-ShareAlike 4.0 International
http://www.wikidata.org/entity/Q103919650,Creative Commons Attribution-ShareAlike; Creative Commons Attribution-NonCommercial-NoDerivatives; Creative Commons Attribution-ShareAlike 4.0 International
http://www.wikidata.org/entity/Q103919654,Creative Commons Attribution-ShareAlike; Creative Commons Attribution-NonCommercial-NoDerivatives; Creative Commons Attribution-ShareAlike 4.0 International
http://www.wikidata.org/entity/Q103919652,Creative Commons Attribution-ShareAlike; Creative Commons Attribution-NonCommercial-NoDerivatives; Creative Commons Attribution-ShareAlike 4.0 International
http://www.wikidata.org/entity/Q103919658,Creative Commons Attribution-ShareAlike; Creative Commons Attribution-NonCommercial-NoDerivatives; Creative Commons Attribution-ShareAlike 4.0 International
http://www.wikidata.org/entity/Q103919715,Creative Commons Attribution-ShareAlike; Creative Commons Attribution-NonCommercial-NoDerivatives; Creative Commons Attribution-ShareAlike 4.0 International
http://www.wikidata.org/entity/Q103919718,Creative Commons Attribution-ShareAlike; Creative Commons Attribution-NonCommercial-NoDerivatives; Creative Commons Attribution-ShareAlike 4.0 International
http://www.wikidata.org/entity/Q103919722,Creative Commons Attribution-ShareAlike; Creative Commons Attribution-NonCommercial-NoDerivatives; Creative Commons Attribution-ShareAlike 4.0 International
http://www.wikidata.org/entity/Q103919720,Creative Commons Attribution-ShareAlike; Creative Commons Attribution-NonCommercial-NoDerivatives; Creative Commons Attribution-ShareAlike 4.0 International
http://www.wikidata.org/entity/Q103919727,Creative Commons Attribution-ShareAlike; Creative Commons Attribution-NonCommercial-NoDerivatives; Creative Commons Attribution-ShareAlike 4.0 International
http://www.wikidata.org/entity/Q103919724,Creative Commons Attribution-ShareAlike; Creative Commons Attribution-NonCommercial-NoDerivatives; Creative Commons Attribution-ShareAlike 4.0 International
http://www.wikidata.org/entity/Q103919730,Creative Commons Attribution-ShareAlike; Creative Commons Attribution-NonCommercial-NoDerivatives; Creative Commons Attribution-ShareAlike 4.0 International
http://www.wikidata.org/entity/Q103919735,Creative Commons Attribution-ShareAlike; Creative Commons Attribution-NonCommercial-NoDerivatives; Creative Commons Attribution-ShareAlike 4.0 International
http://www.wikidata.org/entity/Q103919732,Creative Commons Attribution-ShareAlike; Creative Commons Attribution-NonCommercial-NoDerivatives; Creative Commons Attribution-ShareAlike 4.0 International
http://www.wikidata.org/entity/Q103919738,Creative Commons Attribution-ShareAlike; Creative Commons Attribution-NonCommercial-NoDerivatives; Creative Commons Attribution-ShareAlike 4.0 International
http://www.wikidata.org/entity/Q103919742,Creative Commons Attribution-ShareAlike; Creative Commons Attribution-NonCommercial-NoDerivatives; Creative Commons Attribution-ShareAlike 4.0 International
http://www.wikidata.org/entity/Q103919894,Creative Commons Attribution-ShareAlike; Creative Commons Attribution-NonCommercial-NoDerivatives; Creative Commons Attribution-ShareAlike 4.0 International
http://www.wikidata.org/entity/Q103919979,Creative Commons Attribution-ShareAlike; Creative Commons Attribution-NonCommercial-NoDerivatives; Creative Commons Attribution-ShareAlike 4.0 International
http://www.wikidata.org/entity/Q103919982,Creative Commons Attribution-ShareAlike; Creative Commons Attribution-NonCommercial-NoDerivatives; Creative Commons Attribution-ShareAlike 4.0 International
http://www.wikidata.org/entity/Q103919987,Creative Commons Attribution-ShareAlike; Creative Commons Attribution-NonCommercial-NoDerivatives; Creative Commons Attribution-ShareAlike 4.0 International
http://www.wikidata.org/entity/Q103919985,Creative Commons Attribution-ShareAlike; Creative Commons Attribution-NonCommercial-NoDerivatives; Creative Commons Attribution-ShareAlike 4.0 International
http://www.wikidata.org/entity/Q103919990,Creative Commons Attribution-ShareAlike; Creative Commons Attribution-NonCommercial-NoDerivatives; Creative Commons Attribution-ShareAlike 4.0 International
http://www.wikidata.org/entity/Q103919994,Creative Commons Attribution-ShareAlike; Creative Commons Attribution-NonCommercial-NoDerivatives; Creative Commons Attribution-ShareAlike 4.0 International
http://www.wikidata.org/entity/Q103919999,Creative Commons Attribution-ShareAlike; Creative Commons Attribution-NonCommercial-NoDerivatives; Creative Commons Attribution-ShareAlike 4.0 International
http://www.wikidata.org/entity/Q103920001,Creative Commons Attribution-ShareAlike; Creative Commons Attribution-NonCommercial-NoDerivatives; Creative Commons Attribution-ShareAlike 4.0 International
http://www.wikidata.org/entity/Q103920007,Creative Commons Attribution-ShareAlike; Creative Commons Attribution-NonCommercial-NoDerivatives; Creative Commons Attribution-ShareAlike 4.0 International
http://www.wikidata.org/entity/Q103920009,Creative Commons Attribution-ShareAlike; Creative Commons Attribution-NonCommercial-NoDerivatives; Creative Commons Attribution-ShareAlike 4.0 International
http://www.wikidata.org/entity/Q103920012,Creative Commons Attribution-ShareAlike; Creative Commons Attribution-NonCommercial-NoDerivatives; Creative Commons Attribution-ShareAlike 4.0 International
http://www.wikidata.org/entity/Q103920016,Creative Commons Attribution-ShareAlike; Creative Commons Attribution-NonCommercial-NoDerivatives; Creative Commons Attribution-ShareAlike 4.0 International
http://www.wikidata.org/entity/Q103948932,
http://www.wikidata.org/entity/Q103948937,
http://www.wikidata.org/entity/Q103948941,
http://www.wikidata.org/entity/Q103948945,
http://www.wikidata.org/entity/Q103948950,
http://www.wikidata.org/entity/Q103948951,
http://www.wikidata.org/entity/Q103948955,
http://www.wikidata.org/entity/Q103948958,
http://www.wikidata.org/entity/Q103948962,
http://www.wikidata.org/entity/Q103948964,
http://www.wikidata.org/entity/Q103948970,
http://www.wikidata.org/entity/Q103948968,
http://www.wikidata.org/entity/Q103948975,
http://www.wikidata.org/entity/Q103948977,
http://www.wikidata.org/entity/Q103948981,
http://www.wikidata.org/entity/Q103948986,
http://www.wikidata.org/entity/Q103948989,
http://www.wikidata.org/entity/Q103948995,
http://www.wikidata.org/entity/Q103948999,
http://www.wikidata.org/entity/Q103949004,
http://www.wikidata.org/entity/Q103949008,
http://www.wikidata.org/entity/Q103949012,
http://www.wikidata.org/entity/Q103949016,
http://www.wikidata.org/entity/Q103949017,
http://www.wikidata.org/entity/Q103949027,
http://www.wikidata.org/entity/Q103949024,
http://www.wikidata.org/entity/Q103949093,
http://www.wikidata.org/entity/Q103949098,
http://www.wikidata.org/entity/Q103949103,
http://www.wikidata.org/entity/Q103949113,
http://www.wikidata.org/entity/Q103949118,
http://www.wikidata.org/entity/Q103949123,
http://www.wikidata.org/entity/Q103949130,
http://www.wikidata.org/entity/Q103949137,
http://www.wikidata.org/entity/Q103949143,
http://www.wikidata.org/entity/Q103949146,
http://www.wikidata.org/entity/Q103949150,
http://www.wikidata.org/entity/Q103949156,
http://www.wikidata.org/entity/Q103949167,
http://www.wikidata.org/entity/Q103949170,
http://www.wikidata.org/entity/Q103949176,
http://www.wikidata.org/entity/Q103949183,
http://www.wikidata.org/entity/Q103949187,
http://www.wikidata.org/entity/Q103949190,
http://www.wikidata.org/entity/Q103949193,
http://www.wikidata.org/entity/Q103949200,
http://www.wikidata.org/entity/Q103949206,
http://www.wikidata.org/entity/Q104382462,Creative Commons Attribution
http://www.wikidata.org/entity/Q104382463,Creative Commons Attribution
http://www.wikidata.org/entity/Q104382460,Creative Commons Attribution
http://www.wikidata.org/entity/Q104382466,Creative Commons Attribution
http://www.wikidata.org/entity/Q104382467,Creative Commons Attribution
http://www.wikidata.org/entity/Q104382464,Creative Commons Attribution
http://www.wikidata.org/entity/Q104382465,Creative Commons Attribution
http://www.wikidata.org/entity/Q104382470,Creative Commons Attribution
http://www.wikidata.org/entity/Q104382471,Creative Commons Attribution
http://www.wikidata.org/entity/Q104382468,Creative Commons Attribution
http://www.wikidata.org/entity/Q104382469,Creative Commons Attribution
http://www.wikidata.org/entity/Q104382475,Creative Commons Attribution
http://www.wikidata.org/entity/Q104382472,Creative Commons Attribution
http://www.wikidata.org/entity/Q104382473,Creative Commons Attribution
http://www.wikidata.org/entity/Q104455507,Creative Commons Attribution
http://www.wikidata.org/entity/Q104786698,Creative Commons Attribution-NonCommercial-NoDerivatives
http://www.wikidata.org/entity/Q104786699,Creative Commons Attribution-NonCommercial-NoDerivatives
http://www.wikidata.org/entity/Q104786702,Creative Commons Attribution-NonCommercial-NoDerivatives
http://www.wikidata.org/entity/Q104786700,Creative Commons Attribution-NonCommercial-NoDerivatives
http://www.wikidata.org/entity/Q104786701,Creative Commons Attribution-NonCommercial-NoDerivatives
http://www.wikidata.org/entity/Q104786706,Creative Commons Attribution-NonCommercial-NoDerivatives
http://www.wikidata.org/entity/Q104786707,Creative Commons Attribution-NonCommercial-NoDerivatives
http://www.wikidata.org/entity/Q104786704,Creative Commons Attribution-NonCommercial-NoDerivatives
http://www.wikidata.org/entity/Q104786705,Creative Commons Attribution-NonCommercial-NoDerivatives
http://www.wikidata.org/entity/Q104786709,Creative Commons Attribution-NonCommercial-NoDerivatives
http://www.wikidata.org/entity/Q105491102,Creative Commons Attribution-ShareAlike; Creative Commons Attribution-NonCommercial-NoDerivatives; Creative Commons Attribution-ShareAlike 4.0 International
http://www.wikidata.org/entity/Q105491103,Creative Commons Attribution-ShareAlike; Creative Commons Attribution-NonCommercial-NoDerivatives; Creative Commons Attribution-ShareAlike 4.0 International
http://www.wikidata.org/entity/Q105491101,Creative Commons Attribution-ShareAlike; Creative Commons Attribution-NonCommercial-NoDerivatives; Creative Commons Attribution-ShareAlike 4.0 International
http://www.wikidata.org/entity/Q105491106,Creative Commons Attribution-ShareAlike; Creative Commons Attribution-NonCommercial-NoDerivatives; Creative Commons Attribution-ShareAlike 4.0 International
http://www.wikidata.org/entity/Q105491107,Creative Commons Attribution-ShareAlike; Creative Commons Attribution-NonCommercial-NoDerivatives; Creative Commons Attribution-ShareAlike 4.0 International
http://www.wikidata.org/entity/Q105491104,Creative Commons Attribution-ShareAlike; Creative Commons Attribution-NonCommercial-NoDerivatives; Creative Commons Attribution-ShareAlike 4.0 International
http://www.wikidata.org/entity/Q105491105,Creative Commons Attribution-ShareAlike; Creative Commons Attribution-NonCommercial-NoDerivatives; Creative Commons Attribution-ShareAlike 4.0 International
http://www.wikidata.org/entity/Q105491110,Creative Commons Attribution-ShareAlike; Creative Commons Attribution-NonCommercial-NoDerivatives; Creative Commons Attribution-ShareAlike 4.0 International
http://www.wikidata.org/entity/Q105491108,Creative Commons Attribution-ShareAlike; Creative Commons Attribution-NonCommercial-NoDerivatives; Creative Commons Attribution-ShareAlike 4.0 International
http://www.wikidata.org/entity/Q105491109,Creative Commons Attribution-ShareAlike; Creative Commons Attribution-NonCommercial-NoDerivatives; Creative Commons Attribution-ShareAlike 4.0 International
http://www.wikidata.org/entity/Q105491114,Creative Commons Attribution-ShareAlike; Creative Commons Attribution-NonCommercial-NoDerivatives; Creative Commons Attribution-ShareAlike 4.0 International
http://www.wikidata.org/entity/Q105491112,Creative Commons Attribution-ShareAlike; Creative Commons Attribution-NonCommercial-NoDerivatives; Creative Commons Attribution-ShareAlike 4.0 International
http://www.wikidata.org/entity/Q105491113,Creative Commons Attribution-ShareAlike; Creative Commons Attribution-NonCommercial-NoDerivatives; Creative Commons Attribution-ShareAlike 4.0 International
http://www.wikidata.org/entity/Q106696225,Creative Commons Attribution 3.0 Unported
http://www.wikidata.org/entity/Q107394986,Creative Commons Attribution-NonCommercial-NoDerivatives
http://www.wikidata.org/entity/Q107394987,Creative Commons Attribution-NonCommercial-NoDerivatives
http://www.wikidata.org/entity/Q107394990,Creative Commons Attribution-NonCommercial-NoDerivatives
http://www.wikidata.org/entity/Q107394991,Creative Commons Attribution-NonCommercial-NoDerivatives
http://www.wikidata.org/entity/Q107394988,Creative Commons Attribution-NonCommercial-NoDerivatives
http://www.wikidata.org/entity/Q107394989,Creative Commons Attribution-NonCommercial-NoDerivatives
http://www.wikidata.org/entity/Q107394994,Creative Commons Attribution-NonCommercial-NoDerivatives
http://www.wikidata.org/entity/Q107394995,Creative Commons Attribution-NonCommercial-NoDerivatives
http://www.wikidata.org/entity/Q107394992,Creative Commons Attribution-NonCommercial-NoDerivatives
http://www.wikidata.org/entity/Q107394999,Creative Commons Attribution-NonCommercial-NoDerivatives
http://www.wikidata.org/entity/Q107394996,Creative Commons Attribution-NonCommercial-NoDerivatives
http://www.wikidata.org/entity/Q107394997,Creative Commons Attribution-NonCommercial-NoDerivatives
http://www.wikidata.org/entity/Q107395002,Creative Commons Attribution-NonCommercial-NoDerivatives
http://www.wikidata.org/entity/Q107395003,Creative Commons Attribution-NonCommercial-NoDerivatives
http://www.wikidata.org/entity/Q107395000,Creative Commons Attribution-NonCommercial-NoDerivatives
http://www.wikidata.org/entity/Q107395001,Creative Commons Attribution-NonCommercial-NoDerivatives
http://www.wikidata.org/entity/Q107620404,Creative Commons Attribution-NonCommercial-NoDerivatives
http://www.wikidata.org/entity/Q107699770,Creative Commons Attribution
http://www.wikidata.org/entity/Q109593333,
http://www.wikidata.org/entity/Q109593344,Creative Commons Attribution
http://www.wikidata.org/entity/Q109622637,
http://www.wikidata.org/entity/Q109659838,Creative Commons Attribution 3.0 Unported
http://www.wikidata.org/entity/Q109659843,Creative Commons Attribution 3.0 Unported
http://www.wikidata.org/entity/Q109854295,Creative Commons Attribution-NonCommercial-NoDerivatives
http://www.wikidata.org/entity/Q109854298,Creative Commons Attribution-NonCommercial-NoDerivatives
http://www.wikidata.org/entity/Q109854299,Creative Commons Attribution-NonCommercial-NoDerivatives
http://www.wikidata.org/entity/Q109854296,Creative Commons Attribution-NonCommercial-NoDerivatives
http://www.wikidata.org/entity/Q109854297,Creative Commons Attribution-NonCommercial-NoDerivatives
http://www.wikidata.org/entity/Q109854302,Creative Commons Attribution-NonCommercial-NoDerivatives
http://www.wikidata.org/entity/Q109854303,Creative Commons Attribution-NonCommercial-NoDerivatives
http://www.wikidata.org/entity/Q109854301,Creative Commons Attribution-NonCommercial-NoDerivatives
http://www.wikidata.org/entity/Q109854306,Creative Commons Attribution-NonCommercial-NoDerivatives
http://www.wikidata.org/entity/Q109854307,Creative Commons Attribution-NonCommercial-NoDerivatives
http://www.wikidata.org/entity/Q109854304,Creative Commons Attribution-NonCommercial-NoDerivatives
http://www.wikidata.org/entity/Q109854311,Creative Commons Attribution-NonCommercial-NoDerivatives
http://www.wikidata.org/entity/Q109854309,Creative Commons Attribution-NonCommercial-NoDerivatives
http://www.wikidata.org/entity/Q109854314,Creative Commons Attribution-NonCommercial-NoDerivatives
http://www.wikidata.org/entity/Q109854315,Creative Commons Attribution-NonCommercial-NoDerivatives
http://www.wikidata.org/entity/Q109854312,Creative Commons Attribution-NonCommercial-NoDerivatives
http://www.wikidata.org/entity/Q109854313,Creative Commons Attribution-NonCommercial-NoDerivatives
http://www.wikidata.org/entity/Q109854319,Creative Commons Attribution-NonCommercial-NoDerivatives
http://www.wikidata.org/entity/Q109854316,Creative Commons Attribution-NonCommercial-NoDerivatives
http://www.wikidata.org/entity/Q109854322,Creative Commons Attribution-NonCommercial-NoDerivatives
http://www.wikidata.org/entity/Q109854323,Creative Commons Attribution-NonCommercial-NoDerivatives
http://www.wikidata.org/entity/Q109854326,Creative Commons Attribution-NonCommercial-NoDerivatives
http://www.wikidata.org/entity/Q109854327,Creative Commons Attribution-NonCommercial-NoDerivatives
http://www.wikidata.org/entity/Q109854324,Creative Commons Attribution-NonCommercial-NoDerivatives
http://www.wikidata.org/entity/Q109854325,Creative Commons Attribution-NonCommercial-NoDerivatives
http://www.wikidata.org/entity/Q109854331,Creative Commons Attribution-NonCommercial-NoDerivatives
http://www.wikidata.org/entity/Q109854328,Creative Commons Attribution-NonCommercial-NoDerivatives
http://www.wikidata.org/entity/Q109854329,Creative Commons Attribution-NonCommercial-NoDerivatives
http://www.wikidata.org/entity/Q109854334,Creative Commons Attribution-NonCommercial-NoDerivatives
http://www.wikidata.org/entity/Q109854335,Creative Commons Attribution-NonCommercial-NoDerivatives
http://www.wikidata.org/entity/Q109854332,Creative Commons Attribution-NonCommercial-NoDerivatives
http://www.wikidata.org/entity/Q109854333,Creative Commons Attribution-NonCommercial-NoDerivatives
http://www.wikidata.org/entity/Q109854338,Creative Commons Attribution-NonCommercial-NoDerivatives
http://www.wikidata.org/entity/Q109854336,Creative Commons Attribution-NonCommercial-NoDerivatives
http://www.wikidata.org/entity/Q109854337,Creative Commons Attribution-NonCommercial-NoDerivatives
http://www.wikidata.org/entity/Q109854343,Creative Commons Attribution-NonCommercial-NoDerivatives
http://www.wikidata.org/entity/Q109854341,Creative Commons Attribution-NonCommercial-NoDerivatives
http://www.wikidata.org/entity/Q109854347,Creative Commons Attribution-NonCommercial-NoDerivatives
http://www.wikidata.org/entity/Q109854344,Creative Commons Attribution-NonCommercial-NoDerivatives
http://www.wikidata.org/entity/Q109854345,Creative Commons Attribution-NonCommercial-NoDerivatives
http://www.wikidata.org/entity/Q109854351,Creative Commons Attribution-NonCommercial-NoDerivatives
http://www.wikidata.org/entity/Q109854348,Creative Commons Attribution-NonCommercial-NoDerivatives
http://www.wikidata.org/entity/Q109854349,Creative Commons Attribution-NonCommercial-NoDerivatives
http://www.wikidata.org/entity/Q109854354,Creative Commons Attribution-NonCommercial-NoDerivatives
http://www.wikidata.org/entity/Q109854355,Creative Commons Attribution-NonCommercial-NoDerivatives
http://www.wikidata.org/entity/Q109854352,Creative Commons Attribution-NonCommercial-NoDerivatives
http://www.wikidata.org/entity/Q109854353,Creative Commons Attribution-NonCommercial-NoDerivatives
http://www.wikidata.org/entity/Q109854358,Creative Commons Attribution-NonCommercial-NoDerivatives
http://www.wikidata.org/entity/Q109854359,Creative Commons Attribution-NonCommercial-NoDerivatives
http://www.wikidata.org/entity/Q109854360,Creative Commons Attribution-NonCommercial-NoDerivatives
http://www.wikidata.org/entity/Q109854430,Creative Commons Attribution-NonCommercial-NoDerivatives
http://www.wikidata.org/entity/Q109854431,Creative Commons Attribution-NonCommercial-NoDerivatives
http://www.wikidata.org/entity/Q109854434,Creative Commons Attribution-NonCommercial-NoDerivatives
http://www.wikidata.org/entity/Q109854435,Creative Commons Attribution-NonCommercial-NoDerivatives
http://www.wikidata.org/entity/Q109854432,Creative Commons Attribution-NonCommercial-NoDerivatives
http://www.wikidata.org/entity/Q109854439,Creative Commons Attribution-NonCommercial-NoDerivatives
http://www.wikidata.org/entity/Q109854436,Creative Commons Attribution-NonCommercial-NoDerivatives
http://www.wikidata.org/entity/Q109854437,Creative Commons Attribution-NonCommercial-NoDerivatives
http://www.wikidata.org/entity/Q109854442,Creative Commons Attribution-NonCommercial-NoDerivatives
http://www.wikidata.org/entity/Q109854440,Creative Commons Attribution-NonCommercial-NoDerivatives
http://www.wikidata.org/entity/Q109854446,Creative Commons Attribution-NonCommercial-NoDerivatives
http://www.wikidata.org/entity/Q109854447,Creative Commons Attribution-NonCommercial-NoDerivatives
http://www.wikidata.org/entity/Q109854444,Creative Commons Attribution-NonCommercial-NoDerivatives
http://www.wikidata.org/entity/Q109854445,Creative Commons Attribution-NonCommercial-NoDerivatives
http://www.wikidata.org/entity/Q109854450,Creative Commons Attribution-NonCommercial-NoDerivatives
http://www.wikidata.org/entity/Q109854448,Creative Commons Attribution-NonCommercial-NoDerivatives
http://www.wikidata.org/entity/Q109854449,Creative Commons Attribution-NonCommercial-NoDerivatives
http://www.wikidata.org/entity/Q109854454,Creative Commons Attribution-NonCommercial-NoDerivatives
http://www.wikidata.org/entity/Q109854452,Creative Commons Attribution-NonCommercial-NoDerivatives
http://www.wikidata.org/entity/Q109854458,Creative Commons Attribution-NonCommercial-NoDerivatives
http://www.wikidata.org/entity/Q109854459,Creative Commons Attribution-NonCommercial-NoDerivatives
http://www.wikidata.org/entity/Q109854456,Creative Commons Attribution-NonCommercial-NoDerivatives
http://www.wikidata.org/entity/Q109854457,Creative Commons Attribution-NonCommercial-NoDerivatives
http://www.wikidata.org/entity/Q109854462,Creative Commons Attribution-NonCommercial-NoDerivatives
http://www.wikidata.org/entity/Q109854461,Creative Commons Attribution-NonCommercial-NoDerivatives
http://www.wikidata.org/entity/Q109854464,Creative Commons Attribution-NonCommercial-NoDerivatives
http://www.wikidata.org/entity/Q109854465,Creative Commons Attribution-NonCommercial-NoDerivatives
http://www.wikidata.org/entity/Q109854470,Creative Commons Attribution-NonCommercial-NoDerivatives
http://www.wikidata.org/entity/Q109854471,Creative Commons Attribution-NonCommercial-NoDerivatives
http://www.wikidata.org/entity/Q109854468,Creative Commons Attribution-NonCommercial-NoDerivatives
http://www.wikidata.org/entity/Q109854469,Creative Commons Attribution-NonCommercial-NoDerivatives
http://www.wikidata.org/entity/Q109854474,Creative Commons Attribution-NonCommercial-NoDerivatives
http://www.wikidata.org/entity/Q109854472,Creative Commons Attribution-NonCommercial-NoDerivatives
http://www.wikidata.org/entity/Q109854473,Creative Commons Attribution-NonCommercial-NoDerivatives
http://www.wikidata.org/entity/Q109854476,Creative Commons Attribution-NonCommercial-NoDerivatives
http://www.wikidata.org/entity/Q109854477,Creative Commons Attribution-NonCommercial-NoDerivatives
http://www.wikidata.org/entity/Q109854483,Creative Commons Attribution-NonCommercial-NoDerivatives
http://www.wikidata.org/entity/Q109854480,Creative Commons Attribution-NonCommercial-NoDerivatives
http://www.wikidata.org/entity/Q109854481,Creative Commons Attribution-NonCommercial-NoDerivatives
http://www.wikidata.org/entity/Q109854487,Creative Commons Attribution-NonCommercial-NoDerivatives
http://www.wikidata.org/entity/Q109854484,Creative Commons Attribution-NonCommercial-NoDerivatives
http://www.wikidata.org/entity/Q109854485,Creative Commons Attribution-NonCommercial-NoDerivatives
http://www.wikidata.org/entity/Q109854491,Creative Commons Attribution-NonCommercial-NoDerivatives
http://www.wikidata.org/entity/Q109854488,Creative Commons Attribution-NonCommercial-NoDerivatives
http://www.wikidata.org/entity/Q109854489,Creative Commons Attribution-NonCommercial-NoDerivatives
http://www.wikidata.org/entity/Q109854494,Creative Commons Attribution-NonCommercial-NoDerivatives
http://www.wikidata.org/entity/Q109854495,Creative Commons Attribution-NonCommercial-NoDerivatives
http://www.wikidata.org/entity/Q109854499,Creative Commons Attribution-NonCommercial-NoDerivatives
http://www.wikidata.org/entity/Q109854497,Creative Commons Attribution-NonCommercial-NoDerivatives
http://www.wikidata.org/entity/Q109854500,Creative Commons Attribution-NonCommercial-NoDerivatives
http://www.wikidata.org/entity/Q109854566,Creative Commons Attribution-NonCommercial-NoDerivatives
http://www.wikidata.org/entity/Q109854567,Creative Commons Attribution-NonCommercial-NoDerivatives
http://www.wikidata.org/entity/Q109854565,Creative Commons Attribution-NonCommercial-NoDerivatives
http://www.wikidata.org/entity/Q109854570,Creative Commons Attribution-NonCommercial-NoDerivatives
http://www.wikidata.org/entity/Q109854571,Creative Commons Attribution-NonCommercial-NoDerivatives
http://www.wikidata.org/entity/Q109854568,Creative Commons Attribution-NonCommercial-NoDerivatives
http://www.wikidata.org/entity/Q109854574,Creative Commons Attribution-NonCommercial-NoDerivatives
http://www.wikidata.org/entity/Q109854575,Creative Commons Attribution-NonCommercial-NoDerivatives
http://www.wikidata.org/entity/Q109854573,Creative Commons Attribution-NonCommercial-NoDerivatives
http://www.wikidata.org/entity/Q109854578,Creative Commons Attribution-NonCommercial-NoDerivatives
http://www.wikidata.org/entity/Q109854579,Creative Commons Attribution-NonCommercial-NoDerivatives
http://www.wikidata.org/entity/Q109854582,Creative Commons Attribution-NonCommercial-NoDerivatives
http://www.wikidata.org/entity/Q109854583,Creative Commons Attribution-NonCommercial-NoDerivatives
http://www.wikidata.org/entity/Q109854580,Creative Commons Attribution-NonCommercial-NoDerivatives
http://www.wikidata.org/entity/Q109854586,Creative Commons Attribution-NonCommercial-NoDerivatives
http://www.wikidata.org/entity/Q109854587,Creative Commons Attribution-NonCommercial-NoDerivatives
http://www.wikidata.org/entity/Q109854584,Creative Commons Attribution-NonCommercial-NoDerivatives
http://www.wikidata.org/entity/Q109854590,Creative Commons Attribution-NonCommercial-NoDerivatives
http://www.wikidata.org/entity/Q109854588,Creative Commons Attribution-NonCommercial-NoDerivatives
http://www.wikidata.org/entity/Q109854594,Creative Commons Attribution-NonCommercial-NoDerivatives
http://www.wikidata.org/entity/Q109854592,Creative Commons Attribution-NonCommercial-NoDerivatives
http://www.wikidata.org/entity/Q109854593,Creative Commons Attribution-NonCommercial-NoDerivatives
http://www.wikidata.org/entity/Q109854598,Creative Commons Attribution-NonCommercial-NoDerivatives
http://www.wikidata.org/entity/Q109854596,Creative Commons Attribution-NonCommercial-NoDerivatives
http://www.wikidata.org/entity/Q109854597,Creative Commons Attribution-NonCommercial-NoDerivatives
http://www.wikidata.org/entity/Q109854603,Creative Commons Attribution-NonCommercial-NoDerivatives
http://www.wikidata.org/entity/Q109854600,Creative Commons Attribution-NonCommercial-NoDerivatives
http://www.wikidata.org/entity/Q109854601,Creative Commons Attribution-NonCommercial-NoDerivatives
http://www.wikidata.org/entity/Q109854607,Creative Commons Attribution-NonCommercial-NoDerivatives
http://www.wikidata.org/entity/Q109854604,Creative Commons Attribution-NonCommercial-NoDerivatives
http://www.wikidata.org/entity/Q109854605,Creative Commons Attribution-NonCommercial-NoDerivatives
http://www.wikidata.org/entity/Q109854611,Creative Commons Attribution-NonCommercial-NoDerivatives
http://www.wikidata.org/entity/Q109854608,Creative Commons Attribution-NonCommercial-NoDerivatives
http://www.wikidata.org/entity/Q109854609,Creative Commons Attribution-NonCommercial-NoDerivatives
http://www.wikidata.org/entity/Q109854612,Creative Commons Attribution-NonCommercial-NoDerivatives
http://www.wikidata.org/entity/Q109854613,Creative Commons Attribution-NonCommercial-NoDerivatives
http://www.wikidata.org/entity/Q109854618,Creative Commons Attribution-NonCommercial-NoDerivatives
http://www.wikidata.org/entity/Q109854619,Creative Commons Attribution-NonCommercial-NoDerivatives
http://www.wikidata.org/entity/Q109854616,Creative Commons Attribution-NonCommercial-NoDerivatives
http://www.wikidata.org/entity/Q109854623,Creative Commons Attribution-NonCommercial-NoDerivatives
http://www.wikidata.org/entity/Q109854620,Creative Commons Attribution-NonCommercial-NoDerivatives
http://www.wikidata.org/entity/Q109854621,Creative Commons Attribution-NonCommercial-NoDerivatives
http://www.wikidata.org/entity/Q109854627,Creative Commons Attribution-NonCommercial-NoDerivatives
http://www.wikidata.org/entity/Q109854624,Creative Commons Attribution-NonCommercial-NoDerivatives
http://www.wikidata.org/entity/Q109854625,Creative Commons Attribution-NonCommercial-NoDerivatives
http://www.wikidata.org/entity/Q109854630,Creative Commons Attribution-NonCommercial-NoDerivatives
http://www.wikidata.org/entity/Q109854629,Creative Commons Attribution-NonCommercial-NoDerivatives
http://www.wikidata.org/entity/Q109854634,Creative Commons Attribution-NonCommercial-NoDerivatives
http://www.wikidata.org/entity/Q109854632,Creative Commons Attribution-NonCommercial-NoDerivatives
http://www.wikidata.org/entity/Q109854633,Creative Commons Attribution-NonCommercial-NoDerivatives
http://www.wikidata.org/entity/Q109854699,Creative Commons Attribution-NonCommercial-NoDerivatives
http://www.wikidata.org/entity/Q109854702,Creative Commons Attribution-NonCommercial-NoDerivatives
http://www.wikidata.org/entity/Q109854700,Creative Commons Attribution-NonCommercial-NoDerivatives
http://www.wikidata.org/entity/Q109854701,Creative Commons Attribution-NonCommercial-NoDerivatives
http://www.wikidata.org/entity/Q109854706,Creative Commons Attribution-NonCommercial-NoDerivatives
http://www.wikidata.org/entity/Q109854707,Creative Commons Attribution-NonCommercial-NoDerivatives
http://www.wikidata.org/entity/Q109854704,Creative Commons Attribution-NonCommercial-NoDerivatives
http://www.wikidata.org/entity/Q109854705,Creative Commons Attribution-NonCommercial-NoDerivatives
http://www.wikidata.org/entity/Q109854708,Creative Commons Attribution-NonCommercial-NoDerivatives
http://www.wikidata.org/entity/Q109854714,Creative Commons Attribution-NonCommercial-NoDerivatives
http://www.wikidata.org/entity/Q109854712,Creative Commons Attribution-NonCommercial-NoDerivatives
http://www.wikidata.org/entity/Q109854713,Creative Commons Attribution-NonCommercial-NoDerivatives
http://www.wikidata.org/entity/Q109854718,Creative Commons Attribution-NonCommercial-NoDerivatives
http://www.wikidata.org/entity/Q109854719,Creative Commons Attribution-NonCommercial-NoDerivatives
http://www.wikidata.org/entity/Q109854716,Creative Commons Attribution-NonCommercial-NoDerivatives
http://www.wikidata.org/entity/Q109854717,Creative Commons Attribution-NonCommercial-NoDerivatives
http://www.wikidata.org/entity/Q109854721,Creative Commons Attribution-NonCommercial-NoDerivatives
http://www.wikidata.org/entity/Q109947957,Creative Commons Attribution-ShareAlike; Creative Commons Attribution-NonCommercial-NoDerivatives; Creative Commons Attribution-ShareAlike 4.0 International
http://www.wikidata.org/entity/Q110067791,Creative Commons Attribution-NonCommercial-NoDerivatives
http://www.wikidata.org/entity/Q110386754,Creative Commons Attribution-NonCommercial-NoDerivatives
http://www.wikidata.org/entity/Q110386758,Creative Commons Attribution-NonCommercial-NoDerivatives
http://www.wikidata.org/entity/Q110386756,Creative Commons Attribution-NonCommercial-NoDerivatives
http://www.wikidata.org/entity/Q110386763,Creative Commons Attribution-NonCommercial-NoDerivatives
http://www.wikidata.org/entity/Q110386761,Creative Commons Attribution-NonCommercial-NoDerivatives
http://www.wikidata.org/entity/Q110386765,Creative Commons Attribution-NonCommercial-NoDerivatives
http://www.wikidata.org/entity/Q110386770,Creative Commons Attribution-NonCommercial-NoDerivatives
http://www.wikidata.org/entity/Q110386771,Creative Commons Attribution-NonCommercial-NoDerivatives
http://www.wikidata.org/entity/Q110386768,Creative Commons Attribution-NonCommercial-NoDerivatives
http://www.wikidata.org/entity/Q110386774,Creative Commons Attribution-NonCommercial-NoDerivatives
http://www.wikidata.org/entity/Q110386773,Creative Commons Attribution-NonCommercial-NoDerivatives
http://www.wikidata.org/entity/Q110386778,Creative Commons Attribution-NonCommercial-NoDerivatives
http://www.wikidata.org/entity/Q110386776,Creative Commons Attribution-NonCommercial-NoDerivatives
http://www.wikidata.org/entity/Q110386782,Creative Commons Attribution-NonCommercial-NoDerivatives
http://www.wikidata.org/entity/Q110386780,Creative Commons Attribution-NonCommercial-NoDerivatives
http://www.wikidata.org/entity/Q110386786,Creative Commons Attribution-NonCommercial-NoDerivatives
http://www.wikidata.org/entity/Q110386784,Creative Commons Attribution-NonCommercial-NoDerivatives
http://www.wikidata.org/entity/Q111088376,Creative Commons Attribution; Creative Commons Attribution-NonCommercial-ShareAlike
http://www.wikidata.org/entity/Q111163090,Creative Commons Attribution; Creative Commons Attribution-NonCommercial-ShareAlike
http://www.wikidata.org/entity/Q111191307,Creative Commons Attribution; Creative Commons Attribution-NonCommercial-ShareAlike
http://www.wikidata.org/entity/Q111232946,Creative Commons Attribution; Creative Commons Attribution-NonCommercial-ShareAlike
http://www.wikidata.org/entity/Q111235775,Creative Commons Attribution; Creative Commons Attribution-NonCommercial-ShareAlike
http://www.wikidata.org/entity/Q111244430,Creative Commons Attribution; Creative Commons Attribution-NonCommercial-ShareAlike
http://www.wikidata.org/entity/Q111248680,Creative Commons Attribution; Creative Commons Attribution-NonCommercial-ShareAlike
http://www.wikidata.org/entity/Q111248972,Creative Commons Attribution; Creative Commons Attribution-NonCommercial-ShareAlike
http://www.wikidata.org/entity/Q111281871,Creative Commons Attribution; Creative Commons Attribution-NonCommercial-ShareAlike
http://www.wikidata.org/entity/Q111282815,Creative Commons Attribution; Creative Commons Attribution-NonCommercial-ShareAlike
http://www.wikidata.org/entity/Q111283250,Creative Commons Attribution; Creative Commons Attribution-NonCommercial-ShareAlike
http://www.wikidata.org/entity/Q111283475,Creative Commons Attribution; Creative Commons Attribution-NonCommercial-ShareAlike
http://www.wikidata.org/entity/Q111284671,Creative Commons Attribution; Creative Commons Attribution-NonCommercial-ShareAlike
http://www.wikidata.org/entity/Q111317641,Creative Commons Attribution; Creative Commons Attribution-NonCommercial-ShareAlike
http://www.wikidata.org/entity/Q111333696,Creative Commons Attribution; Creative Commons Attribution-NonCommercial-ShareAlike
http://www.wikidata.org/entity/Q111333860,Creative Commons Attribution; Creative Commons Attribution-NonCommercial-ShareAlike
http://www.wikidata.org/entity/Q111339952,Creative Commons Attribution; Creative Commons Attribution-NonCommercial-ShareAlike
http://www.wikidata.org/entity/Q111340032,Creative Commons Attribution; Creative Commons Attribution-NonCommercial-ShareAlike
http://www.wikidata.org/entity/Q111342753,Creative Commons Attribution; Creative Commons Attribution-NonCommercial-ShareAlike
http://www.wikidata.org/entity/Q111395751,Creative Commons Attribution-ShareAlike; Creative Commons Attribution-NonCommercial-NoDerivatives; Creative Commons Attribution-ShareAlike 4.0 International
http://www.wikidata.org/entity/Q111395752,Creative Commons Attribution-ShareAlike; Creative Commons Attribution-NonCommercial-NoDerivatives; Creative Commons Attribution-ShareAlike 4.0 International
http://www.wikidata.org/entity/Q111395753,Creative Commons Attribution-ShareAlike; Creative Commons Attribution-NonCommercial-NoDerivatives; Creative Commons Attribution-ShareAlike 4.0 International
http://www.wikidata.org/entity/Q111395758,Creative Commons Attribution-ShareAlike; Creative Commons Attribution-NonCommercial-NoDerivatives; Creative Commons Attribution-ShareAlike 4.0 International
http://www.wikidata.org/entity/Q111395759,Creative Commons Attribution-ShareAlike; Creative Commons Attribution-NonCommercial-NoDerivatives; Creative Commons Attribution-ShareAlike 4.0 International
http://www.wikidata.org/entity/Q111395756,Creative Commons Attribution-ShareAlike; Creative Commons Attribution-NonCommercial-NoDerivatives; Creative Commons Attribution-ShareAlike 4.0 International
http://www.wikidata.org/entity/Q111395757,Creative Commons Attribution-ShareAlike; Creative Commons Attribution-NonCommercial-NoDerivatives; Creative Commons Attribution-ShareAlike 4.0 International
http://www.wikidata.org/entity/Q111395762,Creative Commons Attribution-ShareAlike; Creative Commons Attribution-NonCommercial-NoDerivatives; Creative Commons Attribution-ShareAlike 4.0 International
http://www.wikidata.org/entity/Q111395763,Creative Commons Attribution-ShareAlike; Creative Commons Attribution-NonCommercial-NoDerivatives; Creative Commons Attribution-ShareAlike 4.0 International
http://www.wikidata.org/entity/Q111395760,Creative Commons Attribution-ShareAlike; Creative Commons Attribution-NonCommercial-NoDerivatives; Creative Commons Attribution-ShareAlike 4.0 International
http://www.wikidata.org/entity/Q111395761,Creative Commons Attribution-ShareAlike; Creative Commons Attribution-NonCommercial-NoDerivatives; Creative Commons Attribution-ShareAlike 4.0 International
http://www.wikidata.org/entity/Q111395764,Creative Commons Attribution-ShareAlike; Creative Commons Attribution-NonCommercial-NoDerivatives; Creative Commons Attribution-ShareAlike 4.0 International
http://www.wikidata.org/entity/Q111395765,Creative Commons Attribution-ShareAlike; Creative Commons Attribution-NonCommercial-NoDerivatives; Creative Commons Attribution-ShareAlike 4.0 International
http://www.wikidata.org/entity/Q111431563,Creative Commons Attribution-ShareAlike; Creative Commons Attribution-NonCommercial-NoDerivatives; Creative Commons Attribution-ShareAlike 4.0 International
http://www.wikidata.org/entity/Q111431566,Creative Commons Attribution-ShareAlike; Creative Commons Attribution-NonCommercial-NoDerivatives; Creative Commons Attribution-ShareAlike 4.0 International
http://www.wikidata.org/entity/Q111431567,Creative Commons Attribution-ShareAlike; Creative Commons Attribution-NonCommercial-NoDerivatives; Creative Commons Attribution-ShareAlike 4.0 International
http://www.wikidata.org/entity/Q111431564,Creative Commons Attribution-ShareAlike; Creative Commons Attribution-NonCommercial-NoDerivatives; Creative Commons Attribution-ShareAlike 4.0 International
http://www.wikidata.org/entity/Q111431565,Creative Commons Attribution-ShareAlike; Creative Commons Attribution-NonCommercial-NoDerivatives; Creative Commons Attribution-ShareAlike 4.0 International
http://www.wikidata.org/entity/Q111431570,Creative Commons Attribution-ShareAlike; Creative Commons Attribution-NonCommercial-NoDerivatives; Creative Commons Attribution-ShareAlike 4.0 International
http://www.wikidata.org/entity/Q111431571,Creative Commons Attribution-ShareAlike; Creative Commons Attribution-NonCommercial-NoDerivatives; Creative Commons Attribution-ShareAlike 4.0 International
http://www.wikidata.org/entity/Q111431568,Creative Commons Attribution-ShareAlike; Creative Commons Attribution-NonCommercial-NoDerivatives; Creative Commons Attribution-ShareAlike 4.0 International
http://www.wikidata.org/entity/Q111431569,Creative Commons Attribution-ShareAlike; Creative Commons Attribution-NonCommercial-NoDerivatives; Creative Commons Attribution-ShareAlike 4.0 International
http://www.wikidata.org/entity/Q111431574,Creative Commons Attribution-ShareAlike; Creative Commons Attribution-NonCommercial-NoDerivatives; Creative Commons Attribution-ShareAlike 4.0 International
http://www.wikidata.org/entity/Q111431573,Creative Commons Attribution-ShareAlike; Creative Commons Attribution-NonCommercial-NoDerivatives; Creative Commons Attribution-ShareAlike 4.0 International
http://www.wikidata.org/entity/Q111431578,Creative Commons Attribution-ShareAlike; Creative Commons Attribution-NonCommercial-NoDerivatives; Creative Commons Attribution-ShareAlike 4.0 International
http://www.wikidata.org/entity/Q111431576,Creative Commons Attribution-ShareAlike; Creative Commons Attribution-NonCommercial-NoDerivatives; Creative Commons Attribution-ShareAlike 4.0 International
http://www.wikidata.org/entity/Q111431577,Creative Commons Attribution-ShareAlike; Creative Commons Attribution-NonCommercial-NoDerivatives; Creative Commons Attribution-ShareAlike 4.0 International
http://www.wikidata.org/entity/Q111522931,
http://www.wikidata.org/entity/Q111576588,Creative Commons Attribution; Creative Commons Attribution-NonCommercial-ShareAlike
http://www.wikidata.org/entity/Q111577180,Creative Commons Attribution; Creative Commons Attribution-NonCommercial-ShareAlike
http://www.wikidata.org/entity/Q111577447,Creative Commons Attribution; Creative Commons Attribution-NonCommercial-ShareAlike
http://www.wikidata.org/entity/Q111577696,Creative Commons Attribution; Creative Commons Attribution-NonCommercial-ShareAlike
http://www.wikidata.org/entity/Q111578756,
http://www.wikidata.org/entity/Q111578802,
http://www.wikidata.org/entity/Q111578810,
http://www.wikidata.org/entity/Q111578825,
http://www.wikidata.org/entity/Q111578864,
http://www.wikidata.org/entity/Q111578928,
http://www.wikidata.org/entity/Q111579071,
http://www.wikidata.org/entity/Q111579162,
http://www.wikidata.org/entity/Q111579187,
http://www.wikidata.org/entity/Q111579339,
http://www.wikidata.org/entity/Q111582491,
http://www.wikidata.org/entity/Q111582712,
http://www.wikidata.org/entity/Q111595862,Creative Commons Attribution; Creative Commons Attribution-NonCommercial-ShareAlike
http://www.wikidata.org/entity/Q111596675,Creative Commons Attribution; Creative Commons Attribution-NonCommercial-ShareAlike
http://www.wikidata.org/entity/Q111601394,Creative Commons Attribution
http://www.wikidata.org/entity/Q111601392,Creative Commons Attribution
http://www.wikidata.org/entity/Q111601398,Creative Commons Attribution
http://www.wikidata.org/entity/Q111601399,Creative Commons Attribution
http://www.wikidata.org/entity/Q111601396,Creative Commons Attribution
http://www.wikidata.org/entity/Q111601397,Creative Commons Attribution
http://www.wikidata.org/entity/Q111601402,Creative Commons Attribution
http://www.wikidata.org/entity/Q111601401,Creative Commons Attribution
http://www.wikidata.org/entity/Q111601404,Creative Commons Attribution
http://www.wikidata.org/entity/Q111601410,Creative Commons Attribution
http://www.wikidata.org/entity/Q111601411,Creative Commons Attribution
http://www.wikidata.org/entity/Q111601414,Creative Commons Attribution
http://www.wikidata.org/entity/Q111601413,Creative Commons Attribution
http://www.wikidata.org/entity/Q111601423,Creative Commons Attribution
http://www.wikidata.org/entity/Q111602339,Creative Commons Attribution
http://www.wikidata.org/entity/Q111602343,Creative Commons Attribution
http://www.wikidata.org/entity/Q111602340,Creative Commons Attribution
http://www.wikidata.org/entity/Q111602345,Creative Commons Attribution
http://www.wikidata.org/entity/Q111602350,Creative Commons Attribution
http://www.wikidata.org/entity/Q111602351,Creative Commons Attribution
http://www.wikidata.org/entity/Q111602354,Creative Commons Attribution
http://www.wikidata.org/entity/Q111602353,Creative Commons Attribution
http://www.wikidata.org/entity/Q111602358,Creative Commons Attribution
http://www.wikidata.org/entity/Q111602359,Creative Commons Attribution
http://www.wikidata.org/entity/Q111602356,Creative Commons Attribution
http://www.wikidata.org/entity/Q111602357,Creative Commons Attribution
http://www.wikidata.org/entity/Q111602362,Creative Commons Attribution
http://www.wikidata.org/entity/Q111602363,Creative Commons Attribution
http://www.wikidata.org/entity/Q111602360,Creative Commons Attribution
http://www.wikidata.org/entity/Q111602361,Creative Commons Attribution
http://www.wikidata.org/entity/Q111602366,Creative Commons Attribution
http://www.wikidata.org/entity/Q111602367,Creative Commons Attribution
http://www.wikidata.org/entity/Q111602364,Creative Commons Attribution
http://www.wikidata.org/entity/Q111602365,Creative Commons Attribution
http://www.wikidata.org/entity/Q111602370,Creative Commons Attribution
http://www.wikidata.org/entity/Q111602371,Creative Commons Attribution
http://www.wikidata.org/entity/Q111602368,Creative Commons Attribution
http://www.wikidata.org/entity/Q111602369,Creative Commons Attribution
http://www.wikidata.org/entity/Q111602374,Creative Commons Attribution
http://www.wikidata.org/entity/Q111602375,Creative Commons Attribution
http://www.wikidata.org/entity/Q111602372,Creative Commons Attribution
http://www.wikidata.org/entity/Q111602373,Creative Commons Attribution
http://www.wikidata.org/entity/Q111602378,Creative Commons Attribution
http://www.wikidata.org/entity/Q111602379,Creative Commons Attribution
http://www.wikidata.org/entity/Q111602376,Creative Commons Attribution
http://www.wikidata.org/entity/Q111602377,Creative Commons Attribution
http://www.wikidata.org/entity/Q111602382,Creative Commons Attribution
http://www.wikidata.org/entity/Q111602380,Creative Commons Attribution
http://www.wikidata.org/entity/Q111602381,Creative Commons Attribution
http://www.wikidata.org/entity/Q111602386,Creative Commons Attribution
http://www.wikidata.org/entity/Q111602387,Creative Commons Attribution
http://www.wikidata.org/entity/Q111602384,Creative Commons Attribution
http://www.wikidata.org/entity/Q111602385,Creative Commons Attribution
http://www.wikidata.org/entity/Q111602391,Creative Commons Attribution
http://www.wikidata.org/entity/Q111602388,Creative Commons Attribution
http://www.wikidata.org/entity/Q111602389,Creative Commons Attribution
http://www.wikidata.org/entity/Q111602394,Creative Commons Attribution
http://www.wikidata.org/entity/Q111602395,Creative Commons Attribution
http://www.wikidata.org/entity/Q111602392,Creative Commons Attribution
http://www.wikidata.org/entity/Q111602393,Creative Commons Attribution
http://www.wikidata.org/entity/Q111602398,Creative Commons Attribution
http://www.wikidata.org/entity/Q111602399,Creative Commons Attribution
http://www.wikidata.org/entity/Q111602396,Creative Commons Attribution
http://www.wikidata.org/entity/Q111602397,Creative Commons Attribution
http://www.wikidata.org/entity/Q111602402,Creative Commons Attribution
http://www.wikidata.org/entity/Q111602403,Creative Commons Attribution
http://www.wikidata.org/entity/Q111602400,Creative Commons Attribution
http://www.wikidata.org/entity/Q111602401,Creative Commons Attribution
http://www.wikidata.org/entity/Q111602406,Creative Commons Attribution
http://www.wikidata.org/entity/Q111602407,Creative Commons Attribution
http://www.wikidata.org/entity/Q111602404,Creative Commons Attribution
http://www.wikidata.org/entity/Q111602405,Creative Commons Attribution
http://www.wikidata.org/entity/Q111602410,Creative Commons Attribution
http://www.wikidata.org/entity/Q111602411,Creative Commons Attribution
http://www.wikidata.org/entity/Q111602408,Creative Commons Attribution
http://www.wikidata.org/entity/Q111602409,Creative Commons Attribution
http://www.wikidata.org/entity/Q111602414,Creative Commons Attribution
http://www.wikidata.org/entity/Q111602418,Creative Commons Attribution
http://www.wikidata.org/entity/Q111602419,Creative Commons Attribution
http://www.wikidata.org/entity/Q111602417,Creative Commons Attribution
http://www.wikidata.org/entity/Q111602423,Creative Commons Attribution
http://www.wikidata.org/entity/Q111602421,Creative Commons Attribution
http://www.wikidata.org/entity/Q111602426,Creative Commons Attribution
http://www.wikidata.org/entity/Q111602427,Creative Commons Attribution
http://www.wikidata.org/entity/Q111602424,Creative Commons Attribution
http://www.wikidata.org/entity/Q111602425,Creative Commons Attribution
http://www.wikidata.org/entity/Q111602430,Creative Commons Attribution
http://www.wikidata.org/entity/Q111602431,Creative Commons Attribution
http://www.wikidata.org/entity/Q111602428,Creative Commons Attribution
http://www.wikidata.org/entity/Q111602429,Creative Commons Attribution
http://www.wikidata.org/entity/Q111602434,Creative Commons Attribution
http://www.wikidata.org/entity/Q111602435,Creative Commons Attribution
http://www.wikidata.org/entity/Q111602439,Creative Commons Attribution
http://www.wikidata.org/entity/Q111602436,Creative Commons Attribution
http://www.wikidata.org/entity/Q111602442,Creative Commons Attribution
http://www.wikidata.org/entity/Q111602443,Creative Commons Attribution
http://www.wikidata.org/entity/Q111602441,Creative Commons Attribution
http://www.wikidata.org/entity/Q111602446,Creative Commons Attribution
http://www.wikidata.org/entity/Q111602445,Creative Commons Attribution
http://www.wikidata.org/entity/Q111602450,Creative Commons Attribution
http://www.wikidata.org/entity/Q111602451,Creative Commons Attribution
http://www.wikidata.org/entity/Q111602448,Creative Commons Attribution
http://www.wikidata.org/entity/Q111602449,Creative Commons Attribution
http://www.wikidata.org/entity/Q111602454,Creative Commons Attribution
http://www.wikidata.org/entity/Q111602455,Creative Commons Attribution
http://www.wikidata.org/entity/Q111602452,Creative Commons Attribution
http://www.wikidata.org/entity/Q111602453,Creative Commons Attribution
http://www.wikidata.org/entity/Q111602458,Creative Commons Attribution
http://www.wikidata.org/entity/Q111602456,Creative Commons Attribution
http://www.wikidata.org/entity/Q111602457,Creative Commons Attribution
http://www.wikidata.org/entity/Q111602462,Creative Commons Attribution
http://www.wikidata.org/entity/Q111602460,Creative Commons Attribution
http://www.wikidata.org/entity/Q111602461,Creative Commons Attribution
http://www.wikidata.org/entity/Q111602466,Creative Commons Attribution
http://www.wikidata.org/entity/Q111602464,Creative Commons Attribution
http://www.wikidata.org/entity/Q111602465,Creative Commons Attribution
http://www.wikidata.org/entity/Q111602470,Creative Commons Attribution
http://www.wikidata.org/entity/Q111602471,Creative Commons Attribution
http://www.wikidata.org/entity/Q111602468,Creative Commons Attribution
http://www.wikidata.org/entity/Q111602474,Creative Commons Attribution
http://www.wikidata.org/entity/Q111602475,Creative Commons Attribution
http://www.wikidata.org/entity/Q111602472,Creative Commons Attribution
http://www.wikidata.org/entity/Q111602473,Creative Commons Attribution
http://www.wikidata.org/entity/Q111602477,Creative Commons Attribution
http://www.wikidata.org/entity/Q111658930,Creative Commons Attribution; Creative Commons Attribution-NonCommercial-ShareAlike
http://www.wikidata.org/entity/Q111673977,Creative Commons Attribution; Creative Commons Attribution-NonCommercial-ShareAlike
http://www.wikidata.org/entity/Q111732055,
http://www.wikidata.org/entity/Q111732248,
http://www.wikidata.org/entity/Q111732265,
http://www.wikidata.org/entity/Q111747586,
http://www.wikidata.org/entity/Q111747613,
http://www.wikidata.org/entity/Q111747697,Creative Commons Attribution-ShareAlike
http://www.wikidata.org/entity/Q111747741,Creative Commons Attribution
http://www.wikidata.org/entity/Q111758777,
http://www.wikidata.org/entity/Q111758893,
http://www.wikidata.org/entity/Q111782051,
http://www.wikidata.org/entity/Q111782067,
http://www.wikidata.org/entity/Q111963092,Creative Commons Attribution; Creative Commons Attribution-NonCommercial-ShareAlike
http://www.wikidata.org/entity/Q111963613,Creative Commons Attribution; Creative Commons Attribution-NonCommercial-ShareAlike
http://www.wikidata.org/entity/Q111967326,Creative Commons Attribution-ShareAlike; Creative Commons Attribution-NonCommercial-NoDerivatives; Creative Commons Attribution-ShareAlike 4.0 International
http://www.wikidata.org/entity/Q111967327,Creative Commons Attribution-ShareAlike; Creative Commons Attribution-NonCommercial-NoDerivatives; Creative Commons Attribution-ShareAlike 4.0 International
http://www.wikidata.org/entity/Q111967324,Creative Commons Attribution-ShareAlike; Creative Commons Attribution-NonCommercial-NoDerivatives; Creative Commons Attribution-ShareAlike 4.0 International
http://www.wikidata.org/entity/Q111967325,Creative Commons Attribution-ShareAlike; Creative Commons Attribution-NonCommercial-NoDerivatives; Creative Commons Attribution-ShareAlike 4.0 International
http://www.wikidata.org/entity/Q111967330,Creative Commons Attribution-ShareAlike; Creative Commons Attribution-NonCommercial-NoDerivatives; Creative Commons Attribution-ShareAlike 4.0 International
http://www.wikidata.org/entity/Q111967328,Creative Commons Attribution-ShareAlike; Creative Commons Attribution-NonCommercial-NoDerivatives; Creative Commons Attribution-ShareAlike 4.0 International
http://www.wikidata.org/entity/Q111967329,Creative Commons Attribution-ShareAlike; Creative Commons Attribution-NonCommercial-NoDerivatives; Creative Commons Attribution-ShareAlike 4.0 International
http://www.wikidata.org/entity/Q111967334,Creative Commons Attribution-ShareAlike; Creative Commons Attribution-NonCommercial-NoDerivatives; Creative Commons Attribution-ShareAlike 4.0 International
http://www.wikidata.org/entity/Q111967335,Creative Commons Attribution-ShareAlike; Creative Commons Attribution-NonCommercial-NoDerivatives; Creative Commons Attribution-ShareAlike 4.0 International
http://www.wikidata.org/entity/Q111967332,Creative Commons Attribution-ShareAlike; Creative Commons Attribution-NonCommercial-NoDerivatives; Creative Commons Attribution-ShareAlike 4.0 International
http://www.wikidata.org/entity/Q111967333,Creative Commons Attribution-ShareAlike; Creative Commons Attribution-NonCommercial-NoDerivatives; Creative Commons Attribution-ShareAlike 4.0 International
http://www.wikidata.org/entity/Q111967338,Creative Commons Attribution-ShareAlike; Creative Commons Attribution-NonCommercial-NoDerivatives; Creative Commons Attribution-ShareAlike 4.0 International
http://www.wikidata.org/entity/Q111967336,Creative Commons Attribution-ShareAlike; Creative Commons Attribution-NonCommercial-NoDerivatives; Creative Commons Attribution-ShareAlike 4.0 International
http://www.wikidata.org/entity/Q111967337,Creative Commons Attribution-ShareAlike; Creative Commons Attribution-NonCommercial-NoDerivatives; Creative Commons Attribution-ShareAlike 4.0 International
http://www.wikidata.org/entity/Q111967342,Creative Commons Attribution-ShareAlike; Creative Commons Attribution-NonCommercial-NoDerivatives; Creative Commons Attribution-ShareAlike 4.0 International
http://www.wikidata.org/entity/Q111967343,Creative Commons Attribution-ShareAlike; Creative Commons Attribution-NonCommercial-NoDerivatives; Creative Commons Attribution-ShareAlike 4.0 International
http://www.wikidata.org/entity/Q111967340,Creative Commons Attribution-ShareAlike; Creative Commons Attribution-NonCommercial-NoDerivatives; Creative Commons Attribution-ShareAlike 4.0 International
http://www.wikidata.org/entity/Q111967341,Creative Commons Attribution-ShareAlike; Creative Commons Attribution-NonCommercial-NoDerivatives; Creative Commons Attribution-ShareAlike 4.0 International
http://www.wikidata.org/entity/Q111967346,Creative Commons Attribution-ShareAlike; Creative Commons Attribution-NonCommercial-NoDerivatives; Creative Commons Attribution-ShareAlike 4.0 International
http://www.wikidata.org/entity/Q111967347,Creative Commons Attribution-ShareAlike; Creative Commons Attribution-NonCommercial-NoDerivatives; Creative Commons Attribution-ShareAlike 4.0 International
http://www.wikidata.org/entity/Q111967344,Creative Commons Attribution-ShareAlike; Creative Commons Attribution-NonCommercial-NoDerivatives; Creative Commons Attribution-ShareAlike 4.0 International
http://www.wikidata.org/entity/Q111967345,Creative Commons Attribution-ShareAlike; Creative Commons Attribution-NonCommercial-NoDerivatives; Creative Commons Attribution-ShareAlike 4.0 International
http://www.wikidata.org/entity/Q111967570,Creative Commons Attribution-ShareAlike; Creative Commons Attribution-NonCommercial-NoDerivatives; Creative Commons Attribution-ShareAlike 4.0 International
http://www.wikidata.org/entity/Q112054439,Creative Commons Attribution; Creative Commons Attribution-NonCommercial-ShareAlike
http://www.wikidata.org/entity/Q112072975,Creative Commons Attribution; Creative Commons Attribution-NonCommercial-ShareAlike
http://www.wikidata.org/entity/Q112073050,Creative Commons Attribution; Creative Commons Attribution-NonCommercial-ShareAlike
http://www.wikidata.org/entity/Q112116478,Creative Commons Attribution; Creative Commons Attribution-NonCommercial-ShareAlike
http://www.wikidata.org/entity/Q112116606,Creative Commons Attribution; Creative Commons Attribution-NonCommercial-ShareAlike
http://www.wikidata.org/entity/Q112650918,Creative Commons Attribution; Creative Commons Attribution-NonCommercial-ShareAlike
http://www.wikidata.org/entity/Q112651011,Creative Commons Attribution; Creative Commons Attribution-NonCommercial-ShareAlike
http://www.wikidata.org/entity/Q112652180,Creative Commons Attribution; Creative Commons Attribution-NonCommercial-ShareAlike
http://www.wikidata.org/entity/Q112672921,Creative Commons Attribution; Creative Commons Attribution-NonCommercial-ShareAlike
http://www.wikidata.org/entity/Q112672997,Creative Commons Attribution; Creative Commons Attribution-NonCommercial-ShareAlike
http://www.wikidata.org/entity/Q112673120,Creative Commons Attribution; Creative Commons Attribution-NonCommercial-ShareAlike
http://www.wikidata.org/entity/Q112673173,Creative Commons Attribution; Creative Commons Attribution-NonCommercial-ShareAlike
http://www.wikidata.org/entity/Q112894265,Creative Commons Attribution; Creative Commons Attribution-NonCommercial-ShareAlike
http://www.wikidata.org/entity/Q112913666,
http://www.wikidata.org/entity/Q112913673,
http://www.wikidata.org/entity/Q112913686,
http://www.wikidata.org/entity/Q112913687,
http://www.wikidata.org/entity/Q112913684,
http://www.wikidata.org/entity/Q112913688,
http://www.wikidata.org/entity/Q112913735,Creative Commons Attribution; Creative Commons Attribution-NonCommercial-ShareAlike
http://www.wikidata.org/entity/Q112913794,Creative Commons Attribution; Creative Commons Attribution-NonCommercial-ShareAlike
http://www.wikidata.org/entity/Q113101630,Creative Commons Attribution; Creative Commons Attribution-NonCommercial-ShareAlike
http://www.wikidata.org/entity/Q113101741,Creative Commons Attribution; Creative Commons Attribution-NonCommercial-ShareAlike
http://www.wikidata.org/entity/Q113101849,Creative Commons Attribution; Creative Commons Attribution-NonCommercial-ShareAlike
http://www.wikidata.org/entity/Q113101914,Creative Commons Attribution; Creative Commons Attribution-NonCommercial-ShareAlike
http://www.wikidata.org/entity/Q113148883,Creative Commons Attribution-NonCommercial-NoDerivatives
http://www.wikidata.org/entity/Q113148886,Creative Commons Attribution-NonCommercial-NoDerivatives
http://www.wikidata.org/entity/Q113148891,Creative Commons Attribution-NonCommercial-NoDerivatives
http://www.wikidata.org/entity/Q113148888,Creative Commons Attribution-NonCommercial-NoDerivatives
http://www.wikidata.org/entity/Q113148889,Creative Commons Attribution-NonCommercial-NoDerivatives
http://www.wikidata.org/entity/Q113148895,Creative Commons Attribution-NonCommercial-NoDerivatives
http://www.wikidata.org/entity/Q113148893,Creative Commons Attribution-NonCommercial-NoDerivatives
http://www.wikidata.org/entity/Q113148898,Creative Commons Attribution-NonCommercial-NoDerivatives
http://www.wikidata.org/entity/Q113148897,Creative Commons Attribution-NonCommercial-NoDerivatives
http://www.wikidata.org/entity/Q113148903,Creative Commons Attribution-NonCommercial-NoDerivatives
http://www.wikidata.org/entity/Q113148900,Creative Commons Attribution-NonCommercial-NoDerivatives
http://www.wikidata.org/entity/Q113148906,Creative Commons Attribution-NonCommercial-NoDerivatives
http://www.wikidata.org/entity/Q113148905,Creative Commons Attribution-NonCommercial-NoDerivatives
http://www.wikidata.org/entity/Q113148908,Creative Commons Attribution-NonCommercial-NoDerivatives
http://www.wikidata.org/entity/Q113201278,Creative Commons Attribution-NonCommercial-NoDerivatives
http://www.wikidata.org/entity/Q113331815,Creative Commons Attribution; Creative Commons Attribution-NonCommercial-ShareAlike
http://www.wikidata.org/entity/Q113333289,Creative Commons Attribution; Creative Commons Attribution-NonCommercial-ShareAlike
http://www.wikidata.org/entity/Q113334524,Creative Commons Attribution; Creative Commons Attribution-NonCommercial-ShareAlike
http://www.wikidata.org/entity/Q113334738,Creative Commons Attribution; Creative Commons Attribution-NonCommercial-ShareAlike
http://www.wikidata.org/entity/Q113374946,Creative Commons Attribution; Creative Commons Attribution-NonCommercial-ShareAlike
http://www.wikidata.org/entity/Q113375815,Creative Commons Attribution; Creative Commons Attribution-NonCommercial-ShareAlike
http://www.wikidata.org/entity/Q113376086,Creative Commons Attribution; Creative Commons Attribution-NonCommercial-ShareAlike
http://www.wikidata.org/entity/Q113376157,Creative Commons Attribution; Creative Commons Attribution-NonCommercial-ShareAlike
http://www.wikidata.org/entity/Q113382868,Creative Commons Attribution; Creative Commons Attribution-NonCommercial-ShareAlike
http://www.wikidata.org/entity/Q113383097,Creative Commons Attribution; Creative Commons Attribution-NonCommercial-ShareAlike
http://www.wikidata.org/entity/Q113383218,Creative Commons Attribution; Creative Commons Attribution-NonCommercial-ShareAlike
http://www.wikidata.org/entity/Q113383238,Creative Commons Attribution; Creative Commons Attribution-NonCommercial-ShareAlike
http://www.wikidata.org/entity/Q113383293,Creative Commons Attribution; Creative Commons Attribution-NonCommercial-ShareAlike
http://www.wikidata.org/entity/Q113383318,Creative Commons Attribution; Creative Commons Attribution-NonCommercial-ShareAlike
http://www.wikidata.org/entity/Q113402027,Creative Commons Attribution; Creative Commons Attribution-NonCommercial-ShareAlike
http://www.wikidata.org/entity/Q113402360,Creative Commons Attribution; Creative Commons Attribution-NonCommercial-ShareAlike
http://www.wikidata.org/entity/Q113435090,Creative Commons Attribution; Creative Commons Attribution-NonCommercial-ShareAlike
http://www.wikidata.org/entity/Q113435137,Creative Commons Attribution; Creative Commons Attribution-NonCommercial-ShareAlike
http://www.wikidata.org/entity/Q113435232,Creative Commons Attribution; Creative Commons Attribution-NonCommercial-ShareAlike
http://www.wikidata.org/entity/Q113436725,Creative Commons Attribution; Creative Commons Attribution-NonCommercial-ShareAlike
http://www.wikidata.org/entity/Q113436807,Creative Commons Attribution; Creative Commons Attribution-NonCommercial-ShareAlike
http://www.wikidata.org/entity/Q113436974,Creative Commons Attribution; Creative Commons Attribution-NonCommercial-ShareAlike
http://www.wikidata.org/entity/Q113437039,Creative Commons Attribution; Creative Commons Attribution-NonCommercial-ShareAlike
http://www.wikidata.org/entity/Q113437122,Creative Commons Attribution; Creative Commons Attribution-NonCommercial-ShareAlike
http://www.wikidata.org/entity/Q113469465,Creative Commons Attribution; Creative Commons Attribution-NonCommercial-ShareAlike
http://www.wikidata.org/entity/Q113470106,Creative Commons Attribution; Creative Commons Attribution-NonCommercial-ShareAlike
http://www.wikidata.org/entity/Q113470152,Creative Commons Attribution; Creative Commons Attribution-NonCommercial-ShareAlike
http://www.wikidata.org/entity/Q113470241,Creative Commons Attribution; Creative Commons Attribution-NonCommercial-ShareAlike
http://www.wikidata.org/entity/Q113470395,Creative Commons Attribution; Creative Commons Attribution-NonCommercial-ShareAlike
http://www.wikidata.org/entity/Q113485018,Creative Commons Attribution; Creative Commons Attribution-NonCommercial-ShareAlike
http://www.wikidata.org/entity/Q113485151,Creative Commons Attribution; Creative Commons Attribution-NonCommercial-ShareAlike
http://www.wikidata.org/entity/Q113485313,Creative Commons Attribution; Creative Commons Attribution-NonCommercial-ShareAlike
http://www.wikidata.org/entity/Q113485704,Creative Commons Attribution; Creative Commons Attribution-NonCommercial-ShareAlike
http://www.wikidata.org/entity/Q113485957,Creative Commons Attribution; Creative Commons Attribution-NonCommercial-ShareAlike
http://www.wikidata.org/entity/Q113485970,Creative Commons Attribution; Creative Commons Attribution-NonCommercial-ShareAlike
http://www.wikidata.org/entity/Q113643582,Creative Commons Attribution; Creative Commons Attribution-NonCommercial-ShareAlike
http://www.wikidata.org/entity/Q113643658,Creative Commons Attribution; Creative Commons Attribution-NonCommercial-ShareAlike
http://www.wikidata.org/entity/Q114674485,
http://www.wikidata.org/entity/Q114773208,Creative Commons Attribution
http://www.wikidata.org/entity/Q114851255,Creative Commons Attribution-ShareAlike; Creative Commons Attribution-NonCommercial-NoDerivatives; Creative Commons Attribution-ShareAlike 4.0 International
http://www.wikidata.org/entity/Q115139459,
http://www.wikidata.org/entity/Q115139456,
http://www.wikidata.org/entity/Q115139461,
http://www.wikidata.org/entity/Q115139467,
http://www.wikidata.org/entity/Q115342412,Creative Commons Attribution
http://www.wikidata.org/entity/Q115533638,Creative Commons Attribution; Creative Commons Attribution-NonCommercial-ShareAlike
http://www.wikidata.org/entity/Q115534269,Creative Commons Attribution; Creative Commons Attribution-NonCommercial-ShareAlike
http://www.wikidata.org/entity/Q115534356,Creative Commons Attribution; Creative Commons Attribution-NonCommercial-ShareAlike
http://www.wikidata.org/entity/Q115534903,Creative Commons Attribution; Creative Commons Attribution-NonCommercial-ShareAlike
http://www.wikidata.org/entity/Q115534992,Creative Commons Attribution; Creative Commons Attribution-NonCommercial-ShareAlike
http://www.wikidata.org/entity/Q115535068,Creative Commons Attribution; Creative Commons Attribution-NonCommercial-ShareAlike
http://www.wikidata.org/entity/Q115536188,Creative Commons Attribution; Creative Commons Attribution-NonCommercial-ShareAlike
http://www.wikidata.org/entity/Q115536223,Creative Commons Attribution; Creative Commons Attribution-NonCommercial-ShareAlike
http://www.wikidata.org/entity/Q115577742,
http://www.wikidata.org/entity/Q115901296,Creative Commons Attribution
http://www.wikidata.org/entity/Q116282238,Creative Commons Attribution
http://www.wikidata.org/entity/Q116444203,Creative Commons Attribution-NonCommercial-NoDerivatives
http://www.wikidata.org/entity/Q116444206,Creative Commons Attribution-NonCommercial-NoDerivatives
http://www.wikidata.org/entity/Q116444207,Creative Commons Attribution-NonCommercial-NoDerivatives
http://www.wikidata.org/entity/Q116444204,Creative Commons Attribution-NonCommercial-NoDerivatives
http://www.wikidata.org/entity/Q116444205,Creative Commons Attribution-NonCommercial-NoDerivatives
http://www.wikidata.org/entity/Q116444210,Creative Commons Attribution-NonCommercial-NoDerivatives
http://www.wikidata.org/entity/Q116444211,Creative Commons Attribution-NonCommercial-NoDerivatives
http://www.wikidata.org/entity/Q116444209,Creative Commons Attribution-NonCommercial-NoDerivatives
http://www.wikidata.org/entity/Q116444214,Creative Commons Attribution-NonCommercial-NoDerivatives
http://www.wikidata.org/entity/Q116444215,Creative Commons Attribution-NonCommercial-NoDerivatives
http://www.wikidata.org/entity/Q116444212,Creative Commons Attribution-NonCommercial-NoDerivatives
http://www.wikidata.org/entity/Q116444213,Creative Commons Attribution-NonCommercial-NoDerivatives
http://www.wikidata.org/entity/Q116444216,Creative Commons Attribution-NonCommercial-NoDerivatives
http://www.wikidata.org/entity/Q116444217,Creative Commons Attribution-NonCommercial-NoDerivatives
http://www.wikidata.org/entity/Q117032180,Creative Commons Attribution; Creative Commons Attribution-NonCommercial-ShareAlike
http://www.wikidata.org/entity/Q117032732,Creative Commons Attribution; Creative Commons Attribution-NonCommercial-ShareAlike
http://www.wikidata.org/entity/Q117033064,Creative Commons Attribution; Creative Commons Attribution-NonCommercial-ShareAlike
http://www.wikidata.org/entity/Q117033227,Creative Commons Attribution; Creative Commons Attribution-NonCommercial-ShareAlike
http://www.wikidata.org/entity/Q117033440,Creative Commons Attribution; Creative Commons Attribution-NonCommercial-ShareAlike
http://www.wikidata.org/entity/Q117034524,Creative Commons Attribution; Creative Commons Attribution-NonCommercial-ShareAlike
http://www.wikidata.org/entity/Q117034594,Creative Commons Attribution; Creative Commons Attribution-NonCommercial-ShareAlike
http://www.wikidata.org/entity/Q117428586,Creative Commons Attribution-ShareAlike; Creative Commons Attribution-NonCommercial-NoDerivatives; Creative Commons Attribution-ShareAlike 4.0 International
http://www.wikidata.org/entity/Q117428593,Creative Commons Attribution-ShareAlike; Creative Commons Attribution-NonCommercial-NoDerivatives; Creative Commons Attribution-ShareAlike 4.0 International
http://www.wikidata.org/entity/Q117428678,Creative Commons Attribution-ShareAlike; Creative Commons Attribution-NonCommercial-NoDerivatives; Creative Commons Attribution-ShareAlike 4.0 International
http://www.wikidata.org/entity/Q117428679,Creative Commons Attribution-ShareAlike; Creative Commons Attribution-NonCommercial-NoDerivatives; Creative Commons Attribution-ShareAlike 4.0 International
http://www.wikidata.org/entity/Q117428677,Creative Commons Attribution-ShareAlike; Creative Commons Attribution-NonCommercial-NoDerivatives; Creative Commons Attribution-ShareAlike 4.0 International
http://www.wikidata.org/entity/Q117447410,Creative Commons Attribution-ShareAlike; Creative Commons Attribution-NonCommercial-NoDerivatives; Creative Commons Attribution-ShareAlike 4.0 International
http://www.wikidata.org/entity/Q117447411,Creative Commons Attribution-ShareAlike; Creative Commons Attribution-NonCommercial-NoDerivatives; Creative Commons Attribution-ShareAlike 4.0 International
http://www.wikidata.org/entity/Q117447409,Creative Commons Attribution-ShareAlike; Creative Commons Attribution-NonCommercial-NoDerivatives; Creative Commons Attribution-ShareAlike 4.0 International
http://www.wikidata.org/entity/Q117447506,Creative Commons Attribution-ShareAlike; Creative Commons Attribution-NonCommercial-NoDerivatives; Creative Commons Attribution-ShareAlike 4.0 International
http://www.wikidata.org/entity/Q117447507,Creative Commons Attribution-ShareAlike; Creative Commons Attribution-NonCommercial-NoDerivatives; Creative Commons Attribution-ShareAlike 4.0 International
http://www.wikidata.org/entity/Q117447504,Creative Commons Attribution-ShareAlike; Creative Commons Attribution-NonCommercial-NoDerivatives; Creative Commons Attribution-ShareAlike 4.0 International
http://www.wikidata.org/entity/Q117447505,Creative Commons Attribution-ShareAlike; Creative Commons Attribution-NonCommercial-NoDerivatives; Creative Commons Attribution-ShareAlike 4.0 International
http://www.wikidata.org/entity/Q117447582,Creative Commons Attribution-ShareAlike; Creative Commons Attribution-NonCommercial-NoDerivatives; Creative Commons Attribution-ShareAlike 4.0 International
http://www.wikidata.org/entity/Q117447583,Creative Commons Attribution-ShareAlike; Creative Commons Attribution-NonCommercial-NoDerivatives; Creative Commons Attribution-ShareAlike 4.0 International
http://www.wikidata.org/entity/Q117448463,Creative Commons Attribution-ShareAlike; Creative Commons Attribution-NonCommercial-NoDerivatives; Creative Commons Attribution-ShareAlike 4.0 International
http://www.wikidata.org/entity/Q117448466,Creative Commons Attribution-ShareAlike; Creative Commons Attribution-NonCommercial-NoDerivatives; Creative Commons Attribution-ShareAlike 4.0 International
http://www.wikidata.org/entity/Q117448465,Creative Commons Attribution-ShareAlike; Creative Commons Attribution-NonCommercial-NoDerivatives; Creative Commons Attribution-ShareAlike 4.0 International
http://www.wikidata.org/entity/Q117448470,Creative Commons Attribution-ShareAlike; Creative Commons Attribution-NonCommercial-NoDerivatives; Creative Commons Attribution-ShareAlike 4.0 International
http://www.wikidata.org/entity/Q117448469,Creative Commons Attribution-ShareAlike; Creative Commons Attribution-NonCommercial-NoDerivatives; Creative Commons Attribution-ShareAlike 4.0 International
http://www.wikidata.org/entity/Q117448474,Creative Commons Attribution-ShareAlike; Creative Commons Attribution-NonCommercial-NoDerivatives; Creative Commons Attribution-ShareAlike 4.0 International
http://www.wikidata.org/entity/Q117448475,Creative Commons Attribution-ShareAlike; Creative Commons Attribution-NonCommercial-NoDerivatives; Creative Commons Attribution-ShareAlike 4.0 International
http://www.wikidata.org/entity/Q117448472,Creative Commons Attribution-ShareAlike; Creative Commons Attribution-NonCommercial-NoDerivatives; Creative Commons Attribution-ShareAlike 4.0 International
http://www.wikidata.org/entity/Q117448473,Creative Commons Attribution-ShareAlike; Creative Commons Attribution-NonCommercial-NoDerivatives; Creative Commons Attribution-ShareAlike 4.0 International
http://www.wikidata.org/entity/Q117455594,Creative Commons Attribution-ShareAlike; Creative Commons Attribution-NonCommercial-NoDerivatives; Creative Commons Attribution-ShareAlike 4.0 International
http://www.wikidata.org/entity/Q117455595,Creative Commons Attribution-ShareAlike; Creative Commons Attribution-NonCommercial-NoDerivatives; Creative Commons Attribution-ShareAlike 4.0 International
http://www.wikidata.org/entity/Q117455592,Creative Commons Attribution-ShareAlike; Creative Commons Attribution-NonCommercial-NoDerivatives; Creative Commons Attribution-ShareAlike 4.0 International
http://www.wikidata.org/entity/Q117455593,Creative Commons Attribution-ShareAlike; Creative Commons Attribution-NonCommercial-NoDerivatives; Creative Commons Attribution-ShareAlike 4.0 International
http://www.wikidata.org/entity/Q117455598,Creative Commons Attribution-ShareAlike; Creative Commons Attribution-NonCommercial-NoDerivatives; Creative Commons Attribution-ShareAlike 4.0 International
http://www.wikidata.org/entity/Q117455596,Creative Commons Attribution-ShareAlike; Creative Commons Attribution-NonCommercial-NoDerivatives; Creative Commons Attribution-ShareAlike 4.0 International
http://www.wikidata.org/entity/Q117455597,Creative Commons Attribution-ShareAlike; Creative Commons Attribution-NonCommercial-NoDerivatives; Creative Commons Attribution-ShareAlike 4.0 International
http://www.wikidata.org/entity/Q117455602,Creative Commons Attribution-ShareAlike; Creative Commons Attribution-NonCommercial-NoDerivatives; Creative Commons Attribution-ShareAlike 4.0 International
http://www.wikidata.org/entity/Q117455603,Creative Commons Attribution-ShareAlike; Creative Commons Attribution-NonCommercial-NoDerivatives; Creative Commons Attribution-ShareAlike 4.0 International
http://www.wikidata.org/entity/Q117455600,Creative Commons Attribution-ShareAlike; Creative Commons Attribution-NonCommercial-NoDerivatives; Creative Commons Attribution-ShareAlike 4.0 International
http://www.wikidata.org/entity/Q117455601,Creative Commons Attribution-ShareAlike; Creative Commons Attribution-NonCommercial-NoDerivatives; Creative Commons Attribution-ShareAlike 4.0 International
http://www.wikidata.org/entity/Q117455604,Creative Commons Attribution-ShareAlike; Creative Commons Attribution-NonCommercial-NoDerivatives; Creative Commons Attribution-ShareAlike 4.0 International
http://www.wikidata.org/entity/Q117455605,Creative Commons Attribution-ShareAlike; Creative Commons Attribution-NonCommercial-NoDerivatives; Creative Commons Attribution-ShareAlike 4.0 International
http://www.wikidata.org/entity/Q118367937,
http://www.wikidata.org/entity/Q118814003,Creative Commons Attribution; Creative Commons Attribution-NonCommercial-ShareAlike
http://www.wikidata.org/entity/Q118867455,Creative Commons Attribution; Creative Commons Attribution-NonCommercial-ShareAlike
http://www.wikidata.org/entity/Q118867779,Creative Commons Attribution; Creative Commons Attribution-NonCommercial-ShareAlike
http://www.wikidata.org/entity/Q118945524,Creative Commons Attribution; Creative Commons Attribution-NonCommercial-ShareAlike
http://www.wikidata.org/entity/Q118971301,
http://www.wikidata.org/entity/Q119133062,Creative Commons Attribution; Creative Commons Attribution-NonCommercial-ShareAlike
http://www.wikidata.org/entity/Q119137591,Creative Commons Attribution; Creative Commons Attribution-NonCommercial-ShareAlike
http://www.wikidata.org/entity/Q119137740,Creative Commons Attribution; Creative Commons Attribution-NonCommercial-ShareAlike
http://www.wikidata.org/entity/Q119138814,Creative Commons Attribution; Creative Commons Attribution-NonCommercial-ShareAlike
http://www.wikidata.org/entity/Q119496383,Creative Commons Attribution-NonCommercial-NoDerivatives
http://www.wikidata.org/entity/Q119496386,Creative Commons Attribution-NonCommercial-NoDerivatives
http://www.wikidata.org/entity/Q119496387,Creative Commons Attribution-NonCommercial-NoDerivatives
http://www.wikidata.org/entity/Q119496384,Creative Commons Attribution-NonCommercial-NoDerivatives
http://www.wikidata.org/entity/Q119496385,Creative Commons Attribution-NonCommercial-NoDerivatives
http://www.wikidata.org/entity/Q119496390,Creative Commons Attribution-NonCommercial-NoDerivatives
http://www.wikidata.org/entity/Q119496391,Creative Commons Attribution-NonCommercial-NoDerivatives
http://www.wikidata.org/entity/Q119496388,Creative Commons Attribution-NonCommercial-NoDerivatives
http://www.wikidata.org/entity/Q119496389,Creative Commons Attribution-NonCommercial-NoDerivatives
http://www.wikidata.org/entity/Q119496394,Creative Commons Attribution-NonCommercial-NoDerivatives
http://www.wikidata.org/entity/Q119496392,Creative Commons Attribution-NonCommercial-NoDerivatives
http://www.wikidata.org/entity/Q119496393,Creative Commons Attribution-NonCommercial-NoDerivatives
http://www.wikidata.org/entity/Q120702421,
http://www.wikidata.org/entity/Q121298479,
http://www.wikidata.org/entity/Q121299313,
http://www.wikidata.org/entity/Q122049779,Creative Commons Attribution
http://www.wikidata.org/entity/Q122049776,Creative Commons Attribution
http://www.wikidata.org/entity/Q122049777,Creative Commons Attribution
http://www.wikidata.org/entity/Q122049784,Creative Commons Attribution
http://www.wikidata.org/entity/Q122049785,Creative Commons Attribution
http://www.wikidata.org/entity/Q122049794,Creative Commons Attribution
http://www.wikidata.org/entity/Q122049798,Creative Commons Attribution
http://www.wikidata.org/entity/Q122049796,Creative Commons Attribution
http://www.wikidata.org/entity/Q122049806,Creative Commons Attribution
http://www.wikidata.org/entity/Q122049817,Creative Commons Attribution
http://www.wikidata.org/entity/Q122049868,Creative Commons Attribution
http://www.wikidata.org/entity/Q122049874,Creative Commons Attribution
http://www.wikidata.org/entity/Q122049876,Creative Commons Attribution
http://www.wikidata.org/entity/Q122049880,Creative Commons Attribution
http://www.wikidata.org/entity/Q122049898,Creative Commons Attribution
http://www.wikidata.org/entity/Q122049914,Creative Commons Attribution
http://www.wikidata.org/entity/Q122049924,Creative Commons Attribution
http://www.wikidata.org/entity/Q122050002,Creative Commons Attribution
http://www.wikidata.org/entity/Q122050109,Creative Commons Attribution
http://www.wikidata.org/entity/Q122050183,Creative Commons Attribution
http://www.wikidata.org/entity/Q122050186,Creative Commons Attribution
http://www.wikidata.org/entity/Q122050223,Creative Commons Attribution
http://www.wikidata.org/entity/Q122050221,Creative Commons Attribution
http://www.wikidata.org/entity/Q122050236,Creative Commons Attribution
http://www.wikidata.org/entity/Q122050246,Creative Commons Attribution
http://www.wikidata.org/entity/Q122050247,Creative Commons Attribution
http://www.wikidata.org/entity/Q122050244,Creative Commons Attribution
http://www.wikidata.org/entity/Q122050252,Creative Commons Attribution
http://www.wikidata.org/entity/Q122050293,Creative Commons Attribution
http://www.wikidata.org/entity/Q122050308,Creative Commons Attribution
http://www.wikidata.org/entity/Q122050335,Creative Commons Attribution
http://www.wikidata.org/entity/Q122828583,
http://www.wikidata.org/entity/Q123110125,Creative Commons Attribution-ShareAlike; Creative Commons Attribution-NonCommercial-NoDerivatives; Creative Commons Attribution-ShareAlike 4.0 International
http://www.wikidata.org/entity/Q123172724,Creative Commons Attribution; Creative Commons Attribution-NonCommercial-ShareAlike
http://www.wikidata.org/entity/Q123172848,Creative Commons Attribution; Creative Commons Attribution-NonCommercial-ShareAlike
http://www.wikidata.org/entity/Q123173029,Creative Commons Attribution; Creative Commons Attribution-NonCommercial-ShareAlike
http://www.wikidata.org/entity/Q123173160,Creative Commons Attribution; Creative Commons Attribution-NonCommercial-ShareAlike
http://www.wikidata.org/entity/Q123179841,Creative Commons Attribution; Creative Commons Attribution-NonCommercial-ShareAlike
http://www.wikidata.org/entity/Q123180026,Creative Commons Attribution; Creative Commons Attribution-NonCommercial-ShareAlike
http://www.wikidata.org/entity/Q123180254,Creative Commons Attribution; Creative Commons Attribution-NonCommercial-ShareAlike
http://www.wikidata.org/entity/Q123180300,Creative Commons Attribution; Creative Commons Attribution-NonCommercial-ShareAlike
http://www.wikidata.org/entity/Q123180417,Creative Commons Attribution; Creative Commons Attribution-NonCommercial-ShareAlike
http://www.wikidata.org/entity/Q123180448,Creative Commons Attribution; Creative Commons Attribution-NonCommercial-ShareAlike
http://www.wikidata.org/entity/Q123925882,Creative Commons Attribution-NonCommercial-NoDerivatives
http://www.wikidata.org/entity/Q123925883,Creative Commons Attribution-NonCommercial-NoDerivatives
http://www.wikidata.org/entity/Q123925881,Creative Commons Attribution-NonCommercial-NoDerivatives
http://www.wikidata.org/entity/Q123925886,Creative Commons Attribution-NonCommercial-NoDerivatives
http://www.wikidata.org/entity/Q123925887,Creative Commons Attribution-NonCommercial-NoDerivatives
http://www.wikidata.org/entity/Q123925884,Creative Commons Attribution-NonCommercial-NoDerivatives
http://www.wikidata.org/entity/Q123925890,Creative Commons Attribution-NonCommercial-NoDerivatives
http://www.wikidata.org/entity/Q123925891,Creative Commons Attribution-NonCommercial-NoDerivatives
http://www.wikidata.org/entity/Q123925888,Creative Commons Attribution-NonCommercial-NoDerivatives
http://www.wikidata.org/entity/Q123925889,Creative Commons Attribution-NonCommercial-NoDerivatives
http://www.wikidata.org/entity/Q123925894,Creative Commons Attribution-NonCommercial-NoDerivatives
http://www.wikidata.org/entity/Q123925895,Creative Commons Attribution-NonCommercial-NoDerivatives
http://www.wikidata.org/entity/Q123925892,Creative Commons Attribution-NonCommercial-NoDerivatives
http://www.wikidata.org/entity/Q123925893,Creative Commons Attribution-NonCommercial-NoDerivatives
http://www.wikidata.org/entity/Q123925898,Creative Commons Attribution-NonCommercial-NoDerivatives
http://www.wikidata.org/entity/Q123925896,Creative Commons Attribution-NonCommercial-NoDerivatives
http://www.wikidata.org/entity/Q123925897,Creative Commons Attribution-NonCommercial-NoDerivatives
http://www.wikidata.org/entity/Q123934448,Creative Commons Attribution-NonCommercial-NoDerivatives
http://www.wikidata.org/entity/Q124332313,
http://www.wikidata.org/entity/Q124332319,
http://www.wikidata.org/entity/Q124343474,
http://www.wikidata.org/entity/Q124343585,
http://www.wikidata.org/entity/Q124343682,
http://www.wikidata.org/entity/Q124344840,Creative Commons Attribution
http://www.wikidata.org/entity/Q124344925,
http://www.wikidata.org/entity/Q124619281,Creative Commons Attribution; Creative Commons Attribution-NonCommercial-ShareAlike
http://www.wikidata.org/entity/Q124619337,Creative Commons Attribution; Creative Commons Attribution-NonCommercial-ShareAlike
http://www.wikidata.org/entity/Q124619373,Creative Commons Attribution; Creative Commons Attribution-NonCommercial-ShareAlike
http://www.wikidata.org/entity/Q124621840,Creative Commons Attribution; Creative Commons Attribution-NonCommercial-ShareAlike
http://www.wikidata.org/entity/Q124621865,Creative Commons Attribution; Creative Commons Attribution-NonCommercial-ShareAlike
http://www.wikidata.org/entity/Q124621893,Creative Commons Attribution; Creative Commons Attribution-NonCommercial-ShareAlike
http://www.wikidata.org/entity/Q124621904,Creative Commons Attribution; Creative Commons Attribution-NonCommercial-ShareAlike
http://www.wikidata.org/entity/Q124621917,Creative Commons Attribution; Creative Commons Attribution-NonCommercial-ShareAlike
http://www.wikidata.org/entity/Q124621931,Creative Commons Attribution; Creative Commons Attribution-NonCommercial-ShareAlike
http://www.wikidata.org/entity/Q124694790,Creative Commons Attribution; Creative Commons Attribution-NonCommercial-ShareAlike
http://www.wikidata.org/entity/Q124745218,Creative Commons Attribution 3.0 Unported
http://www.wikidata.org/entity/Q125017954,
http://www.wikidata.org/entity/Q125451860,Creative Commons Attribution
http://www.wikidata.org/entity/Q125499879,Creative Commons Attribution 3.0 Unported
http://www.wikidata.org/entity/Q125500024,Creative Commons Attribution
http://www.wikidata.org/entity/Q125731008,
http://www.wikidata.org/entity/Q125897612,Creative Commons Attribution
http://www.wikidata.org/entity/Q125913828,
http://www.wikidata.org/entity/Q125959522,Creative Commons Attribution
http://www.wikidata.org/entity/Q126034721,Creative Commons Attribution 3.0 Unported
http://www.wikidata.org/entity/Q126181037,Creative Commons Attribution 3.0 Unported
http://www.wikidata.org/entity/Q126310449,Creative Commons Attribution
http://www.wikidata.org/entity/Q126313829,Creative Commons Attribution
http://www.wikidata.org/entity/Q126315684,Creative Commons Attribution
http://www.wikidata.org/entity/Q126341263,Creative Commons Attribution
http://www.wikidata.org/entity/Q126342482,Creative Commons Attribution
http://www.wikidata.org/entity/Q126343950,Creative Commons Attribution
http://www.wikidata.org/entity/Q126346475,Creative Commons Attribution
http://www.wikidata.org/entity/Q126346523,Creative Commons Attribution
http://www.wikidata.org/entity/Q126348372,Creative Commons Attribution
http://www.wikidata.org/entity/Q126348559,Creative Commons Attribution
http://www.wikidata.org/entity/Q126348563,Creative Commons Attribution
http://www.wikidata.org/entity/Q126348561,Creative Commons Attribution
http://www.wikidata.org/entity/Q126348582,Creative Commons Attribution
http://www.wikidata.org/entity/Q126349087,Creative Commons Attribution
http://www.wikidata.org/entity/Q126349115,Creative Commons Attribution
http://www.wikidata.org/entity/Q126349181,Creative Commons Attribution
http://www.wikidata.org/entity/Q126349443,Creative Commons Attribution
http://www.wikidata.org/entity/Q126349863,Creative Commons Attribution
http://www.wikidata.org/entity/Q126349861,Creative Commons Attribution
http://www.wikidata.org/entity/Q126349864,Creative Commons Attribution
http://www.wikidata.org/entity/Q126349975,Creative Commons Attribution
http://www.wikidata.org/entity/Q126350016,Creative Commons Attribution
http://www.wikidata.org/entity/Q126350572,Creative Commons Attribution
http://www.wikidata.org/entity/Q126353288,Creative Commons Attribution
http://www.wikidata.org/entity/Q126353330,Creative Commons Attribution
http://www.wikidata.org/entity/Q126353715,Creative Commons Attribution
http://www.wikidata.org/entity/Q126361432,Creative Commons Attribution; Creative Commons Attribution-NonCommercial-ShareAlike
http://www.wikidata.org/entity/Q126361695,Creative Commons Attribution; Creative Commons Attribution-NonCommercial-ShareAlike
http://www.wikidata.org/entity/Q126362005,Creative Commons Attribution; Creative Commons Attribution-NonCommercial-ShareAlike
http://www.wikidata.org/entity/Q126372110,Creative Commons Attribution; Creative Commons Attribution-NonCommercial-ShareAlike
http://www.wikidata.org/entity/Q126372153,Creative Commons Attribution; Creative Commons Attribution-NonCommercial-ShareAlike
http://www.wikidata.org/entity/Q126372598,Creative Commons Attribution; Creative Commons Attribution-NonCommercial-ShareAlike
http://www.wikidata.org/entity/Q126386357,Creative Commons Attribution
http://www.wikidata.org/entity/Q126532186,Creative Commons Attribution; Creative Commons Attribution-NonCommercial-ShareAlike
http://www.wikidata.org/entity/Q126722512,
http://www.wikidata.org/entity/Q126899403,Creative Commons Attribution 4.0 International
http://www.wikidata.org/entity/Q127043392,
http://www.wikidata.org/entity/Q127043422,
http://www.wikidata.org/entity/Q127043447,
http://www.wikidata.org/entity/Q127598311,
http://www.wikidata.org/entity/Q127691539,Creative Commons Attribution-NonCommercial-NoDerivatives
http://www.wikidata.org/entity/Q127691542,Creative Commons Attribution-NonCommercial-NoDerivatives
http://www.wikidata.org/entity/Q127691543,Creative Commons Attribution-NonCommercial-NoDerivatives
http://www.wikidata.org/entity/Q127691540,Creative Commons Attribution-NonCommercial-NoDerivatives
http://www.wikidata.org/entity/Q127691541,Creative Commons Attribution-NonCommercial-NoDerivatives
http://www.wikidata.org/entity/Q127691546,Creative Commons Attribution-NonCommercial-NoDerivatives
http://www.wikidata.org/entity/Q127691547,Creative Commons Attribution-NonCommercial-NoDerivatives
http://www.wikidata.org/entity/Q127691544,Creative Commons Attribution-NonCommercial-NoDerivatives
http://www.wikidata.org/entity/Q127691545,Creative Commons Attribution-NonCommercial-NoDerivatives
http://www.wikidata.org/entity/Q127691550,Creative Commons Attribution-NonCommercial-NoDerivatives
http://www.wikidata.org/entity/Q127691551,Creative Commons Attribution-NonCommercial-NoDerivatives
http://www.wikidata.org/entity/Q127691548,Creative Commons Attribution-NonCommercial-NoDerivatives
http://www.wikidata.org/entity/Q127691549,Creative Commons Attribution-NonCommercial-NoDerivatives
http://www.wikidata.org/entity/Q127868932,
http://www.wikidata.org/entity/Q127868956,
http://www.wikidata.org/entity/Q128305871,Creative Commons Attribution 3.0 Unported
http://www.wikidata.org/entity/Q128306149,
http://www.wikidata.org/entity/Q128306153,
http://www.wikidata.org/entity/Q128308912,Creative Commons Attribution
http://www.wikidata.org/entity/Q128308921,
http://www.wikidata.org/entity/Q128310240,
http://www.wikidata.org/entity/Q128588041,
http://www.wikidata.org/entity/Q128591413,
http://www.wikidata.org/entity/Q128592841,
http://www.wikidata.org/entity/Q128592850,
http://www.wikidata.org/entity/Q128621600,
http://www.wikidata.org/entity/Q128621605,
http://www.wikidata.org/entity/Q128624466,
http://www.wikidata.org/entity/Q128624468,
http://www.wikidata.org/entity/Q128624475,
http://www.wikidata.org/entity/Q128624472,
http://www.wikidata.org/entity/Q128624478,
http://www.wikidata.org/entity/Q128624477,
http://www.wikidata.org/entity/Q128624483,
http://www.wikidata.org/entity/Q128694022,Creative Commons Attribution 3.0 Unported
http://www.wikidata.org/entity/Q128694025,
http://www.wikidata.org/entity/Q128694070,Creative Commons Attribution 3.0 Unported
http://www.wikidata.org/entity/Q128694069,Creative Commons Attribution 3.0 Unported
http://www.wikidata.org/entity/Q128694073,
http://www.wikidata.org/entity/Q128795587,
http://www.wikidata.org/entity/Q129813340,Creative Commons Attribution 3.0 Unported
http://www.wikidata.org/entity/Q129813537,Creative Commons Attribution 3.0 Unported
http://www.wikidata.org/entity/Q129814967,
http://www.wikidata.org/entity/Q129815743,
http://www.wikidata.org/entity/Q129816282,
http://www.wikidata.org/entity/Q129817115,Creative Commons Attribution 3.0 Unported
http://www.wikidata.org/entity/Q130292560,
http://www.wikidata.org/entity/Q130292910,
http://www.wikidata.org/entity/Q130362547,Creative Commons Attribution
http://www.wikidata.org/entity/Q130401900,
http://www.wikidata.org/entity/Q130401947,
http://www.wikidata.org/entity/Q130402154,
http://www.wikidata.org/entity/Q130427991,
http://www.wikidata.org/entity/Q130429194,
http://www.wikidata.org/entity/Q130472961,
http://www.wikidata.org/entity/Q130473043,
http://www.wikidata.org/entity/Q130477850,Creative Commons Attribution; Creative Commons Attribution-NonCommercial-ShareAlike
http://www.wikidata.org/entity/Q130529432,Creative Commons Attribution; Creative Commons Attribution-NonCommercial-ShareAlike
http://www.wikidata.org/entity/Q130529479,Creative Commons Attribution; Creative Commons Attribution-NonCommercial-ShareAlike
http://www.wikidata.org/entity/Q130529510,Creative Commons Attribution; Creative Commons Attribution-NonCommercial-ShareAlike
http://www.wikidata.org/entity/Q130529640,Creative Commons Attribution; Creative Commons Attribution-NonCommercial-ShareAlike
http://www.wikidata.org/entity/Q130529660,Creative Commons Attribution; Creative Commons Attribution-NonCommercial-ShareAlike
http://www.wikidata.org/entity/Q130529702,Creative Commons Attribution; Creative Commons Attribution-NonCommercial-ShareAlike
http://www.wikidata.org/entity/Q130638618,
http://www.wikidata.org/entity/Q130650495,
http://www.wikidata.org/entity/Q130655979,
http://www.wikidata.org/entity/Q130680698,
http://www.wikidata.org/entity/Q131389375,
http://www.wikidata.org/entity/Q131389397,
http://www.wikidata.org/entity/Q131429346,Creative Commons Attribution-NonCommercial-NoDerivatives
http://www.wikidata.org/entity/Q131429347,Creative Commons Attribution-NonCommercial-NoDerivatives
http://www.wikidata.org/entity/Q131429344,Creative Commons Attribution-NonCommercial-NoDerivatives
http://www.wikidata.org/entity/Q131429345,Creative Commons Attribution-NonCommercial-NoDerivatives
http://www.wikidata.org/entity/Q131429350,Creative Commons Attribution-NonCommercial-NoDerivatives
http://www.wikidata.org/entity/Q131429351,Creative Commons Attribution-NonCommercial-NoDerivatives
http://www.wikidata.org/entity/Q131429348,Creative Commons Attribution-NonCommercial-NoDerivatives
http://www.wikidata.org/entity/Q131429349,Creative Commons Attribution-NonCommercial-NoDerivatives
http://www.wikidata.org/entity/Q131429354,Creative Commons Attribution-NonCommercial-NoDerivatives
http://www.wikidata.org/entity/Q131429352,Creative Commons Attribution-NonCommercial-NoDerivatives
http://www.wikidata.org/entity/Q131429353,Creative Commons Attribution-NonCommercial-NoDerivatives
http://www.wikidata.org/entity/Q131437313,Creative Commons Attribution 3.0 Unported
http://www.wikidata.org/entity/Q131437355,Creative Commons Attribution 3.0 Unported
http://www.wikidata.org/entity/Q131438401,Creative Commons Attribution 3.0 Unported
http://www.wikidata.org/entity/Q131438467,Creative Commons Attribution
http://www.wikidata.org/entity/Q131459329,Creative Commons Attribution
http://www.wikidata.org/entity/Q131459633,Creative Commons Attribution
http://www.wikidata.org/entity/Q131460432,Creative Commons Attribution 3.0 Unported
http://www.wikidata.org/entity/Q131469817,
http://www.wikidata.org/entity/Q131502873,Creative Commons Attribution
http://www.wikidata.org/entity/Q131506079,
http://www.wikidata.org/entity/Q131542502,
http://www.wikidata.org/entity/Q131542651,Creative Commons Attribution
http://www.wikidata.org/entity/Q131542665,Creative Commons Attribution 3.0 Unported
http://www.wikidata.org/entity/Q131569299,Creative Commons Attribution
http://www.wikidata.org/entity/Q131598024,Creative Commons Attribution 3.0 Unported
http://www.wikidata.org/entity/Q131606824,Creative Commons Attribution
http://www.wikidata.org/entity/Q131606924,Creative Commons Attribution
http://www.wikidata.org/entity/Q131606988,Creative Commons Attribution 3.0 Unported
http://www.wikidata.org/entity/Q131607096,Creative Commons Attribution
http://www.wikidata.org/entity/Q131625443,
http://www.wikidata.org/entity/Q131625829,
http://www.wikidata.org/entity/Q131626777,
http://www.wikidata.org/entity/Q131682115,
http://www.wikidata.org/entity/Q131682397,
http://www.wikidata.org/entity/Q131682430,Creative Commons Attribution
http://www.wikidata.org/entity/Q131781759,Creative Commons Attribution
http://www.wikidata.org/entity/Q131781771,Creative Commons Attribution
http://www.wikidata.org/entity/Q131781800,Creative Commons Attribution
http://www.wikidata.org/entity/Q131869204,
http://www.wikidata.org/entity/Q131869272,Creative Commons Attribution 3.0 Unported
http://www.wikidata.org/entity/Q131869976,
http://www.wikidata.org/entity/Q131919105,Creative Commons Attribution 3.0 Unported
http://www.wikidata.org/entity/Q131919250,Creative Commons Attribution 3.0 Unported
http://www.wikidata.org/entity/Q131919303,Creative Commons Attribution 3.0 Unported
http://www.wikidata.org/entity/Q131920244,Creative Commons Attribution
http://www.wikidata.org/entity/Q131925517,Creative Commons Attribution; Creative Commons Attribution-NonCommercial-ShareAlike
http://www.wikidata.org/entity/Q131925554,Creative Commons Attribution; Creative Commons Attribution-NonCommercial-ShareAlike
http://www.wikidata.org/entity/Q131925592,Creative Commons Attribution; Creative Commons Attribution-NonCommercial-ShareAlike
http://www.wikidata.org/entity/Q131925629,Creative Commons Attribution; Creative Commons Attribution-NonCommercial-ShareAlike
http://www.wikidata.org/entity/Q131925643,Creative Commons Attribution; Creative Commons Attribution-NonCommercial-ShareAlike
http://www.wikidata.org/entity/Q131925664,Creative Commons Attribution; Creative Commons Attribution-NonCommercial-ShareAlike
http://www.wikidata.org/entity/Q131925686,Creative Commons Attribution; Creative Commons Attribution-NonCommercial-ShareAlike
http://www.wikidata.org/entity/Q131931058,
http://www.wikidata.org/entity/Q131931065,Creative Commons Attribution 3.0 Unported
http://www.wikidata.org/entity/Q131931300,Creative Commons Attribution
http://www.wikidata.org/entity/Q131932378,Creative Commons Attribution
http://www.wikidata.org/entity/Q131932403,Creative Commons Attribution
http://www.wikidata.org/entity/Q131932443,Creative Commons Attribution
http://www.wikidata.org/entity/Q131932551,Creative Commons Attribution 3.0 Unported
http://www.wikidata.org/entity/Q131932568,Creative Commons Attribution 3.0 Unported
http://www.wikidata.org/entity/Q131932589,Creative Commons Attribution 3.0 Unported
http://www.wikidata.org/entity/Q131986883,Creative Commons Attribution
http://www.wikidata.org/entity/Q131986985,Creative Commons Attribution
http://www.wikidata.org/entity/Q132126758,Creative Commons Attribution
http://www.wikidata.org/entity/Q132127027,Creative Commons Attribution
http://www.wikidata.org/entity/Q132127041,Creative Commons Attribution
http://www.wikidata.org/entity/Q132127110,Creative Commons Attribution
http://www.wikidata.org/entity/Q132127212,Creative Commons Attribution
http://www.wikidata.org/entity/Q132127224,Creative Commons Attribution
http://www.wikidata.org/entity/Q132130690,Creative Commons Attribution
http://www.wikidata.org/entity/Q132130704,Creative Commons Attribution 3.0 Unported
http://www.wikidata.org/entity/Q132130719,Creative Commons Attribution 3.0 Unported
http://www.wikidata.org/entity/Q132130797,Creative Commons Attribution 3.0 Unported
http://www.wikidata.org/entity/Q132130803,Creative Commons Attribution 3.0 Unported
http://www.wikidata.org/entity/Q132130834,Creative Commons Attribution 3.0 Unported
http://www.wikidata.org/entity/Q132130847,Creative Commons Attribution
http://www.wikidata.org/entity/Q132130942,Creative Commons Attribution 3.0 Unported
http://www.wikidata.org/entity/Q132131051,Creative Commons Attribution
http://www.wikidata.org/entity/Q132167890,Creative Commons Attribution 3.0 Unported
http://www.wikidata.org/entity/Q132167909,Creative Commons Attribution 3.0 Unported
http://www.wikidata.org/entity/Q132168073,Creative Commons Attribution 3.0 Unported
http://www.wikidata.org/entity/Q132540602,Creative Commons Attribution 3.0 Unported
http://www.wikidata.org/entity/Q132561594,Creative Commons Attribution-NonCommercial-NoDerivatives
http://www.wikidata.org/entity/Q133040646,Creative Commons Attribution 3.0 Unported
http://www.wikidata.org/entity/Q133080583,
http://www.wikidata.org/entity/Q133256774,Creative Commons Attribution 3.0 Unported
http://www.wikidata.org/entity/Q133256793,Creative Commons Attribution 3.0 Unported
http://www.wikidata.org/entity/Q133257960,
http://www.wikidata.org/entity/Q133258081,Creative Commons Attribution 3.0 Unported
http://www.wikidata.org/entity/Q133258102,Creative Commons Attribution 3.0 Unported
http://www.wikidata.org/entity/Q133258145,
http://www.wikidata.org/entity/Q133263063,Creative Commons Attribution
http://www.wikidata.org/entity/Q133278195,
http://www.wikidata.org/entity/Q133297020,
http://www.wikidata.org/entity/Q133297032,
http://www.wikidata.org/entity/Q133297580,
http://www.wikidata.org/entity/Q133757004,
http://www.wikidata.org/entity/Q134393758,
http://www.wikidata.org/entity/Q134393756,
http://www.wikidata.org/entity/Q134393757,
http://www.wikidata.org/entity/Q134393762,
http://www.wikidata.org/entity/Q134393763,
http://www.wikidata.org/entity/Q134393760,
http://www.wikidata.org/entity/Q134393761,
http://www.wikidata.org/entity/Q134444975,
http://www.wikidata.org/entity/Q134445011,
http://www.wikidata.org/entity/Q134513674,
http://www.wikidata.org/entity/Q134513673,
http://www.wikidata.org/entity/Q134513678,
http://www.wikidata.org/entity/Q134513679,
http://www.wikidata.org/entity/Q134513692,
http://www.wikidata.org/entity/Q134513697,
http://www.wikidata.org/entity/Q134513709,
http://www.wikidata.org/entity/Q134822033,Creative Commons Attribution; Creative Commons Attribution-NonCommercial-ShareAlike
http://www.wikidata.org/entity/Q134822634,Creative Commons Attribution; Creative Commons Attribution-NonCommercial-ShareAlike
http://www.wikidata.org/entity/Q134822870,Creative Commons Attribution; Creative Commons Attribution-NonCommercial-ShareAlike
http://www.wikidata.org/entity/Q134875686,Creative Commons Attribution 3.0 Unported
http://www.wikidata.org/entity/Q134887636,
http://www.wikidata.org/entity/Q134889535,
http://www.wikidata.org/entity/Q134889693,
http://www.wikidata.org/entity/Q134889718,
http://www.wikidata.org/entity/Q134889955,
http://www.wikidata.org/entity/Q134963409,Creative Commons Attribution; Creative Commons Attribution-NonCommercial-ShareAlike
http://www.wikidata.org/entity/Q134963419,Creative Commons Attribution; Creative Commons Attribution-NonCommercial-ShareAlike
http://www.wikidata.org/entity/Q134963650,Creative Commons Attribution 3.0 Unported
http://www.wikidata.org/entity/Q135011215,
http://www.wikidata.org/entity/Q135011297,
http://www.wikidata.org/entity/Q135102878,Creative Commons Attribution-NonCommercial-NoDerivatives
http://www.wikidata.org/entity/Q135102879,Creative Commons Attribution-NonCommercial-NoDerivatives
http://www.wikidata.org/entity/Q135102882,Creative Commons Attribution-NonCommercial-NoDerivatives
http://www.wikidata.org/entity/Q135102883,Creative Commons Attribution-NonCommercial-NoDerivatives
http://www.wikidata.org/entity/Q135102880,Creative Commons Attribution-NonCommercial-NoDerivatives
http://www.wikidata.org/entity/Q135102881,Creative Commons Attribution-NonCommercial-NoDerivatives
http://www.wikidata.org/entity/Q135102886,Creative Commons Attribution-NonCommercial-NoDerivatives
http://www.wikidata.org/entity/Q135102884,Creative Commons Attribution-NonCommercial-NoDerivatives
http://www.wikidata.org/entity/Q135103335,Creative Commons Attribution 3.0 Unported
http://www.wikidata.org/entity/Q135116138,
http://www.wikidata.org/entity/Q135165055,
http://www.wikidata.org/entity/Q135178782,
http://www.wikidata.org/entity/Q135180935,Creative Commons Attribution; Creative Commons Attribution-NonCommercial-ShareAlike
http://www.wikidata.org/entity/Q135180964,Creative Commons Attribution; Creative Commons Attribution-NonCommercial-ShareAlike
http://www.wikidata.org/entity/Q135181011,Creative Commons Attribution; Creative Commons Attribution-NonCommercial-ShareAlike
http://www.wikidata.org/entity/Q135181035,Creative Commons Attribution; Creative Commons Attribution-NonCommercial-ShareAlike
http://www.wikidata.org/entity/Q135181072,Creative Commons Attribution; Creative Commons Attribution-NonCommercial-ShareAlike
http://www.wikidata.org/entity/Q135181110,Creative Commons Attribution; Creative Commons Attribution-NonCommercial-ShareAlike
http://www.wikidata.org/entity/Q135225002,
http://www.wikidata.org/entity/Q135233359,Creative Commons Attribution 3.0 Unported
http://www.wikidata.org/entity/Q135233418,
http://www.wikidata.org/entity/Q135233466,Creative Commons Attribution 3.0 Unported
http://www.wikidata.org/entity/Q135267376,
http://www.wikidata.org/entity/Q135267481,Creative Commons Attribution 3.0 Unported
http://www.wikidata.org/entity/Q135271036,Creative Commons Attribution 3.0 Unported
http://www.wikidata.org/entity/Q135335923,
http://www.wikidata.org/entity/Q135336054,
http://www.wikidata.org/entity/Q135391256,
http://www.wikidata.org/entity/Q135399271,
http://www.wikidata.org/entity/Q135399934,
http://www.wikidata.org/entity/Q135399994,
http://www.wikidata.org/entity/Q135400000,
http://www.wikidata.org/entity/Q135409624,
http://www.wikidata.org/entity/Q135409801,
http://www.wikidata.org/entity/Q135409906,
http://www.wikidata.org/entity/Q135432514,
http://www.wikidata.org/entity/Q135435931,
http://www.wikidata.org/entity/Q135435961,
http://www.wikidata.org/entity/Q135442878,
http://www.wikidata.org/entity/Q135494039,
http://www.wikidata.org/entity/Q135792920,
http://www.wikidata.org/entity/Q136184307,Creative Commons Attribution 3.0 Unported
http://www.wikidata.org/entity/Q136379142,Creative Commons Attribution
http://www.wikidata.org/entity/Q136384321,
http://www.wikidata.org/entity/Q136384392,
http://www.wikidata.org/entity/Q136384538,
http://www.wikidata.org/entity/Q136399613,
http://www.wikidata.org/entity/Q136399640,
http://www.wikidata.org/entity/Q136445293,
http://www.wikidata.org/entity/Q136445352,
http://www.wikidata.org/entity/Q136456633,Creative Commons Attribution-NonCommercial-NoDerivatives
http://www.wikidata.org/entity/Q136456640,
http://www.wikidata.org/entity/Q136456660,
http://www.wikidata.org/entity/Q136456962,Creative Commons Attribution
http://www.wikidata.org/entity/Q136461768,
http://www.wikidata.org/entity/Q136461995,Creative Commons Attribution
http://www.wikidata.org/entity/Q136462742,Creative Commons Attribution
http://www.wikidata.org/entity/Q136491214,
http://www.wikidata.org/entity/Q136505174,Creative Commons Attribution 3.0 Unported
http://www.wikidata.org/entity/Q136539563,
http://www.wikidata.org/entity/Q136540024,
http://www.wikidata.org/entity/Q136593329,
http://www.wikidata.org/entity/Q136593412,Creative Commons Attribution-NonCommercial-NoDerivatives
http://www.wikidata.org/entity/Q136657990,Creative Commons Attribution; Creative Commons Attribution-NonCommercial-ShareAlike
http://www.wikidata.org/entity/Q136658092,Creative Commons Attribution; Creative Commons Attribution-NonCommercial-ShareAlike
http://www.wikidata.org/entity/Q136658118,Creative Commons Attribution; Creative Commons Attribution-NonCommercial-ShareAlike
http://www.wikidata.org/entity/Q136658143,Creative Commons Attribution; Creative Commons Attribution-NonCommercial-ShareAlike
http://www.wikidata.org/entity/Q136658175,Creative Commons Attribution; Creative Commons Attribution-NonCommercial-ShareAlike
http://www.wikidata.org/entity/Q136658306,Creative Commons Attribution; Creative Commons Attribution-NonCommercial-ShareAlike
http://www.wikidata.org/entity/Q136658342,Creative Commons Attribution; Creative Commons Attribution-NonCommercial-ShareAlike
http://www.wikidata.org/entity/Q136658554,Creative Commons Attribution; Creative Commons Attribution-NonCommercial-ShareAlike
http://www.wikidata.org/entity/Q136658604,Creative Commons Attribution; Creative Commons Attribution-NonCommercial-ShareAlike
http://www.wikidata.org/entity/Q136661502,Creative Commons Attribution
http://www.wikidata.org/entity/Q136665118,Creative Commons Attribution-NonCommercial-NoDerivatives
http://www.wikidata.org/entity/Q136665816,Creative Commons Attribution; Creative Commons Attribution-NonCommercial-ShareAlike
http://www.wikidata.org/entity/Q136666002,Creative Commons Attribution; Creative Commons Attribution-NonCommercial-ShareAlike
http://www.wikidata.org/entity/Q136666236,Creative Commons Attribution; Creative Commons Attribution-NonCommercial-ShareAlike
http://www.wikidata.org/entity/Q136666494,Creative Commons Attribution; Creative Commons Attribution-NonCommercial-ShareAlike
http://www.wikidata.org/entity/Q136666796,Creative Commons Attribution; Creative Commons Attribution-NonCommercial-ShareAlike
http://www.wikidata.org/entity/Q136667091,Creative Commons Attribution; Creative Commons Attribution-NonCommercial-ShareAlike
http://www.wikidata.org/entity/Q136669593,Creative Commons Attribution 3.0 Unported
http://www.wikidata.org/entity/Q136669602,
http://www.wikidata.org/entity/Q136678249,Creative Commons Attribution-NonCommercial-NoDerivatives
http://www.wikidata.org/entity/Q136678881,Creative Commons Attribution
http://www.wikidata.org/entity/Q136716018,
http://www.wikidata.org/entity/Q136723350,
http://www.wikidata.org/entity/Q136728621,Creative Commons Attribution 3.0 Unported
http://www.wikidata.org/entity/Q136757914,
http://www.wikidata.org/entity/Q136759809,
http://www.wikidata.org/entity/Q136759830,
http://www.wikidata.org/entity/Q136760020,
http://www.wikidata.org/entity/Q136760027,
http://www.wikidata.org/entity/Q136760137,
http://www.wikidata.org/entity/Q136760229,Creative Commons Attribution 3.0 Unported
http://www.wikidata.org/entity/Q136940308,
http://www.wikidata.org/entity/Q137015827,Creative Commons Attribution-ShareAlike; Creative Commons Attribution-NonCommercial-NoDerivatives; Creative Commons Attribution-ShareAlike 4.0 International
http://www.wikidata.org/entity/Q137015830,Creative Commons Attribution-ShareAlike; Creative Commons Attribution-NonCommercial-NoDerivatives; Creative Commons Attribution-ShareAlike 4.0 International
http://www.wikidata.org/entity/Q137015831,Creative Commons Attribution-ShareAlike; Creative Commons Attribution-NonCommercial-NoDerivatives; Creative Commons Attribution-ShareAlike 4.0 International
http://www.wikidata.org/entity/Q137015828,Creative Commons Attribution-ShareAlike; Creative Commons Attribution-NonCommercial-NoDerivatives; Creative Commons Attribution-ShareAlike 4.0 International
http://www.wikidata.org/entity/Q137015829,Creative Commons Attribution-ShareAlike; Creative Commons Attribution-NonCommercial-NoDerivatives; Creative Commons Attribution-ShareAlike 4.0 International
http://www.wikidata.org/entity/Q137017519,Creative Commons Attribution-ShareAlike; Creative Commons Attribution-NonCommercial-NoDerivatives; Creative Commons Attribution-ShareAlike 4.0 International
http://www.wikidata.org/entity/Q137017522,Creative Commons Attribution-ShareAlike; Creative Commons Attribution-NonCommercial-NoDerivatives; Creative Commons Attribution-ShareAlike 4.0 International
http://www.wikidata.org/entity/Q137017523,Creative Commons Attribution-ShareAlike; Creative Commons Attribution-NonCommercial-NoDerivatives; Creative Commons Attribution-ShareAlike 4.0 International
http://www.wikidata.org/entity/Q137017524,Creative Commons Attribution-ShareAlike; Creative Commons Attribution-NonCommercial-NoDerivatives; Creative Commons Attribution-ShareAlike 4.0 International
http://www.wikidata.org/entity/Q137104650,Creative Commons Attribution-ShareAlike; Creative Commons Attribution-NonCommercial-NoDerivatives; Creative Commons Attribution-ShareAlike 4.0 International
http://www.wikidata.org/entity/Q137104651,Creative Commons Attribution-ShareAlike; Creative Commons Attribution-NonCommercial-NoDerivatives; Creative Commons Attribution-ShareAlike 4.0 International
http://www.wikidata.org/entity/Q137104648,Creative Commons Attribution-ShareAlike; Creative Commons Attribution-NonCommercial-NoDerivatives; Creative Commons Attribution-ShareAlike 4.0 International
http://www.wikidata.org/entity/Q137195917,Creative Commons Attribution 3.0 Unported
http://www.wikidata.org/entity/Q137324314,Creative Commons Attribution 3.0 Unported
http://www.wikidata.org/entity/Q137368051,
http://www.wikidata.org/entity/Q137392147,
http://www.wikidata.org/entity/Q137392384,
http://www.wikidata.org/entity/Q137393272,
