id,autori
http://www.wikidata.org/entity/Q36484102,Maria Gioia Tavoni (femmina); Valentina Comba (femmina)
http://www.wikidata.org/entity/Q36484107,Vilma Alberani (femmina)
http://www.wikidata.org/entity/Q36484116,Maria Antonia Modolo (femmina); Marcello Catanelli (maschio)
http://www.wikidata.org/entity/Q58302558,Francesca Tomasi (femmina)
http://www.wikidata.org/entity/Q58424166,Maria Gioia Tavoni (femmina)
http://www.wikidata.org/entity/Q59096082,Marilena Daquino (femmina); Francesca Tomasi (femmina)
http://www.wikidata.org/entity/Q59388182,Phoebe Ayers (femmina); Andrea Zanni (maschio)
http://www.wikidata.org/entity/Q65594178,Evelina Borea (femmina)
http://www.wikidata.org/entity/Q69559758,Francesca Tomasi (femmina)
http://www.wikidata.org/entity/Q103899589,Francesca Tomasi (femmina)
http://www.wikidata.org/entity/Q103915833,Lisa Janicke Hinchliffe (femmina)
http://www.wikidata.org/entity/Q103918264,Karen Coyle (femmina)
http://www.wikidata.org/entity/Q103919294,Anne-Marie Bertrand (femmina)
http://www.wikidata.org/entity/Q103919328,Maria Stella Rasetti (femmina)
http://www.wikidata.org/entity/Q103948977,Maryanne Wolf (femmina); Mirit Barzillai (femmina)
http://www.wikidata.org/entity/Q103948999,Maria Gioia Tavoni (femmina)
http://www.wikidata.org/entity/Q104382470,Maria Stella Rasetti (femmina)
http://www.wikidata.org/entity/Q105491113,Tatjana Aparac-Jelušić (femmina)
http://www.wikidata.org/entity/Q109854359,Sista Bramini (femmina)
http://www.wikidata.org/entity/Q109854566,Elisabetta Longari (femmina)
http://www.wikidata.org/entity/Q109854600,Francesca Gallo (femmina)
http://www.wikidata.org/entity/Q109854616,Alessandra Pioselli (femmina)
http://www.wikidata.org/entity/Q111732055,Elena Barassi Ferrari (femmina)
http://www.wikidata.org/entity/Q111732248,Elena Barassi Ferrari (femmina)
http://www.wikidata.org/entity/Q111732265,Elena Barassi Ferrari (femmina); Antonio Delfino (maschio); Laura Mauri Vigevani (femmina)
http://www.wikidata.org/entity/Q117447506,Francesca Tomasi (femmina); Valentina Pasqual (femmina)
http://www.wikidata.org/entity/Q123925890,Francesca Tomasi (femmina); Paolo Bonora (maschio); Lucia Giagnolini (femmina); Alessandra Di Tella (femmina)
http://www.wikidata.org/entity/Q123925898,Dacia Maraini (femmina)
http://www.wikidata.org/entity/Q127691547,Lodovica Braida (femmina)
http://www.wikidata.org/entity/Q128694025,Ileana Pagani (femmina)
http://www.wikidata.org/entity/Q134393761,Clelia Laviosa (femmina); Giacomo Caputo (maschio); Giorgio Monaco (maschio); Piera Bocci Pacini (femmina); Anna Talocchini (femmina); Mario Bizzarri (maschio)
http://www.wikidata.org/entity/Q135102882,Lodovica Braida (femmina)
http://www.wikidata.org/entity/Q136658175,Laura Evangelista (femmina)
http://www.wikidata.org/entity/Q48625754,Tania Maio (femmina); Claudio Forziati (maschio)
http://www.wikidata.org/entity/Q57976823,Alessandra Boccone (femmina); Tania Maio (femmina); Claudio Forziati (maschio); Remo Rivelli (maschio)
http://www.wikidata.org/entity/Q58356899,Anna Giulia Cavagna (femmina)
http://www.wikidata.org/entity/Q58387648,Fiammetta Sabba (femmina)
http://www.wikidata.org/entity/Q58670918,Erika Squassina (femmina)
http://www.wikidata.org/entity/Q58670922,Rita De Tata (femmina)
http://www.wikidata.org/entity/Q58670929,Giulia Crippa (femmina)
http://www.wikidata.org/entity/Q58670932,Francesca Nepori (femmina)
http://www.wikidata.org/entity/Q58773243,Fiammetta Sabba (femmina)
http://www.wikidata.org/entity/Q58773264,Grazia Biorci (femmina)
http://www.wikidata.org/entity/Q58953729,Fiammetta Sabba (femmina)
http://www.wikidata.org/entity/Q58953763,Dorit Raines (femmina)
http://www.wikidata.org/entity/Q58953796,Fiammetta Sabba (femmina)
http://www.wikidata.org/entity/Q58954188,Paola Molino (femmina)
http://www.wikidata.org/entity/Q58954224,Simona Turbanti (femmina)
http://www.wikidata.org/entity/Q59096081,Antonella Trombone (femmina)
http://www.wikidata.org/entity/Q59096090,Angela Nuovo (femmina); Erika Squassina (femmina)
http://www.wikidata.org/entity/Q59096089,Rosa Marisa Borraccini (femmina)
http://www.wikidata.org/entity/Q59096094,Fiammetta Sabba (femmina); Anna Giulia Cavagna (femmina)
http://www.wikidata.org/entity/Q59137262,Francesca Nepori (femmina)
http://www.wikidata.org/entity/Q59137264,Fiammetta Sabba (femmina)
http://www.wikidata.org/entity/Q59137268,Fiammetta Sabba (femmina)
http://www.wikidata.org/entity/Q59208097,Fiammetta Sabba (femmina)
http://www.wikidata.org/entity/Q59259740,Paola Molino (femmina)
http://www.wikidata.org/entity/Q59259749,Francesca Nepori (femmina)
http://www.wikidata.org/entity/Q59265395,Grazia Biorci (femmina)
http://www.wikidata.org/entity/Q59265397,Fiammetta Sabba (femmina)
http://www.wikidata.org/entity/Q59281536,Paola Molino (femmina)
http://www.wikidata.org/entity/Q59388176,Maria Teresa Biagetti (femmina)
http://www.wikidata.org/entity/Q60907273,Fiammetta Sabba (femmina)
http://www.wikidata.org/entity/Q60907356,Giulia Crippa (femmina)
http://www.wikidata.org/entity/Q60907422,Maria Teresa Biagetti (femmina)
http://www.wikidata.org/entity/Q60907435,Fiammetta Sabba (femmina); Roberta Cesana (femmina)
http://www.wikidata.org/entity/Q64712107,Francesca Nepori (femmina)
http://www.wikidata.org/entity/Q64712116,Alessandra Boccone (femmina); Remo Rivelli (maschio)
http://www.wikidata.org/entity/Q69646153,Fiammetta Sabba (femmina)
http://www.wikidata.org/entity/Q82515164,Francesca Nepori (femmina)
http://www.wikidata.org/entity/Q82515170,Fiammetta Sabba (femmina)
http://www.wikidata.org/entity/Q96623090,Rosa Marisa Borraccini (femmina)
http://www.wikidata.org/entity/Q102116015,Anna Maria Tammaro (femmina)
http://www.wikidata.org/entity/Q102391845,Anna Maria Tammaro (femmina)
http://www.wikidata.org/entity/Q102392285,Simona Turbanti (femmina)
http://www.wikidata.org/entity/Q102392889,Anna Maria Tammaro (femmina)
http://www.wikidata.org/entity/Q102393759,Anna Maria Tammaro (femmina)
http://www.wikidata.org/entity/Q102503100,Fiammetta Sabba (femmina)
http://www.wikidata.org/entity/Q103899610,Alessandra Boccone (femmina); Tania Maio (femmina)
http://www.wikidata.org/entity/Q103901278,Anna Maria Tammaro (femmina)
http://www.wikidata.org/entity/Q103901289,Maria Teresa Biagetti (femmina)
http://www.wikidata.org/entity/Q103915827,Antonella Trombone (femmina)
http://www.wikidata.org/entity/Q103915836,Anna Maria Tammaro (femmina); Matilde Fontanin (femmina)
http://www.wikidata.org/entity/Q103915883,Valeria Lo Castro (femmina)
http://www.wikidata.org/entity/Q103915893,Simona Turbanti (femmina)
http://www.wikidata.org/entity/Q103918211,Valeria Lo Castro (femmina)
http://www.wikidata.org/entity/Q103918215,Simona Turbanti (femmina)
http://www.wikidata.org/entity/Q103918253,Valeria Lo Castro (femmina)
http://www.wikidata.org/entity/Q103918370,Antonella Trombone (femmina)
http://www.wikidata.org/entity/Q103918373,Fiammetta Sabba (femmina); Giorgia Plachesi (femmina)
http://www.wikidata.org/entity/Q103919394,Antonella De Robbio (femmina)
http://www.wikidata.org/entity/Q103919620,Simona Turbanti (femmina)
http://www.wikidata.org/entity/Q103949266,Valeria Lo Castro (femmina)
http://www.wikidata.org/entity/Q103949445,Anna Maria Tammaro (femmina)
http://www.wikidata.org/entity/Q104057116,Anna Maria Tammaro (femmina)
http://www.wikidata.org/entity/Q104382458,Anna Maria Tammaro (femmina)
http://www.wikidata.org/entity/Q104455507,Anna Maria Tammaro (femmina)
http://www.wikidata.org/entity/Q104786698,Fiammetta Sabba (femmina)
http://www.wikidata.org/entity/Q104786704,Francesca Nepori (femmina)
http://www.wikidata.org/entity/Q107395001,Fiammetta Sabba (femmina); Annantonia Martorano (femmina); Elisabetta Angrisano (femmina); Biancamaria Brumana (femmina); Cinzia Cardinali (femmina); Silvia Calamandrei (femmina); Laura Giambastiani (femmina)
http://www.wikidata.org/entity/Q109854336,Giulia Crippa (femmina)
http://www.wikidata.org/entity/Q109854360,Laura Menatti (femmina)
http://www.wikidata.org/entity/Q109854721,Giulia Crippa (femmina)
http://www.wikidata.org/entity/Q110386763,Fiammetta Sabba (femmina); Lucia Sardo (femmina); Carlo Bianchini (maschio)
http://www.wikidata.org/entity/Q110386780,Giulia Crippa (femmina); Ieda Pelógia Martins Damian (femmina)
http://www.wikidata.org/entity/Q110386786,Fiammetta Sabba (femmina); Giulia Crippa (femmina); Andre Vieira de Freitas Araujo (maschio); Gustavo Silva Saldanha (maschio)
http://www.wikidata.org/entity/Q111967346,Valeria Lo Castro (femmina)
http://www.wikidata.org/entity/Q116444213,Maria Teresa Biagetti (femmina)
http://www.wikidata.org/entity/Q117428593,Angela Nuovo (femmina); Aldo Coletto (maschio)
http://www.wikidata.org/entity/Q117448470,Giulia Crippa (femmina); Valentina Sonzini (femmina); Lucia Sardo (femmina)
http://www.wikidata.org/entity/Q117455600,Simona Turbanti (femmina)
http://www.wikidata.org/entity/Q119496387,Giulia Crippa (femmina)
http://www.wikidata.org/entity/Q119496384,Fiammetta Sabba (femmina)
http://www.wikidata.org/entity/Q123925881,Fiammetta Sabba (femmina)
http://www.wikidata.org/entity/Q124745218,Anna Giulia Cavagna (femmina)
http://www.wikidata.org/entity/Q127691550,Simona Turbanti (femmina)
http://www.wikidata.org/entity/Q127691551,Fiammetta Sabba (femmina); Giovanni Di Domenico (maschio)
http://www.wikidata.org/entity/Q127691548,Fiammetta Sabba (femmina); Enrico Pio Ardolino (maschio)
http://www.wikidata.org/entity/Q131429345,Fiammetta Sabba (femmina)
http://www.wikidata.org/entity/Q131429354,Alessandra Boccone (femmina); Marcello Andria (maschio)
http://www.wikidata.org/entity/Q131429352,Francesca Nepori (femmina); Valentina Sonzini (femmina); Graziano Ruffini (maschio)
http://www.wikidata.org/entity/Q131607096,Simona Turbanti (femmina); Anna Galluzzi (femmina)
http://www.wikidata.org/entity/Q134963650,Anna Giulia Cavagna (femmina)
http://www.wikidata.org/entity/Q135102883,Tania Maio (femmina)
http://www.wikidata.org/entity/Q135102884,Fiammetta Sabba (femmina)
http://www.wikidata.org/entity/Q135792920,Antonella De Robbio (femmina)
http://www.wikidata.org/entity/Q136462742,Anna Maria Tammaro (femmina)
http://www.wikidata.org/entity/Q137015831,Francesca Nepori (femmina)
http://www.wikidata.org/entity/Q58350077,Elisa Marazzi (femmina)
http://www.wikidata.org/entity/Q58356286,Annantonia Martorano (femmina)
http://www.wikidata.org/entity/Q58670935,Alice D'Albis (femmina)
http://www.wikidata.org/entity/Q58670940,Federica Rossi (femmina)
http://www.wikidata.org/entity/Q96623083,Annantonia Martorano (femmina)
http://www.wikidata.org/entity/Q58379188,Lucia Sardo (femmina)
http://www.wikidata.org/entity/Q58670925,Emmanuela Carbé (femmina); Paul Gabriele Weston (maschio); Primo Baldini (maschio)
http://www.wikidata.org/entity/Q58773238,Giovanna Granata (femmina)
http://www.wikidata.org/entity/Q58773241,Roberta Cesana (femmina)
http://www.wikidata.org/entity/Q58773260,Oriana Bozzarelli (femmina); Valeria Calabrese (femmina); Cecilia Cognigni (femmina); Nunzia Spiccia (femmina); Patrizia Zanetti (femmina)
http://www.wikidata.org/entity/Q58953832,Monica Bocchetta (femmina)
http://www.wikidata.org/entity/Q58953902,Tania Rusca (femmina)
http://www.wikidata.org/entity/Q58954003,Valentina Sonzini (femmina)
http://www.wikidata.org/entity/Q59096080,Alessandra Toschi (femmina)
http://www.wikidata.org/entity/Q59137267,Linda Barcaioli (femmina)
http://www.wikidata.org/entity/Q59137270,Flavia Bruni (femmina)
http://www.wikidata.org/entity/Q59137272,Claudia Catalano (femmina)
http://www.wikidata.org/entity/Q59154971,Tania Chiacchieroni (femmina)
http://www.wikidata.org/entity/Q59154972,Elisabetta Passerini (femmina)
http://www.wikidata.org/entity/Q59265386,Valentina Sonzini (femmina)
http://www.wikidata.org/entity/Q59265390,Susanne Benitz (femmina)
http://www.wikidata.org/entity/Q59281539,Alessia Giachery (femmina)
http://www.wikidata.org/entity/Q59281541,Salvina Bosco (femmina)
http://www.wikidata.org/entity/Q60713534,Dinora Corsi (femmina)
http://www.wikidata.org/entity/Q60907291,Giovanna Granata (femmina)
http://www.wikidata.org/entity/Q60907308,Roberta Cesana (femmina)
http://www.wikidata.org/entity/Q64712113,Linda Barcaioli (femmina)
http://www.wikidata.org/entity/Q64712184,Monica Bocchetta (femmina)
http://www.wikidata.org/entity/Q82515186,Valentina Sonzini (femmina)
http://www.wikidata.org/entity/Q96623087,Lucia Sardo (femmina)
http://www.wikidata.org/entity/Q103899606,Flavia Bruni (femmina)
http://www.wikidata.org/entity/Q103899604,Valentina Sonzini (femmina)
http://www.wikidata.org/entity/Q103915898,Pat Riva (femmina)
http://www.wikidata.org/entity/Q103918174,Valentina Sonzini (femmina)
http://www.wikidata.org/entity/Q103918249,Giovanna Granata (femmina)
http://www.wikidata.org/entity/Q103919732,Lucia Sardo (femmina)
http://www.wikidata.org/entity/Q103948975,Cecilia Cognigni (femmina)
http://www.wikidata.org/entity/Q104786701,Giovanna Granata (femmina)
http://www.wikidata.org/entity/Q107394995,Valentina Sonzini (femmina)
http://www.wikidata.org/entity/Q109659838,Valentina Sonzini (femmina)
http://www.wikidata.org/entity/Q109659843,Valentina Sonzini (femmina)
http://www.wikidata.org/entity/Q109854719,Valentina Sonzini (femmina)
http://www.wikidata.org/entity/Q111395752,Lucia Sardo (femmina); Agnese Galeffi (femmina)
http://www.wikidata.org/entity/Q111602446,Rita Cervo (femmina); Giuseppe Mazza (maschio)
http://www.wikidata.org/entity/Q113148905,Valentina Sonzini (femmina)
http://www.wikidata.org/entity/Q117455593,Roberta Cesana (femmina)
http://www.wikidata.org/entity/Q119496383,Lucia Sardo (femmina); Carlo Bianchini (maschio)
http://www.wikidata.org/entity/Q119496388,Lucia Sardo (femmina)
http://www.wikidata.org/entity/Q123925884,Valentina Sonzini (femmina); Rebecca Piacentini (femmina)
http://www.wikidata.org/entity/Q123925894,Roberta Cesana (femmina)
http://www.wikidata.org/entity/Q125897612,Dinora Corsi (femmina)
http://www.wikidata.org/entity/Q136661502,Dinora Corsi (femmina)
http://www.wikidata.org/entity/Q58349819,Federica Fabbri (femmina)
http://www.wikidata.org/entity/Q58953970,Federica Fabbri (femmina)
http://www.wikidata.org/entity/Q59388180,Maria Cassella (femmina)
http://www.wikidata.org/entity/Q60907331,Viviane Couzinet (femmina); Patrick Fraysse (maschio)
http://www.wikidata.org/entity/Q60907417,Marialaura Vignocchi (femmina); Piero Grandesso (maschio)
http://www.wikidata.org/entity/Q64712106,Donatella Biagi Maino (femmina); Giuseppe Maino (maschio)
http://www.wikidata.org/entity/Q64712105,Chiara Faia (femmina)
http://www.wikidata.org/entity/Q64712110,Elisabetta Marchetti (femmina)
http://www.wikidata.org/entity/Q64712112,Anna Galluzzi (femmina)
http://www.wikidata.org/entity/Q64712171,Maria Cassella (femmina); Nicola Madonna (maschio)
http://www.wikidata.org/entity/Q64712198,Anna Bilotta (femmina)
http://www.wikidata.org/entity/Q101996668,Grazia Asta (femmina)
http://www.wikidata.org/entity/Q102115630,Sandra Di Majo (femmina)
http://www.wikidata.org/entity/Q102805155,Susanna Giaccai (femmina)
http://www.wikidata.org/entity/Q102809224,Silvia Bruni (femmina)
http://www.wikidata.org/entity/Q103896945,Anna Galluzzi (femmina)
http://www.wikidata.org/entity/Q103896950,Simonetta Buttò (femmina)
http://www.wikidata.org/entity/Q103899590,Maria Cassella (femmina)
http://www.wikidata.org/entity/Q103899592,Anna Galluzzi (femmina)
http://www.wikidata.org/entity/Q103899593,Anna Galluzzi (femmina); Chiara Faggiolani (femmina)
http://www.wikidata.org/entity/Q103899598,Caterina Barillari (femmina)
http://www.wikidata.org/entity/Q103899597,Agnese Galeffi (femmina); Paul Gabriele Weston (maschio)
http://www.wikidata.org/entity/Q103901302,Maria Cassella (femmina); Paola Gargiulo (femmina)
http://www.wikidata.org/entity/Q103901314,Simonetta Buttò (femmina)
http://www.wikidata.org/entity/Q103915809,Chiara Faggiolani (femmina)
http://www.wikidata.org/entity/Q103915818,Simonetta Buttò (femmina)
http://www.wikidata.org/entity/Q103915819,Tiziana Stagi (femmina); Alberto Petrucciani (maschio)
http://www.wikidata.org/entity/Q103915841,Anna Galluzzi (femmina)
http://www.wikidata.org/entity/Q103915864,Anna Galluzzi (femmina); Paul Gabriele Weston (maschio)
http://www.wikidata.org/entity/Q103915875,Maria Chiara Giunti (femmina); Laura Crociani (femmina)
http://www.wikidata.org/entity/Q103915907,Simonetta Buttò (femmina)
http://www.wikidata.org/entity/Q103918138,Antonietta Folino (femmina); Roberto Guarasci (maschio)
http://www.wikidata.org/entity/Q103918136,Anna Bilotta (femmina)
http://www.wikidata.org/entity/Q103918227,Anna Galluzzi (femmina)
http://www.wikidata.org/entity/Q103918224,Anna Galluzzi (femmina); Paul Gabriele Weston (maschio)
http://www.wikidata.org/entity/Q103918236,Maria Cassella (femmina)
http://www.wikidata.org/entity/Q103918246,Anna Galluzzi (femmina)
http://www.wikidata.org/entity/Q103918244,Anna Bilotta (femmina)
http://www.wikidata.org/entity/Q103918339,Agnese Galeffi (femmina)
http://www.wikidata.org/entity/Q103918366,Anna Galluzzi (femmina); Chiara Faggiolani (femmina)
http://www.wikidata.org/entity/Q103918377,Chiara Faggiolani (femmina)
http://www.wikidata.org/entity/Q103919303,Carla Basili (femmina)
http://www.wikidata.org/entity/Q103919315,Maria Cassella (femmina)
http://www.wikidata.org/entity/Q103919312,Anna Galluzzi (femmina)
http://www.wikidata.org/entity/Q103919320,Chiara Faggiolani (femmina)
http://www.wikidata.org/entity/Q103919351,Iryna Solodovnik (femmina)
http://www.wikidata.org/entity/Q103919376,Anna Galluzzi (femmina)
http://www.wikidata.org/entity/Q103919396,Chiara Faggiolani (femmina); Giovanni Solimine (maschio)
http://www.wikidata.org/entity/Q103919625,Anna Lucarelli (femmina)
http://www.wikidata.org/entity/Q103919652,Maria Cassella (femmina)
http://www.wikidata.org/entity/Q103919715,Giuseppina Vullo (femmina)
http://www.wikidata.org/entity/Q103919722,Anna Galluzzi (femmina)
http://www.wikidata.org/entity/Q103919742,Tiziana Stagi (femmina); Mauro Guerrini (maschio)
http://www.wikidata.org/entity/Q103919999,Ilaria Fava (femmina)
http://www.wikidata.org/entity/Q103920007,Tiziana Stagi (femmina)
http://www.wikidata.org/entity/Q103920009,Paola Manoni (femmina); Flavia Cancedda (femmina); Giovanna Merola (femmina); Giovanni Michetti (maschio)
http://www.wikidata.org/entity/Q103948937,Chiara Faggiolani (femmina); Andrea Ricci (maschio); Giovanni Caruso (maschio); Stefano Bandera (maschio)
http://www.wikidata.org/entity/Q103948945,Maria Cassella (femmina)
http://www.wikidata.org/entity/Q103948962,Chiara Faggiolani (femmina)
http://www.wikidata.org/entity/Q103948964,Anna Bilotta (femmina)
http://www.wikidata.org/entity/Q103948981,Maria Cassella (femmina)
http://www.wikidata.org/entity/Q103949008,Tiziana Stagi (femmina)
http://www.wikidata.org/entity/Q103949093,Chiara Faggiolani (femmina); Roberta Montepeloso (femmina); Egizia Cecchi (femmina)
http://www.wikidata.org/entity/Q103949206,Chiara Faggiolani (femmina)
http://www.wikidata.org/entity/Q103949219,Silvia Bruni (femmina); Letizia Materassi (femmina); Cinzia Martone (femmina); Emanuela Secinaro (femmina)
http://www.wikidata.org/entity/Q103949227,Maria Cassella (femmina)
http://www.wikidata.org/entity/Q103949234,Giorgia Di Marcantonio (femmina)
http://www.wikidata.org/entity/Q103949237,Anna Galluzzi (femmina); Alberto Salarelli (maschio)
http://www.wikidata.org/entity/Q103949253,Anna Galluzzi (femmina)
http://www.wikidata.org/entity/Q103949269,Maria Cassella (femmina)
http://www.wikidata.org/entity/Q104250790,Susanna Giaccai (femmina)
http://www.wikidata.org/entity/Q105491106,Anna Bilotta (femmina)
http://www.wikidata.org/entity/Q106696225,Laura Testoni (femmina)
http://www.wikidata.org/entity/Q109947957,Elisabetta Viti (femmina)
http://www.wikidata.org/entity/Q111395763,Chiara Faggiolani (femmina)
http://www.wikidata.org/entity/Q111431569,Laura Manzoni (femmina)
http://www.wikidata.org/entity/Q111431573,Claudia Cantale (femmina); Simona Inserra (femmina)
http://www.wikidata.org/entity/Q111967342,Anna Galluzzi (femmina); Chiara Faggiolani (femmina)
http://www.wikidata.org/entity/Q112650918,Maria Chiara Pagliarella (femmina); Aldo Rosano (maschio); Marina De Angelis (femmina); Pierre Georges Van Wolleghem (maschio)
http://www.wikidata.org/entity/Q113148900,Laura Manzoni (femmina)
http://www.wikidata.org/entity/Q116444204,Paola Zito (femmina)
http://www.wikidata.org/entity/Q117448474,Laura Manzoni (femmina)
http://www.wikidata.org/entity/Q117448472,Anna Bilotta (femmina)
http://www.wikidata.org/entity/Q117455592,Chiara Faggiolani (femmina)
http://www.wikidata.org/entity/Q127691543,Giorgia Di Marcantonio (femmina)
http://www.wikidata.org/entity/Q131438467,Grazia Asta (femmina); Marco Pinzani (maschio)
http://www.wikidata.org/entity/Q131459633,Silvia Bruni (femmina)
http://www.wikidata.org/entity/Q131869204,Rossella Caffo (femmina)
http://www.wikidata.org/entity/Q135399994,Isabella Zanni Rosiello (femmina)
http://www.wikidata.org/entity/Q135400000,Isabella Zanni Rosiello (femmina)
http://www.wikidata.org/entity/Q135442878,Isabella Zanni Rosiello (femmina)
http://www.wikidata.org/entity/Q136445352,Maria Cassella (femmina)
http://www.wikidata.org/entity/Q137017519,Erika Pasceri (femmina); Antonietta Folino (femmina); Claudia Lanza (femmina)
http://www.wikidata.org/entity/Q70982360,Donata Mancini (femmina)
http://www.wikidata.org/entity/Q73492838,Sandra Di Majo (femmina)
http://www.wikidata.org/entity/Q82514941,Silvia Tripodi (femmina)
http://www.wikidata.org/entity/Q82514978,Elisabetta Angrisano (femmina)
http://www.wikidata.org/entity/Q82515058,Paola Maddaluno (femmina)
http://www.wikidata.org/entity/Q82515174,Gilda Nicolai (femmina)
http://www.wikidata.org/entity/Q102391509,Sandra Di Majo (femmina)
http://www.wikidata.org/entity/Q102393556,Sandra Di Majo (femmina)
http://www.wikidata.org/entity/Q102393664,Patrizia Lùperi (femmina)
http://www.wikidata.org/entity/Q102802821,Sandra Di Majo (femmina)
http://www.wikidata.org/entity/Q103918350,Simona Inserra (femmina)
http://www.wikidata.org/entity/Q103919389,Simona Inserra (femmina)
http://www.wikidata.org/entity/Q103919735,Simona Inserra (femmina)
http://www.wikidata.org/entity/Q103919994,Anna Manfron (femmina); Francesca Papi (femmina)
http://www.wikidata.org/entity/Q103949170,Loredana Vaccani (femmina)
http://www.wikidata.org/entity/Q105491104,Paola Puglisi (femmina)
http://www.wikidata.org/entity/Q107394988,Simona Inserra (femmina)
http://www.wikidata.org/entity/Q109854301,Francesca Zanella (femmina)
http://www.wikidata.org/entity/Q109854333,Francesca Zanella (femmina)
http://www.wikidata.org/entity/Q109854432,Francesca Zanella (femmina)
http://www.wikidata.org/entity/Q109854436,Francesca Zanella (femmina)
http://www.wikidata.org/entity/Q109854483,Francesca Zanella (femmina)
http://www.wikidata.org/entity/Q109854574,Paola Corsano (femmina)
http://www.wikidata.org/entity/Q111431568,Federica Formiga (femmina)
http://www.wikidata.org/entity/Q111967332,Federica Formiga (femmina)
http://www.wikidata.org/entity/Q116444215,Simona Inserra (femmina); Francesca Aiello (femmina)
http://www.wikidata.org/entity/Q128310240,Tiziana Olivari (femmina)
http://www.wikidata.org/entity/Q131606924,Patrizia Lùperi (femmina)
http://www.wikidata.org/entity/Q135409801,Rosalia Manno Tolu (femmina)
http://www.wikidata.org/entity/Q96623076,Elisabetta Guerrieri (femmina)
http://www.wikidata.org/entity/Q96623085,Raphaëlle Bats (femmina)
http://www.wikidata.org/entity/Q96623089,Claudia Sojer (femmina)
http://www.wikidata.org/entity/Q100741569,Giulia Radin (femmina); Alessandra Basso (femmina)
http://www.wikidata.org/entity/Q102393258,Milvia Dabizzi (femmina)
http://www.wikidata.org/entity/Q103899585,Rosa Maiello (femmina)
http://www.wikidata.org/entity/Q103901280,Sara Chiessi (femmina)
http://www.wikidata.org/entity/Q103901316,Enrica Manenti (femmina)
http://www.wikidata.org/entity/Q103915814,Patrizia Bravetti (femmina)
http://www.wikidata.org/entity/Q103915812,Enrica Manenti (femmina)
http://www.wikidata.org/entity/Q103915835,Flavia Cancedda (femmina)
http://www.wikidata.org/entity/Q103915843,Maria Abenante (femmina)
http://www.wikidata.org/entity/Q103915869,Loretta De Franceschi (femmina); Maria Elisa Micheli (femmina)
http://www.wikidata.org/entity/Q103915895,Sara Dinotola (femmina)
http://www.wikidata.org/entity/Q103918142,Valentina Atturo (femmina)
http://www.wikidata.org/entity/Q103918232,Rosa Maiello (femmina)
http://www.wikidata.org/entity/Q103918242,Matilde Fontanin (femmina)
http://www.wikidata.org/entity/Q103918279,Aurora González-Teruel (femmina)
http://www.wikidata.org/entity/Q103918326,Rosa Maiello (femmina)
http://www.wikidata.org/entity/Q103918358,Maria Abenante (femmina)
http://www.wikidata.org/entity/Q103919299,Maria Chiara Sbiroli (femmina)
http://www.wikidata.org/entity/Q103919301,Loretta De Franceschi (femmina)
http://www.wikidata.org/entity/Q103919331,Matilde Fontanin (femmina); Stefano Gambari (maschio)
http://www.wikidata.org/entity/Q103919346,Maria Cristina Di Martino (femmina)
http://www.wikidata.org/entity/Q103919357,Carmen Caro-Castro (femmina); Ana Belén Ríos Hilario (femmina)
http://www.wikidata.org/entity/Q103919364,Sonia Cavirani (femmina)
http://www.wikidata.org/entity/Q103919378,Giada Costa (femmina); Stefano Bolelli Gallevi (maschio)
http://www.wikidata.org/entity/Q103919382,Flavia Cancedda (femmina)
http://www.wikidata.org/entity/Q103919635,Sara Paoloni (femmina)
http://www.wikidata.org/entity/Q103919632,Elena Petroselli (femmina)
http://www.wikidata.org/entity/Q103919643,Alessia Zanin-Yost (femmina)
http://www.wikidata.org/entity/Q103919646,Sara Dinotola (femmina)
http://www.wikidata.org/entity/Q103919718,Sara Dinotola (femmina)
http://www.wikidata.org/entity/Q103919894,Rosa Maiello (femmina)
http://www.wikidata.org/entity/Q103919985,Raphaëlle Bats (femmina)
http://www.wikidata.org/entity/Q103919990,Flavia Cancedda (femmina)
http://www.wikidata.org/entity/Q103920001,Sonia Cavirani (femmina)
http://www.wikidata.org/entity/Q103920016,Loretta De Franceschi (femmina)
http://www.wikidata.org/entity/Q103948941,Sara Dinotola (femmina)
http://www.wikidata.org/entity/Q103948955,Rosa Maiello (femmina)
http://www.wikidata.org/entity/Q103948995,Enrica Manenti (femmina)
http://www.wikidata.org/entity/Q103949248,Laura Patrizii (femmina); Stefano Bianco (maschio)
http://www.wikidata.org/entity/Q103949419,Sara Dinotola (femmina)
http://www.wikidata.org/entity/Q105491105,Sara Dinotola (femmina)
http://www.wikidata.org/entity/Q109854337,Maria Pia Pagani (femmina)
http://www.wikidata.org/entity/Q109854462,Maria Pia Pagani (femmina)
http://www.wikidata.org/entity/Q109854567,Maria Pia Pagani (femmina)
http://www.wikidata.org/entity/Q109854580,Maria Pia Pagani (femmina)
http://www.wikidata.org/entity/Q110386770,Rosa Parlavecchia (femmina)
http://www.wikidata.org/entity/Q111431565,Sara Dinotola (femmina)
http://www.wikidata.org/entity/Q111967570,Rosa Maiello (femmina)
http://www.wikidata.org/entity/Q116444216,Sara Dinotola (femmina)
http://www.wikidata.org/entity/Q117428679,Sara Dinotola (femmina)
http://www.wikidata.org/entity/Q117448469,Rosa Parlavecchia (femmina)
http://www.wikidata.org/entity/Q117455595,Francesca Verga (femmina); Alessandra Moi (femmina); Silvana Re (femmina)
http://www.wikidata.org/entity/Q117455603,Anna Bernabè (femmina); Milena Tancredi (femmina); Serafina Spinelli (femmina)
http://www.wikidata.org/entity/Q118867455,Ida Regalia (femmina)
http://www.wikidata.org/entity/Q127868932,Giovanna Bosi Maramotti (femmina)
http://www.wikidata.org/entity/Q137015827,Rosa Maiello (femmina)
http://www.wikidata.org/entity/Q137015828,Sara Dinotola (femmina)
http://www.wikidata.org/entity/Q137104650,Matilde Fontanin (femmina)
http://www.wikidata.org/entity/Q59388175,Karolina Andersdotter (femmina)
http://www.wikidata.org/entity/Q59388183,Raluca Persida Marin (femmina)
http://www.wikidata.org/entity/Q59388184,Emma Catiri (femmina)
http://www.wikidata.org/entity/Q103915888,Sidsel Bech-Petersen (femmina)
http://www.wikidata.org/entity/Q103918333,Melania Zanetti (femmina)
http://www.wikidata.org/entity/Q103918338,Daniela Annalisa Lo Martire (femmina)
http://www.wikidata.org/entity/Q103918361,Valentina Bondesan (femmina)
http://www.wikidata.org/entity/Q103919720,Chiara Cauzzi (femmina); Valeria De Francesca (femmina)
http://www.wikidata.org/entity/Q103919727,Clarissa Machetti (femmina)
http://www.wikidata.org/entity/Q103919724,Desirée de Stefano (femmina)
http://www.wikidata.org/entity/Q103949027,Emma Catiri (femmina)
http://www.wikidata.org/entity/Q103949391,Valeria De Francesca (femmina); Federica Viazzi (femmina); Danilo Deana (maschio); Chiara Consonni (femmina)
http://www.wikidata.org/entity/Q59096076,Luciano Canfora (maschio)
http://www.wikidata.org/entity/Q103899613,David Weinberger (maschio)
http://www.wikidata.org/entity/Q103915839,Luciano Canfora (maschio)
http://www.wikidata.org/entity/Q107395003,Luciano Canfora (maschio)
http://www.wikidata.org/entity/Q58124093,Gérald Bronner (maschio)
http://www.wikidata.org/entity/Q58387646,Alfredo Serrai (maschio)
http://www.wikidata.org/entity/Q58387647,Alfredo Serrai (maschio)
http://www.wikidata.org/entity/Q58670920,Alfredo Serrai (maschio)
http://www.wikidata.org/entity/Q58670937,Alfredo Serrai (maschio)
http://www.wikidata.org/entity/Q58773236,Alfredo Serrai (maschio)
http://www.wikidata.org/entity/Q58773254,Alfredo Serrai (maschio)
http://www.wikidata.org/entity/Q58773253,Alfredo Serrai (maschio)
http://www.wikidata.org/entity/Q58773258,Alfredo Serrai (maschio)
http://www.wikidata.org/entity/Q58773267,Alfredo Serrai (maschio)
http://www.wikidata.org/entity/Q58826209,Alfredo Serrai (maschio)
http://www.wikidata.org/entity/Q58954077,Alfredo Serrai (maschio)
http://www.wikidata.org/entity/Q59096078,Alfredo Serrai (maschio)
http://www.wikidata.org/entity/Q59096086,Alfredo Serrai (maschio)
http://www.wikidata.org/entity/Q59096088,Alfredo Serrai (maschio)
http://www.wikidata.org/entity/Q59096093,Alfredo Serrai (maschio)
http://www.wikidata.org/entity/Q59137259,Alfredo Serrai (maschio)
http://www.wikidata.org/entity/Q59137260,Alfredo Serrai (maschio)
http://www.wikidata.org/entity/Q59154963,Alfredo Serrai (maschio)
http://www.wikidata.org/entity/Q59154966,Alfredo Serrai (maschio)
http://www.wikidata.org/entity/Q59154967,Alfredo Serrai (maschio)
http://www.wikidata.org/entity/Q59154968,Alfredo Serrai (maschio)
http://www.wikidata.org/entity/Q59154974,Alfredo Serrai (maschio)
http://www.wikidata.org/entity/Q59154975,Alfredo Serrai (maschio)
http://www.wikidata.org/entity/Q59154976,Alfredo Serrai (maschio)
http://www.wikidata.org/entity/Q59208096,Alfredo Serrai (maschio)
http://www.wikidata.org/entity/Q59259739,Alfredo Serrai (maschio)
http://www.wikidata.org/entity/Q59259742,Alfredo Serrai (maschio)
http://www.wikidata.org/entity/Q59259743,Alfredo Serrai (maschio)
http://www.wikidata.org/entity/Q59259748,Alfredo Serrai (maschio)
http://www.wikidata.org/entity/Q59265383,Alfredo Serrai (maschio)
http://www.wikidata.org/entity/Q59265391,Alfredo Serrai (maschio)
http://www.wikidata.org/entity/Q59265394,Alfredo Serrai (maschio)
http://www.wikidata.org/entity/Q59265396,Alfredo Serrai (maschio)
http://www.wikidata.org/entity/Q59281535,Alfredo Serrai (maschio)
http://www.wikidata.org/entity/Q59281538,Alfredo Serrai (maschio)
http://www.wikidata.org/entity/Q59281537,Alfredo Serrai (maschio)
http://www.wikidata.org/entity/Q59281542,Alfredo Serrai (maschio)
http://www.wikidata.org/entity/Q59281543,Alfredo Serrai (maschio)
http://www.wikidata.org/entity/Q60907344,Holger Böning (maschio)
http://www.wikidata.org/entity/Q64712103,Alfredo Serrai (maschio)
http://www.wikidata.org/entity/Q64712134,Alfredo Serrai (maschio)
http://www.wikidata.org/entity/Q82515159,Alfredo Serrai (maschio)
http://www.wikidata.org/entity/Q83365686,Nello Cristianini (maschio); Marco Menato (maschio); Gaetano Dato (maschio); Thomas Lansdall-Welfare (maschio)
http://www.wikidata.org/entity/Q92592494,Alfredo Serrai (maschio)
http://www.wikidata.org/entity/Q92592577,Alfredo Serrai (maschio)
http://www.wikidata.org/entity/Q92592656,Alfredo Serrai (maschio)
http://www.wikidata.org/entity/Q92592734,Alfredo Serrai (maschio)
http://www.wikidata.org/entity/Q92592817,Alfredo Serrai (maschio)
http://www.wikidata.org/entity/Q92592907,Alfredo Serrai (maschio)
http://www.wikidata.org/entity/Q92593011,Alfredo Serrai (maschio)
http://www.wikidata.org/entity/Q92593112,Alfredo Serrai (maschio)
http://www.wikidata.org/entity/Q92593206,Alfredo Serrai (maschio)
http://www.wikidata.org/entity/Q96623086,Alfredo Serrai (maschio)
http://www.wikidata.org/entity/Q96623093,Alfredo Serrai (maschio)
http://www.wikidata.org/entity/Q103901310,Gherardo Colombo (maschio)
http://www.wikidata.org/entity/Q103918220,Gino Roncaglia (maschio)
http://www.wikidata.org/entity/Q103949137,Edoardo Barbieri (maschio)
http://www.wikidata.org/entity/Q103949406,Giovanni Solimine (maschio)
http://www.wikidata.org/entity/Q103949414,Giovanni Solimine (maschio)
http://www.wikidata.org/entity/Q103949425,Giovanni Solimine (maschio)
http://www.wikidata.org/entity/Q103949431,Gino Roncaglia (maschio)
http://www.wikidata.org/entity/Q103949428,Giovanni Solimine (maschio)
http://www.wikidata.org/entity/Q103949465,Gino Roncaglia (maschio); Giovanni Solimine (maschio)
http://www.wikidata.org/entity/Q103949476,Giovanni Solimine (maschio)
http://www.wikidata.org/entity/Q104786707,Alfredo Serrai (maschio)
http://www.wikidata.org/entity/Q104786709,Giampiero Mughini (maschio)
http://www.wikidata.org/entity/Q105491107,Franco Ferrarotti (maschio)
http://www.wikidata.org/entity/Q107394986,Alfredo Serrai (maschio)
http://www.wikidata.org/entity/Q107394997,Alfredo Serrai (maschio)
http://www.wikidata.org/entity/Q107395002,Alfredo Serrai (maschio)
http://www.wikidata.org/entity/Q109854430,Giuliano Scabia (maschio)
http://www.wikidata.org/entity/Q110386773,Edoardo Barbieri (maschio)
http://www.wikidata.org/entity/Q111232946,
http://www.wikidata.org/entity/Q111395758,Gino Roncaglia (maschio); Giovanni Solimine (maschio)
http://www.wikidata.org/entity/Q111967329,Edoardo Barbieri (maschio)
http://www.wikidata.org/entity/Q111967344,Gino Roncaglia (maschio)
http://www.wikidata.org/entity/Q113148883,Alfredo Serrai (maschio)
http://www.wikidata.org/entity/Q116444203,Alfredo Serrai (maschio)
http://www.wikidata.org/entity/Q117447411,Alfredo Serrai (maschio)
http://www.wikidata.org/entity/Q117448463,Alberto Manguel (maschio)
http://www.wikidata.org/entity/Q120702421,Giovanni Battista Grassi (maschio)
http://www.wikidata.org/entity/Q123925897,Alfredo Serrai (maschio)
http://www.wikidata.org/entity/Q125017954,Filippo De Filippi (maschio)
http://www.wikidata.org/entity/Q127043392,Attilio Mauro Caproni (maschio)
http://www.wikidata.org/entity/Q127598311,Bernard Berenson (maschio)
http://www.wikidata.org/entity/Q127868956,Enzo Bottasso (maschio)
http://www.wikidata.org/entity/Q128306149,Carlo Dionisotti (maschio)
http://www.wikidata.org/entity/Q128592841,Giorgio Vaccarino (maschio)
http://www.wikidata.org/entity/Q128621600,Giorgio Calcagno (maschio)
http://www.wikidata.org/entity/Q131429346,Alfredo Serrai (maschio)
http://www.wikidata.org/entity/Q134393757,Guglielmo Maetzke (maschio); Giacomo Caputo (maschio)
http://www.wikidata.org/entity/Q134393760,Ferrante Rittatore Vonwiller (maschio); Giacomo Caputo (maschio); Giorgio Monaco (maschio); Anna Talocchini (femmina); Mario Bizzarri (maschio)
http://www.wikidata.org/entity/Q134444975,Michele Barbi (maschio)
http://www.wikidata.org/entity/Q134445011,Michele Barbi (maschio)
http://www.wikidata.org/entity/Q136445293,Attilio Mauro Caproni (maschio)
http://www.wikidata.org/entity/Q136491214,Pietro Giordani (maschio)
http://www.wikidata.org/entity/Q136940308,Carlo Ottavio Castiglioni (maschio)
http://www.wikidata.org/entity/Q137104648,Giovanni Solimine (maschio)
http://www.wikidata.org/entity/Q36484143,Francesco Forastiere (maschio)
http://www.wikidata.org/entity/Q58954151,Mauro Guerrini (maschio)
http://www.wikidata.org/entity/Q82515180,Mauro Guerrini (maschio); Rossano De Laurentiis (maschio)
http://www.wikidata.org/entity/Q96623091,Mauro Guerrini (maschio); Rossano De Laurentiis (maschio)
http://www.wikidata.org/entity/Q99860480,Domenico Puntillo (maschio)
http://www.wikidata.org/entity/Q103899574,Luca Ferrieri (maschio)
http://www.wikidata.org/entity/Q103899591,Tomasz Kruszewski (maschio)
http://www.wikidata.org/entity/Q103899596,Giovanni Solimine (maschio)
http://www.wikidata.org/entity/Q103915866,Luca Martinelli (maschio)
http://www.wikidata.org/entity/Q103918152,Giovanni Solimine (maschio); Miguel Ángel Marzal García-Quismondo (maschio)
http://www.wikidata.org/entity/Q103918169,Mauro Guerrini (maschio)
http://www.wikidata.org/entity/Q103918272,Mauro Guerrini (maschio); Lapo Ghiringhelli (maschio)
http://www.wikidata.org/entity/Q103918276,Giovanni Solimine (maschio)
http://www.wikidata.org/entity/Q103919339,Mauro Guerrini (maschio); Antonio Speciale (maschio)
http://www.wikidata.org/entity/Q103919366,Giovanni Solimine (maschio)
http://www.wikidata.org/entity/Q103919633,Ernest Abadal (maschio); Javier Guallar (maschio)
http://www.wikidata.org/entity/Q103949004,Giovanni Solimine (maschio)
http://www.wikidata.org/entity/Q103949118,Carlo Revelli (maschio)
http://www.wikidata.org/entity/Q103949130,Giovanni Solimine (maschio)
http://www.wikidata.org/entity/Q103949143,Giovanni Solimine (maschio)
http://www.wikidata.org/entity/Q103949146,Giovanni Solimine (maschio)
http://www.wikidata.org/entity/Q103949193,Marco Stefano Tomatis (maschio); Maria Vittoria Muzzupapa (femmina); Franco Carlo Bungaro (maschio)
http://www.wikidata.org/entity/Q103949200,Giovanni Solimine (maschio)
http://www.wikidata.org/entity/Q103949230,Giovanni Solimine (maschio)
http://www.wikidata.org/entity/Q103949355,Giovanni Solimine (maschio)
http://www.wikidata.org/entity/Q103949362,Luca Ferrieri (maschio)
http://www.wikidata.org/entity/Q103949373,Mauro Guerrini (maschio)
http://www.wikidata.org/entity/Q103949385,Giovanni Solimine (maschio)
http://www.wikidata.org/entity/Q103949468,Paolo Tripodi (maschio); Rossana Damiano (femmina); Elisa Della Calce (femmina)
http://www.wikidata.org/entity/Q103949472,Mauro Guerrini (maschio)
http://www.wikidata.org/entity/Q104250758,Mauro Guerrini (maschio)
http://www.wikidata.org/entity/Q104250788,Luigi Crocetti (maschio)
http://www.wikidata.org/entity/Q105491110,Pier Luigi Sacco (maschio)
http://www.wikidata.org/entity/Q105491109,Jorge Carrión (maschio)
http://www.wikidata.org/entity/Q109854345,Stefano Pasquini (maschio); Paola Berselli (femmina)
http://www.wikidata.org/entity/Q109854444,Luigi Allegri (maschio); Radmila Iva Janković (femmina)
http://www.wikidata.org/entity/Q109854454,Josip Vaništa (maschio); Radmila Iva Janković (femmina)
http://www.wikidata.org/entity/Q109854487,Ugo La Pietra (maschio)
http://www.wikidata.org/entity/Q109854571,Vittorio Gallese (maschio)
http://www.wikidata.org/entity/Q111284671,Alessandro Rizzo (maschio); Marcella Pulino (femmina); Monica Esposito (femmina); Cristina Di Gianbattista (femmina)
http://www.wikidata.org/entity/Q111395764,Andrea Zanni (maschio)
http://www.wikidata.org/entity/Q111601394,Fabio Cianferoni (maschio)
http://www.wikidata.org/entity/Q111602339,Fabio Cianferoni (maschio); Filippo Ceccolini (maschio)
http://www.wikidata.org/entity/Q111602350,Enzo Colonnelli (maschio)
http://www.wikidata.org/entity/Q111602360,Arnaldo Bordoni (maschio)
http://www.wikidata.org/entity/Q111602378,Fabio Cianferoni (maschio)
http://www.wikidata.org/entity/Q111602406,Fabio Cianferoni (maschio); Giuseppe Mazza (maschio)
http://www.wikidata.org/entity/Q111602410,Fabio Cianferoni (maschio); Giuseppe Mazza (maschio)
http://www.wikidata.org/entity/Q111602409,Fabio Cianferoni (maschio)
http://www.wikidata.org/entity/Q111602417,Fabio Cianferoni (maschio)
http://www.wikidata.org/entity/Q111602428,Giuseppe Mazza (maschio)
http://www.wikidata.org/entity/Q111602471,Enzo Colonnelli (maschio)
http://www.wikidata.org/entity/Q111967326,Mauro Guerrini (maschio)
http://www.wikidata.org/entity/Q111967330,Ernest Abadal (maschio); Gérard Vidal (maschio)
http://www.wikidata.org/entity/Q111967328,Giovanni Solimine (maschio)
http://www.wikidata.org/entity/Q111967336,Gianfranco Crupi (maschio)
http://www.wikidata.org/entity/Q111967337,Luca Ferrieri (maschio)
http://www.wikidata.org/entity/Q112894265,David Blane (maschio)
http://www.wikidata.org/entity/Q113383293,Sabino Cassese (maschio)
http://www.wikidata.org/entity/Q115342412,Tommaso Vitale (maschio); Luca Bravi (maschio)
http://www.wikidata.org/entity/Q115577742,Pellegrino Strobel (maschio)
http://www.wikidata.org/entity/Q115901296,Barry Ninham (maschio); Richard M. Pashley (maschio)
http://www.wikidata.org/entity/Q117447410,Mauro Guerrini (maschio)
http://www.wikidata.org/entity/Q117447409,Maurizio Ferraris (maschio)
http://www.wikidata.org/entity/Q124332313,
http://www.wikidata.org/entity/Q124343474,Luigi Crocetti (maschio)
http://www.wikidata.org/entity/Q124343585,Luigi Crocetti (maschio)
http://www.wikidata.org/entity/Q124343682,Luigi Crocetti (maschio)
http://www.wikidata.org/entity/Q124344840,Luigi Crocetti (maschio)
http://www.wikidata.org/entity/Q124344925,Luigi Crocetti (maschio)
http://www.wikidata.org/entity/Q125913828,Barry Baldwin (maschio)
http://www.wikidata.org/entity/Q128308912,Mauro Guerrini (maschio)
http://www.wikidata.org/entity/Q128621605,Piero Cazzola (maschio)
http://www.wikidata.org/entity/Q128795587,Mauro Guerrini (maschio)
http://www.wikidata.org/entity/Q133257960,Marino Raicich (maschio)
http://www.wikidata.org/entity/Q134393758,Giacomo Caputo (maschio)
http://www.wikidata.org/entity/Q134393756,Giacomo Caputo (maschio)
http://www.wikidata.org/entity/Q134393762,Giacomo Caputo (maschio)
http://www.wikidata.org/entity/Q134393763,Giacomo Caputo (maschio)
http://www.wikidata.org/entity/Q134513674,Giacomo Caputo (maschio)
http://www.wikidata.org/entity/Q134513673,Giacomo Caputo (maschio)
http://www.wikidata.org/entity/Q134513678,Giacomo Caputo (maschio)
http://www.wikidata.org/entity/Q134513679,Giacomo Caputo (maschio)
http://www.wikidata.org/entity/Q134513692,Giacomo Caputo (maschio)
http://www.wikidata.org/entity/Q134513697,Giacomo Caputo (maschio)
http://www.wikidata.org/entity/Q134513709,Giacomo Caputo (maschio)
http://www.wikidata.org/entity/Q137368051,Giacomo Caputo (maschio)
http://www.wikidata.org/entity/Q131932568,Delia Pitto (femmina)
http://www.wikidata.org/entity/Q131932589,Delia Pitto (femmina)
http://www.wikidata.org/entity/Q133297020,Marina Usberti (femmina)
http://www.wikidata.org/entity/Q133297032,Marina Usberti (femmina)
http://www.wikidata.org/entity/Q135102879,Rossana Morriello (femmina)
http://www.wikidata.org/entity/Q135116138,Donatella Ugolini (femmina); Cristina Casilli (femmina)
http://www.wikidata.org/entity/Q136728621,Delia Pitto (femmina)
http://www.wikidata.org/entity/Q103948958,Annalisa Scarpa (femmina); Beatrice Catinella (femmina)
http://www.wikidata.org/entity/Q107394992,Giovanna Grifoni (femmina)
http://www.wikidata.org/entity/Q113148898,Maura Quaquarelli (femmina)
http://www.wikidata.org/entity/Q125451860,Elisabetta Francioni (femmina); S. Michael Malinconico (maschio)
http://www.wikidata.org/entity/Q136461768,Giovanna De Benedet (femmina)
http://www.wikidata.org/entity/Q136461995,Elisabetta Di Benedetto (femmina)
http://www.wikidata.org/entity/Q136505174,Sonia Minetto (femmina); Mariangela Garaventa Merli (femmina)
http://www.wikidata.org/entity/Q136539563,Fabrizia Bevilacqua (femmina); Fiammetta Mamoli (femmina); Ilaria  Comelli (femmina)
http://www.wikidata.org/entity/Q56736038,Carlo Bianchini (maschio)
http://www.wikidata.org/entity/Q59388177,Carlo Bianchini (maschio)
http://www.wikidata.org/entity/Q83612194,Carlo Bianchini (maschio)
http://www.wikidata.org/entity/Q103918238,R. David Lankes (maschio)
http://www.wikidata.org/entity/Q103919627,Carlo Bianchini (maschio)
http://www.wikidata.org/entity/Q103919650,Carlo Bianchini (maschio)
http://www.wikidata.org/entity/Q103920012,Lorenzo Baldacchini (maschio)
http://www.wikidata.org/entity/Q104786706,Carlo Bianchini (maschio)
http://www.wikidata.org/entity/Q109854484,Luca Trevisani (maschio)
http://www.wikidata.org/entity/Q110386765,Lorenzo Baldacchini (maschio)
http://www.wikidata.org/entity/Q111395759,Luca Dal Pozzolo (maschio)
http://www.wikidata.org/entity/Q113148897,Carlo Bianchini (maschio); Stefano Bargioni (maschio); Camillo Carlo Pellizzari di San Girolamo (maschio)
http://www.wikidata.org/entity/Q119496385,Carlo Bianchini (maschio)
http://www.wikidata.org/entity/Q123110125,Carlo Bianchini (maschio); Alessandra Moi (femmina); Andrea Marchitelli (maschio)
http://www.wikidata.org/entity/Q130292910,Lorenzo Vivaldo (maschio)
http://www.wikidata.org/entity/Q132561594,Carlo Bianchini (maschio)
http://www.wikidata.org/entity/Q136757914,Dante Bandini (maschio)
http://www.wikidata.org/entity/Q136759809,Dante Bandini (maschio)
http://www.wikidata.org/entity/Q136759830,Dante Bandini (maschio)
http://www.wikidata.org/entity/Q136760020,Dante Bandini (maschio)
http://www.wikidata.org/entity/Q136760137,Dante Bandini (maschio)
http://www.wikidata.org/entity/Q59388178,Paola Castellucci (femmina)
http://www.wikidata.org/entity/Q69776400,Donatella Ugolini (femmina)
http://www.wikidata.org/entity/Q103899584,Elena Ranfa (femmina)
http://www.wikidata.org/entity/Q103899605,Mònica Baró (femmina)
http://www.wikidata.org/entity/Q103901301,Paola Castellucci (femmina)
http://www.wikidata.org/entity/Q103918125,Paola Castellucci (femmina)
http://www.wikidata.org/entity/Q103918134,Alessia Galiano (femmina)
http://www.wikidata.org/entity/Q103918132,Anna Berloco (femmina); Giulia De Castro (femmina)
http://www.wikidata.org/entity/Q103918139,Maria Senatore Polisetti (femmina)
http://www.wikidata.org/entity/Q103918144,Beatrice Eleuteri (femmina)
http://www.wikidata.org/entity/Q103918156,Mariangela Roselli (femmina)
http://www.wikidata.org/entity/Q103918163,Rossana Morriello (femmina)
http://www.wikidata.org/entity/Q103918230,Leyla Vahedi (femmina)
http://www.wikidata.org/entity/Q103919289,Elena Ranfa (femmina)
http://www.wikidata.org/entity/Q103948986,Kate Pitman (femmina); Judith St. John (femmina); Nicola Cavalli (maschio)
http://www.wikidata.org/entity/Q103948989,Silvia Zanini (femmina); Marco Locatelli (maschio); Riccardo Marlin (maschio)
http://www.wikidata.org/entity/Q103949012,Rossana Morriello (femmina)
http://www.wikidata.org/entity/Q103949098,Beatrice Catinella (femmina); Maurizio Vedaldi (maschio)
http://www.wikidata.org/entity/Q103949103,Livia Marcelli (femmina)
http://www.wikidata.org/entity/Q103949113,Raffaella Messinetti (femmina)
http://www.wikidata.org/entity/Q103949156,Karen Calhoun (femmina)
http://www.wikidata.org/entity/Q103949176,Paola Coppola (femmina); Damiano Orrù (maschio)
http://www.wikidata.org/entity/Q103949183,Maddalena Battaggia (femmina)
http://www.wikidata.org/entity/Q103949187,Ilaria Giglio (femmina); Maria Maiorano (femmina)
http://www.wikidata.org/entity/Q103949190,
http://www.wikidata.org/entity/Q103949290,Maria Grazia Ronca (femmina); Stefania Castano (femmina)
http://www.wikidata.org/entity/Q103949360,Margarita Pérez Pulido (femmina)
http://www.wikidata.org/entity/Q103949365,Laura Montinaro (femmina); Annamaria Alfonsi (femmina)
http://www.wikidata.org/entity/Q103949408,Elena Ranfa (femmina)
http://www.wikidata.org/entity/Q103949443,Laura Ballestra (femmina)
http://www.wikidata.org/entity/Q103949450,Roberta Montepeloso (femmina); Tommaso Paiano (maschio)
http://www.wikidata.org/entity/Q103949454,Federica Viazzi (femmina); Mariateresa Dacquino (femmina); Mariasilvia Como (femmina); Antonio Giovanni Maconi (maschio)
http://www.wikidata.org/entity/Q104150704,Elena Boretti (femmina)
http://www.wikidata.org/entity/Q104381898,Elena Boretti (femmina)
http://www.wikidata.org/entity/Q109622637,Tiziana Plebani (femmina)
http://www.wikidata.org/entity/Q111342753,Gabriella Berloffa (femmina); Paola Villa (femmina); Alina Şandor (femmina); Mark Smith (maschio)
http://www.wikidata.org/entity/Q111395753,Laura Ballestra (femmina)
http://www.wikidata.org/entity/Q111431570,Margarita Pérez Pulido (femmina); Celia Adame Miranda (femmina); José Luis Herrera Morillas (maschio)
http://www.wikidata.org/entity/Q111431578,Madel Crasta (femmina)
http://www.wikidata.org/entity/Q111431577,Mariangela Roselli (femmina)
http://www.wikidata.org/entity/Q111967335,Paola Castellucci (femmina)
http://www.wikidata.org/entity/Q111967341,Elena Ranfa (femmina); Andrea Capaccioni (maschio)
http://www.wikidata.org/entity/Q117447583,Maddalena Battaggia (femmina)
http://www.wikidata.org/entity/Q117455596,Maddalena Battaggia (femmina); Agnese Bertazzoli (femmina)
http://www.wikidata.org/entity/Q119496390,Luisa Marquardt (femmina); Raj Kumar Bhardwaj (maschio)
http://www.wikidata.org/entity/Q125500024,Giulia Visintin (femmina)
http://www.wikidata.org/entity/Q127691546,Adriana Paolini (femmina)
http://www.wikidata.org/entity/Q131542665,Delia Pitto (femmina)
http://www.wikidata.org/entity/Q131869272,Fernanda Canepa (femmina)
http://www.wikidata.org/entity/Q131932551,Delia Pitto (femmina)
http://www.wikidata.org/entity/Q60907285,Alberto Petrucciani (maschio)
http://www.wikidata.org/entity/Q60907372,John Feather (maschio)
http://www.wikidata.org/entity/Q60907379,Rudj Gorian (maschio)
http://www.wikidata.org/entity/Q64712109,Giovanni Petrocelli (maschio)
http://www.wikidata.org/entity/Q64712144,Maurizio Vivarelli (maschio)
http://www.wikidata.org/entity/Q64712156,Massimo Gatta (maschio)
http://www.wikidata.org/entity/Q77304139,Giuseppe Frasso (maschio)
http://www.wikidata.org/entity/Q82514580,Luca Tiberi (maschio)
http://www.wikidata.org/entity/Q92592463,Paolo Calcinaro (maschio); Francesco Trasatti (maschio)
http://www.wikidata.org/entity/Q103896949,Stefano Parise (maschio)
http://www.wikidata.org/entity/Q103896952,Maurizio Vivarelli (maschio)
http://www.wikidata.org/entity/Q103901308,Alberto Petrucciani (maschio)
http://www.wikidata.org/entity/Q103901321,Giovanni Di Domenico (maschio)
http://www.wikidata.org/entity/Q103901324,Giovanni Di Domenico (maschio)
http://www.wikidata.org/entity/Q103915822,Stefano Parise (maschio)
http://www.wikidata.org/entity/Q103915831,Giovanni Di Domenico (maschio)
http://www.wikidata.org/entity/Q103915873,Alberto Cheti (maschio)
http://www.wikidata.org/entity/Q103918234,Pierluigi Feliciati (maschio)
http://www.wikidata.org/entity/Q103918240,Rossano De Laurentiis (maschio)
http://www.wikidata.org/entity/Q103918341,Giovanni Di Domenico (maschio)
http://www.wikidata.org/entity/Q103919305,Stefano Parise (maschio)
http://www.wikidata.org/entity/Q103919333,Maurizio Tarantino (maschio)
http://www.wikidata.org/entity/Q103919353,Alberto Petrucciani (maschio)
http://www.wikidata.org/entity/Q103919362,Giovanni Di Domenico (maschio)
http://www.wikidata.org/entity/Q103919369,Maurizio Vivarelli (maschio)
http://www.wikidata.org/entity/Q103919629,Maurizio Vivarelli (maschio)
http://www.wikidata.org/entity/Q103919639,Giovanni Di Domenico (maschio); Gabriele Mazzitelli (maschio)
http://www.wikidata.org/entity/Q103919658,Stefano Parise (maschio)
http://www.wikidata.org/entity/Q103919982,Giorgio Busetto (maschio)
http://www.wikidata.org/entity/Q103949242,Giovanni Di Domenico (maschio)
http://www.wikidata.org/entity/Q103949369,Maurizio Vivarelli (maschio)
http://www.wikidata.org/entity/Q103949382,Maurizio Vivarelli (maschio)
http://www.wikidata.org/entity/Q103949437,Alberto Petrucciani (maschio)
http://www.wikidata.org/entity/Q103949460,Marco Muscogiuri (maschio)
http://www.wikidata.org/entity/Q104786699,Luca Tiberi (maschio)
http://www.wikidata.org/entity/Q105491103,Maurizio Vivarelli (maschio)
http://www.wikidata.org/entity/Q107394996,Stefano Allegrezza (maschio)
http://www.wikidata.org/entity/Q107395000,Federico Valacchi (maschio)
http://www.wikidata.org/entity/Q109854328,Davide Nadali (maschio)
http://www.wikidata.org/entity/Q109854440,Želimir Koščević (maschio); Ilaria Bignotti (femmina)
http://www.wikidata.org/entity/Q110386754,Maurizio Vivarelli (maschio)
http://www.wikidata.org/entity/Q111431563,Thomas Mandl (maschio); Sophie März (femmina); Fedra Kuttkat (femmina); Stefan Dreisiebner (maschio)
http://www.wikidata.org/entity/Q111431566,Maurizio Vivarelli (maschio)
http://www.wikidata.org/entity/Q111431574,Alberto Petrucciani (maschio)
http://www.wikidata.org/entity/Q111967327,Giovanni Di Domenico (maschio)
http://www.wikidata.org/entity/Q111967324,Maurizio Vivarelli (maschio)
http://www.wikidata.org/entity/Q111967338,Stefano Parise (maschio)
http://www.wikidata.org/entity/Q111967347,Alberto Petrucciani (maschio)
http://www.wikidata.org/entity/Q113148886,Luca Tiberi (maschio)
http://www.wikidata.org/entity/Q113148908,Antonio Castronuovo (maschio)
http://www.wikidata.org/entity/Q113402360,Giovanni Gallo (maschio)
http://www.wikidata.org/entity/Q113470395,Giovanni Gallo (maschio); Sergio Scicchitano (maschio)
http://www.wikidata.org/entity/Q113485970,Maurizio Ferrera (maschio)
http://www.wikidata.org/entity/Q116444206,Alfredo Giovanni Broletti (maschio)
http://www.wikidata.org/entity/Q117428677,Maurizio Vivarelli (maschio)
http://www.wikidata.org/entity/Q117455598,Maurizio Vivarelli (maschio)
http://www.wikidata.org/entity/Q118945524,Fabio Berton (maschio); Lia Pacelli (femmina); Francesco Trentini (maschio); Roberto Quaranta (maschio)
http://www.wikidata.org/entity/Q123925882,Luca Tiberi (maschio)
http://www.wikidata.org/entity/Q124332319,Diego Maltese (maschio)
http://www.wikidata.org/entity/Q128306153,Giorgio Emanuele Ferrari (maschio)
http://www.wikidata.org/entity/Q128624475,Beniamino Pagnin (maschio)
http://www.wikidata.org/entity/Q131542651,Marco Pinzani (maschio)
http://www.wikidata.org/entity/Q131932443,Rino Pensato (maschio)
http://www.wikidata.org/entity/Q132130704,Graziano Ruffini (maschio)
http://www.wikidata.org/entity/Q132130719,Graziano Ruffini (maschio)
http://www.wikidata.org/entity/Q132130797,Graziano Ruffini (maschio)
http://www.wikidata.org/entity/Q132130803,Graziano Ruffini (maschio)
http://www.wikidata.org/entity/Q132130834,Graziano Ruffini (maschio)
http://www.wikidata.org/entity/Q133040646,Alberto Petrucciani (maschio)
http://www.wikidata.org/entity/Q135409624,Elio Lodolini (maschio)
http://www.wikidata.org/entity/Q136456640,Gaetano Colli (maschio)
http://www.wikidata.org/entity/Q136666796,Emilio Colombo (maschio); Giovanni Armillotta (maschio); Francesco Trentini (maschio)
http://www.wikidata.org/entity/Q103899601,Riccardo Ridi (maschio)
http://www.wikidata.org/entity/Q103901296,Ferruccio Diozzi (maschio)
http://www.wikidata.org/entity/Q103918164,Riccardo Ridi (maschio)
http://www.wikidata.org/entity/Q103918266,Andrea Zanotti (maschio)
http://www.wikidata.org/entity/Q103918268,Riccardo Ridi (maschio)
http://www.wikidata.org/entity/Q103919309,Ferruccio Diozzi (maschio)
http://www.wikidata.org/entity/Q103919372,Riccardo Ridi (maschio)
http://www.wikidata.org/entity/Q103949150,Jordi Ardanuy (maschio); Cristóbal Urbano (maschio)
http://www.wikidata.org/entity/Q103949482,Riccardo Ridi (maschio)
http://www.wikidata.org/entity/Q104786700,Riccardo Pane (maschio)
http://www.wikidata.org/entity/Q105491112,Riccardo Ridi (maschio)
http://www.wikidata.org/entity/Q107394987,Francesco Salvestrini (maschio)
http://www.wikidata.org/entity/Q107699770,Carlo Ghilli (maschio)
http://www.wikidata.org/entity/Q111431567,Riccardo Ridi (maschio)
http://www.wikidata.org/entity/Q112054439,
http://www.wikidata.org/entity/Q112913666,Gastone Breccia (maschio)
http://www.wikidata.org/entity/Q112913673,Gastone Breccia (maschio)
http://www.wikidata.org/entity/Q112913686,Gastone Breccia (maschio)
http://www.wikidata.org/entity/Q112913687,Gastone Breccia (maschio)
http://www.wikidata.org/entity/Q112913684,Gastone Breccia (maschio)
http://www.wikidata.org/entity/Q112913688,Gastone Breccia (maschio)
http://www.wikidata.org/entity/Q113148895,Riccardo Ridi (maschio)
http://www.wikidata.org/entity/Q113148903,Mario Aldo Toscano (maschio)
http://www.wikidata.org/entity/Q113643658,Franco Cazzola (maschio)
http://www.wikidata.org/entity/Q117448466,Riccardo Ridi (maschio)
http://www.wikidata.org/entity/Q119496394,Mohinder Partap Satija (maschio)
http://www.wikidata.org/entity/Q123925889,Riccardo Ridi (maschio)
http://www.wikidata.org/entity/Q128624472,Ugo Lercari (maschio)
http://www.wikidata.org/entity/Q131625829,Giuseppe Dal Ferro (maschio)
http://www.wikidata.org/entity/Q133258102,Carlo Maria Simonetti (maschio)
http://www.wikidata.org/entity/Q135102886,Ambrogio Borsani (maschio)
http://www.wikidata.org/entity/Q135335923,Manlio Barberito (maschio)
http://www.wikidata.org/entity/Q136456660,Salvatore Consoli (maschio)
http://www.wikidata.org/entity/Q96623074,Claudio Leombroni (maschio)
http://www.wikidata.org/entity/Q96623075,Koichi Yukishima (maschio)
http://www.wikidata.org/entity/Q96623078,Fabrizio Fossati (maschio)
http://www.wikidata.org/entity/Q96623082,Luca Tosin (maschio)
http://www.wikidata.org/entity/Q103901283,Emiliano Diamanti (maschio); Gianni Stefanini (maschio)
http://www.wikidata.org/entity/Q103901292,Luca Lanzillo (maschio)
http://www.wikidata.org/entity/Q103901304,Waldemaro Morgese (maschio)
http://www.wikidata.org/entity/Q103915903,Tommaso Paiano (maschio)
http://www.wikidata.org/entity/Q103918260,Giovanni Michetti (maschio)
http://www.wikidata.org/entity/Q103918347,Waldemaro Morgese (maschio)
http://www.wikidata.org/entity/Q103918353,Piero Cavaleri (maschio)
http://www.wikidata.org/entity/Q103918363,Raffaele De Magistris (maschio)
http://www.wikidata.org/entity/Q103918375,Andrew Farthing (maschio); Lesley Davies (maschio)
http://www.wikidata.org/entity/Q103919296,Rónán O'Beirne (maschio)
http://www.wikidata.org/entity/Q103919307,Sebastiano Miccoli (maschio)
http://www.wikidata.org/entity/Q103919318,Raffaele De Magistris (maschio)
http://www.wikidata.org/entity/Q103919326,Gabriele Mazzitelli (maschio)
http://www.wikidata.org/entity/Q103919336,Emiliano Diamanti (maschio); Gianni Stefanini (maschio)
http://www.wikidata.org/entity/Q103919359,Giovanni Arganese (maschio)
http://www.wikidata.org/entity/Q103919380,Gabriele Mazzitelli (maschio)
http://www.wikidata.org/entity/Q103919385,Giovanni Galli (maschio)
http://www.wikidata.org/entity/Q103919730,Giovanni Michetti (maschio)
http://www.wikidata.org/entity/Q103919738,Piero Cavaleri (maschio)
http://www.wikidata.org/entity/Q103948950,Piero Cavaleri (maschio)
http://www.wikidata.org/entity/Q103949258,Luca Lanzillo (maschio)
http://www.wikidata.org/entity/Q103949377,Luca Lanzillo (maschio)
http://www.wikidata.org/entity/Q104250773,Alessandro Sardelli (maschio)
http://www.wikidata.org/entity/Q111281871,Sergio Scicchitano (maschio); Irene Brunetti (femmina); Andrea Ricci (maschio)
http://www.wikidata.org/entity/Q111333696,Benedetto Molinari (maschio); Manuel Hidalgo Pérez (maschio)
http://www.wikidata.org/entity/Q111967333,Roberto Guarasci (maschio)
http://www.wikidata.org/entity/Q116444211,Klaus Kempf (maschio)
http://www.wikidata.org/entity/Q118367937,Giordano Castellani (maschio)
http://www.wikidata.org/entity/Q128624468,Giorgio De Gregori (maschio)
http://www.wikidata.org/entity/Q131506079,Gabriele Mazzitelli (maschio)
http://www.wikidata.org/entity/Q131569299,Alessandro Sardelli (maschio)
http://www.wikidata.org/entity/Q132130847,Alessandro Sardelli (maschio)
http://www.wikidata.org/entity/Q135225002,Paolo Giovannetti (maschio)
http://www.wikidata.org/entity/Q135233418,Gabriele Mazzitelli (maschio)
http://www.wikidata.org/entity/Q135435931,Klaus-Peter Böttger (maschio)
http://www.wikidata.org/entity/Q58356273,Fabio Venuda (maschio)
http://www.wikidata.org/entity/Q58379186,Roberto De Pol (maschio)
http://www.wikidata.org/entity/Q58379187,Francesco Terrasi (maschio)
http://www.wikidata.org/entity/Q58670923,Ivan Poli (maschio)
http://www.wikidata.org/entity/Q58670927,Roberto Raieli (maschio)
http://www.wikidata.org/entity/Q58670939,Paolo Traniello (maschio)
http://www.wikidata.org/entity/Q58773247,Simone Lombardo (maschio)
http://www.wikidata.org/entity/Q58773245,Leonardo Magionami (maschio)
http://www.wikidata.org/entity/Q58773249,Matteo Fadini (maschio)
http://www.wikidata.org/entity/Q58773261,Luigi Catalani (maschio)
http://www.wikidata.org/entity/Q58953868,Andrea De Pasquale (maschio)
http://www.wikidata.org/entity/Q58953937,Alberto Salarelli (maschio)
http://www.wikidata.org/entity/Q58954040,Antonio Manfredi (maschio)
http://www.wikidata.org/entity/Q59096092,Andrea Capaccioni (maschio); Giovanna Spina (femmina)
http://www.wikidata.org/entity/Q59154964,Diego Baldi (maschio)
http://www.wikidata.org/entity/Q59208095,Andrea De Pasquale (maschio)
http://www.wikidata.org/entity/Q59208093,Diego Baldi (maschio)
http://www.wikidata.org/entity/Q59259747,Luca Rivali (maschio)
http://www.wikidata.org/entity/Q59265384,Diego Baldi (maschio)
http://www.wikidata.org/entity/Q59265388,William Zammit (maschio)
http://www.wikidata.org/entity/Q59388179,Fabio Venuda (maschio)
http://www.wikidata.org/entity/Q59388185,Luigi Catalani (maschio)
http://www.wikidata.org/entity/Q60907317,Fabio Venuda (maschio)
http://www.wikidata.org/entity/Q60907392,Andrea De Pasquale (maschio)
http://www.wikidata.org/entity/Q60907408,Alberto Salarelli (maschio)
http://www.wikidata.org/entity/Q82515168,Diego Baldi (maschio)
http://www.wikidata.org/entity/Q82515177,Andrea De Pasquale (maschio)
http://www.wikidata.org/entity/Q96623079,Diego Baldi (maschio)
http://www.wikidata.org/entity/Q103896948,Andrea De Pasquale (maschio)
http://www.wikidata.org/entity/Q103901290,Alberto Salarelli (maschio)
http://www.wikidata.org/entity/Q103901299,Roberto Raieli (maschio)
http://www.wikidata.org/entity/Q103901322,Roberto Raieli (maschio)
http://www.wikidata.org/entity/Q103915900,Luigi Catalani (maschio)
http://www.wikidata.org/entity/Q103918148,Andrea De Pasquale (maschio)
http://www.wikidata.org/entity/Q103918160,Matteo Fadini (maschio)
http://www.wikidata.org/entity/Q103918251,Andrea Capaccioni (maschio)
http://www.wikidata.org/entity/Q103918273,Paul Gabriele Weston (maschio)
http://www.wikidata.org/entity/Q103918336,Luigi Catalani (maschio)
http://www.wikidata.org/entity/Q103918356,Roberto Raieli (maschio)
http://www.wikidata.org/entity/Q103919323,Paolo Traniello (maschio)
http://www.wikidata.org/entity/Q103919343,Andrea De Pasquale (maschio)
http://www.wikidata.org/entity/Q103919654,Andrea Capaccioni (maschio)
http://www.wikidata.org/entity/Q103919979,Roberto Raieli (maschio)
http://www.wikidata.org/entity/Q103919987,Roberto Raieli (maschio)
http://www.wikidata.org/entity/Q103948951,Luigi Catalani (maschio)
http://www.wikidata.org/entity/Q103949024,Alberto Salarelli (maschio)
http://www.wikidata.org/entity/Q105491101,Alberto Salarelli (maschio)
http://www.wikidata.org/entity/Q107394999,Fabio Cusimano (maschio)
http://www.wikidata.org/entity/Q109854295,Alberto Salarelli (maschio)
http://www.wikidata.org/entity/Q109854355,Davide Papotti (maschio)
http://www.wikidata.org/entity/Q109854477,Alberto Salarelli (maschio)
http://www.wikidata.org/entity/Q110386758,Andrea Capaccioni (maschio)
http://www.wikidata.org/entity/Q110386776,Diego Baldi (maschio)
http://www.wikidata.org/entity/Q111967334,Paolo Traniello (maschio)
http://www.wikidata.org/entity/Q111967343,Andrea De Pasquale (maschio)
http://www.wikidata.org/entity/Q111967340,Alberto Salarelli (maschio)
http://www.wikidata.org/entity/Q111967345,Paul Gabriele Weston (maschio)
http://www.wikidata.org/entity/Q114851255,Fabio Venuda (maschio)
http://www.wikidata.org/entity/Q123925896,Paolo Traniello (maschio)
http://www.wikidata.org/entity/Q126361695,Nazareno Panichella (maschio); Stefano Cantalini (maschio)
http://www.wikidata.org/entity/Q133080583,Paolo Traniello (maschio)
http://www.wikidata.org/entity/Q135102881,Diego Baldi (maschio)
http://www.wikidata.org/entity/Q135180964,Aldo Rosano (maschio)
http://www.wikidata.org/entity/Q58387650,Andre Vieira de Freitas Araujo (maschio)
http://www.wikidata.org/entity/Q58670933,Valentino Romani (maschio)
http://www.wikidata.org/entity/Q58954115,Urs B. Leu (maschio)
http://www.wikidata.org/entity/Q59096077,Giovanni Fiesoli (maschio)
http://www.wikidata.org/entity/Q59096084,Daniele Guernelli (maschio)
http://www.wikidata.org/entity/Q59096085,Valentino Romani (maschio)
http://www.wikidata.org/entity/Q59137266,Valentino Romani (maschio)
http://www.wikidata.org/entity/Q59154965,Paolo Renzi (maschio)
http://www.wikidata.org/entity/Q59154969,Natale Vacalebre (maschio)
http://www.wikidata.org/entity/Q59208094,Richard Calis (maschio); Arnoud Visser (maschio)
http://www.wikidata.org/entity/Q59208098,Berardino Simone (maschio)
http://www.wikidata.org/entity/Q59259741,Valentino Romani (maschio)
http://www.wikidata.org/entity/Q59259746,Franco Caroselli (maschio)
http://www.wikidata.org/entity/Q59259744,Pier Maria Soglian (maschio); Giampiero Tiraboschi (maschio); Rodolfo Vittori (maschio)
http://www.wikidata.org/entity/Q59259745,Enrico Pio Ardolino (maschio)
http://www.wikidata.org/entity/Q59265385,Guglielmo Bartoletti (maschio)
http://www.wikidata.org/entity/Q59281540,Nicola Pallecchi (maschio)
http://www.wikidata.org/entity/Q82514642,Enrico Pio Ardolino (maschio)
http://www.wikidata.org/entity/Q103949123,Tommaso Giordano (maschio)
http://www.wikidata.org/entity/Q110386774,Andre Vieira de Freitas Araujo (maschio); Diná Marques Pereira Araújo (femmina)
http://www.wikidata.org/entity/Q113148889,Natale Vacalebre (maschio)
http://www.wikidata.org/entity/Q119496391,Enrico Pio Ardolino (maschio)
http://www.wikidata.org/entity/Q128592850,Augusto Vasina (maschio)
http://www.wikidata.org/entity/Q128624466,Giorgio Costamagna (maschio)
http://www.wikidata.org/entity/Q128624478,Nello Vian (maschio)
http://www.wikidata.org/entity/Q128624477,Nello Vian (maschio)
http://www.wikidata.org/entity/Q128624483,Nello Vian (maschio)
http://www.wikidata.org/entity/Q59137261,Lorenzo Mancini (maschio)
http://www.wikidata.org/entity/Q103899609,Federico Meschini (maschio)
http://www.wikidata.org/entity/Q103915887,Nick Poole (maschio)
http://www.wikidata.org/entity/Q103918128,Maurizio Lana (maschio)
http://www.wikidata.org/entity/Q103918150,Giorgio Antoniacomi (maschio)
http://www.wikidata.org/entity/Q103918168,Roberto Musiari (maschio)
http://www.wikidata.org/entity/Q103918172,Federico Meschini (maschio)
http://www.wikidata.org/entity/Q103918180,Vittorio Ponzani (maschio)
http://www.wikidata.org/entity/Q103918217,Giorgio Antoniacomi (maschio)
http://www.wikidata.org/entity/Q103918222,Fabio Ciotti (maschio)
http://www.wikidata.org/entity/Q103918258,Marco Brusa (maschio)
http://www.wikidata.org/entity/Q103918256,Fernando Venturini (maschio)
http://www.wikidata.org/entity/Q103918270,Federico Meschini (maschio)
http://www.wikidata.org/entity/Q103918330,Marco Brusa (maschio)
http://www.wikidata.org/entity/Q103918328,Franco Neri (maschio)
http://www.wikidata.org/entity/Q103918344,Vittorio Ponzani (maschio)
http://www.wikidata.org/entity/Q103948932,Nicola Cavalli (maschio)
http://www.wikidata.org/entity/Q103948968,Enrico Tagliani (maschio); Camilla Fusetti (femmina)
http://www.wikidata.org/entity/Q103949016,Danilo Deana (maschio)
http://www.wikidata.org/entity/Q103949167,Vincent Bonnet (maschio)
http://www.wikidata.org/entity/Q103949274,David Rini (maschio)
http://www.wikidata.org/entity/Q103949282,Enrico Massimo Dotti (maschio)
http://www.wikidata.org/entity/Q103949342,Franco Neri (maschio)
http://www.wikidata.org/entity/Q103949351,Domenico Ciccarello (maschio)
http://www.wikidata.org/entity/Q103949397,Marco Brusa (maschio)
http://www.wikidata.org/entity/Q103949402,Francesco Giuseppe Meliti (maschio)
http://www.wikidata.org/entity/Q103949412,Massimiliano Anzivino (maschio); Francesco Caligaris (maschio)
http://www.wikidata.org/entity/Q107394989,Lorenzo Mancini (maschio)
http://www.wikidata.org/entity/Q111967325,Federico Meschini (maschio)
http://www.wikidata.org/entity/Q117428586,Giuseppe Vitiello (maschio)
http://www.wikidata.org/entity/Q117447507,Maurizio Lana (maschio)
http://www.wikidata.org/entity/Q117455594,Federico Meschini (maschio)
http://www.wikidata.org/entity/Q123925895,Francesco Giuseppe Meliti (maschio)
http://www.wikidata.org/entity/Q125499879,Antonio Scolari (maschio)
http://www.wikidata.org/entity/Q127691539,Federico Meschini (maschio)
http://www.wikidata.org/entity/Q131429344,Francesco Giuseppe Meliti (maschio)
http://www.wikidata.org/entity/Q131469817,Marco Cupellaro (maschio)
http://www.wikidata.org/entity/Q131625443,Michele Santoro (maschio)
http://www.wikidata.org/entity/Q132126758,Igino Poggiali (maschio)
http://www.wikidata.org/entity/Q133258081,Antonio Scolari (maschio)
http://www.wikidata.org/entity/Q36484148,Rita Iori (femmina)
http://www.wikidata.org/entity/Q36484219,Maria Pia Carosella (femmina)
http://www.wikidata.org/entity/Q102822425,Federica Riva (femmina)
http://www.wikidata.org/entity/Q103899599,Agnese Bertazzoli (femmina)
http://www.wikidata.org/entity/Q103915881,Chiara Consonni (femmina)
http://www.wikidata.org/entity/Q103948970,Marta Marchi (femmina)
http://www.wikidata.org/entity/Q103949284,Tiziana Mascia (femmina)
http://www.wikidata.org/entity/Q104786702,Antonella Brunelli (femmina)
http://www.wikidata.org/entity/Q105491108,Anna Maria Viotto (femmina); Laura Massaia (femmina); Barbara Cena (femmina)
http://www.wikidata.org/entity/Q107394990,Chiara Petrolini (femmina); Hülya Çelik (femmina)
http://www.wikidata.org/entity/Q107394991,Debora Di Pietro (femmina)
http://www.wikidata.org/entity/Q107620404,Loredana Magazzeni (femmina)
http://www.wikidata.org/entity/Q109593333,Miriam Turrini (femmina)
http://www.wikidata.org/entity/Q109593344,Valeria Leoni (femmina)
http://www.wikidata.org/entity/Q109854315,Frances Pinnock (femmina)
http://www.wikidata.org/entity/Q109854354,Anna Bianchi (femmina)
http://www.wikidata.org/entity/Q109854464,Amalda Cuka (femmina)
http://www.wikidata.org/entity/Q109854471,Alessandra Casati (femmina)
http://www.wikidata.org/entity/Q109854594,Alessandra Piatti (femmina)
http://www.wikidata.org/entity/Q109854598,Alessandra Casati (femmina)
http://www.wikidata.org/entity/Q109854601,Amalda Cuka (femmina)
http://www.wikidata.org/entity/Q109854605,Sara Fontana (femmina)
http://www.wikidata.org/entity/Q109854608,Amalda Cuka (femmina)
http://www.wikidata.org/entity/Q109854618,Alice Militello (femmina)
http://www.wikidata.org/entity/Q109854623,Sara Fontana (femmina)
http://www.wikidata.org/entity/Q109854630,Alice Militello (femmina)
http://www.wikidata.org/entity/Q109854705,Alessandra Sini (femmina)
http://www.wikidata.org/entity/Q111163090,Valeria Cirillo (femmina); Dario Guarascio (maschio); Fenizia Verdecchia (femmina)
http://www.wikidata.org/entity/Q111235775,Lucrezia Fanti (femmina); Valeria Cirillo (femmina); Andrea Ricci (maschio); Andrea Mina (maschio)
http://www.wikidata.org/entity/Q111431571,Agnese Bertazzoli (femmina)
http://www.wikidata.org/entity/Q111522931,Bianca Fadda (femmina)
http://www.wikidata.org/entity/Q111782067,Miriam Turrini (femmina)
http://www.wikidata.org/entity/Q113470241,Valeria Cirillo (femmina); Michele Raitano (maschio); Andrea Ricci (maschio)
http://www.wikidata.org/entity/Q113485704,Valeria Cirillo (femmina); Valentina Ferri (femmina); Irene Brunetti (femmina)
http://www.wikidata.org/entity/Q117448465,Agnese Bertazzoli (femmina)
http://www.wikidata.org/entity/Q117455602,Laura Vannucci (femmina)
http://www.wikidata.org/entity/Q117455604,Agnese Bertazzoli (femmina)
http://www.wikidata.org/entity/Q119137740,Silvia Ciampi (femmina); Cristina Lion (femmina)
http://www.wikidata.org/entity/Q123172848,Maria Enrica Virgillito (femmina)
http://www.wikidata.org/entity/Q126722512,Maria Cristina Bassi (femmina)
http://www.wikidata.org/entity/Q127691544,Concetta Damiani (femmina)
http://www.wikidata.org/entity/Q130529479,Valeria Cirillo (femmina); Dario Guarascio (maschio); Massimiliano Deidda (maschio)
http://www.wikidata.org/entity/Q131459329,Beatrice Bargagna (femmina)
http://www.wikidata.org/entity/Q133297580,Stefania Manzi (femmina); Alessandro  Corsi (maschio)
http://www.wikidata.org/entity/Q133757004,Antonella Orlandi (femmina)
http://www.wikidata.org/entity/Q136379142,Lucilla Conigliello (femmina); Maria Giulia Maraviglia (femmina); Gianni Galeota (maschio)
http://www.wikidata.org/entity/Q136399640,Liliana Bernardis (femmina)
http://www.wikidata.org/entity/Q136456962,Patrizia Cotoneschi (femmina)
http://www.wikidata.org/entity/Q137392147,Cinzia Bucchioni (femmina)
http://www.wikidata.org/entity/Q137392384,Patrizia Lucchini (femmina)
http://www.wikidata.org/entity/Q36484122,Ettore Bertazzoni (maschio)
http://www.wikidata.org/entity/Q58773251,Giovanni Aprea (maschio)
http://www.wikidata.org/entity/Q96623081,Riccardo Neri (maschio)
http://www.wikidata.org/entity/Q103899614,Damiano Orrù (maschio)
http://www.wikidata.org/entity/Q103949017,Francesco Serafini (maschio)
http://www.wikidata.org/entity/Q104786705,Andrea Moroni (maschio)
http://www.wikidata.org/entity/Q105491102,Andrea Moroni (maschio)
http://www.wikidata.org/entity/Q105491114,Tommaso Munari (maschio)
http://www.wikidata.org/entity/Q107394994,Paolo Livieri (maschio)
http://www.wikidata.org/entity/Q109854458,Alessio Fransoni (maschio)
http://www.wikidata.org/entity/Q111282815,Pietro Checcucci (maschio)
http://www.wikidata.org/entity/Q111283475,Hartmut Seifert (maschio); Toralf Pusch (maschio)
http://www.wikidata.org/entity/Q111395761,Mirco Modolo (maschio)
http://www.wikidata.org/entity/Q111595862,Manuel Marocco (maschio); Silvia Donà (femmina); Massimo De Minicis (maschio)
http://www.wikidata.org/entity/Q111747586,Davide Checchi (maschio)
http://www.wikidata.org/entity/Q111747613,Davide Checchi (maschio)
http://www.wikidata.org/entity/Q111782051,Rodobaldo Tibaldi (maschio)
http://www.wikidata.org/entity/Q113334738,Nicola Lettieri (maschio)
http://www.wikidata.org/entity/Q113402027,Roberto De Vincenzi (maschio); Giuseppe De Blasio (maschio)
http://www.wikidata.org/entity/Q113437039,Maurizio Franzini (maschio); Dario Guarascio (maschio)
http://www.wikidata.org/entity/Q113485957,Roberto De Vincenzi (maschio); Giuseppe De Blasio (maschio)
http://www.wikidata.org/entity/Q114674485,Marco Bresciani (maschio)
http://www.wikidata.org/entity/Q115139459,Gianluca Albergoni (maschio)
http://www.wikidata.org/entity/Q115139456,Gianluca Albergoni (maschio)
http://www.wikidata.org/entity/Q115139461,Gianluca Albergoni (maschio)
http://www.wikidata.org/entity/Q115139467,Gianluca Albergoni (maschio)
http://www.wikidata.org/entity/Q116444207,Riccardo Neri (maschio)
http://www.wikidata.org/entity/Q118867779,Roberto Angotti (maschio); Domenico Barricelli (maschio); Alessandra Pedone (femmina)
http://www.wikidata.org/entity/Q123173160,Manuel Marocco (maschio); Massimo Resce (maschio); Massimiliano Deidda (maschio); Francesco Manente (maschio)
http://www.wikidata.org/entity/Q123925888,Andrea Pergola (maschio)
http://www.wikidata.org/entity/Q124619373,Roberto Angotti (maschio); Alessandra Pedone (femmina); Giuditta Occhiocupo (femmina)
http://www.wikidata.org/entity/Q125731008,Vincenzo Santoro (maschio)
http://www.wikidata.org/entity/Q127043447,Mario Piantoni (maschio)
http://www.wikidata.org/entity/Q129814967,Laurent Gamet (maschio)
http://www.wikidata.org/entity/Q129815743,Laurent Gamet (maschio)
http://www.wikidata.org/entity/Q129816282,Laurent Gamet (maschio)
http://www.wikidata.org/entity/Q130402154,Alfredo Obertello (maschio)
http://www.wikidata.org/entity/Q130529510,Maurizio Curtarelli (maschio)
http://www.wikidata.org/entity/Q131460432,Giuseppe Colombo (maschio)
http://www.wikidata.org/entity/Q131925554,Guido Baronio (maschio)
http://www.wikidata.org/entity/Q131925686,Roberto Angotti (maschio); Giovanna Di Castro (femmina)
http://www.wikidata.org/entity/Q131931300,Paolo Panizza (maschio)
http://www.wikidata.org/entity/Q131932378,Carlo Paravano (maschio)
http://www.wikidata.org/entity/Q131932403,Carlo Paravano (maschio)
http://www.wikidata.org/entity/Q133258145,Gabriele Turi (maschio)
http://www.wikidata.org/entity/Q133278195,Marco Melloni (maschio)
http://www.wikidata.org/entity/Q134889693,Roberto Farné (maschio)
http://www.wikidata.org/entity/Q134889718,Roberto Farné (maschio)
http://www.wikidata.org/entity/Q135180935,Pietro Checcucci (maschio)
http://www.wikidata.org/entity/Q136657990,Cosimo Accoto (maschio)
http://www.wikidata.org/entity/Q109854298,Ilaria Bignotti (femmina)
http://www.wikidata.org/entity/Q109854297,Cristina Casero (femmina)
http://www.wikidata.org/entity/Q109854307,Ilaria Dazzi (femmina)
http://www.wikidata.org/entity/Q109854309,Cristina Casero (femmina)
http://www.wikidata.org/entity/Q109854312,Emma Tagliacollo (femmina)
http://www.wikidata.org/entity/Q109854313,Eleonora Charans (femmina)
http://www.wikidata.org/entity/Q109854322,Ilaria Torelli (femmina)
http://www.wikidata.org/entity/Q109854324,Ilaria Bignotti (femmina)
http://www.wikidata.org/entity/Q109854325,Chiara Travisonni (femmina)
http://www.wikidata.org/entity/Q109854334,Cristina Casero (femmina)
http://www.wikidata.org/entity/Q109854332,Elisabetta Modena (femmina)
http://www.wikidata.org/entity/Q109854338,Camilla Chiappini (femmina)
http://www.wikidata.org/entity/Q109854343,Eleonora Longari (femmina)
http://www.wikidata.org/entity/Q109854341,Elena Di Raddo (femmina)
http://www.wikidata.org/entity/Q109854348,Giulia Romanini (femmina)
http://www.wikidata.org/entity/Q109854352,Francesca Gasparini (femmina)
http://www.wikidata.org/entity/Q109854437,Anna Zinelli (femmina); Marco Scotti (maschio)
http://www.wikidata.org/entity/Q109854442,Branka Benčić (femmina); Lorena Tadorni (femmina)
http://www.wikidata.org/entity/Q109854446,Ilaria Bignotti (femmina); Matko Meštrović (femmina); Matko Meštrović (maschio)
http://www.wikidata.org/entity/Q109854452,Giuliana Carbi Jesurun (femmina)
http://www.wikidata.org/entity/Q109854456,Ilaria Bignotti (femmina)
http://www.wikidata.org/entity/Q109854457,Bilijana Tomić (femmina); Ilaria Bignotti (femmina)
http://www.wikidata.org/entity/Q109854469,Anna Zinelli (femmina)
http://www.wikidata.org/entity/Q109854474,Chiara Travisonni (femmina)
http://www.wikidata.org/entity/Q109854472,Elisabetta Fadda (femmina)
http://www.wikidata.org/entity/Q109854473,Elisa Bini (femmina)
http://www.wikidata.org/entity/Q109854481,Gabriella De Marco (femmina)
http://www.wikidata.org/entity/Q109854491,Elisabetta Modena (femmina)
http://www.wikidata.org/entity/Q109854489,Iolandi Ratti (femmina)
http://www.wikidata.org/entity/Q109854568,Francesca Casella (femmina)
http://www.wikidata.org/entity/Q109854573,Elisabetta Modena (femmina)
http://www.wikidata.org/entity/Q109854587,Emanuela Soldi (femmina)
http://www.wikidata.org/entity/Q109854584,Aurora Roscini Vitali (femmina)
http://www.wikidata.org/entity/Q109854592,Federica Boragina (femmina)
http://www.wikidata.org/entity/Q109854593,Elena Di Raddo (femmina)
http://www.wikidata.org/entity/Q109854596,Gaia Clotilde Chernetich (femmina)
http://www.wikidata.org/entity/Q109854603,Elena Fava (femmina)
http://www.wikidata.org/entity/Q109854611,Anna Zinelli (femmina); Marco Scotti (maschio)
http://www.wikidata.org/entity/Q109854609,Anna Zinelli (femmina)
http://www.wikidata.org/entity/Q109854612,Elisabetta Modena (femmina)
http://www.wikidata.org/entity/Q109854613,Giulia Cocconi (femmina)
http://www.wikidata.org/entity/Q109854620,Chiara Guerzi (femmina)
http://www.wikidata.org/entity/Q109854627,Clarissa Ricci (femmina)
http://www.wikidata.org/entity/Q109854632,Dorothea Burato (femmina)
http://www.wikidata.org/entity/Q109854702,Gaia Clotilde Chernetich (femmina)
http://www.wikidata.org/entity/Q109854700,Chiara Tonelli (femmina)
http://www.wikidata.org/entity/Q109854714,Annalisa Piccirillo (femmina)
http://www.wikidata.org/entity/Q109854712,Carla Pomarè (femmina)
http://www.wikidata.org/entity/Q109854713,Carolane Sanchez (femmina)
http://www.wikidata.org/entity/Q109854302,Laura Saporiti (femmina)
http://www.wikidata.org/entity/Q109854319,Rita Messori (femmina)
http://www.wikidata.org/entity/Q109854316,Pierangela Gandolfi (femmina)
http://www.wikidata.org/entity/Q109854323,Sara Enrica Tortelli (femmina)
http://www.wikidata.org/entity/Q109854327,Maria Carla Ramazzini Calciolari (femmina)
http://www.wikidata.org/entity/Q109854329,Mariapia Branchi (femmina)
http://www.wikidata.org/entity/Q109854347,Lorenza Zambon (femmina)
http://www.wikidata.org/entity/Q109854344,Irene Accorsini (femmina)
http://www.wikidata.org/entity/Q109854353,Roberta Gandolfi (femmina)
http://www.wikidata.org/entity/Q109854431,Rita Messori (femmina)
http://www.wikidata.org/entity/Q109854439,Jasna Jakšić (femmina)
http://www.wikidata.org/entity/Q109854447,Marta Kis (femmina)
http://www.wikidata.org/entity/Q109854450,Radmila Iva Janković (femmina)
http://www.wikidata.org/entity/Q109854465,Roberta Pierangela Gandolfi (femmina)
http://www.wikidata.org/entity/Q109854476,Ursula Zich (femmina); Matteo Gallo (maschio); Ugo Comollo (maschio)
http://www.wikidata.org/entity/Q109854485,Marina Pugliese (femmina)
http://www.wikidata.org/entity/Q109854497,Stefania Zuliani (femmina)
http://www.wikidata.org/entity/Q109854575,Marina Degl'Innocenti (femmina)
http://www.wikidata.org/entity/Q109854582,Jennifer Malvezzi (femmina)
http://www.wikidata.org/entity/Q109854583,Martina Mariani (femmina)
http://www.wikidata.org/entity/Q109854586,Stefania Zuliani (femmina)
http://www.wikidata.org/entity/Q109854590,Raffaella Perna (femmina)
http://www.wikidata.org/entity/Q109854604,Marta Sironi (femmina)
http://www.wikidata.org/entity/Q109854699,Laura Scanu (femmina)
http://www.wikidata.org/entity/Q109854706,Susanne Franco (femmina)
http://www.wikidata.org/entity/Q109854704,Joëlle Vellet (femmina)
http://www.wikidata.org/entity/Q110386756,Cristina Dotta Ortega (femmina)
http://www.wikidata.org/entity/Q110386768,Mell Siciliano (femmina); Fernanda Valle (femmina); Amanda Salomão (femmina)
http://www.wikidata.org/entity/Q109854299,Giorgio Milanesi (maschio)
http://www.wikidata.org/entity/Q109854296,Niccolò Baldari (maschio)
http://www.wikidata.org/entity/Q109854303,Michele Guerra (maschio)
http://www.wikidata.org/entity/Q109854304,Vanja Strukelj (maschio)
http://www.wikidata.org/entity/Q109854311,Flavio Pintarelli (maschio)
http://www.wikidata.org/entity/Q109854314,Marco Scotti (maschio)
http://www.wikidata.org/entity/Q109854326,Marco Mirabile (maschio)
http://www.wikidata.org/entity/Q109854331,Michele Vescovi (maschio)
http://www.wikidata.org/entity/Q109854335,Vanja Strukelj (maschio)
http://www.wikidata.org/entity/Q109854351,Tomaso Colombo (maschio)
http://www.wikidata.org/entity/Q109854349,Enzo Cecchi (maschio)
http://www.wikidata.org/entity/Q109854358,Franco Acquaviva (maschio)
http://www.wikidata.org/entity/Q109854435,Giovanni Rubino (maschio)
http://www.wikidata.org/entity/Q109854459,Vanja Strukelj (maschio)
http://www.wikidata.org/entity/Q109854470,Vanja Strukelj (maschio)
http://www.wikidata.org/entity/Q109854468,Marco Scotti (maschio)
http://www.wikidata.org/entity/Q109854480,Michele Guerra (maschio)
http://www.wikidata.org/entity/Q109854494,Mario Gorni (maschio)
http://www.wikidata.org/entity/Q109854499,Marco Scotti (maschio)
http://www.wikidata.org/entity/Q109854500,Pantaleo Mazzitello (maschio)
http://www.wikidata.org/entity/Q109854578,Livio Lepratto (maschio)
http://www.wikidata.org/entity/Q109854579,Paolo Rinoldi (maschio)
http://www.wikidata.org/entity/Q109854597,Luca Pietro Nicoletti (maschio)
http://www.wikidata.org/entity/Q109854619,Andrei Bliznukov (maschio)
http://www.wikidata.org/entity/Q109854624,Giulio Zavatta (maschio)
http://www.wikidata.org/entity/Q109854633,Federico Longari Solazzi (maschio)
http://www.wikidata.org/entity/Q109854707,Paolo Russo (maschio)
http://www.wikidata.org/entity/Q109854708,Bruno Ligore (maschio)
http://www.wikidata.org/entity/Q109854718,Matteo Paoletti (maschio)
http://www.wikidata.org/entity/Q109854716,Steven Stergar (maschio)
http://www.wikidata.org/entity/Q109854717,Lorenzo Manera (maschio)
http://www.wikidata.org/entity/Q110067791,Filippo Ticozzi (maschio); Lorenzo Donghi (maschio)
http://www.wikidata.org/entity/Q110386761,Carlos Henrique Juvêncio (maschio)
http://www.wikidata.org/entity/Q110386778,René Lommez Gomes (maschio)
http://www.wikidata.org/entity/Q111395756,Marco Severini (maschio)
http://www.wikidata.org/entity/Q119496389,Gustavo Silva Saldanha (maschio)
http://www.wikidata.org/entity/Q74825992,Elena Baldoni (femmina)
http://www.wikidata.org/entity/Q110386782,Nathália Lima Romeiro (femmina); Bruno Almeida dos Santos (maschio)
http://www.wikidata.org/entity/Q110386784,Adriana Isidório da Silva Zamite (femmina); Maira Cristina Grigoleto (femmina)
http://www.wikidata.org/entity/Q111088376,Sandra D'Agostino (femmina); Silvia Vaccaro (femmina)
http://www.wikidata.org/entity/Q111395757,Simona Paolantoni (femmina)
http://www.wikidata.org/entity/Q135409906,Maria Stella Rollandi (femmina)
http://www.wikidata.org/entity/Q111191307,Silvia Fareri (femmina); Giovanni Solinas (maschio)
http://www.wikidata.org/entity/Q111244430,Armanda Cetrulo (femmina)
http://www.wikidata.org/entity/Q111248972,Valentina Ferri (femmina); Giuliana Tesauro (femmina)
http://www.wikidata.org/entity/Q111283250,Giovanna Di Castro (femmina)
http://www.wikidata.org/entity/Q111333860,Valeria Iadevaia (femmina); Massimo Resce (maschio)
http://www.wikidata.org/entity/Q111339952,Irene Brunetti (femmina)
http://www.wikidata.org/entity/Q111340032,Monya Ferritti (femmina)
http://www.wikidata.org/entity/Q111395751,Angelica Cremascoli (femmina)
http://www.wikidata.org/entity/Q111395762,Giulia Rossi (femmina)
http://www.wikidata.org/entity/Q111395760,Carmen Caligiuri (femmina)
http://www.wikidata.org/entity/Q111431564,Anna Vanzetti (femmina)
http://www.wikidata.org/entity/Q111576588,Priscila Lauande Rodrigues (femmina); Massimo De Minicis (maschio)
http://www.wikidata.org/entity/Q111577180,Shahin Manafi Varkiani (femmina); Mihaela Chelaru (femmina)
http://www.wikidata.org/entity/Q111577447,Angela Martini (femmina)
http://www.wikidata.org/entity/Q111596675,Chiara Sacco (femmina); Patrizia Falzetti (femmina)
http://www.wikidata.org/entity/Q111747697,Michela Garda (femmina)
http://www.wikidata.org/entity/Q111747741,Michela Garda (femmina)
http://www.wikidata.org/entity/Q111963092,Giovanna Filosa (femmina); Maria Parente (femmina)
http://www.wikidata.org/entity/Q112116478,Michela Giovannelli (femmina); Davide Nugnes (maschio)
http://www.wikidata.org/entity/Q112651011,Armida Salvati (femmina)
http://www.wikidata.org/entity/Q112672921,Giovannina Assunta Giuliano (femmina); Cristiana Ranieri (femmina); Matteo D'Emilione (maschio)
http://www.wikidata.org/entity/Q112673120,Antonella Meo (femmina); Enrica Morlicchio (femmina); Sandro Busso (maschio)
http://www.wikidata.org/entity/Q112913735,Simona Tenaglia (femmina)
http://www.wikidata.org/entity/Q113101741,Serena Quarta (femmina); Caterina Cortese (femmina); Sabina Licursi (femmina); Roberta Pascucci (femmina); Gianfranco Zucca (maschio)
http://www.wikidata.org/entity/Q113101849,Giovannina Assunta Giuliano (femmina); Marina De Angelis (femmina); Matteo D'Emilione (maschio); Matteo Luppi (maschio)
http://www.wikidata.org/entity/Q113148888,Katalin Németh (femmina); Péter Kiszl (maschio); Máté János Bibor (maschio)
http://www.wikidata.org/entity/Q113333289,Valentina Gualtieri (femmina); Tiziana Canal (femmina)
http://www.wikidata.org/entity/Q113334524,Valentina Gualtieri (femmina); Marco Centra (maschio)
http://www.wikidata.org/entity/Q113376157,Giovanna Di Castro (femmina)
http://www.wikidata.org/entity/Q113435090,Valentina Ferri (femmina); Giuliana Tesauro (femmina)
http://www.wikidata.org/entity/Q113436725,Mita Marra (femmina)
http://www.wikidata.org/entity/Q113436974,Valentina Gualtieri (femmina); Marco Centra (maschio)
http://www.wikidata.org/entity/Q113470106,Valentina Ferri (femmina)
http://www.wikidata.org/entity/Q113485018,Michela Giovannelli (femmina); Davide Nugnes (maschio)
http://www.wikidata.org/entity/Q119137591,Irene Brunetti (femmina); Andrea Ricci (maschio)
http://www.wikidata.org/entity/Q126361432,Maria Parente (femmina); Alessandra Cornice (femmina)
http://www.wikidata.org/entity/Q126372153,Irene Brunetti (femmina); Andrea Ricci (maschio)
http://www.wikidata.org/entity/Q130477850,Tiziana Canal (femmina); Matteo Luppi (maschio); Giorgio Gosetti (maschio)
http://www.wikidata.org/entity/Q131389375,Linda Borean (femmina)
http://www.wikidata.org/entity/Q131429348,Elisa Tosi Brandi (femmina)
http://www.wikidata.org/entity/Q131925643,Maria Parente (femmina)
http://www.wikidata.org/entity/Q135181110,Giovanna Filosa (femmina)
http://www.wikidata.org/entity/Q135399271,Marina Giannetto (femmina)
http://www.wikidata.org/entity/Q135432514,Domenica Porcaro Massafra (femmina)
http://www.wikidata.org/entity/Q136666002,Valentina Ferri (femmina)
http://www.wikidata.org/entity/Q136666236,Irene Brunetti (femmina); Andrea Ricci (maschio)
http://www.wikidata.org/entity/Q59265392,Stefano Passerini (maschio)
http://www.wikidata.org/entity/Q103919348,Fausto Rosa (maschio)
http://www.wikidata.org/entity/Q110386771,Vinícios Souza de Menezes (maschio)
http://www.wikidata.org/entity/Q111248680,Massimo De Minicis (maschio)
http://www.wikidata.org/entity/Q111317641,Emiliano Mandrone (maschio)
http://www.wikidata.org/entity/Q111395765,Alberto Del Fabbro (maschio)
http://www.wikidata.org/entity/Q111431576,Alessandro Bollo (maschio)
http://www.wikidata.org/entity/Q111577696,Emmanuele Crispolti (maschio); Andrea Carlini (maschio)
http://www.wikidata.org/entity/Q111582491,Leone Porciani (maschio)
http://www.wikidata.org/entity/Q111582712,Leone Porciani (maschio)
http://www.wikidata.org/entity/Q111658930,Achille Pierre Paliotta (maschio)
http://www.wikidata.org/entity/Q111673977,Gian Guido Nobili (maschio)
http://www.wikidata.org/entity/Q111758777,Massimiliano Guido (maschio)
http://www.wikidata.org/entity/Q111758893,Massimiliano Guido (maschio)
http://www.wikidata.org/entity/Q111963613,Dávid Martinák (maschio)
http://www.wikidata.org/entity/Q112072975,Paolo Feltrin (maschio)
http://www.wikidata.org/entity/Q112073050,Pierluigi Mastrogiuseppe (maschio); Valerio Talamo (maschio)
http://www.wikidata.org/entity/Q112652180,Enrico Rettore (maschio)
http://www.wikidata.org/entity/Q112673173,Gianluca Busilacchi (maschio)
http://www.wikidata.org/entity/Q112913794,Saverio Lovergine (maschio)
http://www.wikidata.org/entity/Q113331815,Emiliano Mandrone (maschio)
http://www.wikidata.org/entity/Q113374946,Roberto Spagnuolo (maschio)
http://www.wikidata.org/entity/Q113383218,Achille Pierre Paliotta (maschio); Saverio Lovergine (maschio)
http://www.wikidata.org/entity/Q113435137,Andrea Ricci (maschio)
http://www.wikidata.org/entity/Q113470152,Andrea Ricci (maschio); Claudia Vittori (femmina)
http://www.wikidata.org/entity/Q116444210,Oscar Nalesini (maschio)
http://www.wikidata.org/entity/Q117034594,Emiliano Mandrone (maschio)
http://www.wikidata.org/entity/Q124619281,Fortunato Musella (maschio); Valentina Reda (femmina)
http://www.wikidata.org/entity/Q126372598,Massimo De Minicis (maschio); Emanuele Nebbia Colomba (maschio)
http://www.wikidata.org/entity/Q128591413,Alessandro Scarsella (maschio)
http://www.wikidata.org/entity/Q130529432,Massimo De Minicis (maschio); Andrea Ciarini (maschio)
http://www.wikidata.org/entity/Q131919105,Calogero Farinella (maschio)
http://www.wikidata.org/entity/Q132127027,Massimo Rolle (maschio)
http://www.wikidata.org/entity/Q132127041,Massimo Rolle (maschio)
http://www.wikidata.org/entity/Q132127110,Massimo Rolle (maschio)
http://www.wikidata.org/entity/Q132127212,Massimo Rolle (maschio)
http://www.wikidata.org/entity/Q132127224,Massimo Rolle (maschio)
http://www.wikidata.org/entity/Q132130690,Massimo Rolle (maschio)
http://www.wikidata.org/entity/Q135181072,Paolo Quercia (maschio); Federico Sacchi (maschio)
http://www.wikidata.org/entity/Q136658092,Saverio Lovergine (maschio)
http://www.wikidata.org/entity/Q109854434,Valentina Rossi (femmina)
http://www.wikidata.org/entity/Q109854621,Valentina Rossi (femmina)
http://www.wikidata.org/entity/Q109854634,Valentina Rossi (femmina)
http://www.wikidata.org/entity/Q109854701,Sara Martin (femmina)
http://www.wikidata.org/entity/Q112672997,Anna Elisa Carbone (femmina)
http://www.wikidata.org/entity/Q113101914,Alessandra Cornice (femmina)
http://www.wikidata.org/entity/Q113148891,Francesca Aiello (femmina)
http://www.wikidata.org/entity/Q113375815,Anna Elisa Carbone (femmina)
http://www.wikidata.org/entity/Q113376086,Rita Porcelli (femmina); Riccardo Mazzarella (maschio); Francesco Mallardi (maschio)
http://www.wikidata.org/entity/Q113382868,Lucilla Di Rico (femmina); Antonietta Maiorano (femmina); Cristina Lolli (femmina)
http://www.wikidata.org/entity/Q113383097,Maria Grazia Mereu (femmina); Massimiliano Frasceschetti (maschio)
http://www.wikidata.org/entity/Q113383238,Paola Paniccio (femmina); Francesca Carta (femmina)
http://www.wikidata.org/entity/Q113383318,Viviana Ruggeri (femmina); Francesca Spitilli (femmina); Giulia Governatori (femmina)
http://www.wikidata.org/entity/Q113435232,Rosaria Lumino (femmina)
http://www.wikidata.org/entity/Q113436807,Giustina Orientale Caputo (femmina); Giuseppe Gargiulo (maschio)
http://www.wikidata.org/entity/Q116444205,Elisa Bianchi (femmina)
http://www.wikidata.org/entity/Q116444209,Elena Gonnelli (femmina)
http://www.wikidata.org/entity/Q116444214,Giulia Cardoni (femmina); Francesca Fabbri (femmina); Alessandro Iannucci (maschio)
http://www.wikidata.org/entity/Q116444212,Maddalena Valacchi (femmina)
http://www.wikidata.org/entity/Q119133062,Lia Pacelli (femmina); Marianna Filandri (femmina); Francesco Trentini (maschio)
http://www.wikidata.org/entity/Q119496386,Maria Arminda Damus (femmina)
http://www.wikidata.org/entity/Q119496393,Caterina Licul (femmina)
http://www.wikidata.org/entity/Q123172724,Caterina Manicardi (femmina)
http://www.wikidata.org/entity/Q123925883,Sara Pretto (femmina)
http://www.wikidata.org/entity/Q123925891,Erika Elia (femmina)
http://www.wikidata.org/entity/Q123925892,Maria Chiara Milighetti (femmina)
http://www.wikidata.org/entity/Q123925893,Elisabetta Capobianco (femmina); Giada Depoli (femmina); Silvia Dessì (femmina); Margherita Robecchi (femmina); Rossana Di Feo (femmina); Silvia Taschetta (femmina); Salvatore De Vita (maschio)
http://www.wikidata.org/entity/Q123934448,Lucrezia Signorello (femmina)
http://www.wikidata.org/entity/Q127691542,Sara Manali (femmina)
http://www.wikidata.org/entity/Q131389397,Nicoletta Campus (femmina)
http://www.wikidata.org/entity/Q131919250,Ilaria Gasperi (femmina)
http://www.wikidata.org/entity/Q131986883,Elisa Giunchi (femmina)
http://www.wikidata.org/entity/Q136723350,Francesca Di Castro (femmina)
http://www.wikidata.org/entity/Q137324314,Ilaria Gasperi (femmina)
http://www.wikidata.org/entity/Q117033064,Carlo La Rotonda (maschio); Ilario Alvino (maschio)
http://www.wikidata.org/entity/Q123173029,Leonello Tronti (maschio)
http://www.wikidata.org/entity/Q126034721,Ernesto Bellezza (maschio)
http://www.wikidata.org/entity/Q131542502,Everardo Minardi (maschio)
http://www.wikidata.org/entity/Q133256793,Ernesto Bellezza (maschio)
http://www.wikidata.org/entity/Q137015830,Fabio Mercanti (maschio)
http://www.wikidata.org/entity/Q109854306,Paolo Sacchini (maschio)
http://www.wikidata.org/entity/Q109854449,Giovanni Bianchi (maschio)
http://www.wikidata.org/entity/Q109854488,Roberto Pinto (maschio)
http://www.wikidata.org/entity/Q109854588,Gianpaolo Angelini (maschio)
http://www.wikidata.org/entity/Q109854607,Roberto Pinto (maschio)
http://www.wikidata.org/entity/Q109854625,Davide Colombo (maschio)
http://www.wikidata.org/entity/Q112116606,Pasquale Monda (maschio)
http://www.wikidata.org/entity/Q113101630,Raffaele Marzo (maschio)
http://www.wikidata.org/entity/Q113437122,Michele Faioli (maschio)
http://www.wikidata.org/entity/Q113469465,Matteo Richiardi (maschio)
http://www.wikidata.org/entity/Q113485151,Paolo Pascucci (maschio); Angelo Delogu (maschio)
http://www.wikidata.org/entity/Q113485313,Marco Esposito (maschio)
http://www.wikidata.org/entity/Q113643582,Roberto Cornelli (maschio)
http://www.wikidata.org/entity/Q116282238,Davide Rolleri (maschio)
http://www.wikidata.org/entity/Q116444217,Lucio Gambetti (maschio)
http://www.wikidata.org/entity/Q117033227,Marco Augliera (maschio)
http://www.wikidata.org/entity/Q118814003,Roberto Schiattarella (maschio)
http://www.wikidata.org/entity/Q123925886,Lorenzo Sergi (maschio)
http://www.wikidata.org/entity/Q123925887,Paolo Marenghi (maschio)
http://www.wikidata.org/entity/Q130427991,Giorgio Pietrocola (maschio)
http://www.wikidata.org/entity/Q130429194,Giorgio Pietrocola (maschio)
http://www.wikidata.org/entity/Q130472961,Giorgio Pietrocola (maschio)
http://www.wikidata.org/entity/Q130473043,Giorgio Pietrocola (maschio)
http://www.wikidata.org/entity/Q131429351,Lorenzo Declich (maschio)
http://www.wikidata.org/entity/Q133256774,Roberto Beccaria (maschio)
http://www.wikidata.org/entity/Q134963419,Corrado Bonifazi (maschio)
http://www.wikidata.org/entity/Q135165055,Giorgio Pietrocola (maschio)
http://www.wikidata.org/entity/Q136658604,Giorgio Gosetti (maschio)
http://www.wikidata.org/entity/Q36484126,Annapaola Boy (femmina)
http://www.wikidata.org/entity/Q36484132,Anna Maria Carusi (femmina)
http://www.wikidata.org/entity/Q36484157,Duilia Martellucci (femmina)
http://www.wikidata.org/entity/Q36484160,Fulvia Sirocco (femmina)
http://www.wikidata.org/entity/Q36484165,Alda Sittoni (femmina)
http://www.wikidata.org/entity/Q36484182,Marisa Rocca (femmina)
http://www.wikidata.org/entity/Q124621840,Giusi Miccoli (femmina)
http://www.wikidata.org/entity/Q126181037,Franca Sira Sulas (femmina); Maria Luisa Boero (femmina)
http://www.wikidata.org/entity/Q126362005,Dorothea Pozzato (femmina)
http://www.wikidata.org/entity/Q127691545,Silvia Tripodi (femmina)
http://www.wikidata.org/entity/Q127691549,Manuela Parrilli (femmina)
http://www.wikidata.org/entity/Q128694070,Maria Rosa Filippone (femmina)
http://www.wikidata.org/entity/Q128694069,Maria Rosa Filippone (femmina)
http://www.wikidata.org/entity/Q131429347,Daniela Fugaro (femmina)
http://www.wikidata.org/entity/Q131429350,Erika Guadagnin (femmina); Federico Cesareo (maschio)
http://www.wikidata.org/entity/Q131429349,Saveria Rito (femmina)
http://www.wikidata.org/entity/Q131429353,Irene Piazzoni (femmina)
http://www.wikidata.org/entity/Q131606824,Maria Rita Macchi (femmina)
http://www.wikidata.org/entity/Q131682430,Marcella Previti (femmina)
http://www.wikidata.org/entity/Q131931065,Loretta Marchi (femmina)
http://www.wikidata.org/entity/Q132168073,Nicoletta Pavia (femmina)
http://www.wikidata.org/entity/Q132540602,Elisabetta Papone (femmina)
http://www.wikidata.org/entity/Q134875686,Orietta Leone (femmina)
http://www.wikidata.org/entity/Q134887636,Selene Ballerini (femmina)
http://www.wikidata.org/entity/Q134889535,Anna Bucciarelli (femmina)
http://www.wikidata.org/entity/Q134963409,Anna Maria Battisti (femmina)
http://www.wikidata.org/entity/Q135181011,Giorgia Marinuzzi (femmina); Walter Tortorella (maschio)
http://www.wikidata.org/entity/Q135233359,Loretta Marchi (femmina)
http://www.wikidata.org/entity/Q136184307,Andreina Delvecchio (femmina); Paola Casciuolo (femmina)
http://www.wikidata.org/entity/Q136384392,Laura Panzeri (femmina)
http://www.wikidata.org/entity/Q136540024,Rosella Biavati (femmina)
http://www.wikidata.org/entity/Q136593329,Ornella  Volpato (femmina); Alessia D'Amato (femmina); Andrea Brugiolo (maschio)
http://www.wikidata.org/entity/Q136593412,Silvia Cantaluppi (femmina)
http://www.wikidata.org/entity/Q136665118,Luciana D'Antone (femmina)
http://www.wikidata.org/entity/Q136669593,Mariangela Garaventa Merli (femmina)
http://www.wikidata.org/entity/Q136669602,Maria Cecilia Ghetti (femmina)
http://www.wikidata.org/entity/Q136760027,Mavis Toffoletto (femmina)
http://www.wikidata.org/entity/Q137195917,Mara Becco (femmina)
http://www.wikidata.org/entity/Q137393272,Miranda Sacchi (femmina)
http://www.wikidata.org/entity/Q36484095,Antonio Pasculli (maschio)
http://www.wikidata.org/entity/Q36484137,Demetrio R. Cichi (maschio)
http://www.wikidata.org/entity/Q36484173,Giampaolo Zappa (maschio)
http://www.wikidata.org/entity/Q36484194,Giorgio Bignami (maschio)
http://www.wikidata.org/entity/Q36484198,Alessandro Cunego (maschio)
http://www.wikidata.org/entity/Q124619337,Sauro Angeletti (maschio)
http://www.wikidata.org/entity/Q126372110,Maurizio Artero (maschio)
http://www.wikidata.org/entity/Q127691541,Salvatore Leopaldi (maschio)
http://www.wikidata.org/entity/Q128694022,Sebastiano Amande (maschio)
http://www.wikidata.org/entity/Q129813340,Sebastiano Amande (maschio)
http://www.wikidata.org/entity/Q129813537,Sebastiano Amande (maschio)
http://www.wikidata.org/entity/Q129817115,Sebastiano Amande (maschio)
http://www.wikidata.org/entity/Q130292560,Giuseppe Grassano (maschio)
http://www.wikidata.org/entity/Q130401900,Pasquale Pizzini (maschio)
http://www.wikidata.org/entity/Q130401947,Gian Albino Ravalli Modoni (maschio)
http://www.wikidata.org/entity/Q130638618,Ruben Sabbadini (maschio)
http://www.wikidata.org/entity/Q130650495,Ruben Sabbadini (maschio)
http://www.wikidata.org/entity/Q130655979,Ruben Sabbadini (maschio)
http://www.wikidata.org/entity/Q130680698,Ruben Sabbadini (maschio)
http://www.wikidata.org/entity/Q131437313,Sebastiano Amande (maschio)
http://www.wikidata.org/entity/Q131437355,Sebastiano Amande (maschio)
http://www.wikidata.org/entity/Q131438401,Sebastiano Amande (maschio)
http://www.wikidata.org/entity/Q131626777,Michele Menna (maschio)
http://www.wikidata.org/entity/Q131682115,Roberto Montali (maschio)
http://www.wikidata.org/entity/Q131931058,Paolo Malpezzi (maschio)
http://www.wikidata.org/entity/Q133263063,Walter Scancarello (maschio)
http://www.wikidata.org/entity/Q134822033,Paolo Barabanti (maschio)
http://www.wikidata.org/entity/Q134822634,Corrado Polli (maschio); Oliviero Casacchia (maschio)
http://www.wikidata.org/entity/Q134889955,Iacopo Gori (maschio)
http://www.wikidata.org/entity/Q135102878,Marco Daniele Limongelli (maschio)
http://www.wikidata.org/entity/Q135102880,Alberto Landi (maschio)
http://www.wikidata.org/entity/Q135103335,Mario Franceschini (maschio)
http://www.wikidata.org/entity/Q135178782,Giuliano Barbolini (maschio)
http://www.wikidata.org/entity/Q135233466,Francesco Nardi (maschio)
http://www.wikidata.org/entity/Q135267376,Mikis Pensato (maschio)
http://www.wikidata.org/entity/Q135267481,Francesco   Gallea (maschio)
http://www.wikidata.org/entity/Q135271036,Sebastiano Amande (maschio)
http://www.wikidata.org/entity/Q135336054,Francesco Battistini (maschio)
http://www.wikidata.org/entity/Q135435961,Michael Dowling (maschio)
http://www.wikidata.org/entity/Q135494039,Marco Castiglia (maschio)
http://www.wikidata.org/entity/Q136456633,Demetrio R. Cichi (maschio)
http://www.wikidata.org/entity/Q136666494,
http://www.wikidata.org/entity/Q136716018,Francesco Gennai (maschio)
http://www.wikidata.org/entity/Q136760229,Maurizio Bisciotti (maschio)
http://www.wikidata.org/entity/Q103899607,
http://www.wikidata.org/entity/Q103915824,
http://www.wikidata.org/entity/Q117448475,
http://www.wikidata.org/entity/Q117455597,
http://www.wikidata.org/entity/Q119496392,
http://www.wikidata.org/entity/Q127691540,
http://www.wikidata.org/entity/Q131606988,
http://www.wikidata.org/entity/Q131781759,
http://www.wikidata.org/entity/Q131781771,
http://www.wikidata.org/entity/Q131781800,
http://www.wikidata.org/entity/Q131919303,
http://www.wikidata.org/entity/Q33144512,
http://www.wikidata.org/entity/Q33144721,
http://www.wikidata.org/entity/Q36464134,
http://www.wikidata.org/entity/Q36464142,
http://www.wikidata.org/entity/Q36464146,
http://www.wikidata.org/entity/Q36484169,
http://www.wikidata.org/entity/Q36484177,
http://www.wikidata.org/entity/Q59388181,
http://www.wikidata.org/entity/Q61056650,
http://www.wikidata.org/entity/Q61057042,
http://www.wikidata.org/entity/Q61776076,
http://www.wikidata.org/entity/Q61776080,
http://www.wikidata.org/entity/Q61776462,
http://www.wikidata.org/entity/Q61776467,
http://www.wikidata.org/entity/Q61776464,
http://www.wikidata.org/entity/Q61776468,
http://www.wikidata.org/entity/Q61776469,
http://www.wikidata.org/entity/Q62579849,
http://www.wikidata.org/entity/Q69776340,
http://www.wikidata.org/entity/Q69776436,
http://www.wikidata.org/entity/Q69776444,
http://www.wikidata.org/entity/Q69776453,
http://www.wikidata.org/entity/Q78577731,
http://www.wikidata.org/entity/Q95997038,
http://www.wikidata.org/entity/Q95997039,
http://www.wikidata.org/entity/Q95997044,
http://www.wikidata.org/entity/Q95997054,
http://www.wikidata.org/entity/Q95997062,
http://www.wikidata.org/entity/Q95997060,
http://www.wikidata.org/entity/Q95997061,
http://www.wikidata.org/entity/Q95997066,
http://www.wikidata.org/entity/Q95997067,
http://www.wikidata.org/entity/Q95997073,
http://www.wikidata.org/entity/Q95997079,
http://www.wikidata.org/entity/Q95997076,
http://www.wikidata.org/entity/Q95997077,
http://www.wikidata.org/entity/Q95997082,
http://www.wikidata.org/entity/Q95997081,
http://www.wikidata.org/entity/Q95997084,
http://www.wikidata.org/entity/Q95997102,
http://www.wikidata.org/entity/Q95997103,
http://www.wikidata.org/entity/Q95997101,
http://www.wikidata.org/entity/Q99573989,
http://www.wikidata.org/entity/Q99639341,
http://www.wikidata.org/entity/Q99653413,
http://www.wikidata.org/entity/Q99654817,
http://www.wikidata.org/entity/Q99661235,
http://www.wikidata.org/entity/Q99860432,
http://www.wikidata.org/entity/Q99860449,
http://www.wikidata.org/entity/Q99860482,
http://www.wikidata.org/entity/Q99860487,
http://www.wikidata.org/entity/Q101086004,
http://www.wikidata.org/entity/Q102392002,
http://www.wikidata.org/entity/Q102392363,
http://www.wikidata.org/entity/Q102392806,
http://www.wikidata.org/entity/Q102393180,
http://www.wikidata.org/entity/Q102393947,
http://www.wikidata.org/entity/Q102393996,
http://www.wikidata.org/entity/Q102808536,
http://www.wikidata.org/entity/Q102810332,
http://www.wikidata.org/entity/Q102821767,
http://www.wikidata.org/entity/Q102822617,
http://www.wikidata.org/entity/Q102822746,
http://www.wikidata.org/entity/Q102823167,
http://www.wikidata.org/entity/Q102823781,
http://www.wikidata.org/entity/Q103918178,
http://www.wikidata.org/entity/Q103918368,
http://www.wikidata.org/entity/Q104057358,
http://www.wikidata.org/entity/Q104150702,
http://www.wikidata.org/entity/Q104150703,
http://www.wikidata.org/entity/Q104213403,
http://www.wikidata.org/entity/Q104213404,
http://www.wikidata.org/entity/Q104250752,
http://www.wikidata.org/entity/Q104250756,
http://www.wikidata.org/entity/Q104250763,
http://www.wikidata.org/entity/Q104250761,
http://www.wikidata.org/entity/Q104250766,
http://www.wikidata.org/entity/Q104250768,
http://www.wikidata.org/entity/Q104250769,
http://www.wikidata.org/entity/Q104250775,
http://www.wikidata.org/entity/Q104250772,
http://www.wikidata.org/entity/Q104250778,
http://www.wikidata.org/entity/Q104250781,
http://www.wikidata.org/entity/Q104250786,
http://www.wikidata.org/entity/Q104250784,
http://www.wikidata.org/entity/Q104250795,
http://www.wikidata.org/entity/Q104250793,
http://www.wikidata.org/entity/Q104250798,
http://www.wikidata.org/entity/Q104381859,
http://www.wikidata.org/entity/Q104381886,
http://www.wikidata.org/entity/Q104381887,
http://www.wikidata.org/entity/Q104381885,
http://www.wikidata.org/entity/Q104381890,
http://www.wikidata.org/entity/Q104381891,
http://www.wikidata.org/entity/Q104381888,
http://www.wikidata.org/entity/Q104381889,
http://www.wikidata.org/entity/Q104381894,
http://www.wikidata.org/entity/Q104381895,
http://www.wikidata.org/entity/Q104381892,
http://www.wikidata.org/entity/Q104381893,
http://www.wikidata.org/entity/Q104381899,
http://www.wikidata.org/entity/Q104381896,
http://www.wikidata.org/entity/Q104381897,
http://www.wikidata.org/entity/Q104381902,
http://www.wikidata.org/entity/Q104381903,
http://www.wikidata.org/entity/Q104381900,
http://www.wikidata.org/entity/Q104381901,
http://www.wikidata.org/entity/Q104381904,
http://www.wikidata.org/entity/Q104381905,
http://www.wikidata.org/entity/Q104382459,
http://www.wikidata.org/entity/Q104382457,
http://www.wikidata.org/entity/Q104382462,
http://www.wikidata.org/entity/Q104382463,
http://www.wikidata.org/entity/Q104382460,
http://www.wikidata.org/entity/Q104382466,
http://www.wikidata.org/entity/Q104382467,
http://www.wikidata.org/entity/Q104382464,
http://www.wikidata.org/entity/Q104382465,
http://www.wikidata.org/entity/Q104382471,
http://www.wikidata.org/entity/Q104382468,
http://www.wikidata.org/entity/Q104382469,
http://www.wikidata.org/entity/Q104382475,
http://www.wikidata.org/entity/Q104382472,
http://www.wikidata.org/entity/Q104382473,
http://www.wikidata.org/entity/Q109854445,
http://www.wikidata.org/entity/Q109854448,
http://www.wikidata.org/entity/Q109854461,
http://www.wikidata.org/entity/Q109854495,
http://www.wikidata.org/entity/Q109854565,
http://www.wikidata.org/entity/Q109854570,
http://www.wikidata.org/entity/Q109854629,
http://www.wikidata.org/entity/Q111578756,
http://www.wikidata.org/entity/Q111578802,
http://www.wikidata.org/entity/Q111578810,
http://www.wikidata.org/entity/Q111578825,
http://www.wikidata.org/entity/Q111578864,
http://www.wikidata.org/entity/Q111578928,
http://www.wikidata.org/entity/Q111579071,
http://www.wikidata.org/entity/Q111579162,
http://www.wikidata.org/entity/Q111579187,
http://www.wikidata.org/entity/Q111579339,
http://www.wikidata.org/entity/Q111601392,
http://www.wikidata.org/entity/Q111601398,
http://www.wikidata.org/entity/Q111601399,
http://www.wikidata.org/entity/Q111601396,
http://www.wikidata.org/entity/Q111601397,
http://www.wikidata.org/entity/Q111601402,
http://www.wikidata.org/entity/Q111601401,
http://www.wikidata.org/entity/Q111601404,
http://www.wikidata.org/entity/Q111601410,
http://www.wikidata.org/entity/Q111601411,
http://www.wikidata.org/entity/Q111601414,
http://www.wikidata.org/entity/Q111601413,
http://www.wikidata.org/entity/Q111601423,
http://www.wikidata.org/entity/Q111602343,
http://www.wikidata.org/entity/Q111602340,
http://www.wikidata.org/entity/Q111602345,
http://www.wikidata.org/entity/Q111602351,
http://www.wikidata.org/entity/Q111602354,
http://www.wikidata.org/entity/Q111602353,
http://www.wikidata.org/entity/Q111602358,
http://www.wikidata.org/entity/Q111602359,
http://www.wikidata.org/entity/Q111602356,
http://www.wikidata.org/entity/Q111602357,
http://www.wikidata.org/entity/Q111602362,
http://www.wikidata.org/entity/Q111602363,
http://www.wikidata.org/entity/Q111602361,
http://www.wikidata.org/entity/Q111602366,
http://www.wikidata.org/entity/Q111602367,
http://www.wikidata.org/entity/Q111602364,
http://www.wikidata.org/entity/Q111602365,
http://www.wikidata.org/entity/Q111602370,
http://www.wikidata.org/entity/Q111602371,
http://www.wikidata.org/entity/Q111602368,
http://www.wikidata.org/entity/Q111602369,
http://www.wikidata.org/entity/Q111602374,
http://www.wikidata.org/entity/Q111602375,
http://www.wikidata.org/entity/Q111602372,
http://www.wikidata.org/entity/Q111602373,
http://www.wikidata.org/entity/Q111602379,
http://www.wikidata.org/entity/Q111602376,
http://www.wikidata.org/entity/Q111602377,
http://www.wikidata.org/entity/Q111602382,
http://www.wikidata.org/entity/Q111602380,
http://www.wikidata.org/entity/Q111602381,
http://www.wikidata.org/entity/Q111602386,
http://www.wikidata.org/entity/Q111602387,
http://www.wikidata.org/entity/Q111602384,
http://www.wikidata.org/entity/Q111602385,
http://www.wikidata.org/entity/Q111602391,
http://www.wikidata.org/entity/Q111602388,
http://www.wikidata.org/entity/Q111602389,
http://www.wikidata.org/entity/Q111602394,
http://www.wikidata.org/entity/Q111602395,
http://www.wikidata.org/entity/Q111602392,
http://www.wikidata.org/entity/Q111602393,
http://www.wikidata.org/entity/Q111602398,
http://www.wikidata.org/entity/Q111602399,
http://www.wikidata.org/entity/Q111602396,
http://www.wikidata.org/entity/Q111602397,
http://www.wikidata.org/entity/Q111602402,
http://www.wikidata.org/entity/Q111602403,
http://www.wikidata.org/entity/Q111602400,
http://www.wikidata.org/entity/Q111602401,
http://www.wikidata.org/entity/Q111602407,
http://www.wikidata.org/entity/Q111602404,
http://www.wikidata.org/entity/Q111602405,
http://www.wikidata.org/entity/Q111602411,
http://www.wikidata.org/entity/Q111602408,
http://www.wikidata.org/entity/Q111602414,
http://www.wikidata.org/entity/Q111602418,
http://www.wikidata.org/entity/Q111602419,
http://www.wikidata.org/entity/Q111602423,
http://www.wikidata.org/entity/Q111602421,
http://www.wikidata.org/entity/Q111602426,
http://www.wikidata.org/entity/Q111602427,
http://www.wikidata.org/entity/Q111602424,
http://www.wikidata.org/entity/Q111602425,
http://www.wikidata.org/entity/Q111602430,
http://www.wikidata.org/entity/Q111602431,
http://www.wikidata.org/entity/Q111602429,
http://www.wikidata.org/entity/Q111602434,
http://www.wikidata.org/entity/Q111602435,
http://www.wikidata.org/entity/Q111602439,
http://www.wikidata.org/entity/Q111602436,
http://www.wikidata.org/entity/Q111602442,
http://www.wikidata.org/entity/Q111602443,
http://www.wikidata.org/entity/Q111602441,
http://www.wikidata.org/entity/Q111602445,
http://www.wikidata.org/entity/Q111602450,
http://www.wikidata.org/entity/Q111602451,
http://www.wikidata.org/entity/Q111602448,
http://www.wikidata.org/entity/Q111602449,
http://www.wikidata.org/entity/Q111602454,
http://www.wikidata.org/entity/Q111602455,
http://www.wikidata.org/entity/Q111602452,
http://www.wikidata.org/entity/Q111602453,
http://www.wikidata.org/entity/Q111602458,
http://www.wikidata.org/entity/Q111602456,
http://www.wikidata.org/entity/Q111602457,
http://www.wikidata.org/entity/Q111602462,
http://www.wikidata.org/entity/Q111602460,
http://www.wikidata.org/entity/Q111602461,
http://www.wikidata.org/entity/Q111602466,
http://www.wikidata.org/entity/Q111602464,
http://www.wikidata.org/entity/Q111602465,
http://www.wikidata.org/entity/Q111602470,
http://www.wikidata.org/entity/Q111602468,
http://www.wikidata.org/entity/Q111602474,
http://www.wikidata.org/entity/Q111602475,
http://www.wikidata.org/entity/Q111602472,
http://www.wikidata.org/entity/Q111602473,
http://www.wikidata.org/entity/Q111602477,
http://www.wikidata.org/entity/Q113148893,
http://www.wikidata.org/entity/Q113148906,
http://www.wikidata.org/entity/Q113201278,
http://www.wikidata.org/entity/Q114773208,
http://www.wikidata.org/entity/Q115533638,
http://www.wikidata.org/entity/Q115534269,
http://www.wikidata.org/entity/Q115534356,
http://www.wikidata.org/entity/Q115534903,
http://www.wikidata.org/entity/Q115534992,
http://www.wikidata.org/entity/Q115535068,
http://www.wikidata.org/entity/Q115536188,
http://www.wikidata.org/entity/Q115536223,
http://www.wikidata.org/entity/Q117032180,
http://www.wikidata.org/entity/Q117032732,
http://www.wikidata.org/entity/Q117033440,
http://www.wikidata.org/entity/Q117034524,
http://www.wikidata.org/entity/Q117428678,
http://www.wikidata.org/entity/Q117447504,
http://www.wikidata.org/entity/Q117447505,
http://www.wikidata.org/entity/Q117447582,
http://www.wikidata.org/entity/Q117448473,
http://www.wikidata.org/entity/Q117455601,
http://www.wikidata.org/entity/Q117455605,
http://www.wikidata.org/entity/Q118971301,
http://www.wikidata.org/entity/Q119138814,
http://www.wikidata.org/entity/Q121298479,
http://www.wikidata.org/entity/Q121299313,
http://www.wikidata.org/entity/Q122049779,
http://www.wikidata.org/entity/Q122049776,
http://www.wikidata.org/entity/Q122049777,
http://www.wikidata.org/entity/Q122049784,
http://www.wikidata.org/entity/Q122049785,
http://www.wikidata.org/entity/Q122049794,
http://www.wikidata.org/entity/Q122049798,
http://www.wikidata.org/entity/Q122049796,
http://www.wikidata.org/entity/Q122049806,
http://www.wikidata.org/entity/Q122049817,
http://www.wikidata.org/entity/Q122049868,
http://www.wikidata.org/entity/Q122049874,
http://www.wikidata.org/entity/Q122049876,
http://www.wikidata.org/entity/Q122049880,
http://www.wikidata.org/entity/Q122049898,
http://www.wikidata.org/entity/Q122049914,
http://www.wikidata.org/entity/Q122049924,
http://www.wikidata.org/entity/Q122050002,
http://www.wikidata.org/entity/Q122050109,
http://www.wikidata.org/entity/Q122050183,
http://www.wikidata.org/entity/Q122050186,
http://www.wikidata.org/entity/Q122050223,
http://www.wikidata.org/entity/Q122050221,
http://www.wikidata.org/entity/Q122050236,
http://www.wikidata.org/entity/Q122050246,
http://www.wikidata.org/entity/Q122050247,
http://www.wikidata.org/entity/Q122050244,
http://www.wikidata.org/entity/Q122050252,
http://www.wikidata.org/entity/Q122050293,
http://www.wikidata.org/entity/Q122050308,
http://www.wikidata.org/entity/Q122050335,
http://www.wikidata.org/entity/Q122828583,
http://www.wikidata.org/entity/Q123179841,
http://www.wikidata.org/entity/Q123180026,
http://www.wikidata.org/entity/Q123180254,
http://www.wikidata.org/entity/Q123180300,
http://www.wikidata.org/entity/Q123180417,
http://www.wikidata.org/entity/Q123180448,
http://www.wikidata.org/entity/Q124621865,
http://www.wikidata.org/entity/Q124621893,
http://www.wikidata.org/entity/Q124621904,
http://www.wikidata.org/entity/Q124621917,
http://www.wikidata.org/entity/Q124621931,
http://www.wikidata.org/entity/Q124694790,
http://www.wikidata.org/entity/Q125959522,
http://www.wikidata.org/entity/Q126310449,
http://www.wikidata.org/entity/Q126313829,
http://www.wikidata.org/entity/Q126315684,
http://www.wikidata.org/entity/Q126341263,
http://www.wikidata.org/entity/Q126342482,
http://www.wikidata.org/entity/Q126343950,
http://www.wikidata.org/entity/Q126346475,
http://www.wikidata.org/entity/Q126346523,
http://www.wikidata.org/entity/Q126348372,
http://www.wikidata.org/entity/Q126348559,
http://www.wikidata.org/entity/Q126348563,
http://www.wikidata.org/entity/Q126348561,
http://www.wikidata.org/entity/Q126348582,
http://www.wikidata.org/entity/Q126349087,
http://www.wikidata.org/entity/Q126349115,
http://www.wikidata.org/entity/Q126349181,
http://www.wikidata.org/entity/Q126349443,
http://www.wikidata.org/entity/Q126349863,
http://www.wikidata.org/entity/Q126349861,
http://www.wikidata.org/entity/Q126349864,
http://www.wikidata.org/entity/Q126349975,
http://www.wikidata.org/entity/Q126350016,
http://www.wikidata.org/entity/Q126350572,
http://www.wikidata.org/entity/Q126353288,
http://www.wikidata.org/entity/Q126353330,
http://www.wikidata.org/entity/Q126353715,
http://www.wikidata.org/entity/Q126386357,
http://www.wikidata.org/entity/Q126532186,
http://www.wikidata.org/entity/Q126899403,
http://www.wikidata.org/entity/Q127043422,
http://www.wikidata.org/entity/Q128305871,
http://www.wikidata.org/entity/Q128308921,
http://www.wikidata.org/entity/Q128588041,
http://www.wikidata.org/entity/Q128694073,
http://www.wikidata.org/entity/Q130362547,
http://www.wikidata.org/entity/Q130529640,
http://www.wikidata.org/entity/Q130529660,
http://www.wikidata.org/entity/Q130529702,
http://www.wikidata.org/entity/Q131502873,
http://www.wikidata.org/entity/Q131598024,
http://www.wikidata.org/entity/Q131682397,
http://www.wikidata.org/entity/Q131869976,
http://www.wikidata.org/entity/Q131920244,
http://www.wikidata.org/entity/Q131925517,
http://www.wikidata.org/entity/Q131925592,
http://www.wikidata.org/entity/Q131925629,
http://www.wikidata.org/entity/Q131925664,
http://www.wikidata.org/entity/Q131986985,
http://www.wikidata.org/entity/Q132130942,
http://www.wikidata.org/entity/Q132131051,
http://www.wikidata.org/entity/Q132167890,
http://www.wikidata.org/entity/Q132167909,
http://www.wikidata.org/entity/Q134822870,
http://www.wikidata.org/entity/Q135011215,
http://www.wikidata.org/entity/Q135011297,
http://www.wikidata.org/entity/Q135181035,
http://www.wikidata.org/entity/Q135391256,
http://www.wikidata.org/entity/Q135399934,
http://www.wikidata.org/entity/Q136384321,
http://www.wikidata.org/entity/Q136384538,
http://www.wikidata.org/entity/Q136399613,
http://www.wikidata.org/entity/Q136658118,
http://www.wikidata.org/entity/Q136658143,
http://www.wikidata.org/entity/Q136658306,
http://www.wikidata.org/entity/Q136658342,
http://www.wikidata.org/entity/Q136658554,
http://www.wikidata.org/entity/Q136665816,
http://www.wikidata.org/entity/Q136667091,
http://www.wikidata.org/entity/Q136678249,
http://www.wikidata.org/entity/Q136678881,
http://www.wikidata.org/entity/Q137015829,
http://www.wikidata.org/entity/Q137017522,
http://www.wikidata.org/entity/Q137017523,
http://www.wikidata.org/entity/Q137017524,
http://www.wikidata.org/entity/Q137104651,
