id,url_disponibili
http://www.wikidata.org/entity/Q33144512,
http://www.wikidata.org/entity/Q33144721,
http://www.wikidata.org/entity/Q36464134,
http://www.wikidata.org/entity/Q36464142,
http://www.wikidata.org/entity/Q36464146,
http://www.wikidata.org/entity/Q36484095,
http://www.wikidata.org/entity/Q36484102,
http://www.wikidata.org/entity/Q36484107,
http://www.wikidata.org/entity/Q36484116,
http://www.wikidata.org/entity/Q36484122,
http://www.wikidata.org/entity/Q36484126,
http://www.wikidata.org/entity/Q36484132,
http://www.wikidata.org/entity/Q36484137,
http://www.wikidata.org/entity/Q36484143,
http://www.wikidata.org/entity/Q36484148,
http://www.wikidata.org/entity/Q36484157,
http://www.wikidata.org/entity/Q36484160,
http://www.wikidata.org/entity/Q36484165,
http://www.wikidata.org/entity/Q36484169,
http://www.wikidata.org/entity/Q36484173,
http://www.wikidata.org/entity/Q36484177,
http://www.wikidata.org/entity/Q36484182,
http://www.wikidata.org/entity/Q36484194,
http://www.wikidata.org/entity/Q36484198,
http://www.wikidata.org/entity/Q36484219,
http://www.wikidata.org/entity/Q48625754,http://www.bibliotecheoggi.it/trends/article/view/629/696
http://www.wikidata.org/entity/Q56736038,https://aibstudi.aib.it/article/view/8597/7959; https://aibstudi.aib.it/article/view/8597/8004
http://www.wikidata.org/entity/Q57976823,https://bibliothecae.unibo.it/article/view/7703
http://www.wikidata.org/entity/Q58124093,http://journals.openedition.org/qds/302
http://www.wikidata.org/entity/Q58302558,https://bibliothecae.unibo.it/article/view/7531
http://www.wikidata.org/entity/Q58349819,https://bibliothecae.unibo.it/article/view/7700
http://www.wikidata.org/entity/Q58350077,https://bibliothecae.unibo.it/article/view/7701
http://www.wikidata.org/entity/Q58356273,https://bibliothecae.unibo.it/article/view/7738
http://www.wikidata.org/entity/Q58356286,https://bibliothecae.unibo.it/article/view/7702
http://www.wikidata.org/entity/Q58356899,https://bibliothecae.unibo.it/article/view/7737
http://www.wikidata.org/entity/Q58379186,https://bibliothecae.unibo.it/article/view/7704
http://www.wikidata.org/entity/Q58379187,https://bibliothecae.unibo.it/article/view/7705
http://www.wikidata.org/entity/Q58379188,https://bibliothecae.unibo.it/article/view/7739
http://www.wikidata.org/entity/Q58387646,https://bibliothecae.unibo.it/article/view/7706
http://www.wikidata.org/entity/Q58387647,https://bibliothecae.unibo.it/article/view/7707
http://www.wikidata.org/entity/Q58387650,https://bibliothecae.unibo.it/article/view/7747
http://www.wikidata.org/entity/Q58387648,https://bibliothecae.unibo.it/article/view/7708
http://www.wikidata.org/entity/Q58424166,https://bibliothecae.unibo.it/article/view/7741
http://www.wikidata.org/entity/Q58670918,https://bibliothecae.unibo.it/article/view/7024
http://www.wikidata.org/entity/Q58670922,https://bibliothecae.unibo.it/article/view/7025
http://www.wikidata.org/entity/Q58670923,https://bibliothecae.unibo.it/article/view/7026
http://www.wikidata.org/entity/Q58670920,https://bibliothecae.unibo.it/article/view/6989
http://www.wikidata.org/entity/Q58670927,https://bibliothecae.unibo.it/article/view/7028
http://www.wikidata.org/entity/Q58670925,https://bibliothecae.unibo.it/article/view/7027
http://www.wikidata.org/entity/Q58670929,https://bibliothecae.unibo.it/article/view/7029
http://www.wikidata.org/entity/Q58670935,https://bibliothecae.unibo.it/article/view/7040
http://www.wikidata.org/entity/Q58670932,https://bibliothecae.unibo.it/article/view/7030
http://www.wikidata.org/entity/Q58670933,https://bibliothecae.unibo.it/article/view/7039
http://www.wikidata.org/entity/Q58670939,https://bibliothecae.unibo.it/article/view/7042
http://www.wikidata.org/entity/Q58670937,https://bibliothecae.unibo.it/article/view/7041
http://www.wikidata.org/entity/Q58670940,https://bibliothecae.unibo.it/article/view/7043
http://www.wikidata.org/entity/Q58773238,https://bibliothecae.unibo.it/article/view/8444
http://www.wikidata.org/entity/Q58773236,https://bibliothecae.unibo.it/article/view/8443
http://www.wikidata.org/entity/Q58773243,https://bibliothecae.unibo.it/article/view/8446
http://www.wikidata.org/entity/Q58773241,https://bibliothecae.unibo.it/article/view/8445
http://www.wikidata.org/entity/Q58773247,https://bibliothecae.unibo.it/article/view/8448
http://www.wikidata.org/entity/Q58773245,https://bibliothecae.unibo.it/article/view/8447
http://www.wikidata.org/entity/Q58773251,https://bibliothecae.unibo.it/article/view/8450
http://www.wikidata.org/entity/Q58773249,https://bibliothecae.unibo.it/article/view/8449
http://www.wikidata.org/entity/Q58773254,https://bibliothecae.unibo.it/article/view/8452
http://www.wikidata.org/entity/Q58773253,https://bibliothecae.unibo.it/article/view/8451
http://www.wikidata.org/entity/Q58773258,https://bibliothecae.unibo.it/article/view/8453
http://www.wikidata.org/entity/Q58773260,https://bibliothecae.unibo.it/article/view/8455
http://www.wikidata.org/entity/Q58773261,https://bibliothecae.unibo.it/article/view/8456
http://www.wikidata.org/entity/Q58773267,https://bibliothecae.unibo.it/article/view/8458
http://www.wikidata.org/entity/Q58773264,https://bibliothecae.unibo.it/article/view/8457
http://www.wikidata.org/entity/Q58826209,https://bibliothecae.unibo.it/article/view/5621
http://www.wikidata.org/entity/Q58953729,https://bibliothecae.unibo.it/article/view/6378
http://www.wikidata.org/entity/Q58953763,https://bibliothecae.unibo.it/article/view/6386
http://www.wikidata.org/entity/Q58953796,https://bibliothecae.unibo.it/article/view/6388
http://www.wikidata.org/entity/Q58953832,https://bibliothecae.unibo.it/article/view/6390
http://www.wikidata.org/entity/Q58953868,https://bibliothecae.unibo.it/article/view/6391
http://www.wikidata.org/entity/Q58953902,https://bibliothecae.unibo.it/article/view/6392
http://www.wikidata.org/entity/Q58953937,https://bibliothecae.unibo.it/article/view/6393
http://www.wikidata.org/entity/Q58953970,https://bibliothecae.unibo.it/article/view/6394
http://www.wikidata.org/entity/Q58954003,https://bibliothecae.unibo.it/article/view/6395
http://www.wikidata.org/entity/Q58954040,https://bibliothecae.unibo.it/article/view/6396
http://www.wikidata.org/entity/Q58954077,https://bibliothecae.unibo.it/article/view/6397
http://www.wikidata.org/entity/Q58954115,https://bibliothecae.unibo.it/article/view/6401
http://www.wikidata.org/entity/Q58954151,https://bibliothecae.unibo.it/article/view/6398
http://www.wikidata.org/entity/Q58954188,https://bibliothecae.unibo.it/article/view/6402
http://www.wikidata.org/entity/Q58954224,https://bibliothecae.unibo.it/article/view/6403
http://www.wikidata.org/entity/Q59096078,https://bibliothecae.unibo.it/article/view/6105
http://www.wikidata.org/entity/Q59096076,https://bibliothecae.unibo.it/article/view/6103
http://www.wikidata.org/entity/Q59096077,https://bibliothecae.unibo.it/article/view/6104
http://www.wikidata.org/entity/Q59096082,https://bibliothecae.unibo.it/article/view/6109
http://www.wikidata.org/entity/Q59096080,https://bibliothecae.unibo.it/article/view/6106
http://www.wikidata.org/entity/Q59096081,https://bibliothecae.unibo.it/article/view/6108
http://www.wikidata.org/entity/Q59096086,https://bibliothecae.unibo.it/article/view/6113
http://www.wikidata.org/entity/Q59096084,https://bibliothecae.unibo.it/article/view/6110
http://www.wikidata.org/entity/Q59096085,https://bibliothecae.unibo.it/article/view/6112
http://www.wikidata.org/entity/Q59096090,https://bibliothecae.unibo.it/article/view/6127
http://www.wikidata.org/entity/Q59096088,https://bibliothecae.unibo.it/article/view/6125
http://www.wikidata.org/entity/Q59096089,https://bibliothecae.unibo.it/article/view/6126
http://www.wikidata.org/entity/Q59096094,https://bibliothecae.unibo.it/article/view/6102
http://www.wikidata.org/entity/Q59096092,https://bibliothecae.unibo.it/article/view/6128
http://www.wikidata.org/entity/Q59096093,https://bibliothecae.unibo.it/article/view/6101
http://www.wikidata.org/entity/Q59137259,https://bibliothecae.unibo.it/article/view/5774
http://www.wikidata.org/entity/Q59137262,https://bibliothecae.unibo.it/article/view/5786
http://www.wikidata.org/entity/Q59137260,https://bibliothecae.unibo.it/article/view/5784
http://www.wikidata.org/entity/Q59137261,https://bibliothecae.unibo.it/article/view/5785
http://www.wikidata.org/entity/Q59137266,https://bibliothecae.unibo.it/article/view/5788
http://www.wikidata.org/entity/Q59137267,https://bibliothecae.unibo.it/article/view/5789
http://www.wikidata.org/entity/Q59137264,https://bibliothecae.unibo.it/article/view/5787
http://www.wikidata.org/entity/Q59137270,https://bibliothecae.unibo.it/article/view/5791
http://www.wikidata.org/entity/Q59137268,https://bibliothecae.unibo.it/article/view/5790
http://www.wikidata.org/entity/Q59137272,https://bibliothecae.unibo.it/article/view/5792
http://www.wikidata.org/entity/Q59154963,https://bibliothecae.unibo.it/article/view/5721
http://www.wikidata.org/entity/Q59154966,https://bibliothecae.unibo.it/article/view/5731
http://www.wikidata.org/entity/Q59154967,https://bibliothecae.unibo.it/article/view/5765
http://www.wikidata.org/entity/Q59154964,https://bibliothecae.unibo.it/article/view/5794
http://www.wikidata.org/entity/Q59154965,https://bibliothecae.unibo.it/article/view/5727
http://www.wikidata.org/entity/Q59154971,https://bibliothecae.unibo.it/article/view/5768
http://www.wikidata.org/entity/Q59154968,https://bibliothecae.unibo.it/article/view/5766
http://www.wikidata.org/entity/Q59154969,https://bibliothecae.unibo.it/article/view/5767
http://www.wikidata.org/entity/Q59154974,https://bibliothecae.unibo.it/article/view/5770
http://www.wikidata.org/entity/Q59154975,https://bibliothecae.unibo.it/article/view/5771
http://www.wikidata.org/entity/Q59154972,https://bibliothecae.unibo.it/article/view/5769
http://www.wikidata.org/entity/Q59154976,https://bibliothecae.unibo.it/article/view/5772
http://www.wikidata.org/entity/Q59208094,https://bibliothecae.unibo.it/article/view/5712
http://www.wikidata.org/entity/Q59208095,https://bibliothecae.unibo.it/article/view/5713
http://www.wikidata.org/entity/Q59208093,https://bibliothecae.unibo.it/article/view/5711
http://www.wikidata.org/entity/Q59208098,https://bibliothecae.unibo.it/article/view/5717
http://www.wikidata.org/entity/Q59208096,https://bibliothecae.unibo.it/article/view/5714
http://www.wikidata.org/entity/Q59208097,https://bibliothecae.unibo.it/article/view/5715
http://www.wikidata.org/entity/Q59259739,https://bibliothecae.unibo.it/article/view/5696
http://www.wikidata.org/entity/Q59259742,https://bibliothecae.unibo.it/article/view/5700
http://www.wikidata.org/entity/Q59259743,https://bibliothecae.unibo.it/article/view/5701
http://www.wikidata.org/entity/Q59259740,https://bibliothecae.unibo.it/article/view/5697
http://www.wikidata.org/entity/Q59259741,https://bibliothecae.unibo.it/article/view/5698
http://www.wikidata.org/entity/Q59259746,https://bibliothecae.unibo.it/article/view/5705
http://www.wikidata.org/entity/Q59259747,https://bibliothecae.unibo.it/article/view/5706
http://www.wikidata.org/entity/Q59259744,https://bibliothecae.unibo.it/article/view/5702
http://www.wikidata.org/entity/Q59259745,https://bibliothecae.unibo.it/article/view/5704
http://www.wikidata.org/entity/Q59259748,https://bibliothecae.unibo.it/article/view/5707
http://www.wikidata.org/entity/Q59259749,https://bibliothecae.unibo.it/article/view/5708
http://www.wikidata.org/entity/Q59265383,https://bibliothecae.unibo.it/article/view/5613
http://www.wikidata.org/entity/Q59265386,https://bibliothecae.unibo.it/article/view/5616
http://www.wikidata.org/entity/Q59265384,https://bibliothecae.unibo.it/article/view/5614
http://www.wikidata.org/entity/Q59265385,https://bibliothecae.unibo.it/article/view/5615
http://www.wikidata.org/entity/Q59265390,https://bibliothecae.unibo.it/article/view/5623
http://www.wikidata.org/entity/Q59265391,https://bibliothecae.unibo.it/article/view/5624
http://www.wikidata.org/entity/Q59265388,https://bibliothecae.unibo.it/article/view/5622
http://www.wikidata.org/entity/Q59265394,https://bibliothecae.unibo.it/article/view/5626
http://www.wikidata.org/entity/Q59265395,https://bibliothecae.unibo.it/article/view/5627
http://www.wikidata.org/entity/Q59265392,https://bibliothecae.unibo.it/article/view/5625
http://www.wikidata.org/entity/Q59265396,https://bibliothecae.unibo.it/article/view/5628
http://www.wikidata.org/entity/Q59265397,https://bibliothecae.unibo.it/article/view/5629
http://www.wikidata.org/entity/Q59281535,https://bibliothecae.unibo.it/article/view/5619
http://www.wikidata.org/entity/Q59281538,https://bibliothecae.unibo.it/article/view/5690
http://www.wikidata.org/entity/Q59281539,https://bibliothecae.unibo.it/article/view/5691
http://www.wikidata.org/entity/Q59281536,https://bibliothecae.unibo.it/article/view/5620
http://www.wikidata.org/entity/Q59281537,https://bibliothecae.unibo.it/article/view/5689
http://www.wikidata.org/entity/Q59281542,https://bibliothecae.unibo.it/article/view/5694
http://www.wikidata.org/entity/Q59281543,https://bibliothecae.unibo.it/article/view/5695
http://www.wikidata.org/entity/Q59281540,https://bibliothecae.unibo.it/article/view/5692
http://www.wikidata.org/entity/Q59281541,https://bibliothecae.unibo.it/article/view/5693
http://www.wikidata.org/entity/Q59388175,http://aibstudi.aib.it/article/view/11618; https://aibstudi.aib.it/article/view/11618/10870; https://aibstudi.aib.it/article/view/11618/10892
http://www.wikidata.org/entity/Q59388178,http://aibstudi.aib.it/article/view/11555; https://aibstudi.aib.it/article/view/11555/10879; https://aibstudi.aib.it/article/view/11555/10885
http://www.wikidata.org/entity/Q59388179,http://aibstudi.aib.it/article/view/11612; https://aibstudi.aib.it/article/view/11612/10871; https://aibstudi.aib.it/article/view/11612/10895
http://www.wikidata.org/entity/Q59388176,http://aibstudi.aib.it/article/view/11541; https://aibstudi.aib.it/article/view/11541/10882; https://aibstudi.aib.it/article/view/11541/10884
http://www.wikidata.org/entity/Q59388177,http://aibstudi.aib.it/article/view/11557; https://aibstudi.aib.it/article/view/11557/10875; https://aibstudi.aib.it/article/view/11557/10894
http://www.wikidata.org/entity/Q59388182,http://aibstudi.aib.it/article/view/11560; https://aibstudi.aib.it/article/view/11560/10873; https://aibstudi.aib.it/article/view/11560/10889
http://www.wikidata.org/entity/Q59388183,http://aibstudi.aib.it/article/view/11508; https://aibstudi.aib.it/article/view/11508/10872; https://aibstudi.aib.it/article/view/11508/10890
http://www.wikidata.org/entity/Q59388180,http://aibstudi.aib.it/article/view/11515; https://aibstudi.aib.it/article/view/11515/10874; https://aibstudi.aib.it/article/view/11515/10886
http://www.wikidata.org/entity/Q59388181,http://aibstudi.aib.it/article/view/11569; https://aibstudi.aib.it/article/view/11569/10883; https://aibstudi.aib.it/article/view/11569/10887
http://www.wikidata.org/entity/Q59388184,http://aibstudi.aib.it/article/view/11559; https://aibstudi.aib.it/article/view/11559/10881; https://aibstudi.aib.it/article/view/11559/10896
http://www.wikidata.org/entity/Q59388185,http://aibstudi.aib.it/article/view/11614; https://aibstudi.aib.it/article/view/11614/10880; https://aibstudi.aib.it/article/view/11614/10897
http://www.wikidata.org/entity/Q60713534,
http://www.wikidata.org/entity/Q60907273,https://bibliothecae.unibo.it/article/view/8936
http://www.wikidata.org/entity/Q60907285,https://bibliothecae.unibo.it/article/view/8937
http://www.wikidata.org/entity/Q60907291,https://bibliothecae.unibo.it/article/view/8938
http://www.wikidata.org/entity/Q60907308,https://bibliothecae.unibo.it/article/view/8940
http://www.wikidata.org/entity/Q60907317,https://bibliothecae.unibo.it/article/view/8941
http://www.wikidata.org/entity/Q60907331,https://bibliothecae.unibo.it/article/view/8943
http://www.wikidata.org/entity/Q60907344,https://bibliothecae.unibo.it/article/view/8946
http://www.wikidata.org/entity/Q60907356,https://bibliothecae.unibo.it/article/view/8947
http://www.wikidata.org/entity/Q60907372,https://bibliothecae.unibo.it/article/view/8949
http://www.wikidata.org/entity/Q60907379,https://bibliothecae.unibo.it/article/view/8950
http://www.wikidata.org/entity/Q60907392,https://bibliothecae.unibo.it/article/view/8951
http://www.wikidata.org/entity/Q60907408,https://bibliothecae.unibo.it/article/view/8952
http://www.wikidata.org/entity/Q60907417,https://bibliothecae.unibo.it/article/view/8953
http://www.wikidata.org/entity/Q60907422,https://bibliothecae.unibo.it/article/view/8954
http://www.wikidata.org/entity/Q60907435,https://bibliothecae.unibo.it/article/view/8935
http://www.wikidata.org/entity/Q61056650,
http://www.wikidata.org/entity/Q61057042,
http://www.wikidata.org/entity/Q61776076,http://www.serena.unina.it/index.php/eikonocity/article/view/5999
http://www.wikidata.org/entity/Q61776080,http://www.serena.unina.it/index.php/eikonocity/article/view/5896
http://www.wikidata.org/entity/Q61776462,http://www.serena.unina.it/index.php/eikonocity/article/view/5749
http://www.wikidata.org/entity/Q61776467,http://www.serena.unina.it/index.php/eikonocity/article/view/5620
http://www.wikidata.org/entity/Q61776464,http://www.serena.unina.it/index.php/eikonocity/article/view/5513
http://www.wikidata.org/entity/Q61776468,http://www.serena.unina.it/index.php/eikonocity/article/view/5519
http://www.wikidata.org/entity/Q61776469,http://www.serena.unina.it/index.php/eikonocity/article/view/5665
http://www.wikidata.org/entity/Q62579849,
http://www.wikidata.org/entity/Q64712103,https://bibliothecae.unibo.it/article/view/9495
http://www.wikidata.org/entity/Q64712106,https://bibliothecae.unibo.it/article/view/9497
http://www.wikidata.org/entity/Q64712107,https://bibliothecae.unibo.it/article/view/9498
http://www.wikidata.org/entity/Q64712105,https://bibliothecae.unibo.it/article/view/9496
http://www.wikidata.org/entity/Q64712110,https://bibliothecae.unibo.it/article/view/9500
http://www.wikidata.org/entity/Q64712109,https://bibliothecae.unibo.it/article/view/9499
http://www.wikidata.org/entity/Q64712112,https://bibliothecae.unibo.it/article/view/9501
http://www.wikidata.org/entity/Q64712113,https://bibliothecae.unibo.it/article/view/9502
http://www.wikidata.org/entity/Q64712116,https://bibliothecae.unibo.it/article/view/9503
http://www.wikidata.org/entity/Q64712134,https://bibliothecae.unibo.it/article/view/9504
http://www.wikidata.org/entity/Q64712144,https://bibliothecae.unibo.it/article/view/9505
http://www.wikidata.org/entity/Q64712156,https://bibliothecae.unibo.it/article/view/9506
http://www.wikidata.org/entity/Q64712171,https://bibliothecae.unibo.it/article/view/9507
http://www.wikidata.org/entity/Q64712184,https://bibliothecae.unibo.it/article/view/9508
http://www.wikidata.org/entity/Q64712198,https://bibliothecae.unibo.it/article/view/9509
http://www.wikidata.org/entity/Q65594178,
http://www.wikidata.org/entity/Q69559758,https://aibstudi.aib.it/article/view/11647; https://aibstudi.aib.it/article/view/11647/10983; https://aibstudi.aib.it/article/view/11647/11002
http://www.wikidata.org/entity/Q69646153,https://aibstudi.aib.it/article/view/11506; https://aibstudi.aib.it/article/view/11506/10803; https://aibstudi.aib.it/article/view/11506/10814
http://www.wikidata.org/entity/Q69776340,
http://www.wikidata.org/entity/Q69776400,
http://www.wikidata.org/entity/Q69776436,
http://www.wikidata.org/entity/Q69776444,
http://www.wikidata.org/entity/Q69776453,
http://www.wikidata.org/entity/Q70982360,
http://www.wikidata.org/entity/Q73492838,
http://www.wikidata.org/entity/Q74825992,https://aibstudi.aib.it/article/view/8930/8212; https://aibstudi.aib.it/article/view/8930/8266
http://www.wikidata.org/entity/Q77304139,
http://www.wikidata.org/entity/Q78577731,
http://www.wikidata.org/entity/Q82514580,https://bibliothecae.unibo.it/article/view/10356
http://www.wikidata.org/entity/Q82514642,https://bibliothecae.unibo.it/article/view/10359
http://www.wikidata.org/entity/Q82514941,https://bibliothecae.unibo.it/article/view/10375
http://www.wikidata.org/entity/Q82514978,https://bibliothecae.unibo.it/article/view/10371
http://www.wikidata.org/entity/Q82515058,https://bibliothecae.unibo.it/article/view/10374
http://www.wikidata.org/entity/Q82515159,https://bibliothecae.unibo.it/article/view/10355
http://www.wikidata.org/entity/Q82515164,https://bibliothecae.unibo.it/article/view/10357
http://www.wikidata.org/entity/Q82515170,https://bibliothecae.unibo.it/article/view/10368
http://www.wikidata.org/entity/Q82515168,https://bibliothecae.unibo.it/article/view/10358
http://www.wikidata.org/entity/Q82515174,https://bibliothecae.unibo.it/article/view/10369
http://www.wikidata.org/entity/Q82515177,https://bibliothecae.unibo.it/article/view/10398
http://www.wikidata.org/entity/Q82515180,https://bibliothecae.unibo.it/article/view/10372
http://www.wikidata.org/entity/Q82515186,https://bibliothecae.unibo.it/article/view/10373
http://www.wikidata.org/entity/Q83365686,https://bibliothecae.unibo.it/article/view/10365/10391
http://www.wikidata.org/entity/Q83612194,http://www.bibliotecheoggi.it/trends/article/view/627/698
http://www.wikidata.org/entity/Q92592463,https://bibliothecae.unibo.it/article/view/6060
http://www.wikidata.org/entity/Q92592494,https://bibliothecae.unibo.it/article/view/6061
http://www.wikidata.org/entity/Q92592577,https://bibliothecae.unibo.it/article/view/6062
http://www.wikidata.org/entity/Q92592656,https://bibliothecae.unibo.it/article/view/6065
http://www.wikidata.org/entity/Q92592734,https://bibliothecae.unibo.it/article/view/6066
http://www.wikidata.org/entity/Q92592817,https://bibliothecae.unibo.it/article/view/6067
http://www.wikidata.org/entity/Q92592907,https://bibliothecae.unibo.it/article/view/6068
http://www.wikidata.org/entity/Q92593011,https://bibliothecae.unibo.it/article/view/6069
http://www.wikidata.org/entity/Q92593112,https://bibliothecae.unibo.it/article/view/6070
http://www.wikidata.org/entity/Q92593206,https://bibliothecae.unibo.it/article/view/6071
http://www.wikidata.org/entity/Q95997038,
http://www.wikidata.org/entity/Q95997039,
http://www.wikidata.org/entity/Q95997044,
http://www.wikidata.org/entity/Q95997054,
http://www.wikidata.org/entity/Q95997062,
http://www.wikidata.org/entity/Q95997060,
http://www.wikidata.org/entity/Q95997061,
http://www.wikidata.org/entity/Q95997066,
http://www.wikidata.org/entity/Q95997067,
http://www.wikidata.org/entity/Q95997073,
http://www.wikidata.org/entity/Q95997079,
http://www.wikidata.org/entity/Q95997076,
http://www.wikidata.org/entity/Q95997077,
http://www.wikidata.org/entity/Q95997082,
http://www.wikidata.org/entity/Q95997081,
http://www.wikidata.org/entity/Q95997084,
http://www.wikidata.org/entity/Q95997102,
http://www.wikidata.org/entity/Q95997103,
http://www.wikidata.org/entity/Q95997101,
http://www.wikidata.org/entity/Q96623074,https://bibliothecae.unibo.it/article/view/11128
http://www.wikidata.org/entity/Q96623075,https://bibliothecae.unibo.it/article/view/11024
http://www.wikidata.org/entity/Q96623078,https://bibliothecae.unibo.it/article/view/11025
http://www.wikidata.org/entity/Q96623079,https://bibliothecae.unibo.it/article/view/11163
http://www.wikidata.org/entity/Q96623076,https://bibliothecae.unibo.it/article/view/11040
http://www.wikidata.org/entity/Q96623082,https://bibliothecae.unibo.it/article/view/11027
http://www.wikidata.org/entity/Q96623083,https://bibliothecae.unibo.it/article/view/11030
http://www.wikidata.org/entity/Q96623081,https://bibliothecae.unibo.it/article/view/11026
http://www.wikidata.org/entity/Q96623086,https://bibliothecae.unibo.it/article/view/11031
http://www.wikidata.org/entity/Q96623087,https://bibliothecae.unibo.it/article/view/11032
http://www.wikidata.org/entity/Q96623085,https://bibliothecae.unibo.it/article/view/11041
http://www.wikidata.org/entity/Q96623090,https://bibliothecae.unibo.it/article/view/11034
http://www.wikidata.org/entity/Q96623091,https://bibliothecae.unibo.it/article/view/11160
http://www.wikidata.org/entity/Q96623089,https://bibliothecae.unibo.it/article/view/11033
http://www.wikidata.org/entity/Q96623093,https://bibliothecae.unibo.it/article/view/11092
http://www.wikidata.org/entity/Q99573989,
http://www.wikidata.org/entity/Q99639341,http://www.fragmentaentomol.org/index.php/fragmenta/article/viewFile/120/111; https://rosa.uniroma1.it/rosa02/fragmenta_entomologica/article/download/120/111
http://www.wikidata.org/entity/Q99653413,http://www.fragmentaentomol.org/index.php/fragmenta/article/viewFile/118/109; https://rosa.uniroma1.it/rosa02/fragmenta_entomologica/article/download/118/109
http://www.wikidata.org/entity/Q99654817,http://www.fragmentaentomol.org/index.php/fragmenta/article/viewFile/44/44; https://rosa.uniroma1.it/rosa02/fragmenta_entomologica/article/download/44/44
http://www.wikidata.org/entity/Q99661235,
http://www.wikidata.org/entity/Q99860432,
http://www.wikidata.org/entity/Q99860449,
http://www.wikidata.org/entity/Q99860482,
http://www.wikidata.org/entity/Q99860480,
http://www.wikidata.org/entity/Q99860487,
http://www.wikidata.org/entity/Q100741569,https://aibstudi.aib.it/article/view/6300; https://aibstudi.aib.it/article/view/6300/5911; https://aibstudi.aib.it/article/view/6300/6016
http://www.wikidata.org/entity/Q101086004,
http://www.wikidata.org/entity/Q101996668,https://riviste.aib.it/index.php/bibelot/article/view/12240
http://www.wikidata.org/entity/Q102115630,https://www.aib.it/struttura/sezioni/toscana/bibelot/bibelot-2-2014/2014/45378-come-advocacy/
http://www.wikidata.org/entity/Q102116015,https://riviste.aib.it/index.php/bibelot/article/view/11778
http://www.wikidata.org/entity/Q102391509,https://www.aib.it/struttura/sezioni/toscana/bibelot/bibelot-1-2014/2014/43765-lettera-presidente-sezione-aib-toscana/
http://www.wikidata.org/entity/Q102391845,https://www.aib.it/struttura/sezioni/toscana/bibelot/bibelot-1-2014/2014/43767-editoriale-cambiamento-scoramento-verso-unaib-ringiovanisce/
http://www.wikidata.org/entity/Q102392002,https://www.aib.it/struttura/sezioni/toscana/bibelot/bibelot-1-2014/2014/43770-biblioteche-in-toscana-monitoraggio-2010-2012/
http://www.wikidata.org/entity/Q102392285,https://www.aib.it/struttura/sezioni/toscana/bibelot/bibelot-1-2014/2014/43776-giovani-professioni-servizi-per-lavorare-in-biblioteca-riflessioni-margine-incontro/
http://www.wikidata.org/entity/Q102392363,https://riviste.aib.it/bibelot/article/view/13712
http://www.wikidata.org/entity/Q102392806,https://www.aib.it/struttura/sezioni/toscana/bibelot/bibelot-1-2014/2014/43781-collezioni-digitali-museo-galileo/
http://www.wikidata.org/entity/Q102392889,https://www.aib.it/struttura/sezioni/toscana/bibelot/bibelot-1-2014/2014/43784-studenti-syracuse-university-in-visita-alle-biblioteche-toscane/
http://www.wikidata.org/entity/Q102393180,https://www.aib.it/struttura/sezioni/toscana/bibelot/bibelot-1-2014/2014/43786-medialibraryonline/
http://www.wikidata.org/entity/Q102393258,https://www.aib.it/struttura/sezioni/toscana/bibelot/bibelot-1-2014/2014/43788-regione-toscana-per-biblioteche/
http://www.wikidata.org/entity/Q102393556,https://www.aib.it/struttura/sezioni/toscana/bibelot/bibelot-1-2014/2014/43790-in-difesa-biblioteca-pubblica-forte/
http://www.wikidata.org/entity/Q102393664,https://www.aib.it/struttura/sezioni/toscana/bibelot/bibelot-1-2014/2014/43792-tirocinio-in-biblioteca-dal-volontariato-progetto-giovanisi-regione-toscana/
http://www.wikidata.org/entity/Q102393759,https://www.aib.it/struttura/sezioni/toscana/bibelot/bibelot-1-2014/2014/43796-piattaforme-per-lopen-access-seminario-firenze/
http://www.wikidata.org/entity/Q102393947,https://www.aib.it/struttura/sezioni/toscana/bibelot/bibelot-1-2014/2014/43801-profili-nuova-generazione-maura-lotti/
http://www.wikidata.org/entity/Q102393996,https://www.aib.it/struttura/sezioni/toscana/bibelot/bibelot-1-2014/2014/43803-profili-nuova-generazione-francesca-pisanu/
http://www.wikidata.org/entity/Q102503100,https://aibstudi.aib.it/article/view/12025/
http://www.wikidata.org/entity/Q102802821,https://www.aib.it/struttura/sezioni/toscana/bibelot/bibelot-2-2014/2014/45378-come-advocacy/
http://www.wikidata.org/entity/Q102805155,https://www.aib.it/struttura/sezioni/toscana/bibelot/bibelot-2-2014/2014/45383-biblioteca-si-fa-social/
http://www.wikidata.org/entity/Q102808536,https://www.aib.it/struttura/sezioni/toscana/bibelot/bibelot-2-2014/2014/45387-eventi-in-biblioteca/
http://www.wikidata.org/entity/Q102809224,https://www.aib.it/struttura/sezioni/toscana/bibelot/bibelot-2-2014/2014/45389-perdere-come-trasformare-problema-in-unopportunita/
http://www.wikidata.org/entity/Q102810332,https://www.aib.it/struttura/sezioni/toscana/bibelot/bibelot-2-2014/2014/45391-mab-toscana-conferenza-satellite-ifla-torino/
http://www.wikidata.org/entity/Q102821767,https://www.aib.it/struttura/sezioni/toscana/bibelot/bibelot-2-2014/2014/45394-l80-congresso-ifla-nellesperienza-volontaria/
http://www.wikidata.org/entity/Q102822425,https://www.aib.it/struttura/sezioni/toscana/bibelot/bibelot-2-2014/2014/45398-riflessione-dopo-congresso-ifla/
http://www.wikidata.org/entity/Q102822617,https://www.aib.it/struttura/sezioni/toscana/bibelot/bibelot-2-2014/2014/45400-profili-nuova-generazione-cristina-bambini/
http://www.wikidata.org/entity/Q102822746,https://www.aib.it/struttura/sezioni/toscana/bibelot/bibelot-2-2014/2014/45402-profili-nuova-generazione-monica-armanetti/
http://www.wikidata.org/entity/Q102823167,https://www.aib.it/struttura/sezioni/toscana/bibelot/bibelot-2-2014/2014/45421-biblioteca-vorrei-carrara/
http://www.wikidata.org/entity/Q102823781,https://www.aib.it/struttura/sezioni/toscana/bibelot/bibelot-2-2014/2014/45423-rete-indaco-biblioteche-si-aprono-agli-book-contenuti-digitali/
http://www.wikidata.org/entity/Q103896945,https://aibstudi.aib.it/article/view/6297/5909; https://aibstudi.aib.it/article/view/6297/6027
http://www.wikidata.org/entity/Q103896950,https://aibstudi.aib.it/article/view/6365/7446; https://aibstudi.aib.it/article/view/6365/7783
http://www.wikidata.org/entity/Q103896948,https://aibstudi.aib.it/article/view/6361/7210; https://aibstudi.aib.it/article/view/6361/7781
http://www.wikidata.org/entity/Q103896949,https://aibstudi.aib.it/article/view/8702/7954; https://aibstudi.aib.it/article/view/8702/7998
http://www.wikidata.org/entity/Q103896952,https://aibstudi.aib.it/article/view/8638/7963; https://aibstudi.aib.it/article/view/8638/7999
http://www.wikidata.org/entity/Q103899574,https://aibstudi.aib.it/article/view/12066/11579; https://aibstudi.aib.it/article/view/12066/11606
http://www.wikidata.org/entity/Q103899584,https://aibstudi.aib.it/article/view/12051/11564; https://aibstudi.aib.it/article/view/12051/11611
http://www.wikidata.org/entity/Q103899585,https://aibstudi.aib.it/article/view/12182/11581; https://aibstudi.aib.it/article/view/12182/11612
http://www.wikidata.org/entity/Q103899590,https://aibstudi.aib.it/article/view/12046/11583; https://aibstudi.aib.it/article/view/12046/11609
http://www.wikidata.org/entity/Q103899591,https://aibstudi.aib.it/article/view/12047/11580; https://aibstudi.aib.it/article/view/12047/11616
http://www.wikidata.org/entity/Q103899589,https://aibstudi.aib.it/article/view/12068/11652; https://aibstudi.aib.it/article/view/12068/11653
http://www.wikidata.org/entity/Q103899592,https://aibstudi.aib.it/article/view/12048/11570; https://aibstudi.aib.it/article/view/12048/11610
http://www.wikidata.org/entity/Q103899593,https://aibstudi.aib.it/article/view/12067/11561; https://aibstudi.aib.it/article/view/12067/11603
http://www.wikidata.org/entity/Q103899598,https://aibstudi.aib.it/article/view/12054/11576; https://aibstudi.aib.it/article/view/12054/11607
http://www.wikidata.org/entity/Q103899599,https://aibstudi.aib.it/article/view/12050/11560; https://aibstudi.aib.it/article/view/12050/11608
http://www.wikidata.org/entity/Q103899596,https://aibstudi.aib.it/article/view/12179/11650; https://aibstudi.aib.it/article/view/12179/11651
http://www.wikidata.org/entity/Q103899597,https://aibstudi.aib.it/article/view/12260/11654; https://aibstudi.aib.it/article/view/12260/11705
http://www.wikidata.org/entity/Q103899601,https://aibstudi.aib.it/article/view/12215/11665; https://aibstudi.aib.it/article/view/12215/11701
http://www.wikidata.org/entity/Q103899606,https://aibstudi.aib.it/article/view/12262/11667; https://aibstudi.aib.it/article/view/12262/11714
http://www.wikidata.org/entity/Q103899607,https://aibstudi.aib.it/article/view/12479/11709; https://aibstudi.aib.it/article/view/12479/11715
http://www.wikidata.org/entity/Q103899604,https://aibstudi.aib.it/article/view/12212/11659; https://aibstudi.aib.it/article/view/12212/11710
http://www.wikidata.org/entity/Q103899605,https://aibstudi.aib.it/article/view/12217/11706; https://aibstudi.aib.it/article/view/12217/11716
http://www.wikidata.org/entity/Q103899610,https://aibstudi.aib.it/article/view/12189/11663; https://aibstudi.aib.it/article/view/12189/11702
http://www.wikidata.org/entity/Q103899609,https://aibstudi.aib.it/article/view/12476/11689; https://aibstudi.aib.it/article/view/12476/11708
http://www.wikidata.org/entity/Q103899614,https://aibstudi.aib.it/article/view/12123/11660; https://aibstudi.aib.it/article/view/12123/11703
http://www.wikidata.org/entity/Q103899613,https://aibstudi.aib.it/article/view/12478/11661; https://aibstudi.aib.it/article/view/12478/11699
http://www.wikidata.org/entity/Q103901278,https://aibstudi.aib.it/article/view/10004/9418; https://aibstudi.aib.it/article/view/10004/9450
http://www.wikidata.org/entity/Q103901283,https://aibstudi.aib.it/article/view/8977/8232; https://aibstudi.aib.it/article/view/8977/8314
http://www.wikidata.org/entity/Q103901280,https://aibstudi.aib.it/article/view/9146/9237; https://aibstudi.aib.it/article/view/9146/9256; http://eprints.rclis.org/id/eprint/22583
http://www.wikidata.org/entity/Q103901290,https://aibstudi.aib.it/article/view/10128/10140; https://aibstudi.aib.it/article/view/10128/10206
http://www.wikidata.org/entity/Q103901289,https://aibstudi.aib.it/article/view/9955/9413; https://aibstudi.aib.it/article/view/9955/9461
http://www.wikidata.org/entity/Q103901292,https://aibstudi.aib.it/article/view/9497/9408; https://aibstudi.aib.it/article/view/9497/9447
http://www.wikidata.org/entity/Q103901299,https://aibstudi.aib.it/article/view/9991/9417; https://aibstudi.aib.it/article/view/9991/9470
http://www.wikidata.org/entity/Q103901296,https://aibstudi.aib.it/article/view/8779/8093; https://aibstudi.aib.it/article/view/8779/8130
http://www.wikidata.org/entity/Q103901302,https://aibstudi.aib.it/article/view/8876/8110; https://aibstudi.aib.it/article/view/8876/8129
http://www.wikidata.org/entity/Q103901301,https://aibstudi.aib.it/article/view/8911/8215; https://aibstudi.aib.it/article/view/8911/8317
http://www.wikidata.org/entity/Q103901304,https://aibstudi.aib.it/article/view/9145/9245; https://aibstudi.aib.it/article/view/9145/9255
http://www.wikidata.org/entity/Q103901310,https://aibstudi.aib.it/article/view/10027/9405; https://aibstudi.aib.it/article/view/10027/9427
http://www.wikidata.org/entity/Q103901308,https://aibstudi.aib.it/article/view/9038/8226; https://aibstudi.aib.it/article/view/9038/8263
http://www.wikidata.org/entity/Q103901314,https://aibstudi.aib.it/article/view/10021/9416; https://aibstudi.aib.it/article/view/10021/9449
http://www.wikidata.org/entity/Q103901316,https://aibstudi.aib.it/article/view/10909/10166; https://aibstudi.aib.it/article/view/10909/10188
http://www.wikidata.org/entity/Q103901322,https://aibstudi.aib.it/article/view/8871/8103; https://aibstudi.aib.it/article/view/8871/8125
http://www.wikidata.org/entity/Q103901321,https://aibstudi.aib.it/article/view/8875/8090; https://aibstudi.aib.it/article/view/8875/8134
http://www.wikidata.org/entity/Q103901324,https://aibstudi.aib.it/article/view/10279/10141; https://aibstudi.aib.it/article/view/10279/10199
http://www.wikidata.org/entity/Q103915809,https://aibstudi.aib.it/article/view/11366/10556; https://aibstudi.aib.it/article/view/11366/10613
http://www.wikidata.org/entity/Q103915814,https://aibstudi.aib.it/article/view/11006/10300; https://aibstudi.aib.it/article/view/11006/10345
http://www.wikidata.org/entity/Q103915812,https://aibstudi.aib.it/article/view/11386/10554; https://aibstudi.aib.it/article/view/11386/10604
http://www.wikidata.org/entity/Q103915818,https://aibstudi.aib.it/article/view/11385/10555; https://aibstudi.aib.it/article/view/11385/10611
http://www.wikidata.org/entity/Q103915819,https://aibstudi.aib.it/article/view/11368/10557; https://aibstudi.aib.it/article/view/11368/10612
http://www.wikidata.org/entity/Q103915822,https://aibstudi.aib.it/article/view/11171/10443; https://aibstudi.aib.it/article/view/11171/10492
http://www.wikidata.org/entity/Q103915827,https://aibstudi.aib.it/article/view/11100/10461; https://aibstudi.aib.it/article/view/11100/10499
http://www.wikidata.org/entity/Q103915824,https://aibstudi.aib.it/article/view/11384/10567; https://aibstudi.aib.it/article/view/11384/10615
http://www.wikidata.org/entity/Q103915831,https://aibstudi.aib.it/article/view/11197/10474; https://aibstudi.aib.it/article/view/11197/10500
http://www.wikidata.org/entity/Q103915835,https://aibstudi.aib.it/article/view/11185/10463; https://aibstudi.aib.it/article/view/11185/10502
http://www.wikidata.org/entity/Q103915833,https://aibstudi.aib.it/article/view/11198/10470; https://aibstudi.aib.it/article/view/11198/10495
http://www.wikidata.org/entity/Q103915839,https://aibstudi.aib.it/article/view/11004/10291; https://aibstudi.aib.it/article/view/11004/10341
http://www.wikidata.org/entity/Q103915836,https://aibstudi.aib.it/article/view/11215/10441; https://aibstudi.aib.it/article/view/11215/10489
http://www.wikidata.org/entity/Q103915843,https://aibstudi.aib.it/article/view/11002/10290; https://aibstudi.aib.it/article/view/11002/10336
http://www.wikidata.org/entity/Q103915841,https://aibstudi.aib.it/article/view/11168/10444; https://aibstudi.aib.it/article/view/11168/10501
http://www.wikidata.org/entity/Q103915866,https://aibstudi.aib.it/article/view/11434/10655; https://aibstudi.aib.it/article/view/11434/10669
http://www.wikidata.org/entity/Q103915864,https://aibstudi.aib.it/article/view/11452/10665; https://aibstudi.aib.it/article/view/11452/10676
http://www.wikidata.org/entity/Q103915869,https://aibstudi.aib.it/article/view/11406/10656; https://aibstudi.aib.it/article/view/11406/10673
http://www.wikidata.org/entity/Q103915875,https://aibstudi.aib.it/article/view/11408/10653; https://aibstudi.aib.it/article/view/11408/10670
http://www.wikidata.org/entity/Q103915873,https://aibstudi.aib.it/article/view/11407/10664; https://aibstudi.aib.it/article/view/11407/10666
http://www.wikidata.org/entity/Q103915883,https://aibstudi.aib.it/article/view/11437/10654; https://aibstudi.aib.it/article/view/11437/10672
http://www.wikidata.org/entity/Q103915881,https://aibstudi.aib.it/article/view/11415/10657; https://aibstudi.aib.it/article/view/11415/10671
http://www.wikidata.org/entity/Q103915887,https://aibstudi.aib.it/article/view/11540/10791; https://aibstudi.aib.it/article/view/11540/10810
http://www.wikidata.org/entity/Q103915888,https://aibstudi.aib.it/article/view/11510/10795; https://aibstudi.aib.it/article/view/11510/10806
http://www.wikidata.org/entity/Q103915895,https://aibstudi.aib.it/article/view/11411/10661; https://aibstudi.aib.it/article/view/11411/10668
http://www.wikidata.org/entity/Q103915893,https://aibstudi.aib.it/article/view/11410/10660; https://aibstudi.aib.it/article/view/11410/10667
http://www.wikidata.org/entity/Q103915898,https://aibstudi.aib.it/article/view/11480/10740; https://aibstudi.aib.it/article/view/11480/10746
http://www.wikidata.org/entity/Q103915903,https://aibstudi.aib.it/article/view/11451/10727; https://aibstudi.aib.it/article/view/11451/10738
http://www.wikidata.org/entity/Q103915900,https://aibstudi.aib.it/article/view/11455/10729; https://aibstudi.aib.it/article/view/11455/10743
http://www.wikidata.org/entity/Q103915907,https://aibstudi.aib.it/article/view/11492/10725; https://aibstudi.aib.it/article/view/11492/10734
http://www.wikidata.org/entity/Q103918125,https://aibstudi.aib.it/article/view/11962/11469; https://aibstudi.aib.it/article/view/11962/11479
http://www.wikidata.org/entity/Q103918128,https://aibstudi.aib.it/article/view/11862/11468; https://aibstudi.aib.it/article/view/11862/11477
http://www.wikidata.org/entity/Q103918134,https://aibstudi.aib.it/article/view/11966/11544; https://aibstudi.aib.it/article/view/11966/11556
http://www.wikidata.org/entity/Q103918132,https://aibstudi.aib.it/article/view/11998/11519; https://aibstudi.aib.it/article/view/11998/11551
http://www.wikidata.org/entity/Q103918138,https://aibstudi.aib.it/article/view/11996/11542; https://aibstudi.aib.it/article/view/11996/11547
http://www.wikidata.org/entity/Q103918139,https://aibstudi.aib.it/article/view/11952/11459; https://aibstudi.aib.it/article/view/11952/11470
http://www.wikidata.org/entity/Q103918136,https://aibstudi.aib.it/article/view/11973/11522; https://aibstudi.aib.it/article/view/11973/11550
http://www.wikidata.org/entity/Q103918142,https://aibstudi.aib.it/article/view/11969/11471; https://aibstudi.aib.it/article/view/11969/11480
http://www.wikidata.org/entity/Q103918144,https://aibstudi.aib.it/article/view/11891/11452; https://aibstudi.aib.it/article/view/11891/11475
http://www.wikidata.org/entity/Q103918150,https://aibstudi.aib.it/article/view/11949/11454; https://aibstudi.aib.it/article/view/11949/11458
http://www.wikidata.org/entity/Q103918148,https://aibstudi.aib.it/article/view/11940/11453; https://aibstudi.aib.it/article/view/11940/11476
http://www.wikidata.org/entity/Q103918152,https://aibstudi.aib.it/article/view/11926/11462; https://aibstudi.aib.it/article/view/11926/11467
http://www.wikidata.org/entity/Q103918156,https://aibstudi.aib.it/article/view/11887/11447; https://aibstudi.aib.it/article/view/11887/11457
http://www.wikidata.org/entity/Q103918163,https://aibstudi.aib.it/article/view/11927/11449; https://aibstudi.aib.it/article/view/11927/11461
http://www.wikidata.org/entity/Q103918160,https://aibstudi.aib.it/article/view/11888/11448; https://aibstudi.aib.it/article/view/11888/11460
http://www.wikidata.org/entity/Q103918164,https://aibstudi.aib.it/article/view/11903/11450; https://aibstudi.aib.it/article/view/11903/11481
http://www.wikidata.org/entity/Q103918168,https://aibstudi.aib.it/article/view/11922/11451; https://aibstudi.aib.it/article/view/11922/11474
http://www.wikidata.org/entity/Q103918169,https://aibstudi.aib.it/article/view/11961/11445; https://aibstudi.aib.it/article/view/11961/11478
http://www.wikidata.org/entity/Q103918174,https://aibstudi.aib.it/article/view/12012/11523; https://aibstudi.aib.it/article/view/12012/11549
http://www.wikidata.org/entity/Q103918172,https://aibstudi.aib.it/article/view/12018/11548; https://aibstudi.aib.it/article/view/12018/11554
http://www.wikidata.org/entity/Q103918178,https://aibstudi.aib.it/article/view/12019/11543; https://aibstudi.aib.it/article/view/12019/11555
http://www.wikidata.org/entity/Q103918180,https://aibstudi.aib.it/article/view/12026/11521; https://aibstudi.aib.it/article/view/12026/11545
http://www.wikidata.org/entity/Q103918211,https://aibstudi.aib.it/article/view/11890/11350; https://aibstudi.aib.it/article/view/11890/11362
http://www.wikidata.org/entity/Q103918215,https://aibstudi.aib.it/article/view/11906/11349; https://aibstudi.aib.it/article/view/11906/11361
http://www.wikidata.org/entity/Q103918217,https://aibstudi.aib.it/article/view/11753/11145; https://aibstudi.aib.it/article/view/11753/11168
http://www.wikidata.org/entity/Q103918222,https://aibstudi.aib.it/article/view/11828/11218; https://aibstudi.aib.it/article/view/11828/11227
http://www.wikidata.org/entity/Q103918220,https://aibstudi.aib.it/article/view/11772/11147; https://aibstudi.aib.it/article/view/11772/11157
http://www.wikidata.org/entity/Q103918227,https://aibstudi.aib.it/article/view/11750/11151; https://aibstudi.aib.it/article/view/11750/11154
http://www.wikidata.org/entity/Q103918224,https://aibstudi.aib.it/article/view/11784/11143; https://aibstudi.aib.it/article/view/11784/11163
http://www.wikidata.org/entity/Q103918230,https://aibstudi.aib.it/article/view/11757/11160; https://aibstudi.aib.it/article/view/11757/11165
http://www.wikidata.org/entity/Q103918234,https://aibstudi.aib.it/article/view/11740/11149; https://aibstudi.aib.it/article/view/11740/11155
http://www.wikidata.org/entity/Q103918232,https://aibstudi.aib.it/article/view/11764/11161; https://aibstudi.aib.it/article/view/11764/11166
http://www.wikidata.org/entity/Q103918238,https://aibstudi.aib.it/article/view/11765/11142; https://aibstudi.aib.it/article/view/11765/11159
http://www.wikidata.org/entity/Q103918236,https://aibstudi.aib.it/article/view/11714/11150; https://aibstudi.aib.it/article/view/11714/11169
http://www.wikidata.org/entity/Q103918242,https://aibstudi.aib.it/article/view/11825/11222; https://aibstudi.aib.it/article/view/11825/11235
http://www.wikidata.org/entity/Q103918240,https://aibstudi.aib.it/article/view/11709/11141; https://aibstudi.aib.it/article/view/11709/11170
http://www.wikidata.org/entity/Q103918246,https://aibstudi.aib.it/article/view/11787/11223; https://aibstudi.aib.it/article/view/11787/11229
http://www.wikidata.org/entity/Q103918244,https://aibstudi.aib.it/article/view/11786/11226; https://aibstudi.aib.it/article/view/11786/11238
http://www.wikidata.org/entity/Q103918251,https://aibstudi.aib.it/article/view/11752/11146; https://aibstudi.aib.it/article/view/11752/11158
http://www.wikidata.org/entity/Q103918249,https://aibstudi.aib.it/article/view/11802/11216; https://aibstudi.aib.it/article/view/11802/11232
http://www.wikidata.org/entity/Q103918253,https://aibstudi.aib.it/article/view/11829/11219; https://aibstudi.aib.it/article/view/11829/11236
http://www.wikidata.org/entity/Q103918258,https://aibstudi.aib.it/article/view/11781/11221; https://aibstudi.aib.it/article/view/11781/11237
http://www.wikidata.org/entity/Q103918256,https://aibstudi.aib.it/article/view/11773/11225; https://aibstudi.aib.it/article/view/11773/11231
http://www.wikidata.org/entity/Q103918260,https://aibstudi.aib.it/article/view/11820/11220; https://aibstudi.aib.it/article/view/11820/11241
http://www.wikidata.org/entity/Q103918266,https://aibstudi.aib.it/article/view/11835/11357; https://aibstudi.aib.it/article/view/11835/11365
http://www.wikidata.org/entity/Q103918264,https://aibstudi.aib.it/article/view/11788/11217; https://aibstudi.aib.it/article/view/11788/11233
http://www.wikidata.org/entity/Q103918270,https://aibstudi.aib.it/article/view/11874/11351; https://aibstudi.aib.it/article/view/11874/11354
http://www.wikidata.org/entity/Q103918268,https://aibstudi.aib.it/article/view/11833/11347; https://aibstudi.aib.it/article/view/11833/11358
http://www.wikidata.org/entity/Q103918272,https://aibstudi.aib.it/article/view/11868/11343; https://aibstudi.aib.it/article/view/11868/11355
http://www.wikidata.org/entity/Q103918273,https://aibstudi.aib.it/article/view/11889/11348; https://aibstudi.aib.it/article/view/11889/11352
http://www.wikidata.org/entity/Q103918279,https://aibstudi.aib.it/article/view/11834/11346; https://aibstudi.aib.it/article/view/11834/11359
http://www.wikidata.org/entity/Q103918276,https://aibstudi.aib.it/article/view/11886/11341; https://aibstudi.aib.it/article/view/11886/11356
http://www.wikidata.org/entity/Q103918326,https://aibstudi.aib.it/article/view/11675/10971; https://aibstudi.aib.it/article/view/11675/10988
http://www.wikidata.org/entity/Q103918330,https://aibstudi.aib.it/article/view/11637/10984; https://aibstudi.aib.it/article/view/11637/10998
http://www.wikidata.org/entity/Q103918328,https://aibstudi.aib.it/article/view/11617/10982; https://aibstudi.aib.it/article/view/11617/10996
http://www.wikidata.org/entity/Q103918333,https://aibstudi.aib.it/article/view/11646/10985; https://aibstudi.aib.it/article/view/11646/10999
http://www.wikidata.org/entity/Q103918338,https://aibstudi.aib.it/article/view/11676/10980; https://aibstudi.aib.it/article/view/11676/10994
http://www.wikidata.org/entity/Q103918339,https://aibstudi.aib.it/article/view/11648/10977; https://aibstudi.aib.it/article/view/11648/10992
http://www.wikidata.org/entity/Q103918336,https://aibstudi.aib.it/article/view/11654/10978; https://aibstudi.aib.it/article/view/11654/10993
http://www.wikidata.org/entity/Q103918341,https://aibstudi.aib.it/article/view/11702/11055; https://aibstudi.aib.it/article/view/11702/11089
http://www.wikidata.org/entity/Q103918347,https://aibstudi.aib.it/article/view/11645/10976; https://aibstudi.aib.it/article/view/11645/10991
http://www.wikidata.org/entity/Q103918344,https://aibstudi.aib.it/article/view/11751/11046; https://aibstudi.aib.it/article/view/11751/11063
http://www.wikidata.org/entity/Q103918350,https://aibstudi.aib.it/article/view/11698/11045; https://aibstudi.aib.it/article/view/11698/11070
http://www.wikidata.org/entity/Q103918353,https://aibstudi.aib.it/article/view/11644/10986; https://aibstudi.aib.it/article/view/11644/11001
http://www.wikidata.org/entity/Q103918358,https://aibstudi.aib.it/article/view/11682/10975; https://aibstudi.aib.it/article/view/11682/10990
http://www.wikidata.org/entity/Q103918356,https://aibstudi.aib.it/article/view/11705/11051; https://aibstudi.aib.it/article/view/11705/11069
http://www.wikidata.org/entity/Q103918363,https://aibstudi.aib.it/article/view/11697/11056; https://aibstudi.aib.it/article/view/11697/11062
http://www.wikidata.org/entity/Q103918361,https://aibstudi.aib.it/article/view/11649/10981; https://aibstudi.aib.it/article/view/11649/10995
http://www.wikidata.org/entity/Q103918366,https://aibstudi.aib.it/article/view/11704/11058; https://aibstudi.aib.it/article/view/11704/11074
http://www.wikidata.org/entity/Q103918370,https://aibstudi.aib.it/article/view/11699/11048; https://aibstudi.aib.it/article/view/11699/11064
http://www.wikidata.org/entity/Q103918368,https://aibstudi.aib.it/article/view/11749/11047; https://aibstudi.aib.it/article/view/11749/11060
http://www.wikidata.org/entity/Q103918375,https://aibstudi.aib.it/article/view/11710/11049; https://aibstudi.aib.it/article/view/11710/11066
http://www.wikidata.org/entity/Q103918373,https://aibstudi.aib.it/article/view/11711/11054; https://aibstudi.aib.it/article/view/11711/11065
http://www.wikidata.org/entity/Q103918377,https://aibstudi.aib.it/article/view/11650/10974; https://aibstudi.aib.it/article/view/11650/10997
http://www.wikidata.org/entity/Q103919289,https://aibstudi.aib.it/article/view/8695/8094; https://aibstudi.aib.it/article/view/8695/8123
http://www.wikidata.org/entity/Q103919294,https://aibstudi.aib.it/article/view/8877/8096; https://aibstudi.aib.it/article/view/8877/8124
http://www.wikidata.org/entity/Q103919299,https://aibstudi.aib.it/article/view/8983/8211; https://aibstudi.aib.it/article/view/8983/8264
http://www.wikidata.org/entity/Q103919296,https://aibstudi.aib.it/article/view/9039/8228; https://aibstudi.aib.it/article/view/9039/8313
http://www.wikidata.org/entity/Q103919303,https://aibstudi.aib.it/article/view/9019/8230; https://aibstudi.aib.it/article/view/9019/8312
http://www.wikidata.org/entity/Q103919301,https://aibstudi.aib.it/article/view/8338/7447; https://aibstudi.aib.it/article/view/8338/7778
http://www.wikidata.org/entity/Q103919307,https://aibstudi.aib.it/article/view/8984/8231
http://www.wikidata.org/entity/Q103919305,https://aibstudi.aib.it/article/view/9457/9241; https://aibstudi.aib.it/article/view/9457/9248
http://www.wikidata.org/entity/Q103919309,https://aibstudi.aib.it/article/view/8938/8233; https://aibstudi.aib.it/article/view/8938/8320
http://www.wikidata.org/entity/Q103919315,https://aibstudi.aib.it/article/view/9131/9242; https://aibstudi.aib.it/article/view/9131/9249
http://www.wikidata.org/entity/Q103919312,https://aibstudi.aib.it/article/view/8654/7962; https://aibstudi.aib.it/article/view/8654/7973
http://www.wikidata.org/entity/Q103919318,https://aibstudi.aib.it/article/view/9074/9243; https://aibstudi.aib.it/article/view/9074/9257
http://www.wikidata.org/entity/Q103919323,https://aibstudi.aib.it/article/view/8781/8099; https://aibstudi.aib.it/article/view/8781/8127
http://www.wikidata.org/entity/Q103919320,https://aibstudi.aib.it/article/view/9007/8216; https://aibstudi.aib.it/article/view/9007/8300
http://www.wikidata.org/entity/Q103919326,https://aibstudi.aib.it/article/view/9040/8217
http://www.wikidata.org/entity/Q103919331,https://aibstudi.aib.it/article/view/8714/7964; https://aibstudi.aib.it/article/view/8714/7981
http://www.wikidata.org/entity/Q103919328,https://aibstudi.aib.it/article/view/8205/7318; https://aibstudi.aib.it/article/view/8205/7788
http://www.wikidata.org/entity/Q103919333,https://aibstudi.aib.it/article/view/9247/9246; https://aibstudi.aib.it/article/view/9247/9252
http://www.wikidata.org/entity/Q103919339,https://aibstudi.aib.it/article/view/8620/7955; https://aibstudi.aib.it/article/view/8620/7980
http://www.wikidata.org/entity/Q103919336,https://aibstudi.aib.it/article/view/8834/8107; https://aibstudi.aib.it/article/view/8834/8132
http://www.wikidata.org/entity/Q103919343,https://aibstudi.aib.it/article/view/6362/7200; https://aibstudi.aib.it/article/view/6362/7798
http://www.wikidata.org/entity/Q103919346,https://aibstudi.aib.it/article/view/6301/7212; https://aibstudi.aib.it/article/view/6301/7784
http://www.wikidata.org/entity/Q103919351,https://aibstudi.aib.it/article/view/8624/7960; https://aibstudi.aib.it/article/view/8624/8000
http://www.wikidata.org/entity/Q103919348,https://aibstudi.aib.it/article/view/8643/7957; https://aibstudi.aib.it/article/view/8643/7996
http://www.wikidata.org/entity/Q103919353,https://aibstudi.aib.it/article/view/6326/7213; https://aibstudi.aib.it/article/view/6326/7794
http://www.wikidata.org/entity/Q103919359,https://aibstudi.aib.it/article/view/6302/7208; https://aibstudi.aib.it/article/view/6302/7792
http://www.wikidata.org/entity/Q103919357,https://aibstudi.aib.it/article/view/6289/5903; https://aibstudi.aib.it/article/view/6289/6031
http://www.wikidata.org/entity/Q103919362,https://aibstudi.aib.it/article/view/6285/5899; https://aibstudi.aib.it/article/view/6285/6010
http://www.wikidata.org/entity/Q103919366,https://aibstudi.aib.it/article/view/9132/9236; https://aibstudi.aib.it/article/view/9132/9250
http://www.wikidata.org/entity/Q103919364,https://aibstudi.aib.it/article/view/8900/8214; https://aibstudi.aib.it/article/view/8900/8318
http://www.wikidata.org/entity/Q103919369,https://aibstudi.aib.it/article/view/8810/8095; https://aibstudi.aib.it/article/view/8810/8128
http://www.wikidata.org/entity/Q103919372,https://aibstudi.aib.it/article/view/8783/8100; https://aibstudi.aib.it/article/view/8783/8119
http://www.wikidata.org/entity/Q103919378,https://aibstudi.aib.it/article/view/8931/8234; https://aibstudi.aib.it/article/view/8931/8316
http://www.wikidata.org/entity/Q103919376,https://aibstudi.aib.it/article/view/9037/9244; https://aibstudi.aib.it/article/view/9037/9254
http://www.wikidata.org/entity/Q103919382,https://aibstudi.aib.it/article/view/8647/7961; https://aibstudi.aib.it/article/view/8647/7997
http://www.wikidata.org/entity/Q103919380,https://aibstudi.aib.it/article/view/8832/8106; https://aibstudi.aib.it/article/view/8832/8131
http://www.wikidata.org/entity/Q103919385,https://aibstudi.aib.it/article/view/6291/5905; https://aibstudi.aib.it/article/view/6291/6029
http://www.wikidata.org/entity/Q103919389,https://aibstudi.aib.it/article/view/6286/5900; https://aibstudi.aib.it/article/view/6286/6030
http://www.wikidata.org/entity/Q103919394,https://aibstudi.aib.it/article/view/6293/5906; https://aibstudi.aib.it/article/view/6293/6020; http://eprints.rclis.org/id/eprint/18730
http://www.wikidata.org/entity/Q103919396,https://aibstudi.aib.it/article/view/6290/5904; https://aibstudi.aib.it/article/view/6290/6025
http://www.wikidata.org/entity/Q103919620,https://aibstudi.aib.it/article/view/10266/10138; https://aibstudi.aib.it/article/view/10266/10209
http://www.wikidata.org/entity/Q103919627,https://aibstudi.aib.it/article/view/9957/9409; https://aibstudi.aib.it/article/view/9957/9462
http://www.wikidata.org/entity/Q103919625,https://aibstudi.aib.it/article/view/10108/10146; https://aibstudi.aib.it/article/view/10108/10195
http://www.wikidata.org/entity/Q103919629,https://aibstudi.aib.it/article/view/10134/10180; https://aibstudi.aib.it/article/view/10134/10194
http://www.wikidata.org/entity/Q103919635,https://aibstudi.aib.it/article/view/9912/9407; https://aibstudi.aib.it/article/view/9912/9426
http://www.wikidata.org/entity/Q103919632,https://aibstudi.aib.it/article/view/9966/10139; https://aibstudi.aib.it/article/view/9966/10207
http://www.wikidata.org/entity/Q103919633,https://aibstudi.aib.it/article/view/9486/9414; https://aibstudi.aib.it/article/view/9486/9430; http://eprints.rclis.org/id/eprint/28897
http://www.wikidata.org/entity/Q103919639,https://aibstudi.aib.it/article/view/10022/9406; https://aibstudi.aib.it/article/view/10022/9428
http://www.wikidata.org/entity/Q103919643,https://aibstudi.aib.it/article/view/9962/10178; https://aibstudi.aib.it/article/view/9962/10191
http://www.wikidata.org/entity/Q103919646,https://aibstudi.aib.it/article/view/10289/10181; https://aibstudi.aib.it/article/view/10289/10202
http://www.wikidata.org/entity/Q103919650,https://aibstudi.aib.it/article/view/10130/10143; https://aibstudi.aib.it/article/view/10130/10196
http://www.wikidata.org/entity/Q103919654,https://aibstudi.aib.it/article/view/10084/10137; https://aibstudi.aib.it/article/view/10084/10204
http://www.wikidata.org/entity/Q103919652,https://aibstudi.aib.it/article/view/10247/10144; https://aibstudi.aib.it/article/view/10247/10205
http://www.wikidata.org/entity/Q103919658,https://aibstudi.aib.it/article/view/10281/10147; https://aibstudi.aib.it/article/view/10281/10190
http://www.wikidata.org/entity/Q103919715,https://aibstudi.aib.it/article/view/11473/10730; https://aibstudi.aib.it/article/view/11473/10736
http://www.wikidata.org/entity/Q103919718,https://aibstudi.aib.it/article/view/11412/10731; https://aibstudi.aib.it/article/view/11412/10737
http://www.wikidata.org/entity/Q103919722,https://aibstudi.aib.it/article/view/11493/10726; https://aibstudi.aib.it/article/view/11493/10742
http://www.wikidata.org/entity/Q103919720,https://aibstudi.aib.it/article/view/11462/10732; https://aibstudi.aib.it/article/view/11462/10739
http://www.wikidata.org/entity/Q103919727,https://aibstudi.aib.it/article/view/11501/10794; https://aibstudi.aib.it/article/view/11501/10805
http://www.wikidata.org/entity/Q103919724,https://aibstudi.aib.it/article/view/11518/10804; https://aibstudi.aib.it/article/view/11518/10812
http://www.wikidata.org/entity/Q103919730,https://aibstudi.aib.it/article/view/11513/10802; https://aibstudi.aib.it/article/view/11513/10813
http://www.wikidata.org/entity/Q103919735,https://aibstudi.aib.it/article/view/11514/10799; https://aibstudi.aib.it/article/view/11514/10816
http://www.wikidata.org/entity/Q103919732,https://aibstudi.aib.it/article/view/11542/10796; https://aibstudi.aib.it/article/view/11542/10815
http://www.wikidata.org/entity/Q103919738,https://aibstudi.aib.it/article/view/11536/10798; https://aibstudi.aib.it/article/view/11536/10817
http://www.wikidata.org/entity/Q103919742,https://aibstudi.aib.it/article/view/11539/10797; https://aibstudi.aib.it/article/view/11539/10809
http://www.wikidata.org/entity/Q103919894,https://aibstudi.aib.it/article/view/11008/10315; https://aibstudi.aib.it/article/view/11008/10339
http://www.wikidata.org/entity/Q103919979,https://aibstudi.aib.it/article/view/11084/10320; https://aibstudi.aib.it/article/view/11084/10340
http://www.wikidata.org/entity/Q103919982,https://aibstudi.aib.it/article/view/11005/10319; https://aibstudi.aib.it/article/view/11005/10344
http://www.wikidata.org/entity/Q103919987,https://aibstudi.aib.it/article/view/11200/10460; https://aibstudi.aib.it/article/view/11200/10491
http://www.wikidata.org/entity/Q103919985,https://aibstudi.aib.it/article/view/11003/10318; https://aibstudi.aib.it/article/view/11003/10342
http://www.wikidata.org/entity/Q103919990,https://aibstudi.aib.it/article/view/11186/10601; https://aibstudi.aib.it/article/view/11186/10614
http://www.wikidata.org/entity/Q103919994,https://aibstudi.aib.it/article/view/11342/10558; https://aibstudi.aib.it/article/view/11342/10607
http://www.wikidata.org/entity/Q103919999,https://aibstudi.aib.it/article/view/11291/10553; https://aibstudi.aib.it/article/view/11291/10608
http://www.wikidata.org/entity/Q103920001,https://aibstudi.aib.it/article/view/11159/10448; https://aibstudi.aib.it/article/view/11159/10497
http://www.wikidata.org/entity/Q103920007,https://aibstudi.aib.it/article/view/10262/10301; https://aibstudi.aib.it/article/view/10262/10346
http://www.wikidata.org/entity/Q103920009,https://aibstudi.aib.it/article/view/11007/10299; https://aibstudi.aib.it/article/view/11007/10347
http://www.wikidata.org/entity/Q103920012,https://aibstudi.aib.it/article/view/10965/10303; https://aibstudi.aib.it/article/view/10965/10338
http://www.wikidata.org/entity/Q103920016,https://aibstudi.aib.it/article/view/11161/10442; https://aibstudi.aib.it/article/view/11161/10496
http://www.wikidata.org/entity/Q103948932,http://www.bibliotecheoggi.it/trends/article/view/389/882
http://www.wikidata.org/entity/Q103948937,http://www.bibliotecheoggi.it/trends/article/view/517/571
http://www.wikidata.org/entity/Q103948941,http://www.bibliotecheoggi.it/trends/article/view/702/1109
http://www.wikidata.org/entity/Q103948945,http://www.bibliotecheoggi.it/trends/article/view/856/940
http://www.wikidata.org/entity/Q103948950,http://www.bibliotecheoggi.it/trends/article/view/1007/1096
http://www.wikidata.org/entity/Q103948951,http://www.bibliotecheoggi.it/trends/article/view/1108/1172
http://www.wikidata.org/entity/Q103948955,http://www.bibliotecheoggi.it/trends/article/view/45/734
http://www.wikidata.org/entity/Q103948958,http://www.bibliotecheoggi.it/trends/article/view/512/566
http://www.wikidata.org/entity/Q103948962,http://www.bibliotecheoggi.it/trends/article/view/630/695
http://www.wikidata.org/entity/Q103948964,http://www.bibliotecheoggi.it/trends/article/view/782/857
http://www.wikidata.org/entity/Q103948970,http://www.bibliotecheoggi.it/trends/article/view/1070/1175
http://www.wikidata.org/entity/Q103948968,http://www.bibliotecheoggi.it/trends/article/view/931/1016
http://www.wikidata.org/entity/Q103948975,http://www.bibliotecheoggi.it/trends/article/view/40/730
http://www.wikidata.org/entity/Q103948977,http://www.bibliotecheoggi.it/trends/article/view/417/880
http://www.wikidata.org/entity/Q103948981,http://www.bibliotecheoggi.it/trends/article/view/590/637
http://www.wikidata.org/entity/Q103948986,http://www.bibliotecheoggi.it/trends/article/view/741/786
http://www.wikidata.org/entity/Q103948989,http://www.bibliotecheoggi.it/trends/article/view/889/946
http://www.wikidata.org/entity/Q103948995,http://www.bibliotecheoggi.it/trends/article/view/1038/1102
http://www.wikidata.org/entity/Q103948999,http://www.bibliotecheoggi.it/trends/article/view/369/878
http://www.wikidata.org/entity/Q103949004,http://www.bibliotecheoggi.it/trends/article/view/585/632
http://www.wikidata.org/entity/Q103949008,http://www.bibliotecheoggi.it/trends/article/view/739/1110
http://www.wikidata.org/entity/Q103949012,http://www.bibliotecheoggi.it/trends/article/view/854/941
http://www.wikidata.org/entity/Q103949016,http://www.bibliotecheoggi.it/trends/article/view/1006/1097
http://www.wikidata.org/entity/Q103949017,http://www.bibliotecheoggi.it/trends/article/view/1109/1179
http://www.wikidata.org/entity/Q103949027,http://www.bibliotecheoggi.it/trends/article/view/513/567
http://www.wikidata.org/entity/Q103949024,http://www.bibliotecheoggi.it/trends/article/view/46/735
http://www.wikidata.org/entity/Q103949093,http://www.bibliotecheoggi.it/trends/article/view/781/858
http://www.wikidata.org/entity/Q103949098,http://www.bibliotecheoggi.it/trends/article/view/932/1017
http://www.wikidata.org/entity/Q103949103,http://www.bibliotecheoggi.it/trends/article/view/1069/1174
http://www.wikidata.org/entity/Q103949113,http://www.bibliotecheoggi.it/trends/article/view/41/731
http://www.wikidata.org/entity/Q103949118,http://www.bibliotecheoggi.it/trends/article/view/418/884
http://www.wikidata.org/entity/Q103949123,http://www.bibliotecheoggi.it/trends/article/view/591/638
http://www.wikidata.org/entity/Q103949130,http://www.bibliotecheoggi.it/trends/article/view/742/783
http://www.wikidata.org/entity/Q103949137,http://www.bibliotecheoggi.it/trends/article/view/890/947
http://www.wikidata.org/entity/Q103949143,http://www.bibliotecheoggi.it/trends/article/view/1039/1103
http://www.wikidata.org/entity/Q103949146,http://www.bibliotecheoggi.it/trends/article/view/36/27
http://www.wikidata.org/entity/Q103949150,http://www.bibliotecheoggi.it/trends/article/view/387/883
http://www.wikidata.org/entity/Q103949156,http://www.bibliotecheoggi.it/trends/article/view/586/633
http://www.wikidata.org/entity/Q103949167,http://www.bibliotecheoggi.it/trends/article/view/719/787
http://www.wikidata.org/entity/Q103949170,http://www.bibliotecheoggi.it/trends/article/view/849/942
http://www.wikidata.org/entity/Q103949176,http://www.bibliotecheoggi.it/trends/article/view/1005/1098
http://www.wikidata.org/entity/Q103949183,http://www.bibliotecheoggi.it/trends/article/view/1110/1178
http://www.wikidata.org/entity/Q103949187,http://www.bibliotecheoggi.it/trends/article/view/47/736
http://www.wikidata.org/entity/Q103949190,http://www.bibliotecheoggi.it/trends/article/view/514/568
http://www.wikidata.org/entity/Q103949193,http://www.bibliotecheoggi.it/trends/article/view/626/697
http://www.wikidata.org/entity/Q103949200,http://www.bibliotecheoggi.it/trends/article/view/816/852
http://www.wikidata.org/entity/Q103949206,http://www.bibliotecheoggi.it/trends/article/view/933/1018
http://www.wikidata.org/entity/Q103949219,http://www.bibliotecheoggi.it/trends/article/view/1068/1173
http://www.wikidata.org/entity/Q103949227,http://www.bibliotecheoggi.it/trends/article/view/42/732
http://www.wikidata.org/entity/Q103949230,http://www.bibliotecheoggi.it/trends/article/view/509/563
http://www.wikidata.org/entity/Q103949234,http://www.bibliotecheoggi.it/trends/article/view/592/639
http://www.wikidata.org/entity/Q103949237,http://www.bibliotecheoggi.it/trends/article/view/779/853
http://www.wikidata.org/entity/Q103949242,http://www.bibliotecheoggi.it/trends/article/view/965/1014
http://www.wikidata.org/entity/Q103949248,http://www.bibliotecheoggi.it/trends/article/view/1040/1104
http://www.wikidata.org/entity/Q103949253,http://www.bibliotecheoggi.it/trends/article/view/37/727
http://www.wikidata.org/entity/Q103949258,http://www.bibliotecheoggi.it/trends/article/view/368/877
http://www.wikidata.org/entity/Q103949266,http://www.bibliotecheoggi.it/trends/article/view/587/634
http://www.wikidata.org/entity/Q103949269,http://www.bibliotecheoggi.it/trends/article/view/718/1105
http://www.wikidata.org/entity/Q103949274,http://www.bibliotecheoggi.it/trends/article/view/834/943
http://www.wikidata.org/entity/Q103949282,http://www.bibliotecheoggi.it/trends/article/view/1004/1099
http://www.wikidata.org/entity/Q103949284,http://www.bibliotecheoggi.it/trends/article/view/384/879
http://www.wikidata.org/entity/Q103949290,http://www.bibliotecheoggi.it/trends/article/view/515/569
http://www.wikidata.org/entity/Q103949342,http://www.bibliotecheoggi.it/trends/article/view/776/855
http://www.wikidata.org/entity/Q103949351,http://www.bibliotecheoggi.it/trends/article/view/967/1012
http://www.wikidata.org/entity/Q103949355,http://www.bibliotecheoggi.it/trends/article/view/1106/1168
http://www.wikidata.org/entity/Q103949362,http://www.bibliotecheoggi.it/trends/article/view/510/564
http://www.wikidata.org/entity/Q103949360,http://www.bibliotecheoggi.it/trends/article/view/43/733
http://www.wikidata.org/entity/Q103949365,http://www.bibliotecheoggi.it/trends/article/view/593/640
http://www.wikidata.org/entity/Q103949369,http://www.bibliotecheoggi.it/trends/article/view/778/854
http://www.wikidata.org/entity/Q103949373,http://www.bibliotecheoggi.it/trends/article/view/966/1011
http://www.wikidata.org/entity/Q103949377,http://www.bibliotecheoggi.it/trends/article/view/1084/1171
http://www.wikidata.org/entity/Q103949382,http://www.bibliotecheoggi.it/trends/article/view/38/728
http://www.wikidata.org/entity/Q103949385,http://www.bibliotecheoggi.it/trends/article/view/415/476
http://www.wikidata.org/entity/Q103949391,http://www.bibliotecheoggi.it/trends/article/view/588/635
http://www.wikidata.org/entity/Q103949397,http://www.bibliotecheoggi.it/trends/article/view/738/1106
http://www.wikidata.org/entity/Q103949402,http://www.bibliotecheoggi.it/trends/article/view/853/944
http://www.wikidata.org/entity/Q103949406,http://www.bibliotecheoggi.it/trends/article/view/1036/1100
http://www.wikidata.org/entity/Q103949408,http://www.bibliotecheoggi.it/trends/article/view/385/881
http://www.wikidata.org/entity/Q103949414,http://www.bibliotecheoggi.it/trends/article/view/658/699
http://www.wikidata.org/entity/Q103949412,http://www.bibliotecheoggi.it/trends/article/view/516/570
http://www.wikidata.org/entity/Q103949419,http://www.bibliotecheoggi.it/trends/article/view/850/939
http://www.wikidata.org/entity/Q103949425,http://www.bibliotecheoggi.it/trends/article/view/968/1013
http://www.wikidata.org/entity/Q103949431,http://www.bibliotecheoggi.it/trends/article/view/44/28
http://www.wikidata.org/entity/Q103949428,http://www.bibliotecheoggi.it/trends/article/view/1107/1170
http://www.wikidata.org/entity/Q103949437,http://www.bibliotecheoggi.it/trends/article/view/511/565
http://www.wikidata.org/entity/Q103949443,http://www.bibliotecheoggi.it/trends/article/view/645/694
http://www.wikidata.org/entity/Q103949445,http://www.bibliotecheoggi.it/trends/article/view/783/856
http://www.wikidata.org/entity/Q103949450,http://www.bibliotecheoggi.it/trends/article/view/928/1015
http://www.wikidata.org/entity/Q103949454,http://www.bibliotecheoggi.it/trends/article/view/1067/1177
http://www.wikidata.org/entity/Q103949460,http://www.bibliotecheoggi.it/trends/article/view/39/729
http://www.wikidata.org/entity/Q103949465,http://www.bibliotecheoggi.it/trends/article/view/416/521
http://www.wikidata.org/entity/Q103949468,http://www.bibliotecheoggi.it/trends/article/view/589/636
http://www.wikidata.org/entity/Q103949472,http://www.bibliotecheoggi.it/trends/article/view/740/785
http://www.wikidata.org/entity/Q103949476,http://www.bibliotecheoggi.it/trends/article/view/888/945
http://www.wikidata.org/entity/Q103949482,http://www.bibliotecheoggi.it/trends/article/view/1037/1101; http://eprints.rclis.org/id/eprint/39519
http://www.wikidata.org/entity/Q104057116,https://www.aib.it/struttura/sezioni/toscana/bibelot/bibelot-3-2014/2015/46964-intervista-a-tommaso-giordano/
http://www.wikidata.org/entity/Q104057358,https://www.aib.it/struttura/sezioni/toscana/bibelot/bibelot-3-2012/2012/29930-bibliopride-2012-biblioteche-redos/
http://www.wikidata.org/entity/Q104150702,
http://www.wikidata.org/entity/Q104150703,
http://www.wikidata.org/entity/Q104150704,
http://www.wikidata.org/entity/Q104213403,
http://www.wikidata.org/entity/Q104213404,
http://www.wikidata.org/entity/Q104250752,
http://www.wikidata.org/entity/Q104250758,
http://www.wikidata.org/entity/Q104250756,
http://www.wikidata.org/entity/Q104250763,
http://www.wikidata.org/entity/Q104250761,
http://www.wikidata.org/entity/Q104250766,
http://www.wikidata.org/entity/Q104250768,
http://www.wikidata.org/entity/Q104250769,
http://www.wikidata.org/entity/Q104250775,
http://www.wikidata.org/entity/Q104250772,https://www.aib.it/aib/sezioni/toscana/b9802b.htm
http://www.wikidata.org/entity/Q104250773,https://www.aib.it/aib/sezioni/toscana/b9802c.htm
http://www.wikidata.org/entity/Q104250778,https://www.aib.it/aib/sezioni/toscana/b9802d.htm
http://www.wikidata.org/entity/Q104250781,https://www.aib.it/aib/sezioni/toscana/b9802e.htm
http://www.wikidata.org/entity/Q104250786,
http://www.wikidata.org/entity/Q104250784,
http://www.wikidata.org/entity/Q104250790,
http://www.wikidata.org/entity/Q104250788,
http://www.wikidata.org/entity/Q104250795,https://www.aib.it/aib/sezioni/toscana/b9803b.htm
http://www.wikidata.org/entity/Q104250793,https://www.aib.it/aib/sezioni/toscana/b9803a.htm
http://www.wikidata.org/entity/Q104250798,
http://www.wikidata.org/entity/Q104381859,https://www.aib.it/aib/sezioni/toscana/bibelot/b9901s.htm
http://www.wikidata.org/entity/Q104381886,https://www.aib.it/aib/sezioni/toscana/bibelot/b9901q.htm
http://www.wikidata.org/entity/Q104381887,https://www.aib.it/aib/sezioni/toscana/bibelot/b9901p.htm
http://www.wikidata.org/entity/Q104381885,https://www.aib.it/aib/sezioni/toscana/bibelot/b9901r.htm
http://www.wikidata.org/entity/Q104381890,https://www.aib.it/aib/sezioni/toscana/bibelot/b9901m1.htm
http://www.wikidata.org/entity/Q104381891,https://www.aib.it/aib/sezioni/toscana/bibelot/b9901m.htm
http://www.wikidata.org/entity/Q104381888,https://www.aib.it/aib/sezioni/toscana/bibelot/b9901o.htm
http://www.wikidata.org/entity/Q104381889,https://www.aib.it/aib/sezioni/toscana/bibelot/b9901n.htm
http://www.wikidata.org/entity/Q104381894,https://www.aib.it/aib/sezioni/toscana/bibelot/b9901k.htm
http://www.wikidata.org/entity/Q104381895,https://www.aib.it/aib/sezioni/toscana/bibelot/b9901j.htm
http://www.wikidata.org/entity/Q104381892,https://www.aib.it/aib/sezioni/toscana/bibelot/b9901l.htm
http://www.wikidata.org/entity/Q104381893,https://www.aib.it/aib/sezioni/toscana/bibelot/b9901k1.htm
http://www.wikidata.org/entity/Q104381898,https://www.aib.it/aib/sezioni/toscana/bibelot/b9901h.htm
http://www.wikidata.org/entity/Q104381899,
http://www.wikidata.org/entity/Q104381896,https://www.aib.it/aib/sezioni/toscana/bibelot/b9901i2.htm
http://www.wikidata.org/entity/Q104381897,https://www.aib.it/aib/sezioni/toscana/bibelot/b9901i.htm
http://www.wikidata.org/entity/Q104381902,https://www.aib.it/aib/sezioni/toscana/bibelot/b9901f.htm
http://www.wikidata.org/entity/Q104381903,
http://www.wikidata.org/entity/Q104381900,
http://www.wikidata.org/entity/Q104381901,https://www.aib.it/aib/sezioni/toscana/c990429.htm
http://www.wikidata.org/entity/Q104381904,https://www.aib.it/aib/sezioni/toscana/bibelot/b9901d.htm
http://www.wikidata.org/entity/Q104381905,https://www.aib.it/aib/sezioni/toscana/bibelot/b9901c.htm
http://www.wikidata.org/entity/Q104382458,https://riviste.aib.it/index.php/bibelot/article/view/12030
http://www.wikidata.org/entity/Q104382459,https://riviste.aib.it/index.php/bibelot/article/view/12036
http://www.wikidata.org/entity/Q104382457,https://riviste.aib.it/index.php/bibelot/article/view/12044
http://www.wikidata.org/entity/Q109854344,
http://www.wikidata.org/entity/Q109854345,http://www.ricerchedisconfine.info/dossier-1/PASQUINIeBERSELLI.htm
http://www.wikidata.org/entity/Q109854351,http://www.ricerchedisconfine.info/dossier-1/COLOMBO.htm
http://www.wikidata.org/entity/Q109854348,http://www.ricerchedisconfine.info/dossier-1/ROMANINI.htm
http://www.wikidata.org/entity/Q109854349,http://www.ricerchedisconfine.info/dossier-1/CECCHI.htm
http://www.wikidata.org/entity/Q109854354,http://www.ricerchedisconfine.info/dossier-1/BIANCHI.htm
http://www.wikidata.org/entity/Q109854355,http://www.ricerchedisconfine.info/dossier-1/PAPOTTI.htm
http://www.wikidata.org/entity/Q109854352,http://www.ricerchedisconfine.info/dossier-1/GASPARINI.htm
http://www.wikidata.org/entity/Q109854353,http://www.ricerchedisconfine.info/dossier-1/GANDOLFI.htm
http://www.wikidata.org/entity/Q109854358,http://www.ricerchedisconfine.info/dossier-1/ACQUAVIVA.htm
http://www.wikidata.org/entity/Q109854359,http://www.ricerchedisconfine.info/dossier-1/BRAMINI.htm
http://www.wikidata.org/entity/Q109854360,http://www.ricerchedisconfine.info/dossier-1/MENATTI.htm
http://www.wikidata.org/entity/Q109854430,
http://www.wikidata.org/entity/Q109854431,http://www.ricerchedisconfine.info/dossier-1/MESSORI.htm
http://www.wikidata.org/entity/Q109854434,
http://www.wikidata.org/entity/Q109854435,
http://www.wikidata.org/entity/Q109854432,http://hdl.handle.net/1889/2379
http://www.wikidata.org/entity/Q109854439,http://hdl.handle.net/1889/2388
http://www.wikidata.org/entity/Q109854436,
http://www.wikidata.org/entity/Q109854437,
http://www.wikidata.org/entity/Q109854442,
http://www.wikidata.org/entity/Q109854440,
http://www.wikidata.org/entity/Q109854446,
http://www.wikidata.org/entity/Q109854447,
http://www.wikidata.org/entity/Q109854444,
http://www.wikidata.org/entity/Q109854445,
http://www.wikidata.org/entity/Q109854450,http://hdl.handle.net/1889/2393
http://www.wikidata.org/entity/Q109854448,http://hdl.handle.net/1889/2397
http://www.wikidata.org/entity/Q109854449,
http://www.wikidata.org/entity/Q109854454,
http://www.wikidata.org/entity/Q109854452,
http://www.wikidata.org/entity/Q109854458,
http://www.wikidata.org/entity/Q109854459,http://hdl.handle.net/1889/2378
http://www.wikidata.org/entity/Q109854456,http://hdl.handle.net/1889/2381
http://www.wikidata.org/entity/Q109854457,
http://www.wikidata.org/entity/Q109854462,
http://www.wikidata.org/entity/Q109854461,
http://www.wikidata.org/entity/Q109854464,
http://www.wikidata.org/entity/Q109854465,
http://www.wikidata.org/entity/Q109854470,
http://www.wikidata.org/entity/Q109854471,
http://www.wikidata.org/entity/Q109854468,
http://www.wikidata.org/entity/Q109854469,
http://www.wikidata.org/entity/Q109854474,
http://www.wikidata.org/entity/Q109854472,
http://www.wikidata.org/entity/Q109854473,
http://www.wikidata.org/entity/Q109854476,
http://www.wikidata.org/entity/Q109854477,
http://www.wikidata.org/entity/Q109854483,http://www.ricerchedisconfine.info/index.htm
http://www.wikidata.org/entity/Q109854480,
http://www.wikidata.org/entity/Q109854481,http://www.ricerchedisconfine.info/index.htm
http://www.wikidata.org/entity/Q109854487,http://www.ricerchedisconfine.info/index.htm
http://www.wikidata.org/entity/Q109854484,http://www.ricerchedisconfine.info/index.htm
http://www.wikidata.org/entity/Q109854485,http://www.ricerchedisconfine.info/index.htm
http://www.wikidata.org/entity/Q109854491,http://www.ricerchedisconfine.info/index.htm
http://www.wikidata.org/entity/Q109854488,http://www.ricerchedisconfine.info/index.htm
http://www.wikidata.org/entity/Q109854489,http://www.ricerchedisconfine.info/index.htm
http://www.wikidata.org/entity/Q109854494,http://www.ricerchedisconfine.info/index.htm
http://www.wikidata.org/entity/Q109854495,http://www.ricerchedisconfine.info/index.htm
http://www.wikidata.org/entity/Q109854499,http://www.ricerchedisconfine.info/index.htm
http://www.wikidata.org/entity/Q109854497,http://www.ricerchedisconfine.info/index.htm
http://www.wikidata.org/entity/Q109854500,
http://www.wikidata.org/entity/Q109854566,
http://www.wikidata.org/entity/Q109854567,
http://www.wikidata.org/entity/Q109854565,
http://www.wikidata.org/entity/Q109854570,
http://www.wikidata.org/entity/Q109854571,
http://www.wikidata.org/entity/Q109854568,
http://www.wikidata.org/entity/Q109854574,http://hdl.handle.net/1889/2670
http://www.wikidata.org/entity/Q109854575,
http://www.wikidata.org/entity/Q109854573,
http://www.wikidata.org/entity/Q109854578,
http://www.wikidata.org/entity/Q109854579,
http://www.wikidata.org/entity/Q109854582,http://www.ricerchedisconfine.info/VI-1/MALVEZZI.htm
http://www.wikidata.org/entity/Q109854583,http://www.ricerchedisconfine.info/VI-1/MARIANI.htm
http://www.wikidata.org/entity/Q109854580,http://www.ricerchedisconfine.info/VI-1/PAGANI.htm
http://www.wikidata.org/entity/Q109854586,http://www.ricerchedisconfine.info/VI-1/ZULIANI.htm
http://www.wikidata.org/entity/Q109854587,http://www.ricerchedisconfine.info/VI-1/SOLDI.htm
http://www.wikidata.org/entity/Q109854584,http://www.ricerchedisconfine.info/VI-1/ROSCINI.htm
http://www.wikidata.org/entity/Q109854590,http://www.ricerchedisconfine.info/VI-1/PERNA.htm
http://www.wikidata.org/entity/Q109854588,http://hdl.handle.net/1889/3258
http://www.wikidata.org/entity/Q109854594,http://www.ricerchedisconfine.info/VI-1/PIATTI.htm
http://www.wikidata.org/entity/Q109854592,http://www.ricerchedisconfine.info/VI-1/BORAGINA.htm
http://www.wikidata.org/entity/Q109854593,http://www.ricerchedisconfine.info/VI-1/DIRADDO.htm
http://www.wikidata.org/entity/Q109854598,http://www.ricerchedisconfine.info/VI-1/CASATI.htm
http://www.wikidata.org/entity/Q109854596,http://www.ricerchedisconfine.info/VI-1/CHERNETICH.htm
http://www.wikidata.org/entity/Q109854597,http://www.ricerchedisconfine.info/VI-1/NICOLETTI.htm
http://www.wikidata.org/entity/Q109854603,http://www.ricerchedisconfine.info/VI-1/FAVA.htm
http://www.wikidata.org/entity/Q109854600,http://www.ricerchedisconfine.info/VI-1/GALLO.htm
http://www.wikidata.org/entity/Q109854601,http://www.ricerchedisconfine.info/VI-1/CUKA.htm
http://www.wikidata.org/entity/Q109854607,http://www.ricerchedisconfine.info/VII-1/PINTO.htm
http://www.wikidata.org/entity/Q109854604,http://www.ricerchedisconfine.info/VII-1/SIRONI.htm
http://www.wikidata.org/entity/Q109854605,http://www.ricerchedisconfine.info/VII-1/FONTANA.htm
http://www.wikidata.org/entity/Q109854611,http://www.ricerchedisconfine.info/VII-1/DECECCO.htm
http://www.wikidata.org/entity/Q109854608,http://www.ricerchedisconfine.info/VII-1/CUKA.htm
http://www.wikidata.org/entity/Q109854609,http://www.ricerchedisconfine.info/VII-1/ZINELLI.htm
http://www.wikidata.org/entity/Q109854612,http://www.ricerchedisconfine.info/VII-1/MODENA.htm
http://www.wikidata.org/entity/Q109854613,http://www.ricerchedisconfine.info/VII-1/COCCONI.htm
http://www.wikidata.org/entity/Q109854618,
http://www.wikidata.org/entity/Q109854619,
http://www.wikidata.org/entity/Q104382462,https://riviste.aib.it/index.php/bibelot/article/view/12031
http://www.wikidata.org/entity/Q104382463,https://riviste.aib.it/index.php/bibelot/article/view/12034
http://www.wikidata.org/entity/Q104382460,https://riviste.aib.it/index.php/bibelot/article/view/12029
http://www.wikidata.org/entity/Q104382466,https://riviste.aib.it/index.php/bibelot/article/view/12038
http://www.wikidata.org/entity/Q104382467,https://riviste.aib.it/index.php/bibelot/article/view/12042
http://www.wikidata.org/entity/Q104382464,https://riviste.aib.it/index.php/bibelot/article/view/12033
http://www.wikidata.org/entity/Q104382465,https://riviste.aib.it/index.php/bibelot/article/view/12032
http://www.wikidata.org/entity/Q104382470,https://riviste.aib.it/index.php/bibelot/article/view/12027
http://www.wikidata.org/entity/Q104382471,https://riviste.aib.it/index.php/bibelot/article/view/12035
http://www.wikidata.org/entity/Q104382468,https://riviste.aib.it/index.php/bibelot/article/view/12043
http://www.wikidata.org/entity/Q104382469,https://riviste.aib.it/index.php/bibelot/article/view/12028
http://www.wikidata.org/entity/Q104382475,https://riviste.aib.it/index.php/bibelot/article/view/12039
http://www.wikidata.org/entity/Q104382472,https://riviste.aib.it/index.php/bibelot/article/view/12037
http://www.wikidata.org/entity/Q104382473,https://riviste.aib.it/index.php/bibelot/article/view/12040
http://www.wikidata.org/entity/Q104455507,https://riviste.aib.it/index.php/bibelot/article/view/12192
http://www.wikidata.org/entity/Q104786698,https://bibliothecae.unibo.it/article/view/11817
http://www.wikidata.org/entity/Q104786699,https://bibliothecae.unibo.it/article/view/11818
http://www.wikidata.org/entity/Q104786702,https://bibliothecae.unibo.it/article/view/11991
http://www.wikidata.org/entity/Q104786700,https://bibliothecae.unibo.it/article/view/11987
http://www.wikidata.org/entity/Q104786701,https://bibliothecae.unibo.it/article/view/11990
http://www.wikidata.org/entity/Q104786706,https://bibliothecae.unibo.it/article/view/12004
http://www.wikidata.org/entity/Q104786707,https://bibliothecae.unibo.it/article/view/12007
http://www.wikidata.org/entity/Q104786704,https://bibliothecae.unibo.it/article/view/11992
http://www.wikidata.org/entity/Q104786705,https://bibliothecae.unibo.it/article/view/11995
http://www.wikidata.org/entity/Q104786709,https://bibliothecae.unibo.it/article/view/12008
http://www.wikidata.org/entity/Q105491102,https://aibstudi.aib.it/article/view/12363/11783; https://aibstudi.aib.it/article/view/12363/11785
http://www.wikidata.org/entity/Q105491103,https://aibstudi.aib.it/article/view/12471/11767; https://aibstudi.aib.it/article/view/12471/11792
http://www.wikidata.org/entity/Q105491101,https://aibstudi.aib.it/article/view/12257/11656; https://aibstudi.aib.it/article/view/12257/11717
http://www.wikidata.org/entity/Q105491106,https://aibstudi.aib.it/article/view/12762/11721; https://aibstudi.aib.it/article/view/12762/11789
http://www.wikidata.org/entity/Q105491107,https://aibstudi.aib.it/article/view/12899/11791
http://www.wikidata.org/entity/Q105491104,https://aibstudi.aib.it/article/view/12477/11788; https://aibstudi.aib.it/article/view/12477/11799
http://www.wikidata.org/entity/Q105491105,https://aibstudi.aib.it/article/view/12475/11773; https://aibstudi.aib.it/article/view/12475/11793
http://www.wikidata.org/entity/Q105491110,https://aibstudi.aib.it/article/view/13007/11786%7Chttps://aibstudi.aib.it/article/view/13007/11784
http://www.wikidata.org/entity/Q105491108,https://aibstudi.aib.it/article/view/12978/11766; https://aibstudi.aib.it/article/view/12978/11795
http://www.wikidata.org/entity/Q105491109,https://aibstudi.aib.it/article/view/13008/11782%7Chttps://aibstudi.aib.it/article/view/13008/11787
http://www.wikidata.org/entity/Q105491114,https://aibstudi.aib.it/article/view/12912/11778; https://aibstudi.aib.it/article/view/12912/11794
http://www.wikidata.org/entity/Q105491112,https://aibstudi.aib.it/article/view/12216/11719; https://aibstudi.aib.it/article/view/12216/11796
http://www.wikidata.org/entity/Q105491113,https://aibstudi.aib.it/article/view/12481/11790; https://aibstudi.aib.it/article/view/12481/11798
http://www.wikidata.org/entity/Q106696225,https://riviste.aib.it/index.php/vedianche/article/view/12993
http://www.wikidata.org/entity/Q107394986,https://bibliothecae.unibo.it/article/view/13064
http://www.wikidata.org/entity/Q107394987,https://bibliothecae.unibo.it/article/view/13066
http://www.wikidata.org/entity/Q107394990,https://bibliothecae.unibo.it/article/view/13081
http://www.wikidata.org/entity/Q107394991,https://bibliothecae.unibo.it/article/view/13070
http://www.wikidata.org/entity/Q107394988,https://bibliothecae.unibo.it/article/view/13067
http://www.wikidata.org/entity/Q107394989,https://bibliothecae.unibo.it/article/view/13068
http://www.wikidata.org/entity/Q107394994,https://bibliothecae.unibo.it/article/view/13072
http://www.wikidata.org/entity/Q107394995,https://bibliothecae.unibo.it/article/view/13073
http://www.wikidata.org/entity/Q107394992,https://bibliothecae.unibo.it/article/view/13071
http://www.wikidata.org/entity/Q107394999,https://bibliothecae.unibo.it/article/view/13076
http://www.wikidata.org/entity/Q107394996,https://bibliothecae.unibo.it/article/view/13074
http://www.wikidata.org/entity/Q107394997,https://bibliothecae.unibo.it/article/view/13075
http://www.wikidata.org/entity/Q107395002,https://bibliothecae.unibo.it/article/view/13079
http://www.wikidata.org/entity/Q107395003,https://bibliothecae.unibo.it/article/view/13080
http://www.wikidata.org/entity/Q107395000,https://bibliothecae.unibo.it/article/view/13077
http://www.wikidata.org/entity/Q107395001,https://bibliothecae.unibo.it/article/view/13078
http://www.wikidata.org/entity/Q107620404,https://rpd.unibo.it/article/view/5911/5632
http://www.wikidata.org/entity/Q107699770,
http://www.wikidata.org/entity/Q109593333,
http://www.wikidata.org/entity/Q109593344,https://oajournals.fupress.net/index.php/scrineum/article/view/8766/8764
http://www.wikidata.org/entity/Q109622637,
http://www.wikidata.org/entity/Q109659838,https://riviste.aib.it/index.php/vedianche/article/view/11668
http://www.wikidata.org/entity/Q109659843,https://riviste.aib.it/index.php/vedianche/article/view/11799
http://www.wikidata.org/entity/Q109854295,
http://www.wikidata.org/entity/Q109854298,
http://www.wikidata.org/entity/Q109854299,
http://www.wikidata.org/entity/Q109854296,
http://www.wikidata.org/entity/Q109854297,
http://www.wikidata.org/entity/Q109854302,
http://www.wikidata.org/entity/Q109854303,
http://www.wikidata.org/entity/Q109854301,
http://www.wikidata.org/entity/Q109854306,
http://www.wikidata.org/entity/Q109854307,
http://www.wikidata.org/entity/Q109854304,
http://www.wikidata.org/entity/Q109854311,http://www.ricerchedisconfine.info/II-1/PINTARELLI.htm
http://www.wikidata.org/entity/Q109854309,http://www.ricerchedisconfine.info/II-1/CASERO.htm
http://www.wikidata.org/entity/Q109854314,http://www.ricerchedisconfine.info/II-1/SCOTTI.htm
http://www.wikidata.org/entity/Q109854315,http://www.ricerchedisconfine.info/II-1/PINNOCK.htm
http://www.wikidata.org/entity/Q109854312,http://www.ricerchedisconfine.info/II-1/TAGLIACOLLO.htm
http://www.wikidata.org/entity/Q109854313,http://www.ricerchedisconfine.info/II-1/CHARANS.htm
http://www.wikidata.org/entity/Q109854319,http://www.ricerchedisconfine.info/II-1/MESSORI.htm
http://www.wikidata.org/entity/Q109854316,
http://www.wikidata.org/entity/Q109854322,http://www.ricerchedisconfine.info/II-1/TORELLI.htm
http://www.wikidata.org/entity/Q109854323,http://www.ricerchedisconfine.info/II-1/TORTELLI.htm
http://www.wikidata.org/entity/Q109854326,http://www.ricerchedisconfine.info/II-1/MIRABILE.htm
http://www.wikidata.org/entity/Q109854327,http://www.ricerchedisconfine.info/II-1/RAMAZZINI.htm
http://www.wikidata.org/entity/Q109854324,http://www.ricerchedisconfine.info/II-1/BIGNOTTI.htm
http://www.wikidata.org/entity/Q109854325,http://www.ricerchedisconfine.info/II-1/TRAVISONNI.htm
http://www.wikidata.org/entity/Q109854331,http://www.ricerchedisconfine.info/II-1/VESCOVI.htm
http://www.wikidata.org/entity/Q109854328,http://www.ricerchedisconfine.info/II-1/NADALI.htm
http://www.wikidata.org/entity/Q109854329,http://www.ricerchedisconfine.info/II-1/BRANCHI.htm
http://www.wikidata.org/entity/Q109854334,
http://www.wikidata.org/entity/Q109854335,
http://www.wikidata.org/entity/Q109854332,http://www.ricerchedisconfine.info/II-1/MODENA.htm
http://www.wikidata.org/entity/Q109854333,
http://www.wikidata.org/entity/Q109854338,
http://www.wikidata.org/entity/Q109854336,
http://www.wikidata.org/entity/Q109854337,
http://www.wikidata.org/entity/Q109854343,
http://www.wikidata.org/entity/Q109854341,
http://www.wikidata.org/entity/Q109854347,http://www.ricerchedisconfine.info/dossier-1/ZAMBON.htm
http://www.wikidata.org/entity/Q109854616,http://www.ricerchedisconfine.info/VII-1/PIOSELLI.htm
http://www.wikidata.org/entity/Q109854623,
http://www.wikidata.org/entity/Q109854620,
http://www.wikidata.org/entity/Q109854621,
http://www.wikidata.org/entity/Q109854627,
http://www.wikidata.org/entity/Q109854624,
http://www.wikidata.org/entity/Q109854625,
http://www.wikidata.org/entity/Q109854630,
http://www.wikidata.org/entity/Q109854629,
http://www.wikidata.org/entity/Q109854634,
http://www.wikidata.org/entity/Q109854632,
http://www.wikidata.org/entity/Q109854633,
http://www.wikidata.org/entity/Q109854699,
http://www.wikidata.org/entity/Q109854702,
http://www.wikidata.org/entity/Q109854700,
http://www.wikidata.org/entity/Q109854701,
http://www.wikidata.org/entity/Q109854706,
http://www.wikidata.org/entity/Q109854707,
http://www.wikidata.org/entity/Q109854704,
http://www.wikidata.org/entity/Q109854705,
http://www.wikidata.org/entity/Q109854708,
http://www.wikidata.org/entity/Q109854714,
http://www.wikidata.org/entity/Q109854712,
http://www.wikidata.org/entity/Q109854713,
http://www.wikidata.org/entity/Q109854718,
http://www.wikidata.org/entity/Q109854719,
http://www.wikidata.org/entity/Q109854716,
http://www.wikidata.org/entity/Q109854717,
http://www.wikidata.org/entity/Q109854721,
http://www.wikidata.org/entity/Q109947957,https://aibstudi.aib.it/article/view/6294/5907
http://www.wikidata.org/entity/Q110067791,
http://www.wikidata.org/entity/Q110386754,https://bibliothecae.unibo.it/article/view/14047
http://www.wikidata.org/entity/Q110386758,https://bibliothecae.unibo.it/article/view/14050
http://www.wikidata.org/entity/Q110386756,https://bibliothecae.unibo.it/article/view/14067
http://www.wikidata.org/entity/Q110386763,https://bibliothecae.unibo.it/article/view/14051
http://www.wikidata.org/entity/Q110386761,https://bibliothecae.unibo.it/article/view/14068
http://www.wikidata.org/entity/Q110386765,https://bibliothecae.unibo.it/article/view/14052
http://www.wikidata.org/entity/Q110386770,https://bibliothecae.unibo.it/article/view/14054
http://www.wikidata.org/entity/Q110386771,https://bibliothecae.unibo.it/article/view/14070
http://www.wikidata.org/entity/Q110386768,https://bibliothecae.unibo.it/article/view/14069
http://www.wikidata.org/entity/Q110386774,https://bibliothecae.unibo.it/article/view/14071
http://www.wikidata.org/entity/Q110386773,https://bibliothecae.unibo.it/article/view/14056
http://www.wikidata.org/entity/Q110386778,https://bibliothecae.unibo.it/article/view/14072
http://www.wikidata.org/entity/Q110386776,https://bibliothecae.unibo.it/article/view/14066
http://www.wikidata.org/entity/Q110386782,https://bibliothecae.unibo.it/article/view/14074
http://www.wikidata.org/entity/Q110386780,https://bibliothecae.unibo.it/article/view/14073
http://www.wikidata.org/entity/Q110386786,https://bibliothecae.unibo.it/article/view/14100
http://www.wikidata.org/entity/Q110386784,https://bibliothecae.unibo.it/article/view/14075
http://www.wikidata.org/entity/Q111088376,https://oa.inapp.org/jspui/bitstream/20.500.12916/3379/3/DAgostino_Vaccaro_Sinappsi_2_2021.pdf
http://www.wikidata.org/entity/Q111163090,https://oa.inapp.org/jspui/bitstream/20.500.12916/3381/3/Guarascio_et_al_Sinappsi_2_2021.pdf
http://www.wikidata.org/entity/Q111191307,https://oa.inapp.org/jspui/bitstream/20.500.12916/3380/3/Fareri_Solinas_Sinappsi_2_2021.pdf
http://www.wikidata.org/entity/Q111232946,https://oa.inapp.org/jspui/bitstream/20.500.12916/3382/3/Sbardella_et_al_Sinappsi_2_2021.pdf
http://www.wikidata.org/entity/Q111235775,https://oa.inapp.org/jspui/bitstream/20.500.12916/3384/3/Cirillo_et_al_Sinappsi_2_2021.pdf
http://www.wikidata.org/entity/Q111244430,https://oa.inapp.org/jspui/bitstream/20.500.12916/3383/3/Cetrulo_Sinappsi_2_2021.pdf
http://www.wikidata.org/entity/Q111248680,https://oa.inapp.org/jspui/bitstream/20.500.12916/3255/8/DeMinicis_Shelter_from_the_storm_Sinappsi_1_2021.pdf
http://www.wikidata.org/entity/Q111248972,https://oa.inapp.org/jspui/bitstream/20.500.12916/3253/2/Ferri_Tesauro_Impatto_laurea_magistrale_su_redditi_da_lavoro_Sinappsi_1_2021.pdf
http://www.wikidata.org/entity/Q111281871,https://oa.inapp.org/jspui/bitstream/20.500.12916/3455/1/Brunetti_Ricci_Scicchitano_Working_from_home_caratteristiche_dei_lavoratori_e_salari_Sinappsi_3_2021.pdf
http://www.wikidata.org/entity/Q111282815,https://oa.inapp.org/jspui/bitstream/20.500.12916/3454/1/Checcucci_Recovery_4.0_Ageing_labour_markets_digitalisation_and_Covid19_Sinappsi_3_2021.pdf
http://www.wikidata.org/entity/Q111283250,https://oa.inapp.org/jspui/bitstream/20.500.12916/3254/8/DiCastro_Literacy_matematica_nella_scuola_italiana_Sinappsi_1_2021.pdf
http://www.wikidata.org/entity/Q111283475,https://oa.inapp.org/jspui/bitstream/20.500.12916/3252/8/Pusch_Seifert_Short-time_work_in%20Germany_Sinappsi_1_2021.pdf
http://www.wikidata.org/entity/Q111284671,https://oa.inapp.org/jspui/bitstream/20.500.12916/3251/8/DiGiambattista_Esposito_Pulino_Rizzo_Interventi_di_contrasto_alla_crisi_da_Covid-19_Sinappsi_1_2021.pdf
http://www.wikidata.org/entity/Q111317641,https://oa.inapp.org/jspui/bitstream/20.500.12916/3453/1/Mandrone_Digital_oddities_technological_change_and_cultural_elaboration_Sinappsi_3_2021.pdf
http://www.wikidata.org/entity/Q111333696,https://oa.inapp.org/jspui/bitstream/20.500.12916/3452/1/Hidalgo-Perez_Molinari_The_effect_of_routine-biased_technical_change_on_wage_inequality_Sinappsi_3_2021.pdf
http://www.wikidata.org/entity/Q111333860,https://oa.inapp.org/jspui/bitstream/20.500.12916/3451/1/Resce_Iadevaia_Territori_ed_ecosistemi_di_innovazione_per_la_transizione_4.0_Sinappsi_3_2021.pdf
http://www.wikidata.org/entity/Q111339952,https://oa.inapp.org/jspui/bitstream/20.500.12916/822/8/Brunetti_Sinappsi_3-2020_Errata_corrige.pdf
http://www.wikidata.org/entity/Q111340032,https://oa.inapp.org/jspui/bitstream/20.500.12916/823/3/INAPP_Ferritti_Scuole_chiuse_classi_aperte_Sinappsi_3_2020.pdf
http://www.wikidata.org/entity/Q111342753,https://oa.inapp.org/jspui/bitstream/20.500.12916/3250/1/Berloffa_Sandor_Smith_Villa_Youth_employment_trajectories_Great_Rcession_Sinappsi_1_2021.pdf
http://www.wikidata.org/entity/Q111395751,https://aibstudi.aib.it/article/view/13004/46; https://aibstudi.aib.it/article/view/13004/9
http://www.wikidata.org/entity/Q111395752,https://aibstudi.aib.it/article/view/13009/23; https://aibstudi.aib.it/article/view/13009/52
http://www.wikidata.org/entity/Q111395753,https://aibstudi.aib.it/article/view/13012/47; https://aibstudi.aib.it/article/view/13012/48
http://www.wikidata.org/entity/Q111395758,https://aibstudi.aib.it/article/view/13157/24; https://aibstudi.aib.it/article/view/13157/36
http://www.wikidata.org/entity/Q111395759,https://aibstudi.aib.it/article/view/13158/35; https://aibstudi.aib.it/article/view/13158/43
http://www.wikidata.org/entity/Q111395756,https://aibstudi.aib.it/article/view/13045/30; https://aibstudi.aib.it/article/view/13045/50
http://www.wikidata.org/entity/Q111395757,https://aibstudi.aib.it/article/view/13076/29; https://aibstudi.aib.it/article/view/13076/42
http://www.wikidata.org/entity/Q111395762,https://aibstudi.aib.it/article/view/13221/33; https://aibstudi.aib.it/article/view/13221/54
http://www.wikidata.org/entity/Q111395763,https://aibstudi.aib.it/article/view/13248/38; https://aibstudi.aib.it/article/view/13248/39
http://www.wikidata.org/entity/Q111395760,https://aibstudi.aib.it/article/view/13160/34; https://aibstudi.aib.it/article/view/13160/40
http://www.wikidata.org/entity/Q111395761,https://aibstudi.aib.it/article/view/13169/32; https://aibstudi.aib.it/article/view/13169/49
http://www.wikidata.org/entity/Q111395764,https://aibstudi.aib.it/article/view/13250/25; https://aibstudi.aib.it/article/view/13250/45
http://www.wikidata.org/entity/Q111395765,https://aibstudi.aib.it/article/view/13251/31; https://aibstudi.aib.it/article/view/13251/44
http://www.wikidata.org/entity/Q111431563,https://aibstudi.aib.it/article/view/13171/119; https://aibstudi.aib.it/article/view/13171/124
http://www.wikidata.org/entity/Q111431566,https://aibstudi.aib.it/article/view/13229/108; https://aibstudi.aib.it/article/view/13229/74
http://www.wikidata.org/entity/Q111431567,https://aibstudi.aib.it/article/view/13265/106; https://aibstudi.aib.it/article/view/13265/72
http://www.wikidata.org/entity/Q111431564,https://aibstudi.aib.it/article/view/13212/115; https://aibstudi.aib.it/article/view/13212/93
http://www.wikidata.org/entity/Q111431565,https://aibstudi.aib.it/article/view/13216/117; https://aibstudi.aib.it/article/view/13216/73
http://www.wikidata.org/entity/Q111431570,https://aibstudi.aib.it/article/view/13278/125; https://aibstudi.aib.it/article/view/13278/123
http://www.wikidata.org/entity/Q111431571,https://aibstudi.aib.it/article/view/13298/100; https://aibstudi.aib.it/article/view/13298/114
http://www.wikidata.org/entity/Q111431568,https://aibstudi.aib.it/article/view/13274/116; https://aibstudi.aib.it/article/view/13274/97
http://www.wikidata.org/entity/Q111431569,https://aibstudi.aib.it/article/view/13277/101; https://aibstudi.aib.it/article/view/13277/110
http://www.wikidata.org/entity/Q111431574,https://aibstudi.aib.it/article/view/13302/104; https://aibstudi.aib.it/article/view/13302/112
http://www.wikidata.org/entity/Q111431573,https://aibstudi.aib.it/article/view/13299/102; https://aibstudi.aib.it/article/view/13299/113
http://www.wikidata.org/entity/Q111431578,https://aibstudi.aib.it/article/view/13316/111; https://aibstudi.aib.it/article/view/13316/96
http://www.wikidata.org/entity/Q111431576,https://aibstudi.aib.it/article/view/13303/122; https://aibstudi.aib.it/article/view/13303/95
http://www.wikidata.org/entity/Q111431577,https://aibstudi.aib.it/article/view/13305/120; https://aibstudi.aib.it/article/view/13305/121
http://www.wikidata.org/entity/Q111522931,https://rime.cnr.it/index.php/rime/article/view/418
http://www.wikidata.org/entity/Q111576588,https://oa.inapp.org/jspui/bitstream/20.500.12916/3449/1/DeMinicis_Lauande_Digital_and_algorithmic_technology_Sinappsi_3_2021.pdf
http://www.wikidata.org/entity/Q111577180,https://oa.inapp.org/jspui/bitstream/20.500.12916/3450/1/Manafi-Varkiani_Chelaru_Riding_the_wave_4.0_Sinappsi_3_2021.pdf
http://www.wikidata.org/entity/Q111577447,https://oa.inapp.org/jspui/bitstream/20.500.12916/824/5/INAPP_Martini_Il_valore_aggiunto_della_scuola_Sinappsi_3_2020.pdf
http://www.wikidata.org/entity/Q111577696,https://oa.inapp.org/jspui/bitstream/20.500.12916/821/3/INAPP_Crispolti_Carlini_Appendice__Il_quadro_del_sistema_italiano_di_istruzione_e_formazione_Sinappsi_3_2020.pdf
http://www.wikidata.org/entity/Q111578756,https://www.tandfonline.com/doi/abs/10.1080/00269786.1968.10736128
http://www.wikidata.org/entity/Q111578802,https://www.tandfonline.com/doi/abs/10.1080/00269786.1971.10736164
http://www.wikidata.org/entity/Q111578810,https://www.tandfonline.com/doi/abs/10.1080/00269786.1971.10736172
http://www.wikidata.org/entity/Q111578825,https://www.tandfonline.com/doi/abs/10.1080/00269786.1972.10736183
http://www.wikidata.org/entity/Q111578864,https://www.tandfonline.com/doi/abs/10.1080/00269786.1973.10736213
http://www.wikidata.org/entity/Q111578928,https://www.tandfonline.com/doi/abs/10.1080/00269786.1975.10736243
http://www.wikidata.org/entity/Q111579071,https://www.tandfonline.com/doi/abs/10.1080/00269786.1977.10736303
http://www.wikidata.org/entity/Q111579162,https://www.tandfonline.com/doi/abs/10.1080/00269786.1981.10736365
http://www.wikidata.org/entity/Q111579187,https://www.tandfonline.com/doi/abs/10.1080/00269786.1982.10736390
http://www.wikidata.org/entity/Q111579339,https://www.tandfonline.com/doi/abs/10.1080/00269786.1987.10736527
http://www.wikidata.org/entity/Q111582491,
http://www.wikidata.org/entity/Q111582712,
http://www.wikidata.org/entity/Q111595862,https://oa.inapp.org/jspui/bitstream/20.500.12916/820/3/INAPP_De_Minicis_Marocco_Dona_ll_lavoro_online_in_Italia_Gig_o_Sharing_economy_Sinappsi_3_2020.pdf
http://www.wikidata.org/entity/Q111596675,https://oa.inapp.org/jspui/bitstream/20.500.12916/819/3/INAPP_Falzetti_Sacco_Il%20divario_in_colmabile_Sinappsi_3_2020.pdf
http://www.wikidata.org/entity/Q111601394,
http://www.wikidata.org/entity/Q111601392,
http://www.wikidata.org/entity/Q111601398,
http://www.wikidata.org/entity/Q111601399,
http://www.wikidata.org/entity/Q111601396,
http://www.wikidata.org/entity/Q111601397,
http://www.wikidata.org/entity/Q111601402,
http://www.wikidata.org/entity/Q111601401,
http://www.wikidata.org/entity/Q111601404,
http://www.wikidata.org/entity/Q111601410,
http://www.wikidata.org/entity/Q111601411,
http://www.wikidata.org/entity/Q111601414,
http://www.wikidata.org/entity/Q111601413,
http://www.wikidata.org/entity/Q111601423,
http://www.wikidata.org/entity/Q111602339,http://www.onychium.it/sites/default/files/articoli/Cianferoni_Ceccolini_2016_Onychium12.pdf
http://www.wikidata.org/entity/Q111602343,http://www.onychium.it/sites/default/files/articoli/Rocchi_Terzani_2016_Onychium12.pdf
http://www.wikidata.org/entity/Q111602340,http://www.onychium.it/sites/default/files/articoli/Terzani_2016_Onychium12.pdf
http://www.wikidata.org/entity/Q111602345,http://www.onychium.it/sites/default/files/articoli/Vienna_Ratto_2016_Onychium12.pdf
http://www.wikidata.org/entity/Q111602350,http://www.onychium.it/sites/default/files/articoli/Colonnelli_etal_2016_Onychium12.pdf
http://www.wikidata.org/entity/Q111602351,http://www.onychium.it/sites/default/files/articoli/Fabiano_etal_2016_Onychium12.pdf
http://www.wikidata.org/entity/Q111602354,http://www.onychium.it/sites/default/files/articoli/Rocchi_2004_onychium01.pdf
http://www.wikidata.org/entity/Q111602353,http://www.onychium.it/sites/default/files/articoli/Terzani_2004_onychium01.pdf
http://www.wikidata.org/entity/Q111602358,http://www.onychium.it/sites/default/files/articoli/Terzani_Fabiano_2004_onychium01.pdf
http://www.wikidata.org/entity/Q111602359,http://www.onychium.it/sites/default/files/articoli/Berdondini_2004_onychium01.pdf
http://www.wikidata.org/entity/Q111602356,http://www.onychium.it/sites/default/files/articoli/Mascagni_2004_onychium01.pdf
http://www.wikidata.org/entity/Q111602357,http://www.onychium.it/sites/default/files/articoli/Dapporto_Fabiano_2004_onychium01.pdf
http://www.wikidata.org/entity/Q111602362,http://www.onychium.it/sites/default/files/articoli/Bordoni_2005b_onychium02.pdf
http://www.wikidata.org/entity/Q111602363,http://www.onychium.it/sites/default/files/articoli/Bordoni_2005c_onychium02.pdf
http://www.wikidata.org/entity/Q111602360,http://www.onychium.it/sites/default/files/articoli/Bordoni_2005a_onychium02.pdf
http://www.wikidata.org/entity/Q111602361,http://www.onychium.it/sites/default/files/articoli/Terzani_2005_onychium02.pdf
http://www.wikidata.org/entity/Q111602366,http://www.onychium.it/sites/default/files/articoli/Sutto_2005_onychium02.pdf
http://www.wikidata.org/entity/Q111602367,http://www.onychium.it/sites/default/files/articoli/Fabiano_Terzani_2005_onychium02.pdf
http://www.wikidata.org/entity/Q111602364,http://www.onychium.it/sites/default/files/articoli/Mascagni_2005_onychium02.pdf
http://www.wikidata.org/entity/Q111602365,http://www.onychium.it/sites/default/files/articoli/Terzani_Rocchi_2005_onychium02.pdf
http://www.wikidata.org/entity/Q111602370,http://www.onychium.it/sites/default/files/articoli/Terzani_Mascagni_2005_onychium03.pdf
http://www.wikidata.org/entity/Q111602371,http://www.onychium.it/sites/default/files/articoli/Bordoni_2005a_onychium03.pdf
http://www.wikidata.org/entity/Q111602368,http://www.onychium.it/sites/default/files/articoli/Abbazzi_2005_onychium02.pdf
http://www.wikidata.org/entity/Q111602369,http://www.onychium.it/sites/default/files/articoli/Dellacasa_Dellacasa_2005_onychium02.pdf
http://www.wikidata.org/entity/Q111602374,http://www.onychium.it/sites/default/files/articoli/Mascagni_Giardini_2005_onychium03.pdf
http://www.wikidata.org/entity/Q111602375,http://www.onychium.it/sites/default/files/articoli/Cecchi_Carletti_2005_onychium03.pdf
http://www.wikidata.org/entity/Q111602372,http://www.onychium.it/sites/default/files/articoli/Bordoni_2005b_onychium03.pdf
http://www.wikidata.org/entity/Q111602373,http://www.onychium.it/sites/default/files/articoli/Rocchi_2005_onychium03.pdf
http://www.wikidata.org/entity/Q111602378,http://www.onychium.it/sites/default/files/articoli/Terzani_Cianferoni_2007_onychium05_0.pdf
http://www.wikidata.org/entity/Q111602379,http://www.onychium.it/sites/default/files/articoli/Terzani_2007_onychium05.pdf
http://www.wikidata.org/entity/Q111602376,http://www.onychium.it/sites/default/files/articoli/Gori_2005_onychium03.pdf
http://www.wikidata.org/entity/Q111602377,http://www.onychium.it/sites/default/files/articoli/Marconi_Terzani_2006_onychium04.pdf
http://www.wikidata.org/entity/Q111602382,http://www.onychium.it/sites/default/files/articoli/Bordoni_2007b_onychium05.pdf
http://www.wikidata.org/entity/Q111602380,http://www.onychium.it/sites/default/files/articoli/Rocchi_2007_onychium05.pdf
http://www.wikidata.org/entity/Q111602381,http://www.onychium.it/sites/default/files/articoli/Bordoni_2007a_onychium05.pdf
http://www.wikidata.org/entity/Q111602386,http://www.onychium.it/sites/default/files/articoli/Terzani_Carletti_2008_onychium6.pdf
http://www.wikidata.org/entity/Q111602387,http://www.onychium.it/sites/default/files/articoli/Terzani_Zinetti_2008_onychium6.pdf
http://www.wikidata.org/entity/Q111602384,http://www.onychium.it/sites/default/files/articoli/Lisa_Lisa_2007_onychium05.pdf
http://www.wikidata.org/entity/Q111602385,http://www.onychium.it/sites/default/files/articoli/Letardi_Bartolozzi_2007_onychium05.pdf
http://www.wikidata.org/entity/Q111602391,http://www.onychium.it/sites/default/files/articoli/Bordoni_2008b_onychium6.pdf
http://www.wikidata.org/entity/Q111602388,http://www.onychium.it/sites/default/files/articoli/Terzani_Marconi_2008_onychium6.pdf
http://www.wikidata.org/entity/Q111602389,http://www.onychium.it/sites/default/files/articoli/Marconi_Terzani_2008_onychium6.pdf
http://www.wikidata.org/entity/Q111602394,http://www.onychium.it/sites/default/files/articoli/Rocchi_Terzani_2008_onychium6.pdf
http://www.wikidata.org/entity/Q111602395,http://www.onychium.it/sites/default/files/articoli/Magrini_2009_onychium7.pdf
http://www.wikidata.org/entity/Q111602392,http://www.onychium.it/sites/default/files/articoli/Mascagni_2008_onychium6.pdf
http://www.wikidata.org/entity/Q111602393,http://www.onychium.it/sites/default/files/articoli/Mascagni_Monte_2008_onychium6.pdf
http://www.wikidata.org/entity/Q111602398,http://www.onychium.it/sites/default/files/articoli/Cianferoni_2009_onychium7.pdf
http://www.wikidata.org/entity/Q111602399,http://www.onychium.it/sites/default/files/articoli/Terzani_2009b_onychium7.pdf
http://www.wikidata.org/entity/Q111602396,http://www.onychium.it/sites/default/files/articoli/Rocchi_Terzani_2009_onychium7.pdf
http://www.wikidata.org/entity/Q111602397,http://www.onychium.it/sites/default/files/articoli/Terzani_2009a_onychium7.pdf
http://www.wikidata.org/entity/Q111602402,http://www.onychium.it/sites/default/files/articoli/Rocchi_2009_onychium7.pdf
http://www.wikidata.org/entity/Q111602403,http://www.onychium.it/sites/default/files/articoli/Bordoni_2009a_onychium7.pdf
http://www.wikidata.org/entity/Q111602400,http://www.onychium.it/sites/default/files/articoli/Marconi_Terzani_2009_onychium7.pdf
http://www.wikidata.org/entity/Q111602401,http://www.onychium.it/sites/default/files/articoli/Consorti_2009_onychium7.pdf
http://www.wikidata.org/entity/Q111602406,http://www.onychium.it/sites/default/files/articoli/Terzani_etal_a_2011_onychium8.pdf
http://www.wikidata.org/entity/Q111602407,http://www.onychium.it/sites/default/files/articoli/Dioli_2011_onychium8.pdf
http://www.wikidata.org/entity/Q111602404,http://www.onychium.it/sites/default/files/articoli/Bordoni_2009b_onychium7.pdf
http://www.wikidata.org/entity/Q111602405,http://www.onychium.it/sites/default/files/articoli/Mascagni_Monte_2009_onychium7.pdf
http://www.wikidata.org/entity/Q111602410,http://www.onychium.it/sites/default/files/articoli/Terzani_etal_c_2011_onychium8.pdf
http://www.wikidata.org/entity/Q111602411,http://www.onychium.it/sites/default/files/articoli/Fabiano_Zinetti_2011_onychium8.pdf
http://www.wikidata.org/entity/Q111602408,http://www.onychium.it/sites/default/files/articoli/Mascagni_2011_onychium8.pdf
http://www.wikidata.org/entity/Q111602409,http://www.onychium.it/sites/default/files/articoli/Terzani_etal_b_2011_onychium8.pdf
http://www.wikidata.org/entity/Q111602414,http://www.onychium.it/sites/default/files/articoli/Cianferoni_2012_onychium9.pdf
http://www.wikidata.org/entity/Q111602418,http://www.onychium.it/sites/default/files/articoli/Dioli_Salvetti_2012_onychium9.pdf
http://www.wikidata.org/entity/Q111602419,http://www.onychium.it/sites/default/files/articoli/Rocchi_Terzani_2012_onychium9.pdf
http://www.wikidata.org/entity/Q111602417,http://www.onychium.it/sites/default/files/articoli/Cianferoni_Terzani_2012_onychium9.pdf
http://www.wikidata.org/entity/Q111602423,http://www.onychium.it/sites/default/files/articoli/Terzani_etal_2012_onychium9.pdf
http://www.wikidata.org/entity/Q111602421,http://www.onychium.it/sites/default/files/articoli/Mascagni_etal_2012_onychium9.pdf
http://www.wikidata.org/entity/Q111602426,http://www.onychium.it/sites/default/files/articoli/Ceccolini_Terzani_a_2012_onychium9.pdf
http://www.wikidata.org/entity/Q111602427,http://www.onychium.it/sites/default/files/articoli/Ceccolini_Terzani_b_2012_onychium9.pdf
http://www.wikidata.org/entity/Q111602424,http://www.onychium.it/sites/default/files/articoli/Ceccolini_etal_2012_onychium9.pdf
http://www.wikidata.org/entity/Q111602425,http://www.onychium.it/sites/default/files/articoli/Terzani_Ceccolini_2012_onychium9.pdf
http://www.wikidata.org/entity/Q111602430,http://www.onychium.it/sites/default/files/articoli/Ceccolini_Paggetti_2012_onychium9.pdf
http://www.wikidata.org/entity/Q111602431,http://www.onychium.it/sites/default/files/articoli/BoniBartalucci_2012_onychium9.pdf
http://www.wikidata.org/entity/Q111602428,http://www.onychium.it/sites/default/files/articoli/Terzani_Mazza_2012_onychium9.pdf
http://www.wikidata.org/entity/Q111602429,http://www.onychium.it/sites/default/files/articoli/Favilli_etal_2012_onychium9.pdf
http://www.wikidata.org/entity/Q111602434,http://www.onychium.it/sites/default/files/articoli/Dioli_2014_onychium10_0.pdf
http://www.wikidata.org/entity/Q111602435,http://www.onychium.it/sites/default/files/articoli/Terzani_etal_2014_onychium10_1.pdf
http://www.wikidata.org/entity/Q111602439,http://www.onychium.it/sites/default/files/articoli/Cortellessa_etal_2014_onychium10_0.pdf
http://www.wikidata.org/entity/Q111602436,http://www.onychium.it/sites/default/files/articoli/Rocchi_2014a_onychium10_0.pdf
http://www.wikidata.org/entity/Q111602442,http://www.onychium.it/sites/default/files/articoli/Papi_Ceccolini_2014a_onychium10_0.pdf
http://www.wikidata.org/entity/Q111602443,http://www.onychium.it/sites/default/files/articoli/Papi_Ceccolini_2014b_onychium10_0.pdf
http://www.wikidata.org/entity/Q111602441,http://www.onychium.it/sites/default/files/articoli/Ceccolini_etal_2014_onychium10_0.pdf
http://www.wikidata.org/entity/Q111602446,http://www.onychium.it/sites/default/files/articoli/Mazza_etal_2014_onychium10.pdf
http://www.wikidata.org/entity/Q111602445,http://www.onychium.it/sites/default/files/articoli/Gori_2014_onychium10_0.pdf
http://www.wikidata.org/entity/Q111602450,http://www.onychium.it/sites/default/files/articoli/Paggetti_Ceccolini_2014a_onychium10_0.pdf
http://www.wikidata.org/entity/Q111602451,http://www.onychium.it/sites/default/files/articoli/Rocchi_2014b_onychium10_0.pdf
http://www.wikidata.org/entity/Q111602448,http://www.onychium.it/sites/default/files/articoli/Pagliai_Bruni_2014a_onychium10_0.pdf
http://www.wikidata.org/entity/Q111602449,http://www.onychium.it/sites/default/files/articoli/Vergari_etal_2014_onychium10.pdf
http://www.wikidata.org/entity/Q111602454,http://www.onychium.it/sites/default/files/articoli/Pagliai_Bruni_2014b_onychium10_0.pdf
http://www.wikidata.org/entity/Q111602455,http://www.onychium.it/sites/default/files/articoli/Soldano_2014_onychium10_0.pdf
http://www.wikidata.org/entity/Q111602452,http://www.onychium.it/sites/default/files/articoli/Paggetti_Ceccolini_2014b_onychium10_0.pdf
http://www.wikidata.org/entity/Q111602453,http://www.onychium.it/sites/default/files/articoli/Ceccolini_Paggetti_2014a_onychium10_0.pdf
http://www.wikidata.org/entity/Q111602458,http://www.onychium.it/sites/default/files/articoli/Ceccolini_Paggetti_2014b_onychium10_0.pdf
http://www.wikidata.org/entity/Q111602456,http://www.onychium.it/sites/default/files/articoli/Ceccolini_2014_onychium10_0.pdf
http://www.wikidata.org/entity/Q111602457,http://www.onychium.it/sites/default/files/articoli/Ceccolini_Pizzocaro_2014_onychium10_0.pdf
http://www.wikidata.org/entity/Q111602462,http://www.onychium.it/sites/default/files/articoli/Vergari_etal_2015_onychium11.pdf
http://www.wikidata.org/entity/Q111602460,http://www.onychium.it/sites/default/files/articoli/Rossi_2015_onychium11.pdf
http://www.wikidata.org/entity/Q111602461,http://www.onychium.it/sites/default/files/articoli/Terzani_2015_onychium11.pdf
http://www.wikidata.org/entity/Q111602466,http://www.onychium.it/sites/default/files/articoli/Ceccolini_etal_2015_onychium11.pdf
http://www.wikidata.org/entity/Q111602464,http://www.onychium.it/sites/default/files/articoli/Pace_2015a_onychium11.pdf
http://www.wikidata.org/entity/Q111602465,http://www.onychium.it/sites/default/files/articoli/Pace_2015b_onychium11.pdf
http://www.wikidata.org/entity/Q111602470,http://www.onychium.it/sites/default/files/articoli/Leo_2015_onychium11.pdf
http://www.wikidata.org/entity/Q111602471,http://www.onychium.it/sites/default/files/articoli/Colonnelli_Paladini_2015_onychium11.pdf
http://www.wikidata.org/entity/Q111602468,http://www.onychium.it/sites/default/files/articoli/Mascagni_etal_2015_onychium11.pdf
http://www.wikidata.org/entity/Q111602474,http://www.onychium.it/sites/default/files/articoli/Gori_2015b_onychium11.pdf
http://www.wikidata.org/entity/Q111602475,http://www.onychium.it/sites/default/files/articoli/Soldano_2015_onychium11.pdf
http://www.wikidata.org/entity/Q111602472,http://www.onychium.it/sites/default/files/articoli/Letardi_Collepardo_2015_onychium11.pdf
http://www.wikidata.org/entity/Q111602473,http://www.onychium.it/sites/default/files/articoli/Gori_2015a_onychium11.pdf
http://www.wikidata.org/entity/Q111602477,http://www.onychium.it/sites/default/files/articoli/Necrologio_Carf%C3%AC_2015_onychium11.pdf
http://www.wikidata.org/entity/Q111658930,https://oa.inapp.org/xmlui/bitstream/handle/20.500.12916/744/INAPP_Paliotta_Politiche_innovative_sicurezza_smart_cities_Sinappsi_2_2020.pdf?sequence=3&isAllowed=y
http://www.wikidata.org/entity/Q111673977,https://oa.inapp.org/jspui/bitstream/20.500.12916/743/3/INAPP_Nobili_Politiche_sicurezza_urbana_in_Italia_Sinappsi_2_2020.pdf
http://www.wikidata.org/entity/Q111732055,http://riviste.paviauniversitypress.it/index.php/phi/article/view/609/606
http://www.wikidata.org/entity/Q111732248,
http://www.wikidata.org/entity/Q111732265,http://riviste.paviauniversitypress.it/index.php/phi/article/view/03-01-MEM01/14
http://www.wikidata.org/entity/Q111747586,
http://www.wikidata.org/entity/Q111747613,
http://www.wikidata.org/entity/Q111747697,
http://www.wikidata.org/entity/Q111747741,
http://www.wikidata.org/entity/Q111758777,
http://www.wikidata.org/entity/Q111758893,
http://www.wikidata.org/entity/Q111782051,
http://www.wikidata.org/entity/Q111782067,
http://www.wikidata.org/entity/Q111963092,https://oa.inapp.org/jspui/bitstream/20.500.12916/818/3/INAPP_Filosa_Parente_DAD_e_Sinappsi_3_2020.pdf
http://www.wikidata.org/entity/Q111963613,https://oa.inapp.org/jspui/bitstream/20.500.12916/817/3/INAPP_Martin%c3%a1k_Overeducation_of_tertiary_education_graduates_in_Slovakia_Sinappsi_3_2020.pdf
http://www.wikidata.org/entity/Q111967326,https://aibstudi.aib.it/article/view/13328/154; https://aibstudi.aib.it/article/view/13328/200
http://www.wikidata.org/entity/Q111967327,https://aibstudi.aib.it/article/view/13329/167; https://aibstudi.aib.it/article/view/13329/211
http://www.wikidata.org/entity/Q111967324,https://aibstudi.aib.it/article/view/13311/169; https://aibstudi.aib.it/article/view/13311/208
http://www.wikidata.org/entity/Q111967325,https://aibstudi.aib.it/article/view/13325/168; https://aibstudi.aib.it/article/view/13325/206
http://www.wikidata.org/entity/Q111967330,https://aibstudi.aib.it/article/view/13335/193; https://aibstudi.aib.it/article/view/13335/194
http://www.wikidata.org/entity/Q111967328,https://aibstudi.aib.it/article/view/13333/130; https://aibstudi.aib.it/article/view/13333/192
http://www.wikidata.org/entity/Q111967329,https://aibstudi.aib.it/article/view/13334/184; https://aibstudi.aib.it/article/view/13334/195
http://www.wikidata.org/entity/Q111967334,https://aibstudi.aib.it/article/view/13338/161; https://aibstudi.aib.it/article/view/13338/204
http://www.wikidata.org/entity/Q111967335,https://aibstudi.aib.it/article/view/13339/172; https://aibstudi.aib.it/article/view/13339/214
http://www.wikidata.org/entity/Q111967332,https://aibstudi.aib.it/article/view/13336/198; https://aibstudi.aib.it/article/view/13336/217
http://www.wikidata.org/entity/Q111967333,https://aibstudi.aib.it/article/view/13337/160; https://aibstudi.aib.it/article/view/13337/199
http://www.wikidata.org/entity/Q111967338,https://aibstudi.aib.it/article/view/13342/126; https://aibstudi.aib.it/article/view/13342/205
http://www.wikidata.org/entity/Q111967336,https://aibstudi.aib.it/article/view/13340/170; https://aibstudi.aib.it/article/view/13340/209
http://www.wikidata.org/entity/Q111967337,https://aibstudi.aib.it/article/view/13341/127; https://aibstudi.aib.it/article/view/13341/212
http://www.wikidata.org/entity/Q111967342,https://aibstudi.aib.it/article/view/13346/182; https://aibstudi.aib.it/article/view/13346/221
http://www.wikidata.org/entity/Q111967343,https://aibstudi.aib.it/article/view/13359/157; https://aibstudi.aib.it/article/view/13359/197
http://www.wikidata.org/entity/Q111967340,https://aibstudi.aib.it/article/view/13343/165; https://aibstudi.aib.it/article/view/13343/213
http://www.wikidata.org/entity/Q111967341,https://aibstudi.aib.it/article/view/13344/155; https://aibstudi.aib.it/article/view/13344/196
http://www.wikidata.org/entity/Q111967346,https://aibstudi.aib.it/article/view/13398/207
http://www.wikidata.org/entity/Q111967347,https://aibstudi.aib.it/article/view/13399/185; https://aibstudi.aib.it/article/view/13399/202
http://www.wikidata.org/entity/Q111967344,https://aibstudi.aib.it/article/view/13360/158; https://aibstudi.aib.it/article/view/13360/203
http://www.wikidata.org/entity/Q111967345,https://aibstudi.aib.it/article/view/13385/171; https://aibstudi.aib.it/article/view/13385/210
http://www.wikidata.org/entity/Q111967570,https://aibstudi.aib.it/article/view/13401/191; https://aibstudi.aib.it/article/view/13401/201
http://www.wikidata.org/entity/Q112054439,https://oa.inapp.org/bitstream/handle/20.500.12916/724/INAPP_Battini_Gasparrini_Miseria_politiche_pubblico_impiego_Sinappsi_1_2020.pdf
http://www.wikidata.org/entity/Q112072975,https://oa.inapp.org/jspui/bitstream/20.500.12916/723/1/INAPP_Feltrin_Logiche_sindacali_pubblico_impiego_Sinappsi_1_2020.pdf
http://www.wikidata.org/entity/Q112073050,https://oa.inapp.org/jspui/bitstream/20.500.12916/722/1/INAPP_Mastrogiuseppe_Talamo_Contrattazione_collettiva_lavoro_pubblico_Sinappsi_1_2020.pdf
http://www.wikidata.org/entity/Q112116478,https://oa.inapp.org/jspui/bitstream/20.500.12916/720/1/INAPP_Giovannelli_Nugnes_Dirigenza_pubblica.pdf
http://www.wikidata.org/entity/Q112116606,https://oa.inapp.org/jspui/bitstream/20.500.12916/719/1/INAPP_Monda_Lavoro_pubblico_trasformazione_digitale_Sinappsi_1_2020.pdf
http://www.wikidata.org/entity/Q112650918,https://oa.inapp.org/jspui/bitstream/20.500.12916/559/3/INAPP_DeAngelis_Pagliarella_Rosano_VanWolleghem_Reddito_di_inclusione_Sinappsi_1-2_2019.pdf
http://www.wikidata.org/entity/Q112651011,https://oa.inapp.org/jspui/bitstream/20.500.12916/430/5/Salvati_Sinappsi_3_2018.pdf
http://www.wikidata.org/entity/Q112652180,https://oa.inapp.org/jspui/bitstream/20.500.12916/429/5/Rettore_Sinappsi_3_2018.pdf
http://www.wikidata.org/entity/Q112672921,https://oa.inapp.org/jspui/bitstream/20.500.12916/428/3/D%27Emilione_Giuliano_Ranieri_Sinappsi_3_2018.pdf
http://www.wikidata.org/entity/Q112672997,https://oa.inapp.org/jspui/bitstream/20.500.12916/427/3/Carbone_Sinappsi_3_2018.pdf; https://oa.inapp.org/xmlui/bitstream/handle/20.500.12916/427/Carbone_Sinappsi_3_2018.pdf?sequence=3&isAllowed=y
http://www.wikidata.org/entity/Q112673120,https://oa.inapp.org/jspui/bitstream/20.500.12916/426/3/Busso_Meo_Morlicchio_Sinappsi_3_2018.pdf
http://www.wikidata.org/entity/Q112673173,https://oa.inapp.org/jspui/bitstream/20.500.12916/425/3/Busilacchi_Sinappsi_3_2018.pdf
http://www.wikidata.org/entity/Q112894265,https://oa.inapp.org/jspui/bitstream/20.500.12916/3559/3/Blane_Conceptualisation_and_measurement_of_health_Sinappsi_1_2022.pdf
http://www.wikidata.org/entity/Q112913666,
http://www.wikidata.org/entity/Q112913673,
http://www.wikidata.org/entity/Q112913686,
http://www.wikidata.org/entity/Q112913687,
http://www.wikidata.org/entity/Q112913684,
http://www.wikidata.org/entity/Q112913688,
http://www.wikidata.org/entity/Q112913735,https://oa.inapp.org/jspui/bitstream/20.500.12916/3558/3/Tenaglia_Gli_indicatori_di_benessere_Sinappsi_1_2022.pdf
http://www.wikidata.org/entity/Q112913794,https://oa.inapp.org/jspui/bitstream/20.500.12916/3557/3/Lovergine_Due_navi_che_si_incrociano_nella_notte_Sinappsi_1_2022.pdf
http://www.wikidata.org/entity/Q113101630,https://oa.inapp.org/jspui/bitstream/20.500.12916/3556/3/Marzo_L_intrigo_del_decidere_Sinappsi_1_2022.pdf
http://www.wikidata.org/entity/Q113101741,https://oa.inapp.org/jspui/bitstream/20.500.12916/3555/3/Cortese_et_al_Imparare_dall_emergenza_Sinappsi_1_2022.pdf
http://www.wikidata.org/entity/Q113101849,https://oa.inapp.org/jspui/bitstream/20.500.12916/3554/3/DEmilione_et_al_I_livelli_essenziali_Sinappsi_1_2022.pdf
http://www.wikidata.org/entity/Q113101914,https://oa.inapp.org/jspui/bitstream/20.500.12916/3553/3/Cornice_La_condizione_dei_braccianti_agricoli_di_origine_straniera_Sinappsi_1_2022.pdf
http://www.wikidata.org/entity/Q113148883,https://bibliothecae.unibo.it/article/view/15070
http://www.wikidata.org/entity/Q113148886,https://bibliothecae.unibo.it/article/view/15071
http://www.wikidata.org/entity/Q113148891,https://bibliothecae.unibo.it/article/view/15075
http://www.wikidata.org/entity/Q113148888,https://bibliothecae.unibo.it/article/view/15072
http://www.wikidata.org/entity/Q113148889,https://bibliothecae.unibo.it/article/view/15074
http://www.wikidata.org/entity/Q113148895,https://bibliothecae.unibo.it/article/view/15077
http://www.wikidata.org/entity/Q113148893,https://bibliothecae.unibo.it/article/view/15076
http://www.wikidata.org/entity/Q113148898,https://bibliothecae.unibo.it/article/view/15079
http://www.wikidata.org/entity/Q113148897,https://bibliothecae.unibo.it/article/view/15078
http://www.wikidata.org/entity/Q113148903,https://bibliothecae.unibo.it/article/view/15081
http://www.wikidata.org/entity/Q113148900,https://bibliothecae.unibo.it/article/view/15080
http://www.wikidata.org/entity/Q113148906,https://bibliothecae.unibo.it/article/view/15083
http://www.wikidata.org/entity/Q113148905,https://bibliothecae.unibo.it/article/view/15082
http://www.wikidata.org/entity/Q113148908,https://bibliothecae.unibo.it/article/view/15084
http://www.wikidata.org/entity/Q113201278,
http://www.wikidata.org/entity/Q113331815,https://oa.inapp.org/xmlui/bitstream/handle/20.500.12916/75/INAPP_SINAPPSI_Mandrone_2017.pdf?sequence=3&isAllowed=y
http://www.wikidata.org/entity/Q113333289,https://oa.inapp.org/jspui/bitstream/20.500.12916/73/4/INAPP_SINAPPSI_Canal_Gualtieri_2017.pdf
http://www.wikidata.org/entity/Q113334524,https://oa.inapp.org/jspui/bitstream/20.500.12916/76/5/INAPP_SINAPPSI_Centra_Gualtieri_2017.pdf
http://www.wikidata.org/entity/Q113334738,
http://www.wikidata.org/entity/Q113374946,https://oa.inapp.org/jspui/bitstream/20.500.12916/78/2/INAPP_SINAPPSI_Spagnuolo_2017.pdf
http://www.wikidata.org/entity/Q113375815,https://oa.inapp.org/jspui/bitstream/20.500.12916/74/3/INAPP_SINAPPSI_Carbone_2017.pdf
http://www.wikidata.org/entity/Q113376086,https://oa.inapp.org/xmlui/bitstream/handle/123456789/164/INAPP_SINAPPSI_Mazzarella_Mallardi_Porcelli_2_3_2017.pdf?sequence=1&isAllowed=y
http://www.wikidata.org/entity/Q113376157,https://oa.inapp.org/jspui/bitstream/20.500.12916/165/1/INAPP_SINAPPSI_Di%20Castro_2_3_2017.pdf
http://www.wikidata.org/entity/Q113382868,https://oa.inapp.org/jspui/bitstream/20.500.12916/169/1/INAPP_SINAPPSI_Di%20Rico_Maiorano_Lolli_2_3_2017.pdf
http://www.wikidata.org/entity/Q113383097,https://oa.inapp.org/jspui/bitstream/20.500.12916/168/1/INAPP_SINAPPSI_Mereu_Franceschetti_2_3_2017.pdf
http://www.wikidata.org/entity/Q113383218,https://oa.inapp.org/jspui/bitstream/20.500.12916/167/1/INAPP_SINAPPSI_Paliotta_Lovergine_2_3_2017.pdf
http://www.wikidata.org/entity/Q113383238,https://oa.inapp.org/jspui/bitstream/20.500.12916/166/1/INAPP_SINAPPSI_Carta_Paniccio_2_3_2017.pdf
http://www.wikidata.org/entity/Q113383293,https://oa.inapp.org/jspui/bitstream/20.500.12916/173/1/INAPP_SINAPPSI_Cassese_1_2018.pdf; https://oa.inapp.org/xmlui/bitstream/handle/20.500.12916/210/INAPP_SINAPPSI_Cassese_1_2018.pdf?sequence=1&isAllowed=y
http://www.wikidata.org/entity/Q113383318,https://oa.inapp.org/jspui/bitstream/20.500.12916/206/1/Ruggeri_Governatori_Spitilli_Modello_Sociale_Europeo_Disuguaglianze_2018.pdf
http://www.wikidata.org/entity/Q113402027,https://oa.inapp.org/jspui/bitstream/20.500.12916/605/3/De%20Vincenzi_Sinappsi_3_2019.pdf.pdf
http://www.wikidata.org/entity/Q113402360,https://oa.inapp.org/jspui/bitstream/20.500.12916/606/3/Gallo_Luppi_Le%20politiche%20di%20contrasto%20alla%20povert%c3%a0_Sinappsi_3_2019.pdf
http://www.wikidata.org/entity/Q113435090,https://oa.inapp.org/jspui/bitstream/20.500.12916/209/1/INAPP_Ferri_Tesauro_Fondi_Interprofessionali_Strategia_Impresa_2018.pdf
http://www.wikidata.org/entity/Q113435137,https://oa.inapp.org/jspui/bitstream/20.500.12916/205/1/INAPP_SINAPPSI_Ricci_1_2018.pdf
http://www.wikidata.org/entity/Q113435232,https://oa.inapp.org/jspui/bitstream/20.500.12916/208/1/INAPP_SINAPPSI_Lumino_1_2018.pdf
http://www.wikidata.org/entity/Q113436725,https://oa.inapp.org/jspui/bitstream/20.500.12916/207/1/INAPP_SINAPPSI_Marra_1_2018.pdf
http://www.wikidata.org/entity/Q113436807,https://oa.inapp.org/jspui/bitstream/20.500.12916/343/3/Gargiulo_OrientaleCaputo_Sinappsi_2_2018.pdf
http://www.wikidata.org/entity/Q113436974,https://oa.inapp.org/jspui/bitstream/20.500.12916/342/3/Gualtieri_Centra_Sinappsi_2_2018.pdf
http://www.wikidata.org/entity/Q113437039,https://oa.inapp.org/jspui/bitstream/20.500.12916/341/3/Franzini_Guarascio_Sinappsi_2_2018.pdf
http://www.wikidata.org/entity/Q113437122,https://oa.inapp.org/jspui/bitstream/20.500.12916/340/3/Faioli_Sinappsi_2_2018.pdf
http://www.wikidata.org/entity/Q113469465,https://oa.inapp.org/jspui/bitstream/20.500.12916/339/3/Richiardi_Sinappsi_2_2018.pdf
http://www.wikidata.org/entity/Q113470106,https://oa.inapp.org/jspui/bitstream/20.500.12916/563/3/INAPP_Ferri_Mobilit%c3%a0_internazionale_laureati_Sinappsi_1-2_2019.pdf
http://www.wikidata.org/entity/Q113470152,https://oa.inapp.org/jspui/bitstream/20.500.12916/562/3/INAPP_Vittori_Ricci_Come_si_diventa_imprenditrici_Sinappsi_1-2_2019.pdf
http://www.wikidata.org/entity/Q113470241,https://oa.inapp.org/jspui/bitstream/20.500.12916/561/3/INAPP_Cirillo_Raitano_Ricci_Innovazione_del_lavoro_Sinappsi_1-2_2019.pdf
http://www.wikidata.org/entity/Q113470395,https://oa.inapp.org/jspui/bitstream/20.500.12916/560/3/INAPP_Gallo_Scicchitano_Reddito_di_cittadinanza_Sinappsi_1-2_2019.pdf
http://www.wikidata.org/entity/Q113485018,https://oa.inapp.org/jspui/bitstream/20.500.12916/717/1/INAPP_Giovannelli_Nugnes_Uno_sguardo_sulla_PA_Sinappsi_1_2020.pdf
http://www.wikidata.org/entity/Q113485151,https://oa.inapp.org/xmlui/bitstream/handle/20.500.12916/718/INAPP_Pascucci_Delogu_Sicurezza_lavoro_PA_e_emergenza_Covid19_Sinappsi_1_2020.pdf?sequence=1&isAllowed=y
http://www.wikidata.org/entity/Q113485313,https://oa.inapp.org/xmlui/bitstream/handle/20.500.12916/721/INAPP_Esposito_Mobilita_lavoro_pubblico_Sinappsi_1_2020.pdf?sequence=1&isAllowed=y
http://www.wikidata.org/entity/Q113485704,https://oa.inapp.org/xmlui/bitstream/handle/20.500.12916/424/Brunetti_Cirillo_Ferri_Sinappsi_3_2018.pdf?sequence=3&isAllowed=y
http://www.wikidata.org/entity/Q113485957,https://oa.inapp.org/xmlui/bitstream/handle/20.500.12916/211/INAPP_De%20Vincenzi_De%20Blasio_NASPI_Politiche_Attive_Lavoro_2018.pdf?sequence=1&isAllowed=y
http://www.wikidata.org/entity/Q113485970,https://oa.inapp.org/xmlui/bitstream/handle/20.500.12916/608/Ferrera_Le%20strategie%20europee_Sinappsi_3_2019.pdf?sequence=3&isAllowed=y
http://www.wikidata.org/entity/Q113643582,https://oa.inapp.org/jspui/bitstream/20.500.12916/751/3/INAPP_Coronelli_Rischi_sicurezza_Sinappsi_2_2020.pdf
http://www.wikidata.org/entity/Q113643658,https://oa.inapp.org/jspui/bitstream/20.500.12916/750/3/INAPP_Cazzola_Democrazia_e_sicurezza_Sinappsi_2_2020.pdf
http://www.wikidata.org/entity/Q114674485,
http://www.wikidata.org/entity/Q114773208,https://figure.unibo.it/article/view/4067/3515
http://www.wikidata.org/entity/Q114851255,
http://www.wikidata.org/entity/Q115139459,
http://www.wikidata.org/entity/Q115139456,
http://www.wikidata.org/entity/Q115139461,
http://www.wikidata.org/entity/Q115139467,
http://www.wikidata.org/entity/Q115342412,
http://www.wikidata.org/entity/Q115533638,https://oa.inapp.org/jspui/bitstream/20.500.12916/3705/1/Bruno_et_al_Implementazione_del_RdC_Sinappsi_2-2022.pdf
http://www.wikidata.org/entity/Q115534269,https://oa.inapp.org/jspui/bitstream/20.500.12916/3704/1/Baici_et_al_Disoccupati_fragili_Sinappsi_2-2022pdf.pdf
http://www.wikidata.org/entity/Q115534356,https://oa.inapp.org/jspui/bitstream/20.500.12916/3703/1/D%27Emilione_Giuliano_Policy_integration_anti_poverty_Sinappsi_2-2022.pdf
http://www.wikidata.org/entity/Q115534903,https://oa.inapp.org/jspui/bitstream/20.500.12916/3702/1/Giuliano_et_al_Accesso_%20al_RdC_dei_cittadini_stranieri_Sinappsi_2-2022.pdf
http://www.wikidata.org/entity/Q115534992,https://oa.inapp.org/jspui/bitstream/20.500.12916/3701/1/DeAngelis_Filippi_Le_carriere_dei_percettori_del_ReI_Sinappsi_2-2022.pdf
http://www.wikidata.org/entity/Q115535068,https://oa.inapp.org/jspui/bitstream/20.500.12916/3700/1/Rizzo_La_sentenza_della_Consulta_sul_RdC_Sinappsi_2-2022.pdf
http://www.wikidata.org/entity/Q115536188,https://oa.inapp.org/jspui/bitstream/20.500.12916/3699/1/Decataldo_et_al_Social_work_education_Sinappsi_2-2022.pdf
http://www.wikidata.org/entity/Q115536223,https://oa.inapp.org/jspui/bitstream/20.500.12916/3698/1/Asti_Carosotti_Reclutamento_docenti_scuola_secondaria_Sinappsi_2-2022.pdf
http://www.wikidata.org/entity/Q115577742,
http://www.wikidata.org/entity/Q115901296,
http://www.wikidata.org/entity/Q116282238,https://riviste.aib.it/index.php/bibelot/article/view/13809/11870
http://www.wikidata.org/entity/Q116444203,https://bibliothecae.unibo.it/article/view/16225
http://www.wikidata.org/entity/Q116444206,https://bibliothecae.unibo.it/article/view/16237
http://www.wikidata.org/entity/Q116444207,https://bibliothecae.unibo.it/article/view/16240
http://www.wikidata.org/entity/Q116444204,https://bibliothecae.unibo.it/article/view/16227
http://www.wikidata.org/entity/Q116444205,https://bibliothecae.unibo.it/article/view/16233
http://www.wikidata.org/entity/Q116444210,https://bibliothecae.unibo.it/article/view/16271
http://www.wikidata.org/entity/Q116444211,https://bibliothecae.unibo.it/article/view/16272
http://www.wikidata.org/entity/Q116444209,https://bibliothecae.unibo.it/article/view/16241
http://www.wikidata.org/entity/Q116444214,https://bibliothecae.unibo.it/article/view/16278
http://www.wikidata.org/entity/Q116444215,https://bibliothecae.unibo.it/article/view/16281
http://www.wikidata.org/entity/Q116444212,https://bibliothecae.unibo.it/article/view/16273
http://www.wikidata.org/entity/Q116444213,https://bibliothecae.unibo.it/article/view/16277
http://www.wikidata.org/entity/Q116444216,https://bibliothecae.unibo.it/article/view/16282
http://www.wikidata.org/entity/Q116444217,https://bibliothecae.unibo.it/article/view/16283
http://www.wikidata.org/entity/Q117032180,https://oa.inapp.org/jspui/bitstream/20.500.12916/3816/3/Brancati_Crisi-pmi-italiane_Sinappsi_3-2022.pdf
http://www.wikidata.org/entity/Q117032732,https://oa.inapp.org/jspui/bitstream/20.500.12916/3815/3/Costa-DeSantis-Monducci_Profili-strategici-microimprese_Sinappsi_3-2022.pdf
http://www.wikidata.org/entity/Q117033064,https://oa.inapp.org/jspui/bitstream/20.500.12916/3814/3/Alvino-LaRotonda_Contratto-di-rete-codatorialita_Sinappsi_3-2022.pdf
http://www.wikidata.org/entity/Q117033227,https://oa.inapp.org/jspui/bitstream/20.500.12916/3813/3/Augliera_Public-procurement_Sinappsi_3-2022.pdf
http://www.wikidata.org/entity/Q117033440,https://oa.inapp.org/jspui/bitstream/20.500.12916/3812/3/Montanaro_SMEs-and-circular-economy_Sinappsi_3-2022.pdf
http://www.wikidata.org/entity/Q117034524,https://oa.inapp.org/jspui/bitstream/20.500.12916/3811/3/Pompei_Iso9001-certification_Sinappsi_3-2022.pdf
http://www.wikidata.org/entity/Q117034594,https://oa.inapp.org/jspui/bitstream/20.500.12916/3810/3/Mandrone-Pastore-Quintano-Radicchia-Rocca_Determinants-overeducation_Sinappsi_3-2022.pdf
http://www.wikidata.org/entity/Q117428586,https://aibstudi.aib.it/article/view/13415
http://www.wikidata.org/entity/Q117428593,https://aibstudi.aib.it/article/view/13386
http://www.wikidata.org/entity/Q117428678,https://aibstudi.aib.it/article/view/13374
http://www.wikidata.org/entity/Q117428679,https://aibstudi.aib.it/article/view/13394
http://www.wikidata.org/entity/Q117428677,https://aibstudi.aib.it/article/view/13384
http://www.wikidata.org/entity/Q117447410,https://aibstudi.aib.it/article/view/13395
http://www.wikidata.org/entity/Q117447411,https://aibstudi.aib.it/article/view/13387
http://www.wikidata.org/entity/Q117447409,https://aibstudi.aib.it/article/view/13403
http://www.wikidata.org/entity/Q117447506,https://aibstudi.aib.it/article/view/13301
http://www.wikidata.org/entity/Q117447507,https://aibstudi.aib.it/article/view/13365
http://www.wikidata.org/entity/Q117447504,https://aibstudi.aib.it/article/view/13288
http://www.wikidata.org/entity/Q117447505,https://aibstudi.aib.it/article/view/13410
http://www.wikidata.org/entity/Q117447582,https://aibstudi.aib.it/article/view/13297
http://www.wikidata.org/entity/Q117447583,https://aibstudi.aib.it/article/view/13416
http://www.wikidata.org/entity/Q117448463,https://aibstudi.aib.it/article/view/13755
http://www.wikidata.org/entity/Q117448466,https://aibstudi.aib.it/article/view/13400
http://www.wikidata.org/entity/Q117448465,https://aibstudi.aib.it/article/view/13404
http://www.wikidata.org/entity/Q117448470,https://aibstudi.aib.it/article/view/13315
http://www.wikidata.org/entity/Q117448469,https://aibstudi.aib.it/article/view/13634
http://www.wikidata.org/entity/Q117448474,https://aibstudi.aib.it/article/view/13751
http://www.wikidata.org/entity/Q117448475,https://aibstudi.aib.it/article/view/13762
http://www.wikidata.org/entity/Q117448472,https://aibstudi.aib.it/article/view/13405
http://www.wikidata.org/entity/Q117448473,https://aibstudi.aib.it/article/view/13626
http://www.wikidata.org/entity/Q117455594,https://aibstudi.aib.it/article/view/13775
http://www.wikidata.org/entity/Q117455595,https://aibstudi.aib.it/article/view/13757
http://www.wikidata.org/entity/Q117455592,https://aibstudi.aib.it/article/view/13804
http://www.wikidata.org/entity/Q117455593,https://aibstudi.aib.it/article/view/13778
http://www.wikidata.org/entity/Q117455598,https://aibstudi.aib.it/article/view/13779
http://www.wikidata.org/entity/Q117455596,https://aibstudi.aib.it/article/view/13781
http://www.wikidata.org/entity/Q117455597,https://aibstudi.aib.it/article/view/13774
http://www.wikidata.org/entity/Q117455602,https://aibstudi.aib.it/article/view/13633
http://www.wikidata.org/entity/Q117455603,https://aibstudi.aib.it/article/view/13782
http://www.wikidata.org/entity/Q117455600,https://aibstudi.aib.it/article/view/13808
http://www.wikidata.org/entity/Q117455601,https://aibstudi.aib.it/article/view/13784
http://www.wikidata.org/entity/Q117455604,https://aibstudi.aib.it/article/view/13760
http://www.wikidata.org/entity/Q117455605,https://aibstudi.aib.it/article/view/13789
http://www.wikidata.org/entity/Q118367937,
http://www.wikidata.org/entity/Q118814003,https://oa.inapp.org/jspui/bitstream/20.500.12916/3934/1/Schiattarella_Neoliberismo_Sinappsi_1-2023.pdf
http://www.wikidata.org/entity/Q118867455,https://oa.inapp.org/xmlui/bitstream/handle/20.500.12916/3933/Regalia_Regolazione-lavoro-piccole-imprese_Sinappsi_1-2023.pdf?sequence=1&isAllowed=y
http://www.wikidata.org/entity/Q118867779,https://oa.inapp.org/jspui/bitstream/20.500.12916/3932/1/Pedone-Angotti-Barricelli_Training-and-skill-development-in-SMEs_Sinappsi_1-2023.pdf
http://www.wikidata.org/entity/Q118945524,https://oa.inapp.org/jspui/bitstream/20.500.12916/3931/1/Berton-Pacelli-Quaranta-Trentini_Patterns-of-labor-market-reforms_Sinappsi_1-2023.pdf
http://www.wikidata.org/entity/Q118971301,https://www.reteparri.it/wp-content/uploads/ic/IC_218_2000_2_r.pdf
http://www.wikidata.org/entity/Q119133062,https://oa.inapp.org/jspui/bitstream/20.500.12916/3930/1/Pacelli-Trentini-Filandri_Analysis-of-NEET-in-EU_Sinappsi_1-2023.pdf
http://www.wikidata.org/entity/Q119137591,https://oa.inapp.org/jspui/bitstream/20.500.12916/3929/1/Brunetti-Ricci_Garanzia-Giovani_Sinappsi_1-2023.pdf
http://www.wikidata.org/entity/Q119137740,https://oa.inapp.org/jspui/bitstream/20.500.12916/3928/1/Ciampi-Lion-Santomieri-Sciatta_Bilancio-Garanzia-Giovani_Sinappsi_1-2023.pdf
http://www.wikidata.org/entity/Q119138814,https://oa.inapp.org/jspui/bitstream/20.500.12916/3927/1/Faustini-Zandonai_Intermediazione-digitale-trasferimenti-monetari_Sinappsi_1-2023.pdf
http://www.wikidata.org/entity/Q119496383,https://bibliothecae.unibo.it/article/view/16772
http://www.wikidata.org/entity/Q119496386,https://bibliothecae.unibo.it/article/view/16774
http://www.wikidata.org/entity/Q119496387,https://bibliothecae.unibo.it/article/view/16775
http://www.wikidata.org/entity/Q119496384,https://bibliothecae.unibo.it/article/view/16773
http://www.wikidata.org/entity/Q119496385,https://bibliothecae.unibo.it/article/view/16787
http://www.wikidata.org/entity/Q119496390,https://bibliothecae.unibo.it/article/view/16782
http://www.wikidata.org/entity/Q119496391,https://bibliothecae.unibo.it/article/view/16783
http://www.wikidata.org/entity/Q119496388,https://bibliothecae.unibo.it/article/view/16776
http://www.wikidata.org/entity/Q119496389,https://bibliothecae.unibo.it/article/view/16781
http://www.wikidata.org/entity/Q119496394,https://bibliothecae.unibo.it/article/view/16786
http://www.wikidata.org/entity/Q119496392,https://bibliothecae.unibo.it/article/view/16784
http://www.wikidata.org/entity/Q119496393,https://bibliothecae.unibo.it/article/view/16785
http://www.wikidata.org/entity/Q120702421,https://www.biodiversitylibrary.org/page/39808577
http://www.wikidata.org/entity/Q121298479,http://dx.doi.org/10.3406/mefr.2000.2113
http://www.wikidata.org/entity/Q121299313,http://dx.doi.org/10.3406/mefr.2002.10703
http://www.wikidata.org/entity/Q122049779,https://rosa.uniroma1.it/rosa02/fragmenta_entomologica/article/view/88; https://rosa.uniroma1.it/rosa02/fragmenta_entomologica/article/download/88/80
http://www.wikidata.org/entity/Q122049776,https://rosa.uniroma1.it/rosa02/fragmenta_entomologica/article/view/80; https://rosa.uniroma1.it/rosa02/fragmenta_entomologica/article/download/80/72
http://www.wikidata.org/entity/Q122049777,https://rosa.uniroma1.it/rosa02/fragmenta_entomologica/article/view/85; https://rosa.uniroma1.it/rosa02/fragmenta_entomologica/article/download/85/77
http://www.wikidata.org/entity/Q122049784,https://rosa.uniroma1.it/rosa02/fragmenta_entomologica/article/view/91; https://rosa.uniroma1.it/rosa02/fragmenta_entomologica/article/download/91/83
http://www.wikidata.org/entity/Q122049785,https://rosa.uniroma1.it/rosa02/fragmenta_entomologica/article/view/92; https://rosa.uniroma1.it/rosa02/fragmenta_entomologica/article/download/92/84
http://www.wikidata.org/entity/Q122049794,https://rosa.uniroma1.it/rosa02/fragmenta_entomologica/article/view/102; https://rosa.uniroma1.it/rosa02/fragmenta_entomologica/article/download/102/94
http://www.wikidata.org/entity/Q122049798,https://rosa.uniroma1.it/rosa02/fragmenta_entomologica/article/view/106; https://rosa.uniroma1.it/rosa02/fragmenta_entomologica/article/download/106/98
http://www.wikidata.org/entity/Q122049796,https://rosa.uniroma1.it/rosa02/fragmenta_entomologica/article/view/105; https://rosa.uniroma1.it/rosa02/fragmenta_entomologica/article/download/105/97
http://www.wikidata.org/entity/Q122049806,https://rosa.uniroma1.it/rosa02/fragmenta_entomologica/article/view/110; https://rosa.uniroma1.it/rosa02/fragmenta_entomologica/article/download/110/102
http://www.wikidata.org/entity/Q122049817,https://rosa.uniroma1.it/rosa02/fragmenta_entomologica/article/view/115; https://rosa.uniroma1.it/rosa02/fragmenta_entomologica/article/download/115/107
http://www.wikidata.org/entity/Q122049868,https://rosa.uniroma1.it/rosa02/fragmenta_entomologica/article/view/209; https://rosa.uniroma1.it/rosa02/fragmenta_entomologica/article/download/209/200
http://www.wikidata.org/entity/Q122049874,https://rosa.uniroma1.it/rosa02/fragmenta_entomologica/article/view/212; https://rosa.uniroma1.it/rosa02/fragmenta_entomologica/article/download/212/203
http://www.wikidata.org/entity/Q122049876,https://rosa.uniroma1.it/rosa02/fragmenta_entomologica/article/view/213; https://rosa.uniroma1.it/rosa02/fragmenta_entomologica/article/download/213/204
http://www.wikidata.org/entity/Q122049880,https://rosa.uniroma1.it/rosa02/fragmenta_entomologica/article/view/215; https://rosa.uniroma1.it/rosa02/fragmenta_entomologica/article/download/215/206
http://www.wikidata.org/entity/Q122049898,https://rosa.uniroma1.it/rosa02/fragmenta_entomologica/article/view/227; https://rosa.uniroma1.it/rosa02/fragmenta_entomologica/article/download/227/215
http://www.wikidata.org/entity/Q122049914,https://rosa.uniroma1.it/rosa02/fragmenta_entomologica/article/view/235; https://rosa.uniroma1.it/rosa02/fragmenta_entomologica/article/download/235/223
http://www.wikidata.org/entity/Q122049924,https://rosa.uniroma1.it/rosa02/fragmenta_entomologica/article/view/256; https://rosa.uniroma1.it/rosa02/fragmenta_entomologica/article/download/256/247
http://www.wikidata.org/entity/Q122050002,https://rosa.uniroma1.it/rosa02/fragmenta_entomologica/article/view/343; https://rosa.uniroma1.it/rosa02/fragmenta_entomologica/article/download/343/341
http://www.wikidata.org/entity/Q122050109,https://rosa.uniroma1.it/rosa02/fragmenta_entomologica/article/view/371; https://rosa.uniroma1.it/rosa02/fragmenta_entomologica/article/download/371/363
http://www.wikidata.org/entity/Q122050183,https://rosa.uniroma1.it/rosa02/fragmenta_entomologica/article/view/486; https://rosa.uniroma1.it/rosa02/fragmenta_entomologica/article/download/486/459
http://www.wikidata.org/entity/Q122050186,https://rosa.uniroma1.it/rosa02/fragmenta_entomologica/article/view/21; https://rosa.uniroma1.it/rosa02/fragmenta_entomologica/article/download/21/21
http://www.wikidata.org/entity/Q122050223,https://rosa.uniroma1.it/rosa02/fragmenta_entomologica/article/view/29; https://rosa.uniroma1.it/rosa02/fragmenta_entomologica/article/download/29/29
http://www.wikidata.org/entity/Q122050221,https://rosa.uniroma1.it/rosa02/fragmenta_entomologica/article/view/27; https://rosa.uniroma1.it/rosa02/fragmenta_entomologica/article/download/27/27
http://www.wikidata.org/entity/Q122050236,https://rosa.uniroma1.it/rosa02/fragmenta_entomologica/article/view/46; https://rosa.uniroma1.it/rosa02/fragmenta_entomologica/article/download/46/46
http://www.wikidata.org/entity/Q122050246,https://rosa.uniroma1.it/rosa02/fragmenta_entomologica/article/view/56; https://rosa.uniroma1.it/rosa02/fragmenta_entomologica/article/download/56/56
http://www.wikidata.org/entity/Q122050247,https://rosa.uniroma1.it/rosa02/fragmenta_entomologica/article/view/57; https://rosa.uniroma1.it/rosa02/fragmenta_entomologica/article/download/57/57
http://www.wikidata.org/entity/Q122050244,https://rosa.uniroma1.it/rosa02/fragmenta_entomologica/article/view/54; https://rosa.uniroma1.it/rosa02/fragmenta_entomologica/article/download/54/54
http://www.wikidata.org/entity/Q122050252,https://rosa.uniroma1.it/rosa02/fragmenta_entomologica/article/view/62; https://rosa.uniroma1.it/rosa02/fragmenta_entomologica/article/download/62/62
http://www.wikidata.org/entity/Q122050293,https://rosa.uniroma1.it/rosa02/fragmenta_entomologica/article/view/752; https://rosa.uniroma1.it/rosa02/fragmenta_entomologica/article/download/752/1096
http://www.wikidata.org/entity/Q122050308,https://rosa.uniroma1.it/rosa02/fragmenta_entomologica/article/view/75; https://rosa.uniroma1.it/rosa02/fragmenta_entomologica/article/download/75/69
http://www.wikidata.org/entity/Q122050335,https://rosa.uniroma1.it/rosa02/fragmenta_entomologica/article/view/1327; https://rosa.uniroma1.it/rosa02/fragmenta_entomologica/article/download/1327/1326
http://www.wikidata.org/entity/Q122828583,
http://www.wikidata.org/entity/Q123110125,https://aibstudi.aib.it/article/view/13893
http://www.wikidata.org/entity/Q123172724,https://oa.inapp.org/xmlui/bitstream/handle/20.500.12916/4064/Manicardi_Feminization-of-labor-in-Italy_Sinappsi_2-2023.pdf?sequence=1&isAllowed=y
http://www.wikidata.org/entity/Q123172848,https://oa.inapp.org/xmlui/bitstream/handle/20.500.12916/4063/Nelli-Virgillito_She-recession_Sinappsi_2-2023.pdf?sequence=1&isAllowed=y
http://www.wikidata.org/entity/Q123173029,https://oa.inapp.org/xmlui/bitstream/handle/20.500.12916/4062/Tronti_Questione-salariale-italiana_Sinappsi_2-2023.pdf?sequence=1&isAllowed=y
http://www.wikidata.org/entity/Q123173160,https://oa.inapp.org/xmlui/bitstream/handle/20.500.12916/4061/Deidda-Manente-Marocco-Resce_Salari-in-Italia_Sinappsi_2-2023.pdf?sequence=1&isAllowed=y
http://www.wikidata.org/entity/Q123179841,https://oa.inapp.org/jspui/bitstream/20.500.12916/4060/1/Maccarone_Inflation-and-real-wages_Sinappsi_2-2023.pdf
http://www.wikidata.org/entity/Q123180026,https://oa.inapp.org/jspui/bitstream/20.500.12916/4059/1/Bisio-Cirillo-Lucchese_Wage-dispersion-in-Italy_Sinappsi_2-2023.pdf
http://www.wikidata.org/entity/Q123180254,https://oa.inapp.org/jspui/bitstream/20.500.12916/4058/1/Fana-Bisello-TorrejonPerez-FernandezMacias_What-workers-do-and-how_Sinappsi_2-2023.pdf
http://www.wikidata.org/entity/Q123180300,https://oa.inapp.org/jspui/bitstream/20.500.12916/4057/1/Siciliani-Tanda-Violante_Sostegno-reddito-crisi-economica-Covid_Sinappsi_2-2023.pdf
http://www.wikidata.org/entity/Q123180417,https://oa.inapp.org/jspui/bitstream/20.500.12916/4056/1/DeMinicis-Zabatta_Stato-employer_Sinappsi_2-2023.pdf
http://www.wikidata.org/entity/Q123180448,https://oa.inapp.org/jspui/bitstream/20.500.12916/4055/1/Belleri_Presa-in-carico-Lombardia_Sinappsi_2-2023_.pdf
http://www.wikidata.org/entity/Q123925882,https://bibliothecae.unibo.it/article/view/18705
http://www.wikidata.org/entity/Q123925883,https://bibliothecae.unibo.it/article/view/18706
http://www.wikidata.org/entity/Q123925881,https://bibliothecae.unibo.it/article/view/18704
http://www.wikidata.org/entity/Q123925886,https://bibliothecae.unibo.it/article/view/18708
http://www.wikidata.org/entity/Q128308912,
http://www.wikidata.org/entity/Q128308921,
http://www.wikidata.org/entity/Q128310240,
http://www.wikidata.org/entity/Q128588041,
http://www.wikidata.org/entity/Q128591413,
http://www.wikidata.org/entity/Q128592841,
http://www.wikidata.org/entity/Q128592850,
http://www.wikidata.org/entity/Q128621600,
http://www.wikidata.org/entity/Q128621605,
http://www.wikidata.org/entity/Q128624466,
http://www.wikidata.org/entity/Q128624468,
http://www.wikidata.org/entity/Q128624475,
http://www.wikidata.org/entity/Q128624472,
http://www.wikidata.org/entity/Q128624478,
http://www.wikidata.org/entity/Q128624477,
http://www.wikidata.org/entity/Q128624483,
http://www.wikidata.org/entity/Q128694022,
http://www.wikidata.org/entity/Q128694025,
http://www.wikidata.org/entity/Q128694070,
http://www.wikidata.org/entity/Q128694069,
http://www.wikidata.org/entity/Q128694073,
http://www.wikidata.org/entity/Q128795587,
http://www.wikidata.org/entity/Q129813340,
http://www.wikidata.org/entity/Q129813537,
http://www.wikidata.org/entity/Q129814967,https://www.lavorodirittieuropa.it/dottrina/diritto-comunitario-e-diritto-del-lavoro/1594-la-questione-sociale-alla-luce-delle-crisi-contemporanee; https://www.lavorodirittieuropa.it/images/GAMET_1.pdf
http://www.wikidata.org/entity/Q129815743,https://www.lavorodirittieuropa.it/images/GAMET_3.pdf; https://www.lavorodirittieuropa.it/dottrina/diritto-comunitario-e-diritto-del-lavoro/1596-l-autonomia-collettiva2
http://www.wikidata.org/entity/Q129816282,https://www.lavorodirittieuropa.it/dottrina/diritto-comunitario-e-diritto-del-lavoro/1595-il-lavoratore-e-le-due-facce-dell-algoritmo; https://www.lavorodirittieuropa.it/images/GAMET_2.pdf
http://www.wikidata.org/entity/Q129817115,
http://www.wikidata.org/entity/Q130292560,
http://www.wikidata.org/entity/Q130292910,
http://www.wikidata.org/entity/Q130362547,
http://www.wikidata.org/entity/Q130401900,
http://www.wikidata.org/entity/Q130401947,
http://www.wikidata.org/entity/Q130402154,
http://www.wikidata.org/entity/Q130427991,https://www.afsu.it/wp-content/uploads/2023/07/Periodico-di-Matematica-IV-Vol.-V-2-Online.pdf
http://www.wikidata.org/entity/Q130429194,
http://www.wikidata.org/entity/Q130472961,http://www.mathesis.verona.it/wp-content/uploads/2018/Numeri/Nume298.pdf
http://www.wikidata.org/entity/Q130473043,http://www.mathesis.verona.it/wp-content/uploads/2018/Numeri/Nume299.pdf
http://www.wikidata.org/entity/Q130477850,https://oa.inapp.gov.it/server/api/core/bitstreams/79863bb6-ba51-4a74-a557-2a2511badd92/content
http://www.wikidata.org/entity/Q130529432,https://oa.inapp.gov.it/bitstreams/acb20478-51e2-4a48-a7e7-59719d7e3850/download
http://www.wikidata.org/entity/Q130529479,https://oa.inapp.gov.it/bitstreams/623c353f-03e1-4c5a-8867-17d0b76226f7/download
http://www.wikidata.org/entity/Q130529510,https://oa.inapp.gov.it/bitstreams/9d25cec6-3321-4cd6-8139-c250f79278dd/download
http://www.wikidata.org/entity/Q130529640,https://oa.inapp.gov.it/bitstreams/3b6ee18b-73a3-4a79-aaca-5c5c25efb7a9/download
http://www.wikidata.org/entity/Q130529660,https://oa.inapp.gov.it/bitstreams/f0df1d1a-06a1-4dc9-833d-184a3a9bbddb/download
http://www.wikidata.org/entity/Q130529702,https://oa.inapp.gov.it/bitstreams/2bac42da-22f8-4304-b820-ae62511f2f95/download
http://www.wikidata.org/entity/Q130638618,
http://www.wikidata.org/entity/Q130650495,
http://www.wikidata.org/entity/Q130655979,
http://www.wikidata.org/entity/Q130680698,https://www.afsu.it/wp-content/uploads/2024/10/Periodico-di-Matematica-Atti-IV-Convegno-Agerola-2024-online.pdf#page=221
http://www.wikidata.org/entity/Q131389375,
http://www.wikidata.org/entity/Q131389397,
http://www.wikidata.org/entity/Q131429346,https://bibliothecae.unibo.it/article/view/20796
http://www.wikidata.org/entity/Q131429347,https://bibliothecae.unibo.it/article/view/20797
http://www.wikidata.org/entity/Q131429344,https://bibliothecae.unibo.it/article/view/20818
http://www.wikidata.org/entity/Q131429345,https://bibliothecae.unibo.it/article/view/20795
http://www.wikidata.org/entity/Q131429350,https://bibliothecae.unibo.it/article/view/20799
http://www.wikidata.org/entity/Q131429351,https://bibliothecae.unibo.it/article/view/20812
http://www.wikidata.org/entity/Q131429348,https://bibliothecae.unibo.it/article/view/20798
http://www.wikidata.org/entity/Q131429349,https://bibliothecae.unibo.it/article/view/20817
http://www.wikidata.org/entity/Q131429354,https://bibliothecae.unibo.it/article/view/20815
http://www.wikidata.org/entity/Q131429352,https://bibliothecae.unibo.it/article/view/20813
http://www.wikidata.org/entity/Q131429353,https://bibliothecae.unibo.it/article/view/20800
http://www.wikidata.org/entity/Q131437313,
http://www.wikidata.org/entity/Q131437355,
http://www.wikidata.org/entity/Q131438401,
http://www.wikidata.org/entity/Q131438467,
http://www.wikidata.org/entity/Q131459329,
http://www.wikidata.org/entity/Q131459633,
http://www.wikidata.org/entity/Q131460432,
http://www.wikidata.org/entity/Q131469817,
http://www.wikidata.org/entity/Q131502873,
http://www.wikidata.org/entity/Q131506079,
http://www.wikidata.org/entity/Q131542502,
http://www.wikidata.org/entity/Q131542651,
http://www.wikidata.org/entity/Q131542665,
http://www.wikidata.org/entity/Q131569299,
http://www.wikidata.org/entity/Q131598024,
http://www.wikidata.org/entity/Q131606824,
http://www.wikidata.org/entity/Q131606924,
http://www.wikidata.org/entity/Q131606988,
http://www.wikidata.org/entity/Q131607096,
http://www.wikidata.org/entity/Q131625443,
http://www.wikidata.org/entity/Q131625829,
http://www.wikidata.org/entity/Q131626777,
http://www.wikidata.org/entity/Q131682115,
http://www.wikidata.org/entity/Q131682397,
http://www.wikidata.org/entity/Q131682430,
http://www.wikidata.org/entity/Q131781759,
http://www.wikidata.org/entity/Q131781771,
http://www.wikidata.org/entity/Q131781800,
http://www.wikidata.org/entity/Q131869204,
http://www.wikidata.org/entity/Q131869272,
http://www.wikidata.org/entity/Q131869976,
http://www.wikidata.org/entity/Q131919105,
http://www.wikidata.org/entity/Q131919250,
http://www.wikidata.org/entity/Q131919303,
http://www.wikidata.org/entity/Q131920244,
http://www.wikidata.org/entity/Q131925517,https://oa.inapp.gov.it/bitstreams/ebc6f118-87c9-4832-afa0-23ea87c03026/download
http://www.wikidata.org/entity/Q131925554,https://oa.inapp.gov.it/bitstreams/175101c5-8a81-4516-87fb-802305788d74/download
http://www.wikidata.org/entity/Q131925592,https://oa.inapp.gov.it/bitstreams/d25095b4-6983-450d-a900-4714af589d63/download
http://www.wikidata.org/entity/Q123925887,https://bibliothecae.unibo.it/article/view/18709
http://www.wikidata.org/entity/Q123925884,https://bibliothecae.unibo.it/article/view/18707
http://www.wikidata.org/entity/Q123925890,https://bibliothecae.unibo.it/article/view/18712
http://www.wikidata.org/entity/Q123925891,https://bibliothecae.unibo.it/article/view/18715
http://www.wikidata.org/entity/Q123925888,https://bibliothecae.unibo.it/article/view/18710
http://www.wikidata.org/entity/Q123925889,https://bibliothecae.unibo.it/article/view/18711
http://www.wikidata.org/entity/Q123925894,https://bibliothecae.unibo.it/article/view/18718
http://www.wikidata.org/entity/Q123925895,https://bibliothecae.unibo.it/article/view/18719
http://www.wikidata.org/entity/Q123925892,https://bibliothecae.unibo.it/article/view/18716
http://www.wikidata.org/entity/Q123925893,https://bibliothecae.unibo.it/article/view/18717
http://www.wikidata.org/entity/Q123925898,https://bibliothecae.unibo.it/article/view/18722
http://www.wikidata.org/entity/Q123925896,https://bibliothecae.unibo.it/article/view/18720
http://www.wikidata.org/entity/Q123925897,https://bibliothecae.unibo.it/article/view/18721
http://www.wikidata.org/entity/Q123934448,https://bibliothecae.unibo.it/article/view/18713
http://www.wikidata.org/entity/Q124332313,
http://www.wikidata.org/entity/Q124332319,
http://www.wikidata.org/entity/Q124343474,
http://www.wikidata.org/entity/Q124343585,
http://www.wikidata.org/entity/Q124343682,
http://www.wikidata.org/entity/Q124344840,
http://www.wikidata.org/entity/Q124344925,
http://www.wikidata.org/entity/Q124619281,https://oa.inapp.org/jspui/bitstream/20.500.12916/4206/1/Musella-Reda_Formazione-digitale-PA_Sinappsi_3-2023.pdf
http://www.wikidata.org/entity/Q124619337,https://oa.inapp.org/jspui/bitstream/20.500.12916/4205/1/Angeletti_Formare-per-lavoro-agile_Sinappsi_3-2023.pdf
http://www.wikidata.org/entity/Q124619373,https://oa.inapp.org/jspui/bitstream/20.500.12916/4204/1/Angotti-Occhiocupo-Pedone_FC-digitalizzazione-PA_Sinappsi_3-2023.pdf
http://www.wikidata.org/entity/Q124621840,https://oa.inapp.org/jspui/bitstream/20.500.12916/4203/1/Miccoli_Formazione-nella-PA_Sinappsi_3-2023.pdf
http://www.wikidata.org/entity/Q124621865,https://oa.inapp.org/jspui/bitstream/20.500.12916/4202/1/Ottone-Barbieri_PA-digitale-Italia-Spagna_Sinappsi_3-2023.pdf
http://www.wikidata.org/entity/Q124621893,https://oa.inapp.org/jspui/bitstream/20.500.12916/4201/1/Porcheddu-Seghezzi_Formazione-lavoro-agile-enti-locali_Sinappsi_3-2023.pdf
http://www.wikidata.org/entity/Q124621904,https://oa.inapp.org/jspui/bitstream/20.500.12916/4200/1/Iannace-Pace_SW-policies-cultural-workers_Sinappsi_3-2023.pdf
http://www.wikidata.org/entity/Q124621917,https://oa.inapp.org/jspui/bitstream/20.500.12916/4199/1/Borghetti_IA-nei-controlli-tributari_Sinappsi_3-2023.pdf
http://www.wikidata.org/entity/Q124621931,https://oa.inapp.org/jspui/bitstream/20.500.12916/4198/1/Schiavo_Salari-CNLL-inflazione_Sinappsi_3-2023_.pdf
http://www.wikidata.org/entity/Q124694790,https://oa.inapp.org/jspui/bitstream/20.500.12916/4199/1/Borghetti_IA-nei-controlli-tributari_Sinappsi_3-2023.pdf
http://www.wikidata.org/entity/Q124745218,
http://www.wikidata.org/entity/Q125017954,
http://www.wikidata.org/entity/Q125451860,https://www.aib.it/aib/sezioni/toscana/bibelot/0201/b0201b.htm
http://www.wikidata.org/entity/Q125499879,
http://www.wikidata.org/entity/Q125500024,
http://www.wikidata.org/entity/Q125731008,
http://www.wikidata.org/entity/Q125897612,https://oaj.fupress.net/index.php/sdd/article/view/2414
http://www.wikidata.org/entity/Q125913828,
http://www.wikidata.org/entity/Q125959522,
http://www.wikidata.org/entity/Q126034721,
http://www.wikidata.org/entity/Q126181037,
http://www.wikidata.org/entity/Q126310449,https://foresta.sisef.org/?doi=efor3357-017
http://www.wikidata.org/entity/Q126313829,https://foresta.sisef.org/?doi=efor3342-017
http://www.wikidata.org/entity/Q126315684,https://foresta.sisef.org/?doi=efor3348-017
http://www.wikidata.org/entity/Q126341263,https://edizionicafoscari.unive.it/riviste/axon/2019/2/inscriptiones-graecae-between-present-and-future/
http://www.wikidata.org/entity/Q126342482,https://edizionicafoscari.unive.it/riviste/axon/2019/2/collezioni-di-calchi-epigrafici-una-nuova-risorsa-/
http://www.wikidata.org/entity/Q126343950,https://edizionicafoscari.unive.it/riviste/axon/2019/2/per-una-prosopografia-dei-sacerdoti-e-delle-sacerd/
http://www.wikidata.org/entity/Q126346475,https://edizionicafoscari.unive.it/riviste/axon/2019/2/il-culto-del-fondatore-nella-documentazione-epigra/
http://www.wikidata.org/entity/Q126346523,https://edizionicafoscari.unive.it/riviste/axon/2019/2/prefazione/
http://www.wikidata.org/entity/Q126348372,https://edizionicafoscari.unive.it/riviste/axon/2019/2/gei-greek-economic-inscriptions-online-geisnsit/
http://www.wikidata.org/entity/Q126348559,https://edizionicafoscari.unive.it/riviste/axon/2019/2/le-fortificazioni-ateniesi-nelleta-classica-note-s/
http://www.wikidata.org/entity/Q126348563,https://edizionicafoscari.unive.it/riviste/axon/2019/2/epigrafi-bilingui-a-roma/
http://www.wikidata.org/entity/Q126348561,https://edizionicafoscari.unive.it/riviste/axon/2019/2/il-paesaggio-epigrafico-di-atene-iscrizioni-pubbli/
http://www.wikidata.org/entity/Q126348582,https://edizionicafoscari.unive.it/riviste/axon/2019/2/regolamento-doganale-di-cauno-b10-c1/
http://www.wikidata.org/entity/Q126349087,https://edizionicafoscari.unive.it/riviste/axon/2019/2/acqua-nella-valle-del-lico-hierapolis-di-frigia-e-/
http://www.wikidata.org/entity/Q126349115,https://edizionicafoscari.unive.it/riviste/axon/2019/2/pcr-aleria-aspetti-epigrafici/
http://www.wikidata.org/entity/Q126349181,https://edizionicafoscari.unive.it/riviste/axon/2019/2/ceg-online-presentazione-del-progetto-e-stato-dei-/
http://www.wikidata.org/entity/Q126349443,https://edizionicafoscari.unive.it/riviste/axon/2019/2/esclusioni-etniche-nei-regolamenti-cultuali-grecil/
http://www.wikidata.org/entity/Q126349863,https://edizionicafoscari.unive.it/riviste/axon/2019/2/su-due-kitharodoi-di-kos/
http://www.wikidata.org/entity/Q126349861,https://edizionicafoscari.unive.it/riviste/axon/2019/2/lattivita-agonistica-di-attori-e-musicisti-nelle-i/
http://www.wikidata.org/entity/Q126349864,https://edizionicafoscari.unive.it/riviste/axon/2019/2/aspetti-economici-di-un-nuovo-calendario-sacrifica/
http://www.wikidata.org/entity/Q126349975,https://edizionicafoscari.unive.it/riviste/axon/2019/2/a-propos-de-collezioni-epigrafiche-della-grecia-oc/
http://www.wikidata.org/entity/Q126350016,https://edizionicafoscari.unive.it/riviste/axon/2019/2/ostraka-e-iscrizioni-su-ceramica-da-efeso-tardo-an/
http://www.wikidata.org/entity/Q126350572,https://edizionicafoscari.unive.it/riviste/axon/2019/2/uno-slogan-della-diplomazia-filoromana-dopo-pidna/
http://www.wikidata.org/entity/Q126353288,https://edizionicafoscari.unive.it/riviste/axon/2019/2/le-pietre-e-le-migrazioni-mare-nostrum-un-progetto/
http://www.wikidata.org/entity/Q126353330,https://edizionicafoscari.unive.it/riviste/axon/2019/2/una-lettera-di-filippo-v-agli-ateniesi-di-efestia-/
http://www.wikidata.org/entity/Q126353715,https://edizionicafoscari.unive.it/riviste/axon/2019/2/two-notes-on-the-collection-of-greek-ritual-norms-/
http://www.wikidata.org/entity/Q126361432,https://oa.inapp.org/xmlui/bitstream/handle/20.500.12916/4292/Cornice-Parente_Lavoratori-essenziali_Sinappsi_1-2024.pdf?sequence=1&isAllowed=y
http://www.wikidata.org/entity/Q126361695,https://oa.inapp.org/xmlui/bitstream/handle/20.500.12916/4291/Panichella-Cantalini_Integrazione-occupazionale-lavoratori-stranieri_Sinappsi_1-2024.pdf?sequence=1&isAllowed=y
http://www.wikidata.org/entity/Q126362005,https://oa.inapp.org/xmlui/bitstream/handle/20.500.12916/4290/Pozzato_Essenziali-eppure-invisibili_Sinappsi_1-2024.pdf?sequence=1&isAllowed=y
http://www.wikidata.org/entity/Q126372110,https://oa.inapp.org/jspui/bitstream/20.500.12916/4289/1/Artero_Assistenti-famigliari-immigrate-fase1-Covid_Sinappsi_1-2024.pdf
http://www.wikidata.org/entity/Q126372153,https://oa.inapp.org/xmlui/bitstream/handle/20.500.12916/4288/Brunetti-Ricci_Professioni-care-economy_Sinappsi_1-2024pdf.pdf?sequence=1&isAllowed=y
http://www.wikidata.org/entity/Q126372598,https://oa.inapp.org/xmlui/bitstream/handle/20.500.12916/4287/NebbiaColomba-DeMinicis_Autotrasporto-liberalizzazione-automazione_Sinappsi_1-2024.pdf?sequence=3&isAllowed=y
http://www.wikidata.org/entity/Q126386357,https://foresta.sisef.org/?doi=efor0062-017
http://www.wikidata.org/entity/Q126532186,https://oa.inapp.org/xmlui/bitstream/handle/20.500.12916/4286/Piovesan_DellaPuppa_Forza-lavoro-immigrata-nell-agricoltura-trentina_Sinappsi_1-2024.pdf?sequence=1&isAllowed=y
http://www.wikidata.org/entity/Q126722512,
http://www.wikidata.org/entity/Q126899403,https://ojs.unito.it/index.php/kervan/article/view/1396
http://www.wikidata.org/entity/Q127043392,
http://www.wikidata.org/entity/Q127043422,
http://www.wikidata.org/entity/Q127043447,
http://www.wikidata.org/entity/Q127598311,http://www.bollettinodarte.beniculturali.it/opencms/multimedia/BollettinoArteIt/documents/1558697698745_03_-_Berenson_193.pdf; http://www.bollettinodarte.beniculturali.it/opencms/multimedia/BollettinoArteIt/documents/1437576267370_03_-_Berenson_241.pdf
http://www.wikidata.org/entity/Q127691539,https://bibliothecae.unibo.it/article/view/19985
http://www.wikidata.org/entity/Q127691542,https://bibliothecae.unibo.it/article/view/19983
http://www.wikidata.org/entity/Q127691543,https://bibliothecae.unibo.it/article/view/19982
http://www.wikidata.org/entity/Q127691540,https://bibliothecae.unibo.it/article/view/19992
http://www.wikidata.org/entity/Q127691541,https://bibliothecae.unibo.it/article/view/19981
http://www.wikidata.org/entity/Q127691546,https://bibliothecae.unibo.it/article/view/19973
http://www.wikidata.org/entity/Q127691547,https://bibliothecae.unibo.it/article/view/19975
http://www.wikidata.org/entity/Q127691544,https://bibliothecae.unibo.it/article/view/19980
http://www.wikidata.org/entity/Q127691545,https://bibliothecae.unibo.it/article/view/19979
http://www.wikidata.org/entity/Q127691550,https://bibliothecae.unibo.it/article/view/19977
http://www.wikidata.org/entity/Q127691551,https://bibliothecae.unibo.it/article/view/19978
http://www.wikidata.org/entity/Q127691548,https://bibliothecae.unibo.it/article/view/19976
http://www.wikidata.org/entity/Q127691549,https://bibliothecae.unibo.it/article/view/19972
http://www.wikidata.org/entity/Q127868932,
http://www.wikidata.org/entity/Q127868956,
http://www.wikidata.org/entity/Q128305871,
http://www.wikidata.org/entity/Q128306149,
http://www.wikidata.org/entity/Q128306153,
http://www.wikidata.org/entity/Q131925629,https://oa.inapp.gov.it/bitstreams/5e35a62a-5178-425a-8520-46e56fcd7fe7/download
http://www.wikidata.org/entity/Q131925643,https://oa.inapp.gov.it/bitstreams/8fd15d4a-6aa8-4c3b-9041-7c0bc8f944b3/download
http://www.wikidata.org/entity/Q131925664,https://oa.inapp.gov.it/bitstreams/cb031dd4-0ef7-42e4-8d1c-b69ef384c190/download
http://www.wikidata.org/entity/Q131925686,https://oa.inapp.gov.it/bitstreams/c8fb4355-f3fb-4d44-9392-aff1d54d2a44/download
http://www.wikidata.org/entity/Q131931058,
http://www.wikidata.org/entity/Q131931065,
http://www.wikidata.org/entity/Q131931300,
http://www.wikidata.org/entity/Q131932378,
http://www.wikidata.org/entity/Q131932403,
http://www.wikidata.org/entity/Q131932443,
http://www.wikidata.org/entity/Q131932551,
http://www.wikidata.org/entity/Q131932568,
http://www.wikidata.org/entity/Q131932589,
http://www.wikidata.org/entity/Q131986883,
http://www.wikidata.org/entity/Q131986985,
http://www.wikidata.org/entity/Q132126758,
http://www.wikidata.org/entity/Q132127027,
http://www.wikidata.org/entity/Q132127041,
http://www.wikidata.org/entity/Q132127110,
http://www.wikidata.org/entity/Q132127212,
http://www.wikidata.org/entity/Q132127224,
http://www.wikidata.org/entity/Q132130690,
http://www.wikidata.org/entity/Q132130704,
http://www.wikidata.org/entity/Q132130719,
http://www.wikidata.org/entity/Q132130797,
http://www.wikidata.org/entity/Q132130803,
http://www.wikidata.org/entity/Q132130834,
http://www.wikidata.org/entity/Q132130847,
http://www.wikidata.org/entity/Q132130942,
http://www.wikidata.org/entity/Q132131051,
http://www.wikidata.org/entity/Q132167890,
http://www.wikidata.org/entity/Q132167909,
http://www.wikidata.org/entity/Q132168073,
http://www.wikidata.org/entity/Q132540602,
http://www.wikidata.org/entity/Q132561594,https://bibliothecae.unibo.it/article/view/18742
http://www.wikidata.org/entity/Q133040646,
http://www.wikidata.org/entity/Q133080583,
http://www.wikidata.org/entity/Q133256774,
http://www.wikidata.org/entity/Q133256793,
http://www.wikidata.org/entity/Q133257960,
http://www.wikidata.org/entity/Q133258081,
http://www.wikidata.org/entity/Q133258102,
http://www.wikidata.org/entity/Q133258145,
http://www.wikidata.org/entity/Q133263063,
http://www.wikidata.org/entity/Q133278195,
http://www.wikidata.org/entity/Q133297020,
http://www.wikidata.org/entity/Q133297032,
http://www.wikidata.org/entity/Q133297580,
http://www.wikidata.org/entity/Q133757004,
http://www.wikidata.org/entity/Q134393758,https://www.studietruschi.org/nuova-tomba-etrusca-a-quinto-fiorentino-g-caputo-p-269
http://www.wikidata.org/entity/Q134393756,https://www.studietruschi.org/g-caputo-nuova-testa-fittile-del-tempio-di-luni-p-221
http://www.wikidata.org/entity/Q134393757,https://www.studietruschi.org/g-caputo-g-maetzke-presentazione-del-rilievo-di-fiesole-antica-p-41
http://www.wikidata.org/entity/Q134393762,https://www.studietruschi.org/?page_id=7872&preview=true
http://www.wikidata.org/entity/Q134393763,https://www.studietruschi.org/il-convegno-di-corridonia-in-onore-di-luigi-lanzi-p-xix
http://www.wikidata.org/entity/Q134393760,https://www.studietruschi.org/rassegna-degli-scavi-e-delle-scoperte-p-221
http://www.wikidata.org/entity/Q134393761,https://www.studietruschi.org/rassegna-degli-scavi-e-delle-scoperte-p-349
http://www.wikidata.org/entity/Q134444975,
http://www.wikidata.org/entity/Q134445011,https://books.google.it/books?id=rPy_5UfWsocC&pg=PA225
http://www.wikidata.org/entity/Q134513674,https://www.studietruschi.org/g-caputo-la-tradizione-del-grifo-perugino-p-417
http://www.wikidata.org/entity/Q134513673,https://www.studietruschi.org/?page_id=7963&preview=true
http://www.wikidata.org/entity/Q134513678,https://www.studietruschi.org/rassegna-degli-scavi-e-delle-scoperte-p-169
http://www.wikidata.org/entity/Q134513679,https://www.studietruschi.org/g-caputo-lobelos-della-montagnola-p-515
http://www.wikidata.org/entity/Q134513692,https://www.studietruschi.org/caputo-g-la-tholos-della-mula-in-un-nuovo-rilievo-p-367
http://www.wikidata.org/entity/Q134513697,https://www.studietruschi.org/rassegna-degli-scavi-e-delle-scoperte-p-301
http://www.wikidata.org/entity/Q134513709,https://www.studietruschi.org/g-caputo-quinto-fiorentino-la-montagnola-avori-applicativi-incastonati-dambra-p-49
http://www.wikidata.org/entity/Q134822033,https://oa.inapp.gov.it/bitstreams/2218c40f-8825-4635-869d-3b3a6b5c7537/download
http://www.wikidata.org/entity/Q134822634,https://oa.inapp.gov.it/bitstreams/22400649-ff2b-45c4-bb31-2926063b619d/download
http://www.wikidata.org/entity/Q134822870,https://oa.inapp.gov.it/bitstreams/8a5926d6-5a46-4aad-a274-23b6d8d0acde/download
http://www.wikidata.org/entity/Q134875686,
http://www.wikidata.org/entity/Q134887636,
http://www.wikidata.org/entity/Q134889535,
http://www.wikidata.org/entity/Q134889693,
http://www.wikidata.org/entity/Q134889718,
http://www.wikidata.org/entity/Q134889955,
http://www.wikidata.org/entity/Q134963409,https://oa.inapp.gov.it/bitstreams/3636780f-4ffc-42f4-bf50-ed5afa10f932/download
http://www.wikidata.org/entity/Q134963419,https://oa.inapp.gov.it/bitstreams/e3324f3f-4bc5-4978-a0ad-94c7642b6842/download
http://www.wikidata.org/entity/Q134963650,
http://www.wikidata.org/entity/Q135011215,
http://www.wikidata.org/entity/Q135011297,
http://www.wikidata.org/entity/Q135102878,https://bibliothecae.unibo.it/article/view/22266
http://www.wikidata.org/entity/Q135102879,https://bibliothecae.unibo.it/article/view/22275
http://www.wikidata.org/entity/Q135102882,https://bibliothecae.unibo.it/article/view/22274
http://www.wikidata.org/entity/Q135102883,https://bibliothecae.unibo.it/article/view/22268
http://www.wikidata.org/entity/Q135102880,https://bibliothecae.unibo.it/article/view/22276
http://www.wikidata.org/entity/Q135102881,https://bibliothecae.unibo.it/article/view/22278
http://www.wikidata.org/entity/Q135102886,https://bibliothecae.unibo.it/article/view/22267
http://www.wikidata.org/entity/Q135102884,https://bibliothecae.unibo.it/article/view/22273
http://www.wikidata.org/entity/Q135103335,
http://www.wikidata.org/entity/Q135116138,
http://www.wikidata.org/entity/Q135165055,https://www.afsu.it/wp-content/uploads/2025/01/Periodico-di-Matematica-IV-Vol.-VI-4-Online.pdf#page=117
http://www.wikidata.org/entity/Q135178782,
http://www.wikidata.org/entity/Q135180935,https://oa.inapp.gov.it/bitstreams/87f9645e-c511-4e17-850c-91a289bb1ddb/download
http://www.wikidata.org/entity/Q135180964,https://oa.inapp.gov.it/bitstreams/6a34c47e-9dd1-49cf-8afd-41b29112e109/download
http://www.wikidata.org/entity/Q135181011,https://oa.inapp.gov.it/bitstreams/5002b4ae-366f-42ae-80e9-c24f3c04bf48/download
http://www.wikidata.org/entity/Q135181035,https://oa.inapp.gov.it/bitstreams/13be071b-ca29-42b8-8c86-dd42a93a025b/download
http://www.wikidata.org/entity/Q135181072,https://oa.inapp.gov.it/bitstreams/537c45b5-91d9-400e-bccf-9ebf6f3f44a5/download
http://www.wikidata.org/entity/Q135181110,https://oa.inapp.gov.it/bitstreams/7c9bf96f-0108-4a58-a445-7af150f0bdfa/download
http://www.wikidata.org/entity/Q135225002,
http://www.wikidata.org/entity/Q135233359,
http://www.wikidata.org/entity/Q135233418,http://www.riccardoridi.it/esb/mazz-bibrov.htm
http://www.wikidata.org/entity/Q135233466,
http://www.wikidata.org/entity/Q135267376,
http://www.wikidata.org/entity/Q135267481,
http://www.wikidata.org/entity/Q135271036,
http://www.wikidata.org/entity/Q135335923,
http://www.wikidata.org/entity/Q135336054,
http://www.wikidata.org/entity/Q135391256,
http://www.wikidata.org/entity/Q135399271,
http://www.wikidata.org/entity/Q135399934,
http://www.wikidata.org/entity/Q135399994,
http://www.wikidata.org/entity/Q135400000,
http://www.wikidata.org/entity/Q135409624,
http://www.wikidata.org/entity/Q135409801,
http://www.wikidata.org/entity/Q135409906,
http://www.wikidata.org/entity/Q135432514,
http://www.wikidata.org/entity/Q135435931,
http://www.wikidata.org/entity/Q135435961,
http://www.wikidata.org/entity/Q135442878,
http://www.wikidata.org/entity/Q135494039,
http://www.wikidata.org/entity/Q135792920,
http://www.wikidata.org/entity/Q136184307,
http://www.wikidata.org/entity/Q136379142,
http://www.wikidata.org/entity/Q136384321,
http://www.wikidata.org/entity/Q136384392,
http://www.wikidata.org/entity/Q136384538,
http://www.wikidata.org/entity/Q136399613,
http://www.wikidata.org/entity/Q136399640,
http://www.wikidata.org/entity/Q136445293,
http://www.wikidata.org/entity/Q136445352,
http://www.wikidata.org/entity/Q136456633,
http://www.wikidata.org/entity/Q136456640,
http://www.wikidata.org/entity/Q136456660,
http://www.wikidata.org/entity/Q136456962,
http://www.wikidata.org/entity/Q136461768,
http://www.wikidata.org/entity/Q136461995,
http://www.wikidata.org/entity/Q136462742,
http://www.wikidata.org/entity/Q136491214,
http://www.wikidata.org/entity/Q136505174,
http://www.wikidata.org/entity/Q136539563,
http://www.wikidata.org/entity/Q136540024,
http://www.wikidata.org/entity/Q136593329,
http://www.wikidata.org/entity/Q136593412,
http://www.wikidata.org/entity/Q136657990,https://oa.inapp.gov.it/bitstreams/2d9e5b8c-7a09-423f-aaa6-a8de36d4da2c/download
http://www.wikidata.org/entity/Q136658092,https://oa.inapp.gov.it/bitstreams/fe96c378-81f7-4f31-bf95-35526a15c918/download
http://www.wikidata.org/entity/Q136658118,https://oa.inapp.gov.it/bitstreams/af5c561e-9f60-464a-9fa2-f349001afd3a/download
http://www.wikidata.org/entity/Q136658143,https://oa.inapp.gov.it/bitstreams/3116b7fb-b7ca-4ffd-8ae2-14f1220d4afa/download
http://www.wikidata.org/entity/Q136658175,https://oa.inapp.gov.it/bitstreams/e6d26131-2236-4ff5-b2be-9e7104bb721b/download
http://www.wikidata.org/entity/Q136658306,https://oa.inapp.gov.it/bitstreams/85d15cb9-46bb-41d9-b14e-e637c724c912/download
http://www.wikidata.org/entity/Q136658342,https://oa.inapp.gov.it/bitstreams/a3ed442b-9a16-42b5-93a3-ba365a073e1d/download
http://www.wikidata.org/entity/Q136658554,https://oa.inapp.gov.it/bitstreams/730e116d-eb86-4b79-8822-511c5b5330c0/download
http://www.wikidata.org/entity/Q136658604,https://oa.inapp.gov.it/bitstreams/550fcc60-9417-4382-996b-c39a7b8fc71a/download
http://www.wikidata.org/entity/Q136661502,
http://www.wikidata.org/entity/Q136665118,
http://www.wikidata.org/entity/Q136665816,https://oa.inapp.gov.it/bitstreams/682fa43b-6716-47c7-bb85-f2ef159e20c4/download
http://www.wikidata.org/entity/Q136666002,https://oa.inapp.gov.it/bitstreams/af554f44-1e94-4745-9d4c-306bc1a67ca5/download
http://www.wikidata.org/entity/Q136666236,https://oa.inapp.gov.it/bitstreams/bb12e7b0-9276-43aa-83bf-61ac71ddf17a/download
http://www.wikidata.org/entity/Q136666494,https://oa.inapp.gov.it/bitstreams/3b350c68-adba-467b-8580-4c0e9987a90d/download
http://www.wikidata.org/entity/Q136666796,https://oa.inapp.gov.it/bitstreams/7a92c1f7-1749-4c82-a5a0-ad33adc8f995/download
http://www.wikidata.org/entity/Q136667091,https://oa.inapp.gov.it/bitstreams/c3be74a8-70b8-4583-8049-838e65ff0d19/download
http://www.wikidata.org/entity/Q136669593,
http://www.wikidata.org/entity/Q136669602,
http://www.wikidata.org/entity/Q136678249,
http://www.wikidata.org/entity/Q136678881,
http://www.wikidata.org/entity/Q136716018,
http://www.wikidata.org/entity/Q136723350,https://www.gruppodeiromanisti.it/wp-content/uploads/2014/10/2001-parte-1-pp.-1-325.pdf
http://www.wikidata.org/entity/Q136728621,
http://www.wikidata.org/entity/Q136757914,
http://www.wikidata.org/entity/Q136759809,
http://www.wikidata.org/entity/Q136759830,
http://www.wikidata.org/entity/Q136760020,
http://www.wikidata.org/entity/Q136760027,
http://www.wikidata.org/entity/Q136760137,
http://www.wikidata.org/entity/Q136760229,
http://www.wikidata.org/entity/Q136940308,
http://www.wikidata.org/entity/Q137015827,https://aibstudi.aib.it/article/view/13858
http://www.wikidata.org/entity/Q137015830,https://aibstudi.aib.it/article/view/13850
http://www.wikidata.org/entity/Q137015831,https://aibstudi.aib.it/article/view/13849
http://www.wikidata.org/entity/Q137015828,https://aibstudi.aib.it/article/view/13859
http://www.wikidata.org/entity/Q137015829,https://aibstudi.aib.it/article/view/13818
http://www.wikidata.org/entity/Q137017519,https://aibstudi.aib.it/article/view/13848
http://www.wikidata.org/entity/Q137017522,https://aibstudi.aib.it/article/view/13844
http://www.wikidata.org/entity/Q137017523,https://aibstudi.aib.it/article/view/13834
http://www.wikidata.org/entity/Q137017524,https://aibstudi.aib.it/article/view/13790
http://www.wikidata.org/entity/Q137104650,https://aibstudi.aib.it/article/view/13855
http://www.wikidata.org/entity/Q137104651,https://aibstudi.aib.it/article/view/13838
http://www.wikidata.org/entity/Q137104648,https://aibstudi.aib.it/article/view/13846
http://www.wikidata.org/entity/Q137195917,
http://www.wikidata.org/entity/Q137324314,
http://www.wikidata.org/entity/Q137368051,
http://www.wikidata.org/entity/Q137392147,
http://www.wikidata.org/entity/Q137392384,
http://www.wikidata.org/entity/Q137393272,
