id,titolo
http://www.wikidata.org/entity/Q136384321,Deliberazione 21 dicembre 1993: Assegnazione alla regione Umbria della somma complessiva di L. 2.000.000.000 per il finanziamento definitivo del progetto SENDES
http://www.wikidata.org/entity/Q136384538,Decreto 30 aprile 1976: Regolamento interno per l'organizzazione ed il funzionamento dell'Istituto superiore di sanità
http://www.wikidata.org/entity/Q137368051,Si tocca Corfù. Viaggi in Levante
http://www.wikidata.org/entity/Q128621600,"Meldini, fantasmi a Rimini"
http://www.wikidata.org/entity/Q111747586,Le fonti del «Libro della natura degli animali»
http://www.wikidata.org/entity/Q128694025,Bibliografia degli scritti di Gustavo Vinay (1912-1993)
http://www.wikidata.org/entity/Q111782067,Racconti autobiografici di vocazione della Provincia di Polonia (1574-1580)
http://www.wikidata.org/entity/Q128306149,Panizzi esule
http://www.wikidata.org/entity/Q33144512,"Cardiac myxoma: diagnostic approach, surgical treatment and follow-up. A twenty years experience."
http://www.wikidata.org/entity/Q33144721,Idiopathic hypertrophic subaortic stenosis: long-term surgical results
http://www.wikidata.org/entity/Q111967346,"Bibliografia degli scritti, anni 1981-2021"
http://www.wikidata.org/entity/Q111967347,L'utopia della biblioteca e la missione del bibliotecario
http://www.wikidata.org/entity/Q111967570,"Un'idea di biblioteca, un'idea di professione"
http://www.wikidata.org/entity/Q111967342,Inizi
http://www.wikidata.org/entity/Q111967343,I libri di Cosimo: Italo Calvino alla Biblioteca nazionale centrale di Roma
http://www.wikidata.org/entity/Q114851255,La sfida della crescita esponenziale delle raccolte nelle biblioteche di ricerca: i primi sistemi di optical electric information retrieval
http://www.wikidata.org/entity/Q117428586,Che cos’è una biblioteca ‘normale’?
http://www.wikidata.org/entity/Q117428593,Gli incunaboli di Umberto Eco
http://www.wikidata.org/entity/Q117428679,Bias delle collezioni e data analysis: un modello per lo studio comparato delle raccolte LGBTQ+
http://www.wikidata.org/entity/Q117428678,Per una visione sistemica del prestito digitale bibliotecario
http://www.wikidata.org/entity/Q117428677,"La scelta di lettura nella biblioteca pubblica: fisionomia, spazi e contesti del progetto Reading(&)Machine"
http://www.wikidata.org/entity/Q117447410,Il web semantico: il contesto di lavoro odierno
http://www.wikidata.org/entity/Q117447411,Che cos'è la cultura?
http://www.wikidata.org/entity/Q117447409,La biblioteca di Abele
http://www.wikidata.org/entity/Q117447504,"L'insegnamento della LIS durante la pandemia: l’esperienza del LIS Department della St. Petersburg State University of Culture, Russia"
http://www.wikidata.org/entity/Q117447507,Intelligenza artificiale e produzione di testi: una prospettiva storico-critica
http://www.wikidata.org/entity/Q117447506,Linked open data per la valorizzazione di collezioni culturali: il dataset mythLOD
http://www.wikidata.org/entity/Q117447505,Saggi in ricordo di Maria A. Abenante: le qualità (e i valori) di una bibliotecaria
http://www.wikidata.org/entity/Q117447582,Modelli di business emergenti e transizione digitale nel settore editoriale spagnolo
http://www.wikidata.org/entity/Q117447583,"Bibliotecari, il lavoro più bello del mondo. Anche in Italia? Per un resoconto del 61. Congresso nazionale AIB"
http://www.wikidata.org/entity/Q117448463,Una resurrezione a Lisbona
http://www.wikidata.org/entity/Q117448466,"Biblioteche e diritti aletici: una, nessuna o centomila verità?"
http://www.wikidata.org/entity/Q117448465,Tra immaginario e impatto atteso: le biblioteche nelle attività di valutazione delle università
http://www.wikidata.org/entity/Q117448470,Problematiche e complessità di genere nelle discipline del libro
http://www.wikidata.org/entity/Q117448469,Il progetto Post-I_IT (Post Incunaboli_ITaliani)
http://www.wikidata.org/entity/Q117448472,La biblioteca e la sua reputazione: sulle tracce della misurazione per costruire una nuova narrazione
http://www.wikidata.org/entity/Q117448474,Risorse cartografiche e descrizione standardizzata: da ISBD(CM) a ISBD Edizione consolidata rivista:
http://www.wikidata.org/entity/Q117448475,Manifesto IFLA-UNESCO delle biblioteche pubbliche 2022
http://www.wikidata.org/entity/Q117448473,Lettura su schermo e processi cognitivi: superare le dicotomie per continuare a leggere
http://www.wikidata.org/entity/Q117455594,"Grande è la disinformazione sotto il cielo: la situazione non è eccellente, ma tutto sommato potrebbe andare peggio"
http://www.wikidata.org/entity/Q117455592,La Carta di Milano delle biblioteche per disegnare il cambiamento
http://www.wikidata.org/entity/Q117455595,"«Dietro è la casa, davanti a noi il mondo»: da UNIMARC a MARC21 all’Università di Milano-Bicocca"
http://www.wikidata.org/entity/Q117455593,Un’epica bibliografia visiva della storia della distruzione dei libri
http://www.wikidata.org/entity/Q117455598,Le declaratorie del settore disciplinare M-STO/08 come «testo breve»: un modello di analisi linguistica
http://www.wikidata.org/entity/Q117455596,Le biblioteche nella mente della politica: la politica bibliotecaria nei programmi elettorali delle elezioni amministrative 2021-2022
http://www.wikidata.org/entity/Q117455597,Alphabetica e il reference digitale: suggerimenti e mappe concettuali per gli utenti del portale
http://www.wikidata.org/entity/Q117455602,Emilia Franceschini: la prima bibliotecaria all’Università di Firenze
http://www.wikidata.org/entity/Q117455600,"Rappresentazione, organizzazione e trasmissione della conoscenza: Library and information science e digital humanities"
http://www.wikidata.org/entity/Q117455603,"Biblioteche accademiche in rete per la terza missione? Valorizzazione, inclusione e nuove opportunità strategiche"
http://www.wikidata.org/entity/Q117455601,"Una città che ci fa vivere molteplici vite: il percorso etnografico, maieutico e strategico del Settore Biblioteche del Comune di Bologna"
http://www.wikidata.org/entity/Q117455604,"Bilanci e nuove prospettive della ricerca applicata per le biblioteche: resoconto del convegno “Misurazione e valutazione delle biblioteche: ne è valsa la pena? Cambiamenti, impatti e racconti di 30 anni di lavoro comune”"
http://www.wikidata.org/entity/Q117455605,Prima panoramica europea sul prestito digitale nelle biblioteche pubbliche
http://www.wikidata.org/entity/Q123110125,Metodi e strumenti di un progetto di valorizzazione delle riviste italiane di biblioteconomia in Wikidata
http://www.wikidata.org/entity/Q137015830,Prestito digitale bibliotecario: un servizio multiforme e in continua innovazione
http://www.wikidata.org/entity/Q137015828,Pratiche di lettura e altre ‘porte’ di accesso ai mondi narrativi: un questionario per gli utenti delle Biblioteche civiche torinesi
http://www.wikidata.org/entity/Q137015831,I grandi assenti: i bibliotecari negli archivi di Stato
http://www.wikidata.org/entity/Q137015829,Invenzioni cartotecniche nella tradizione rinascimentale degli studi di anatomia
http://www.wikidata.org/entity/Q137017519,Democratizzazione della conoscenza attraverso l’uso delle immagini in Otlet e Neurath
http://www.wikidata.org/entity/Q111967344,"Letture aumentate, fra rete e intermedialità"
http://www.wikidata.org/entity/Q111967345,"La persistente attualità di La biblioteca: scenari, culture, pratiche di servizio di Giovanni Solimine"
http://www.wikidata.org/entity/Q137015827,Commiato
http://www.wikidata.org/entity/Q103918139,"“Il privilegio della parola scritta”: studi, progetti e nuovi approcci metodologici per i fondi d’autore (Università degli studi di Salerno, 10-12 aprile 2019)"
http://www.wikidata.org/entity/Q103918144,"Analfabetismo funzionale: perché, ci serve ancora saper leggere e scrivere?"
http://www.wikidata.org/entity/Q103918138,Paul Otlet e la classificazione delle scienze
http://www.wikidata.org/entity/Q103918136,"La biblioteconomia comparata e l’apporto di Peter Johan Lor: una strategia di ricerca per l’analisi di influenze, divergenze e consonanze"
http://www.wikidata.org/entity/Q103918142,Problematiche e sviluppi recenti a proposito del controllo di autorità nella catalogazione dei manoscritti
http://www.wikidata.org/entity/Q103896949,Stati Generali dei professionisti del patrimonio culturale: una prospettiva di alleanze da perseguire con convinzione
http://www.wikidata.org/entity/Q103899574,Contro l’attendismo bibliotecario: quadri di un’esposizione
http://www.wikidata.org/entity/Q103899591,I robot di servizio antropomorfi influenzano il nostro senso di sicurezza? Ai margini della riflessione sul futuro del mercato del lavoro nella LIS
http://www.wikidata.org/entity/Q103899614,Open data steward: bibliotecari e alfabetizzazione ai dati aperti
http://www.wikidata.org/entity/Q103899613,Quando il bibliotecario migliore è un’IA
http://www.wikidata.org/entity/Q103901292,"Bibliotecari, bibliometria e valutazione della ricerca: riscoprire una competenza per valorizzare una professione"
http://www.wikidata.org/entity/Q103901304,"Biblioteconomia sociale? Certo, per contribuire al nuovo welfare"
http://www.wikidata.org/entity/Q103901314,Dalla parte delle biblioteche
http://www.wikidata.org/entity/Q103899606,Per un indice condiviso di possessori e provenienze in SBN: una prospettiva concreta
http://www.wikidata.org/entity/Q103899609,"Dati, informazione e competenza: dell’inevitabile pervasività delle infodemie e del perché non possiamo più fare a meno dell’information literacy"
http://www.wikidata.org/entity/Q103901299,"Instant, cultural and infinite: lo sviluppo dei sistemi di ricerca e scoperta verso le qualità del pensiero (note da FSR 2014)"
http://www.wikidata.org/entity/Q103901301,Luisella e “i fisici”: culture egemoni e nuovi saperi
http://www.wikidata.org/entity/Q103899599,L’evoluzione del ruolo delle biblioteche accademiche: un’indagine nella Sapienza Università di Roma
http://www.wikidata.org/entity/Q103901290,"Sul perché, anche nel mondo dei Linked Data, non possiamo rinunciare al concetto di documento"
http://www.wikidata.org/entity/Q103901316,Visibilità e prospettive per biblioteche e bibliotecari
http://www.wikidata.org/entity/Q102503100,La valorizzazione del patrimonio bibliotecario tra public engagement e public history
http://www.wikidata.org/entity/Q103899584,Il ruolo della promozione e della distribuzione nella filiera del libro: orientarsi nel dedalo dell’editoria italiana
http://www.wikidata.org/entity/Q103899592,La ‘cultura orizzontale’: prove generali ai tempi della pandemia
http://www.wikidata.org/entity/Q103899598,Il cerchio si allarga intorno al mondo: open access contro la pandemia
http://www.wikidata.org/entity/Q103899597,"Varcare la soglia: il digitale nel catalogo, alcune riflessioni"
http://www.wikidata.org/entity/Q103899610,"Biblioteche e bibliotecari nel Wikiproject Covid-19: authority control, contenuti di qualità e linked open data"
http://www.wikidata.org/entity/Q103901280,Il welfare è morto viva il welfare! Biblioteche pubbliche tra welfare e valore sociale
http://www.wikidata.org/entity/Q103901283,Rete di reti: un progetto per accrescere l’efficienza e l’efficacia delle biblioteche e delle reti bibliotecarie italiane (Seconda parte)
http://www.wikidata.org/entity/Q103901308,"Biblioteconomia, università, formazione, professione"
http://www.wikidata.org/entity/Q103896948,Le quattro grandi biblioteche nazionali non centrali: problemi e prospettive
http://www.wikidata.org/entity/Q103896945,Una mappa topica per la professione: l'atlante di R. David Lankes
http://www.wikidata.org/entity/Q103899590,Biblioteca accademica e collezioni speciali: spunti di azione e di riflessione (con un’appendice sulla valutazione della terza missione)
http://www.wikidata.org/entity/Q103899593,La tradizione di AIB studi e il suo lector in fabula
http://www.wikidata.org/entity/Q103899601,La piramide dell'informazione: una proposta (prima parte)
http://www.wikidata.org/entity/Q103899607,Pensare l'impensabile
http://www.wikidata.org/entity/Q100741569,"Il fondo Natalino Sapegno: un ""patrimonio di umanità e di cultura"""
http://www.wikidata.org/entity/Q103896952,A proposito di Introduzione alla scienza dell'informazione di Alberto Salarelli: alcune osservazioni metodologiche
http://www.wikidata.org/entity/Q103896950,"Storie di autonomia ""speciale"": le biblioteche specializzate del Ministero per i beni e le attività culturali"
http://www.wikidata.org/entity/Q103899589,Digital humanities e organizzazione della conoscenza: una pratica di insegnamento nel LODLAM
http://www.wikidata.org/entity/Q103899596,"Lo stargate della lettura, ovvero il passaggio che stiamo attraversando"
http://www.wikidata.org/entity/Q103899604,Il Fondo Laura della Biblioteca universitaria di Genova: un fondo di persona
http://www.wikidata.org/entity/Q103899605,La lettura in Catalogna: analisi dei dati sulle pratiche di lettura e delle campagne di promozione della lettura
http://www.wikidata.org/entity/Q103901278,"Convergenza di biblioteche, archivi e musei: le iniziative di IFLA"
http://www.wikidata.org/entity/Q103901296,Crisi e nuovo sviluppo: un ruolo per le biblioteche
http://www.wikidata.org/entity/Q103901302,Le professioni per le biblioteche accademiche di ricerca
http://www.wikidata.org/entity/Q103901310,Il corsivo
http://www.wikidata.org/entity/Q103899585,Questioni di metodo: i comunicati AIB a supporto delle biblioteche e dei bibliotecari di fronte all’emergenza da Covid-19
http://www.wikidata.org/entity/Q103901289,Sviluppi e trasformazioni delle biblioteche digitali: dai repositories di testi alle semantic digital libraries
http://www.wikidata.org/entity/Q103918150,Fake news e verità post fattuale: davvero noi siamo 'solo' bibliotecari?
http://www.wikidata.org/entity/Q103918168,Sovraccarico informativo e information literacy: un'indagine fra gli utenti delle biblioteche pubbliche veneziane
http://www.wikidata.org/entity/Q103918217,I percorsi ingannevoli nella gestione delle collezioni di una biblioteca pubblica tra censura e legittimazione della post verità: verso il paradigma dei diritti aletici
http://www.wikidata.org/entity/Q103918220,Fake news: bibliotecario neutrale o bibliotecario attivo?
http://www.wikidata.org/entity/Q103918230,Assemblaggi: metodologie miste per l’indagine partecipata sulla lettura in età prescolare
http://www.wikidata.org/entity/Q103918232,Nonsolocopyright: diritto dell’informazione e biblioteche digitali
http://www.wikidata.org/entity/Q103918253,La convergenza al digitale degli istituti culturali: riflessioni a margine di Progressi dell’informazione e progresso delle conoscenze
http://www.wikidata.org/entity/Q103918148,La digitalizzazione della musica popolare italiana: la Rete degli archivi sonori di musiche di tradizione orale alla Biblioteca nazionale centrale di Roma
http://www.wikidata.org/entity/Q103918224,Post-verità o post-biblioteche?
http://www.wikidata.org/entity/Q103918242,Con il pretesto delle false notizie: insegnare il pensiero critico nella scuola italiana a partire da Carol C. Kuhlthau
http://www.wikidata.org/entity/Q103918251,Open access: per un approccio storico e critico
http://www.wikidata.org/entity/Q103918258,Breve profilo biografico di Silvano Gerevini (1922-1992) con un elenco dei suoi scritti e cenni sulla biblioteca dellʼistituto da lui diretto
http://www.wikidata.org/entity/Q103918163,"Blockchain, intelligenza artificiale e internet delle cose in biblioteca"
http://www.wikidata.org/entity/Q103918222,Le Digital humanities in Italia: la tradizione del nuovo
http://www.wikidata.org/entity/Q103918236,Strumenti e metodi di innovazione nel panorama dell’open science: l’open peer review
http://www.wikidata.org/entity/Q103918244,Non solo giacimenti: la cultura del servizio nelle biblioteche musicali
http://www.wikidata.org/entity/Q103918256,L'editoria pubblica in rete tra autonomia e controllo: dal 'feudalesimo' alla 'federazione'?
http://www.wikidata.org/entity/Q103918211,Note e riflessioni a margine del Seminario internazionale di ricerca “What happened in the library? Readers and libraries from historical investigations to current issues”
http://www.wikidata.org/entity/Q103918238,Biblioteche per apprendere
http://www.wikidata.org/entity/Q103918240,Il catalogo storico di un editore di fronte al digitale
http://www.wikidata.org/entity/Q103918249,Tra autonomia e centralismo: Renato Papò e le biblioteche popolari in Sardegna (1947-1954)
http://www.wikidata.org/entity/Q103918152,Integrazione di programmi di information literacy e visual literacy nel curriculum universitario: una proposta di corso
http://www.wikidata.org/entity/Q103918160,«Quod non est in rete non est in mundo»: la proposta della Biblioteca digitale trentina
http://www.wikidata.org/entity/Q103918156,La relazione di servizio pubblico in biblioteca: la dimensione sociale della mediazione
http://www.wikidata.org/entity/Q103918164,La piramide dell'informazione: una introduzione
http://www.wikidata.org/entity/Q103918178,Il deposito legale regionale in Italia: stato dell’arte e risultati di una recente indagine
http://www.wikidata.org/entity/Q103918246,The library faith: miti e realtà della public library americana (Seconda parte)
http://www.wikidata.org/entity/Q103918234,La qualità dell’universo documentario digitale: dai contenuti al servizio
http://www.wikidata.org/entity/Q103918270,"Calvino e l'algoritmo: riflessioni trasversali su tempo, spazio, racconto, informazione, consistenza e complessità"
http://www.wikidata.org/entity/Q103918268,"Livelli di verità: post-verità, fake news e neutralità intellettuale in biblioteca"
http://www.wikidata.org/entity/Q103918174,Le biblioteche degli ordini professionali: il caso genovese
http://www.wikidata.org/entity/Q103918180,"Che cos’è una biblioteca, chi sono i bibliotecari: diario di un triennio intenso"
http://www.wikidata.org/entity/Q103918215,Da Oldenburg all’accesso aperto: quale futuro per le riviste scientifiche?
http://www.wikidata.org/entity/Q103918227,The library faith: miti e realtà della public library americana (Prima parte)
http://www.wikidata.org/entity/Q103918169,IFLA Milan 2009: dieci anni dopo
http://www.wikidata.org/entity/Q103918172,Fake news e post-verità: disordini informativi e narrativi tra Gutenberg e Google
http://www.wikidata.org/entity/Q103918266,La post-verità come volto di una nuova inquisizione
http://www.wikidata.org/entity/Q103918260,"Se un leone potesse parlare, noi non potremmo capirlo. La comunicazione del patrimonio culturale in ambiente digitale"
http://www.wikidata.org/entity/Q103918264,La neutralità difficile
http://www.wikidata.org/entity/Q103918272,"Entità, attributi e relazioni bibliografiche: rileggendo la tesi PhD di Barbara B. Tillett trent’anni dopo"
http://www.wikidata.org/entity/Q103919378,Il «Bollettino AIB» come open journal: dalla carta a OJS passando per l’HTML
http://www.wikidata.org/entity/Q103919380,La delegazione sovietica al primo Congresso dell’IFLA
http://www.wikidata.org/entity/Q103919372,Apocalittici e integrati del web: internet ci rende stupidi o intelligenti?
http://www.wikidata.org/entity/Q103919376,E ora facciamo i conti con la realtà
http://www.wikidata.org/entity/Q137017522,L'impatto di una biblioteca storica: prima indagine sulla Biblioteca Palatina di Parma
http://www.wikidata.org/entity/Q137017523,"Presente prossimo: le strategie di prossimità dell’Area Biblioteche del Comune di Milano, dai partenariati alle biblioteche condominiali"
http://www.wikidata.org/entity/Q137017524,La creazione di biblioteche pubbliche in grado di accogliere persone affette da demenza in Croazia
http://www.wikidata.org/entity/Q137104650,Della definizione di infodemia e del ruolo dei bibliotecari: conversazione con Tina Purnat dell’OMS
http://www.wikidata.org/entity/Q137104651,Dare nuova voce alle fonti. Comunicare la ricerca umanistica per tuttə: un progetto di digitalizzazione del fondo audio della Biblioteca Fondazione Bruno Kessler
http://www.wikidata.org/entity/Q137104648,Un'autobiografia dell’editoria italiana
http://www.wikidata.org/entity/Q103918336,"I progetti Wikimedia per l’apprendimento delle competenze informative e digitali in biblioteca, a scuola, nelle università"
http://www.wikidata.org/entity/Q103919353,"Ancora su Google e la giungla digitale: altri misteri, novità e tendenze"
http://www.wikidata.org/entity/Q103918276,La lettura e il suo contesto: i dati analizzati con il grandangolo
http://www.wikidata.org/entity/Q103918330,Un inedito Cesare Segre direttore di biblioteca (1968-1975)
http://www.wikidata.org/entity/Q103918339,"Se il catalogo parlasse, lo capiremmo? Cinque assiomi della comunicazione catalografica"
http://www.wikidata.org/entity/Q103918358,Finalmente maggiorenni! La 18a edizione del “Workshop di Teca” dal titolo “Il futuro delle biblioteche: nuovi ruoli nell’universo digitale”
http://www.wikidata.org/entity/Q103918361,Gaming@yourlibrary e Libri senza carta: avventure digitali per giovani lettori
http://www.wikidata.org/entity/Q103918368,Le biblioteche pubbliche in Italia: verso un nuovo documento programmatico
http://www.wikidata.org/entity/Q103918375,Lost voices: un’iniziativa bibliotecaria a basso costo per sostenere la dementia strategy
http://www.wikidata.org/entity/Q103919305,"Formazione, lavoro, occupazione: il triangolo delle Bermuda che rischia di inghiottire i bibliotecari italiani"
http://www.wikidata.org/entity/Q103918326,Cominciamo dall’AIB
http://www.wikidata.org/entity/Q103918347,Biblioteche e bibliotecari nel XXI secolo: vettori di knowledge ma anche costruttori empatici del cambiamento
http://www.wikidata.org/entity/Q103918350,Il master internazionale italo-egiziano Conservation of antique photographs and paper heritage
http://www.wikidata.org/entity/Q103918356,Volere è potere: AIB studi e il percorso verso l'open access
http://www.wikidata.org/entity/Q103918370,"La formazione delle raccolte: bibliotecari, utenti e collezioni tra nuovi ruoli e principi professionali"
http://www.wikidata.org/entity/Q103918377,«La conoscenza rende liberi». La biblioteconomia di Giovanni Solimine
http://www.wikidata.org/entity/Q103919296,Ci siamo già passati: modelli che si ripetono nella re-invenzione dei ruoli del bibliotecario nella biblioteca accademica
http://www.wikidata.org/entity/Q103919309,"ESCO, l’iniziativa europea nel campo della semantica delle professioni"
http://www.wikidata.org/entity/Q103919346,Le biblioteche statali universitarie
http://www.wikidata.org/entity/Q103919351,Uno sguardo sul futuro semantico dell’universo bibliografico
http://www.wikidata.org/entity/Q103918333,L’evoluzione del restauro librario: un bilancio a cinquant’anni dall’alluvione fiorentina
http://www.wikidata.org/entity/Q103919299,Valutazione dello spazio architettonico delle biblioteche attraverso la Post-Occupancy Evaluation
http://www.wikidata.org/entity/Q103919312,Che ne sarà dell'impero bibliotecario?
http://www.wikidata.org/entity/Q103919328,La lettura in Italia: sempre più una “missione impossibile”
http://www.wikidata.org/entity/Q103919303,Oltre la comunicazione scientifica: riflessioni sul trasferimento della conoscenza nelle scienze umane
http://www.wikidata.org/entity/Q103919320,Stato dell’arte e prospettive future della biblioteconomia nell’università italiana
http://www.wikidata.org/entity/Q103919333,Una nuova biblioteca nel centro di Perugia
http://www.wikidata.org/entity/Q103918273,Etica e responsabilità nell'informazione e nella comunicazione: spunti per una discussione (riflessione?)
http://www.wikidata.org/entity/Q103918338,Teca del Mediterraneo: una biblioteca di frontiera
http://www.wikidata.org/entity/Q103918353,WebDewey search
http://www.wikidata.org/entity/Q103919294,Le biblioteche pubbliche in Francia oggi
http://www.wikidata.org/entity/Q103919301,"La storia della stampa vista da Elizabeth L. Eisenstein in Divine art, infernal machine"
http://www.wikidata.org/entity/Q103919318,Il riconoscimento delle professioni non regolate e la legge n. 4 del 14 gennaio 2013
http://www.wikidata.org/entity/Q103919326,Il deserto dei Tartari
http://www.wikidata.org/entity/Q103919331,Documento IFLA sullo stato del prestito digitale
http://www.wikidata.org/entity/Q103918279,"Quattro approcci agli studi sull’utenza: user studies, information behaviour, information practice e information experience"
http://www.wikidata.org/entity/Q103918328,L'audacia e la lentezza
http://www.wikidata.org/entity/Q103918344,L’alfabetizzazione sanitaria: biblioteche e bibliotecari per il benessere dei cittadini
http://www.wikidata.org/entity/Q103918363,Il bibliotecario del digitale: quale riconoscimento?
http://www.wikidata.org/entity/Q103918373,Origini e prospettive del progetto SBN
http://www.wikidata.org/entity/Q103919289,Paul Otlet: una vita per la documentazione
http://www.wikidata.org/entity/Q103919315,Dati aperti e ricerca scientifica: aspetti gestionali e normativi nel contesto dell'e-science
http://www.wikidata.org/entity/Q103919323,Una storia delle biblioteche dall'interno della professione
http://www.wikidata.org/entity/Q103919339,"Il primo Congresso mondiale delle biblioteche e di bibliografia, Roma-Venezia, 15-30 giugno 1929"
http://www.wikidata.org/entity/Q103919348,"La biblioteca pubblica locale tra Comune, Regione e Stato: una contesa senza contendenti"
http://www.wikidata.org/entity/Q103918341,Leggere lo spazio della biblioteca
http://www.wikidata.org/entity/Q103918366,Andare oltre impressionabilità e ideologia: la 'svolta narrativa' e gli strumenti di analisi della biblioteconomia sociale
http://www.wikidata.org/entity/Q103919307,Storia e attualità del diritto d'autore
http://www.wikidata.org/entity/Q103919336,Rete di reti: un progetto per accrescere l’efficienza e l’efficacia delle biblioteche e delle reti bibliotecarie italiane (Prima parte)
http://www.wikidata.org/entity/Q103919343,Le biblioteche statali non centrali alla ricerca di identità
http://www.wikidata.org/entity/Q103918134,Biblioteche tra liquidità e ipercultura: riflessioni e una proposta dalla Puglia delle community libraries
http://www.wikidata.org/entity/Q103918132,La professione del bibliotecario tra criticità e possibilità: note dal satellite meeting IFLA “Transforming LIS education for professionals in a global information world”
http://www.wikidata.org/entity/Q111967330,Le pubblicazioni di Giovanni Solimine: la loro presenza e impatto in internet
http://www.wikidata.org/entity/Q111967332,Il libro digitale in biblioteca: un continuo work in progress nella distribuzione
http://www.wikidata.org/entity/Q111967333,Il testamento di Paul Otlet
http://www.wikidata.org/entity/Q103919357,L’accesso tematico nelle biblioteche per ragazzi: vocabolario e strutture concettuali dei bambini
http://www.wikidata.org/entity/Q103919362,Nasce «AIB Studi»
http://www.wikidata.org/entity/Q103919359,Biblioteche e città: la funzione “civica” delle biblioteche del MiBAC
http://www.wikidata.org/entity/Q59388182,Wikipedia e biblioteche: una prospettiva globale
http://www.wikidata.org/entity/Q59388178,Formiche virtuali o virtuose? Verso un'etica dell'accesso
http://www.wikidata.org/entity/Q69559758,Archivi di persona in linked open data: il modello concettuale come strumento di integrazione nei GLAMs
http://www.wikidata.org/entity/Q59388184,How might we... Ripensare la biblioteca con l'aiuto del design thinking
http://www.wikidata.org/entity/Q69646153,Biblioteche e carte d’autore: tra questioni cruciali e modelli di studio e gestione
http://www.wikidata.org/entity/Q59388175,Fatti alternativi e fake news: la verificabilità nella società dell'informazione
http://www.wikidata.org/entity/Q74825992,La gestione delle biblioteche d'autore: un confronto tra realtà italiana e realtà americana
http://www.wikidata.org/entity/Q56736038,Dagli OPAC ai library linked data: come cambiano le risposte ai bisogni degli utenti
http://www.wikidata.org/entity/Q59388179,Le raccolte di documenti personali: uno studio per la ricerca e la valorizzazione
http://www.wikidata.org/entity/Q59388183,"Indagine sulle biblioteche valdesi in Italia: caratteristiche, problematiche e prospettive future"
http://www.wikidata.org/entity/Q59388185,"La convergenza delle risorse informative nel Web dei dati e delle relazioni (note sul Convegno AIB CILW 2016, Biblioteca nazionale centrale di Roma, 21 ottobre 2016)"
http://www.wikidata.org/entity/Q59388177,"Funziona come Google, vero? Prima indagine sull'interazione utente-catalogo nella biblioteca del Dipartimento di musicologia e beni culturali (Cremona) dell'Università di Pavia"
http://www.wikidata.org/entity/Q59388176,Validità e limiti della library catalog analysis per la valutazione della ricerca nelle scienze umane e sociali
http://www.wikidata.org/entity/Q59388180,La valutazione alternativa: altmetrics e dintorni
http://www.wikidata.org/entity/Q59388181,L'universo delle risorse culturali: lampi di genio e azioni concrete. Lightning talks presentati al Convegno AIB CILW 2016
http://www.wikidata.org/entity/Q103919646,"Ripensare spazi e collezioni: best practices dall'IFLA Satellite Conference ""Space and collections earning their keep: transformation, technologies and re-tooling"" (Parigi, 13-14 agosto 2014)"
http://www.wikidata.org/entity/Q103919724,Buone pratiche di integrazione in biblioteca: i sistemi bibliotecari di Roma e Amburgo
http://www.wikidata.org/entity/Q103919382,Il sistema ISSN in Italia
http://www.wikidata.org/entity/Q103919632,Le indagini qualitative come strumento di valutazione dei servizi bibliotecari: riflessioni a margine di uno studio di caso
http://www.wikidata.org/entity/Q103919652,"Bibliometria sì, bibliometria no: la valutazione della ricerca nelle scienze umane e sociali al bivio"
http://www.wikidata.org/entity/Q103919396,"La valutazione della ricerca, la bibliometria e l’albero di Bertoldo"
http://www.wikidata.org/entity/Q103919635,Il diritto d'autore sulle edizioni musicali a stampa: restrizioni legislative e nuove prospettive per la digitalizzazione
http://www.wikidata.org/entity/Q103919639,"AIB Studi, le biblioteche e la valutazione della ricerca"
http://www.wikidata.org/entity/Q103919633,Sistemi di documentazione della stampa periodica: quali sono e come valutarli?
http://www.wikidata.org/entity/Q103919385,A dieci anni dalle linee di politica bibliotecaria per le autonomie: il sistema che non c’è
http://www.wikidata.org/entity/Q103919394,Accesso aperto 2012: la vie en rose
http://www.wikidata.org/entity/Q103919643,Competenza visuale: imparare e insegnare nella biblioteca accademica del XXI secolo e oltre
http://www.wikidata.org/entity/Q103919720,Conoscersi per riconoscersi: la partecipazione come specchio del bibliotecario
http://www.wikidata.org/entity/Q103919625,«Wikipedia loves libraries»: in Italia è un amore corrisposto...
http://www.wikidata.org/entity/Q103919620,"Navigare nel mare di Scopus, Web of science e Google Scholar: l’avvio di una ricerca sulla vitalità delle discipline archivistiche e biblioteconomiche italiane"
http://www.wikidata.org/entity/Q103919650,"Il falso in Internet: autorevolezza del Web, information literacy e futuro della professione (Seconda parte)"
http://www.wikidata.org/entity/Q103919658,"Il costo dell’ignoranza, un lusso che l’Italia non può più permettersi"
http://www.wikidata.org/entity/Q103919718,I sistemi per la gestione delle risorse elettroniche (SECONDA PARTE). Le library service platforms (LSP)
http://www.wikidata.org/entity/Q103919727,Biblioteche e discovery tool: il caso OneSearch e l’ateneo di Siena
http://www.wikidata.org/entity/Q103919389,"Manoscritti e libri antichi per bambini e giovani adulti. Riflessioni, disamina di progetti e sperimentazioni didattiche"
http://www.wikidata.org/entity/Q103919629,Specie di spazi. Alcune riflessioni su osservazione e interpretazione della biblioteca pubblica contemporanea
http://www.wikidata.org/entity/Q103919722,Palfrey e l'advocacy per le biblioteche
http://www.wikidata.org/entity/Q103919627,"Il falso in Internet: autorevolezza del Web, information literacy e futuro della professione (Prima parte)"
http://www.wikidata.org/entity/Q103919654,La monografia scientifica e le sfide dell'accesso aperto
http://www.wikidata.org/entity/Q103919715,Ridefinire la cooperazione: indagini qualitative per la rete URBS
http://www.wikidata.org/entity/Q103919730,Oltre l'interdisciplinarità?
http://www.wikidata.org/entity/Q103919732,Là ci darem la mano… Wikipedia e le biblioteche
http://www.wikidata.org/entity/Q111967341,Alle origini del controllo bibliografico universale: il contributo di Paul Otlet e Henri La Fontaine (1895)
http://www.wikidata.org/entity/Q111967334,Oltre Roma: cenni al pensiero biblioteconomico di Filippo Mariotti
http://www.wikidata.org/entity/Q111967335,Orizzonti culturali 2020
http://www.wikidata.org/entity/Q111967336,La manifesta attualità di un «canone biblioteconomico» per le collezioni
http://www.wikidata.org/entity/Q111967340,"Il costo dell'ignoranza, l'anticultura al potere, il virus: rileggere Senza sapere ai giorni nostri"
http://www.wikidata.org/entity/Q111967338,"Per una cultura del cambiamento, oggi: brevi considerazioni sull'eredità della biblioteconomia gestionale"
http://www.wikidata.org/entity/Q111967337,Note a margine del libro di Giovanni Solimine L'Italia che legge
http://www.wikidata.org/entity/Q103919364,Biblioteche giuridiche in evoluzione tra nuovi modelli e tradizione
http://www.wikidata.org/entity/Q103919369,Alcune osservazioni a proposito della formazione del bibliotecario
http://www.wikidata.org/entity/Q103919366,Nuovi appunti sulla interpretazione della biblioteca pubblica
http://www.wikidata.org/entity/Q111395752,Comunicare la catalogazione: un'indagine sulle aspettative degli studenti e sulle esigenze professionali
http://www.wikidata.org/entity/Q111431568,La distribuzione editoriale e le biblioteche
http://www.wikidata.org/entity/Q111967325,Chi controlla il controllo bibliografico universale? Il sogno dei bibliotecari nell'ecosistema digitale
http://www.wikidata.org/entity/Q111967326,Sua Maestà il revisore: alcune considerazioni sul processo di peer-review all'interno della LIS
http://www.wikidata.org/entity/Q111395756,Il rientro in Italia della biblioteca e dell'archivio Chiostergi
http://www.wikidata.org/entity/Q111395764,L’ordine dei libri: divagazioni su Come ordinare una biblioteca di Roberto Calasso
http://www.wikidata.org/entity/Q111395759,Sottile è il welfare...: note a margine delle biblioteche di pubblica lettura
http://www.wikidata.org/entity/Q111431566,"Giulio Einaudi, le biblioteche, il sistema del libro: storia, modelli, prospettive a partire da Come un ministro per la cultura di Chiara Faggiolani"
http://www.wikidata.org/entity/Q111431574,"La terminologia della catalogazione e la sua traduzione: aspetti linguistici, etici e professionali"
http://www.wikidata.org/entity/Q111431565,Offerta editoriale e collezioni bibliotecarie: uno studio comparato
http://www.wikidata.org/entity/Q111967327,Giovanni Solimine e il tempo della biblioteca
http://www.wikidata.org/entity/Q103919985,"Biblioteche, crisi e partecipazione"
http://www.wikidata.org/entity/Q103920001,Una Biblioteca tra storia e scienza
http://www.wikidata.org/entity/Q105491105,La mappatura delle collezioni attraverso la rivisitazione di Conspectus: una proposta metodologica per le biblioteche pubbliche e i primi risultati di un caso applicativo presso la Biblioteca civica di Bolzano
http://www.wikidata.org/entity/Q111395758,La circolazione dei libri nel 2020: questioni aperte e ipotesi interpretative
http://www.wikidata.org/entity/Q111395761,Riuso dell'immagine digitale del bene culturale pubblico: problemi e prospettive
http://www.wikidata.org/entity/Q111431570,L'allineamento tra le università spagnole e le loro biblioteche sul tema della 'responsabilità sociale' attraverso l'analisi dei siti web istituzionali
http://www.wikidata.org/entity/Q111431576,Il futuro delle biblioteche alla prova del tempo presente: riflessioni attorno al documento Disegnare il futuro della biblioteca: linee guida per la redazione dei piani strategici per le biblioteche pubbliche
http://www.wikidata.org/entity/Q111967329,"Le lingue del Vicino Oriente fra carte, tipi e torchi: note su una esposizione libraria online"
http://www.wikidata.org/entity/Q103920016,La Raccolta bibliografica della guerra delle nazioni di Giuseppe Fumagalli e la sua classificazione
http://www.wikidata.org/entity/Q105491104,"Deposito legale quattordici anni dopo: come, quando, ‘quanto’, e perché"
http://www.wikidata.org/entity/Q105491107,Le religioni del libro di Adriano Olivetti
http://www.wikidata.org/entity/Q105491110,"Piattaforme digitali aperte, luoghi della connessione: le biblioteche e la sfida dell’inclusione"
http://www.wikidata.org/entity/Q111395753,L'informazione del settore pubblico per una cittadinanza consapevole
http://www.wikidata.org/entity/Q111431569,Il deposito legale dei materiali cartografici in Italia e il loro censimento da parte del Bollettino delle pubblicazioni italiane ricevute per diritto di stampa e della BNI
http://www.wikidata.org/entity/Q103919738,Perché non ci sarà una nuova edizione ridotta della DDC in italiano e perché passare alla WebDewey
http://www.wikidata.org/entity/Q103919999,Riviste open access in Italia: stato dell’arte
http://www.wikidata.org/entity/Q105491113,Il progetto Erasmus+ EINFOSE: obiettivi e risultati
http://www.wikidata.org/entity/Q105491112,La piramide dell'informazione: una proposta (seconda parte)
http://www.wikidata.org/entity/Q105491101,Tutte le passioni non spente di un bibliotecario: considerazioni attorno a La biblioteca che verrà di Luca Ferrieri
http://www.wikidata.org/entity/Q105491114,Una nuova antologia per una nuova scuola: progetti culturali e strategie editoriali da Carducci a Calvino
http://www.wikidata.org/entity/Q111395762,La biblioteca scolastica nella scuola d'infanzia: implicazioni sulla lettura condivisa in famiglia nella fascia d'età 2-6 anni
http://www.wikidata.org/entity/Q111431571,Biblioteche e modelli di Biblioteca nelle strategie delle università italiane: un'indagine su allineamento e impatto atteso
http://www.wikidata.org/entity/Q111431567,La piramide dell'informazione e il realismo strutturale
http://www.wikidata.org/entity/Q111431573,Incunaboli a Catania I e II: il caso studio di una campagna di crowdfunding come strumento di partecipazione
http://www.wikidata.org/entity/Q111431578,Il culturale è sociale
http://www.wikidata.org/entity/Q111967324,Rileggendo Introduzione allo studio della biblioteconomia di Giovanni Solimine: riflessioni e prospettive per una nuova biblioteconomia
http://www.wikidata.org/entity/Q103919994,Primi spunti di riflessione su impatto e valore delle biblioteche storiche e di ricerca: una sfida e un’opportunità
http://www.wikidata.org/entity/Q105491109,Sette caratteristiche delle biblioteche del futuro
http://www.wikidata.org/entity/Q109947957,"Carlo Revelli. Il catalogo per soggetto. Edizione anastatica con una prefazione dell’autore; saggio introduttivo di Alberto Cheti. Firenze: Le Lettere, 2011. XXXVIII, 245 p. (Pinakes; 7). ISBN 9788860874481"
http://www.wikidata.org/entity/Q111395751,"L’altra metà dell’editoria: le professioniste del libro e della lettura nel Novecento (Milano, 23-26 novembre 2020)"
http://www.wikidata.org/entity/Q111395760,I manoscritti italiani della Bibliothèque nationale de France: considerazioni preliminari
http://www.wikidata.org/entity/Q111431563,"Il comportamento informativo durante la pandemia da Covid-19: le differenze tra gli utenti sudamericani e tedeschi nella fruizione dei media, la loro fiducia nella fornitura delle informazioni e la gestione della disinformazione"
http://www.wikidata.org/entity/Q111967328,L'accesso alla conoscenza: tra libro e biblioteca
http://www.wikidata.org/entity/Q103919735,"Giulio Puliti, Luigi Sturzo e la fiammata bibliotecaria"
http://www.wikidata.org/entity/Q103919990,ISSN e i suoi fratelli: la lunga marcia dei codici internazionali. Seconda parte. Il CNR e la storia italiana dell’ISSN. Gli altri sistemi identificativi
http://www.wikidata.org/entity/Q103919987,Vecchi paradigmi e nuove interfacce: la ricerca di un equilibrato sviluppo degli strumenti di mediazione dell’informazione (Seconda parte)
http://www.wikidata.org/entity/Q103920007,"La «divisa disperata»: gli anni italiani di Giuseppe Sergio Martini, bibliotecario e bibliografo. Con una bibliografia degli scritti fino al 1958"
http://www.wikidata.org/entity/Q105491103,"Digital humanities e culture documentarie: un modello di analisi, valutazione, interpretazione"
http://www.wikidata.org/entity/Q105491102,La collezione Periodici e riviste preunitarie di Internet culturale: condizioni attuali e implementazioni future
http://www.wikidata.org/entity/Q105491108,L’oro della comunità: le biblioteche di fabbrica Olivetti
http://www.wikidata.org/entity/Q105491106,Per una biblioteconomia mediterranea: note a margine del “I Seminario hispano-italiano en biblioteconomía y documentación”
http://www.wikidata.org/entity/Q111395757,"Social reading e nuova mediazione: indagine qualitativa sul rapporto tra lettura giovanile, reti sociali e biblioteche"
http://www.wikidata.org/entity/Q111395765,"Una biblioteca che contenga molte biblioteche: biblioteche in decolonizzazione, alla ricerca di un modello bibliotecario da Abya Yala. Intervista a Edgardo Civallero"
http://www.wikidata.org/entity/Q111431577,Dall'accoglienza all'ospitalità: un nuovo senso per la biblioteca
http://www.wikidata.org/entity/Q103919979,Vecchi paradigmi e nuove interfacce: la ricerca di un equilibrato sviluppo degli strumenti di mediazione dell’informazione (Prima parte)
http://www.wikidata.org/entity/Q103919982,Ricordo di Stefania Rossi Minutelli
http://www.wikidata.org/entity/Q103920009,Bibliotecario e archivista nelle norme UNI 11535:2014 e UNI 11536:2014
http://www.wikidata.org/entity/Q111395763,Un indicatore dedicato alle biblioteche nel Rapporto BES dell'Istat: una grande conquista per il nostro settore
http://www.wikidata.org/entity/Q111431564,La progettualità interculturale nelle biblioteche pubbliche
http://www.wikidata.org/entity/Q103919742,Per un sistema bibliotecario nazionale: le biblioteche nei lavori della Commissione Franceschini
http://www.wikidata.org/entity/Q103919894,Con licenza parlando: prospettive dei servizi bibliotecari nel mercato dei diritti sulle opere dell’ingegno
http://www.wikidata.org/entity/Q103920012,Siamo scimmie: possiamo leggere. Riflessioni sul ruolo della biblioteca
http://www.wikidata.org/entity/Q103915812,La riforma Franceschini e l’anno delle biblioteche
http://www.wikidata.org/entity/Q103915814,Stefania Rossi Minutelli (Milano 3 ottobre 1945 - Mestre 10 ottobre 2008)
http://www.wikidata.org/entity/Q103915824,"Old wine, new bottle? Principi e metodi per una reale innovazione nelle prospettive LIS. Il parere di Marshall Breeding, Mauro Guerrini, David Weinberger, Paul Gabriele Weston, Maja Žumer"
http://www.wikidata.org/entity/Q103915836,Biblioteca digitale partecipata: le sfide per i bibliotecari
http://www.wikidata.org/entity/Q103915839,Lamento costruttivo
http://www.wikidata.org/entity/Q103915907,Trent'anni di SBN
http://www.wikidata.org/entity/Q103918125,"Fuga dal Novecento: su The Game, la rivoluzione digitale e altre catastrofi"
http://www.wikidata.org/entity/Q103915822,Appunti per un'agenda delle biblioteche italiane
http://www.wikidata.org/entity/Q103915831,Un'identità plurale per la biblioteca pubblica
http://www.wikidata.org/entity/Q103915843,Il BiblioPride 2014
http://www.wikidata.org/entity/Q103915900,"Linked open data, linked open libraries. Note sulla giornata di studio “Dati nella rete” (Università di Salerno, 4 dicembre 2015)"
http://www.wikidata.org/entity/Q103915833,Valutazione della biblioteca e sondaggi sull’utenza nelle biblioteche accademiche degli Stati Uniti
http://www.wikidata.org/entity/Q103915841,Biblioteca pubblica di ieri e di oggi: un'antologia degli scritti di Virginia Carini Dainotti
http://www.wikidata.org/entity/Q103915864,Novità e buoni propositi
http://www.wikidata.org/entity/Q103915827,Il progetto BIBFRAME della Library of Congress: come stanno cambiando i modelli strutturali e comunicativi dei dati bibliografici
http://www.wikidata.org/entity/Q103915873,I processi cognitivi nell'analisi concettuale dei documenti: una postilla tra biblioteconomia e linguistica
http://www.wikidata.org/entity/Q103915903,Information literacy e mondo del lavoro: un connubio possibile anche in Italia?
http://www.wikidata.org/entity/Q103901321,"Conoscenza, cittadinanza, sviluppo: appunti sulla biblioteca pubblica come servizio sociale"
http://www.wikidata.org/entity/Q103915888,Dokk1: la co-creazione come nuovo metodo di lavoro in biblioteca
http://www.wikidata.org/entity/Q103915818,Le biblioteche di Luigi Crocetti
http://www.wikidata.org/entity/Q103901322,"Così lontani, così vicini: i possibili alleati delle biblioteche nelle sfide per la trasmissione delle conoscenze"
http://www.wikidata.org/entity/Q103915866,Wikidata: la soluzione wikimediana ai linked open data
http://www.wikidata.org/entity/Q103915875,Trent’anni di Dewey in Italia: il ruolo della Biblioteca nazionale centrale di Firenze e i nuovi sviluppi sul fronte dell’interoperabilità con altri strumenti di indicizzazione semantica
http://www.wikidata.org/entity/Q103918128,Digital humanities e biblioteche
http://www.wikidata.org/entity/Q103915809,Contro le unanticipated consequences della valutazione quantitativa della ricerca: il Leiden Manifesto for research metrics
http://www.wikidata.org/entity/Q103915835,"ISSN e i suoi fratelli: la lunga marcia dei codici internazionali. Prima parte. UNESCO, ISO e il primogenito"
http://www.wikidata.org/entity/Q103915869,Una riflessione sui beni librari e archeologici a un secolo dalla grande guerra
http://www.wikidata.org/entity/Q103915893,La visibilità – e l’impatto? – nel Web ai tempi dei social: i principali strumenti di altmetrics
http://www.wikidata.org/entity/Q103901324,ISO 16439: un nuovo standard per valutare l’impatto delle biblioteche
http://www.wikidata.org/entity/Q103915819,Il lavoro in biblioteca? Non è mai una questione di «ordinaria amministrazione». Conversazione con Anna Maria Giorgetti Vichi
http://www.wikidata.org/entity/Q103915887,'Le biblioteche pagano': discorso di apertura del CILIP PMLG Teachmeet
http://www.wikidata.org/entity/Q103915883,"Le istituzioni culturali nel semantic Web: riflessioni a margine di Linked data per biblioteche, archivi e musei di Mauro Guerrini e Tiziana Possemato"
http://www.wikidata.org/entity/Q103915881,Le biblioteche daranno i numeri: alcune riflessioni su Library analytics and metrics a cura di Ben Showers
http://www.wikidata.org/entity/Q103915895,I sistemi per la gestione delle risorse elettroniche (PRIMA PARTE). Gli electronic resources management systems (ERMS)
http://www.wikidata.org/entity/Q103915898,Il nuovo modello concettuale dell’universo bibliografico: FRBR Library Reference Model
http://www.wikidata.org/entity/Q36464134,I cinquant'anni della Biblioteca dell'Istituto superiore di sanità
http://www.wikidata.org/entity/Q36484116,Biblioteche e centri di documentazione nell'educazione sanitaria: realtà e prospettive
http://www.wikidata.org/entity/Q36464146,Servizio documentazione dell'Istituto superiore di sanità: presupposto all'attività di ricerca
http://www.wikidata.org/entity/Q36464142,Gestione dell'informazione bibliografica nelle biblioteche scientifiche degli Istituti ortopedici Rizzoli di Bologna
http://www.wikidata.org/entity/Q36484107,Il ruolo della biblioteca e del Servizio documentazione dell'Istituto superiore di sanità nell'ambito del Servizio sanitario nazionale
http://www.wikidata.org/entity/Q36484122,Note per una biblioteca di nuova concezione e realizzazione presso la USL 25 di Verona
http://www.wikidata.org/entity/Q36484126,Esperienze di una biblioteca biomedica in un ospedale clinicizzato
http://www.wikidata.org/entity/Q36484132,La situazione della Biblioteca dell'Assessorato alla sanità ed assistenza della Regione Piemonte
http://www.wikidata.org/entity/Q36484137,Unità sanitarie locali e biblioteca: Roma e provincia
http://www.wikidata.org/entity/Q36484143,Il ruolo dell'Osservatorio epidemiologico regionale (OER) e suoi collegamenti con le strutture sanitarie
http://www.wikidata.org/entity/Q36484148,Analisi delle strutture bibliotecarie delle unità sanitarie locali in Emilia Romagna: primi dati e riflessioni
http://www.wikidata.org/entity/Q36484157,Indagine conoscitiva sulle biblioteche biomediche delle unità sanitarie locali a Palermo: considerazioni sulle risorse
http://www.wikidata.org/entity/Q36484095,Biblioteche biomediche in Puglia
http://www.wikidata.org/entity/Q36484160,Indagine sulle strutture bibliotecarie delle USL del Friuli-Venezia Giulia e della Liguria
http://www.wikidata.org/entity/Q36484102,La formazione professionale del bibliotecario-documentalista in Italia: riferimenti all'ambito biomedico
http://www.wikidata.org/entity/Q136456633,Come la Biblioteca dell'Università cattolica del Sacro Cuore risponde alle esigenze di informazione dell'utenza universitaria e ospedaliera
http://www.wikidata.org/entity/Q136593412,Milano: come una grande università supplisce alla mancanza di una biblioteca biomedica centrale
http://www.wikidata.org/entity/Q136665118,Le biblioteche biomediche dell'Università di Roma
http://www.wikidata.org/entity/Q136678249,"Le biblioteche della Facoltà di medicina di Torino: analisi, critica, progetto"
http://www.wikidata.org/entity/Q69776453,Ruolo della documentazione nei processi decisionali del settore farmaci
http://www.wikidata.org/entity/Q69776444,"Presentazione e recenti realizzazioni del Centro di informazione scientifica ""Francesco Angelini"""
http://www.wikidata.org/entity/Q69776340,"Convegno su Biblioteche e centri di documentazione nella biomedicina: realtà e prospettive: Istituto superiore di sanità, Roma, 12-14 dicembre 1984: atti"
http://www.wikidata.org/entity/Q69776436,The Institut National de la Santé et de la Recherche Médicale (INSERM) and biomedical information in France
http://www.wikidata.org/entity/Q69776400,Servizio documentazione dell'Istituto nazionale per la ricerca sul cancro: organizzazione e collegamenti
http://www.wikidata.org/entity/Q36484169,"Ruolo dell'Istituto nazionale tumori di Milano nell'ambito della politica sanitaria nazionale, con particolare riguardo all'informazione biomedica"
http://www.wikidata.org/entity/Q36484194,L'esperienza del ricercatore
http://www.wikidata.org/entity/Q36484182,La Biblioteca dell'Istituto scientifico San Raffaele: panorama dell'attività
http://www.wikidata.org/entity/Q36484219,Rassegna sull'automazione nelle biblioteche biomediche italiane
http://www.wikidata.org/entity/Q36484198,L'esperienza del medico del territorio
http://www.wikidata.org/entity/Q36484165,Biblioteche biomediche in Trentino-Alto Adige: situazione e prospettive
http://www.wikidata.org/entity/Q36484173,Rapporti tra un istituto scientifico e le banche dati in biomedicina
http://www.wikidata.org/entity/Q36484177,Una biblioteca specializzata di un istituto di ricerca: la Gustavus A. Pfeiffer Memorial Library
http://www.wikidata.org/entity/Q131469817,"Professione, risorse, cambiamento: a colloquio con Yen-Tsai Feng"
http://www.wikidata.org/entity/Q125017954,Descrizione di nuovi entozoi trovati in alcuni molluschi d' acqua dolce
http://www.wikidata.org/entity/Q136491214,Discorso sopra l'Iseo e il Temistio del Mai
http://www.wikidata.org/entity/Q136940308,articolo di Carlo Ottavio Castiglioni
http://www.wikidata.org/entity/Q101086004,How to Record a Conflict? The Communities of the German Part of the Diocese of Trent during the Late Middle Ages
http://www.wikidata.org/entity/Q99661235,"A new Jujiroa from Sichuan, China (Coleoptera, Carabidae)"
http://www.wikidata.org/entity/Q127868956,Un articolo sconosciuto di Antonio Panizzi sull'Orlando innamorato
http://www.wikidata.org/entity/Q134444975,Della pretesa incredulità di Dante
http://www.wikidata.org/entity/Q99573989,"Ragni delle Filippine, 1. Un nuovo Althepus cavernicolo dell'Isola di Mindanao (Araneae, Ochyroceratidae)"
http://www.wikidata.org/entity/Q134445011,Per una edizione della Vita Nuova
http://www.wikidata.org/entity/Q112913686,Tre lezioni sulla guerriglia (I - Il diritto del più debole)
http://www.wikidata.org/entity/Q112913666,Guerra senza fine tra i monti del Waziristan
http://www.wikidata.org/entity/Q112913673,Nella terra indomabile
http://www.wikidata.org/entity/Q112913684,"Siria, il risveglio dei fantasmi di Hamah"
http://www.wikidata.org/entity/Q112913688,Tre lezioni sulla guerriglia (III - Manuale di controguerriglia)
http://www.wikidata.org/entity/Q112913687,Tre lezioni sulla guerriglia (II - la guerra irregolare nella storia)
http://www.wikidata.org/entity/Q135399994,"Gli archivi di Stato: una forma di sapere ""segreto"" o pubblico?"
http://www.wikidata.org/entity/Q135442878,Spurghi e distruzioni di carte d'archivio
http://www.wikidata.org/entity/Q107620404,Microstorie magistrali: Emma Tettoni fra carduccianesimo e reti emancipative
http://www.wikidata.org/entity/Q128795587,Renzo Cianchi
http://www.wikidata.org/entity/Q127598311,"Verrocchio e Leonardo,  Leonardo e Credi"
http://www.wikidata.org/entity/Q127868932,Gli anni bolognesi di Corrado Ricci
http://www.wikidata.org/entity/Q134393758,Nuova tomba etrusca a Quinto Fiorentino
http://www.wikidata.org/entity/Q134393757,Presentazione del Rilievo di Fiesole antica I
http://www.wikidata.org/entity/Q134393756,Nuova testa fittile del tempio di Luni
http://www.wikidata.org/entity/Q134393762,Luigi Lanzi antiquario della galleria fiorentina
http://www.wikidata.org/entity/Q134393760,Rassegna degli scavi e delle scoperte: Territorio della Soprintendenza alle Antichità dell’Etruria in Firenze dal 1 Luglio 1958 al 30 Giugno 1959
http://www.wikidata.org/entity/Q134393761,Rassegna degli scavi e delle scoperte - Territorio della Soprintendenza alle Antichità dell’Etruria in Firenze dal 1° Luglio 1959 al 30 Giugno 1960
http://www.wikidata.org/entity/Q134393763,Il convegno di Corridonia in onore di Luigi Lanzi
http://www.wikidata.org/entity/Q134513674,La tradizione etrusca del Grifo e l'emblema di Perugia
http://www.wikidata.org/entity/Q134513673,L'esplorazione archeologica della fascia di confine dell'Etruria orientale
http://www.wikidata.org/entity/Q134513678,Rassegna degli scavi e delle scoperte avvenuti nel territorio della Soprintendenza alle Antichità di Etruria dal 1 Luglio 1962 al 30 Giugno 1963 - Prov. di Grosseto
http://www.wikidata.org/entity/Q134513679,L'obelos della Montagnola
http://www.wikidata.org/entity/Q134513692,La tholos della Mula in nuovo rilievo
http://www.wikidata.org/entity/Q134513697,Rassegna degli scavi e delle scoperte avvenuti dal 1° Gennaio al 31 dicembre 1970 - Territorio della Soprintendenza alle Antichità dell’Umbria
http://www.wikidata.org/entity/Q134513709,Quinto Fiorentino-La Montagnola. Avori applicativi incastonati d'ambra
http://www.wikidata.org/entity/Q136399613,The Raccolta Barbi at the Scuola normale superiore di Pisa
http://www.wikidata.org/entity/Q77304139,Libri a stampa postillati: riflessioni suggerite da un catalogo
http://www.wikidata.org/entity/Q65594178,La restaurata cappella di Santa Cecilia in San Luigi dei Francesi
http://www.wikidata.org/entity/Q121298479,Le anfore del relitto di Grado e il loro contenuto
http://www.wikidata.org/entity/Q121299313,Lo sviluppo architettonico del complesso del teatro di Ostia alla luce delle recenti indagini nell’edificio scenico
http://www.wikidata.org/entity/Q111602464,Lomechusini del Kenya nel Museo di Storia Naturale dell’Università di Firenze (Coleoptera: Staphylinidae: Aleocharinae) 291° Contributo alla conoscenza delle Aleocharinae
http://www.wikidata.org/entity/Q111602462,Note su alcuni Ortotteri Tettigonidi dell’Appennino Pistoiese (Orthoptera: Tettigoniidae)
http://www.wikidata.org/entity/Q111602474,"Una nuova specie del genere Tubicera Schmitz, 1920 (Diptera: Phoridae)"
http://www.wikidata.org/entity/Q111602465,Nuovo contributo alla conoscenza della biodiversità delle Aleocharinae della Tanzania (Coleoptera: Staphylinidae) 294° Contributo alla conoscenza delle Aleocharinae
http://www.wikidata.org/entity/Q111602461,"Ricerche odonatologiche in Toscana. XIII. Cordulegaster boltonii (Donovan, 1807): nuovi dati (Odonata: Cordulegastridae)"
http://www.wikidata.org/entity/Q111602472,"Nuove segnalazioni di Nineta principiae Monserrat, 1980 (Neuroptera: Chrysopidae)"
http://www.wikidata.org/entity/Q111602468,"Contributo alla conoscenza dei Coleotteri degli ambienti acquatici della Toscana (Italia centrale). IV. Aggiornamenti: Elmidae, Dryopidae, Limnichidae, Psephenidae (Coleoptera: Byrrhoidea)"
http://www.wikidata.org/entity/Q111602466,"Conferma della presenza di Dorcus parallelipipedus (Linnaeus, 1758) nell’isola di Zannone (Isole Ponziane) (Coleoptera: Lucanidae)"
http://www.wikidata.org/entity/Q111602460,"Sui sottogeneri di Pandinus Thorell, 1876 con revisione del genere Pandinurus Fet, 1997 stat. n. e descrizione di sette nuove specie e tre nuovi sottogeneri (Scorpiones: Scorpionidae)"
http://www.wikidata.org/entity/Q111602475,"Nuovi dati sulla distribuzione di Carcharodus lavatherae (Esper, 1783) in Toscana (Lepidoptera: Hesperiidae)"
http://www.wikidata.org/entity/Q111602470,"Nuovi dati sulla distribuzione di Dichillus (Dichillus) minutus (Solier, 1838) (Coleoptera: Tenebrionidae)"
http://www.wikidata.org/entity/Q111602473,Tre nuove specie vietnamite di Phoridae con descrizione di un nuovo genere (Diptera)
http://www.wikidata.org/entity/Q111602471,"A new Omiamima Silfverberg, 1977 from Sicily (Coleoptera: Curculionidae)"
http://www.wikidata.org/entity/Q111602477,"Salvatore Carfì, ricordo di un amico (1939-2014)"
http://www.wikidata.org/entity/Q111602418,"Aradus bimaculatus Reuter, 1872, nuovo in Italia (Hemiptera, Heteroptera, Aradidae)"
http://www.wikidata.org/entity/Q111602441,Contributo alla corologia dei Licidi italiani (Coleoptera: Lycidae)
http://www.wikidata.org/entity/Q111602406,"Ricerche odonatologiche in Toscana. XII. Lago di Montieri, Provincia di Grosseto (Odonata)"
http://www.wikidata.org/entity/Q111602429,"I Ropaloceri della Riserva Naturale Regionale ""Laguna di Orbetello"" (Grosseto, Toscana Meridionale) (Lepidoptera)"
http://www.wikidata.org/entity/Q111602405,"Secondo aggiornamento alla checklist degli Heteroceridae della regione afrotropicale (Coleoptera, Heteroceridae)"
http://www.wikidata.org/entity/Q111602430,"Nuovi dati corologici per alcune specie di sfecidi in umbria (Hymenoptera, Sphecidae)"
http://www.wikidata.org/entity/Q111602455,"Heteropterus morpheus (Pallas, 1771) in provincia di Massa-Carrara (Lepidoptera: Hesperiidae)"
http://www.wikidata.org/entity/Q111602453,"Presenza di Peyerimhoffina gracilis (Schneider, 1851) in Valle d’Aosta (Neuroptera: Chrysopidae)"
http://www.wikidata.org/entity/Q111602403,"Achenium propontiacum n. sp. della Turchia europea (Coleoptera, Staphylinidae). 190° contributo alla conoscenza degli Staphylinidae"
http://www.wikidata.org/entity/Q111602450,"Interessante ritrovamento di Trigonidium (Trigonidium) cicindeloides Rambur, 1839 in Toscana (Orthoptera: Gryllidae)"
http://www.wikidata.org/entity/Q111602439,Nuovi dati sulla distribuzione dei Lucanidi in Toscana (Coleoptera: Lucanidae)
http://www.wikidata.org/entity/Q111602457,"Note sulla distribuzione in Italia del genere Sapyga Latreille, 1796 con nuovi dati corologici (Hymenoptera: Apocrita: Sapygidae)"
http://www.wikidata.org/entity/Q111602408,"Augyles viklundi n. sp. from China (Coleoptera, Heteroceridae)"
http://www.wikidata.org/entity/Q111602410,Coleotterofauna della Provincia di Prato (Toscana): elenco preliminare (Coleoptera)
http://www.wikidata.org/entity/Q111602411,"Contributo alla conoscenza della Lepidotterofauna dell’ANPIL ""Le Balze"" (Provincia di Arezzo, Toscana) (Lepidoptera)"
http://www.wikidata.org/entity/Q111602421,Byrrhoidea acquatici e semiacquatici di Liguria (Coleoptera)
http://www.wikidata.org/entity/Q111602419,"Coleotterofauna acquatica di due piccole pozze nella valle del torrente Lima in Toscana (Coleoptera, Dytiscidae, Helophoridae,Hydrophilidae, Hydraenidae, Elmidae)"
http://www.wikidata.org/entity/Q111602445,Alcune nuove specie di Phoridae orientali (Diptera)
http://www.wikidata.org/entity/Q111602427,"Presenza di Chrysotropia ciliata (Wesmael, 1841) in Toscana (Neuroptera, Chrysopidae)"
http://www.wikidata.org/entity/Q111602452,"Prima segnalazione di Anthaxia (Anthaxia) fulgurans (Schrank, 1789) per il Molise (Coleoptera: Buprestidae)"
http://www.wikidata.org/entity/Q111602426,"Cerambycidae delle Isole Tremiti: sintesi delle conoscenze e nuovi dati (Coleoptera, Cerambycidae)"
http://www.wikidata.org/entity/Q111602449,"Prima segnalazione per la Toscana di Nemobius sylvestris sylvestris (Bosc, 1792) (Orthoptera: Gryllidae)"
http://www.wikidata.org/entity/Q111602407,"Presenza in Toscana e all’Elba del Ligeide tropicale Graptostethus servus (Fabricius, 1787) e altre nuove segnalazioni nel Lazio e in Campania (Hemiptera, Heteroptera, Lygaeidae)"
http://www.wikidata.org/entity/Q111602409,"Qualche considerazione sulle celle pupali di Heterocerus fenestratus (Thunberg, 1784) raccolte in Italia centrale (Coleoptera, Heteroceridae)"
http://www.wikidata.org/entity/Q111602436,"Nota sistematica e faunistica su Ilybius pseudoneglectus (Franciscolo, 1972)"
http://www.wikidata.org/entity/Q111602424,"Vesperidae e Cerambycidae dell’Arcipelago Toscano: sintesi delle conoscenze e nuovi dati (Coleoptera, Cerambycoidea)"
http://www.wikidata.org/entity/Q111602443,Vesperidae e Cerambycidae del Massiccio del Pratomagno (Preappennino Toscano): sintesi delle conoscenze e nuovi dati (Coleoptera: Cerambycoidea)
http://www.wikidata.org/entity/Q111602431,"European Myzininae (Hymenoptera, Tiphiidae)"
http://www.wikidata.org/entity/Q111602434,"Presenza in Italia di Nagusta goedelii (Kolenati, 1857) e note sulla sua biologia ed ecologia (Hemiptera: Heteroptera: Reduviidae)"
http://www.wikidata.org/entity/Q111602442,Nuovi dati corologici per alcune specie italiane di Tenebrionidi (Coleoptera: Tenebrionidae)
http://www.wikidata.org/entity/Q111602456,"Prima segnalazione di Chrysis sexdentata sexdentata Christ, 1791 in Umbria (Hymenoptera: Apocrita: Chrysididae)"
http://www.wikidata.org/entity/Q111602454,"Sulla presenza di Deleproctophylla australis (Fabricius, 1787) in Toscana (Neuroptera: Ascalaphidae)"
http://www.wikidata.org/entity/Q111602404,"Appunti per una miglior conoscenza degli Xantholinini paleartici. II. Su alcune specie del Mediterraneo (Coleoptera, Staphylinidae). 192° contributo alla conoscenza degli Staphylinidae"
http://www.wikidata.org/entity/Q111602423,"Il genere Opilo Latreille, 1802 nell’Arcipelago Toscano (Coleoptera, Cleridae)"
http://www.wikidata.org/entity/Q111602428,"Le Panorpa Linnaeus, 1758 del Parco Nazionale delle Foreste Casentinesi,Monte Falterona e Campigna (Mecoptera, Panorpidae)"
http://www.wikidata.org/entity/Q111602458,"Prima segnalazione per il Molise di Stenomutilla argentata (Villers, 1789) (Hymenoptera: Apocrita: Mutillidae)"
http://www.wikidata.org/entity/Q111602451,"Sulla presenza di due interessanti specie di Helophorus Fabricius, 1775 in uno stagno dell'Abruzzo e notizie sui coleotteri acquatici raccolti in associazione (Coleoptera)"
http://www.wikidata.org/entity/Q111602414,Nuove modifiche al codice internazionale di nomenclatura zoologica
http://www.wikidata.org/entity/Q111602435,"Contributo alla conoscenza della coleotterofauna acquatica e semiacquatica della Romania (Coleoptera: Gyrinidae, Dytiscidae, Helophoridae, Hydrophilidae, Hydraenidae, Dryopidae, Heteroceridae)"
http://www.wikidata.org/entity/Q111602417,Mantidae dell’Arcipelago Toscano: nuovi dati (Mantodea)
http://www.wikidata.org/entity/Q111602425,"Prima segnalazione continentale di Parmena solieri lanzai Sama, 1985 (Coleoptera Cerambycidae)"
http://www.wikidata.org/entity/Q111602446,"Infestazioni da Sclerodermus domesticus Klug, 1809 e problematiche associate (Hymenoptera: Bethylidae)"
http://www.wikidata.org/entity/Q111602448,"Segnalazione di Cordulia aenea (Linnaeus, 1758) in Toscana (Odonata: Corduliidae)"
http://www.wikidata.org/entity/Q111602373,"Nuovi dati geonemici su alcuni coleotteri idroadefagi italiani (Coleoptera Haliplidae, Gyrinidae, Dytiscidae) (XXXIX nota sui Coleotteri Idroadefagi)"
http://www.wikidata.org/entity/Q111602385,"Segnalazioni di Sympherobius (Niremberge) klapaleki Zeleny, 1963 (Neuroptera Hemerobiidae)"
http://www.wikidata.org/entity/Q111602391,"Sulla validità del genere Daolus Bordoni, 2004 e sulla sinonimia fra Thyreocephalus eppelsheimi Bernhauer & Schubert, 1814 e Daolus hromadkai Bordoni, 2004 (Coleoptera, Staphylinidae, Xantholinini) 185° contributo alla conoscenza degli Staphylinidae"
http://www.wikidata.org/entity/Q111602356,Georissidae della Toscana (Coleoptera)
http://www.wikidata.org/entity/Q111602375,"Ernobius gigas, specie nuova per la fauna italiana (Coleoptera Anobiidae)"
http://www.wikidata.org/entity/Q111602369,Lo Zoological Record
http://www.wikidata.org/entity/Q111602370,Odonati del Trentino-Alto Adige e del Cadore (Italia settentrionale) (Odonata)
http://www.wikidata.org/entity/Q111602365,"Un interessante reperto di Cryptocephalus in Toscana (Coleoptera, Chrysomelidae)"
http://www.wikidata.org/entity/Q111602372,"Una eccezionale pullulazione di Bledius furcatus (Olivier) in Sardegna (Coleoptera, Staphylinidae) 162° contributo alla conoscenza degli Staphylinidae"
http://www.wikidata.org/entity/Q111602394,"Nota su alcuni Cryptocephalini e Cassidini dei Monti Reatini (Lazio) (Coleoptera, Chrysomelidae)"
http://www.wikidata.org/entity/Q111602343,Coleotterofauna acquatica e semiacquatica del bacino idrografico del torrente Pesa (Toscana) (Insecta: Coleoptera)
http://www.wikidata.org/entity/Q111602339,Gli insetti di Firenze. Introduzione al progetto
http://www.wikidata.org/entity/Q111602351,Contributo alla conoscenza della Lepidotterofauna dell’Isola di Montecristo (Lepidoptera)
http://www.wikidata.org/entity/Q111602363,"Designazione di lectotipi e paralectotipi di tre Lathrobium Gravenhorst, 1802 conservati nel Museo Zoologico ""La Specola"" di Firenze (Coleoptera, Staphylinidae)"
http://www.wikidata.org/entity/Q111602361,Ricerche odonatologiche in Toscana. IX. Nuovi dati sull’Arcipelago Toscano (Odonata)
http://www.wikidata.org/entity/Q111602377,Odonati della Sierra Leone (Odonata)
http://www.wikidata.org/entity/Q111602386,Odonatofauna Toscana: il punto sulle attuali conoscenze della distribuzione regionale (Italia Centrale) (Odonata)
http://www.wikidata.org/entity/Q111602387,Odonati raccolti in alcune aree protette della Provincia di Arezzo (Toscana) (Odonata)
http://www.wikidata.org/entity/Q111602388,"Odonati della ""Réserve Naturelle de Tchimpounga"" (République du Congo) (Odonata)"
http://www.wikidata.org/entity/Q111602392,Nuovi dati su tre specie di Georissidae paleartici (Coleoptera)
http://www.wikidata.org/entity/Q111602364,"Prime segnalazioni di Heterocerus per l’isola di Cipro (Coleoptera, Heteroceridae)"
http://www.wikidata.org/entity/Q111602379,"Ricerche odonatologiche in Toscana. XI. La Boyeria irene (Fonscolombe, 1838) (Odonata, Aeshnidae)"
http://www.wikidata.org/entity/Q111602384,"Potosia cuprea (Fabricius, 1775) e le sue sottospecie, con particolare riferimento alla distribuzione geografica, e sulla presenza di Potosia cuprea incerta (Costa, 1852) nell'Isola di Lampedusa (Coleoptera, Cetoniidae)"
http://www.wikidata.org/entity/Q111602358,"Descrizione di due aggressioni di Pararge aegeria (Linneo, 1758) contro Calopteryx haemorrhoidalis (Van der Linden, 1825) (Lepidoptera Satyridae e Odonata Calopterygidae)"
http://www.wikidata.org/entity/Q111602360,In ricordo di Italo Bucciarelli (1933-2004)
http://www.wikidata.org/entity/Q111602376,Due nuove specie del genere Megaselia Rondani (Diptera Phoridae)
http://www.wikidata.org/entity/Q111602381,"Nuovi dati per la conoscenza degli Xantholinini della Regione Orientale. XIV. Descrizione del maschio di Zeteotomus privus Bordoni dell'India meridionale (Coleoptera, Staphylinidae) 171° contributo alla conoscenza degli Staphylinidae"
http://www.wikidata.org/entity/Q111602359,Araneismo: il veleno dei ragni e i suoi effetti sull’uomo
http://www.wikidata.org/entity/Q111602362,"Contributo alla conoscenza degli Xantholinini della Cina. IX. Descrizione di due nuove specie (Coleoptera, Staphylinidae)"
http://www.wikidata.org/entity/Q111602340,"Note su Cordulegaster boltonii (Donovan, 1807) in Italia centrosettentrionale (Odonata: Cordulegastridae)"
http://www.wikidata.org/entity/Q111602368,Gli insetti e la documentazione fossile
http://www.wikidata.org/entity/Q111602353,Odonati del Molise (Italia Meridionale): nuovi dati (Odonata)
http://www.wikidata.org/entity/Q111602345,"Studi sul genere Silinus Lewis, 1907 (Coleoptera: Histeridae). Descrizione di un nuovo genere affine"
http://www.wikidata.org/entity/Q111602393,Contributo alla conoscenza degli Heteroceridae del Nord Africa (Coleoptera)
http://www.wikidata.org/entity/Q111602380,"Il genere Oreodytes Seidlitz, 1887 negli Appennini (Coleoptera, Dytiscidae)"
http://www.wikidata.org/entity/Q111602366,"Primo reperto di Erebia medusa ([Denis & Schiffermüller], 1775) nella provincia di Prato (Lepidoptera, Satyridae)"
http://www.wikidata.org/entity/Q111602378,Ricerche odonatologiche in Toscana X. Odonati del Mugello (Odonata)
http://www.wikidata.org/entity/Q125897612,"Perché ""Storia delle donne"""
http://www.wikidata.org/entity/Q131986883,La paura ha il colore di un Suv. Voci di donne iraniane
http://www.wikidata.org/entity/Q131986985,Paura urbana di genere: comprendere le inibizioni delle studentesse nello spazio pubblico
http://www.wikidata.org/entity/Q136661502,A Chiara Frugoni
http://www.wikidata.org/entity/Q111601423,"Prima segnalazione di Saga pedo (Pallas, 1771) per la Toscana (Orthoptera: Tettigoniidae)"
http://www.wikidata.org/entity/Q111602357,Caratteri generali della lepidotterofauna toscana (Lepidoptera)
http://www.wikidata.org/entity/Q111602354,"Il genere Hydrochus Leach, 1817 in Italia e annotazioni riguardanti principalmente alcune specie della Toscana (Coleoptera Hydrochidae)"
http://www.wikidata.org/entity/Q111602371,"Contributo alla conoscenza degli Xantholinini della Regione Orientale. XI. Thyreocephalus punctifasciatus sp. n. della Tailandia (Coleoptera, Staphylinidae) 161° contributo alla conoscenza degli Staphylinidae"
http://www.wikidata.org/entity/Q111602374,Heteroceridae della penisola Balcanica (Insecta: Coleoptera)
http://www.wikidata.org/entity/Q111602367,"Nuove segnalazioni di Archiearis notha (Hübner, [1803]) in Toscana (Lepidoptera, Geometridae)"
http://www.wikidata.org/entity/Q111602350,"Brachycerus normandi Desbrochers des Loges, 1898, specie nuova per l’Italia e per l’Europa, e chiave per l’identificazione dei Brachycerus italiani (Coleoptera: Brachyceridae)"
http://www.wikidata.org/entity/Q111602382,"Lathrobium montiscuccoi Bordoni et al. nelle Alpi Apuane (Coleoptera, Staphylinidae) 180° contributo alla conoscenza degli Staphylinidae"
http://www.wikidata.org/entity/Q111602395,In ricordo di Riccardo Consorti
http://www.wikidata.org/entity/Q111602389,Odonati raccolti nella République Démocratique du Congo da M. Spadone (Odonata)
http://www.wikidata.org/entity/Q111601414,"Reperti inediti di Coleotteri acquatici in Italia (Coleoptera: Hydroscaphidae, Gyrinidae, Dytiscidae, Helophoridae, Hydrophilidae, Hydraenidae, Limnichidae, Erirhinidae)"
http://www.wikidata.org/entity/Q111601396,Contributo alla conoscenza dei Coleotteri degli ambienti acquatici della Toscana (Italia Centrale). V. Aggiornamenti: Hydraenidae (Coleoptera)
http://www.wikidata.org/entity/Q111601394,Aggiornamenti alla conoscenza della coleotterofauna acquatica dell'Arcipelago Toscano (Coleoptera)
http://www.wikidata.org/entity/Q111601397,"Contributo alla conoscenza dei Coleotteri degli ambienti acquatici della Toscana (Italia Centrale). VI. Aggiornamenti: Sphaeriusidae, Helophoridae, Georissidae, Hydrochidae, Spercheidae, Hydrophilidae (Coleoptera)"
http://www.wikidata.org/entity/Q111601399,Psylliodes urbaniae: a new species from Central Apennines (Coleoptera: Chrysomelidae: Galerucinae: Alticini)
http://www.wikidata.org/entity/Q111601402,"Osmylus fulvicephalus (Scopoli, 1763): nuovi dati corologici in Italia (Neuroptera: Osmylidae)"
http://www.wikidata.org/entity/Q111601413,"Prima segnalazione per la Sardegna di Pinalitus conspurcatus (Reuter, 1875) e note sulla sua distribuzione e biologia (Hemiptera: Heteroptera: Miridae)"
http://www.wikidata.org/entity/Q111601401,Commemorazione di Giuseppe Ferro
http://www.wikidata.org/entity/Q111601411,"Note faunistiche su Bicolorana bicolor bicolor (Philippi, 1830) ed Euthystira brachyptera (Ocskay, 1826) in Italia (Orthoptera)"
http://www.wikidata.org/entity/Q111601392,Catalogo dei Malachiidae e Dasytidae del Massiccio del Pratomagno (Preappennino Toscano) (Coleoptera: Cleroidea)
http://www.wikidata.org/entity/Q111601404,"Contributo alla conoscenza dei Neurotteroidei italiani attraverso eventi Bioblitz (Insecta: Raphidioptera, Neuroptera)"
http://www.wikidata.org/entity/Q111601398,Nuovi dati sui Neurotteri dell'Isola di Montecristo (Insecta: Neuroptera)
http://www.wikidata.org/entity/Q61056650,"Corpi e soggetti: l’invenzione del sé, tra biotecnologie e categorie giuridico-politiche"
http://www.wikidata.org/entity/Q60713534,Donne medievali tra fama e infamia: leges e narrationes
http://www.wikidata.org/entity/Q111601410,Nuovi dati sulla Lepidotterofauna dell'Isola di Montecristo (Lepidoptera)
http://www.wikidata.org/entity/Q61057042,Salute delle donne e procreazione medicalmente assistita
http://www.wikidata.org/entity/Q128592850,Dalla biblioteca all'insegnamento universitario: l'operosità didattica di Albano Sorbelli nell'Università di Bologna
http://www.wikidata.org/entity/Q73492838,La Biblioteca della Scuola Normale Superiore
http://www.wikidata.org/entity/Q111602399,"Odonati raccolti nell’alto Appennino reggiano, parmense e massese (Emilia-Romagna, Toscana) (Odonata)"
http://www.wikidata.org/entity/Q111602400,"Odonati del Kenya depositati nel Museo di Storia Naturale dell'Università di Firenze, Sezione di Zoologia ""La Specola"" (Odonata)"
http://www.wikidata.org/entity/Q111602401,"I Carabidae dei Monti della Calvana (Toscana) (Coleoptera, Carabidae)"
http://www.wikidata.org/entity/Q111602402,"Coleotteri acquatici endemici presenti nell'Appennino settentrionale (Coleoptera: Dytiscidae, Hydraenidae, Scirtidae, Elmidae)"
http://www.wikidata.org/entity/Q111602398,"Monitoraggio dell’entomofauna di una pozza astatica in provincia di Firenze (Toscana). 3. Eterotteri acquatici (Hemiptera Heteroptera: Nepomorpha, Gerromorpha e Leptopodomorpha)"
http://www.wikidata.org/entity/Q111602396,"Monitoraggio dell'entomofauna di una pozza astatica in provincia di Firenze (Toscana). 1. Coleotteri acquatici (Coleoptera Hydradephaga, Hydrophiloidea, Hydraenidae, Dryopoidea, Curculionidae)"
http://www.wikidata.org/entity/Q111602397,"Monitoraggio dell’entomofauna di una pozza astatica in provincia di Firenze (Toscana). 2. Odonati (Odonata Lestidae, Coenagrionidae, Aeshnidae, Libellulidae)"
http://www.wikidata.org/entity/Q120702421,"Intorno ad alcuni protisti endoparassitici ed appartenenti alle classi dei Flagellati, Lobosi, Sporozoi e Ciliati"
http://www.wikidata.org/entity/Q115577742,Paraderos pristorici in Patagonia
http://www.wikidata.org/entity/Q125913828,Acclamations in the Historia Augusta
http://www.wikidata.org/entity/Q111747741,Tra il segno e il suono:gesti vocali nella poesia sonora
http://www.wikidata.org/entity/Q136445352,"Un fondo antico in una biblioteca di università: un'integrazione possibile?  (Archivi, biblioteche, musei)"
http://www.wikidata.org/entity/Q136456640,"La Biblioteca dell'Istituto di storia del diritto italiano dell'Università di Roma ""La Sapienza"""
http://www.wikidata.org/entity/Q136456660,"Il ""nuovo"" archivio storico dell'Università degli studi di Catania"
http://www.wikidata.org/entity/Q136540024,Libri rari di matematica: la collezione Bortolotti del Dipartimento di matematica dell'Università di Bologna
http://www.wikidata.org/entity/Q136669602,Biblioteca del Centro per la storia dell'Università di Padova
http://www.wikidata.org/entity/Q95997061,"Biologia, posizione sistematica ed ecologia di « Ribes sardoum » Martelli e « Ribes multiflorum » Kit. ssp. « sandalioticum » Arrigoni"
http://www.wikidata.org/entity/Q95997067,"« Oxytfopis caputoi » (Leguminosae), nuova specie dell'Appennino centro-meridionale"
http://www.wikidata.org/entity/Q95997062,Commentaria pteridologica. I. De nonnullis filicibus palaeomediterraneae regionis
http://www.wikidata.org/entity/Q95997039,SPICILEGIUM MALAIANUM II
http://www.wikidata.org/entity/Q95997038,CONTRIBUTO ALLA SISTEMATICA
http://www.wikidata.org/entity/Q95997044,FLORA E VEGETAZIONE DELL'ISOLA TAVOLARA
http://www.wikidata.org/entity/Q95997066,Studi sulla flora e vegetazione del Monte Pisano (Toscana Nord-Occidentale). 3. Orchidaceae. (Contribute alia conoscenza delle Orchidaceae d'Italia. 5.)
http://www.wikidata.org/entity/Q95997060,"Note sistematiche sul « Polypodium australe » s. l. delle Isole Atlantiche (Azzorre, Madera, Canarie)"
http://www.wikidata.org/entity/Q95997054,SU UN NUOVO « ASTRAGALUS » SCOPERTO IN ABRUZZO
http://www.wikidata.org/entity/Q95997073,Iconographia Palynologica Pteridophytorum Italiae
http://www.wikidata.org/entity/Q95997103,"A new combination inZornia diphylla(L.) Pers. (Fabaceae, Dalbergieae) from India"
http://www.wikidata.org/entity/Q95997081,Una nuova specie di Taraxacum Weber (Asteraceae) nell'Appennino Tosco-Emiliano
http://www.wikidata.org/entity/Q99860480,Chiavi analitiche delle Caliciales italiane (Licheni)
http://www.wikidata.org/entity/Q95997076,"Ophrys × franciniae Bianco, Medagli, D'Emerico et Ruggiero, hybr. nat. nov. della Puglia"
http://www.wikidata.org/entity/Q99860432,NOVÆ LICHENUM PYRENOCARPORUM SPECIES IN ITALIA INVENTÆ
http://www.wikidata.org/entity/Q99860449,NOVÆ: LICHENUM PYRENOCARPORUM SPECIES IN ITALIA INVENTÆ. II
http://www.wikidata.org/entity/Q95997077,Le Orchidee spontanee del Sarcidano (Sardegna centrale)
http://www.wikidata.org/entity/Q95997082,Ricerche biosistematiche e corologiche sulle Thymelaeaceae in Italia: 1. Daphne alpina L.
http://www.wikidata.org/entity/Q95997079,Due nuovi ibridi naturali del genere Ophrys (Orchidaceae) dai Monti Aurunci (Italia centrale)
http://www.wikidata.org/entity/Q95997102,DeAquilegiaeL. specie nova in Appennino Ligustico crescente
http://www.wikidata.org/entity/Q95997101,Diagnoses aquilegiarum novarum in Europa crescentium
http://www.wikidata.org/entity/Q95997084,"Primula albenensis sp. nov., una nuova entità del sottogenere Auriculastrum nelle Prealpi Bergamasche (Alpi sudorientali, Lombardia)"
http://www.wikidata.org/entity/Q99860487,"Nuove o interessanti Laboulbeniali (Ascomycetes) parassite di Carabidi italiani (Insecta, Coleoptera)"
http://www.wikidata.org/entity/Q99860482,"Agrocybe metuloidaephora sp. nov. (Agaricales, Basidiomycetes) ed altri basidiomiceti interessanti reperiti nell'Orto Botanico di Cagliari"
http://www.wikidata.org/entity/Q133258145,Bibliografia storica nazionale
http://www.wikidata.org/entity/Q133257960,Le sventure di Clio: a proposito di un catalogo
http://www.wikidata.org/entity/Q135400000,Gli archivi di Stato: luoghi-istituti di organizzazione culturale
http://www.wikidata.org/entity/Q111578756,GENETIC CONTROL OF SEX-RATIO IN A POPULATION OF NERILLA ANTENNATA O. SCHMIDT (ARCHIANNELIDA NERILLIDAE)
http://www.wikidata.org/entity/Q111578802,CARDIAC PHYSIOLOGY OF A MILLIPEDE CINGALOBOLUS BUGNIONI CARL (MYRIAPODA DIPLOPODA)
http://www.wikidata.org/entity/Q111578810,SPOT DISTRIBUTION IN MANIOLA JURTINA (L.) (LEPIDOPTERA SATYRIDAE): TUSCAN MAINLAND 1967–1969
http://www.wikidata.org/entity/Q111578864,THE SPERMATOZOON OF TRUNCATELLA (S. STR.) SUBCYLINDRICA (L.) (GASTROPODA PROSOBRANCHIA)
http://www.wikidata.org/entity/Q111578928,ULTRASTRUCTURAL ANALYSIS OF MATURE SPERMATOZOA OF HYALINOECIA TUBICOLA (O. F. MÜLLER) (ANNELIDA POLYCHAETA)
http://www.wikidata.org/entity/Q111578825,TOPOGRAPHY OF CIRCULATORY SYSTEM OF GLOSSOSCOLEX PAULISTUS MICHAELSEN 1926 (OLIGOCHAETA GLOSSOSCOLECIDAE)
http://www.wikidata.org/entity/Q111579187,MALE INTERSEXES IN OPHRYOTROCHA LABRONICA LA GRECA & BACCI (ANNELIDA POLYCHAETA)
http://www.wikidata.org/entity/Q111579162,ULTRASTRUCTURE OF THE CORPORA ALLATA IN POLISTES GALLICUS (L.) (HYMENOPTERA VESPIDAE)
http://www.wikidata.org/entity/Q111579071,IMMUNOLOGICAL DATA ON THE TAXONOMY OF SOME ITALIAN LIZARDS (REPTILIA LACERTIDAE)
http://www.wikidata.org/entity/Q122049868,"UNA NUOVA TYPHLOREICHEIA DEL LAZIO (COLEOPTERA, CARABIDAE)"
http://www.wikidata.org/entity/Q122049880,"UNA NUOVA SPECIE DI HOPLIA DELLA TOSCANA (COLEOPTERA, MELOLONTHIDAE)"
http://www.wikidata.org/entity/Q122049874,"UN NUOVO DUVALIUS TROGLOBIO DELLA SICILIA DEL “GRUPPO SILVESTRII” (COLEOPTERA, CARABIDAE)"
http://www.wikidata.org/entity/Q122049876,"RIDEFINIZIONE DEL GENERE PRIONIOMUS JEANNEL, 1937 E DESCRIZIONE DI PRIONIOMUS CASSIOPAEUS N. SP. DELL’ISOLA DI KÉRKYRA (GRECIA, ISOLE IONIE) (COLEOPTERA, CARABIDAE)"
http://www.wikidata.org/entity/Q122049898,"Parmena solieri lanzai Sama, 1985, new synonym of Parmena solieri Mulsant, 1839 (Coleoptera: Cerambycidae)"
http://www.wikidata.org/entity/Q122049914,"Trogoderma variabile Ballion, 1878: a possible new pest of Italian entomological collections (Coleoptera: Dermestidae)"
http://www.wikidata.org/entity/Q122049924,"Two new Lamiogethes Audisio & Cline from China (Coleoptera: Nitidulidae, Meligethinae)"
http://www.wikidata.org/entity/Q122050002,"Fauna ibérica. Vol. 44, Coleoptera: Hydraenidae"
http://www.wikidata.org/entity/Q122050109,'Awareness' in metamorphosing pupae (Lepidoptera: Pieridae)
http://www.wikidata.org/entity/Q122050186,"I COLEOTTERI TENEBRIONIDI DI ROMA (Coleoptera, Tenebrionidae)"
http://www.wikidata.org/entity/Q122050223,"NOTE SULLA VALIDITÀ SPECIFICA DI TRECHUS NICOLEAE MONCOUTIER, 1986 (Coleoptera, Carabidae)"
http://www.wikidata.org/entity/Q122050221,"DIE MACROLEPIDOPTERA DER MAJELLA (ABRUZZEN, ITALIEN). TEIL 2: DREPANIDAE UND GEOMETRIDAE (Lepidoptera)"
http://www.wikidata.org/entity/Q122050236,"COLEOPTERA (CARABIDAE, CHRYSOMELIDAE) E LEPIDOPTERA (HESPERIOIDEA, PAPILIONOIDEA) DELLA VALLE DELLA NAVA (PROVINCIA DI LECCO, LOMBARDIA, ITALIA)"
http://www.wikidata.org/entity/Q122050244,"OSSERVAZIONI SULLA BIOLOGIA DI VESPERUS MACROPTERUS (Coleoptera, Cerambycidae)"
http://www.wikidata.org/entity/Q122050246,"THYMELICUS LINEOLA IN SARDEGNA, SPECIE INDIGENA MISCONOSCIUTA O RECENTE INTRODUZIONE ANTROPICA? (Lepidoptera, Hesperiidae)"
http://www.wikidata.org/entity/Q122050252,IN RICORDO DI SANDRO RUFFO (26 agosto 1915 - 7 maggio 2010)
http://www.wikidata.org/entity/Q122050247,"IN RICORDO DI BACCIO BACCETTI (Firenze, 7 maggio 1931 - Siena, 18 dicembre 2010)"
http://www.wikidata.org/entity/Q122050293,"Arsipoda reidi, a new replacement name for Arsipoda montana D’Alessandro, Samuelson & Biondi (Coleoptera: Chrysomelidae)"
http://www.wikidata.org/entity/Q122050308,"Diplacodes lefebvrii in Sardinia, a new species for the Italian fauna (Odonata: Libellulidae)"
http://www.wikidata.org/entity/Q122050335,Apomyelois bistriatella new to Italy from “Tenuta Presidenziale di Castelporziano” (Lepidoptera: Pyralidae)
http://www.wikidata.org/entity/Q122050183,"The alien species Phenolia (Lasiodites) picta (Macleay, 1825) in Sardinia (Coleoptera: Nitidulidae)"
http://www.wikidata.org/entity/Q99654817,"UN NUOVO OTIORHYNCHUS (LIXORRHYNCHUS) REITTER, 1914 DELLA SICILIA E BREVI NOTE SUL GENERE IONIORHYNCHUS MAGRINI, MEOLI & ABBAZZI, 2005 (Coleoptera, Curculionoidea)"
http://www.wikidata.org/entity/Q99653413,"UNA NUOVA TYPHLOREICHEIA ENDOGEA DELLA SICILIA (COLEOPTERA, CARABIDAE)"
http://www.wikidata.org/entity/Q99639341,"NOTE SU SCIDMENIDI DEL SUDAFRICA CON DESCRIZIONE DI 16 NUOVE SPECIE (COLEOPTERA, SCYDMAENIDAE)"
http://www.wikidata.org/entity/Q111579339,VISUAL AND BINOCULAR FIELD SIZE IN TALITRUS SALTATOR MONTAGU (CRUSTACEA AMPHIPODA TALITRIDAE)
http://www.wikidata.org/entity/Q122049779,"NOTE TASSONOMICHE E NOMENCLATORIALI SU ALCUNE SPECIE PALEARTICHE DI SIBINIA E TYCHIUS (COLEOPTERA, CURCULIONIDAE)"
http://www.wikidata.org/entity/Q122049776,LA COMUNITÀ MACROBENTONICA DELL’ALTO METAURO (APPENNINO UMBRO-MARCHIGIANO)
http://www.wikidata.org/entity/Q122049777,"GLI SCARABEOIDEI DELL’ISOLA DI NISYROS (DODECANESO, GRECIA) (COLEOPTERA, SCARABAEOIDEA)"
http://www.wikidata.org/entity/Q122049784,IN RICORDO DI PHILIP S. CORBET (21 MAGGIO 1929 - 13 FEBBRAIO 2008)
http://www.wikidata.org/entity/Q122049785,"ITALIAN MOSQUITOES: GENERAL INFORMATION AND IDENTIFICATION OF ADULTS (DIPTERA, CULICIDAE) / LE ZANZARE ITALIANE: GENERALITÀ E IDENTIFICAZIONE DEGLI ADULTI (DIPTERA, CULICIDAE)"
http://www.wikidata.org/entity/Q122049794,"PTERELLA GRISEA (MEIGEN, 1824), A SENIOR SYNONYM OF SETULIA ELEONORAE VENTURI, 1957 (DIPTERA, SARCOPHAGIDAE)"
http://www.wikidata.org/entity/Q122049796,"SYSTEMATIC POSITION OF FERONIA COGNATA DEJEAN, 1831 (COLEOPTERA, CARABIDAE)"
http://www.wikidata.org/entity/Q122049798,"SCARABAEUS SEROTINUS PANZER, 1799 (CURRENTLY NOBIUS SEROTINUS) A VALID NAME (NOMEN PROTECTUM) (COLEOPTERA, APHODIIDAE)"
http://www.wikidata.org/entity/Q122049806,"SULLA POSIZIONE SISTEMATICA DI MECASPIS OTINI (COLEOPTERA, CURCULIONIDAE)"
http://www.wikidata.org/entity/Q122049817,"ESCARABAJOS, DIVERSIDAD Y CONSERVACIÓN BIOLÓGICA. ENSAYOS EN HOMENAJE A GONZALO HALFFTER."
http://www.wikidata.org/entity/Q78577731,Il lisozima nei tessutl di animali irradiat
http://www.wikidata.org/entity/Q109593333,Riformare il mondo a vera vita christiana: le scuole di catechismo nell'Italia del Cinquecento
http://www.wikidata.org/entity/Q128310240,Giuseppe Dondi (1921-1992)
http://www.wikidata.org/entity/Q128592841,Ricordo di Marina Bersano Begey
http://www.wikidata.org/entity/Q135336054,Gli archivi comunali toscani: possibilità di ricerca e problemi per gli utenti
http://www.wikidata.org/entity/Q135409801,Degli archivi o Le ragioni di un disagio
http://www.wikidata.org/entity/Q135409906,Gli archivi delle imprese industriali
http://www.wikidata.org/entity/Q135432514,Archivi ed occupazione giovanile nel Mezzogiorno: un primo bilancio
http://www.wikidata.org/entity/Q136384392,Le raccolte della biblioteca dell'Ospedale maggiore di Milano e la ricerca storica
http://www.wikidata.org/entity/Q111747697,"Adorno, la musica e la ‘Bildung’"
http://www.wikidata.org/entity/Q107395001,Una Giornata per la scienza aperta: ‘Viaggiatori in Toscana: personaggi e testimonianze’
http://www.wikidata.org/entity/Q96623091,"La Biblioteca della Camera dei deputati tra storia istituzionale, dedizione dei suoi bibliotecari e servizi ai lettori interni ed esterni"
http://www.wikidata.org/entity/Q104786698,La nuova rubrica Voci di biblioteche viventi
http://www.wikidata.org/entity/Q104786702,Iside a Bologna: Hieroglyphica e Aegyptiaca nelle collezioni librarie bolognesi tra cinque e seicento
http://www.wikidata.org/entity/Q104786701,Patrimonio librario antico e biblioteche religiose. Il caso della Sardegna
http://www.wikidata.org/entity/Q96623083,Gli archivi in biblioteca: mondi paralleli che si incontrano?
http://www.wikidata.org/entity/Q104786706,«Andrò a cercare tra gli scaffali»: indagine conoscitiva sull’interazione lettore-catalogo nella Biblioteca Civica “Vincenzo Joppi” di Udine
http://www.wikidata.org/entity/Q104786700,Nuove acquisizioni sullo Specchio di Illuminazione della Beata Illuminata Bembo
http://www.wikidata.org/entity/Q107394990,Istituire una «Orientalium linguarum Bibliotheca» nella Vienna del XVII secolo: Sebastian Tengnagel e le traiettorie dei suoi manoscritti
http://www.wikidata.org/entity/Q107394995,"Orsa Maggiore, editrice di Radclyffe Hall"
http://www.wikidata.org/entity/Q96623086,Plan d’une bibliotheque universelle
http://www.wikidata.org/entity/Q107394992,Francesco Lumachi: contributo alla biografia di un libraio editore fiorentino d’inizio Novecento
http://www.wikidata.org/entity/Q107394994,La filosofia della storia in Giorgio Emanuele Ferrari: un filosofo alla Marciana
http://www.wikidata.org/entity/Q107394996,Il problema dell’eredità digitale nella trasmissione di archivi e biblioteche personali
http://www.wikidata.org/entity/Q96623090,"Note e riflessioni in margine a Il libro, il popolo, il territorio, da una indagine socio-statistica: memoria storica di biblioteche"
http://www.wikidata.org/entity/Q104786705,Dei «Bibliotecarj» del Giornale de’ letterati d’Italia
http://www.wikidata.org/entity/Q104786704,"Giovanni Parè, libraio ed editore nella Venezia della seconda metà del Seicento"
http://www.wikidata.org/entity/Q96623087,«At the risk of entering into minute and very uninteresting particulars...»: la querelle tra Antonio Panizzi e Nicholas Harris Nicolas
http://www.wikidata.org/entity/Q96623093,Natura ed informazione
http://www.wikidata.org/entity/Q107394986,Cultura vs. intelligenza operativa
http://www.wikidata.org/entity/Q107394997,I beni culturali quale anima del mondo
http://www.wikidata.org/entity/Q110386754,Modelli e forme del pensiero bibliografico: in cerca di un punto di vista per interpretare la complessità
http://www.wikidata.org/entity/Q104786699,La biblioteca di Alessandria e l’incendio che non la distrusse. I: Riflessioni moderne fino a Giusto Lipsio
http://www.wikidata.org/entity/Q107394987,Un raro codice giuridico miniato del Rinascimento fiorentino: lo statuto della compagnia di Santa Maria Assunta in San Pier Gattolino del 1472
http://www.wikidata.org/entity/Q107394988,"Una nuova attribuzione al Maestro dei Putti: un esemplare miniato delle Notti Attiche di Aulo Gellio (Venezia, Nicolas Jenson, 1472)"
http://www.wikidata.org/entity/Q107395000,Per un’ipotesi di metacatalogazione
http://www.wikidata.org/entity/Q104786709,La mia biblioteca
http://www.wikidata.org/entity/Q104786707,Giuseppe Malatesta Garuffi
http://www.wikidata.org/entity/Q107395003,La mia biblioteca
http://www.wikidata.org/entity/Q107395002,Bibliografia degli autori italiani
http://www.wikidata.org/entity/Q96623085,Dall'intenzione all'azione: le biblioteche pubbliche e la partecipazione
http://www.wikidata.org/entity/Q96623089,"La Abteilung für Sondersammlungen della Universitäts- und Landesbibliothek Tirol a Innsbruck: breve saggio su storia, status quaestionis e progetti aperti"
http://www.wikidata.org/entity/Q107394991,«What began as a hobby became a consuming quest»: il bibliofilo statunitense William Lawrence Clements e la sua collezione di incunaboli
http://www.wikidata.org/entity/Q107394989,"«Piccola, ma sufficiente per li miei studi»: la biblioteca del cardinale Roberto Bellarmino. Prime ricerche e censimento degli esemplari postillati"
http://www.wikidata.org/entity/Q107394999,"Biblioteca Digitale, o dell’evoluzione della biblioteca: la Veneranda Biblioteca Ambrosiana e la sua nuova Biblioteca Digitale ad accesso aperto dedicata ai manoscritti"
http://www.wikidata.org/entity/Q59208098,La “sfida” dei beni culturali. Dalle biblioteche di “conservazione” alla “Biblioteca Pubblica” (Lettera ai restauratori)
http://www.wikidata.org/entity/Q59259746,La legatura del libro antico tra arte e documento
http://www.wikidata.org/entity/Q59259745,Libri e biblioteche della Congregazione fogliante italiana(1592-1802). Una prima rassegna tra Roma e Perugia
http://www.wikidata.org/entity/Q59208094,Costruire un leggio rotante digitale insieme: Annotated Books Online e la storia delle pratiche di lettura durante la prima età moderna
http://www.wikidata.org/entity/Q59208097,Dalla corrispondenza di Paolo Maria Paciaudi i ‘prolegomena’ ad una storia della Biblioteca Parmense
http://www.wikidata.org/entity/Q59259740,Il mestiere dei libri nel tardo Rinascimento. Edizione e commento del Consilium di Hugo Blotius a Rodolfo II del 1579
http://www.wikidata.org/entity/Q59259742,Variazioni e modifiche nella suppellettile bibliotecaria. Il caso “teologico” della biblioteca del Monte Ripido di Perugia nel raffronto tra un antico catalogo topografico-analitico ed il successivo catalogo alfabetico
http://www.wikidata.org/entity/Q59265390,«e-lib.ch: Biblioteca elettronica svizzera»: il progetto nato all’insegna dell’innovazione e della collaborazione
http://www.wikidata.org/entity/Q59154974,I linguaggi e la conoscenza. L’integrazione delle funzioni cerebrali
http://www.wikidata.org/entity/Q59208096,Storia delle biblioteche. Parte I
http://www.wikidata.org/entity/Q59259741,L'Oratio Dominica di Giambattista Bodoni
http://www.wikidata.org/entity/Q59259749,"Il Convegno Internazionale “Incunabula. Printing, Trading, Collecting, Cataloguing”, Milano 10-12 settembre 2013: una riflessione di sintesi"
http://www.wikidata.org/entity/Q59265384,De Bibliothecis Syntagma di Giusto Lipsio: novità e conferme per la storia delle biblioteche
http://www.wikidata.org/entity/Q59154975,“Palast der Musen-Bollwerk der Religion”
http://www.wikidata.org/entity/Q59208095,L’apparato bibliografico di una raccolta bibliotecaria: il caso della Biblioteca dell’Università di Torino nel primo ventennio del XIX secolo
http://www.wikidata.org/entity/Q59259743,Vasi o Saloni librari
http://www.wikidata.org/entity/Q59259747,"Per la “rinfrescatura” di s. Lorenzo Giustianiani, Opere, Brescia, Angelo Britannico, 28 marzo 1506"
http://www.wikidata.org/entity/Q59208093,"Conrad Gesner, i Loci Communes dello pseudo Massimo Confessore e la Melissa del monaco Antonio"
http://www.wikidata.org/entity/Q59259744,La biblioteca di un “intellettuale di provincia”: il canonico Marco Moroni (1520 ca.-1602)
http://www.wikidata.org/entity/Q59265383,Riflessioni sul futuro delle biblioteche
http://www.wikidata.org/entity/Q59265386,Procedure editoriali e costo del libro a Ferrara alla fine del Cinquecento
http://www.wikidata.org/entity/Q59154972,Biblioteche d’autore: la raccolta libraria di Aldo Capitini
http://www.wikidata.org/entity/Q59154976,Spunti di riflessione per la diagnosi della sindrome bibliofilica
http://www.wikidata.org/entity/Q59259739,"Bibliografia, Biblioteche, Bibliotecari, un decadimento fatale"
http://www.wikidata.org/entity/Q59265385,Ancora un contributo sulle provenienze riccardiane: il caso della famiglia Ricci
http://www.wikidata.org/entity/Q59259748,Bibliotheca beniana. Parte II
http://www.wikidata.org/entity/Q59265388,Notizie sopra l’origine ed avanzi della Biblioteca della Sagra Religione Gerosolimitana: un’opera inedita di Agius de Soldanis
http://www.wikidata.org/entity/Q109854302,Il potere dello stemma araldico dell'Arma Christi
http://www.wikidata.org/entity/Q109854315,Le mura di Uruk. Struttura e ideologia delle cinte urbiche nella Mesopotamia pre-classica
http://www.wikidata.org/entity/Q109854316,"La parete nera. Dispositivi della memoria nella messinscena de L'istruttoria di Peter Weiss, ad opera del Collettivo di Parma"
http://www.wikidata.org/entity/Q109854328,Attaccare e difendere un muro: una battaglia di confine
http://www.wikidata.org/entity/Q109854332,"«Preso un certo ambiente, vai a vedere che cosa c'è dall'altra parte dei muri perimetrali». Parole e azioni di Cesare Pietroiusti sui muri"
http://www.wikidata.org/entity/Q109854347,Frammenti dell’attrice-giardiniera
http://www.wikidata.org/entity/Q109854345,Il teatro originario delle Ariette
http://www.wikidata.org/entity/Q109854304,"Città in mostra. Parma 1870, immagine debole di un potere in crisi"
http://www.wikidata.org/entity/Q109854297,"La Casa del Fascio di Como e le sue ""decorazioni"". Uno strumento di comunicazione del potere"
http://www.wikidata.org/entity/Q109854331,"Muri e mura, architettura e città. Cantieri e struttura urbana a Parma tra XII e XIII secolo"
http://www.wikidata.org/entity/Q109854344,Realtà e immaginazione nelle fotografie di Franco Grignani
http://www.wikidata.org/entity/Q109854341,Un’esperienza al femminile: il gruppo “Metamorfosi” 1977-1984
http://www.wikidata.org/entity/Q109854296,L'attentato a Mussolini: un esempio di drammaturgia anarchica durante il ventennio
http://www.wikidata.org/entity/Q109854306,L'immagine del potere fascista nella scultura futurista degli anni Trenta
http://www.wikidata.org/entity/Q109854333,"Il «complesso di Louise»: la mostra Tempo libero (13. Triennale, Milano 1964), dentro e fuori dal Palazzo"
http://www.wikidata.org/entity/Q109854355,"Luoghi, territori e paesaggi del teatro: per un approccio geografico al rapporto fra azione teatrale e dimensione spaziale"
http://www.wikidata.org/entity/Q109854329,Un esempio di archeologia dell'architettura su edifici mediaveli: la Pieve di S. maria di Diecimo (Lucca)
http://www.wikidata.org/entity/Q109854298,"ICONE IMPOTENTI. Il dissenso politico e ideologico nell’arte italiana contemporanea, dalla pop art alle ultime generazioni"
http://www.wikidata.org/entity/Q109854314,"I Fought the Law? Note sulla storia, la diffusione e il significato delle forme della Street Art sulla West Bank Barrier"
http://www.wikidata.org/entity/Q109854295,"Venticinque chili di bellezza: Berlusconi e il libro emblema del ""tempo nuovo"""
http://www.wikidata.org/entity/Q109854348,Danza e paesaggio: Die Klage der Kaiserin.
http://www.wikidata.org/entity/Q109854309,La strada e il suo doppio. Le vetrine di Albe Steiner per La Rinascente a Milano
http://www.wikidata.org/entity/Q109854312,I confini di Cipro: il muro di Nicosia
http://www.wikidata.org/entity/Q109854319,La porosità dei muri. Su alcune analogie tra Walter Benjamin e Maurice Merleau-Ponty
http://www.wikidata.org/entity/Q109854336,Nuove aspettative e pratiche di legittimazione della memoria tra vecchio e nuovo mondo: soggetti e oggetti della globalizzazione
http://www.wikidata.org/entity/Q109854299,Il crocifisso ligneo di Scandolara Ravara (Cremona)
http://www.wikidata.org/entity/Q109854307,Egisto nelle riscritture novecentesche dell'Orestea: immagini di potere tra politica e psicanalisi
http://www.wikidata.org/entity/Q109854325,A proposito di alcuni frontespizi di tesi del Collegio dei Nobili di Parma
http://www.wikidata.org/entity/Q109854311,Strategie di dissoluzione del supporto murale in Banksy e Blu
http://www.wikidata.org/entity/Q109854326,Il “muro bianco” del capitale. Storie di respingimenti e di restrizioni dagli scritti di Mike Davis
http://www.wikidata.org/entity/Q109854327,La costruzione e la decorazione della Sala Maria Luigia nella Biblioteca Ducale di Parma
http://www.wikidata.org/entity/Q109854324,"Paolo Scheggi: dall’Intersuperficie all’Intercamera. L’opera oltre la parete, al di là del muro: per vivere uno spazio, per agire il tempo"
http://www.wikidata.org/entity/Q109854351,Dal parco-spiaggia al paesaggio che in-segna: significatisovrapposti della natura intorno alla metropoli
http://www.wikidata.org/entity/Q109854337,Pamela: una donna goldoniana in Russia con Eleonora Duse
http://www.wikidata.org/entity/Q109854353,Dilatare la presenza del vivente: etiche ed estetiche dell’azione teatrale.
http://www.wikidata.org/entity/Q109854323,"I muri non sono mai semplicemente muri. A volte possono essere storia, altre volte possono essere idee. Giuliano Scabia e il sentiero teatrale per pensare e incontrare diversamente la follia"
http://www.wikidata.org/entity/Q109854335,"Dentro, fuori, sulla soglia. Itinerari dello sguardo in Tableau de Paris (1852-1853)"
http://www.wikidata.org/entity/Q109854334,Nuove “possibilità di relazione”: l'Informale oltre l'Informale
http://www.wikidata.org/entity/Q109854352,∪∪ - - (piede passo terra cielo). Discorso sull’andare della poesia.
http://www.wikidata.org/entity/Q109854349,I luoghi di Piccolo Parallelo
http://www.wikidata.org/entity/Q109854303,Le contrôle de l’Univers: la dialettica del potere nelle Histoire(s) du cinéma di Jean-Luc Godard
http://www.wikidata.org/entity/Q109854301,Luce guerra dominio: rappresentazioni urbane
http://www.wikidata.org/entity/Q109854313,Oltre il muro: l’aspetto partecipativo nell’opera di Michelangelo Pistoletto
http://www.wikidata.org/entity/Q109854322,"Muri per comunicare, mura da difendere nella caricatura italiana del 1848-1849"
http://www.wikidata.org/entity/Q109854338,Antonio Boggeri. Considerazioni su un protagonista della grafica italiana
http://www.wikidata.org/entity/Q109854343,I Plurimi di Emilio Vedova. Un'esperienza singolare e plurale
http://www.wikidata.org/entity/Q109854354,Le celebrazioni del mondo contadino e le pratiche del teatro in ambiente naturale: un confronto.
http://www.wikidata.org/entity/Q122828583,Status femminile e consuetudine islamica: l'istituzione della 'kulle' nella Nigeria settentrionale
http://www.wikidata.org/entity/Q133080583,"Una vicenda intricata: editoria, biblioteche e controllo bibliografico in Italia"
http://www.wikidata.org/entity/Q136760027,Le liste di discussione accademiche: una comunità virtuale per la ricerca e l'insegnamento
http://www.wikidata.org/entity/Q127691539,Biblioteche e Intelligenza artificiale: stiamo vivendo in tempi interessanti
http://www.wikidata.org/entity/Q127691540,Le ragioni di una scelta: caso studio sul trattamento catalografico della raccolta Avvisi e Gazzette della Biblioteca Planettiana di Jesi
http://www.wikidata.org/entity/Q127691542,L’archivio privato: strumento di gestione e dispositivo di autorappresentazione. Alcune riflessioni dalle carte Tasca d’Almerita
http://www.wikidata.org/entity/Q127691543,"Intelligenza artificiale, Large Language Models (LLMs) e Retrieval-Augmented Generation (RAG). Nuovi strumenti per l’accesso alle risorse archivistiche e bibliografiche"
http://www.wikidata.org/entity/Q127691541,"Vieusseux e i gabinetti di lettura italiani: promozione, progetti e consulenze (1822-1842)"
http://www.wikidata.org/entity/Q127691544,Comunicare gli archivi. Riflessioni a margine di alcune scelte di rappresentazione
http://www.wikidata.org/entity/Q127691546,“I libri degli eretici non sono eretici”. Una lettura codicologica
http://www.wikidata.org/entity/Q127691547,«La memoria fa strani scherzi». La casa editrice Adelphi e il mito delle origini
http://www.wikidata.org/entity/Q127691545,Una panoramica sull’Archivio di Goliarda Sapienza
http://www.wikidata.org/entity/Q127691550,Tra semantizzazione del sapere e “fantasia” generativa: architetti e oracoli al lavoro
http://www.wikidata.org/entity/Q127691548,"Viaggiare tra i lettori, tra passato e presente"
http://www.wikidata.org/entity/Q127691551,Studi e letture: un biblioteconomo e i suoi libri
http://www.wikidata.org/entity/Q127691549,"La gestione dei fondi personali. Note a margine del seminario di studi “Libri, progetti e nuovi orizzonti. Conversazioni sulle biblioteche e i fondi di persona” (Università degli Studi di Salerno – 12 aprile 2024)"
http://www.wikidata.org/entity/Q131429344,"Le biblioteche sostenibili: una sfida professionale e un impegno all’azione, di indispensabile e urgente attualità"
http://www.wikidata.org/entity/Q131429346,Il significato e il valore delle antiche raccolte librarie: la biblioteca di Francesco Maria II della Rovere
http://www.wikidata.org/entity/Q131429348,Spigolando tra le scansie della «storia» della biblioteca di Francesco II Maria della Rovere
http://www.wikidata.org/entity/Q131429351,La Collezione di pubblicazioni coloniali italiane e la Biblioteca del Ministero delle colonie (1911-1945)
http://www.wikidata.org/entity/Q131429345,"La ricostruzione della biblioteca di Francesco Maria II Della Rovere: studi e ricerche, riordino e stato dei fondi. Un progetto e un convegno per rilanciarlo"
http://www.wikidata.org/entity/Q131429349,"Le scansie giuridiche, politiche e militari: dal Volume 10. Diritto, Politica, Militaria, Tecnologia"
http://www.wikidata.org/entity/Q131429350,Biblioteche di corte all’epoca di Francesco Maria II della Rovere: il progetto di ricostruzione della Grande Galleria di Carlo Emanuele I di Savoia
http://www.wikidata.org/entity/Q131429352,La Storia della Biblioteca Berio di Luigi Marchini: riflessioni a margine della recente edizione a stampa
http://www.wikidata.org/entity/Q131429353,Arte e storia dell’arte nell’editoria di cultura del secondo Novecento
http://www.wikidata.org/entity/Q131429347,Il Manoscritto 50 della Biblioteca Universitaria Alessandrina: manuale d’uso per la Libraria di Francesco Maria II della Rovere
http://www.wikidata.org/entity/Q64712110,"La Biblioteca Gaetano Cicognani di Faenza. Una ricerca in corso tra storia, libri e carte"
http://www.wikidata.org/entity/Q64712144,La Bibliografia tra ordine e disordine: alla ricerca della forma
http://www.wikidata.org/entity/Q82515180,Massera un bibliotecario dimenticato
http://www.wikidata.org/entity/Q92592656,II. Romolo Spezioli
http://www.wikidata.org/entity/Q64712106,Minorum Capuccinorum bibliotheca Bononiae: incunaboli e cinquecentine conservati nella Biblioteca del convento dei Frati minori Cappuccini di Bologna
http://www.wikidata.org/entity/Q64712184,What happened in the library? Cosa è successo in biblioteca? Readers and libraries from historical investigations to current issues. Lettori e biblioteche tra indagine storica e problemi attuali. Cronaca del convegno
http://www.wikidata.org/entity/Q82514941,"Corso di alta formazione Biblioteche d’autore contemporanee: Metodologia di acquisizione, gestione e valorizzazione (Biblioteca nazionale centrale di Roma, 29-31 ottobre 2019)"
http://www.wikidata.org/entity/Q82515058,"L’uso delle nuove tecnologie: dal virtuale al pragmatico, l’esperienza della biblioteca Luca Pacioli"
http://www.wikidata.org/entity/Q82515186,"Sigla Effe, editore genovese di Mio padre comandante di Fiume di Mario D’annunzio"
http://www.wikidata.org/entity/Q92592463,Saluti
http://www.wikidata.org/entity/Q64712109,Considerazioni sugli esiti dell’Inchiesta della Congregazione dell’Indice (1598-1603): il caso lucano
http://www.wikidata.org/entity/Q64712112,Il cortocircuito della biblioteca pubblica
http://www.wikidata.org/entity/Q64712156,"“Non per emettere sentenze, ma per capire chi era”. Note a margine di un volume contestato"
http://www.wikidata.org/entity/Q64712171,"Biblioteche accademiche e di ricerca: Terza missione tra esperienza di pratica e teoria (CNR, Roma, 9 aprile 2019)"
http://www.wikidata.org/entity/Q64712198,"I fondi personali come tracce d’uso, di legami e di memorie: note dal convegno internazionale “Il privilegio della parola scritta: gestione, conservazione e valorizzazione di carte e libri di persona”"
http://www.wikidata.org/entity/Q82514642,Alcuni documenti inediti su Giuseppe Fumagalli (con l’edizione di un necrologio di Vittorio Camerani)
http://www.wikidata.org/entity/Q82515164,Origini e sviluppi della bibliografia nell’Ordine dei Frati minori Cappuccini (parte II)
http://www.wikidata.org/entity/Q82515170,"Terza missione, comunicazione e biblioteche accademiche"
http://www.wikidata.org/entity/Q82515168,Una postilla al De Bibliothecis Romanorum di Christian Curio
http://www.wikidata.org/entity/Q83365686,"Contea Principesca di Gorizia e Gradisca, 1873-1914: creazione e analisi di un corpus digitale di periodici nel loro contesto storico"
http://www.wikidata.org/entity/Q92592494,Introduzione
http://www.wikidata.org/entity/Q82514580,"In margine alla leggenda di Alessandria: Epifanio, De mensuris et ponderibus , cap. 9"
http://www.wikidata.org/entity/Q82515159,Pansofia versus bibliofilia. La rifondazione delle scienze bibliografiche
http://www.wikidata.org/entity/Q82515177,La digitalizzazione degli incunaboli d'Italia: la Biblioteca nazionale centrale di Roma da IGI al progetto Polonski
http://www.wikidata.org/entity/Q64712107,Origini e sviluppi della bibliografia nell’Ordine dei Frati minori Cappuccini (parte I)
http://www.wikidata.org/entity/Q82515174,Selezionare per conservare: la costruzione della memoria negli archivi ecclesiastici tra storia e prassi
http://www.wikidata.org/entity/Q64712116,I metadati bibliografici in Wikidata: Wikicite e il case study di «Bibliothecae.it»
http://www.wikidata.org/entity/Q64712134,Catalogazione libraria: la strada inversa
http://www.wikidata.org/entity/Q64712113,Tra il descrivere e il disegnare: un “errore di trascrizione” nell’illustrazione delle monstrificate fanciulle nell’Hypnerotomachia Poliphili
http://www.wikidata.org/entity/Q92592817,IV. Il lascito librario
http://www.wikidata.org/entity/Q92592577,"I. Fermo, Università, Biblioteca"
http://www.wikidata.org/entity/Q92592734,"III. Personalità, natura e indole di Romolo Spezioli"
http://www.wikidata.org/entity/Q82514978,"L’ex ospedale psichiatrico San Niccolò di Siena: una realtà polimorfa fra architettura, archivio e biblioteca"
http://www.wikidata.org/entity/Q58773264,"Storia di un progetto librario: “Patrimonio culturale, ingegno e tecnologia: dall’energia muscolare all’energia atomica verso l’energia pulita e rinnovabile” nei libri del CNR IRCrES"
http://www.wikidata.org/entity/Q58953832,"I libri di Angelo Zambardo, religioso e poeta minore (XVI-XVII secolo)"
http://www.wikidata.org/entity/Q58953970,Sub anno domini 1465... In casa de’ figliuoli di Aldo. Origine e progressi della stampa tipografica in Italia attraverso gli esemplari della biblioteca ‘Giuseppe Taroni’ di Bagnacavallo
http://www.wikidata.org/entity/Q58954003,Il catalogo editoriale 1602 di Ciotti. Analisi e confronto con il coevo catalogo di Meietti. (Parte I)
http://www.wikidata.org/entity/Q59096093,Commiato
http://www.wikidata.org/entity/Q58773261,"Diffondere la conoscenza aperta per crearne di nuova. Resoconto della giornata “Sfide e alleanze tra Biblioteche e Wikipedia”, Biblioteca Nazionale Centrale di Firenze, 10 novembre 2017"
http://www.wikidata.org/entity/Q58953763,La biblioteca del collezionista. Una palestra del ‘gusto’ artistico?
http://www.wikidata.org/entity/Q58953937,Gestire piccole collezioni digitali con Omeka: l’esperienza di MoRE (A Museum of REfused and unrealised art projects)
http://www.wikidata.org/entity/Q58954151,Cos’è la conoscenza? Una risposta razionale in ambito bibliografico
http://www.wikidata.org/entity/Q59096077,Inventari al quadrato: il progetto R.I.Ca.Bi.M. Bilanci e questioni di metodo
http://www.wikidata.org/entity/Q58953796,Ascanio I della Corgna e alcuni suoi familiari nei documenti del tempo (con una appendice bibliografica e documentaria)
http://www.wikidata.org/entity/Q58953902,La seduzione dell’uniforme. La guerra dei caratteri tipografici in Germania
http://www.wikidata.org/entity/Q58954077,In Conrad Gesner l’origine dell’era della informazione
http://www.wikidata.org/entity/Q59096082,Digital Humanities e Library and Information Science. Attraverso le lenti dell’organizzazione della conoscenza
http://www.wikidata.org/entity/Q58773267,Ricordo di Armando Petrucci
http://www.wikidata.org/entity/Q58954040,Su un’edizione di cataloghi librari ecclesiastici tra i secoli XVI e XVII. Riflessioni e linee di ricerca
http://www.wikidata.org/entity/Q59096076,La biblioteca moderna: da Cromwell alle Nazionali italiane
http://www.wikidata.org/entity/Q59096081,"Cataloghi, modelli concettuali, data model: gli orientamenti della ricerca e gli ordinamenti tematici nella Library and information science"
http://www.wikidata.org/entity/Q59096080,Una fonte per la storia della medicina: la biblioteca scientifica di Bartolo Nigrisoli
http://www.wikidata.org/entity/Q59096089,Note di lettura su una pubblicazione recente. La “libraria” settecentesca di San Francesco del Monte a Perugia
http://www.wikidata.org/entity/Q58954115,"Conrad Gessner Congress, Zurigo, 6.-9. Giugno 2016"
http://www.wikidata.org/entity/Q59096078,"Cartesio, gli Automi, e l’Anima nella disputa fra Tommaso Ceva e Guido Grandi"
http://www.wikidata.org/entity/Q59096090,Il Dottorato in Scienze Bibliografiche dell’Università di Udine (1998-2010)
http://www.wikidata.org/entity/Q59096085,San Francesco a Milano. Con un elenco delle pubblicazioni di Edoardo Alvisi ed altri documenti
http://www.wikidata.org/entity/Q59096088,"Speculazioni quantitative sul numero degli Incunabuli e delle cinquecentine scomparsi, vuoi si tratti di edizioni o di esemplari"
http://www.wikidata.org/entity/Q59096092,La valutazione della monografia scientifica e il ruolo degli editori: il progetto spagnolo Scholarly Publishers Indicators (SPI)
http://www.wikidata.org/entity/Q58953868,I primi musei del libro in Italia
http://www.wikidata.org/entity/Q58954188,«Un organismo vivente con vita autonoma». Le biblioteche al centro di una scuola di dottorato fra Osnabrück e Wolfenbüttel
http://www.wikidata.org/entity/Q59096086,I limiti della erudizione
http://www.wikidata.org/entity/Q58826209,Fondamento di ogni conoscenza: idee chiare. Il caso della Bibliografa
http://www.wikidata.org/entity/Q58953729,Pensare a SBN e ripensare SBN
http://www.wikidata.org/entity/Q58954224,Il «catalogo della cooperazione»: la strada per un rilancio del Servizio bibliotecario nazionale
http://www.wikidata.org/entity/Q59096084,Perle ai margini. Una nuova testimonianza di Girolamo da Cremona
http://www.wikidata.org/entity/Q58349819,Nelle celle dei monaci: il monastero camaldolese di San Giovanni Battista di Bagnacavallo e l’Indice di Papa Clemente VIII. Le liste del Codex Vaticanus Latinus 11287
http://www.wikidata.org/entity/Q58350077,Tradurre per il lettore comune. Una ricerca in corso su scienza e pedagogia nell'editoria italiana del secondo Ottocento (1865-1903)
http://www.wikidata.org/entity/Q58356286,Gli archivi delle Prefetture: dalla dematerializzazione alla gestione documentale
http://www.wikidata.org/entity/Q58356899,"Storia del libro: riflessioni, temi e problemi"
http://www.wikidata.org/entity/Q57976823,"Valorizzazione dei fondi privati in una biblioteca accademica: divulgazione, comunicazione, ricerca"
http://www.wikidata.org/entity/Q58302558,La preservazione del contenuto degli oggetti culturali: formalizzare la provenance
http://www.wikidata.org/entity/Q58356273,La sesta legge (non scritta) della biblioteconomia
http://www.wikidata.org/entity/Q58379186,La traduzione tedesca de La segreteria di Apollo di Antonio Santacroce e il contributo dell'editore Georg Müller di Francoforte alla ricezione della letteratura italiana in Germania nel XVII secolo
http://www.wikidata.org/entity/Q109854444,Presentazione
http://www.wikidata.org/entity/Q96623082,La «libraria» dei frati Cappuccini di Sanremo e la donazione di Francesco Corradi
http://www.wikidata.org/entity/Q109854432,Attraversamenti di confini. Italia-Jugoslavia. Dimensione nazionale e internazionale della ricerca negli anni ‘50
http://www.wikidata.org/entity/Q109854461,Dossier 2. Colophon e Indice
http://www.wikidata.org/entity/Q109854464,"Considerazioni sul Realismo socialista in Albania, fra rigide direttive ufficiali e aperture culturali."
http://www.wikidata.org/entity/Q109854445,Dossier 2. Indice dei nomi
http://www.wikidata.org/entity/Q109854471,Il viaggio delle forme. Migrazione di maestri e modelli nella scultura barocca tra Roma e la Lombardia.
http://www.wikidata.org/entity/Q109854465,"Quando il teatro si mise in cammino. Il viaggio di Peter Brook e del Centre International de Recherches Théâtrales negli anni Settanta, in compagnia del poema persiano Il verbo degli uccelli."
http://www.wikidata.org/entity/Q109854457,Una storia di amicizia e di collaborazione tra Italia e Croazia negli anni Sessanta: Paolo Scheggi e Biljana Tomić
http://www.wikidata.org/entity/Q109854360,Parlare di paesaggio tra locale e globale
http://www.wikidata.org/entity/Q96623081,L'edizione aretina delle opere di Lodovico Antonio Muratori (1767-1780): l’eredità di Muratori ad Arezzo
http://www.wikidata.org/entity/Q109854358,Tra sonno e spettacolo: qualche ipotesi per la veglia.
http://www.wikidata.org/entity/Q109854431,Attraverso il paesaggio. Naturalità del teatro e teatralità della natura.
http://www.wikidata.org/entity/Q109854447,Artistic Freedom under the Auspices of the Institution – the example of the Student Centre Gallery in the period between the end of the 1960s and the beginning of the 1970s
http://www.wikidata.org/entity/Q109854436,Introduzione Zanella Attraversamenti di confini. Italia-Croazia-Jugoslavia tra XX e XXI secolo
http://www.wikidata.org/entity/Q109854446,"Di ogni processo storico bisogna analizzare convergenze e divergenze; nessun percorso storico è lineare, ma fatto di richiami e di riprese"
http://www.wikidata.org/entity/Q109854450,Razgovor s Đurom Sederom.
http://www.wikidata.org/entity/Q109854462,Due viaggi di Mirandolina in Russia. Traduzioni sceniche.
http://www.wikidata.org/entity/Q109854469,I “viaggi” di Franco Vaccari. 1971-1974: Il ruolo del viaggio come meccanismo di attivazione del reale nella poetica di Franco Vaccari.
http://www.wikidata.org/entity/Q109854483,Digital archives. Alcune note
http://www.wikidata.org/entity/Q109854359,L’erranza in O Thiasos TeatroNatura: pratiche del camminare
http://www.wikidata.org/entity/Q109854442,Appunti … Curatela oltre il confine
http://www.wikidata.org/entity/Q109854430,Note intorno al Teatro Vagante
http://www.wikidata.org/entity/Q109854448,Attraversamenti di confini. Italia-Croazia tra XX e XXI secolo.
http://www.wikidata.org/entity/Q109854470,Esporre l’Egitto. Viaggiatori europei all’inaugurazione del canale di Suez (1869).
http://www.wikidata.org/entity/Q109854474,Escursioni virtuosistiche fra le tecniche artistiche: il caso settecentesco di Pietro Giacomo Palmieri.
http://www.wikidata.org/entity/Q109854473,Il Viaggio di Samuel B. Morse: da Parigi a New York e la fotografia sbarca in America.
http://www.wikidata.org/entity/Q109854435,"Nove tendencije e modernismo jugoslavo: l’«impellenza operativa» negli scritti di Giulio Carlo Argan, pubblicati a Zagabria dal 1960 al 1969"
http://www.wikidata.org/entity/Q109854437,Marzo 1991: la residenza del gruppo Gorgona a Brunnenburg
http://www.wikidata.org/entity/Q109854440,"L’arte deve saper produrre errori. Una conversazione con Želimir Koščević, Zagabria, 24 gennaio 2012"
http://www.wikidata.org/entity/Q109854458,"La “fragile idea”: Enzo Mari e la Divulgazione delle esemplificazioni delle ricerche (Nova tendencija 3, Zagabria 1965)"
http://www.wikidata.org/entity/Q109854459,Nel nome del Costruttivismo. Storie di s/confine tra Italia e Jugoslavia negli anni Venti.
http://www.wikidata.org/entity/Q109854456,"Typoezija-Typoetry. Dalla pagina poetica allo spazio performativo, tra Italia e Croazia"
http://www.wikidata.org/entity/Q109854439,"On total work of art, dismantled"
http://www.wikidata.org/entity/Q109854454,Due testimonianze di Josip Vaništa
http://www.wikidata.org/entity/Q109854449,Paolo Cardazzo e gli incontri a Motovun (1972-1984)
http://www.wikidata.org/entity/Q109854477,Il viaggio gastronomico di Paolo Monelli.
http://www.wikidata.org/entity/Q109854480,Lo sguardo smarrito: riflessioni intorno a Il grido di Michelangelo Antonioni.
http://www.wikidata.org/entity/Q109854468,Unfinished. Jonathan Monk e l'Afghanistan di Alighiero Boetti.
http://www.wikidata.org/entity/Q96623079,Il De Scriptis et Bibliothecis Antediluvianis di Joachim Johann Mader
http://www.wikidata.org/entity/Q109854434,David Maljković. Riflessioni sulla memoria
http://www.wikidata.org/entity/Q109854472,"Ancora su Bartolomeo Cancellieri, pittore itinerante e sul ritratto di Carlo V attribuito a Parmigianino."
http://www.wikidata.org/entity/Q109854452,Trieste Contemporanea. Relazioni con l’arte visiva dell’Europa centro orientale
http://www.wikidata.org/entity/Q109854481,Agave. Contributo allo studio delle fonti della cultura umanistica in Italia nel Novecento. Bilancio di un progetto di ricerca
http://www.wikidata.org/entity/Q109854476,Disegno e Camera Lucida nel Carnet de voyage.
http://www.wikidata.org/entity/Q109854601,Il fascino della città eterna: artisti albanesi nelle accademie romane nella prima metà del Novecento
http://www.wikidata.org/entity/Q109854627,"Breve storia dell’Ufficio Vendite della Biennale di Venezia 1895-1972. Origini, funzionamento e declino"
http://www.wikidata.org/entity/Q109854633,Il cinegiornale come mezzo di propaganda: Varo e viaggio inaugurale del Conte di Savoia della compagnia Italia di Navigazione (1930)
http://www.wikidata.org/entity/Q109854702,Il corpo-archivio nelle politiche della memoria: il caso di Pina Bausch
http://www.wikidata.org/entity/Q109854714,Danzare/Archiviare. Corporeità mediterranee in contatto
http://www.wikidata.org/entity/Q109854716,Preservare l'incontro con i beni culturali: una dialettica tra digitale e umanesimo in epoca Covid-19
http://www.wikidata.org/entity/Q109854624,"«Tiziano?», «Correggio?». Due expertise di Ludwig Baldass e Roberto Longhi nell'archivio di Antonio Morassi"
http://www.wikidata.org/entity/Q109854629,"Esposizioni - Atti del convegno internazionale Parma, 27-28 gennaio 2017"
http://www.wikidata.org/entity/Q109854611,Intervista a Emanuela De Cecco
http://www.wikidata.org/entity/Q109854609,Il Realismo Socialista come forma di “non arte”. Alcune ipotesi di lettura a partire dalla XXXII Biennale di Venezia e dalla documenta 3 di Kassel del 1964
http://www.wikidata.org/entity/Q109854616,Osservare paesaggi – fare cittadinanza. Pratiche territoriali nel lavoro degli artisti italiani
http://www.wikidata.org/entity/Q109854707,Dall'opera al ballo e ritorno: Cesare in Egitto nell'Italia napoleonica
http://www.wikidata.org/entity/Q109854705,Il lavoro di Michele Di Stefano per la ripresa coreografica di e-ink fra note autografe e pratiche incorporate
http://www.wikidata.org/entity/Q109854699,"Tra romanzo e realtà: proposte di lettura per il ""caso Caravaggio"" nelle produzioni RAI"
http://www.wikidata.org/entity/Q109854721,Cosa hanno fatto i musei durante la pandemia: uno studio delle attività di alcune istituzioni tra marzo e giugno 2020
http://www.wikidata.org/entity/Q109854718,Theatre on a Line di Cuocolo/Bosetti. Il teatro al telefono al tempo della pandemia: una conversazione con Renato Cuocolo
http://www.wikidata.org/entity/Q110067791,I diari della quarantena. Il lockdown negli appunti visivi degli studenti dell'Università di Pavia
http://www.wikidata.org/entity/Q109854612,"Eva Marisaldi, Dopolavoro. Frammenti di realtà al Premio Suzzara (1948-2013)"
http://www.wikidata.org/entity/Q109854623,Banca di Oklahoma: le incredibili avventure di una finanza patafisica dal 1968 a oggi
http://www.wikidata.org/entity/Q109854706,Corpo-archivio: mappatura di una nozione tra incorporazione e pratica coreografica
http://www.wikidata.org/entity/Q109854717,L'innovazione digitale tra didattica museale e didattica scolastica. Un'esperienza di riprogettazione a distanza di un percorso espositivo in risposta alla pandemia provocata dal Covid-19
http://www.wikidata.org/entity/Q109854632,"Marco Bertozzi, Documentario come arte. Riuso, performance, autobiografia nell'esperienza del cinema contemporaneo, Venezia, Marsilio, 2018"
http://www.wikidata.org/entity/Q109854712,Archivi intermediali: il valzer nella testualità byroniana
http://www.wikidata.org/entity/Q109854713,"Corps flamenco: «modernes et anti-modernes, avant-gardistes et traditionnels, rebelles et institutionnels»"
http://www.wikidata.org/entity/Q109854603,Il cibo in mostra. Appunti per una riflessione sulle relazioni tra pratiche artistiche e cultura alimentare e gastronomica
http://www.wikidata.org/entity/Q109854619,"Ludovico Mazzolino alla prova del mercato d’arte, novecentesco e non solo"
http://www.wikidata.org/entity/Q109854620,Il tardogotico estense tra critica e mercato dell’arte
http://www.wikidata.org/entity/Q109854630,Presa diretta: il contributo di Franco Simongini all'indagine sull'arte
http://www.wikidata.org/entity/Q109854625,Un caso singolare: il mercato americano di Leonardo Cremonini durante gli anni ’50
http://www.wikidata.org/entity/Q109854701,Luoghi abitati da persone. Il progetto Living Architectures di Ila Bêka e Louise Lemoine
http://www.wikidata.org/entity/Q109854605,"Aroldo Bonzagni, un artista antagonista. Pittore, illustratore, cartellonista e caricaturista"
http://www.wikidata.org/entity/Q109854604,ILLUSTRAZIONE MONUMENTALE. Il “canone letterario” di Mario Sironi su La Rivista 1924-1943
http://www.wikidata.org/entity/Q109854613,Episodi di realismo a Parma: Bartolomeo Schedoni e il fascino del Caravaggio
http://www.wikidata.org/entity/Q109854607,Tutti i passati dell’arte: la Biennale di Venezia del 2015. La rappresentazione del colonialismo
http://www.wikidata.org/entity/Q109854618,L’editoria a supporto del mercato: la circolazione dell’arte italiana fra le pagine di «Art International» (1959-1963)
http://www.wikidata.org/entity/Q109854621,"Una breve indagine sul mercato dell’arte. Interviste alle tre direttrici delle fiere italiane di arte contemporanea: Ilaria Bonacossa, Adriana Polveroni e Angela Vettese"
http://www.wikidata.org/entity/Q109854708,Prima del Traité? Alternative possibili per lo studio della corporeità del primo Ottocento
http://www.wikidata.org/entity/Q109854600,Modelli audiovisivi e prefigurazioni digitali nelle sperimentazioni sul medium esposizione: Les Immatériaux di Jean-François Lyotard
http://www.wikidata.org/entity/Q109854634,Alcuni appunti sul documentario nell'arte contemporanea. Intervista a Mario Gorni
http://www.wikidata.org/entity/Q109854608,Tra utopia e rivoluzione: le visioni di Diego Rivera al Rockefeller Center di New York
http://www.wikidata.org/entity/Q109854704,"L'image en mouvement: créer l'archive pour soi, documenter l'archive pour l'autre"
http://www.wikidata.org/entity/Q109854719,"MiBACT, AIB, AIE e ALI promotori degli interventi post Covid-19 a favore della filiera del libro"
http://www.wikidata.org/entity/Q109854700,Un canale YouTube per narrare i progetti temporanei: l'esempio della Collezione Maramotti
http://www.wikidata.org/entity/Q110386758,La bibliografia e la società dell’informazione
http://www.wikidata.org/entity/Q110386756,I principi bibliografici nei corsi di laurea brasiliani in biblioteconomia: un'analisi sulla specificità epistemologica curricolare
http://www.wikidata.org/entity/Q110386782,Bibliografia fuori dall'armadio: cosa rivela la scienza dell'informazione brasiliana sulle questioni di genere e di dissidenza sessuale?
http://www.wikidata.org/entity/Q113148891,Sicilia piangente su le rovine delle sue più belle città: narrazioni e dati dalle Relazioni a stampa del terremoto del Val di Noto del 1693
http://www.wikidata.org/entity/Q113148897,Le voci di autorità dei nomi di persona in SBN e Alphabetica: problemi e prospettive
http://www.wikidata.org/entity/Q113148908,Scibile a scaffale
http://www.wikidata.org/entity/Q116444212,NATO Archives Online: un sistema di fonti per la storia delle relazioni internazionali
http://www.wikidata.org/entity/Q110386780,L’Arte della Bibliografia in Brasile: analisi della produzione in alcune riviste scientifiche (2014-2020)
http://www.wikidata.org/entity/Q110386763,Proposta per un nuovo approccio metodologico allo studio della Bibliografia del XX secolo
http://www.wikidata.org/entity/Q110386761,Una politica bibliografica brasiliana? Il percorso storico e politico della bibliografia nazionale in Brasile
http://www.wikidata.org/entity/Q110386768,Una donna tra gli uomini: il gesto bibliografico di Christine de Pizan in La città delle dame
http://www.wikidata.org/entity/Q113148895,Citare internet con URL abbreviati e DOI? Meglio di no
http://www.wikidata.org/entity/Q113148889,"Mercati divini: produrre, vendere e leggere la Commedia di Dante agli inizi del 1470"
http://www.wikidata.org/entity/Q116444210,Frammenti di Martino: una biblioteca personale e la sua emblematica vicenda
http://www.wikidata.org/entity/Q110386776,Bibliografia e memoria: la diciottesima lezione di Filippo Gesualdo e le Pandectae di Conrad Gesner
http://www.wikidata.org/entity/Q113148903,L'archivio oltre l’archivio
http://www.wikidata.org/entity/Q113148906,"Il primo Seminario JLIS.it: Modellare la conoscenza, standard archivistici e bibliografici a confronto (Università di Firenze, 19 maggio 2022)"
http://www.wikidata.org/entity/Q116444211,Mostra virtuale: un ritorno al passato
http://www.wikidata.org/entity/Q116444214,L’ Archivio Digitale Vivente e la costruzione di una memoria culturale partecipativa nel progetto DARE-UIA (Digital Environment for collaborative Alliances to Regenerate urban Ecosystems in middle-sized cities)
http://www.wikidata.org/entity/Q116444217,Libri che si parlano
http://www.wikidata.org/entity/Q110386786,Editoriale. Convegno internazionale “Dalla pandemia dei libri alla Bibliografia”
http://www.wikidata.org/entity/Q110386770,La Scuola tecnica bibliografica (1886-1889): un’occasione ‘mancata’
http://www.wikidata.org/entity/Q113148888,"Codici italiani nella Biblioteca Universitaria Eötvös Loránd, Budapest"
http://www.wikidata.org/entity/Q113148905,Le Competency Guidelines for Rare Books and Special Collections Professionals dell’IFLA
http://www.wikidata.org/entity/Q116444203,Intelligenza artificiale vs. intelletto (ossia cibernetica vs. informatica)
http://www.wikidata.org/entity/Q116444205,Codici datati e databili dei secoli XV-XVI in due collezioni milanesi “minori”: materiali eterogenei conservati presso la Fondazione Trivulzio e la Veneranda Fabbrica del Duomo di Milano
http://www.wikidata.org/entity/Q116444204,L’ inquisitore e i suoi lettori: il caso del Malleus maleficarum
http://www.wikidata.org/entity/Q110386774,Alla ricerca di Conrad Gesner nei tropici brasiliani: la presenza documentaria della Bibliotheca Universalis e delle Pandectae nelle biblioteche patrimoniali
http://www.wikidata.org/entity/Q110386765,"Bibliografia, sostantivo femminile: Jules Gay e Desirée Veret"
http://www.wikidata.org/entity/Q110386784,Il libro nel sistema carcerario nello stato di Espírito Santo: dispositivo sociale nella pandemia
http://www.wikidata.org/entity/Q113148886,Alessandria per Alessandro: per una datazione del progetto alessandrino
http://www.wikidata.org/entity/Q113148883,Non informazione ma comprensione
http://www.wikidata.org/entity/Q113148893,L'affaire Laire e le edizioni romane del XV secolo negli scritti scambiati tra Tommaso Verani e Giovanni Battista Audiffredi
http://www.wikidata.org/entity/Q116444207,Da «misero avanzo di sorci» a «tesoro»: l’archivio del Capitolo della Cattedrale di Arezzo tra Sette e Novecento
http://www.wikidata.org/entity/Q116444206,Universalis o Selecta? La classificazione dei libri di architettura all’epoca della stampa: contributo per una analisi
http://www.wikidata.org/entity/Q116444209,Per le scienze e per diletto: fonti archivistiche per lo studio delle biblioteche termali
http://www.wikidata.org/entity/Q116444215,"A margine di alcuni carteggi: Teresa Lodi a Firenze nel secondo dopoguerra tra papiri, manoscritti e libri antichi"
http://www.wikidata.org/entity/Q116444213,Dagli indicatori bibliometrici all’analisi qualitativa: la valorizzazione del peer-review nella valutazione della ricerca scientifica
http://www.wikidata.org/entity/Q110386778,«Per dare più luce al pio lettore»: riferimenti alle fonti di informazione e trasmissione del sapere nel ricettario artistico di João Stooter (1729-1732)
http://www.wikidata.org/entity/Q113148900,L'analisi delle risorse cartografiche nei modelli concettuali FRBR e IFLA LRM: una rassegna degli studi
http://www.wikidata.org/entity/Q116444216,"“Le biblioteche dei musei e le biblioteche come musei”: un seminario nell’ambito di RO.ME – Museum Exhibition (Biblioteca Nazionale Centrale di Roma, 16 novembre 2022)"
http://www.wikidata.org/entity/Q119496384,Il “Library Tour” (1948) di Shiyali Ramamrita Ranganathan: la costruzione dell’io bibliotecario indiano attraverso un ‘tour of the West’
http://www.wikidata.org/entity/Q119496386,I concetti di documento e documentazione dal punto di vista ranganathiano
http://www.wikidata.org/entity/Q119496383,"Un convegno internazionale in occasione del 50° anniversario della morte di Ranganathan (1892-1972) (Cremona, Università di Pavia, 23 maggio 2022)"
http://www.wikidata.org/entity/Q119496387,"Tra comunicazione scientifica, scienze del documento e Scienza dell’informazione: Ranganathan e la documentazione negli anni ’50 e ’60 del Novecento"
http://www.wikidata.org/entity/Q119496388,Ranganathan e le associazioni professionali internazionali
http://www.wikidata.org/entity/Q119496391,"Geopolitica bibliotecaria: Camerani, Ranganathan e la ricostruzione democratica dell’AIB"
http://www.wikidata.org/entity/Q119496393,L’ applicazione dei Linked Open Data alla creazione dei numeri di libro
http://www.wikidata.org/entity/Q119496392,Le origini del Reference: analisi e sviluppo del servizio
http://www.wikidata.org/entity/Q119496385,Ranganathan e la funzione sociale della Bibliografia
http://www.wikidata.org/entity/Q119496389,Ranganathan tra il metodo filosofico ed epistemologico: il problema della scientificità della biblioteconomia negli anni ’30 del Novecento
http://www.wikidata.org/entity/Q119496390,L’eredità di Ranganathan e le implicazioni delle Five Laws of Library Science sulla biblioteconomia scolastica: uno studio esplorativo
http://www.wikidata.org/entity/Q119496394,"Una biblioteca vivente: Padma Shri S.R. Ranganathan (1892-1972), l’unico architetto del movimento delle biblioteche indiane"
http://www.wikidata.org/entity/Q123925882,La biblioteca di Alessandria e l’incendio che non la distrusse. II: Il Seicento e il Settecento
http://www.wikidata.org/entity/Q123925883,La biblioteca dell’abbazia di Saint-Sépulcre di Cambrai nel XV secolo: gestione e organizzazione del patrimonio librario
http://www.wikidata.org/entity/Q123925884,…nelle nozze del serenissimo don Francesco Medici gran duca di Toscana; et della sereniss. sua consorte la sig. Bianca Cappello… Le due edizioni coeve di Raffaello Gualterotti
http://www.wikidata.org/entity/Q110386771,"Altri libri, altre scritture: rapporti indigeni"
http://www.wikidata.org/entity/Q110386773,Dalla bibliografia alla storia del libro… e viceversa! (con il caso di un falso “falso”)
http://www.wikidata.org/entity/Q123925881,Editoriale
http://www.wikidata.org/entity/Q113148898,Utilizzo del discovery tool dell’Università di Bologna: un’analisi quantitativa e qualitativa
http://www.wikidata.org/entity/Q59265395,"Riflessioni, mea culpa e richiesta d’aiuto alla lettura dell’editoriale di Alfredo Serrai nel primo numero della rivista Bibliothecae.it"
http://www.wikidata.org/entity/Q60907422,La valutazione delle riviste scientifiche nelle Scienze umane e sociali
http://www.wikidata.org/entity/Q59265397,Il Digitale deve confrontarsi con la Bibliografia
http://www.wikidata.org/entity/Q59281543,Fumosità aporetica del termine “Biblioteca”
http://www.wikidata.org/entity/Q60907308,"Notiziari editoriali in Italia nel Novecento. La bibliografia degli editori, tra informazione e pubblicità"
http://www.wikidata.org/entity/Q59281535,Editoriale
http://www.wikidata.org/entity/Q60907435,Editoriale
http://www.wikidata.org/entity/Q59281536,Esperimenti bibliografici fra Vienna e Zurigo. La corrispondenza fra Hugo Blotius e Johann Jakob Frisius (1576-1589)
http://www.wikidata.org/entity/Q60907392,L'emeroteca digitale nazionale italiana
http://www.wikidata.org/entity/Q64712105,Libro d’Uccelli in pictura. Uno studio del manoscritto 2 della Biblioteca Universitaria Alessandrina
http://www.wikidata.org/entity/Q59265391,Bibliotheca beniana. Parte I
http://www.wikidata.org/entity/Q60907285,I periodici bibliografici e biblioteconomici italiani tra Otto e Novecento
http://www.wikidata.org/entity/Q60907291,Periodici e Bibliografia. Uno sguardo dalle biblioteche private
http://www.wikidata.org/entity/Q60907317,The American Library Journal: uno strumento nelle mani di 'Dui'
http://www.wikidata.org/entity/Q59281539,"Stefano Mozzi Scolari «stampadore e miniatore di stampe di rame» nella Venezia del Seicento: vita, attività, eredi"
http://www.wikidata.org/entity/Q60907273,I periodici bibliografici italiani dalle origini: prospettive di un censimento
http://www.wikidata.org/entity/Q60907331,Bibliografia e bibliografi in Francia: riviste per la circolazione della scienza
http://www.wikidata.org/entity/Q59265392,Sul concetto di Information Literacy. Il ruolo della biblioteca
http://www.wikidata.org/entity/Q59281538,La gerarchia di qualità delle biblioteche. La Biblioteca dei Francescani del Monteripido di Perugia
http://www.wikidata.org/entity/Q59281537,"L’essenza, le configurazioni e il livello di qualità delle biblioteche"
http://www.wikidata.org/entity/Q60907372,"I periodici bibliografici inglesi: passato, presente e futuro"
http://www.wikidata.org/entity/Q60907379,"Titoli, rubriche, notizie: la descrizione dei contenuti dei periodici, tra carenze repertoriali e superficialità catalografica"
http://www.wikidata.org/entity/Q60907417,AlmaDL Journals: sfide e opportunità di un servizio editoriale ad accesso aperto
http://www.wikidata.org/entity/Q59265394,Lettere al Direttore
http://www.wikidata.org/entity/Q64712103,"Linguaggi, Codici e Informazione"
http://www.wikidata.org/entity/Q59265396,Dati e Informazione
http://www.wikidata.org/entity/Q59281541,...ove dormono depositati. Per una storia della Biblioteca Regionale Universitaria di Catania
http://www.wikidata.org/entity/Q59281542,Lettere di Francesco Maria II della Rovere ultimo Duca di Urbino
http://www.wikidata.org/entity/Q59281540,"La costruzione del mercato del libro a Siena (secoli XVI-XVII): produzione, circolazione, possesso"
http://www.wikidata.org/entity/Q60907356,Alla ricerca della bibliografia perduta. Il caso brasiliano
http://www.wikidata.org/entity/Q60907344,Sulla stampa bibliografica in Germania: il progetto Bremer Deutsche Presse
http://www.wikidata.org/entity/Q60907408,Le riviste di bibliografia e il mondo dell'Open Access: una disamina a partire da DOAJ
http://www.wikidata.org/entity/Q92593112,Appendice II.
http://www.wikidata.org/entity/Q96623075,L'impaginazione di Aldo Manuzio
http://www.wikidata.org/entity/Q92592907,V. Informazioni ed argomenti conclusivi
http://www.wikidata.org/entity/Q96623074,Biblioteche e pandemia in un’età secolare
http://www.wikidata.org/entity/Q92593206,Documentazione iconografica
http://www.wikidata.org/entity/Q96623076,Negli scrigni di monna Caterina: i libri di Stefano di Nello Fatinelli (1419)
http://www.wikidata.org/entity/Q96623078,Primi cenni sul fondo degli incunaboli della Biblioteca Diocesana di Aosta: con una precisazione bibliografica su un’edizione lionese e il ritrovamento di una cinquecentina italiana sconosciuta
http://www.wikidata.org/entity/Q92593011,Appendice I.
http://www.wikidata.org/entity/Q58387647,Una precoce intuizione di Heidegger. Da l’Homme plante al dilemma della musica
http://www.wikidata.org/entity/Q58670935,"Litografia, tipografia, calcografia Armanino: primi appunti e documenti"
http://www.wikidata.org/entity/Q58670937,"Biblioteche, Archivi, Musei"
http://www.wikidata.org/entity/Q58773243,Eredità e futuro della tradizione scritta ebraica attraverso l’opera bibliografica di Conrad Gesner
http://www.wikidata.org/entity/Q58773258,Codici e cultura: il paralogismo di Simmel
http://www.wikidata.org/entity/Q58670929,Lo Storytelling della memoria tra patrimonio e turismo nell’epoca della cultura convergente
http://www.wikidata.org/entity/Q58773247,Un fastidio inevitabile. La storiografia italiana dell’ultimo decennio sulla censura nella prima Età Moderna (secoli XVI-XVII). Alcune note
http://www.wikidata.org/entity/Q58387650,Costruzione della documentazione informativa nell'area francofona: rapporto dell'11. Colloquio internazionale d'ISKO-Francia 2017
http://www.wikidata.org/entity/Q58670918,La protezione del Furioso: Ariosto e il sistema dei privilegi in Italia
http://www.wikidata.org/entity/Q58670922,Il commercio librario a Bologna tra '500 e '600: i librai di Ulisse Aldrovandi
http://www.wikidata.org/entity/Q58670933,Biblioteche Sublacensi
http://www.wikidata.org/entity/Q58670932,SBN tra funzioni catalografiche e aspirazioni bibliografiche
http://www.wikidata.org/entity/Q58773260,Valorizzare il patrimonio culturale attraverso il pubblico dominio. Il Pubblico dominio open festival di Torino come caso di studio
http://www.wikidata.org/entity/Q58379187,Le edizioni datate 1584 dei Ragionamenti di Pietro Aretino
http://www.wikidata.org/entity/Q58670927,Oltre i termini dell’information retrieval: information discovery e multimedia information retrieval
http://www.wikidata.org/entity/Q58670925,Se i bit non bastano: pratiche di conservazione del contesto di origine per gli archivi letterari nativi digitali
http://www.wikidata.org/entity/Q58773249,In margine ai recenti Annali oraziani e a proposito di una miscellanea scolastica parigina
http://www.wikidata.org/entity/Q58387648,"Alcune considerazioni in margine alla mostra “Pompe dei Medici” (Firenze, Palazzo Panciatichi, Consiglio Regionale della Toscana, 5-10 maggio 2017)"
http://www.wikidata.org/entity/Q58670923,La biblioteca popolare circolante della Società Savonarola di Ferrara. Un caso paradigmatico dell’Italia postunitaria
http://www.wikidata.org/entity/Q58670940,"Fondi e collezioni di persona e personalità negli archivi, nelle biblioteche e nei musei: una risorsa, un’opportunità"
http://www.wikidata.org/entity/Q58773251,Uno sguardo sugli strumenti digitali applicati agli archivi: il caso dei software di descrizione archivistica
http://www.wikidata.org/entity/Q58379188,La lingua del catalogatore (parte 1). L’autore
http://www.wikidata.org/entity/Q58670939,Enciclopedia e biblioteca in epoca contemporanea
http://www.wikidata.org/entity/Q58773236,"L’informazione, questa sconosciuta"
http://www.wikidata.org/entity/Q58670920,Editoriale. Biblioteche e cultura
http://www.wikidata.org/entity/Q58773241,Una collana editoriale per la “Bibliografia del Novecento”
http://www.wikidata.org/entity/Q58773245,"La cultura scritta e la “porpora”: Fulvio Giulio della Corgna (1517-1583) tra libri, iscrizioni e auto rappresentazione"
http://www.wikidata.org/entity/Q58387646,"Il bilancio sociologico, culturale e scientifico di Johann Georgorg Meusel dell’anno 1799-1800"
http://www.wikidata.org/entity/Q58424166,"Si è spenta Bianca Bianconi Tallone, ardimentosa continuatrice dell’arte tipografica manuale. Con apparato fotografico inedito"
http://www.wikidata.org/entity/Q58773238,Tracce di una 'antica ed importante' Biblioteca: la Biblioteca dei Marchesi Raffaelli di Cingoli
http://www.wikidata.org/entity/Q58773254,La sepoltura irrituale di Pietro Canneti: enigma da risolvere
http://www.wikidata.org/entity/Q58773253,Valutare la storia
http://www.wikidata.org/entity/Q59137266,Origines typographicae: le origini europee della tipografia italiana
http://www.wikidata.org/entity/Q59154968,Storia delle biblioteche. Parte II
http://www.wikidata.org/entity/Q59096094,Editoriale
http://www.wikidata.org/entity/Q59137268,“Cantiere Documentazione”
http://www.wikidata.org/entity/Q59137262,Per una storia delle biblioteche conventuali della Provincia dei Cappuccini di Genova
http://www.wikidata.org/entity/Q59154963,Cultura
http://www.wikidata.org/entity/Q59154965,Per una storia delle librarie claustrali soppresse a Perugia tra il periodo giacobino e l’Unità d’Italia (1798-1866): il ruolo di Luigi Canali nella tutela del «lusso bibliografico» cittadino
http://www.wikidata.org/entity/Q59154969,I canali di acquisizione libraria negli ordini di chierici regolari.Il caso della Compagnia di Gesù
http://www.wikidata.org/entity/Q59137259,Riflessioni sulle biblioteche
http://www.wikidata.org/entity/Q59137260,Storia delle biblioteche e Storia della biblioteca
http://www.wikidata.org/entity/Q59137270,"Lost Books. Convegno internazionale, St Andrews (UK),19-21 giugno 2014"
http://www.wikidata.org/entity/Q59154967,Dalla teologia di Ulrich Zwingli la nascita della BibliografaUniversale
http://www.wikidata.org/entity/Q59154964,La Biblioteca Vaticana nel De bibliothecis antiquis di Andrea Fulvio: un nuovo modello di realtà bibliotecaria
http://www.wikidata.org/entity/Q59154971,Introduzione a RDA (Resource Description and Access): alcune riflessioni sulla monografia di Carlo Bianchini e Mauro Guerrini
http://www.wikidata.org/entity/Q59154966,Bibliografia e Biblioteca
http://www.wikidata.org/entity/Q59137261,"«Amabo te, mi Murete». Le lettere di Paolo Manuzio a Marc’Antoine Muret e il gesuita Pietro Lazzari. Con documenti inediti"
http://www.wikidata.org/entity/Q59137264,Il progetto di un ‘Bibliocentro’ della Camera di Commercio di Roma
http://www.wikidata.org/entity/Q59137272,"Meanwhile in England: tra scritture, epistole e storia della stampa a Birmingham"
http://www.wikidata.org/entity/Q59137267,Una banca dati per il Poliflo: la catalogazione dei contributi
http://www.wikidata.org/entity/Q109854500,Quando gli specchi tradiscono le immagini. Riflessi rubati nelle distopie del XX secolo
http://www.wikidata.org/entity/Q109854590,Mostre al femminile: Romana Loda e l’arte delle donne nell’Italia degli anni Settanta
http://www.wikidata.org/entity/Q109854495,I would prefer not to. A taxonomy of artists without works
http://www.wikidata.org/entity/Q109854491,MoRE Museum. Ceci n’est pas un musée
http://www.wikidata.org/entity/Q109854567,La Foscarina nello specchio dell’eternità. Due foto di Eleonora Duse al Vittoriale
http://www.wikidata.org/entity/Q109854579,"Lo specchio, il doppio, la superficie riflettente sono, anche grazie alle evidenti implicazioni"
http://www.wikidata.org/entity/Q109854566,I Gemelli come specchi viventi
http://www.wikidata.org/entity/Q109854580,Dall’exhibit alla performance: tracce di sinergie creative dannunziane
http://www.wikidata.org/entity/Q109854487,"Nel e per il sociale: dall’effimero al non realizzato, un patrimonio artistico sommerso"
http://www.wikidata.org/entity/Q109854565,"Maurizio Cattelan, Il doppio."
http://www.wikidata.org/entity/Q109854575,Lo specchio magico di Ingres. Riflessioni sul tema della “alterità” psicologica in alcuni ritratti femminili del pittore di Montauban
http://www.wikidata.org/entity/Q109854582,Il suono e l’ambiente come circostanza. Il contributo della mostra Sonorità Prospettiche alla definizione di Sound Art
http://www.wikidata.org/entity/Q109854597,L’Aquila 1962. “Alternative Attuali” e l’idea di “mostra-saggio”
http://www.wikidata.org/entity/Q109854497,«Là dove le cose cominciano». Archivi e musei del tempo presente
http://www.wikidata.org/entity/Q109854489,Installazioni come opere irrealizzate: appunti su una metodologia per la conservazione
http://www.wikidata.org/entity/Q109854494,"Un lavoro infinito, dal nastro magnetico al file"
http://www.wikidata.org/entity/Q109854499,Unbuilt art. Appunti per un dibattito sul non realizzato
http://www.wikidata.org/entity/Q109854573,Sophie Calle. Autoritratto allo specchio: abbi cura di te
http://www.wikidata.org/entity/Q109854586,Manifesta - The European Biennial of Contemporary Art
http://www.wikidata.org/entity/Q109854596,"Tra l’esporre e l’esporsi: dalla rappresentazione alla performance, nuovi approcci alla nozione contemporanea di esposizione."
http://www.wikidata.org/entity/Q109854488,Tra arte e letteratura: Il museo dell’Innocenza di Orhan Pamuk
http://www.wikidata.org/entity/Q109854583,Arte Import/Export. Il caso della Galleria Niccoli e l’attività espositiva del Centro per l’Arte Contemporanea Italia Giappone
http://www.wikidata.org/entity/Q109854578,Specchiarsi nello schermo. Specchio e cinema come “metafore identitarie” ne la Glace à trois faces di Jean Epstein
http://www.wikidata.org/entity/Q109854598,"Caravaggio a Milano, 1951. Il dibattito sulla carta stampata: critica e militanza"
http://www.wikidata.org/entity/Q109854594,Le pratiche espositive e le opere complesse: alcuni casi nei musei italiani
http://www.wikidata.org/entity/Q109854584,Uno scenario da film: la “Mostra del Lazio” di Armando Brasini
http://www.wikidata.org/entity/Q109854485,Una proposta per l'arte contemporanea: il Museo dei Progetti
http://www.wikidata.org/entity/Q109854570,Editoriale
http://www.wikidata.org/entity/Q109854574,Lo specchio come strumento di riflessione del Sé e sul Sé
http://www.wikidata.org/entity/Q109854587,"Esporre il femminile. L’Esposizione Beatrice (Firenze, 1890)"
http://www.wikidata.org/entity/Q109854593,A proposito della ripetizione della Ripetizione differente: il reenactment delle mostre
http://www.wikidata.org/entity/Q109854592,Luoghi dove la gente abita
http://www.wikidata.org/entity/Q109854484,Vorrei ma non posso. L'esperienza del non realizzato nella pratica artistica contemporanea. Un’intervista con Luca Trevisani
http://www.wikidata.org/entity/Q109854568,“Il Cigno nero” di Darren Aronofsky. Lo specchio come indagine psicanalitica sulla pazzia
http://www.wikidata.org/entity/Q109854571,Intervista a Vittorio Gallese
http://www.wikidata.org/entity/Q109854588,"Quasi una mostra. Wart Arslan, Giulio Carlo Argan e l’allestimento del Museo dell’Alto Adige tra propaganda e museografia, 1933-1939"
http://www.wikidata.org/entity/Q123925891,Edizioni a stampa in greco da un convento torinese nella Biblioteca Nazionale Universitaria di Torino
http://www.wikidata.org/entity/Q123925890,"Digital Library di dipartimento: da collettore di risorse digitali a strumento per la ricerca, la didattica e la terza missione"
http://www.wikidata.org/entity/Q123925888,"L’ Archivio della Biblioteca Universitaria di Cagliari: formazione, organizzazione e struttura del carteggio amministrativo (1870-1955)"
http://www.wikidata.org/entity/Q123925889,Informazione e causazione: due enigmi che si chiariscono a vicenda
http://www.wikidata.org/entity/Q123925894,"Storia della competizione editoriale, tra politiche di collana e strategie di mercato"
http://www.wikidata.org/entity/Q123925892,"Stratificazioni, frammentazioni e dispersioni: note bibliografiche per una storia ragionata della Biblioteca del Liceo Classico e Musicale «F. Petrarca» di Arezzo"
http://www.wikidata.org/entity/Q123925893,"Libera la cultura dal fango (alluvione in Romagna, 2023): biblioteche da salvare"
http://www.wikidata.org/entity/Q123925895,Le collezioni delle biblioteche nella prospettiva della “biblioteconomia critica” statunitense
http://www.wikidata.org/entity/Q123925898,Libri e biblioteca di casa. Intervista a cura di Fiammetta Sabba (giugno-agosto 2023)
http://www.wikidata.org/entity/Q123925896,Dopo Le Monnier: contributi di Alessandro Manzoni alla legislazione sul diritto d’autore
http://www.wikidata.org/entity/Q123925897,Alberto Petrucciani (♱ 10 Settembre 2023)
http://www.wikidata.org/entity/Q123934448,"Prolegomeni allo studio dei corali di Santa Maria del Popolo, spigolature dalle fonti documentarie e uno sguardo a due (inediti) graduali miniati dal Maestro del Messale Barbo"
http://www.wikidata.org/entity/Q61776462,Dai ritratti di città di età  moderna come strumento di conoscenza o di propaganda alle proposte di rinnovamento urbano del primo Novecento
http://www.wikidata.org/entity/Q61776080,La città per layer e la memoria urbana nel progetto di architettura
http://www.wikidata.org/entity/Q61776076,Memoria e alterità urbana
http://www.wikidata.org/entity/Q61776469,"Architettura, design e paesaggio in una fabbrica del Sud. Angelo Mangiarotti e la SIAG di Marcianise"
http://www.wikidata.org/entity/Q61776464,L'immagine del Campidoglio e le pratiche di manipolazione visiva tra XVI e XVIII secolo
http://www.wikidata.org/entity/Q61776468,Patrick Geddes e Gustavo Giovannoni: conservative surgery e 'diradamento edilizio' per la tutela della città storica
http://www.wikidata.org/entity/Q61776467,Palazzo de Sinno e Palazzo Barbaja. Descrizioni e contraddizioni di due residenze borghesi napoletane tra Settecento e Ottocento
http://www.wikidata.org/entity/Q114773208,Il ramo bolognese della famiglia Spada: alcuni episodi di committenza e collezionismo tra Seicento e Settecento
http://www.wikidata.org/entity/Q126310449,"Obituary: “The answer, my friends… is written in the rings”. Fritz Hans Schweingruber (Fritz)"
http://www.wikidata.org/entity/Q126313829,Know your woods: new wood identification tools for professionals of the sector
http://www.wikidata.org/entity/Q126315684,Climate and environmental politics needs to be supported by accurate information and communication. What is the role of the scientific community?
http://www.wikidata.org/entity/Q126386357,"Basilicata, land of forests and forest studies"
http://www.wikidata.org/entity/Q126899403,"Autori egiziani degli anni Duemila. Blogosfera, graphic e postmoderno: nuovi linguaggi nel panorama letterario arabo"
http://www.wikidata.org/entity/Q62579849,"Dalla pubblicazione di ""Groundwater and Surface Water-A single resource"": alcuni avanzamenti presso U.S. Geological Survey nella simulazione delle interazioni tra acque sotterranee e superficiali"
http://www.wikidata.org/entity/Q109593344,“Privilegia episcopii Cremonensis”. Il cartulario vescovile di Cremona e il vescovo Sicardo (1185- 1215)
http://www.wikidata.org/entity/Q115139461,A proposito di “Fare l’Italia: unità e disunità nel Risorgimento”. Uno sguardo d’insieme
http://www.wikidata.org/entity/Q115139459,Sulla “nuova storia” del Risorgimento. Note per una discussione
http://www.wikidata.org/entity/Q115139456,"Potere, istituzioni e mestieri letterari nella Milano della Restaurazione: alcune considerazioni su una ricerca in corso"
http://www.wikidata.org/entity/Q115139467,La cultura letteraria a Milano all’epoca di Cattaneo: alcune riflessioni intorno alle “Notizie naturali e civili su la Lombardia
http://www.wikidata.org/entity/Q123925886,"Catalogna-Italia andata e ritorno: contaminazione documentaria nei fondi di alcuni eruditi, librai e antiquari"
http://www.wikidata.org/entity/Q123925887,Osservazioni sul carteggio Pezzana-Panizzi conservato presso la Biblioteca Palatina di Parma
http://www.wikidata.org/entity/Q113201278,Risposta a “Riflessioni sulla narrazione storica nelle voci di Wikipedia”
http://www.wikidata.org/entity/Q58124093,La sociologia comprendente sviluppata
http://www.wikidata.org/entity/Q131429354,“Sempre con un libro fra le mani”: dedizione e sapienza nella biblioteca di Marcello Andria
http://www.wikidata.org/entity/Q132561594,"Le ontologie bibliografiche. Modelli concettuali e vocabolari condivisi per l'universo bibliografico, a cura di Maria Teresa Biagetti, Roma, Bulzoni, 2022"
http://www.wikidata.org/entity/Q135102878,Iter Iaponicum: ripresa post pandemica del Censimento dei manoscritti e delle edizioni antiche in italiano conservate in Giappone. Primi sondaggi sul Petrarca volgare
http://www.wikidata.org/entity/Q135102882,Le autobiografie dei semicolti: scrittura e lettura nelle memorie di due contadini tra XIX e XX secolo
http://www.wikidata.org/entity/Q135102880,Attraverso il pensiero critico di Filiberto Menna: il riordino della Biblioteca della Fondazione
http://www.wikidata.org/entity/Q135102883,«Trusted stewards of cultural heritage materials». Le competenze per il trattamento delle collezioni speciali alla luce della giornata di studi “Nuovi strumenti per le collezioni speciali: dalle linee guida IFLA alle alle realtà professionali”
http://www.wikidata.org/entity/Q135102881,Il De Bibliotheca Augusta di Johann Schwarzkopf tra il 1649 e il 1656
http://www.wikidata.org/entity/Q135102886,"Nascita, vita e miracoli della mia biblioteca"
http://www.wikidata.org/entity/Q135102884,Il progetto PNRR ‘DigiLetClass - Digitizing letters of Classense Library’
http://www.wikidata.org/entity/Q135102879,Louis-Sébastien Mercier e il potere dei libri nell’utopia dei Lumi: la biblioteca in L’An 2440
http://www.wikidata.org/entity/Q111582712,Studiare il ricordo. Tiberio e la memoria della repubblica
http://www.wikidata.org/entity/Q103948932,Leggere all’università: studiare e fare ricerca su carta e in digitale
http://www.wikidata.org/entity/Q103948970,"Bill, Biblioteca della legalità: “parole, figure, libri” per narrare alle ragazze e ai ragazzi “responsabilità, diritto, giustizia, dignità”"
http://www.wikidata.org/entity/Q103948977,"L’importanza della lettura profonda. Che cosa servirà alla prossima generazione per leggere in modo riflessivo, sia su carta che online?"
http://www.wikidata.org/entity/Q103949008,Lo sviluppo documentario delle biblioteche universitarie francesi e le politiche nazionali per la ricerca
http://www.wikidata.org/entity/Q103949017,Recensire libri per gli utenti: il caso della Biblioteca civica Bonetta di Pavia
http://www.wikidata.org/entity/Q103949027,Getting smarter together: esempi e buone pratiche di partecipazione in biblioteca
http://www.wikidata.org/entity/Q103949183,Le parole delle biblioteche: un repertorio delle ricerche qualitative sulle biblioteche italiane
http://www.wikidata.org/entity/Q103948941,"Le biblioteche di ricerca tedesche e l’acquisizione delle risorse elettroniche: strategie, progetti e business model"
http://www.wikidata.org/entity/Q103948950,Educare all’uso critico dei documenti come condizione per la libertà intellettuale
http://www.wikidata.org/entity/Q103948958,"Dagli utenti ai dati, dai dati agli utenti"
http://www.wikidata.org/entity/Q103948968,Analizzare per innovare: uno studio sull’usabilità dei cataloghi Discovery NG con strumenti di web analytics
http://www.wikidata.org/entity/Q103948964,"Passato e presente della biblioteconomia comparata: scopi, approcci, ricerche"
http://www.wikidata.org/entity/Q103949118,Noterelle su Ranganathan. Leggendo Bianchini
http://www.wikidata.org/entity/Q103948962,Il reference invisibile La ‘fotografia sociale’ come traccia per la storia delle biblioteche
http://www.wikidata.org/entity/Q103948975,Pubblici della biblioteca e diversificazione dell’offerta culturale. Spunti progettuali per il servizio bibliotecario
http://www.wikidata.org/entity/Q103949130,"Biblioteche in Europa, biblioteche d'Europa."
http://www.wikidata.org/entity/Q103949143,Generazione streaming: sui comportamenti culturali dei giovani
http://www.wikidata.org/entity/Q103949137,"Una sconosciuta edizione delle ""Epistole e vangeli"" del Nannini conservata a Gerusalemme"
http://www.wikidata.org/entity/Q103949150,"Una mirada italiana a la colaboración científica europea en Biblioteconomía, Información y Documentación (2010-2014)"
http://www.wikidata.org/entity/Q103949167,Il copyright nel dibattito bibliotecario europeo
http://www.wikidata.org/entity/Q103949170,"La revisione del patrimonio in un ottica di rete: principi, modalità, magazzini condivisi"
http://www.wikidata.org/entity/Q103949176,"«#BiblioVerifica», il blog a supporto del cittadino fact-checker"
http://www.wikidata.org/entity/Q103949200,It depends
http://www.wikidata.org/entity/Q103948995,Le attività di IFLA-FAIFE negli ultimi anni: contributo al rafforzamento del ruolo delle biblioteche per la libertà di informazione e di espressione
http://www.wikidata.org/entity/Q103949024,Per un critica del concetto di modello in biblioteconomia
http://www.wikidata.org/entity/Q103948955,"I diritti della biblioteca reloaded. Accesso alla conoscenza, proprietà intellettuale e nuovi servizi sette anni dopo il convegno del 2008"
http://www.wikidata.org/entity/Q103949012,Lo sviluppo delle collezioni tra bibliometria e nuovi scenari dell'editoria scientifica
http://www.wikidata.org/entity/Q103949103,Comunicare il patrimonio: riflessioni sulle potenzialità dei social media per le biblioteche di conservazione
http://www.wikidata.org/entity/Q103949098,Valutazione dei costi delle attività delle biblioteche di un Sistema bibliotecario di ateneo: metodologia e finalità
http://www.wikidata.org/entity/Q103949123,Un passato per il futuro: trent’anni di SBN
http://www.wikidata.org/entity/Q103949187,Le biblioteche pubbliche nella rendicontazione sociale degli Enti locali
http://www.wikidata.org/entity/Q103949146,Incipit
http://www.wikidata.org/entity/Q103948951,La biblioteca come ambiente di produzione di risorse educative aperte
http://www.wikidata.org/entity/Q103948989,Discussione: esiste ancora una politica degli acquisti?
http://www.wikidata.org/entity/Q103948999,Leggere nella prima guerra mondiale. Novità per la lettura dei combattenti
http://www.wikidata.org/entity/Q103949113,"La conoscenza come ""bene comune"" e il valore giuridico della persona umana"
http://www.wikidata.org/entity/Q103949156,Il ruolo sociale della biblioteca digitale
http://www.wikidata.org/entity/Q103949190,"La popolazione toscana e le biblioteche comunali. Gli esiti di un'indagine su utenti, servizi, percezione dell'identità"
http://www.wikidata.org/entity/Q103949206,"Misurare, valutare, raccontare le biblioteche italiane oggi, guardando ai 17 obiettivi di sviluppo sostenibile (SDGs)"
http://www.wikidata.org/entity/Q83612194,"La biblioteca è reference. Definizione, modelli, prospettive del servizio di reference"
http://www.wikidata.org/entity/Q103948937,Qualcosa di nuovo sulla lettura. Nuove prospettive di conoscenza con i big data
http://www.wikidata.org/entity/Q103948945,"Forze e tendenze nello sviluppo delle collezioni delle biblioteche accademiche del Ventunesimo secolo tra Big Deal, Approval Plan e DDA"
http://www.wikidata.org/entity/Q103948986,La biblioteca come luogo terzo: con un contributo sugli Idea Store londinesi
http://www.wikidata.org/entity/Q103949004,Saper guardare a un futuro che è già cominciato
http://www.wikidata.org/entity/Q48625754,Information needed: comprendere e anticipare i bisogni informativi al tempo di Wikipedia
http://www.wikidata.org/entity/Q103948981,Professioni e competenze digitali per un mondo che cambia. A margine di un seminario organizzato a Torino
http://www.wikidata.org/entity/Q103949016,Il dovere di contare
http://www.wikidata.org/entity/Q103949093,Dalla Evidence-based Librarianship alla Narrative-based Librarianship. Percorsi di ricerca emergenti in Italia
http://www.wikidata.org/entity/Q103949193,Live chat e natural language processing in sinergia per il miglioramento dei servizi bibliotecari.
http://www.wikidata.org/entity/Q103949391,Chi siamo? La descrizione fisica e logica del documento
http://www.wikidata.org/entity/Q103949397,Due disperse biblioteche d’autore tra Austria e Italia: indagine storico-biografica e spunti metodologici
http://www.wikidata.org/entity/Q103949414,Il valore strategico del servizio di reference
http://www.wikidata.org/entity/Q103949419,La carta delle collezioni tra principi consolidati e nuovi scenari: qualche riflessione
http://www.wikidata.org/entity/Q103949445,Oltre l’accesso: modelli partecipativi di servizio delle biblioteche accademiche
http://www.wikidata.org/entity/Q103949266,Biblioteche e comunicazione scientifica nell’era del web: un dibattito aperto
http://www.wikidata.org/entity/Q103949355,Un passaggio
http://www.wikidata.org/entity/Q103949365,“Qual è il tuo stile di ricerca?” Un’indagine sul comportamento informativo dei laureandi
http://www.wikidata.org/entity/Q103949385,Le forme della lettura
http://www.wikidata.org/entity/Q103949428,«Un istituto che vive nel presente»: qualche interrogativo (e qualche tentativo di risposta) sulla natura e sul ruolo della biblioteca. Intervista a Paolo Traniello
http://www.wikidata.org/entity/Q103949437,"L'utente (il lettore?) tra quantità e qualità: ""buchi neri"" ed esigenze di ricerca"
http://www.wikidata.org/entity/Q103949284,Dalla lettura alla literacy. Come si diventa lettori nel nostro tempo
http://www.wikidata.org/entity/Q103949369,Parlare d’altro. I fatti della biblioteca e la loro interpretazione
http://www.wikidata.org/entity/Q103949402,"Le collezioni delle biblioteche al tempo delle shadow library, dei predatory journal e dei Big Five"
http://www.wikidata.org/entity/Q103949290,La gestione delle risorse elettroniche e il rapporto con l'utenza nell'Università di Napoli Federico II
http://www.wikidata.org/entity/Q103949382,"C’è bisogno di collezioni? Teorie, modelli, pratiche per l'organizzazione di spazi documentari connessi e condivisi"
http://www.wikidata.org/entity/Q103949377,"Scienza aperta, cittadinanza scientifica e terza missione dell’università: il ruolo delle biblioteche accademiche"
http://www.wikidata.org/entity/Q103949443,I servizi di reference in un’ottica di controllo strategico: analisi degli standard di misurazione in funzione di una balanced scorecard
http://www.wikidata.org/entity/Q103949227,"A metà del guado. L’Open Access tra passato, presente e futuro"
http://www.wikidata.org/entity/Q103949237,Dialogando sui modelli
http://www.wikidata.org/entity/Q103949242,Le parole della valutazione: piccolo glossario annotato
http://www.wikidata.org/entity/Q103949258,Bibliometria e discipline bibliografico-biblioteconomiche in Italia: una questione di magnetismo
http://www.wikidata.org/entity/Q103949274,The Bodleian Libraries (University of Oxford): il Programma di ampliamento delle collezioni bibliografiche (2017-2022)
http://www.wikidata.org/entity/Q103949282,Un'antica tradizione per affermare l'accesso aperto: il preprint
http://www.wikidata.org/entity/Q103949351,"Biblioteche accademiche, comunicazione scientifica e valutazione della ricerca: nuovi ruoli e sfide per i bibliotecari delle università"
http://www.wikidata.org/entity/Q103949362,Diritti degli utenti e diritti dei lettori: andata e ritorno
http://www.wikidata.org/entity/Q103949406,Il contributo delle biblioteche alla libertà intellettuale
http://www.wikidata.org/entity/Q103949412,Quale biblioteca per leggere il presente e costruire il futuro insieme ai cittadini?
http://www.wikidata.org/entity/Q103949431,Il futuro delle biblioteche digitali si costruisce dal basso. Intervista a Robert Darnton
http://www.wikidata.org/entity/Q103949465,Canone e canoni: opinioni a confronto
http://www.wikidata.org/entity/Q103949468,Dalla parte dei ricercatori. Biblioteche digitali e marcatura testuale: una nota a partire da due case study
http://www.wikidata.org/entity/Q103949476,Esistono ancora le collezioni?
http://www.wikidata.org/entity/Q103949234,Il vasto panorama della bibliografia archivistica. Una disciplina al confine fra tradizione e innovazione
http://www.wikidata.org/entity/Q103949248,Plan S per un accesso aperto – equo e sostenibile – alla conoscenza
http://www.wikidata.org/entity/Q103949482,"Neutralità della rete, tariffe gratuite e giardini recintati: le difficili scelte della libertà intellettuale"
http://www.wikidata.org/entity/Q103949373,"La biblioteca integrata: nuovi modelli, nuove tecniche, alcune esperienze europee e italiane"
http://www.wikidata.org/entity/Q103949230,"Un primo bilancio, guardando avanti"
http://www.wikidata.org/entity/Q103949360,El acceso a la información como valor ético en bibliotecas
http://www.wikidata.org/entity/Q103949408,Leggere i passaggi: appunti per una teoria della lettura
http://www.wikidata.org/entity/Q103949454,Cultura è cura: la biblioteca biomedica come soggetto attivo nei percorsi di cura del XXI secolo
http://www.wikidata.org/entity/Q103949460,Inclusione e accessibilità semantica nell'architettura bibliotecaria
http://www.wikidata.org/entity/Q103949472,Le biblioteche nella cultura europea contemporanea
http://www.wikidata.org/entity/Q103949219,"Wikipediani, utenti remoti e “operosi” di servizi bibliotecari"
http://www.wikidata.org/entity/Q103949253,Biblioteche: accesso alla conoscenza tra dimensione locale e globale
http://www.wikidata.org/entity/Q103949269,"La Terza missione dell’università: cos’è, come si valuta (con un’appendice sulle biblioteche)"
http://www.wikidata.org/entity/Q103949342,Campo di tensioni
http://www.wikidata.org/entity/Q103949425,«Dobbiamo sempre guardare le cose da angolazioni diverse»
http://www.wikidata.org/entity/Q103949450,Ruolo e valore sociale di una biblioteca pubblica: il caso di Senigallia
http://www.wikidata.org/entity/Q128621605,Il poliglotta cardinale Mezzofanti e i suoi rapporti coi russi a Roma
http://www.wikidata.org/entity/Q128624468,"Ricordo di Luigi De Gregori, romanista"
http://www.wikidata.org/entity/Q128624483,Tre singolari figure di bibliotecari a Roma
http://www.wikidata.org/entity/Q128624478,"Francesco Barberi, bibliotecario romano"
http://www.wikidata.org/entity/Q128624477,"Barbadirame, bibliotecario vaticano: un ricordo del card. Eugène Tisserant"
http://www.wikidata.org/entity/Q135335923,Gaetanina Scano
http://www.wikidata.org/entity/Q135399934,"L'8 giugno 1989: ""Al Salone della Lupa a Montecitorio il giuramento degli archivisti"""
http://www.wikidata.org/entity/Q135409624,Un nuovo archivio romano: l'Archivio storico del Banco di Roma
http://www.wikidata.org/entity/Q136723350,Dov'è finita la Biblioteca del Circolo artistico internazionale?
http://www.wikidata.org/entity/Q104381895,Alla ricerca di audience
http://www.wikidata.org/entity/Q104381891,Corsi di orientamento per studenti universitari
http://www.wikidata.org/entity/Q104381901,Comunicato del CER
http://www.wikidata.org/entity/Q104381898,Processi di riforma
http://www.wikidata.org/entity/Q104381893,A Brozzi un centro Informagiovani per documentare l'attività socio-sanitaria sul territorio Letteratura grigia e disagio giovanile
http://www.wikidata.org/entity/Q104381900,Il convegno SBN a Firenze
http://www.wikidata.org/entity/Q104381896,Quando la qualità è statica
http://www.wikidata.org/entity/Q104381897,Dotazione informatica delle biblioteche comunali toscane
http://www.wikidata.org/entity/Q104381894,La biblioteca del British Institute si rinnova
http://www.wikidata.org/entity/Q104381902,Incontro sui profili professionali e informazione in una prospettiva europea
http://www.wikidata.org/entity/Q104381892,Regione Toscana. Programma attività 1999
http://www.wikidata.org/entity/Q104381899,Incontro AIB-ANAI
http://www.wikidata.org/entity/Q102393258,La Regione Toscana per le biblioteche
http://www.wikidata.org/entity/Q102805155,La biblioteca si fa “social”
http://www.wikidata.org/entity/Q102116015,IFLA Global Vision Project: Barcellona Kick-Off Workshop
http://www.wikidata.org/entity/Q102391509,Lettera del Presidente della Sezione AIB Toscana
http://www.wikidata.org/entity/Q102391845,Editoriale: Cambiamento e scoramento… verso un’AIB che ringiovanisce
http://www.wikidata.org/entity/Q102809224,Perdere il lavoro: come trasformare un problema in un’opportunità
http://www.wikidata.org/entity/Q102822617,Profili della nuova generazione: Cristina Bambini
http://www.wikidata.org/entity/Q102823167,La biblioteca che vorrei a Carrara
http://www.wikidata.org/entity/Q102823781,Rete Indaco: le biblioteche si aprono agli e-book e ai contenuti digitali
http://www.wikidata.org/entity/Q102808536,Eventi in biblioteca
http://www.wikidata.org/entity/Q104213404,Dalla parte della tutela ...
http://www.wikidata.org/entity/Q102393556,In difesa della Biblioteca pubblica di Forte dei Marmi
http://www.wikidata.org/entity/Q102393947,Profili di nuova generazione: Maura Lotti
http://www.wikidata.org/entity/Q102393996,Profili di nuova generazione: Francesca Pisano
http://www.wikidata.org/entity/Q104057116,Intervista a Tommaso Giordano
http://www.wikidata.org/entity/Q102392002,Biblioteche in Toscana: Monitoraggio 2010-2012
http://www.wikidata.org/entity/Q102392363,Parliamo di… Incontro con gli studenti toscani
http://www.wikidata.org/entity/Q102393759,Piattaforme per l’Open Access: un Seminario a Firenze
http://www.wikidata.org/entity/Q102810332,MAB Toscana alla Conferenza Satellite IFLA di Torino
http://www.wikidata.org/entity/Q102821767,L’80. Congresso Ifla nell’esperienza di una volontaria
http://www.wikidata.org/entity/Q104057358,BiblioPride 2012 nelle biblioteche della Rete REDOS
http://www.wikidata.org/entity/Q102115630,A come Advocacy
http://www.wikidata.org/entity/Q102393664,Tirocinio in biblioteca: dal volontariato al Progetto Giovanisì della Regione Toscana
http://www.wikidata.org/entity/Q102802821,A come Advocacy
http://www.wikidata.org/entity/Q102822425,Riflessione dopo il Congresso IFLA
http://www.wikidata.org/entity/Q102392806,Le collezioni digitali del Museo Galileo
http://www.wikidata.org/entity/Q104150703,La biblioteca comunale di Pietrasanta
http://www.wikidata.org/entity/Q104150702,Rivedere la 33/76: il futuro delle biblioteche toscane
http://www.wikidata.org/entity/Q102392285,Giovani e professioni: servizi per lavorare in biblioteca – Riflessioni a margine di un incontro
http://www.wikidata.org/entity/Q102392889,Studenti della Syracuse University in visita alle Biblioteche toscane
http://www.wikidata.org/entity/Q102393180,MediaLibraryOnLine
http://www.wikidata.org/entity/Q102822746,Profili della nuova generazione: Monica Armanetti
http://www.wikidata.org/entity/Q101996668,L'inverno del nostro scontento
http://www.wikidata.org/entity/Q104213403,Lettera aperta al Sindaco di Fiesole
http://www.wikidata.org/entity/Q104150704,Copyright e biblioteche
http://www.wikidata.org/entity/Q104250763,La Regione Toscana non sarà più distributore di Isis
http://www.wikidata.org/entity/Q104250773,Attivo AIB all'Universitaria di Pisa
http://www.wikidata.org/entity/Q104250793,Ministero per i beni culturali: quale decentramento?
http://www.wikidata.org/entity/Q104250752,Comunicazione di massa e produzione editoriale
http://www.wikidata.org/entity/Q104250798,L'AIB incontra l'assessore Cazzola
http://www.wikidata.org/entity/Q104381885,Storia locale a Firenze
http://www.wikidata.org/entity/Q104250756,Biblioteche pubbliche e biblioteche di qualità
http://www.wikidata.org/entity/Q104250778,Prove di qualità totale
http://www.wikidata.org/entity/Q104381859,I tesori della Riccardiana e della Moreniana
http://www.wikidata.org/entity/Q104250758,Due commissioni per un codice
http://www.wikidata.org/entity/Q104250795,Biblioteche toscane nel web
http://www.wikidata.org/entity/Q104250790,E' nata PUBBLICA
http://www.wikidata.org/entity/Q104250786,"il ""gambero rosso"" delle biblioteche toscane"
http://www.wikidata.org/entity/Q104381890,"""Un progetto di biblioteca"" Mostra del modellino ligneo rappresentante la Biblioteca Marucelliana"
http://www.wikidata.org/entity/Q104250766,Alcune note a margine sulla proposta di albo professionale (sintesi)
http://www.wikidata.org/entity/Q104250768,Lettera aperta a Luigi Crocetti
http://www.wikidata.org/entity/Q104250775,Segnali positivi
http://www.wikidata.org/entity/Q104250781,PIC: periodici in catalogo
http://www.wikidata.org/entity/Q104381886,Fonti storiche a Sesto Fiorentino
http://www.wikidata.org/entity/Q104381887,"Subject: ""Siamo in guerra"""
http://www.wikidata.org/entity/Q104381888,Una ricerca in toscana tra delusioni e sorprese
http://www.wikidata.org/entity/Q104250769,Incontri a tema
http://www.wikidata.org/entity/Q104381889,Biblioteca statale di Lucca
http://www.wikidata.org/entity/Q104250761,Associazioni fra documentazione e ricerca
http://www.wikidata.org/entity/Q104250772,Si avvicina il decennale del CID di Prato: quale bilancio?
http://www.wikidata.org/entity/Q104250784,Biblioteche in rete
http://www.wikidata.org/entity/Q104250788,Una risposta (scarsa) a Giulia Visintin
http://www.wikidata.org/entity/Q104382464,La formazione professionale al tempo del Covid-19
http://www.wikidata.org/entity/Q104381905,Associazione italiana biblioteche. Programma di attività 1999
http://www.wikidata.org/entity/Q104382471,“Facimmo ammuina”? Le iniziative delle biblioteche toscane al tempo del Coronavirus
http://www.wikidata.org/entity/Q104382465,Didattica a distanza: strumenti e criticità
http://www.wikidata.org/entity/Q104382468,Regione Toscana: la cultura in soccorso dell’emergenza COVID
http://www.wikidata.org/entity/Q104382460,Wikipedia e la pandemia
http://www.wikidata.org/entity/Q104455507,"Recensione a: David Lankes (2020) Biblioteche innovative in un mondo che cambia, Bibliografica"
http://www.wikidata.org/entity/Q116282238,L'anagrafe delle Biblioteche italiane in Wikidata
http://www.wikidata.org/entity/Q104382459,Biblioteche in sicurezza
http://www.wikidata.org/entity/Q104382473,Biblioteche pubbliche statali fiorentine ai tempi del Coronavirus
http://www.wikidata.org/entity/Q107699770,Che cosa succede?
http://www.wikidata.org/entity/Q104381903,Avvicendamento nell'esecutivo regionale
http://www.wikidata.org/entity/Q104382469,Bibliotecari in quarantena
http://www.wikidata.org/entity/Q124344840,Progettare i progetti
http://www.wikidata.org/entity/Q125451860,Visti da lontano: come ci vedono (e ci giudicano) i bibliotecari stranieri: intervista a Michael Malinconico
http://www.wikidata.org/entity/Q125500024,Imparare a fare a meno dei libri?
http://www.wikidata.org/entity/Q125959522,10 domande ai professori di biblioteconomia
http://www.wikidata.org/entity/Q128308912,Pierluigi Gherardi: un ricordo
http://www.wikidata.org/entity/Q130362547,Un bibliotecario nel francobollo
http://www.wikidata.org/entity/Q131438467,Chi lavora nelle biblioteche di ente locale?
http://www.wikidata.org/entity/Q131459329,Bibliotecari e profili professionali negli atenei toscani
http://www.wikidata.org/entity/Q131459633,"Un'indagine sugli ""atipici"" nelle biblioteche toscane"
http://www.wikidata.org/entity/Q131502873,I nuovi scenari della professione
http://www.wikidata.org/entity/Q131542651,Contratto enti locali: ricompaiono i bibliotecari... (almeno per ora)
http://www.wikidata.org/entity/Q131569299,L'assenza di politica
http://www.wikidata.org/entity/Q131606824,I giovani e il lavoro in biblioteca: un'indagine nelle biblioteche toscane
http://www.wikidata.org/entity/Q131606924,Riconosciuto il tirocinio formativo: un'occasione per le biblioteche
http://www.wikidata.org/entity/Q131607096,La presenza dei giovani in biblioteca: quali garanzie per il futuro?: al via una rilevazione negli istituti toscani
http://www.wikidata.org/entity/Q131682430,Bibliotecari e carriera
http://www.wikidata.org/entity/Q131781759,Bilancio alla scadenza del mandato
http://www.wikidata.org/entity/Q131781771,Dopo Trieste...
http://www.wikidata.org/entity/Q131781800,Programma politico del nuovo Esecutivo AIB Toscana: testo del documento approvato nell'assemblea di insediamento del CER tenutasi il 24-9-2003
http://www.wikidata.org/entity/Q131920244,Le attività per il 1998: il programma della Sezione Toscana AIB
http://www.wikidata.org/entity/Q131931300,Fra interrogativi e spirito di servizio
http://www.wikidata.org/entity/Q131932378,Fasi alterne
http://www.wikidata.org/entity/Q131932403,La presenza del CER toscano al 43° Congresso nazionale [dell'AIB]
http://www.wikidata.org/entity/Q131932443,Confessioni di un neopresidente
http://www.wikidata.org/entity/Q132126758,"Un disagio, una preoccupazione"
http://www.wikidata.org/entity/Q132127027,"Biblioteche, eventi e... campanili"
http://www.wikidata.org/entity/Q132127041,I motivi di una sconfitta e i compiti che ci aspettano: una riflessione dal presidente toscano uscente
http://www.wikidata.org/entity/Q132127110,Rinnovamento e flessibilità
http://www.wikidata.org/entity/Q132127212,Stati generali del Colap a Roma: un primo passo per il riconoscimento professionale dei bibliotecari
http://www.wikidata.org/entity/Q132127224,"Un bilancio, un impegno"
http://www.wikidata.org/entity/Q132130690,"Un disagio, un impegno"
http://www.wikidata.org/entity/Q132130847,Il Colap in Toscana
http://www.wikidata.org/entity/Q132131051,Un'associazione per contare di più
http://www.wikidata.org/entity/Q133263063,"È nato il ""Notiziario bibliografico toscano"": un nuovo strumento di valorizzazione dell'editoria locale"
http://www.wikidata.org/entity/Q104382457,Autori
http://www.wikidata.org/entity/Q136379142,"La nuova Biblioteca di scienze sociali: il più grande intervento di edilizia bibliotecaria a Firenze, dalla costruzione della Nazionale"
http://www.wikidata.org/entity/Q136456962,"L'Università di Firenze partecipa a un progetto europeo del programma ""Telematics for libraries"": Euler: accesso integrato a risorse eterogenee di matematica usando una comune descrizione in Dublin core"
http://www.wikidata.org/entity/Q136461995,Zelig: il camaleontico bibliotecario dell'università
http://www.wikidata.org/entity/Q136462742,Biblioteche e perimetro bibliografico
http://www.wikidata.org/entity/Q136678881,La Biblioteca della Scuola normale superiore di Pisa
http://www.wikidata.org/entity/Q104382462,Se lei dovesse scegliere: librerie e libertà al tempo del Coronavirus
http://www.wikidata.org/entity/Q104382467,L’esperienza del coordinamento regionale DigiToscana MLOL ai tempi del Coronavirus
http://www.wikidata.org/entity/Q104382466,"Nuovi concetti, nuovi termini ai tempi del Coronavirus"
http://www.wikidata.org/entity/Q104382475,Esternalizzazioni ai tempi del Coronavirus
http://www.wikidata.org/entity/Q104382463,Un’alluvione di cultura ci salverà?
http://www.wikidata.org/entity/Q104382472,Organizzare l'emergenza all'Università di Firenze
http://www.wikidata.org/entity/Q104381904,E' primavera
http://www.wikidata.org/entity/Q104382458,Come cambiano nel mondo i servizi delle biblioteche per il Coronavirus
http://www.wikidata.org/entity/Q104382470,Una lezione da imparare
http://www.wikidata.org/entity/Q70982360,"Il fondo Gioacchino Volpe. Rileggendo ""Ottobre 1917. Dall'Isonzo al Piave"""
http://www.wikidata.org/entity/Q118971301,Contadine e politica nel ventennio La Sezione Massaie rurali dei Fasci femminili
http://www.wikidata.org/entity/Q126341263,<i>Inscriptiones Graecae</i> Between Present and Future
http://www.wikidata.org/entity/Q126342482,Collezioni di calchi epigrafici: una nuova risorsa digitale
http://www.wikidata.org/entity/Q126343950,Per una prosopografia dei sacerdoti e delle sacerdotesse ateniesi in età imperiale: note preliminari
http://www.wikidata.org/entity/Q126346475,Il culto del fondatore nella documentazione epigrafica
http://www.wikidata.org/entity/Q126346523,"AIEGL e SAEG: non solo acronimi, ma punti di partenza"
http://www.wikidata.org/entity/Q126348372,GEI. Greek Economic Inscriptions (online)
http://www.wikidata.org/entity/Q126348559,Le fortificazioni ateniesi nell’età classica: note su alcuni <i>horoi</i> di interpretazione incerta
http://www.wikidata.org/entity/Q126348563,Epigrafi bilingui a Roma
http://www.wikidata.org/entity/Q126348561,Il paesaggio epigrafico di Atene: iscrizioni pubbliche e spazio urbano nell’Atene ellenistica
http://www.wikidata.org/entity/Q126348582,Regolamento doganale di Cauno (B10-C1)
http://www.wikidata.org/entity/Q126349087,Acqua nella valle del Lico (Hierapolis di Frigia e Laodicea)
http://www.wikidata.org/entity/Q126349115,PCR Aleria: aspetti epigrafici
http://www.wikidata.org/entity/Q126349181,<i>CEG</i> online: presentazione del progetto e stato dei lavori
http://www.wikidata.org/entity/Q126349443,"Esclusioni etniche nei regolamenti cultuali greci: la norma di Paros (<i>IG</i> XII 5, 225)"
http://www.wikidata.org/entity/Q126349861,L’attività agonistica di attori e musicisti nelle iscrizioni greche del I e II secolo d.C.
http://www.wikidata.org/entity/Q126349863,Su due<i>kitharodoi</i>di Kos
http://www.wikidata.org/entity/Q126349864,Aspetti economici di un nuovo calendario sacrificale arcade del V secolo a.C.
http://www.wikidata.org/entity/Q126349975,À propos de <i>Collezioni epigrafiche della Grecia occidentale</i>
http://www.wikidata.org/entity/Q126350016,<i>Ostraka </i>e iscrizioni su ceramica da Efeso tardo-antica
http://www.wikidata.org/entity/Q126350572,Μηδὲν (ὑπ)εναντίον πράττειν: uno slogan della diplomazia filoromana dopo Pidna?
http://www.wikidata.org/entity/Q126353288,"Le pietre e le migrazioni: <i>Mare Nostrum</i>, un progetto scolastico"
http://www.wikidata.org/entity/Q126353330,Una lettera di Filippo V agli Ateniesi di Efestia (Lemno)
http://www.wikidata.org/entity/Q126353715,Two Notes on the Collection of Greek Ritual Norms
http://www.wikidata.org/entity/Q135225002,"L'informatica in biblioteca, il libro in mediateca: conflitti o integrazioni?"
http://www.wikidata.org/entity/Q135399271,"Un equilibrio difficile: riservatezza, conservazione della memoria e ricerca storica"
http://www.wikidata.org/entity/Q114674485,"Ripensare il Novecento, e le sue idee politiche"
http://www.wikidata.org/entity/Q133757004,Tra bibliografia e teatro: la Scena letteraria di Donato Calvi
http://www.wikidata.org/entity/Q111582491,Polibio dinanzi al testo di Tucidide
http://www.wikidata.org/entity/Q124332313,[Lettera]
http://www.wikidata.org/entity/Q124332319,"Diego Maltese, socio d'onore"
http://www.wikidata.org/entity/Q124343585,Politica editoriale
http://www.wikidata.org/entity/Q124343682,Verso Chioggia
http://www.wikidata.org/entity/Q124344925,[È una strana crisi]
http://www.wikidata.org/entity/Q136461768,"Le biblioteche dei ""five-colleges"" in Massachusetts"
http://www.wikidata.org/entity/Q106696225,MediaLibrary Online all’Università di Genova: i primi risultati di un progetto del Sistema Bibliotecario
http://www.wikidata.org/entity/Q133040646,La nuova BNI
http://www.wikidata.org/entity/Q109659843,Tipografe in Italia: appunti a margine di un seminario di Apice
http://www.wikidata.org/entity/Q124745218,Vecchi ferri del mestiere: per una storia della manualistica delle scienze librarie
http://www.wikidata.org/entity/Q125499879,Bibliotecari e (privata) lettura
http://www.wikidata.org/entity/Q126034721,Un anno di formazione professionale
http://www.wikidata.org/entity/Q126181037,Un corso per bibliotecari e una banca dati per ragazzi: Biblio e Liber
http://www.wikidata.org/entity/Q128305871,Antonio Tamburini e i cataloghi dell'Universitaria: nona Settimana dei beni culturali
http://www.wikidata.org/entity/Q128694022,Ricordo di Paola Berruti Levi
http://www.wikidata.org/entity/Q128694070,Rievocate le figure di Emilia e Giuseppe Rensi: alla Biblioteca universitaria di Genova con la partecipazione di eminenti studiosi
http://www.wikidata.org/entity/Q128694069,Ricordo di Emilia Rensi / M. R. F
http://www.wikidata.org/entity/Q129813340,La Sezione in assemblea
http://www.wikidata.org/entity/Q129813537,Tre anni di AIB in Liguria
http://www.wikidata.org/entity/Q129817115,La Sezione ligure: un bilancio
http://www.wikidata.org/entity/Q131437313,Bibliotecario: una professione
http://www.wikidata.org/entity/Q131437355,L'albo professionale è una realtà: approvato dall'assemblea congressuale di Genova
http://www.wikidata.org/entity/Q131438401,Un messaggio su cui i bibliotecari devono riflettere
http://www.wikidata.org/entity/Q131460432,Perché l'albo dei bibliotecari
http://www.wikidata.org/entity/Q131542665,L'osservatorio sui problemi del lavoro in biblioteca: presentato da Fausto Rosa nell'incontro con i soci liguri
http://www.wikidata.org/entity/Q131598024,La professione nei convegni d'autunno
http://www.wikidata.org/entity/Q131606988,Sul progetto interregionale di lavori socialmente utili
http://www.wikidata.org/entity/Q131869272,Saluto del Presidente e programma delle attività
http://www.wikidata.org/entity/Q131919105,La riunione di fine anno della Sezione Liguria
http://www.wikidata.org/entity/Q131919250,La Spezia: progetti e prospettive dell'AIB ligure
http://www.wikidata.org/entity/Q131919303,1994: un anno AIB
http://www.wikidata.org/entity/Q131931065,Un'AIB genovocentrica?: riflessioni e proposte
http://www.wikidata.org/entity/Q131932551,Con la presentazione del libro di Traniello il tradizionale incontro di fine anno: a Palazzo Spinola
http://www.wikidata.org/entity/Q131932568,Conversazione di Alberto Petrucciani all'assemblea dei soci liguri: albo professionale
http://www.wikidata.org/entity/Q131932589,Notizie dal CER
http://www.wikidata.org/entity/Q132130704,Addio vecchio anno e benvenuto 2000!: il saluto e l'augurio del nostro presidente regionale
http://www.wikidata.org/entity/Q132130719,Benvenuti a Genova!: XLIV Congresso nazionale dell'Associazione italiana biblioteche: il saluto ai congressisti del Presidente della Sezione ligure
http://www.wikidata.org/entity/Q132130797,Il giorno dopo: XLIV Congresso nazionale dell'Associazione italiana biblioteche: il giudizio del presidente della Sezione ligure
http://www.wikidata.org/entity/Q132130803,La Sezione ligure: linee guida per un triennio
http://www.wikidata.org/entity/Q132130834,Tre anni di CER: un bilancio: al termine del suo mandato il saluto di commiato del nostro Presidente regionale
http://www.wikidata.org/entity/Q132130942,Soci AIB-Liguria: quanti e dove
http://www.wikidata.org/entity/Q132167890,Notizie dal CER [della Sezione ligure dell'Associazione italiana biblioteche]
http://www.wikidata.org/entity/Q132167909,Notizie dal CER [della Sezione ligure dell'Associazione italiana biblioteche]
http://www.wikidata.org/entity/Q132168073,AIB-Liguria Web
http://www.wikidata.org/entity/Q132540602,Una bibliografia per la Liguria
http://www.wikidata.org/entity/Q133256774,L'800 italiano in libreria... ma con qualche problema
http://www.wikidata.org/entity/Q133256793,Vite di liguri illustri
http://www.wikidata.org/entity/Q133258081,Guide bibliografiche: come non farle
http://www.wikidata.org/entity/Q133258102,Le biblioteche nell'Enciclopedia
http://www.wikidata.org/entity/Q134875686,"XVIII Rassegna regionale ""Libri di Liguria"": Peagna 1999"
http://www.wikidata.org/entity/Q134963650,"Parole in tasca: divagazioni librarie da una mostra del tascabile: Castello di Belgioioso, 23-25 aprile 1994"
http://www.wikidata.org/entity/Q135103335,Genova best-seller
http://www.wikidata.org/entity/Q135233359,Il sito Internet della Bibliocreatività: uno strumento di comunicazione per i bibliotecari
http://www.wikidata.org/entity/Q135233466,La biblioteca rovesciata: la gestione dei servizi bibliotecari alle soglie del terzo millennio: il seminario di Gabriele Mazzitelli
http://www.wikidata.org/entity/Q135267481,Libri di Liguria a Peagna
http://www.wikidata.org/entity/Q135271036,La scomparsa di Giorgio Costamagna: grave lutto per la cultura italiana
http://www.wikidata.org/entity/Q136184307,Girando tra gli stand di Francoforte
http://www.wikidata.org/entity/Q136505174,Le strategie di informazione all'utenza del CSBG P. E. Bensa
http://www.wikidata.org/entity/Q136669593,Il CSB giuridico P. E. Bensa
http://www.wikidata.org/entity/Q136728621,A cosa mi serve la e-mail?
http://www.wikidata.org/entity/Q136760229,Frasi brillanti: la posta in tasca: short messages
http://www.wikidata.org/entity/Q137195917,Il diritto di stampa a Savona
http://www.wikidata.org/entity/Q137324314,Dona donati un libro: importante iniziativa spezzina per arricchire il patrimonio librario delle biblioteche civiche
http://www.wikidata.org/entity/Q109659838,"Di femminismi, di pluralità e di archivi e biblioteche di donne"
http://www.wikidata.org/entity/Q128306153,Profilo ed eredità bibliografica di Giuseppe Valentinelli
http://www.wikidata.org/entity/Q128588041,Il carteggio tra Ottilie von Goethe e Giuseppe Valentinelli
http://www.wikidata.org/entity/Q128591413,"Bontempelli a Dazzi, Bontempelli a Venezia"
http://www.wikidata.org/entity/Q130401947,"Ricordo di Mario Favaretto (Venezia, Biblioteca nazionale marciana, 9.XII.1982)"
http://www.wikidata.org/entity/Q109622637,Ci sono le donne nella storia del libro? Produzione e circolazione del libro fra le donne alla fine del Medioevo
http://www.wikidata.org/entity/Q111522931,Nuovi documenti sulla presenza dell’Opera di Santa Maria di Pisa a Cagliari in epoca catalano-aragonese
http://www.wikidata.org/entity/Q115534356,Policy integration in practice: evidence from anti-poverty policy in Italy
http://www.wikidata.org/entity/Q115534992,Le carriere lavorative dei percettori del Reddito d’inclusione prima dell’accesso alla policy. Tra working poor e rischio di povertà assoluta
http://www.wikidata.org/entity/Q113485970,Le strategie europee
http://www.wikidata.org/entity/Q115536188,Social work education e valutazione delle politiche pubbliche. Ambiti di ricerca e di azione per migliorare la pratica professionale del lavoro sociale
http://www.wikidata.org/entity/Q115536223,"Reclutamento docenti, pluralismo educativo e ruolo dei dottori di ricerca nella scuola secondaria. Alcune riflessioni sul tema"
http://www.wikidata.org/entity/Q115533638,L’implementazione del RdC tra il dire e il fare: le sfide per una governance integrata
http://www.wikidata.org/entity/Q115535068,La sentenza della Consulta sul Reddito di cittadinanza. Alcune osservazioni critiche alla luce delle rilevanti fonti di rango sovranazionale
http://www.wikidata.org/entity/Q113643582,"Rischi per la sicurezza, rischi della sicurezza. Le paure nel vortice della crisi della modernità"
http://www.wikidata.org/entity/Q115534269,Lezioni da una politica attiva co-progettata per disoccupati fragili
http://www.wikidata.org/entity/Q115534903,L’accesso al Reddito di cittadinanza dei cittadini stranieri: criticità e proposte di riforma
http://www.wikidata.org/entity/Q113643658,Democrazia e sicurezza. Appunti nel corso di una pandemia
http://www.wikidata.org/entity/Q117032180,"Le tante crisi e le PMI italiane. Dinamiche, trasformazioni e politiche pubbliche"
http://www.wikidata.org/entity/Q117032732,I profili strategici delle microimprese italiane: vincoli dimensionali e potenzialità di sviluppo
http://www.wikidata.org/entity/Q117033064,"Contratto di rete e codatorialità: il lavoro come fattore di aggregazione e crescita delle medie, piccole e microimprese"
http://www.wikidata.org/entity/Q117033227,Is excessive public procurement a brake on firms' innovative output? An analysis applied to the Italian context
http://www.wikidata.org/entity/Q117033440,SMEs and Circular Economy drivers: empirical evidence from Italy
http://www.wikidata.org/entity/Q117034524,Productivity and wage effects of the Iso9001 certification for leader and laggard companies in Italy
http://www.wikidata.org/entity/Q117034594,Determinants and wage effects of overeducation in Italy. A comparison of five indicators of educational mismatch
http://www.wikidata.org/entity/Q115901296,A Review and Update of Bubble Column Evaporator Processes
http://www.wikidata.org/entity/Q111732265,Ricordo di Oscar Mischiati
http://www.wikidata.org/entity/Q111747613,Filologia e interpretazione. Un esercizio interdisciplinare su una chace e due cacce trecentesche
http://www.wikidata.org/entity/Q111758777,Counterpoint in the fingers. A Practical approach to Girolamo Diruta’s Breve & Facile Regola di Contrappunto
http://www.wikidata.org/entity/Q111732248,Gioie organistiche della Spagna
http://www.wikidata.org/entity/Q111758893,"""Rethinking Counterpoint through Improvisation A Multidisciplinary Conversation with Edoardo Bellotti, Michele Chiaramida, Michael Dodds, Andreas Schiltknecht, Peter Schubert, and Nicola Straffelini"""
http://www.wikidata.org/entity/Q111732055,"Strutture, simboli grafici e riferimenti organologici nell’evoluzione della scala musicale medioevale"
http://www.wikidata.org/entity/Q111782051,La musica a Cremona all’epoca di Monteverdi
http://www.wikidata.org/entity/Q111284671,Gli interventi di contrasto alla crisi socio-economica provocata dalla pandemia di Covid-19: una possibile lettura di genere
http://www.wikidata.org/entity/Q111317641,Digital oddities: technological change and cultural elaboration
http://www.wikidata.org/entity/Q111333696,The effect of routine-biased technical change on wage inequality
http://www.wikidata.org/entity/Q111340032,"Scuole chiuse, classi aperte. Il lavoro degli insegnanti e dei docenti al tempo della didattica a distanza"
http://www.wikidata.org/entity/Q111342753,Youth employment trajectories and labour market reforms during the Great Recession in Europe
http://www.wikidata.org/entity/Q112652180,La sfida della misurazione degli effetti causali di un intervento
http://www.wikidata.org/entity/Q112913794,Due navi che si incrociano nella notte. Pratica e accademia nella gestione pubblica: sempre su binari paralleli?
http://www.wikidata.org/entity/Q113376157,Competenze e differenze di genere. Dalle evidenze empiriche ad una nuova chiave di lettura
http://www.wikidata.org/entity/Q113470241,Innovazione e distribuzione del lavoro nelle imprese italiane
http://www.wikidata.org/entity/Q113485018,Uno sguardo sulla Pubblica amministrazione
http://www.wikidata.org/entity/Q113485957,La Naspi e le politiche attive del lavoro. La platea potenziale e la non platea dell’Assegno di ricollocazione
http://www.wikidata.org/entity/Q111235775,Upgrading Italy's Industrial Capacity: Industry 4.0 across Regions and Sectors
http://www.wikidata.org/entity/Q111283250,La literacy matematica nella scuola italiana. Differenze di genere e implicazioni per il lavoro
http://www.wikidata.org/entity/Q111576588,Digital and algorithmic technology: the impact on employment and the workforce
http://www.wikidata.org/entity/Q111577180,Riding the Wave 4.0. Understanding and tackling the technological revolution
http://www.wikidata.org/entity/Q112116606,Lavoro pubblico e trasformazione digitale
http://www.wikidata.org/entity/Q112650918,"Un anno di Reddito di inclusione. Target, beneficiari e distribuzione delle risorse"
http://www.wikidata.org/entity/Q112672921,L’integrazione tra servizi nelle misure di contrasto alla povertà. Teoria e pratica di un concetto complesso
http://www.wikidata.org/entity/Q113101630,"L'intrigo del decidere. Scienza, politica, diritto ai tempi del Covid-19, una prospettiva costituzionale"
http://www.wikidata.org/entity/Q113101741,Imparare dall’emergenza. L’impatto della pandemia sui servizi per le persone senza dimora in Italia
http://www.wikidata.org/entity/Q113383293,Evoluzione della normativa sulla trasparenza
http://www.wikidata.org/entity/Q113435232,La valutazione delle politiche pubbliche: il contributo informativo degli approcci orientati alla teoria
http://www.wikidata.org/entity/Q113437122,Gig Economy and Market Design. Why to regulate the market of jobs carried out through digital platforms
http://www.wikidata.org/entity/Q113470152,Come si diventa imprenditrici in Italia
http://www.wikidata.org/entity/Q111248680,Shelter from the storm: crisi e welfare in Italia negli anni Duemila
http://www.wikidata.org/entity/Q111577696,Il quadro del sistema italiano di istruzione e formazione
http://www.wikidata.org/entity/Q111963613,Overeducation of tertiary education graduates in Slovakia: relationship with the field of study
http://www.wikidata.org/entity/Q113101849,I livelli essenziali alla prova dell’attuazione delle misure di contrasto alla povertà
http://www.wikidata.org/entity/Q113334738,Scienze sociali computazionali e policy innovation. Nuove frontiere nell’elaborazione delle politiche pubbliche
http://www.wikidata.org/entity/Q113383218,Web data mining e costruzione di profili professionali. Il Business analyst nelle inserzioni di lavoro online
http://www.wikidata.org/entity/Q113402360,Le politiche di contrasto alla povertà
http://www.wikidata.org/entity/Q113485151,Sicurezza sul lavoro nella PA nell’emergenza da Covid-19
http://www.wikidata.org/entity/Q111088376,L’apprendistato in Italia: una misura di politica attiva ancora poco valorizzata
http://www.wikidata.org/entity/Q111244430,Is remote working here to stay? Lessons and ideas for a post-pandemic future
http://www.wikidata.org/entity/Q111281871,"Working from home, caratteristiche dei lavoratori e salari: evidenze dai dati amministrativi"
http://www.wikidata.org/entity/Q111283475,Short-time work in Germany. Employment bridge in the coronavirus crisis
http://www.wikidata.org/entity/Q111596675,Il divario (in)colmabile? Le differenze negli apprendimenti degli studenti fra Nord e Sud Italia
http://www.wikidata.org/entity/Q112116478,"Dirigenza pubblica, un profilo"
http://www.wikidata.org/entity/Q112673173,Le politiche di reddito minimo in Europa: un cambio paradigmatico verso una nuova convergenza?
http://www.wikidata.org/entity/Q113101914,La condizione dei braccianti agricoli di origine straniera. Tra criticità strutturali e azioni di contrasto allo sfruttamento lavorativo
http://www.wikidata.org/entity/Q113375815,La riforma del Terzo settore e il Registro unico nazionale. Elementi per una proposta
http://www.wikidata.org/entity/Q113382868,Lavorare in carcere. Verso un modello di presa in carico dei detenuti
http://www.wikidata.org/entity/Q113383318,Verso un nuovo modello sociale europeo in risposta alle disuguaglianze che avanzano
http://www.wikidata.org/entity/Q113437039,"Questa volta è diverso? Mercati, lavoro e istituzioni nell’economia digitalizzata"
http://www.wikidata.org/entity/Q113469465,Il ruolo delle microsimulazioni per l’analisi delle politiche
http://www.wikidata.org/entity/Q111595862,ll lavoro online in Italia: Gig o Sharing economy?
http://www.wikidata.org/entity/Q112913735,Gli indicatori di benessere nella programmazione economica in Italia. Un esempio virtuoso di sinergia tra ricerca e policy making
http://www.wikidata.org/entity/Q113376086,Atlante lavoro. Un modello a supporto delle politiche dell’occupazione e dell’apprendimento permanente
http://www.wikidata.org/entity/Q113383097,Professioni nell’ICT. Evidenze e prospettive
http://www.wikidata.org/entity/Q113435137,"Lavoro temporaneo, scioperi, investimenti e competitività: il ruolo della contrattazione in deroga al CCNL"
http://www.wikidata.org/entity/Q111658930,Le politiche innovative di sicurezza nelle città tra tecnologie di riconoscimento e smart cities
http://www.wikidata.org/entity/Q112894265,Conceptualisation and measurement of health
http://www.wikidata.org/entity/Q113331815,"Il ruolo sociale dell’educazione economica. Evidenze, strumenti e tutele"
http://www.wikidata.org/entity/Q113334524,Incentivi al lavoro permanente e contratto a tutele crescenti. Una stima dell’impatto sulle nuove assunzioni nel 2015
http://www.wikidata.org/entity/Q113374946,Dal telework allo smartwork. Destrutturazione del lavoro attraverso la flessibilità normativa multilivello
http://www.wikidata.org/entity/Q113383238,La lotta alla dispersione formativa in ambito europeo. Le esperienze di Germania e Spagna
http://www.wikidata.org/entity/Q113402027,Le politiche del lavoro
http://www.wikidata.org/entity/Q113435090,I Fondi interprofessionali nella strategia d’impresa
http://www.wikidata.org/entity/Q113436974,Incentivi al lavoro a tempo indeterminato e contratto a tutele crescenti. Una stima dell’impatto sulle nuove assunzioni nel 2015 e nel 2016
http://www.wikidata.org/entity/Q113470106,Mobilita internazionale e condizione occupazionale dei laureati italiani
http://www.wikidata.org/entity/Q113470395,Reddito di cittadinanza e disponibilità a trasferirsi per lavoro
http://www.wikidata.org/entity/Q111282815,"Recovery 4.0. Ageing labour markets, digitalization of the economy and Covid-19"
http://www.wikidata.org/entity/Q111963092,DAD e inclusione. Uno studio di caso durante l’emergenza sanitaria da Covid-19
http://www.wikidata.org/entity/Q112054439,Miseria delle politiche del pubblico impiego in Italia
http://www.wikidata.org/entity/Q112072975,Le logiche sindacali di azione nel pubblico impiego in tempi di crisi e riforme
http://www.wikidata.org/entity/Q112073050,Contrattazione collettiva nel lavoro pubblico e concertazione sociale. Stato dell’arte e prospettive
http://www.wikidata.org/entity/Q112651011,Le misure di contrasto alla povertà in Puglia: tra Reddito di Dignità e Reddito di Inclusione
http://www.wikidata.org/entity/Q112673120,"Il buono, il brutto e il cattivo. Rappresentazioni e forme di ‘regolazione dei poveri’ nelle misure di sostegno al reddito"
http://www.wikidata.org/entity/Q113333289,Genitorialità e work life balance. Non solo questioni di genere
http://www.wikidata.org/entity/Q113436807,La salute come una merce. Dalle strategie europee alla realtà campana
http://www.wikidata.org/entity/Q111163090,I lavoratori delle piattaforme digitali in Europa: un’analisi empirica
http://www.wikidata.org/entity/Q111191307,"Who rises and who drops? New technologies, workers, and skills. The case of a developed region"
http://www.wikidata.org/entity/Q111232946,Behind the Italian regional divide: an Economic Fitness and Complexity perspective
http://www.wikidata.org/entity/Q111248972,L’Impatto della laurea magistrale sui redditi da lavoro
http://www.wikidata.org/entity/Q111333860,Territori ed ecosistemi di innovazione per la transizione 4.0. Una comparazione internazionale sulla diffusione e il posizionamento dei Digital Innovation Hub
http://www.wikidata.org/entity/Q111339952,Istruzione e mobilità intergenerazionale: un’analisi dei dati italiani
http://www.wikidata.org/entity/Q111577447,Il ‘valore aggiunto’ della scuola: problemi di misurazione e risultati
http://www.wikidata.org/entity/Q111673977,Le politiche di sicurezza urbana in Italia: lo stato dell’arte e i nodi irrisolti
http://www.wikidata.org/entity/Q112672997,Valenze della qualità del lavoro nel non profit
http://www.wikidata.org/entity/Q113436725,Perché gli Stati moderni valutano politiche e organizzazioni pubbliche?
http://www.wikidata.org/entity/Q113485313,La disciplina della mobilità nel lavoro pubblico. Una storia di politiche e strumenti discontinui
http://www.wikidata.org/entity/Q113485704,Differenziali salariali fra occupati laureati con contratto a tempo determinato e indeterminato. Una misura dell’effetto contratto
http://www.wikidata.org/entity/Q134822033,Meno classi e sempre più vuote. L’impatto della crisi demografica sul sistema scolastico
http://www.wikidata.org/entity/Q134822634,La sfida dei cambiamenti demografici: scenari e confronti internazionali
http://www.wikidata.org/entity/Q134822870,Il declino demografico italiano e le sue ripercussioni sugli equilibri geopolitici mondiali
http://www.wikidata.org/entity/Q134963409,Decrescita demografica e politiche familiari
http://www.wikidata.org/entity/Q134963419,"Migrazioni internazionali, dinamica demografica e giovani generazioni nel contesto italiano"
http://www.wikidata.org/entity/Q135180935,Conseguenze della transizione demografica sulle politiche di age management in Italia e possibili scelte di policy
http://www.wikidata.org/entity/Q135180964,"Invecchiamento, fragilità e crescente fabbisogno sul fronte dei servizi sanitari"
http://www.wikidata.org/entity/Q135181011,La geografia del malessere demografico
http://www.wikidata.org/entity/Q135181035,L’impatto della transizione demografica sul mondo del lavoro
http://www.wikidata.org/entity/Q135181072,Considerazioni su declino demografico globale e sviluppo economico dell’Italia
http://www.wikidata.org/entity/Q135181110,Misurare le competenze Gli studenti con background migratorio e le prove standardizzate
http://www.wikidata.org/entity/Q136657990,"L’Intelligenza artificiale: soluzione, sistema o istituzione?"
http://www.wikidata.org/entity/Q136658092,L’Intelligenza artificiale generativa sta ridefinendo una nuova era per la ricerca accademica?
http://www.wikidata.org/entity/Q136658118,La progettazione sociale e la sfida dell’Intelligenza artificiale
http://www.wikidata.org/entity/Q136658143,Intelligenza vs. opacità istituzionale. La comunicazione pubblica alla sfida dell’Intelligenza artificiale generativa nell’Unione europea
http://www.wikidata.org/entity/Q136658175,An examination of fundamental rights protection in AI governance
http://www.wikidata.org/entity/Q136658306,IA: lo human first e il processo amministrativo
http://www.wikidata.org/entity/Q136658342,Collaborazione uomo-macchina. Implicazioni etico-giuridiche e nuove competenze necessarie
http://www.wikidata.org/entity/Q136658554,Intelligenza artificiale come policy capacity. Sfide e promesse per la Pubblica amministrazione italiana
http://www.wikidata.org/entity/Q136658604,Intelligente e artificiale: una tecnologia organizzativa da regolare
http://www.wikidata.org/entity/Q136665816,Adozione di una metodologia di valutazione di conformità etica di sistemi intelligenti governativi
http://www.wikidata.org/entity/Q136666002,"Banche, finanza e assicurazioni: sfide per i lavoratori e per le politiche pubbliche nell’era dell’Intelligenza artificiale"
http://www.wikidata.org/entity/Q136666236,"Tecnologie IA, imprese e domanda di lavoro"
http://www.wikidata.org/entity/Q136666494,"Determinare il mismatch delle competenze usando la GenAI. Costruzione di un modello su istruzione, formazione e mercato del lavoro in Italia"
http://www.wikidata.org/entity/Q136666796,Mind the gap. L’IA come opportunità di risposta alla domanda di lavoro insoddisfatta in Italia (2024-2033)
http://www.wikidata.org/entity/Q136667091,Invecchiamento della forza lavoro in Italia. Analisi dei cambiamenti strutturali e delle dinamiche intergenerazionali nel mercato del lavoro
http://www.wikidata.org/entity/Q118814003,Il neoliberismo ‘come invenzione della verità’
http://www.wikidata.org/entity/Q118867455,La regolazione del lavoro nelle piccole imprese
http://www.wikidata.org/entity/Q118867779,Training and skills development in SMEs. Analysing the role of support policies and NRRP strategies
http://www.wikidata.org/entity/Q118945524,Patterns of labor market reforms: a regional approach to the Italian ‘Jobs Act’
http://www.wikidata.org/entity/Q119133062,An analysis of NEET youths in EU in a longitudinal perspective
http://www.wikidata.org/entity/Q119137591,"Programma Garanzia Giovani, occupazione e produttività. Evidenze su dati employer-employees"
http://www.wikidata.org/entity/Q119137740,Per un bilancio della Garanzia Giovani. Evidenze dalle valutazioni e sfide di policy
http://www.wikidata.org/entity/Q119138814,L’intermediazione digitale dei trasferimenti monetari. La gestione dei buoni spesa della piattaforma welfareX© durante la pandemia: tra nuovi profili di utenza e feedback non convenzionali
http://www.wikidata.org/entity/Q123172724,Feminization of labor in Italy. A preliminary assessment
http://www.wikidata.org/entity/Q123172848,More than a She recession. Long-term feminization and short-term pandemic effects
http://www.wikidata.org/entity/Q123173029,La questione salariale italiana. Caratteri di lungo periodo e prospettive di risoluzione
http://www.wikidata.org/entity/Q123173160,Il difficile percorso di crescita dei salari in Italia
http://www.wikidata.org/entity/Q123179841,Inflation and real wages. The insufficiencies of the Italian collective bargaining system
http://www.wikidata.org/entity/Q123180026,Wage dispersion in Italy. An exploration based on linked employer-employee data
http://www.wikidata.org/entity/Q123180254,What workers do and how. A European database of tasks indices
http://www.wikidata.org/entity/Q123180300,Efficacia delle misure di sostegno al reddito nella crisi economica da Covid-19
http://www.wikidata.org/entity/Q123180417,Lo Stato come Employer of Last Resort. La piena occupazione per un diverso modello di sviluppo
http://www.wikidata.org/entity/Q123180448,Valutazione in itinere della presa in carico della cronicità e fragilità in Lombardia
http://www.wikidata.org/entity/Q124619281,The ‘great re-skilling’ e la formazione digitale per la PA
http://www.wikidata.org/entity/Q124619337,"Formare per il lavoro agile, e non solo. Competenze specialistiche o competenze di tutti?"
http://www.wikidata.org/entity/Q124619373,Formazione continua e digitalizzazione nella PA Spunti di riflessione dai dati dell'Indagine INDACO-PA
http://www.wikidata.org/entity/Q124621840,"Come cambia la formazione nella PA. Criticità, opportunità e sfide"
http://www.wikidata.org/entity/Q124621865,PA Digitale: un confronto Italia-Spagna dei Piani nazionali di ripresa
http://www.wikidata.org/entity/Q124621893,La formazione per il lavoro agile negli enti locali tra nuove competenze e organizzazione
http://www.wikidata.org/entity/Q124621904,The outcome of smart working policies on cultural workers in the Italian Public Sector
http://www.wikidata.org/entity/Q124621917,L'Intelligenza artificiale nei controlli tributari. Lotta all'evasione fiscale
http://www.wikidata.org/entity/Q124621931,La determinazione dei salari nei CCNL e il rapporto con l’inflazione
http://www.wikidata.org/entity/Q124694790,L'Intelligenza artificiale nei controlli tributari Lotta all'evasione fiscale
http://www.wikidata.org/entity/Q126361432,Lavoratori essenziali in bilico tra vulnerabilità e tutele
http://www.wikidata.org/entity/Q126361695,L’integrazione occupazionale dei lavoratori stranieri nel mercato del lavoro del Mezzogiorno e del Centro-Nord
http://www.wikidata.org/entity/Q126362005,"Essenziali, eppure invisibili Un’analisi della regolarizzazione dei lavoratori nel settore agricolo e domestico"
http://www.wikidata.org/entity/Q126372110,"Le assistenti famigliari immigrate, lavoratrici essenziali nella Fase 1 dell’emergenza Covid. Esperienze, problemi e opportunità"
http://www.wikidata.org/entity/Q126372153,Professioni nella Care economy e occupazione: evidenze su dati amministrativi
http://www.wikidata.org/entity/Q126372598,Note sull’autotrasporto: i lavoratori tra liberalizzazione e automazione
http://www.wikidata.org/entity/Q126532186,Da richiedenti asilo a lavoratori essenziali. Pandemia e cambiamenti della composizione della forza lavoro immigrata nell’agricoltura trentina
http://www.wikidata.org/entity/Q130477850,Qualità del lavoro e digitalizzazione. Riflessioni aperte sul caso Italiano
http://www.wikidata.org/entity/Q130529432,Platform capitalism: genesis and De-Westernizing approach
http://www.wikidata.org/entity/Q130529479,"Piattaforme digitali, imprese e lavoro in Italia. Un’analisi dei trasporti, della ristorazione e del turismo"
http://www.wikidata.org/entity/Q130529510,Workforce management in the digital era. Implications for occupational safety & health
http://www.wikidata.org/entity/Q130529640,Effects of employee monitoring on remote work. An empirical study from Germany and Spain using AMPWork survey data (2021-2022)
http://www.wikidata.org/entity/Q130529660,Un lavoro remoto di qualità: condizioni e organizzazione
http://www.wikidata.org/entity/Q130529702,I lavoratori nei supermercati: 'eroi' durante la pandemia ma sempre invisibili
http://www.wikidata.org/entity/Q131925517,L’identikit dei cittadini stranieri in cerca di lavoro
http://www.wikidata.org/entity/Q131925554,Ingresso nell’occupazione di giovani italiani e stranieri. Traiettorie e caratteristiche dell’inserimento lavorativo dei giovani disoccupati amministrativi
http://www.wikidata.org/entity/Q131925592,L’orientamento scolastico-professionale. Quale applicazione della riforma per gli studenti stranieri?
http://www.wikidata.org/entity/Q131925629,Nicchie etniche e gerarchie razziali. Lavoratori migranti in un distretto florovivaistico siciliano
http://www.wikidata.org/entity/Q131925643,Assistere i cittadini di Paesi terzi in condizione di irregolarità. Una rassegna di progetti per favorire l’emersione e contrastare condotte illegali
http://www.wikidata.org/entity/Q131925664,Caporalato e sfruttamento: diffusione del fenomeno e prospettive di contrasto
http://www.wikidata.org/entity/Q131925686,Educational and digital poverty: barriers to adult education
http://www.wikidata.org/entity/Q115342412,«In-dipendence». Control and emancipation paths of cultural minorities in European social history of education
http://www.wikidata.org/entity/Q130427991,Il  siamese di Koch. Un frattale straordinariamente vario nel tassellare il piano.
http://www.wikidata.org/entity/Q130680698,Cosa sono i numeri reali?
http://www.wikidata.org/entity/Q135165055,"Affinità tra figure frattali. Algoritmi combinatori alla scoperta delle coppie drago, farfalla e falena, siamese"
http://www.wikidata.org/entity/Q130429194,Definizione di spirale logaritmica. Confutazione di un meme di successo.
http://www.wikidata.org/entity/Q130472961,Matrici binomiali per insiemi di polinomi calcolanti somme di potenze con basi in progressione aritmetica - parte I
http://www.wikidata.org/entity/Q130473043,Matrici binomiali per insiemi di polinomi calcolanti somme di potenze con basi in progressione aritmetica - parte II
http://www.wikidata.org/entity/Q118367937,Per Girolamo Bordoni e Pietro Martire Locarni: conclusioni provvisorie
http://www.wikidata.org/entity/Q128624475,Ricordo di un bibliotecario: Albano Sorbelli
http://www.wikidata.org/entity/Q124343474,Viareggio: i bibliotecari si interrogano
http://www.wikidata.org/entity/Q125731008,Albo professionale: qualche riflessione
http://www.wikidata.org/entity/Q128308921,In ricordo di Silvana / i bibliotecari di Casa Piani e della Provincia di Bologna
http://www.wikidata.org/entity/Q128694073,Ricordo di Clementina Rotondi
http://www.wikidata.org/entity/Q131389397,"Albo catalogatori: due domande a Nicoletta Campus, sovrintendente beni librari, Regione Lazio"
http://www.wikidata.org/entity/Q131506079,Università e legge 63/89
http://www.wikidata.org/entity/Q131542502,Da occupazione a gruppo professionale: gli operatori dei servizi bibliotecari tra tecnologie dell'informazione e nuovi pubblici
http://www.wikidata.org/entity/Q131626777,Analisi organizzativa di un sistema professionale: il caso dei bibliotecari dell'Ateneo bolognese
http://www.wikidata.org/entity/Q131682115,Ma chi sono i bibliotecari?: ancora sulle diverse tipologie del personale impiegato nelle biblioteche pubbliche
http://www.wikidata.org/entity/Q131682397,Professione: bibliotecario: la nostra inchiesta sul progetto di legge
http://www.wikidata.org/entity/Q131869204,Attività della Sezione Lazio
http://www.wikidata.org/entity/Q131869976,... Dalla Laguna
http://www.wikidata.org/entity/Q131931058,"Attività 1900: l'Associazione al servizio dei soci, i soci al servizio dell'Associazione"
http://www.wikidata.org/entity/Q133278195,Autori e bibliotecari
http://www.wikidata.org/entity/Q135178782,"Convegno Biblioteche biomediche italiane, settembre 1991"
http://www.wikidata.org/entity/Q135267376,Furbo chi legge!: folla da stadio al Salone del libro di Torino
http://www.wikidata.org/entity/Q136716018,La firma digitale
http://www.wikidata.org/entity/Q137392147,"Nota su: François Gaudine [ma Gaudet], Claudine Lieber, Désherber en bibliothèque. Manuel pratique de révision des collections. Paris, Electre-Ed. du Cercle de la librairie, 1996"
http://www.wikidata.org/entity/Q126722512,Le biblioteche ed il bibliotecario nella società dell'informazione
http://www.wikidata.org/entity/Q128624466,Luigi Marchini
http://www.wikidata.org/entity/Q130402154,Amalia Vago
http://www.wikidata.org/entity/Q128624472,Un biglietto autografo inedito di Filipppo Bettini a Giambattista Passano
http://www.wikidata.org/entity/Q130292910,Filippo Noberasco
http://www.wikidata.org/entity/Q130292560,La figura e l'opera di Emanuele Celesia
http://www.wikidata.org/entity/Q130401900,Ricordando Arnaldo Segarizzi
http://www.wikidata.org/entity/Q135391256,Archivio Gentile
http://www.wikidata.org/entity/Q135494039,L'antico archivio del Comune di Savona e i suoi inventari
http://www.wikidata.org/entity/Q127043392,Conservazione dei beni culturali: cronistoria di un percorso formativo
http://www.wikidata.org/entity/Q127043422,Operatore dei beni culturali: una nuova figura professionale da tutelare
http://www.wikidata.org/entity/Q127043447,Tecdomus: laboratorio informatico per i beni culturali a Gorizia
http://www.wikidata.org/entity/Q131389375,Conservazione dei beni culturali: sbocchi professionali per la laurea
http://www.wikidata.org/entity/Q136399640,Banche dati e archivi bibliografici: note sull'automazione e sull'organizzazione del SBA
http://www.wikidata.org/entity/Q136445293,Sistema bibliotecario: appunti intorno al nuovo regolamento
http://www.wikidata.org/entity/Q129814967,Alcune questioni sul lavoro alla luce delle crise contemporanee. Une sguardo e una comparazione oltr’alpe
http://www.wikidata.org/entity/Q129815743,L’autonomia collettiva
http://www.wikidata.org/entity/Q129816282,Il lavoratore e le due facce dell’algoritmo
http://www.wikidata.org/entity/Q130638618,Come spiegare i numeri reali.
http://www.wikidata.org/entity/Q130650495,Sul legame tra l'area del cerchio e la lunghezza della circonferenza...e altro ancora
http://www.wikidata.org/entity/Q130655979,Cabri Géometreː un potente strumento per la didattica della fisica
http://www.wikidata.org/entity/Q131625443,Accesso mediato: come cambia la professione nell'era digitale
http://www.wikidata.org/entity/Q131625829,L'animatore socio-culturale nuova professione sociale
http://www.wikidata.org/entity/Q133297032,La citazione bibliografica delle risorse elettroniche remote
http://www.wikidata.org/entity/Q133297020,La citazione bibliografica delle risorse elettroniche remote.
http://www.wikidata.org/entity/Q133297580,Citare Internet: un repertorio di risorse in rete = Citing Internet resources: a directory
http://www.wikidata.org/entity/Q135116138,"Téssere una ragnatela per specialisti, ovvero Come gestire l'informazione biomedica con il web: un'esperienza"
http://www.wikidata.org/entity/Q135233418,La biblioteca rovesciata: la gestione dei servizi bibliotecari alle soglie del terzo millennio
http://www.wikidata.org/entity/Q135792920,"Convegno internazionale su ""Proprietà intellettuale e cyberspazio"", Stresa, 4-5 maggio 2001: breve resoconto"
http://www.wikidata.org/entity/Q136539563,Integrazione dei servizi e sviluppo di una collezione digitale presso l'Università di Parma
http://www.wikidata.org/entity/Q136593329,Il progetto Bibliomedia
http://www.wikidata.org/entity/Q134887636,La guida on-line ai libri per ragazzi
http://www.wikidata.org/entity/Q134889535,Facciamo un bilancio
http://www.wikidata.org/entity/Q134889693,Da 23 anni in gioco
http://www.wikidata.org/entity/Q134889718,Piste... per studiare il gioco: l'importanza di iniziative culturali come la nuova serie editoriale Piste... per un'analisi competente del piacere ludico e delle sue potenzialità creative
http://www.wikidata.org/entity/Q134889955,E LiBeR finì nella grande rete: http://liber.idest.it: è questo l'indirizzo che mancava nel mondo dei libri per bambini e ragazzi: un indirizzo da memorizzare subito e andare a consultare il prima possibile
http://www.wikidata.org/entity/Q135011215,C'era una volta LiBeR: frammenti di storia per immagini di una rivista ormai adolescente
http://www.wikidata.org/entity/Q135011297,"Indice generale per parole chiave e identificatori, 1988-1999"
http://www.wikidata.org/entity/Q136757914,Arredo ragazzi tra pubblico e privato
http://www.wikidata.org/entity/Q136759809,I ragazzi fanno centro
http://www.wikidata.org/entity/Q136759830,"La Biblioteca ""Gianni Rodari"""
http://www.wikidata.org/entity/Q136760020,Nel blu dipinto di giallo e di verde
http://www.wikidata.org/entity/Q136760137,Ragazzi in soffitta
http://www.wikidata.org/entity/Q137392384,"Libri alla griglia: nascita, diffusione, fortuna e utilità delle formule valutative di Whittaker"
http://www.wikidata.org/entity/Q137393272,Chi deve scegliere i libri in biblioteca?
http://www.wikidata.org/entity/Q135435931,Biblioteca 2007: un appello per la riforma del settore bibliotecario tedesco
http://www.wikidata.org/entity/Q135435961,La Campagna per le biblioteche d'America e la Campagna per le biblioteche del mondo
