id,basi_dati
http://www.wikidata.org/entity/Q59096092,Scopus; Google Scholar; DOAJ; SCImago Journal Rank
http://www.wikidata.org/entity/Q59096093,Scopus; Google Scholar; DOAJ; SCImago Journal Rank
http://www.wikidata.org/entity/Q59137259,Scopus; Google Scholar; DOAJ; SCImago Journal Rank
http://www.wikidata.org/entity/Q59137262,Scopus; Google Scholar; DOAJ; SCImago Journal Rank
http://www.wikidata.org/entity/Q59137260,Scopus; Google Scholar; DOAJ; SCImago Journal Rank
http://www.wikidata.org/entity/Q59137261,Scopus; Google Scholar; DOAJ; SCImago Journal Rank
http://www.wikidata.org/entity/Q59137266,Scopus; Google Scholar; DOAJ; SCImago Journal Rank
http://www.wikidata.org/entity/Q59137267,Scopus; Google Scholar; DOAJ; SCImago Journal Rank
http://www.wikidata.org/entity/Q59137264,Scopus; Google Scholar; DOAJ; SCImago Journal Rank
http://www.wikidata.org/entity/Q59137270,Scopus; Google Scholar; DOAJ; SCImago Journal Rank
http://www.wikidata.org/entity/Q59137268,Scopus; Google Scholar; DOAJ; SCImago Journal Rank
http://www.wikidata.org/entity/Q59137272,Scopus; Google Scholar; DOAJ; SCImago Journal Rank
http://www.wikidata.org/entity/Q59154963,Scopus; Google Scholar; DOAJ; SCImago Journal Rank
http://www.wikidata.org/entity/Q59154966,Scopus; Google Scholar; DOAJ; SCImago Journal Rank
http://www.wikidata.org/entity/Q59154967,Scopus; Google Scholar; DOAJ; SCImago Journal Rank
http://www.wikidata.org/entity/Q59154964,Scopus; Google Scholar; DOAJ; SCImago Journal Rank
http://www.wikidata.org/entity/Q59154965,Scopus; Google Scholar; DOAJ; SCImago Journal Rank
http://www.wikidata.org/entity/Q59154971,Scopus; Google Scholar; DOAJ; SCImago Journal Rank
http://www.wikidata.org/entity/Q59154968,Scopus; Google Scholar; DOAJ; SCImago Journal Rank
http://www.wikidata.org/entity/Q59154969,Scopus; Google Scholar; DOAJ; SCImago Journal Rank
http://www.wikidata.org/entity/Q59154974,Scopus; Google Scholar; DOAJ; SCImago Journal Rank
http://www.wikidata.org/entity/Q59154975,Scopus; Google Scholar; DOAJ; SCImago Journal Rank
http://www.wikidata.org/entity/Q59154972,Scopus; Google Scholar; DOAJ; SCImago Journal Rank
http://www.wikidata.org/entity/Q59154976,Scopus; Google Scholar; DOAJ; SCImago Journal Rank
http://www.wikidata.org/entity/Q59208094,Scopus; Google Scholar; DOAJ; SCImago Journal Rank
http://www.wikidata.org/entity/Q59208095,Scopus; Google Scholar; DOAJ; SCImago Journal Rank
http://www.wikidata.org/entity/Q59208093,Scopus; Google Scholar; DOAJ; SCImago Journal Rank
http://www.wikidata.org/entity/Q59208098,Scopus; Google Scholar; DOAJ; SCImago Journal Rank
http://www.wikidata.org/entity/Q59208096,Scopus; Google Scholar; DOAJ; SCImago Journal Rank
http://www.wikidata.org/entity/Q59208097,Scopus; Google Scholar; DOAJ; SCImago Journal Rank
http://www.wikidata.org/entity/Q59259739,Scopus; Google Scholar; DOAJ; SCImago Journal Rank
http://www.wikidata.org/entity/Q59259742,Scopus; Google Scholar; DOAJ; SCImago Journal Rank
http://www.wikidata.org/entity/Q59259743,Scopus; Google Scholar; DOAJ; SCImago Journal Rank
http://www.wikidata.org/entity/Q59259740,Scopus; Google Scholar; DOAJ; SCImago Journal Rank
http://www.wikidata.org/entity/Q59259741,Scopus; Google Scholar; DOAJ; SCImago Journal Rank
http://www.wikidata.org/entity/Q59259746,Scopus; Google Scholar; DOAJ; SCImago Journal Rank
http://www.wikidata.org/entity/Q59259747,Scopus; Google Scholar; DOAJ; SCImago Journal Rank
http://www.wikidata.org/entity/Q59259744,Scopus; Google Scholar; DOAJ; SCImago Journal Rank
http://www.wikidata.org/entity/Q59259745,Scopus; Google Scholar; DOAJ; SCImago Journal Rank
http://www.wikidata.org/entity/Q59259748,Scopus; Google Scholar; DOAJ; SCImago Journal Rank
http://www.wikidata.org/entity/Q59259749,Scopus; Google Scholar; DOAJ; SCImago Journal Rank
http://www.wikidata.org/entity/Q59265383,Scopus; Google Scholar; DOAJ; SCImago Journal Rank
http://www.wikidata.org/entity/Q59265386,Scopus; Google Scholar; DOAJ; SCImago Journal Rank
http://www.wikidata.org/entity/Q59265384,Scopus; Google Scholar; DOAJ; SCImago Journal Rank
http://www.wikidata.org/entity/Q59265385,Scopus; Google Scholar; DOAJ; SCImago Journal Rank
http://www.wikidata.org/entity/Q59265390,Scopus; Google Scholar; DOAJ; SCImago Journal Rank
http://www.wikidata.org/entity/Q59265391,Scopus; Google Scholar; DOAJ; SCImago Journal Rank
http://www.wikidata.org/entity/Q59265388,Scopus; Google Scholar; DOAJ; SCImago Journal Rank
http://www.wikidata.org/entity/Q59265394,Scopus; Google Scholar; DOAJ; SCImago Journal Rank
http://www.wikidata.org/entity/Q59265395,Scopus; Google Scholar; DOAJ; SCImago Journal Rank
http://www.wikidata.org/entity/Q59265392,Scopus; Google Scholar; DOAJ; SCImago Journal Rank
http://www.wikidata.org/entity/Q59265396,Scopus; Google Scholar; DOAJ; SCImago Journal Rank
http://www.wikidata.org/entity/Q59265397,Scopus; Google Scholar; DOAJ; SCImago Journal Rank
http://www.wikidata.org/entity/Q59281535,Scopus; Google Scholar; DOAJ; SCImago Journal Rank
http://www.wikidata.org/entity/Q59281538,Scopus; Google Scholar; DOAJ; SCImago Journal Rank
http://www.wikidata.org/entity/Q59281539,Scopus; Google Scholar; DOAJ; SCImago Journal Rank
http://www.wikidata.org/entity/Q59281536,Scopus; Google Scholar; DOAJ; SCImago Journal Rank
http://www.wikidata.org/entity/Q59281537,Scopus; Google Scholar; DOAJ; SCImago Journal Rank
http://www.wikidata.org/entity/Q59281542,Scopus; Google Scholar; DOAJ; SCImago Journal Rank
http://www.wikidata.org/entity/Q59281543,Scopus; Google Scholar; DOAJ; SCImago Journal Rank
http://www.wikidata.org/entity/Q59281540,Scopus; Google Scholar; DOAJ; SCImago Journal Rank
http://www.wikidata.org/entity/Q59281541,Scopus; Google Scholar; DOAJ; SCImago Journal Rank
http://www.wikidata.org/entity/Q59388175,Scopus; DOAJ; Emerging Sources Citation Index
http://www.wikidata.org/entity/Q59388178,Scopus; DOAJ; Emerging Sources Citation Index
http://www.wikidata.org/entity/Q59388179,Scopus; DOAJ; Emerging Sources Citation Index
http://www.wikidata.org/entity/Q59388176,Scopus; DOAJ; Emerging Sources Citation Index
http://www.wikidata.org/entity/Q59388177,Scopus; DOAJ; Emerging Sources Citation Index
http://www.wikidata.org/entity/Q59388182,Scopus; DOAJ; Emerging Sources Citation Index
http://www.wikidata.org/entity/Q59388183,Scopus; DOAJ; Emerging Sources Citation Index
http://www.wikidata.org/entity/Q59388180,Scopus; DOAJ; Emerging Sources Citation Index
http://www.wikidata.org/entity/Q59388181,Scopus; DOAJ; Emerging Sources Citation Index
http://www.wikidata.org/entity/Q59388184,Scopus; DOAJ; Emerging Sources Citation Index
http://www.wikidata.org/entity/Q59388185,Scopus; DOAJ; Emerging Sources Citation Index
http://www.wikidata.org/entity/Q60713534,DOAJ; SCImago Journal Rank; Emerging Sources Citation Index
http://www.wikidata.org/entity/Q60907273,Scopus; Google Scholar; DOAJ; SCImago Journal Rank
http://www.wikidata.org/entity/Q60907285,Scopus; Google Scholar; DOAJ; SCImago Journal Rank
http://www.wikidata.org/entity/Q60907291,Scopus; Google Scholar; DOAJ; SCImago Journal Rank
http://www.wikidata.org/entity/Q60907308,Scopus; Google Scholar; DOAJ; SCImago Journal Rank
http://www.wikidata.org/entity/Q60907317,Scopus; Google Scholar; DOAJ; SCImago Journal Rank
http://www.wikidata.org/entity/Q60907331,Scopus; Google Scholar; DOAJ; SCImago Journal Rank
http://www.wikidata.org/entity/Q60907344,Scopus; Google Scholar; DOAJ; SCImago Journal Rank
http://www.wikidata.org/entity/Q60907356,Scopus; Google Scholar; DOAJ; SCImago Journal Rank
http://www.wikidata.org/entity/Q60907372,Scopus; Google Scholar; DOAJ; SCImago Journal Rank
http://www.wikidata.org/entity/Q60907379,Scopus; Google Scholar; DOAJ; SCImago Journal Rank
http://www.wikidata.org/entity/Q60907392,Scopus; Google Scholar; DOAJ; SCImago Journal Rank
http://www.wikidata.org/entity/Q60907408,Scopus; Google Scholar; DOAJ; SCImago Journal Rank
http://www.wikidata.org/entity/Q60907417,Scopus; Google Scholar; DOAJ; SCImago Journal Rank
http://www.wikidata.org/entity/Q60907422,Scopus; Google Scholar; DOAJ; SCImago Journal Rank
http://www.wikidata.org/entity/Q60907435,Scopus; Google Scholar; DOAJ; SCImago Journal Rank
http://www.wikidata.org/entity/Q61056650,DOAJ; SCImago Journal Rank; Emerging Sources Citation Index
http://www.wikidata.org/entity/Q61057042,DOAJ; SCImago Journal Rank; Emerging Sources Citation Index
http://www.wikidata.org/entity/Q61776076,
http://www.wikidata.org/entity/Q61776080,
http://www.wikidata.org/entity/Q61776462,
http://www.wikidata.org/entity/Q61776467,
http://www.wikidata.org/entity/Q61776464,
http://www.wikidata.org/entity/Q61776468,
http://www.wikidata.org/entity/Q61776469,
http://www.wikidata.org/entity/Q62579849,
http://www.wikidata.org/entity/Q64712103,Scopus; Google Scholar; DOAJ; SCImago Journal Rank
http://www.wikidata.org/entity/Q33144512,Scopus
http://www.wikidata.org/entity/Q33144721,Scopus
http://www.wikidata.org/entity/Q36464134,Scopus; Science Citation Index Expanded
http://www.wikidata.org/entity/Q36464142,Scopus; Science Citation Index Expanded
http://www.wikidata.org/entity/Q36464146,Scopus; Science Citation Index Expanded
http://www.wikidata.org/entity/Q36484095,Scopus; Science Citation Index Expanded
http://www.wikidata.org/entity/Q36484102,Scopus; Science Citation Index Expanded
http://www.wikidata.org/entity/Q36484107,Scopus; Science Citation Index Expanded
http://www.wikidata.org/entity/Q36484116,Scopus; Science Citation Index Expanded
http://www.wikidata.org/entity/Q36484122,Scopus; Science Citation Index Expanded
http://www.wikidata.org/entity/Q36484126,Scopus; Science Citation Index Expanded
http://www.wikidata.org/entity/Q36484132,Scopus; Science Citation Index Expanded
http://www.wikidata.org/entity/Q36484137,Scopus; Science Citation Index Expanded
http://www.wikidata.org/entity/Q36484143,Scopus; Science Citation Index Expanded
http://www.wikidata.org/entity/Q36484148,Scopus; Science Citation Index Expanded
http://www.wikidata.org/entity/Q36484157,Scopus; Science Citation Index Expanded
http://www.wikidata.org/entity/Q36484160,Scopus; Science Citation Index Expanded
http://www.wikidata.org/entity/Q36484165,Scopus; Science Citation Index Expanded
http://www.wikidata.org/entity/Q36484169,Scopus; Science Citation Index Expanded
http://www.wikidata.org/entity/Q36484173,Scopus; Science Citation Index Expanded
http://www.wikidata.org/entity/Q36484177,Scopus; Science Citation Index Expanded
http://www.wikidata.org/entity/Q36484182,Scopus; Science Citation Index Expanded
http://www.wikidata.org/entity/Q36484194,Scopus; Science Citation Index Expanded
http://www.wikidata.org/entity/Q36484198,Scopus; Science Citation Index Expanded
http://www.wikidata.org/entity/Q36484219,Scopus; Science Citation Index Expanded
http://www.wikidata.org/entity/Q48625754,
http://www.wikidata.org/entity/Q56736038,Scopus; DOAJ; Emerging Sources Citation Index
http://www.wikidata.org/entity/Q57976823,Scopus; Google Scholar; DOAJ; SCImago Journal Rank
http://www.wikidata.org/entity/Q58124093,
http://www.wikidata.org/entity/Q58302558,Scopus; Google Scholar; DOAJ; SCImago Journal Rank
http://www.wikidata.org/entity/Q58349819,Scopus; Google Scholar; DOAJ; SCImago Journal Rank
http://www.wikidata.org/entity/Q58350077,Scopus; Google Scholar; DOAJ; SCImago Journal Rank
http://www.wikidata.org/entity/Q58356273,Scopus; Google Scholar; DOAJ; SCImago Journal Rank
http://www.wikidata.org/entity/Q58356286,Scopus; Google Scholar; DOAJ; SCImago Journal Rank
http://www.wikidata.org/entity/Q58356899,Scopus; Google Scholar; DOAJ; SCImago Journal Rank
http://www.wikidata.org/entity/Q58379186,Scopus; Google Scholar; DOAJ; SCImago Journal Rank
http://www.wikidata.org/entity/Q58379187,Scopus; Google Scholar; DOAJ; SCImago Journal Rank
http://www.wikidata.org/entity/Q58379188,Scopus; Google Scholar; DOAJ; SCImago Journal Rank
http://www.wikidata.org/entity/Q58387646,Scopus; Google Scholar; DOAJ; SCImago Journal Rank
http://www.wikidata.org/entity/Q58387647,Scopus; Google Scholar; DOAJ; SCImago Journal Rank
http://www.wikidata.org/entity/Q58387650,Scopus; Google Scholar; DOAJ; SCImago Journal Rank
http://www.wikidata.org/entity/Q58387648,Scopus; Google Scholar; DOAJ; SCImago Journal Rank
http://www.wikidata.org/entity/Q58424166,Scopus; Google Scholar; DOAJ; SCImago Journal Rank
http://www.wikidata.org/entity/Q58670918,Scopus; Google Scholar; DOAJ; SCImago Journal Rank
http://www.wikidata.org/entity/Q58670922,Scopus; Google Scholar; DOAJ; SCImago Journal Rank
http://www.wikidata.org/entity/Q58670923,Scopus; Google Scholar; DOAJ; SCImago Journal Rank
http://www.wikidata.org/entity/Q58670920,Scopus; Google Scholar; DOAJ; SCImago Journal Rank
http://www.wikidata.org/entity/Q58670927,Scopus; Google Scholar; DOAJ; SCImago Journal Rank
http://www.wikidata.org/entity/Q58670925,Scopus; Google Scholar; DOAJ; SCImago Journal Rank
http://www.wikidata.org/entity/Q58670929,Scopus; Google Scholar; DOAJ; SCImago Journal Rank
http://www.wikidata.org/entity/Q58670935,Scopus; Google Scholar; DOAJ; SCImago Journal Rank
http://www.wikidata.org/entity/Q58670932,Scopus; Google Scholar; DOAJ; SCImago Journal Rank
http://www.wikidata.org/entity/Q58670933,Scopus; Google Scholar; DOAJ; SCImago Journal Rank
http://www.wikidata.org/entity/Q58670939,Scopus; Google Scholar; DOAJ; SCImago Journal Rank
http://www.wikidata.org/entity/Q58670937,Scopus; Google Scholar; DOAJ; SCImago Journal Rank
http://www.wikidata.org/entity/Q58670940,Scopus; Google Scholar; DOAJ; SCImago Journal Rank
http://www.wikidata.org/entity/Q58773238,Scopus; Google Scholar; DOAJ; SCImago Journal Rank
http://www.wikidata.org/entity/Q58773236,Scopus; Google Scholar; DOAJ; SCImago Journal Rank
http://www.wikidata.org/entity/Q58773243,Scopus; Google Scholar; DOAJ; SCImago Journal Rank
http://www.wikidata.org/entity/Q58773241,Scopus; Google Scholar; DOAJ; SCImago Journal Rank
http://www.wikidata.org/entity/Q58773247,Scopus; Google Scholar; DOAJ; SCImago Journal Rank
http://www.wikidata.org/entity/Q58773245,Scopus; Google Scholar; DOAJ; SCImago Journal Rank
http://www.wikidata.org/entity/Q58773251,Scopus; Google Scholar; DOAJ; SCImago Journal Rank
http://www.wikidata.org/entity/Q58773249,Scopus; Google Scholar; DOAJ; SCImago Journal Rank
http://www.wikidata.org/entity/Q58773254,Scopus; Google Scholar; DOAJ; SCImago Journal Rank
http://www.wikidata.org/entity/Q58773253,Scopus; Google Scholar; DOAJ; SCImago Journal Rank
http://www.wikidata.org/entity/Q58773258,Scopus; Google Scholar; DOAJ; SCImago Journal Rank
http://www.wikidata.org/entity/Q58773260,Scopus; Google Scholar; DOAJ; SCImago Journal Rank
http://www.wikidata.org/entity/Q58773261,Scopus; Google Scholar; DOAJ; SCImago Journal Rank
http://www.wikidata.org/entity/Q58773267,Scopus; Google Scholar; DOAJ; SCImago Journal Rank
http://www.wikidata.org/entity/Q58773264,Scopus; Google Scholar; DOAJ; SCImago Journal Rank
http://www.wikidata.org/entity/Q58826209,Scopus; Google Scholar; DOAJ; SCImago Journal Rank
http://www.wikidata.org/entity/Q58953729,Scopus; Google Scholar; DOAJ; SCImago Journal Rank
http://www.wikidata.org/entity/Q58953763,Scopus; Google Scholar; DOAJ; SCImago Journal Rank
http://www.wikidata.org/entity/Q58953796,Scopus; Google Scholar; DOAJ; SCImago Journal Rank
http://www.wikidata.org/entity/Q58953832,Scopus; Google Scholar; DOAJ; SCImago Journal Rank
http://www.wikidata.org/entity/Q58953868,Scopus; Google Scholar; DOAJ; SCImago Journal Rank
http://www.wikidata.org/entity/Q58953902,Scopus; Google Scholar; DOAJ; SCImago Journal Rank
http://www.wikidata.org/entity/Q58953937,Scopus; Google Scholar; DOAJ; SCImago Journal Rank
http://www.wikidata.org/entity/Q58953970,Scopus; Google Scholar; DOAJ; SCImago Journal Rank
http://www.wikidata.org/entity/Q58954003,Scopus; Google Scholar; DOAJ; SCImago Journal Rank
http://www.wikidata.org/entity/Q58954040,Scopus; Google Scholar; DOAJ; SCImago Journal Rank
http://www.wikidata.org/entity/Q58954077,Scopus; Google Scholar; DOAJ; SCImago Journal Rank
http://www.wikidata.org/entity/Q58954115,Scopus; Google Scholar; DOAJ; SCImago Journal Rank
http://www.wikidata.org/entity/Q58954151,Scopus; Google Scholar; DOAJ; SCImago Journal Rank
http://www.wikidata.org/entity/Q58954188,Scopus; Google Scholar; DOAJ; SCImago Journal Rank
http://www.wikidata.org/entity/Q58954224,Scopus; Google Scholar; DOAJ; SCImago Journal Rank
http://www.wikidata.org/entity/Q59096078,Scopus; Google Scholar; DOAJ; SCImago Journal Rank
http://www.wikidata.org/entity/Q59096076,Scopus; Google Scholar; DOAJ; SCImago Journal Rank
http://www.wikidata.org/entity/Q59096077,Scopus; Google Scholar; DOAJ; SCImago Journal Rank
http://www.wikidata.org/entity/Q59096082,Scopus; Google Scholar; DOAJ; SCImago Journal Rank
http://www.wikidata.org/entity/Q59096080,Scopus; Google Scholar; DOAJ; SCImago Journal Rank
http://www.wikidata.org/entity/Q59096081,Scopus; Google Scholar; DOAJ; SCImago Journal Rank
http://www.wikidata.org/entity/Q59096086,Scopus; Google Scholar; DOAJ; SCImago Journal Rank
http://www.wikidata.org/entity/Q59096084,Scopus; Google Scholar; DOAJ; SCImago Journal Rank
http://www.wikidata.org/entity/Q59096085,Scopus; Google Scholar; DOAJ; SCImago Journal Rank
http://www.wikidata.org/entity/Q59096090,Scopus; Google Scholar; DOAJ; SCImago Journal Rank
http://www.wikidata.org/entity/Q59096088,Scopus; Google Scholar; DOAJ; SCImago Journal Rank
http://www.wikidata.org/entity/Q59096089,Scopus; Google Scholar; DOAJ; SCImago Journal Rank
http://www.wikidata.org/entity/Q59096094,Scopus; Google Scholar; DOAJ; SCImago Journal Rank
http://www.wikidata.org/entity/Q64712106,Scopus; Google Scholar; DOAJ; SCImago Journal Rank
http://www.wikidata.org/entity/Q64712107,Scopus; Google Scholar; DOAJ; SCImago Journal Rank
http://www.wikidata.org/entity/Q64712105,Scopus; Google Scholar; DOAJ; SCImago Journal Rank
http://www.wikidata.org/entity/Q64712110,Scopus; Google Scholar; DOAJ; SCImago Journal Rank
http://www.wikidata.org/entity/Q64712109,Scopus; Google Scholar; DOAJ; SCImago Journal Rank
http://www.wikidata.org/entity/Q64712112,Scopus; Google Scholar; DOAJ; SCImago Journal Rank
http://www.wikidata.org/entity/Q64712113,Scopus; Google Scholar; DOAJ; SCImago Journal Rank
http://www.wikidata.org/entity/Q64712116,Scopus; Google Scholar; DOAJ; SCImago Journal Rank
http://www.wikidata.org/entity/Q64712134,Scopus; Google Scholar; DOAJ; SCImago Journal Rank
http://www.wikidata.org/entity/Q64712144,Scopus; Google Scholar; DOAJ; SCImago Journal Rank
http://www.wikidata.org/entity/Q64712156,Scopus; Google Scholar; DOAJ; SCImago Journal Rank
http://www.wikidata.org/entity/Q64712171,Scopus; Google Scholar; DOAJ; SCImago Journal Rank
http://www.wikidata.org/entity/Q64712184,Scopus; Google Scholar; DOAJ; SCImago Journal Rank
http://www.wikidata.org/entity/Q64712198,Scopus; Google Scholar; DOAJ; SCImago Journal Rank
http://www.wikidata.org/entity/Q65594178,
http://www.wikidata.org/entity/Q69559758,Scopus; DOAJ; Emerging Sources Citation Index
http://www.wikidata.org/entity/Q69646153,Scopus; DOAJ; Emerging Sources Citation Index
http://www.wikidata.org/entity/Q69776340,Scopus; Science Citation Index Expanded
http://www.wikidata.org/entity/Q69776400,Scopus; Science Citation Index Expanded
http://www.wikidata.org/entity/Q69776436,Scopus; Science Citation Index Expanded
http://www.wikidata.org/entity/Q69776444,Scopus; Science Citation Index Expanded
http://www.wikidata.org/entity/Q69776453,Scopus; Science Citation Index Expanded
http://www.wikidata.org/entity/Q70982360,Scopus; Journal Citation Reports; SCImago Journal Rank
http://www.wikidata.org/entity/Q73492838,Scopus; Journal Citation Reports; SCImago Journal Rank
http://www.wikidata.org/entity/Q74825992,Scopus; DOAJ; Emerging Sources Citation Index
http://www.wikidata.org/entity/Q77304139,Scopus; Arts and Humanities Citation Index; SCImago Journal Rank
http://www.wikidata.org/entity/Q78577731,Scopus; Emerging Sources Citation Index
http://www.wikidata.org/entity/Q82514580,Scopus; Google Scholar; DOAJ; SCImago Journal Rank
http://www.wikidata.org/entity/Q82514642,Scopus; Google Scholar; DOAJ; SCImago Journal Rank
http://www.wikidata.org/entity/Q82514941,Scopus; Google Scholar; DOAJ; SCImago Journal Rank
http://www.wikidata.org/entity/Q82514978,Scopus; Google Scholar; DOAJ; SCImago Journal Rank
http://www.wikidata.org/entity/Q82515058,Scopus; Google Scholar; DOAJ; SCImago Journal Rank
http://www.wikidata.org/entity/Q82515159,Scopus; Google Scholar; DOAJ; SCImago Journal Rank
http://www.wikidata.org/entity/Q82515164,Scopus; Google Scholar; DOAJ; SCImago Journal Rank
http://www.wikidata.org/entity/Q82515170,Scopus; Google Scholar; DOAJ; SCImago Journal Rank
http://www.wikidata.org/entity/Q82515168,Scopus; Google Scholar; DOAJ; SCImago Journal Rank
http://www.wikidata.org/entity/Q82515174,Scopus; Google Scholar; DOAJ; SCImago Journal Rank
http://www.wikidata.org/entity/Q82515177,Scopus; Google Scholar; DOAJ; SCImago Journal Rank
http://www.wikidata.org/entity/Q82515180,Scopus; Google Scholar; DOAJ; SCImago Journal Rank
http://www.wikidata.org/entity/Q82515186,Scopus; Google Scholar; DOAJ; SCImago Journal Rank
http://www.wikidata.org/entity/Q83365686,Scopus; Google Scholar; DOAJ; SCImago Journal Rank
http://www.wikidata.org/entity/Q83612194,
http://www.wikidata.org/entity/Q92592463,Scopus; Google Scholar; DOAJ; SCImago Journal Rank
http://www.wikidata.org/entity/Q92592494,Scopus; Google Scholar; DOAJ; SCImago Journal Rank
http://www.wikidata.org/entity/Q92592577,Scopus; Google Scholar; DOAJ; SCImago Journal Rank
http://www.wikidata.org/entity/Q92592656,Scopus; Google Scholar; DOAJ; SCImago Journal Rank
http://www.wikidata.org/entity/Q92592734,Scopus; Google Scholar; DOAJ; SCImago Journal Rank
http://www.wikidata.org/entity/Q92592817,Scopus; Google Scholar; DOAJ; SCImago Journal Rank
http://www.wikidata.org/entity/Q92592907,Scopus; Google Scholar; DOAJ; SCImago Journal Rank
http://www.wikidata.org/entity/Q92593011,Scopus; Google Scholar; DOAJ; SCImago Journal Rank
http://www.wikidata.org/entity/Q92593112,Scopus; Google Scholar; DOAJ; SCImago Journal Rank
http://www.wikidata.org/entity/Q92593206,Scopus; Google Scholar; DOAJ; SCImago Journal Rank
http://www.wikidata.org/entity/Q95997038,Scopus
http://www.wikidata.org/entity/Q95997039,Scopus
http://www.wikidata.org/entity/Q95997044,Scopus
http://www.wikidata.org/entity/Q95997054,Scopus
http://www.wikidata.org/entity/Q95997062,Scopus
http://www.wikidata.org/entity/Q95997060,Scopus
http://www.wikidata.org/entity/Q95997061,Scopus
http://www.wikidata.org/entity/Q95997066,Scopus
http://www.wikidata.org/entity/Q95997067,Scopus
http://www.wikidata.org/entity/Q95997073,Scopus
http://www.wikidata.org/entity/Q95997079,Scopus
http://www.wikidata.org/entity/Q95997076,Scopus
http://www.wikidata.org/entity/Q95997077,Scopus
http://www.wikidata.org/entity/Q95997082,Scopus
http://www.wikidata.org/entity/Q95997081,Scopus
http://www.wikidata.org/entity/Q95997084,Scopus
http://www.wikidata.org/entity/Q95997102,Scopus
http://www.wikidata.org/entity/Q95997103,Scopus
http://www.wikidata.org/entity/Q95997101,Scopus
http://www.wikidata.org/entity/Q96623074,Scopus; Google Scholar; DOAJ; SCImago Journal Rank
http://www.wikidata.org/entity/Q96623075,Scopus; Google Scholar; DOAJ; SCImago Journal Rank
http://www.wikidata.org/entity/Q96623078,Scopus; Google Scholar; DOAJ; SCImago Journal Rank
http://www.wikidata.org/entity/Q96623079,Scopus; Google Scholar; DOAJ; SCImago Journal Rank
http://www.wikidata.org/entity/Q96623076,Scopus; Google Scholar; DOAJ; SCImago Journal Rank
http://www.wikidata.org/entity/Q96623082,Scopus; Google Scholar; DOAJ; SCImago Journal Rank
http://www.wikidata.org/entity/Q96623083,Scopus; Google Scholar; DOAJ; SCImago Journal Rank
http://www.wikidata.org/entity/Q96623081,Scopus; Google Scholar; DOAJ; SCImago Journal Rank
http://www.wikidata.org/entity/Q96623086,Scopus; Google Scholar; DOAJ; SCImago Journal Rank
http://www.wikidata.org/entity/Q96623087,Scopus; Google Scholar; DOAJ; SCImago Journal Rank
http://www.wikidata.org/entity/Q96623085,Scopus; Google Scholar; DOAJ; SCImago Journal Rank
http://www.wikidata.org/entity/Q96623090,Scopus; Google Scholar; DOAJ; SCImago Journal Rank
http://www.wikidata.org/entity/Q96623091,Scopus; Google Scholar; DOAJ; SCImago Journal Rank
http://www.wikidata.org/entity/Q96623089,Scopus; Google Scholar; DOAJ; SCImago Journal Rank
http://www.wikidata.org/entity/Q96623093,Scopus; Google Scholar; DOAJ; SCImago Journal Rank
http://www.wikidata.org/entity/Q99573989,Scopus; Science Citation Index Expanded
http://www.wikidata.org/entity/Q99639341,Scopus; Emerging Sources Citation Index
http://www.wikidata.org/entity/Q99653413,Scopus; Emerging Sources Citation Index
http://www.wikidata.org/entity/Q99654817,Scopus; Emerging Sources Citation Index
http://www.wikidata.org/entity/Q99661235,Scopus; Science Citation Index Expanded
http://www.wikidata.org/entity/Q99860432,Scopus
http://www.wikidata.org/entity/Q99860449,Scopus
http://www.wikidata.org/entity/Q99860482,Scopus
http://www.wikidata.org/entity/Q99860480,Scopus
http://www.wikidata.org/entity/Q99860487,Scopus
http://www.wikidata.org/entity/Q100741569,Scopus; DOAJ; Emerging Sources Citation Index
http://www.wikidata.org/entity/Q101086004,
http://www.wikidata.org/entity/Q101996668,
http://www.wikidata.org/entity/Q102115630,
http://www.wikidata.org/entity/Q102116015,
http://www.wikidata.org/entity/Q102391509,
http://www.wikidata.org/entity/Q102391845,
http://www.wikidata.org/entity/Q102392002,
http://www.wikidata.org/entity/Q102392285,
http://www.wikidata.org/entity/Q102392363,
http://www.wikidata.org/entity/Q102392806,
http://www.wikidata.org/entity/Q102392889,
http://www.wikidata.org/entity/Q102393180,
http://www.wikidata.org/entity/Q102393258,
http://www.wikidata.org/entity/Q102393556,
http://www.wikidata.org/entity/Q102393664,
http://www.wikidata.org/entity/Q102393759,
http://www.wikidata.org/entity/Q102393947,
http://www.wikidata.org/entity/Q102393996,
http://www.wikidata.org/entity/Q102503100,Scopus; DOAJ; Emerging Sources Citation Index
http://www.wikidata.org/entity/Q102802821,
http://www.wikidata.org/entity/Q102805155,
http://www.wikidata.org/entity/Q102808536,
http://www.wikidata.org/entity/Q102809224,
http://www.wikidata.org/entity/Q102810332,
http://www.wikidata.org/entity/Q102821767,
http://www.wikidata.org/entity/Q102822425,
http://www.wikidata.org/entity/Q102822617,
http://www.wikidata.org/entity/Q102822746,
http://www.wikidata.org/entity/Q102823167,
http://www.wikidata.org/entity/Q102823781,
http://www.wikidata.org/entity/Q103896945,Scopus; DOAJ; Emerging Sources Citation Index
http://www.wikidata.org/entity/Q103896950,Scopus; DOAJ; Emerging Sources Citation Index
http://www.wikidata.org/entity/Q103896948,Scopus; DOAJ; Emerging Sources Citation Index
http://www.wikidata.org/entity/Q103896949,Scopus; DOAJ; Emerging Sources Citation Index
http://www.wikidata.org/entity/Q103896952,Scopus; DOAJ; Emerging Sources Citation Index
http://www.wikidata.org/entity/Q103899574,Scopus; DOAJ; Emerging Sources Citation Index
http://www.wikidata.org/entity/Q103899584,Scopus; DOAJ; Emerging Sources Citation Index
http://www.wikidata.org/entity/Q103899585,Scopus; DOAJ; Emerging Sources Citation Index
http://www.wikidata.org/entity/Q103899590,Scopus; DOAJ; Emerging Sources Citation Index
http://www.wikidata.org/entity/Q103899591,Scopus; DOAJ; Emerging Sources Citation Index
http://www.wikidata.org/entity/Q103899589,Scopus; DOAJ; Emerging Sources Citation Index
http://www.wikidata.org/entity/Q103899592,Scopus; DOAJ; Emerging Sources Citation Index
http://www.wikidata.org/entity/Q103899593,Scopus; DOAJ; Emerging Sources Citation Index
http://www.wikidata.org/entity/Q103899598,Scopus; DOAJ; Emerging Sources Citation Index
http://www.wikidata.org/entity/Q103899599,Scopus; DOAJ; Emerging Sources Citation Index
http://www.wikidata.org/entity/Q103899596,Scopus; DOAJ; Emerging Sources Citation Index
http://www.wikidata.org/entity/Q103899597,Scopus; DOAJ; Emerging Sources Citation Index
http://www.wikidata.org/entity/Q103899601,Scopus; DOAJ; Emerging Sources Citation Index
http://www.wikidata.org/entity/Q103899606,Scopus; DOAJ; Emerging Sources Citation Index
http://www.wikidata.org/entity/Q103899607,Scopus; DOAJ; Emerging Sources Citation Index
http://www.wikidata.org/entity/Q103899604,Scopus; DOAJ; Emerging Sources Citation Index
http://www.wikidata.org/entity/Q103899605,Scopus; DOAJ; Emerging Sources Citation Index
http://www.wikidata.org/entity/Q103899610,Scopus; DOAJ; Emerging Sources Citation Index
http://www.wikidata.org/entity/Q103899609,Scopus; DOAJ; Emerging Sources Citation Index
http://www.wikidata.org/entity/Q103899614,Scopus; DOAJ; Emerging Sources Citation Index
http://www.wikidata.org/entity/Q103899613,Scopus; DOAJ; Emerging Sources Citation Index
http://www.wikidata.org/entity/Q103901278,Scopus; DOAJ; Emerging Sources Citation Index
http://www.wikidata.org/entity/Q103901283,Scopus; DOAJ; Emerging Sources Citation Index
http://www.wikidata.org/entity/Q103901280,Scopus; DOAJ; Emerging Sources Citation Index
http://www.wikidata.org/entity/Q103901290,Scopus; DOAJ; Emerging Sources Citation Index
http://www.wikidata.org/entity/Q103901289,Scopus; DOAJ; Emerging Sources Citation Index
http://www.wikidata.org/entity/Q103901292,Scopus; DOAJ; Emerging Sources Citation Index
http://www.wikidata.org/entity/Q103901299,Scopus; DOAJ; Emerging Sources Citation Index
http://www.wikidata.org/entity/Q103901296,Scopus; DOAJ; Emerging Sources Citation Index
http://www.wikidata.org/entity/Q103901302,Scopus; DOAJ; Emerging Sources Citation Index
http://www.wikidata.org/entity/Q103901301,Scopus; DOAJ; Emerging Sources Citation Index
http://www.wikidata.org/entity/Q103901304,Scopus; DOAJ; Emerging Sources Citation Index
http://www.wikidata.org/entity/Q103901310,Scopus; DOAJ; Emerging Sources Citation Index
http://www.wikidata.org/entity/Q103901308,Scopus; DOAJ; Emerging Sources Citation Index
http://www.wikidata.org/entity/Q103901314,Scopus; DOAJ; Emerging Sources Citation Index
http://www.wikidata.org/entity/Q103901316,Scopus; DOAJ; Emerging Sources Citation Index
http://www.wikidata.org/entity/Q103901322,Scopus; DOAJ; Emerging Sources Citation Index
http://www.wikidata.org/entity/Q103901321,Scopus; DOAJ; Emerging Sources Citation Index
http://www.wikidata.org/entity/Q103901324,Scopus; DOAJ; Emerging Sources Citation Index
http://www.wikidata.org/entity/Q103915809,Scopus; DOAJ; Emerging Sources Citation Index
http://www.wikidata.org/entity/Q103915814,Scopus; DOAJ; Emerging Sources Citation Index
http://www.wikidata.org/entity/Q103915812,Scopus; DOAJ; Emerging Sources Citation Index
http://www.wikidata.org/entity/Q103915818,Scopus; DOAJ; Emerging Sources Citation Index
http://www.wikidata.org/entity/Q103915819,Scopus; DOAJ; Emerging Sources Citation Index
http://www.wikidata.org/entity/Q103915822,Scopus; DOAJ; Emerging Sources Citation Index
http://www.wikidata.org/entity/Q103915827,Scopus; DOAJ; Emerging Sources Citation Index
http://www.wikidata.org/entity/Q103915824,Scopus; DOAJ; Emerging Sources Citation Index
http://www.wikidata.org/entity/Q103915831,Scopus; DOAJ; Emerging Sources Citation Index
http://www.wikidata.org/entity/Q103915835,Scopus; DOAJ; Emerging Sources Citation Index
http://www.wikidata.org/entity/Q103915833,Scopus; DOAJ; Emerging Sources Citation Index
http://www.wikidata.org/entity/Q103915839,Scopus; DOAJ; Emerging Sources Citation Index
http://www.wikidata.org/entity/Q103915836,Scopus; DOAJ; Emerging Sources Citation Index
http://www.wikidata.org/entity/Q103915843,Scopus; DOAJ; Emerging Sources Citation Index
http://www.wikidata.org/entity/Q103915841,Scopus; DOAJ; Emerging Sources Citation Index
http://www.wikidata.org/entity/Q103915866,Scopus; DOAJ; Emerging Sources Citation Index
http://www.wikidata.org/entity/Q103915864,Scopus; DOAJ; Emerging Sources Citation Index
http://www.wikidata.org/entity/Q103915869,Scopus; DOAJ; Emerging Sources Citation Index
http://www.wikidata.org/entity/Q103915875,Scopus; DOAJ; Emerging Sources Citation Index
http://www.wikidata.org/entity/Q103915873,Scopus; DOAJ; Emerging Sources Citation Index
http://www.wikidata.org/entity/Q103915883,Scopus; DOAJ; Emerging Sources Citation Index
http://www.wikidata.org/entity/Q103915881,Scopus; DOAJ; Emerging Sources Citation Index
http://www.wikidata.org/entity/Q103915887,Scopus; DOAJ; Emerging Sources Citation Index
http://www.wikidata.org/entity/Q103915888,Scopus; DOAJ; Emerging Sources Citation Index
http://www.wikidata.org/entity/Q103915895,Scopus; DOAJ; Emerging Sources Citation Index
http://www.wikidata.org/entity/Q103915893,Scopus; DOAJ; Emerging Sources Citation Index
http://www.wikidata.org/entity/Q103915898,Scopus; DOAJ; Emerging Sources Citation Index
http://www.wikidata.org/entity/Q103915903,Scopus; DOAJ; Emerging Sources Citation Index
http://www.wikidata.org/entity/Q103915900,Scopus; DOAJ; Emerging Sources Citation Index
http://www.wikidata.org/entity/Q103915907,Scopus; DOAJ; Emerging Sources Citation Index
http://www.wikidata.org/entity/Q103918125,Scopus; DOAJ; Emerging Sources Citation Index
http://www.wikidata.org/entity/Q103918128,Scopus; DOAJ; Emerging Sources Citation Index
http://www.wikidata.org/entity/Q103918134,Scopus; DOAJ; Emerging Sources Citation Index
http://www.wikidata.org/entity/Q103918132,Scopus; DOAJ; Emerging Sources Citation Index
http://www.wikidata.org/entity/Q103918138,Scopus; DOAJ; Emerging Sources Citation Index
http://www.wikidata.org/entity/Q103918139,Scopus; DOAJ; Emerging Sources Citation Index
http://www.wikidata.org/entity/Q103918136,Scopus; DOAJ; Emerging Sources Citation Index
http://www.wikidata.org/entity/Q103918142,Scopus; DOAJ; Emerging Sources Citation Index
http://www.wikidata.org/entity/Q103918144,Scopus; DOAJ; Emerging Sources Citation Index
http://www.wikidata.org/entity/Q103918150,Scopus; DOAJ; Emerging Sources Citation Index
http://www.wikidata.org/entity/Q103918148,Scopus; DOAJ; Emerging Sources Citation Index
http://www.wikidata.org/entity/Q103918152,Scopus; DOAJ; Emerging Sources Citation Index
http://www.wikidata.org/entity/Q103918156,Scopus; DOAJ; Emerging Sources Citation Index
http://www.wikidata.org/entity/Q103918163,Scopus; DOAJ; Emerging Sources Citation Index
http://www.wikidata.org/entity/Q103918160,Scopus; DOAJ; Emerging Sources Citation Index
http://www.wikidata.org/entity/Q103918164,Scopus; DOAJ; Emerging Sources Citation Index
http://www.wikidata.org/entity/Q103918168,Scopus; DOAJ; Emerging Sources Citation Index
http://www.wikidata.org/entity/Q103918169,Scopus; DOAJ; Emerging Sources Citation Index
http://www.wikidata.org/entity/Q103918174,Scopus; DOAJ; Emerging Sources Citation Index
http://www.wikidata.org/entity/Q103918172,Scopus; DOAJ; Emerging Sources Citation Index
http://www.wikidata.org/entity/Q103918178,Scopus; DOAJ; Emerging Sources Citation Index
http://www.wikidata.org/entity/Q103918180,Scopus; DOAJ; Emerging Sources Citation Index
http://www.wikidata.org/entity/Q103918211,Scopus; DOAJ; Emerging Sources Citation Index
http://www.wikidata.org/entity/Q103918215,Scopus; DOAJ; Emerging Sources Citation Index
http://www.wikidata.org/entity/Q103918217,Scopus; DOAJ; Emerging Sources Citation Index
http://www.wikidata.org/entity/Q103918222,Scopus; DOAJ; Emerging Sources Citation Index
http://www.wikidata.org/entity/Q103918220,Scopus; DOAJ; Emerging Sources Citation Index
http://www.wikidata.org/entity/Q103918227,Scopus; DOAJ; Emerging Sources Citation Index
http://www.wikidata.org/entity/Q103918224,Scopus; DOAJ; Emerging Sources Citation Index
http://www.wikidata.org/entity/Q103918230,Scopus; DOAJ; Emerging Sources Citation Index
http://www.wikidata.org/entity/Q103918234,Scopus; DOAJ; Emerging Sources Citation Index
http://www.wikidata.org/entity/Q103918232,Scopus; DOAJ; Emerging Sources Citation Index
http://www.wikidata.org/entity/Q103918238,Scopus; DOAJ; Emerging Sources Citation Index
http://www.wikidata.org/entity/Q103918236,Scopus; DOAJ; Emerging Sources Citation Index
http://www.wikidata.org/entity/Q103918242,Scopus; DOAJ; Emerging Sources Citation Index
http://www.wikidata.org/entity/Q103918240,Scopus; DOAJ; Emerging Sources Citation Index
http://www.wikidata.org/entity/Q103918246,Scopus; DOAJ; Emerging Sources Citation Index
http://www.wikidata.org/entity/Q103918244,Scopus; DOAJ; Emerging Sources Citation Index
http://www.wikidata.org/entity/Q103918251,Scopus; DOAJ; Emerging Sources Citation Index
http://www.wikidata.org/entity/Q103918249,Scopus; DOAJ; Emerging Sources Citation Index
http://www.wikidata.org/entity/Q103918253,Scopus; DOAJ; Emerging Sources Citation Index
http://www.wikidata.org/entity/Q103918258,Scopus; DOAJ; Emerging Sources Citation Index
http://www.wikidata.org/entity/Q103918256,Scopus; DOAJ; Emerging Sources Citation Index
http://www.wikidata.org/entity/Q103918260,Scopus; DOAJ; Emerging Sources Citation Index
http://www.wikidata.org/entity/Q103918266,Scopus; DOAJ; Emerging Sources Citation Index
http://www.wikidata.org/entity/Q103918264,Scopus; DOAJ; Emerging Sources Citation Index
http://www.wikidata.org/entity/Q103918270,Scopus; DOAJ; Emerging Sources Citation Index
http://www.wikidata.org/entity/Q103918268,Scopus; DOAJ; Emerging Sources Citation Index
http://www.wikidata.org/entity/Q103918272,Scopus; DOAJ; Emerging Sources Citation Index
http://www.wikidata.org/entity/Q103918273,Scopus; DOAJ; Emerging Sources Citation Index
http://www.wikidata.org/entity/Q103918279,Scopus; DOAJ; Emerging Sources Citation Index
http://www.wikidata.org/entity/Q103918276,Scopus; DOAJ; Emerging Sources Citation Index
http://www.wikidata.org/entity/Q103918326,Scopus; DOAJ; Emerging Sources Citation Index
http://www.wikidata.org/entity/Q103918330,Scopus; DOAJ; Emerging Sources Citation Index
http://www.wikidata.org/entity/Q103918328,Scopus; DOAJ; Emerging Sources Citation Index
http://www.wikidata.org/entity/Q103918333,Scopus; DOAJ; Emerging Sources Citation Index
http://www.wikidata.org/entity/Q103918338,Scopus; DOAJ; Emerging Sources Citation Index
http://www.wikidata.org/entity/Q103918339,Scopus; DOAJ; Emerging Sources Citation Index
http://www.wikidata.org/entity/Q103918336,Scopus; DOAJ; Emerging Sources Citation Index
http://www.wikidata.org/entity/Q103918341,Scopus; DOAJ; Emerging Sources Citation Index
http://www.wikidata.org/entity/Q103918347,Scopus; DOAJ; Emerging Sources Citation Index
http://www.wikidata.org/entity/Q103918344,Scopus; DOAJ; Emerging Sources Citation Index
http://www.wikidata.org/entity/Q103918350,Scopus; DOAJ; Emerging Sources Citation Index
http://www.wikidata.org/entity/Q103918353,Scopus; DOAJ; Emerging Sources Citation Index
http://www.wikidata.org/entity/Q103918358,Scopus; DOAJ; Emerging Sources Citation Index
http://www.wikidata.org/entity/Q103918356,Scopus; DOAJ; Emerging Sources Citation Index
http://www.wikidata.org/entity/Q103918363,Scopus; DOAJ; Emerging Sources Citation Index
http://www.wikidata.org/entity/Q103918361,Scopus; DOAJ; Emerging Sources Citation Index
http://www.wikidata.org/entity/Q103918366,Scopus; DOAJ; Emerging Sources Citation Index
http://www.wikidata.org/entity/Q103918370,Scopus; DOAJ; Emerging Sources Citation Index
http://www.wikidata.org/entity/Q103918368,Scopus; DOAJ; Emerging Sources Citation Index
http://www.wikidata.org/entity/Q103918375,Scopus; DOAJ; Emerging Sources Citation Index
http://www.wikidata.org/entity/Q103918373,Scopus; DOAJ; Emerging Sources Citation Index
http://www.wikidata.org/entity/Q103918377,Scopus; DOAJ; Emerging Sources Citation Index
http://www.wikidata.org/entity/Q103919289,Scopus; DOAJ; Emerging Sources Citation Index
http://www.wikidata.org/entity/Q103919294,Scopus; DOAJ; Emerging Sources Citation Index
http://www.wikidata.org/entity/Q103919299,Scopus; DOAJ; Emerging Sources Citation Index
http://www.wikidata.org/entity/Q103919296,Scopus; DOAJ; Emerging Sources Citation Index
http://www.wikidata.org/entity/Q103919303,Scopus; DOAJ; Emerging Sources Citation Index
http://www.wikidata.org/entity/Q103919301,Scopus; DOAJ; Emerging Sources Citation Index
http://www.wikidata.org/entity/Q103919307,Scopus; DOAJ; Emerging Sources Citation Index
http://www.wikidata.org/entity/Q103919305,Scopus; DOAJ; Emerging Sources Citation Index
http://www.wikidata.org/entity/Q103919309,Scopus; DOAJ; Emerging Sources Citation Index
http://www.wikidata.org/entity/Q103919315,Scopus; DOAJ; Emerging Sources Citation Index
http://www.wikidata.org/entity/Q103919312,Scopus; DOAJ; Emerging Sources Citation Index
http://www.wikidata.org/entity/Q103919318,Scopus; DOAJ; Emerging Sources Citation Index
http://www.wikidata.org/entity/Q103919323,Scopus; DOAJ; Emerging Sources Citation Index
http://www.wikidata.org/entity/Q103919320,Scopus; DOAJ; Emerging Sources Citation Index
http://www.wikidata.org/entity/Q103919326,Scopus; DOAJ; Emerging Sources Citation Index
http://www.wikidata.org/entity/Q103919331,Scopus; DOAJ; Emerging Sources Citation Index
http://www.wikidata.org/entity/Q103919328,Scopus; DOAJ; Emerging Sources Citation Index
http://www.wikidata.org/entity/Q103919333,Scopus; DOAJ; Emerging Sources Citation Index
http://www.wikidata.org/entity/Q103919339,Scopus; DOAJ; Emerging Sources Citation Index
http://www.wikidata.org/entity/Q103919336,Scopus; DOAJ; Emerging Sources Citation Index
http://www.wikidata.org/entity/Q103919343,Scopus; DOAJ; Emerging Sources Citation Index
http://www.wikidata.org/entity/Q103919346,Scopus; DOAJ; Emerging Sources Citation Index
http://www.wikidata.org/entity/Q103919351,Scopus; DOAJ; Emerging Sources Citation Index
http://www.wikidata.org/entity/Q103919348,Scopus; DOAJ; Emerging Sources Citation Index
http://www.wikidata.org/entity/Q103919353,Scopus; DOAJ; Emerging Sources Citation Index
http://www.wikidata.org/entity/Q103919359,Scopus; DOAJ; Emerging Sources Citation Index
http://www.wikidata.org/entity/Q103919357,Scopus; DOAJ; Emerging Sources Citation Index
http://www.wikidata.org/entity/Q103919362,Scopus; DOAJ; Emerging Sources Citation Index
http://www.wikidata.org/entity/Q103919366,Scopus; DOAJ; Emerging Sources Citation Index
http://www.wikidata.org/entity/Q103919364,Scopus; DOAJ; Emerging Sources Citation Index
http://www.wikidata.org/entity/Q103919369,Scopus; DOAJ; Emerging Sources Citation Index
http://www.wikidata.org/entity/Q103919372,Scopus; DOAJ; Emerging Sources Citation Index
http://www.wikidata.org/entity/Q103919378,Scopus; DOAJ; Emerging Sources Citation Index
http://www.wikidata.org/entity/Q103919376,Scopus; DOAJ; Emerging Sources Citation Index
http://www.wikidata.org/entity/Q103919382,Scopus; DOAJ; Emerging Sources Citation Index
http://www.wikidata.org/entity/Q103919380,Scopus; DOAJ; Emerging Sources Citation Index
http://www.wikidata.org/entity/Q103919385,Scopus; DOAJ; Emerging Sources Citation Index
http://www.wikidata.org/entity/Q103919389,Scopus; DOAJ; Emerging Sources Citation Index
http://www.wikidata.org/entity/Q103919394,Scopus; DOAJ; Emerging Sources Citation Index
http://www.wikidata.org/entity/Q103919396,Scopus; DOAJ; Emerging Sources Citation Index
http://www.wikidata.org/entity/Q103919620,Scopus; DOAJ; Emerging Sources Citation Index
http://www.wikidata.org/entity/Q103919627,Scopus; DOAJ; Emerging Sources Citation Index
http://www.wikidata.org/entity/Q103919625,Scopus; DOAJ; Emerging Sources Citation Index
http://www.wikidata.org/entity/Q103919629,Scopus; DOAJ; Emerging Sources Citation Index
http://www.wikidata.org/entity/Q103919635,Scopus; DOAJ; Emerging Sources Citation Index
http://www.wikidata.org/entity/Q103919632,Scopus; DOAJ; Emerging Sources Citation Index
http://www.wikidata.org/entity/Q103919633,Scopus; DOAJ; Emerging Sources Citation Index
http://www.wikidata.org/entity/Q103919639,Scopus; DOAJ; Emerging Sources Citation Index
http://www.wikidata.org/entity/Q103919643,Scopus; DOAJ; Emerging Sources Citation Index
http://www.wikidata.org/entity/Q103919646,Scopus; DOAJ; Emerging Sources Citation Index
http://www.wikidata.org/entity/Q103919650,Scopus; DOAJ; Emerging Sources Citation Index
http://www.wikidata.org/entity/Q103919654,Scopus; DOAJ; Emerging Sources Citation Index
http://www.wikidata.org/entity/Q103919652,Scopus; DOAJ; Emerging Sources Citation Index
http://www.wikidata.org/entity/Q103919658,Scopus; DOAJ; Emerging Sources Citation Index
http://www.wikidata.org/entity/Q103919715,Scopus; DOAJ; Emerging Sources Citation Index
http://www.wikidata.org/entity/Q103919718,Scopus; DOAJ; Emerging Sources Citation Index
http://www.wikidata.org/entity/Q103919722,Scopus; DOAJ; Emerging Sources Citation Index
http://www.wikidata.org/entity/Q103919720,Scopus; DOAJ; Emerging Sources Citation Index
http://www.wikidata.org/entity/Q103919727,Scopus; DOAJ; Emerging Sources Citation Index
http://www.wikidata.org/entity/Q103919724,Scopus; DOAJ; Emerging Sources Citation Index
http://www.wikidata.org/entity/Q103919730,Scopus; DOAJ; Emerging Sources Citation Index
http://www.wikidata.org/entity/Q103919735,Scopus; DOAJ; Emerging Sources Citation Index
http://www.wikidata.org/entity/Q103919732,Scopus; DOAJ; Emerging Sources Citation Index
http://www.wikidata.org/entity/Q103919738,Scopus; DOAJ; Emerging Sources Citation Index
http://www.wikidata.org/entity/Q103919742,Scopus; DOAJ; Emerging Sources Citation Index
http://www.wikidata.org/entity/Q103919894,Scopus; DOAJ; Emerging Sources Citation Index
http://www.wikidata.org/entity/Q103919979,Scopus; DOAJ; Emerging Sources Citation Index
http://www.wikidata.org/entity/Q103919982,Scopus; DOAJ; Emerging Sources Citation Index
http://www.wikidata.org/entity/Q103919987,Scopus; DOAJ; Emerging Sources Citation Index
http://www.wikidata.org/entity/Q103919985,Scopus; DOAJ; Emerging Sources Citation Index
http://www.wikidata.org/entity/Q103919990,Scopus; DOAJ; Emerging Sources Citation Index
http://www.wikidata.org/entity/Q103919994,Scopus; DOAJ; Emerging Sources Citation Index
http://www.wikidata.org/entity/Q103919999,Scopus; DOAJ; Emerging Sources Citation Index
http://www.wikidata.org/entity/Q103920001,Scopus; DOAJ; Emerging Sources Citation Index
http://www.wikidata.org/entity/Q103920007,Scopus; DOAJ; Emerging Sources Citation Index
http://www.wikidata.org/entity/Q103920009,Scopus; DOAJ; Emerging Sources Citation Index
http://www.wikidata.org/entity/Q103920012,Scopus; DOAJ; Emerging Sources Citation Index
http://www.wikidata.org/entity/Q103920016,Scopus; DOAJ; Emerging Sources Citation Index
http://www.wikidata.org/entity/Q103948932,
http://www.wikidata.org/entity/Q103948937,
http://www.wikidata.org/entity/Q103948941,
http://www.wikidata.org/entity/Q103948945,
http://www.wikidata.org/entity/Q103948950,
http://www.wikidata.org/entity/Q103948951,
http://www.wikidata.org/entity/Q103948955,
http://www.wikidata.org/entity/Q103948958,
http://www.wikidata.org/entity/Q103948962,
http://www.wikidata.org/entity/Q103948964,
http://www.wikidata.org/entity/Q103948970,
http://www.wikidata.org/entity/Q103948968,
http://www.wikidata.org/entity/Q103948975,
http://www.wikidata.org/entity/Q103948977,
http://www.wikidata.org/entity/Q103948981,
http://www.wikidata.org/entity/Q103948986,
http://www.wikidata.org/entity/Q103948989,
http://www.wikidata.org/entity/Q103948995,
http://www.wikidata.org/entity/Q103948999,
http://www.wikidata.org/entity/Q103949004,
http://www.wikidata.org/entity/Q103949008,
http://www.wikidata.org/entity/Q103949012,
http://www.wikidata.org/entity/Q103949016,
http://www.wikidata.org/entity/Q103949017,
http://www.wikidata.org/entity/Q103949027,
http://www.wikidata.org/entity/Q103949024,
http://www.wikidata.org/entity/Q103949093,
http://www.wikidata.org/entity/Q103949098,
http://www.wikidata.org/entity/Q103949103,
http://www.wikidata.org/entity/Q103949113,
http://www.wikidata.org/entity/Q103949118,
http://www.wikidata.org/entity/Q103949123,
http://www.wikidata.org/entity/Q103949130,
http://www.wikidata.org/entity/Q103949137,
http://www.wikidata.org/entity/Q103949143,
http://www.wikidata.org/entity/Q103949146,
http://www.wikidata.org/entity/Q103949150,
http://www.wikidata.org/entity/Q103949156,
http://www.wikidata.org/entity/Q103949167,
http://www.wikidata.org/entity/Q103949170,
http://www.wikidata.org/entity/Q103949176,
http://www.wikidata.org/entity/Q103949183,
http://www.wikidata.org/entity/Q103949187,
http://www.wikidata.org/entity/Q103949190,
http://www.wikidata.org/entity/Q103949193,
http://www.wikidata.org/entity/Q103949200,
http://www.wikidata.org/entity/Q103949206,
http://www.wikidata.org/entity/Q103949219,
http://www.wikidata.org/entity/Q103949227,
http://www.wikidata.org/entity/Q103949230,
http://www.wikidata.org/entity/Q103949234,
http://www.wikidata.org/entity/Q103949237,
http://www.wikidata.org/entity/Q103949242,
http://www.wikidata.org/entity/Q103949248,
http://www.wikidata.org/entity/Q103949253,
http://www.wikidata.org/entity/Q103949258,
http://www.wikidata.org/entity/Q103949266,
http://www.wikidata.org/entity/Q103949269,
http://www.wikidata.org/entity/Q103949274,
http://www.wikidata.org/entity/Q103949282,
http://www.wikidata.org/entity/Q103949284,
http://www.wikidata.org/entity/Q103949290,
http://www.wikidata.org/entity/Q103949342,
http://www.wikidata.org/entity/Q103949351,
http://www.wikidata.org/entity/Q103949355,
http://www.wikidata.org/entity/Q103949362,
http://www.wikidata.org/entity/Q103949360,
http://www.wikidata.org/entity/Q103949365,
http://www.wikidata.org/entity/Q103949369,
http://www.wikidata.org/entity/Q103949373,
http://www.wikidata.org/entity/Q103949377,
http://www.wikidata.org/entity/Q103949382,
http://www.wikidata.org/entity/Q103949385,
http://www.wikidata.org/entity/Q103949391,
http://www.wikidata.org/entity/Q103949397,
http://www.wikidata.org/entity/Q103949402,
http://www.wikidata.org/entity/Q103949406,
http://www.wikidata.org/entity/Q103949408,
http://www.wikidata.org/entity/Q103949414,
http://www.wikidata.org/entity/Q103949412,
http://www.wikidata.org/entity/Q103949419,
http://www.wikidata.org/entity/Q103949425,
http://www.wikidata.org/entity/Q103949431,
http://www.wikidata.org/entity/Q103949428,
http://www.wikidata.org/entity/Q103949437,
http://www.wikidata.org/entity/Q103949443,
http://www.wikidata.org/entity/Q103949445,
http://www.wikidata.org/entity/Q103949450,
http://www.wikidata.org/entity/Q103949454,
http://www.wikidata.org/entity/Q103949460,
http://www.wikidata.org/entity/Q103949465,
http://www.wikidata.org/entity/Q103949468,
http://www.wikidata.org/entity/Q103949472,
http://www.wikidata.org/entity/Q103949476,
http://www.wikidata.org/entity/Q103949482,
http://www.wikidata.org/entity/Q104057116,
http://www.wikidata.org/entity/Q104057358,
http://www.wikidata.org/entity/Q104150702,
http://www.wikidata.org/entity/Q104150703,
http://www.wikidata.org/entity/Q104150704,
http://www.wikidata.org/entity/Q104213403,
http://www.wikidata.org/entity/Q104213404,
http://www.wikidata.org/entity/Q104250752,
http://www.wikidata.org/entity/Q104250758,
http://www.wikidata.org/entity/Q104250756,
http://www.wikidata.org/entity/Q104250763,
http://www.wikidata.org/entity/Q104250761,
http://www.wikidata.org/entity/Q104250766,
http://www.wikidata.org/entity/Q104250768,
http://www.wikidata.org/entity/Q104250769,
http://www.wikidata.org/entity/Q104250775,
http://www.wikidata.org/entity/Q104250772,
http://www.wikidata.org/entity/Q104250773,
http://www.wikidata.org/entity/Q104250778,
http://www.wikidata.org/entity/Q104250781,
http://www.wikidata.org/entity/Q104250786,
http://www.wikidata.org/entity/Q104250784,
http://www.wikidata.org/entity/Q104250790,
http://www.wikidata.org/entity/Q104250788,
http://www.wikidata.org/entity/Q104250795,
http://www.wikidata.org/entity/Q104250793,
http://www.wikidata.org/entity/Q104250798,
http://www.wikidata.org/entity/Q104381859,
http://www.wikidata.org/entity/Q104381886,
http://www.wikidata.org/entity/Q104381887,
http://www.wikidata.org/entity/Q104381885,
http://www.wikidata.org/entity/Q104381890,
http://www.wikidata.org/entity/Q104381891,
http://www.wikidata.org/entity/Q104381888,
http://www.wikidata.org/entity/Q104381889,
http://www.wikidata.org/entity/Q104381894,
http://www.wikidata.org/entity/Q104381895,
http://www.wikidata.org/entity/Q104381892,
http://www.wikidata.org/entity/Q104381893,
http://www.wikidata.org/entity/Q104381898,
http://www.wikidata.org/entity/Q104381899,
http://www.wikidata.org/entity/Q104381896,
http://www.wikidata.org/entity/Q104381897,
http://www.wikidata.org/entity/Q104381902,
http://www.wikidata.org/entity/Q104381903,
http://www.wikidata.org/entity/Q104381900,
http://www.wikidata.org/entity/Q104381901,
http://www.wikidata.org/entity/Q104381904,
http://www.wikidata.org/entity/Q104381905,
http://www.wikidata.org/entity/Q104382458,
http://www.wikidata.org/entity/Q104382459,
http://www.wikidata.org/entity/Q104382457,
http://www.wikidata.org/entity/Q104382462,
http://www.wikidata.org/entity/Q104382463,
http://www.wikidata.org/entity/Q104382460,
http://www.wikidata.org/entity/Q104382466,
http://www.wikidata.org/entity/Q104382467,
http://www.wikidata.org/entity/Q104382464,
http://www.wikidata.org/entity/Q104382465,
http://www.wikidata.org/entity/Q104382470,
http://www.wikidata.org/entity/Q104382471,
http://www.wikidata.org/entity/Q104382468,
http://www.wikidata.org/entity/Q104382469,
http://www.wikidata.org/entity/Q104382475,
http://www.wikidata.org/entity/Q104382472,
http://www.wikidata.org/entity/Q104382473,
http://www.wikidata.org/entity/Q104455507,
http://www.wikidata.org/entity/Q104786698,Scopus; Google Scholar; DOAJ; SCImago Journal Rank
http://www.wikidata.org/entity/Q104786699,Scopus; Google Scholar; DOAJ; SCImago Journal Rank
http://www.wikidata.org/entity/Q104786702,Scopus; Google Scholar; DOAJ; SCImago Journal Rank
http://www.wikidata.org/entity/Q104786700,Scopus; Google Scholar; DOAJ; SCImago Journal Rank
http://www.wikidata.org/entity/Q104786701,Scopus; Google Scholar; DOAJ; SCImago Journal Rank
http://www.wikidata.org/entity/Q104786706,Scopus; Google Scholar; DOAJ; SCImago Journal Rank
http://www.wikidata.org/entity/Q104786707,Scopus; Google Scholar; DOAJ; SCImago Journal Rank
http://www.wikidata.org/entity/Q104786704,Scopus; Google Scholar; DOAJ; SCImago Journal Rank
http://www.wikidata.org/entity/Q104786705,Scopus; Google Scholar; DOAJ; SCImago Journal Rank
http://www.wikidata.org/entity/Q104786709,Scopus; Google Scholar; DOAJ; SCImago Journal Rank
http://www.wikidata.org/entity/Q105491102,Scopus; DOAJ; Emerging Sources Citation Index
http://www.wikidata.org/entity/Q105491103,Scopus; DOAJ; Emerging Sources Citation Index
http://www.wikidata.org/entity/Q105491101,Scopus; DOAJ; Emerging Sources Citation Index
http://www.wikidata.org/entity/Q105491106,Scopus; DOAJ; Emerging Sources Citation Index
http://www.wikidata.org/entity/Q105491107,Scopus; DOAJ; Emerging Sources Citation Index
http://www.wikidata.org/entity/Q105491104,Scopus; DOAJ; Emerging Sources Citation Index
http://www.wikidata.org/entity/Q105491105,Scopus; DOAJ; Emerging Sources Citation Index
http://www.wikidata.org/entity/Q105491110,Scopus; DOAJ; Emerging Sources Citation Index
http://www.wikidata.org/entity/Q105491108,Scopus; DOAJ; Emerging Sources Citation Index
http://www.wikidata.org/entity/Q105491109,Scopus; DOAJ; Emerging Sources Citation Index
http://www.wikidata.org/entity/Q105491114,Scopus; DOAJ; Emerging Sources Citation Index
http://www.wikidata.org/entity/Q105491112,Scopus; DOAJ; Emerging Sources Citation Index
http://www.wikidata.org/entity/Q105491113,Scopus; DOAJ; Emerging Sources Citation Index
http://www.wikidata.org/entity/Q106696225,
http://www.wikidata.org/entity/Q107394986,Scopus; Google Scholar; DOAJ; SCImago Journal Rank
http://www.wikidata.org/entity/Q107394987,Scopus; Google Scholar; DOAJ; SCImago Journal Rank
http://www.wikidata.org/entity/Q107394990,Scopus; Google Scholar; DOAJ; SCImago Journal Rank
http://www.wikidata.org/entity/Q107394991,Scopus; Google Scholar; DOAJ; SCImago Journal Rank
http://www.wikidata.org/entity/Q107394988,Scopus; Google Scholar; DOAJ; SCImago Journal Rank
http://www.wikidata.org/entity/Q107394989,Scopus; Google Scholar; DOAJ; SCImago Journal Rank
http://www.wikidata.org/entity/Q107394994,Scopus; Google Scholar; DOAJ; SCImago Journal Rank
http://www.wikidata.org/entity/Q107394995,Scopus; Google Scholar; DOAJ; SCImago Journal Rank
http://www.wikidata.org/entity/Q107394992,Scopus; Google Scholar; DOAJ; SCImago Journal Rank
http://www.wikidata.org/entity/Q107394999,Scopus; Google Scholar; DOAJ; SCImago Journal Rank
http://www.wikidata.org/entity/Q107394996,Scopus; Google Scholar; DOAJ; SCImago Journal Rank
http://www.wikidata.org/entity/Q107394997,Scopus; Google Scholar; DOAJ; SCImago Journal Rank
http://www.wikidata.org/entity/Q107395002,Scopus; Google Scholar; DOAJ; SCImago Journal Rank
http://www.wikidata.org/entity/Q107395003,Scopus; Google Scholar; DOAJ; SCImago Journal Rank
http://www.wikidata.org/entity/Q107395000,Scopus; Google Scholar; DOAJ; SCImago Journal Rank
http://www.wikidata.org/entity/Q107395001,Scopus; Google Scholar; DOAJ; SCImago Journal Rank
http://www.wikidata.org/entity/Q107620404,Scopus
http://www.wikidata.org/entity/Q107699770,
http://www.wikidata.org/entity/Q109593333,Journal Citation Reports; SCImago Journal Rank
http://www.wikidata.org/entity/Q109593344,DOAJ
http://www.wikidata.org/entity/Q109622637,
http://www.wikidata.org/entity/Q109659838,
http://www.wikidata.org/entity/Q109659843,
http://www.wikidata.org/entity/Q109854295,Emerging Sources Citation Index
http://www.wikidata.org/entity/Q109854298,Emerging Sources Citation Index
http://www.wikidata.org/entity/Q109854299,Emerging Sources Citation Index
http://www.wikidata.org/entity/Q109854296,Emerging Sources Citation Index
http://www.wikidata.org/entity/Q109854297,Emerging Sources Citation Index
http://www.wikidata.org/entity/Q109854302,Emerging Sources Citation Index
http://www.wikidata.org/entity/Q109854303,Emerging Sources Citation Index
http://www.wikidata.org/entity/Q109854301,Emerging Sources Citation Index
http://www.wikidata.org/entity/Q109854306,Emerging Sources Citation Index
http://www.wikidata.org/entity/Q109854307,Emerging Sources Citation Index
http://www.wikidata.org/entity/Q109854304,Emerging Sources Citation Index
http://www.wikidata.org/entity/Q109854311,Emerging Sources Citation Index
http://www.wikidata.org/entity/Q109854309,Emerging Sources Citation Index
http://www.wikidata.org/entity/Q109854314,Emerging Sources Citation Index
http://www.wikidata.org/entity/Q109854315,Emerging Sources Citation Index
http://www.wikidata.org/entity/Q109854312,Emerging Sources Citation Index
http://www.wikidata.org/entity/Q109854313,Emerging Sources Citation Index
http://www.wikidata.org/entity/Q109854319,Emerging Sources Citation Index
http://www.wikidata.org/entity/Q109854316,Emerging Sources Citation Index
http://www.wikidata.org/entity/Q109854322,Emerging Sources Citation Index
http://www.wikidata.org/entity/Q109854323,Emerging Sources Citation Index
http://www.wikidata.org/entity/Q109854326,Emerging Sources Citation Index
http://www.wikidata.org/entity/Q109854327,Emerging Sources Citation Index
http://www.wikidata.org/entity/Q109854324,Emerging Sources Citation Index
http://www.wikidata.org/entity/Q109854325,Emerging Sources Citation Index
http://www.wikidata.org/entity/Q109854331,Emerging Sources Citation Index
http://www.wikidata.org/entity/Q109854328,Emerging Sources Citation Index
http://www.wikidata.org/entity/Q109854329,Emerging Sources Citation Index
http://www.wikidata.org/entity/Q109854334,Emerging Sources Citation Index
http://www.wikidata.org/entity/Q109854335,Emerging Sources Citation Index
http://www.wikidata.org/entity/Q109854332,Emerging Sources Citation Index
http://www.wikidata.org/entity/Q109854333,Emerging Sources Citation Index
http://www.wikidata.org/entity/Q109854338,Emerging Sources Citation Index
http://www.wikidata.org/entity/Q109854336,Emerging Sources Citation Index
http://www.wikidata.org/entity/Q109854337,Emerging Sources Citation Index
http://www.wikidata.org/entity/Q109854343,Emerging Sources Citation Index
http://www.wikidata.org/entity/Q109854341,Emerging Sources Citation Index
http://www.wikidata.org/entity/Q109854347,Emerging Sources Citation Index
http://www.wikidata.org/entity/Q109854344,Emerging Sources Citation Index
http://www.wikidata.org/entity/Q109854345,Emerging Sources Citation Index
http://www.wikidata.org/entity/Q109854351,Emerging Sources Citation Index
http://www.wikidata.org/entity/Q109854348,Emerging Sources Citation Index
http://www.wikidata.org/entity/Q109854349,Emerging Sources Citation Index
http://www.wikidata.org/entity/Q109854354,Emerging Sources Citation Index
http://www.wikidata.org/entity/Q109854355,Emerging Sources Citation Index
http://www.wikidata.org/entity/Q109854352,Emerging Sources Citation Index
http://www.wikidata.org/entity/Q109854353,Emerging Sources Citation Index
http://www.wikidata.org/entity/Q109854358,Emerging Sources Citation Index
http://www.wikidata.org/entity/Q109854359,Emerging Sources Citation Index
http://www.wikidata.org/entity/Q109854360,Emerging Sources Citation Index
http://www.wikidata.org/entity/Q109854430,Emerging Sources Citation Index
http://www.wikidata.org/entity/Q109854431,Emerging Sources Citation Index
http://www.wikidata.org/entity/Q109854434,Emerging Sources Citation Index
http://www.wikidata.org/entity/Q109854435,Emerging Sources Citation Index
http://www.wikidata.org/entity/Q109854432,Emerging Sources Citation Index
http://www.wikidata.org/entity/Q109854439,Emerging Sources Citation Index
http://www.wikidata.org/entity/Q109854436,Emerging Sources Citation Index
http://www.wikidata.org/entity/Q109854437,Emerging Sources Citation Index
http://www.wikidata.org/entity/Q109854442,Emerging Sources Citation Index
http://www.wikidata.org/entity/Q109854440,Emerging Sources Citation Index
http://www.wikidata.org/entity/Q109854446,Emerging Sources Citation Index
http://www.wikidata.org/entity/Q109854447,Emerging Sources Citation Index
http://www.wikidata.org/entity/Q109854444,Emerging Sources Citation Index
http://www.wikidata.org/entity/Q109854445,Emerging Sources Citation Index
http://www.wikidata.org/entity/Q109854450,Emerging Sources Citation Index
http://www.wikidata.org/entity/Q109854448,Emerging Sources Citation Index
http://www.wikidata.org/entity/Q109854449,Emerging Sources Citation Index
http://www.wikidata.org/entity/Q109854454,Emerging Sources Citation Index
http://www.wikidata.org/entity/Q109854452,Emerging Sources Citation Index
http://www.wikidata.org/entity/Q109854458,Emerging Sources Citation Index
http://www.wikidata.org/entity/Q109854459,Emerging Sources Citation Index
http://www.wikidata.org/entity/Q109854456,Emerging Sources Citation Index
http://www.wikidata.org/entity/Q109854457,Emerging Sources Citation Index
http://www.wikidata.org/entity/Q109854462,Emerging Sources Citation Index
http://www.wikidata.org/entity/Q109854461,Emerging Sources Citation Index
http://www.wikidata.org/entity/Q109854464,Emerging Sources Citation Index
http://www.wikidata.org/entity/Q109854465,Emerging Sources Citation Index
http://www.wikidata.org/entity/Q109854470,Emerging Sources Citation Index
http://www.wikidata.org/entity/Q109854471,Emerging Sources Citation Index
http://www.wikidata.org/entity/Q109854468,Emerging Sources Citation Index
http://www.wikidata.org/entity/Q109854469,Emerging Sources Citation Index
http://www.wikidata.org/entity/Q109854474,Emerging Sources Citation Index
http://www.wikidata.org/entity/Q109854472,Emerging Sources Citation Index
http://www.wikidata.org/entity/Q109854473,Emerging Sources Citation Index
http://www.wikidata.org/entity/Q109854476,Emerging Sources Citation Index
http://www.wikidata.org/entity/Q109854477,Emerging Sources Citation Index
http://www.wikidata.org/entity/Q109854483,Emerging Sources Citation Index
http://www.wikidata.org/entity/Q109854480,Emerging Sources Citation Index
http://www.wikidata.org/entity/Q109854481,Emerging Sources Citation Index
http://www.wikidata.org/entity/Q109854487,Emerging Sources Citation Index
http://www.wikidata.org/entity/Q109854484,Emerging Sources Citation Index
http://www.wikidata.org/entity/Q109854485,Emerging Sources Citation Index
http://www.wikidata.org/entity/Q109854491,Emerging Sources Citation Index
http://www.wikidata.org/entity/Q109854488,Emerging Sources Citation Index
http://www.wikidata.org/entity/Q109854489,Emerging Sources Citation Index
http://www.wikidata.org/entity/Q109854494,Emerging Sources Citation Index
http://www.wikidata.org/entity/Q109854495,Emerging Sources Citation Index
http://www.wikidata.org/entity/Q109854499,Emerging Sources Citation Index
http://www.wikidata.org/entity/Q109854497,Emerging Sources Citation Index
http://www.wikidata.org/entity/Q109854500,Emerging Sources Citation Index
http://www.wikidata.org/entity/Q109854566,Emerging Sources Citation Index
http://www.wikidata.org/entity/Q109854567,Emerging Sources Citation Index
http://www.wikidata.org/entity/Q109854565,Emerging Sources Citation Index
http://www.wikidata.org/entity/Q109854570,Emerging Sources Citation Index
http://www.wikidata.org/entity/Q109854571,Emerging Sources Citation Index
http://www.wikidata.org/entity/Q109854568,Emerging Sources Citation Index
http://www.wikidata.org/entity/Q109854574,Emerging Sources Citation Index
http://www.wikidata.org/entity/Q109854575,Emerging Sources Citation Index
http://www.wikidata.org/entity/Q109854573,Emerging Sources Citation Index
http://www.wikidata.org/entity/Q109854578,Emerging Sources Citation Index
http://www.wikidata.org/entity/Q109854579,Emerging Sources Citation Index
http://www.wikidata.org/entity/Q109854582,Emerging Sources Citation Index
http://www.wikidata.org/entity/Q109854583,Emerging Sources Citation Index
http://www.wikidata.org/entity/Q109854580,Emerging Sources Citation Index
http://www.wikidata.org/entity/Q109854586,Emerging Sources Citation Index
http://www.wikidata.org/entity/Q109854587,Emerging Sources Citation Index
http://www.wikidata.org/entity/Q109854584,Emerging Sources Citation Index
http://www.wikidata.org/entity/Q109854590,Emerging Sources Citation Index
http://www.wikidata.org/entity/Q109854588,Emerging Sources Citation Index
http://www.wikidata.org/entity/Q109854594,Emerging Sources Citation Index
http://www.wikidata.org/entity/Q109854592,Emerging Sources Citation Index
http://www.wikidata.org/entity/Q109854593,Emerging Sources Citation Index
http://www.wikidata.org/entity/Q109854598,Emerging Sources Citation Index
http://www.wikidata.org/entity/Q109854596,Emerging Sources Citation Index
http://www.wikidata.org/entity/Q109854597,Emerging Sources Citation Index
http://www.wikidata.org/entity/Q109854603,Emerging Sources Citation Index
http://www.wikidata.org/entity/Q109854600,Emerging Sources Citation Index
http://www.wikidata.org/entity/Q109854601,Emerging Sources Citation Index
http://www.wikidata.org/entity/Q109854607,Emerging Sources Citation Index
http://www.wikidata.org/entity/Q109854604,Emerging Sources Citation Index
http://www.wikidata.org/entity/Q109854605,Emerging Sources Citation Index
http://www.wikidata.org/entity/Q109854611,Emerging Sources Citation Index
http://www.wikidata.org/entity/Q109854608,Emerging Sources Citation Index
http://www.wikidata.org/entity/Q109854609,Emerging Sources Citation Index
http://www.wikidata.org/entity/Q109854612,Emerging Sources Citation Index
http://www.wikidata.org/entity/Q109854613,Emerging Sources Citation Index
http://www.wikidata.org/entity/Q109854618,Emerging Sources Citation Index
http://www.wikidata.org/entity/Q109854619,Emerging Sources Citation Index
http://www.wikidata.org/entity/Q109854616,Emerging Sources Citation Index
http://www.wikidata.org/entity/Q109854623,Emerging Sources Citation Index
http://www.wikidata.org/entity/Q109854620,Emerging Sources Citation Index
http://www.wikidata.org/entity/Q109854621,Emerging Sources Citation Index
http://www.wikidata.org/entity/Q109854627,Emerging Sources Citation Index
http://www.wikidata.org/entity/Q109854624,Emerging Sources Citation Index
http://www.wikidata.org/entity/Q109854625,Emerging Sources Citation Index
http://www.wikidata.org/entity/Q109854630,Emerging Sources Citation Index
http://www.wikidata.org/entity/Q109854629,Emerging Sources Citation Index
http://www.wikidata.org/entity/Q109854634,Emerging Sources Citation Index
http://www.wikidata.org/entity/Q109854632,Emerging Sources Citation Index
http://www.wikidata.org/entity/Q109854633,Emerging Sources Citation Index
http://www.wikidata.org/entity/Q109854699,Emerging Sources Citation Index
http://www.wikidata.org/entity/Q109854702,Emerging Sources Citation Index
http://www.wikidata.org/entity/Q109854700,Emerging Sources Citation Index
http://www.wikidata.org/entity/Q109854701,Emerging Sources Citation Index
http://www.wikidata.org/entity/Q109854706,Emerging Sources Citation Index
http://www.wikidata.org/entity/Q109854707,Emerging Sources Citation Index
http://www.wikidata.org/entity/Q109854704,Emerging Sources Citation Index
http://www.wikidata.org/entity/Q109854705,Emerging Sources Citation Index
http://www.wikidata.org/entity/Q109854708,Emerging Sources Citation Index
http://www.wikidata.org/entity/Q109854714,Emerging Sources Citation Index
http://www.wikidata.org/entity/Q109854712,Emerging Sources Citation Index
http://www.wikidata.org/entity/Q109854713,Emerging Sources Citation Index
http://www.wikidata.org/entity/Q109854718,Emerging Sources Citation Index
http://www.wikidata.org/entity/Q109854719,Emerging Sources Citation Index
http://www.wikidata.org/entity/Q109854716,Emerging Sources Citation Index
http://www.wikidata.org/entity/Q109854717,Emerging Sources Citation Index
http://www.wikidata.org/entity/Q109854721,Emerging Sources Citation Index
http://www.wikidata.org/entity/Q109947957,Scopus; DOAJ; Emerging Sources Citation Index
http://www.wikidata.org/entity/Q110067791,Emerging Sources Citation Index
http://www.wikidata.org/entity/Q110386754,Scopus; Google Scholar; DOAJ; SCImago Journal Rank
http://www.wikidata.org/entity/Q110386758,Scopus; Google Scholar; DOAJ; SCImago Journal Rank
http://www.wikidata.org/entity/Q110386756,Scopus; Google Scholar; DOAJ; SCImago Journal Rank
http://www.wikidata.org/entity/Q110386763,Scopus; Google Scholar; DOAJ; SCImago Journal Rank
http://www.wikidata.org/entity/Q110386761,Scopus; Google Scholar; DOAJ; SCImago Journal Rank
http://www.wikidata.org/entity/Q110386765,Scopus; Google Scholar; DOAJ; SCImago Journal Rank
http://www.wikidata.org/entity/Q110386770,Scopus; Google Scholar; DOAJ; SCImago Journal Rank
http://www.wikidata.org/entity/Q110386771,Scopus; Google Scholar; DOAJ; SCImago Journal Rank
http://www.wikidata.org/entity/Q110386768,Scopus; Google Scholar; DOAJ; SCImago Journal Rank
http://www.wikidata.org/entity/Q110386774,Scopus; Google Scholar; DOAJ; SCImago Journal Rank
http://www.wikidata.org/entity/Q110386773,Scopus; Google Scholar; DOAJ; SCImago Journal Rank
http://www.wikidata.org/entity/Q110386778,Scopus; Google Scholar; DOAJ; SCImago Journal Rank
http://www.wikidata.org/entity/Q110386776,Scopus; Google Scholar; DOAJ; SCImago Journal Rank
http://www.wikidata.org/entity/Q110386782,Scopus; Google Scholar; DOAJ; SCImago Journal Rank
http://www.wikidata.org/entity/Q110386780,Scopus; Google Scholar; DOAJ; SCImago Journal Rank
http://www.wikidata.org/entity/Q110386786,Scopus; Google Scholar; DOAJ; SCImago Journal Rank
http://www.wikidata.org/entity/Q110386784,Scopus; Google Scholar; DOAJ; SCImago Journal Rank
http://www.wikidata.org/entity/Q111088376,Google Scholar
http://www.wikidata.org/entity/Q111163090,Google Scholar
http://www.wikidata.org/entity/Q111191307,Google Scholar
http://www.wikidata.org/entity/Q111232946,Google Scholar
http://www.wikidata.org/entity/Q111235775,Google Scholar
http://www.wikidata.org/entity/Q111244430,Google Scholar
http://www.wikidata.org/entity/Q111248680,Google Scholar
http://www.wikidata.org/entity/Q111248972,Google Scholar
http://www.wikidata.org/entity/Q111281871,Google Scholar
http://www.wikidata.org/entity/Q111282815,Google Scholar
http://www.wikidata.org/entity/Q111283250,Google Scholar
http://www.wikidata.org/entity/Q111283475,Google Scholar
http://www.wikidata.org/entity/Q111284671,Google Scholar
http://www.wikidata.org/entity/Q111317641,Google Scholar
http://www.wikidata.org/entity/Q111333696,Google Scholar
http://www.wikidata.org/entity/Q111333860,Google Scholar
http://www.wikidata.org/entity/Q111339952,Google Scholar
http://www.wikidata.org/entity/Q111340032,Google Scholar
http://www.wikidata.org/entity/Q111342753,Google Scholar
http://www.wikidata.org/entity/Q111395751,Scopus; DOAJ; Emerging Sources Citation Index
http://www.wikidata.org/entity/Q111395752,Scopus; DOAJ; Emerging Sources Citation Index
http://www.wikidata.org/entity/Q111395753,Scopus; DOAJ; Emerging Sources Citation Index
http://www.wikidata.org/entity/Q111395758,Scopus; DOAJ; Emerging Sources Citation Index
http://www.wikidata.org/entity/Q111395759,Scopus; DOAJ; Emerging Sources Citation Index
http://www.wikidata.org/entity/Q111395756,Scopus; DOAJ; Emerging Sources Citation Index
http://www.wikidata.org/entity/Q111395757,Scopus; DOAJ; Emerging Sources Citation Index
http://www.wikidata.org/entity/Q111395762,Scopus; DOAJ; Emerging Sources Citation Index
http://www.wikidata.org/entity/Q111395763,Scopus; DOAJ; Emerging Sources Citation Index
http://www.wikidata.org/entity/Q111395760,Scopus; DOAJ; Emerging Sources Citation Index
http://www.wikidata.org/entity/Q111395761,Scopus; DOAJ; Emerging Sources Citation Index
http://www.wikidata.org/entity/Q111395764,Scopus; DOAJ; Emerging Sources Citation Index
http://www.wikidata.org/entity/Q111395765,Scopus; DOAJ; Emerging Sources Citation Index
http://www.wikidata.org/entity/Q111431563,Scopus; DOAJ; Emerging Sources Citation Index
http://www.wikidata.org/entity/Q111431566,Scopus; DOAJ; Emerging Sources Citation Index
http://www.wikidata.org/entity/Q111431567,Scopus; DOAJ; Emerging Sources Citation Index
http://www.wikidata.org/entity/Q111431564,Scopus; DOAJ; Emerging Sources Citation Index
http://www.wikidata.org/entity/Q111431565,Scopus; DOAJ; Emerging Sources Citation Index
http://www.wikidata.org/entity/Q111431570,Scopus; DOAJ; Emerging Sources Citation Index
http://www.wikidata.org/entity/Q111431571,Scopus; DOAJ; Emerging Sources Citation Index
http://www.wikidata.org/entity/Q111431568,Scopus; DOAJ; Emerging Sources Citation Index
http://www.wikidata.org/entity/Q111431569,Scopus; DOAJ; Emerging Sources Citation Index
http://www.wikidata.org/entity/Q111431574,Scopus; DOAJ; Emerging Sources Citation Index
http://www.wikidata.org/entity/Q111431573,Scopus; DOAJ; Emerging Sources Citation Index
http://www.wikidata.org/entity/Q111431578,Scopus; DOAJ; Emerging Sources Citation Index
http://www.wikidata.org/entity/Q111431576,Scopus; DOAJ; Emerging Sources Citation Index
http://www.wikidata.org/entity/Q111431577,Scopus; DOAJ; Emerging Sources Citation Index
http://www.wikidata.org/entity/Q111522931,SCImago Journal Rank
http://www.wikidata.org/entity/Q111576588,Google Scholar
http://www.wikidata.org/entity/Q111577180,Google Scholar
http://www.wikidata.org/entity/Q111577447,Google Scholar
http://www.wikidata.org/entity/Q111577696,Google Scholar
http://www.wikidata.org/entity/Q111578756,Scopus
http://www.wikidata.org/entity/Q111578802,Scopus
http://www.wikidata.org/entity/Q111578810,Scopus
http://www.wikidata.org/entity/Q111578825,Scopus
http://www.wikidata.org/entity/Q111578864,Scopus
http://www.wikidata.org/entity/Q111578928,Scopus
http://www.wikidata.org/entity/Q111579071,Scopus
http://www.wikidata.org/entity/Q111579162,Scopus
http://www.wikidata.org/entity/Q111579187,Scopus
http://www.wikidata.org/entity/Q111579339,Scopus
http://www.wikidata.org/entity/Q111582491,SCImago Journal Rank
http://www.wikidata.org/entity/Q111582712,Journal Citation Reports; SCImago Journal Rank
http://www.wikidata.org/entity/Q111595862,Google Scholar
http://www.wikidata.org/entity/Q111596675,Google Scholar
http://www.wikidata.org/entity/Q111601394,
http://www.wikidata.org/entity/Q111601392,
http://www.wikidata.org/entity/Q111601398,
http://www.wikidata.org/entity/Q111601399,
http://www.wikidata.org/entity/Q111601396,
http://www.wikidata.org/entity/Q111601397,
http://www.wikidata.org/entity/Q111601402,
http://www.wikidata.org/entity/Q111601401,
http://www.wikidata.org/entity/Q111601404,
http://www.wikidata.org/entity/Q111601410,
http://www.wikidata.org/entity/Q111601411,
http://www.wikidata.org/entity/Q111601414,
http://www.wikidata.org/entity/Q111601413,
http://www.wikidata.org/entity/Q111601423,
http://www.wikidata.org/entity/Q111602339,
http://www.wikidata.org/entity/Q111602343,
http://www.wikidata.org/entity/Q111602340,
http://www.wikidata.org/entity/Q111602345,
http://www.wikidata.org/entity/Q111602350,
http://www.wikidata.org/entity/Q111602351,
http://www.wikidata.org/entity/Q111602354,
http://www.wikidata.org/entity/Q111602353,
http://www.wikidata.org/entity/Q111602358,
http://www.wikidata.org/entity/Q111602359,
http://www.wikidata.org/entity/Q111602356,
http://www.wikidata.org/entity/Q111602357,
http://www.wikidata.org/entity/Q111602362,
http://www.wikidata.org/entity/Q111602363,
http://www.wikidata.org/entity/Q111602360,
http://www.wikidata.org/entity/Q111602361,
http://www.wikidata.org/entity/Q111602366,
http://www.wikidata.org/entity/Q111602367,
http://www.wikidata.org/entity/Q111602364,
http://www.wikidata.org/entity/Q111602365,
http://www.wikidata.org/entity/Q111602370,
http://www.wikidata.org/entity/Q111602371,
http://www.wikidata.org/entity/Q111602368,
http://www.wikidata.org/entity/Q111602369,
http://www.wikidata.org/entity/Q111602374,
http://www.wikidata.org/entity/Q111602375,
http://www.wikidata.org/entity/Q111602372,
http://www.wikidata.org/entity/Q111602373,
http://www.wikidata.org/entity/Q111602378,
http://www.wikidata.org/entity/Q111602379,
http://www.wikidata.org/entity/Q111602376,
http://www.wikidata.org/entity/Q111602377,
http://www.wikidata.org/entity/Q111602382,
http://www.wikidata.org/entity/Q111602380,
http://www.wikidata.org/entity/Q111602381,
http://www.wikidata.org/entity/Q111602386,
http://www.wikidata.org/entity/Q111602387,
http://www.wikidata.org/entity/Q111602384,
http://www.wikidata.org/entity/Q111602385,
http://www.wikidata.org/entity/Q111602391,
http://www.wikidata.org/entity/Q111602388,
http://www.wikidata.org/entity/Q111602389,
http://www.wikidata.org/entity/Q111602394,
http://www.wikidata.org/entity/Q111602395,
http://www.wikidata.org/entity/Q111602392,
http://www.wikidata.org/entity/Q111602393,
http://www.wikidata.org/entity/Q111602398,
http://www.wikidata.org/entity/Q111602399,
http://www.wikidata.org/entity/Q111602396,
http://www.wikidata.org/entity/Q111602397,
http://www.wikidata.org/entity/Q111602402,
http://www.wikidata.org/entity/Q111602403,
http://www.wikidata.org/entity/Q111602400,
http://www.wikidata.org/entity/Q111602401,
http://www.wikidata.org/entity/Q111602406,
http://www.wikidata.org/entity/Q111602407,
http://www.wikidata.org/entity/Q111602404,
http://www.wikidata.org/entity/Q111602405,
http://www.wikidata.org/entity/Q111602410,
http://www.wikidata.org/entity/Q111602411,
http://www.wikidata.org/entity/Q111602408,
http://www.wikidata.org/entity/Q111602409,
http://www.wikidata.org/entity/Q111602414,
http://www.wikidata.org/entity/Q111602418,
http://www.wikidata.org/entity/Q111602419,
http://www.wikidata.org/entity/Q111602417,
http://www.wikidata.org/entity/Q111602423,
http://www.wikidata.org/entity/Q111602421,
http://www.wikidata.org/entity/Q111602426,
http://www.wikidata.org/entity/Q111602427,
http://www.wikidata.org/entity/Q111602424,
http://www.wikidata.org/entity/Q111602425,
http://www.wikidata.org/entity/Q111602430,
http://www.wikidata.org/entity/Q111602431,
http://www.wikidata.org/entity/Q111602428,
http://www.wikidata.org/entity/Q111602429,
http://www.wikidata.org/entity/Q111602434,
http://www.wikidata.org/entity/Q111602435,
http://www.wikidata.org/entity/Q111602439,
http://www.wikidata.org/entity/Q111602436,
http://www.wikidata.org/entity/Q111602442,
http://www.wikidata.org/entity/Q111602443,
http://www.wikidata.org/entity/Q111602441,
http://www.wikidata.org/entity/Q111602446,
http://www.wikidata.org/entity/Q111602445,
http://www.wikidata.org/entity/Q111602450,
http://www.wikidata.org/entity/Q111602451,
http://www.wikidata.org/entity/Q111602448,
http://www.wikidata.org/entity/Q111602449,
http://www.wikidata.org/entity/Q111602454,
http://www.wikidata.org/entity/Q111602455,
http://www.wikidata.org/entity/Q111602452,
http://www.wikidata.org/entity/Q111602453,
http://www.wikidata.org/entity/Q111602458,
http://www.wikidata.org/entity/Q111602456,
http://www.wikidata.org/entity/Q111602457,
http://www.wikidata.org/entity/Q111602462,
http://www.wikidata.org/entity/Q111602460,
http://www.wikidata.org/entity/Q111602461,
http://www.wikidata.org/entity/Q111602466,
http://www.wikidata.org/entity/Q111602464,
http://www.wikidata.org/entity/Q111602465,
http://www.wikidata.org/entity/Q111602470,
http://www.wikidata.org/entity/Q111602471,
http://www.wikidata.org/entity/Q111602468,
http://www.wikidata.org/entity/Q111602474,
http://www.wikidata.org/entity/Q111602475,
http://www.wikidata.org/entity/Q111602472,
http://www.wikidata.org/entity/Q111602473,
http://www.wikidata.org/entity/Q111602477,
http://www.wikidata.org/entity/Q111658930,Google Scholar
http://www.wikidata.org/entity/Q111673977,Google Scholar
http://www.wikidata.org/entity/Q111732055,
http://www.wikidata.org/entity/Q111732248,
http://www.wikidata.org/entity/Q111732265,
http://www.wikidata.org/entity/Q111747586,Scopus; Arts and Humanities Citation Index; Journal Citation Reports; SCImago Journal Rank
http://www.wikidata.org/entity/Q111747613,
http://www.wikidata.org/entity/Q111747697,
http://www.wikidata.org/entity/Q111747741,DOAJ
http://www.wikidata.org/entity/Q111758777,
http://www.wikidata.org/entity/Q111758893,
http://www.wikidata.org/entity/Q111782051,
http://www.wikidata.org/entity/Q111782067,Scopus; Journal Citation Reports; SCImago Journal Rank
http://www.wikidata.org/entity/Q111963092,Google Scholar
http://www.wikidata.org/entity/Q111963613,Google Scholar
http://www.wikidata.org/entity/Q111967326,Scopus; DOAJ; Emerging Sources Citation Index
http://www.wikidata.org/entity/Q111967327,Scopus; DOAJ; Emerging Sources Citation Index
http://www.wikidata.org/entity/Q111967324,Scopus; DOAJ; Emerging Sources Citation Index
http://www.wikidata.org/entity/Q111967325,Scopus; DOAJ; Emerging Sources Citation Index
http://www.wikidata.org/entity/Q111967330,Scopus; DOAJ; Emerging Sources Citation Index
http://www.wikidata.org/entity/Q111967328,Scopus; DOAJ; Emerging Sources Citation Index
http://www.wikidata.org/entity/Q111967329,Scopus; DOAJ; Emerging Sources Citation Index
http://www.wikidata.org/entity/Q111967334,Scopus; DOAJ; Emerging Sources Citation Index
http://www.wikidata.org/entity/Q111967335,Scopus; DOAJ; Emerging Sources Citation Index
http://www.wikidata.org/entity/Q111967332,Scopus; DOAJ; Emerging Sources Citation Index
http://www.wikidata.org/entity/Q111967333,Scopus; DOAJ; Emerging Sources Citation Index
http://www.wikidata.org/entity/Q111967338,Scopus; DOAJ; Emerging Sources Citation Index
http://www.wikidata.org/entity/Q111967336,Scopus; DOAJ; Emerging Sources Citation Index
http://www.wikidata.org/entity/Q111967337,Scopus; DOAJ; Emerging Sources Citation Index
http://www.wikidata.org/entity/Q111967342,Scopus; DOAJ; Emerging Sources Citation Index
http://www.wikidata.org/entity/Q111967343,Scopus; DOAJ; Emerging Sources Citation Index
http://www.wikidata.org/entity/Q111967340,Scopus; DOAJ; Emerging Sources Citation Index
http://www.wikidata.org/entity/Q111967341,Scopus; DOAJ; Emerging Sources Citation Index
http://www.wikidata.org/entity/Q111967346,Scopus; DOAJ; Emerging Sources Citation Index
http://www.wikidata.org/entity/Q111967347,Scopus; DOAJ; Emerging Sources Citation Index
http://www.wikidata.org/entity/Q111967344,Scopus; DOAJ; Emerging Sources Citation Index
http://www.wikidata.org/entity/Q111967345,Scopus; DOAJ; Emerging Sources Citation Index
http://www.wikidata.org/entity/Q111967570,Scopus; DOAJ; Emerging Sources Citation Index
http://www.wikidata.org/entity/Q112054439,Google Scholar
http://www.wikidata.org/entity/Q112072975,Google Scholar
http://www.wikidata.org/entity/Q112073050,Google Scholar
http://www.wikidata.org/entity/Q112116478,Google Scholar
http://www.wikidata.org/entity/Q112116606,Google Scholar
http://www.wikidata.org/entity/Q112650918,Google Scholar
http://www.wikidata.org/entity/Q112651011,Google Scholar
http://www.wikidata.org/entity/Q112652180,Google Scholar
http://www.wikidata.org/entity/Q112672921,Google Scholar
http://www.wikidata.org/entity/Q112672997,Google Scholar
http://www.wikidata.org/entity/Q112673120,Google Scholar
http://www.wikidata.org/entity/Q112673173,Google Scholar
http://www.wikidata.org/entity/Q112894265,Google Scholar
http://www.wikidata.org/entity/Q112913666,Scopus
http://www.wikidata.org/entity/Q112913673,Scopus
http://www.wikidata.org/entity/Q112913686,Scopus
http://www.wikidata.org/entity/Q112913687,Scopus
http://www.wikidata.org/entity/Q112913684,Scopus
http://www.wikidata.org/entity/Q112913688,Scopus
http://www.wikidata.org/entity/Q112913735,Google Scholar
http://www.wikidata.org/entity/Q112913794,Google Scholar
http://www.wikidata.org/entity/Q113101630,Google Scholar
http://www.wikidata.org/entity/Q113101741,Google Scholar
http://www.wikidata.org/entity/Q113101849,Google Scholar
http://www.wikidata.org/entity/Q113101914,Google Scholar
http://www.wikidata.org/entity/Q113148883,Scopus; Google Scholar; DOAJ; SCImago Journal Rank
http://www.wikidata.org/entity/Q113148886,Scopus; Google Scholar; DOAJ; SCImago Journal Rank
http://www.wikidata.org/entity/Q113148891,Scopus; Google Scholar; DOAJ; SCImago Journal Rank
http://www.wikidata.org/entity/Q113148888,Scopus; Google Scholar; DOAJ; SCImago Journal Rank
http://www.wikidata.org/entity/Q113148889,Scopus; Google Scholar; DOAJ; SCImago Journal Rank
http://www.wikidata.org/entity/Q113148895,Scopus; Google Scholar; DOAJ; SCImago Journal Rank
http://www.wikidata.org/entity/Q113148893,Scopus; Google Scholar; DOAJ; SCImago Journal Rank
http://www.wikidata.org/entity/Q113148898,Scopus; Google Scholar; DOAJ; SCImago Journal Rank
http://www.wikidata.org/entity/Q113148897,Scopus; Google Scholar; DOAJ; SCImago Journal Rank
http://www.wikidata.org/entity/Q113148903,Scopus; Google Scholar; DOAJ; SCImago Journal Rank
http://www.wikidata.org/entity/Q113148900,Scopus; Google Scholar; DOAJ; SCImago Journal Rank
http://www.wikidata.org/entity/Q113148906,Scopus; Google Scholar; DOAJ; SCImago Journal Rank
http://www.wikidata.org/entity/Q113148905,Scopus; Google Scholar; DOAJ; SCImago Journal Rank
http://www.wikidata.org/entity/Q113148908,Scopus; Google Scholar; DOAJ; SCImago Journal Rank
http://www.wikidata.org/entity/Q113201278,DOAJ
http://www.wikidata.org/entity/Q113331815,Google Scholar
http://www.wikidata.org/entity/Q113333289,Google Scholar
http://www.wikidata.org/entity/Q113334524,Google Scholar
http://www.wikidata.org/entity/Q113334738,Google Scholar
http://www.wikidata.org/entity/Q113374946,Google Scholar
http://www.wikidata.org/entity/Q113375815,Google Scholar
http://www.wikidata.org/entity/Q113376086,Google Scholar
http://www.wikidata.org/entity/Q113376157,Google Scholar
http://www.wikidata.org/entity/Q113382868,Google Scholar
http://www.wikidata.org/entity/Q113383097,Google Scholar
http://www.wikidata.org/entity/Q113383218,Google Scholar
http://www.wikidata.org/entity/Q113383238,Google Scholar
http://www.wikidata.org/entity/Q113383293,Google Scholar
http://www.wikidata.org/entity/Q113383318,Google Scholar
http://www.wikidata.org/entity/Q113402027,Google Scholar
http://www.wikidata.org/entity/Q113402360,Google Scholar
http://www.wikidata.org/entity/Q113435090,Google Scholar
http://www.wikidata.org/entity/Q113435137,Google Scholar
http://www.wikidata.org/entity/Q113435232,Google Scholar
http://www.wikidata.org/entity/Q113436725,Google Scholar
http://www.wikidata.org/entity/Q113436807,Google Scholar
http://www.wikidata.org/entity/Q113436974,Google Scholar
http://www.wikidata.org/entity/Q113437039,Google Scholar
http://www.wikidata.org/entity/Q113437122,Google Scholar
http://www.wikidata.org/entity/Q113469465,Google Scholar
http://www.wikidata.org/entity/Q113470106,Google Scholar
http://www.wikidata.org/entity/Q113470152,Google Scholar
http://www.wikidata.org/entity/Q113470241,Google Scholar
http://www.wikidata.org/entity/Q113470395,Google Scholar
http://www.wikidata.org/entity/Q113485018,Google Scholar
http://www.wikidata.org/entity/Q113485151,Google Scholar
http://www.wikidata.org/entity/Q113485313,Google Scholar
http://www.wikidata.org/entity/Q113485704,Google Scholar
http://www.wikidata.org/entity/Q113485957,Google Scholar
http://www.wikidata.org/entity/Q113485970,Google Scholar
http://www.wikidata.org/entity/Q113643582,Google Scholar
http://www.wikidata.org/entity/Q113643658,Google Scholar
http://www.wikidata.org/entity/Q114674485,Scopus; SCImago Journal Rank; Emerging Sources Citation Index
http://www.wikidata.org/entity/Q114773208,
http://www.wikidata.org/entity/Q114851255,Scopus; DOAJ; Emerging Sources Citation Index
http://www.wikidata.org/entity/Q115139459,Scopus; SCImago Journal Rank
http://www.wikidata.org/entity/Q115139456,Scopus; SCImago Journal Rank
http://www.wikidata.org/entity/Q115139461,Scopus; SCImago Journal Rank
http://www.wikidata.org/entity/Q115139467,Scopus; SCImago Journal Rank
http://www.wikidata.org/entity/Q115342412,DOAJ
http://www.wikidata.org/entity/Q115533638,Google Scholar
http://www.wikidata.org/entity/Q115534269,Google Scholar
http://www.wikidata.org/entity/Q115534356,Google Scholar
http://www.wikidata.org/entity/Q115534903,Google Scholar
http://www.wikidata.org/entity/Q115534992,Google Scholar
http://www.wikidata.org/entity/Q115535068,Google Scholar
http://www.wikidata.org/entity/Q115536188,Google Scholar
http://www.wikidata.org/entity/Q115536223,Google Scholar
http://www.wikidata.org/entity/Q115577742,
http://www.wikidata.org/entity/Q115901296,DOAJ; SCImago Journal Rank
http://www.wikidata.org/entity/Q116282238,
http://www.wikidata.org/entity/Q116444203,Scopus; Google Scholar; DOAJ; SCImago Journal Rank
http://www.wikidata.org/entity/Q116444206,Scopus; Google Scholar; DOAJ; SCImago Journal Rank
http://www.wikidata.org/entity/Q116444207,Scopus; Google Scholar; DOAJ; SCImago Journal Rank
http://www.wikidata.org/entity/Q116444204,Scopus; Google Scholar; DOAJ; SCImago Journal Rank
http://www.wikidata.org/entity/Q116444205,Scopus; Google Scholar; DOAJ; SCImago Journal Rank
http://www.wikidata.org/entity/Q116444210,Scopus; Google Scholar; DOAJ; SCImago Journal Rank
http://www.wikidata.org/entity/Q116444211,Scopus; Google Scholar; DOAJ; SCImago Journal Rank
http://www.wikidata.org/entity/Q116444209,Scopus; Google Scholar; DOAJ; SCImago Journal Rank
http://www.wikidata.org/entity/Q116444214,Scopus; Google Scholar; DOAJ; SCImago Journal Rank
http://www.wikidata.org/entity/Q116444215,Scopus; Google Scholar; DOAJ; SCImago Journal Rank
http://www.wikidata.org/entity/Q116444212,Scopus; Google Scholar; DOAJ; SCImago Journal Rank
http://www.wikidata.org/entity/Q116444213,Scopus; Google Scholar; DOAJ; SCImago Journal Rank
http://www.wikidata.org/entity/Q116444216,Scopus; Google Scholar; DOAJ; SCImago Journal Rank
http://www.wikidata.org/entity/Q116444217,Scopus; Google Scholar; DOAJ; SCImago Journal Rank
http://www.wikidata.org/entity/Q117032180,Google Scholar
http://www.wikidata.org/entity/Q117032732,Google Scholar
http://www.wikidata.org/entity/Q117033064,Google Scholar
http://www.wikidata.org/entity/Q117033227,Google Scholar
http://www.wikidata.org/entity/Q117033440,Google Scholar
http://www.wikidata.org/entity/Q117034524,Google Scholar
http://www.wikidata.org/entity/Q117034594,Google Scholar
http://www.wikidata.org/entity/Q117428586,Scopus; DOAJ; Emerging Sources Citation Index
http://www.wikidata.org/entity/Q117428593,Scopus; DOAJ; Emerging Sources Citation Index
http://www.wikidata.org/entity/Q117428678,Scopus; DOAJ; Emerging Sources Citation Index
http://www.wikidata.org/entity/Q117428679,Scopus; DOAJ; Emerging Sources Citation Index
http://www.wikidata.org/entity/Q117428677,Scopus; DOAJ; Emerging Sources Citation Index
http://www.wikidata.org/entity/Q117447410,Scopus; DOAJ; Emerging Sources Citation Index
http://www.wikidata.org/entity/Q117447411,Scopus; DOAJ; Emerging Sources Citation Index
http://www.wikidata.org/entity/Q117447409,Scopus; DOAJ; Emerging Sources Citation Index
http://www.wikidata.org/entity/Q117447506,Scopus; DOAJ; Emerging Sources Citation Index
http://www.wikidata.org/entity/Q117447507,Scopus; DOAJ; Emerging Sources Citation Index
http://www.wikidata.org/entity/Q117447504,Scopus; DOAJ; Emerging Sources Citation Index
http://www.wikidata.org/entity/Q117447505,Scopus; DOAJ; Emerging Sources Citation Index
http://www.wikidata.org/entity/Q117447582,Scopus; DOAJ; Emerging Sources Citation Index
http://www.wikidata.org/entity/Q117447583,Scopus; DOAJ; Emerging Sources Citation Index
http://www.wikidata.org/entity/Q117448463,Scopus; DOAJ; Emerging Sources Citation Index
http://www.wikidata.org/entity/Q117448466,Scopus; DOAJ; Emerging Sources Citation Index
http://www.wikidata.org/entity/Q117448465,Scopus; DOAJ; Emerging Sources Citation Index
http://www.wikidata.org/entity/Q117448470,Scopus; DOAJ; Emerging Sources Citation Index
http://www.wikidata.org/entity/Q117448469,Scopus; DOAJ; Emerging Sources Citation Index
http://www.wikidata.org/entity/Q117448474,Scopus; DOAJ; Emerging Sources Citation Index
http://www.wikidata.org/entity/Q117448475,Scopus; DOAJ; Emerging Sources Citation Index
http://www.wikidata.org/entity/Q117448472,Scopus; DOAJ; Emerging Sources Citation Index
http://www.wikidata.org/entity/Q117448473,Scopus; DOAJ; Emerging Sources Citation Index
http://www.wikidata.org/entity/Q117455594,Scopus; DOAJ; Emerging Sources Citation Index
http://www.wikidata.org/entity/Q117455595,Scopus; DOAJ; Emerging Sources Citation Index
http://www.wikidata.org/entity/Q117455592,Scopus; DOAJ; Emerging Sources Citation Index
http://www.wikidata.org/entity/Q117455593,Scopus; DOAJ; Emerging Sources Citation Index
http://www.wikidata.org/entity/Q117455598,Scopus; DOAJ; Emerging Sources Citation Index
http://www.wikidata.org/entity/Q117455596,Scopus; DOAJ; Emerging Sources Citation Index
http://www.wikidata.org/entity/Q117455597,Scopus; DOAJ; Emerging Sources Citation Index
http://www.wikidata.org/entity/Q117455602,Scopus; DOAJ; Emerging Sources Citation Index
http://www.wikidata.org/entity/Q117455603,Scopus; DOAJ; Emerging Sources Citation Index
http://www.wikidata.org/entity/Q117455600,Scopus; DOAJ; Emerging Sources Citation Index
http://www.wikidata.org/entity/Q117455601,Scopus; DOAJ; Emerging Sources Citation Index
http://www.wikidata.org/entity/Q117455604,Scopus; DOAJ; Emerging Sources Citation Index
http://www.wikidata.org/entity/Q117455605,Scopus; DOAJ; Emerging Sources Citation Index
http://www.wikidata.org/entity/Q118367937,
http://www.wikidata.org/entity/Q118814003,Google Scholar
http://www.wikidata.org/entity/Q118867455,Google Scholar
http://www.wikidata.org/entity/Q118867779,Google Scholar
http://www.wikidata.org/entity/Q118945524,Google Scholar
http://www.wikidata.org/entity/Q118971301,SCImago Journal Rank
http://www.wikidata.org/entity/Q119133062,Google Scholar
http://www.wikidata.org/entity/Q119137591,Google Scholar
http://www.wikidata.org/entity/Q119137740,Google Scholar
http://www.wikidata.org/entity/Q119138814,Google Scholar
http://www.wikidata.org/entity/Q119496383,Scopus; Google Scholar; DOAJ; SCImago Journal Rank
http://www.wikidata.org/entity/Q119496386,Scopus; Google Scholar; DOAJ; SCImago Journal Rank
http://www.wikidata.org/entity/Q119496387,Scopus; Google Scholar; DOAJ; SCImago Journal Rank
http://www.wikidata.org/entity/Q119496384,Scopus; Google Scholar; DOAJ; SCImago Journal Rank
http://www.wikidata.org/entity/Q119496385,Scopus; Google Scholar; DOAJ; SCImago Journal Rank
http://www.wikidata.org/entity/Q119496390,Scopus; Google Scholar; DOAJ; SCImago Journal Rank
http://www.wikidata.org/entity/Q119496391,Scopus; Google Scholar; DOAJ; SCImago Journal Rank
http://www.wikidata.org/entity/Q119496388,Scopus; Google Scholar; DOAJ; SCImago Journal Rank
http://www.wikidata.org/entity/Q119496389,Scopus; Google Scholar; DOAJ; SCImago Journal Rank
http://www.wikidata.org/entity/Q119496394,Scopus; Google Scholar; DOAJ; SCImago Journal Rank
http://www.wikidata.org/entity/Q119496392,Scopus; Google Scholar; DOAJ; SCImago Journal Rank
http://www.wikidata.org/entity/Q119496393,Scopus; Google Scholar; DOAJ; SCImago Journal Rank
http://www.wikidata.org/entity/Q120702421,
http://www.wikidata.org/entity/Q121298479,Scopus; SCImago Journal Rank
http://www.wikidata.org/entity/Q121299313,Scopus; SCImago Journal Rank
http://www.wikidata.org/entity/Q122049779,Scopus; Emerging Sources Citation Index
http://www.wikidata.org/entity/Q122049776,Scopus; Emerging Sources Citation Index
http://www.wikidata.org/entity/Q122049777,Scopus; Emerging Sources Citation Index
http://www.wikidata.org/entity/Q122049784,Scopus; Emerging Sources Citation Index
http://www.wikidata.org/entity/Q122049785,Scopus; Emerging Sources Citation Index
http://www.wikidata.org/entity/Q122049794,Scopus; Emerging Sources Citation Index
http://www.wikidata.org/entity/Q122049798,Scopus; Emerging Sources Citation Index
http://www.wikidata.org/entity/Q122049796,Scopus; Emerging Sources Citation Index
http://www.wikidata.org/entity/Q122049806,Scopus; Emerging Sources Citation Index
http://www.wikidata.org/entity/Q122049817,Scopus; Emerging Sources Citation Index
http://www.wikidata.org/entity/Q122049868,Scopus; Emerging Sources Citation Index
http://www.wikidata.org/entity/Q122049874,Scopus; Emerging Sources Citation Index
http://www.wikidata.org/entity/Q122049876,Scopus; Emerging Sources Citation Index
http://www.wikidata.org/entity/Q122049880,Scopus; Emerging Sources Citation Index
http://www.wikidata.org/entity/Q122049898,Scopus; Emerging Sources Citation Index
http://www.wikidata.org/entity/Q122049914,Scopus; Emerging Sources Citation Index
http://www.wikidata.org/entity/Q122049924,Scopus; Emerging Sources Citation Index
http://www.wikidata.org/entity/Q122050002,Scopus; Emerging Sources Citation Index
http://www.wikidata.org/entity/Q122050109,Scopus; Emerging Sources Citation Index
http://www.wikidata.org/entity/Q122050183,Scopus; Emerging Sources Citation Index
http://www.wikidata.org/entity/Q122050186,Scopus; Emerging Sources Citation Index
http://www.wikidata.org/entity/Q122050223,Scopus; Emerging Sources Citation Index
http://www.wikidata.org/entity/Q122050221,Scopus; Emerging Sources Citation Index
http://www.wikidata.org/entity/Q122050236,Scopus; Emerging Sources Citation Index
http://www.wikidata.org/entity/Q122050246,Scopus; Emerging Sources Citation Index
http://www.wikidata.org/entity/Q122050247,Scopus; Emerging Sources Citation Index
http://www.wikidata.org/entity/Q122050244,Scopus; Emerging Sources Citation Index
http://www.wikidata.org/entity/Q122050252,Scopus; Emerging Sources Citation Index
http://www.wikidata.org/entity/Q122050293,Scopus; Emerging Sources Citation Index
http://www.wikidata.org/entity/Q122050308,Scopus; Emerging Sources Citation Index
http://www.wikidata.org/entity/Q122050335,Scopus; Emerging Sources Citation Index
http://www.wikidata.org/entity/Q122828583,SCImago Journal Rank
http://www.wikidata.org/entity/Q123110125,Scopus; DOAJ; Emerging Sources Citation Index
http://www.wikidata.org/entity/Q123172724,Google Scholar
http://www.wikidata.org/entity/Q123172848,Google Scholar
http://www.wikidata.org/entity/Q123173029,Google Scholar
http://www.wikidata.org/entity/Q123173160,Google Scholar
http://www.wikidata.org/entity/Q123179841,Google Scholar
http://www.wikidata.org/entity/Q123180026,Google Scholar
http://www.wikidata.org/entity/Q123180254,Google Scholar
http://www.wikidata.org/entity/Q123180300,Google Scholar
http://www.wikidata.org/entity/Q123180417,Google Scholar
http://www.wikidata.org/entity/Q123180448,Google Scholar
http://www.wikidata.org/entity/Q123925882,Scopus; Google Scholar; DOAJ; SCImago Journal Rank
http://www.wikidata.org/entity/Q123925883,Scopus; Google Scholar; DOAJ; SCImago Journal Rank
http://www.wikidata.org/entity/Q123925881,Scopus; Google Scholar; DOAJ; SCImago Journal Rank
http://www.wikidata.org/entity/Q123925886,Scopus; Google Scholar; DOAJ; SCImago Journal Rank
http://www.wikidata.org/entity/Q123925887,Scopus; Google Scholar; DOAJ; SCImago Journal Rank
http://www.wikidata.org/entity/Q123925884,Scopus; Google Scholar; DOAJ; SCImago Journal Rank
http://www.wikidata.org/entity/Q123925890,Scopus; Google Scholar; DOAJ; SCImago Journal Rank
http://www.wikidata.org/entity/Q123925891,Scopus; Google Scholar; DOAJ; SCImago Journal Rank
http://www.wikidata.org/entity/Q123925888,Scopus; Google Scholar; DOAJ; SCImago Journal Rank
http://www.wikidata.org/entity/Q123925889,Scopus; Google Scholar; DOAJ; SCImago Journal Rank
http://www.wikidata.org/entity/Q123925894,Scopus; Google Scholar; DOAJ; SCImago Journal Rank
http://www.wikidata.org/entity/Q123925895,Scopus; Google Scholar; DOAJ; SCImago Journal Rank
http://www.wikidata.org/entity/Q123925892,Scopus; Google Scholar; DOAJ; SCImago Journal Rank
http://www.wikidata.org/entity/Q123925893,Scopus; Google Scholar; DOAJ; SCImago Journal Rank
http://www.wikidata.org/entity/Q123925898,Scopus; Google Scholar; DOAJ; SCImago Journal Rank
http://www.wikidata.org/entity/Q123925896,Scopus; Google Scholar; DOAJ; SCImago Journal Rank
http://www.wikidata.org/entity/Q123925897,Scopus; Google Scholar; DOAJ; SCImago Journal Rank
http://www.wikidata.org/entity/Q123934448,Scopus; Google Scholar; DOAJ; SCImago Journal Rank
http://www.wikidata.org/entity/Q124332313,
http://www.wikidata.org/entity/Q124332319,
http://www.wikidata.org/entity/Q124343474,
http://www.wikidata.org/entity/Q124343585,
http://www.wikidata.org/entity/Q124343682,
http://www.wikidata.org/entity/Q124344840,
http://www.wikidata.org/entity/Q124344925,
http://www.wikidata.org/entity/Q124619281,Google Scholar
http://www.wikidata.org/entity/Q124619337,Google Scholar
http://www.wikidata.org/entity/Q124619373,Google Scholar
http://www.wikidata.org/entity/Q124621840,Google Scholar
http://www.wikidata.org/entity/Q124621865,Google Scholar
http://www.wikidata.org/entity/Q124621893,Google Scholar
http://www.wikidata.org/entity/Q124621904,Google Scholar
http://www.wikidata.org/entity/Q124621917,Google Scholar
http://www.wikidata.org/entity/Q124621931,Google Scholar
http://www.wikidata.org/entity/Q124694790,Google Scholar
http://www.wikidata.org/entity/Q124745218,
http://www.wikidata.org/entity/Q125017954,
http://www.wikidata.org/entity/Q125451860,
http://www.wikidata.org/entity/Q125499879,
http://www.wikidata.org/entity/Q125500024,
http://www.wikidata.org/entity/Q125731008,
http://www.wikidata.org/entity/Q125897612,DOAJ; SCImago Journal Rank; Emerging Sources Citation Index
http://www.wikidata.org/entity/Q125913828,Scopus; Journal Citation Reports; SCImago Journal Rank
http://www.wikidata.org/entity/Q125959522,
http://www.wikidata.org/entity/Q126034721,
http://www.wikidata.org/entity/Q126181037,
http://www.wikidata.org/entity/Q126310449,
http://www.wikidata.org/entity/Q126313829,
http://www.wikidata.org/entity/Q126315684,
http://www.wikidata.org/entity/Q126341263,DOAJ; SCImago Journal Rank
http://www.wikidata.org/entity/Q126342482,DOAJ; SCImago Journal Rank
http://www.wikidata.org/entity/Q126343950,DOAJ; SCImago Journal Rank
http://www.wikidata.org/entity/Q126346475,DOAJ; SCImago Journal Rank
http://www.wikidata.org/entity/Q126346523,DOAJ; SCImago Journal Rank
http://www.wikidata.org/entity/Q126348372,DOAJ; SCImago Journal Rank
http://www.wikidata.org/entity/Q126348559,DOAJ; SCImago Journal Rank
http://www.wikidata.org/entity/Q126348563,DOAJ; SCImago Journal Rank
http://www.wikidata.org/entity/Q126348561,DOAJ; SCImago Journal Rank
http://www.wikidata.org/entity/Q126348582,DOAJ; SCImago Journal Rank
http://www.wikidata.org/entity/Q126349087,DOAJ; SCImago Journal Rank
http://www.wikidata.org/entity/Q126349115,DOAJ; SCImago Journal Rank
http://www.wikidata.org/entity/Q126349181,DOAJ; SCImago Journal Rank
http://www.wikidata.org/entity/Q126349443,DOAJ; SCImago Journal Rank
http://www.wikidata.org/entity/Q126349863,DOAJ; SCImago Journal Rank
http://www.wikidata.org/entity/Q126349861,DOAJ; SCImago Journal Rank
http://www.wikidata.org/entity/Q126349864,DOAJ; SCImago Journal Rank
http://www.wikidata.org/entity/Q126349975,DOAJ; SCImago Journal Rank
http://www.wikidata.org/entity/Q126350016,DOAJ; SCImago Journal Rank
http://www.wikidata.org/entity/Q126350572,DOAJ; SCImago Journal Rank
http://www.wikidata.org/entity/Q126353288,DOAJ; SCImago Journal Rank
http://www.wikidata.org/entity/Q126353330,DOAJ; SCImago Journal Rank
http://www.wikidata.org/entity/Q126353715,DOAJ; SCImago Journal Rank
http://www.wikidata.org/entity/Q126361432,Google Scholar
http://www.wikidata.org/entity/Q126361695,Google Scholar
http://www.wikidata.org/entity/Q126362005,Google Scholar
http://www.wikidata.org/entity/Q126372110,Google Scholar
http://www.wikidata.org/entity/Q126372153,Google Scholar
http://www.wikidata.org/entity/Q126372598,Google Scholar
http://www.wikidata.org/entity/Q126386357,
http://www.wikidata.org/entity/Q126532186,Google Scholar
http://www.wikidata.org/entity/Q126722512,
http://www.wikidata.org/entity/Q126899403,Scopus; DOAJ
http://www.wikidata.org/entity/Q127043392,
http://www.wikidata.org/entity/Q127043422,
http://www.wikidata.org/entity/Q127043447,
http://www.wikidata.org/entity/Q127598311,
http://www.wikidata.org/entity/Q127691539,Scopus; Google Scholar; DOAJ; SCImago Journal Rank
http://www.wikidata.org/entity/Q127691542,Scopus; Google Scholar; DOAJ; SCImago Journal Rank
http://www.wikidata.org/entity/Q127691543,Scopus; Google Scholar; DOAJ; SCImago Journal Rank
http://www.wikidata.org/entity/Q127691540,Scopus; Google Scholar; DOAJ; SCImago Journal Rank
http://www.wikidata.org/entity/Q127691541,Scopus; Google Scholar; DOAJ; SCImago Journal Rank
http://www.wikidata.org/entity/Q127691546,Scopus; Google Scholar; DOAJ; SCImago Journal Rank
http://www.wikidata.org/entity/Q127691547,Scopus; Google Scholar; DOAJ; SCImago Journal Rank
http://www.wikidata.org/entity/Q127691544,Scopus; Google Scholar; DOAJ; SCImago Journal Rank
http://www.wikidata.org/entity/Q127691545,Scopus; Google Scholar; DOAJ; SCImago Journal Rank
http://www.wikidata.org/entity/Q127691550,Scopus; Google Scholar; DOAJ; SCImago Journal Rank
http://www.wikidata.org/entity/Q127691551,Scopus; Google Scholar; DOAJ; SCImago Journal Rank
http://www.wikidata.org/entity/Q127691548,Scopus; Google Scholar; DOAJ; SCImago Journal Rank
http://www.wikidata.org/entity/Q127691549,Scopus; Google Scholar; DOAJ; SCImago Journal Rank
http://www.wikidata.org/entity/Q127868932,Scopus; DOAJ
http://www.wikidata.org/entity/Q127868956,Scopus; Arts and Humanities Citation Index
http://www.wikidata.org/entity/Q128305871,
http://www.wikidata.org/entity/Q128306149,Scopus; Journal Citation Reports; SCImago Journal Rank
http://www.wikidata.org/entity/Q128306153,
http://www.wikidata.org/entity/Q128308912,
http://www.wikidata.org/entity/Q128308921,
http://www.wikidata.org/entity/Q128310240,Scopus; SCImago Journal Rank
http://www.wikidata.org/entity/Q128588041,
http://www.wikidata.org/entity/Q128591413,
http://www.wikidata.org/entity/Q128592841,Scopus; SCImago Journal Rank
http://www.wikidata.org/entity/Q128592850,Scopus; Journal Citation Reports; SCImago Journal Rank
http://www.wikidata.org/entity/Q128621600,
http://www.wikidata.org/entity/Q128621605,
http://www.wikidata.org/entity/Q128624466,
http://www.wikidata.org/entity/Q128624468,
http://www.wikidata.org/entity/Q128624475,
http://www.wikidata.org/entity/Q128624472,
http://www.wikidata.org/entity/Q128624478,
http://www.wikidata.org/entity/Q128624477,
http://www.wikidata.org/entity/Q128624483,
http://www.wikidata.org/entity/Q128694022,
http://www.wikidata.org/entity/Q128694025,Scopus; Arts and Humanities Citation Index; Journal Citation Reports; SCImago Journal Rank
http://www.wikidata.org/entity/Q128694070,
http://www.wikidata.org/entity/Q128694069,
http://www.wikidata.org/entity/Q128694073,
http://www.wikidata.org/entity/Q128795587,
http://www.wikidata.org/entity/Q129813340,
http://www.wikidata.org/entity/Q129813537,
http://www.wikidata.org/entity/Q129814967,
http://www.wikidata.org/entity/Q129815743,
http://www.wikidata.org/entity/Q129816282,
http://www.wikidata.org/entity/Q129817115,
http://www.wikidata.org/entity/Q130292560,
http://www.wikidata.org/entity/Q130292910,
http://www.wikidata.org/entity/Q130362547,
http://www.wikidata.org/entity/Q130401900,
http://www.wikidata.org/entity/Q130401947,
http://www.wikidata.org/entity/Q130402154,
http://www.wikidata.org/entity/Q130427991,
http://www.wikidata.org/entity/Q130429194,
http://www.wikidata.org/entity/Q130472961,
http://www.wikidata.org/entity/Q130473043,
http://www.wikidata.org/entity/Q130477850,Google Scholar
http://www.wikidata.org/entity/Q130529432,Google Scholar
http://www.wikidata.org/entity/Q130529479,Google Scholar
http://www.wikidata.org/entity/Q130529510,Google Scholar
http://www.wikidata.org/entity/Q130529640,Google Scholar
http://www.wikidata.org/entity/Q130529660,Google Scholar
http://www.wikidata.org/entity/Q130529702,Google Scholar
http://www.wikidata.org/entity/Q130638618,
http://www.wikidata.org/entity/Q130650495,
http://www.wikidata.org/entity/Q130655979,
http://www.wikidata.org/entity/Q130680698,
http://www.wikidata.org/entity/Q131389375,
http://www.wikidata.org/entity/Q131389397,
http://www.wikidata.org/entity/Q131429346,Scopus; Google Scholar; DOAJ; SCImago Journal Rank
http://www.wikidata.org/entity/Q131429347,Scopus; Google Scholar; DOAJ; SCImago Journal Rank
http://www.wikidata.org/entity/Q131429344,Scopus; Google Scholar; DOAJ; SCImago Journal Rank
http://www.wikidata.org/entity/Q131429345,Scopus; Google Scholar; DOAJ; SCImago Journal Rank
http://www.wikidata.org/entity/Q131429350,Scopus; Google Scholar; DOAJ; SCImago Journal Rank
http://www.wikidata.org/entity/Q131429351,Scopus; Google Scholar; DOAJ; SCImago Journal Rank
http://www.wikidata.org/entity/Q131429348,Scopus; Google Scholar; DOAJ; SCImago Journal Rank
http://www.wikidata.org/entity/Q131429349,Scopus; Google Scholar; DOAJ; SCImago Journal Rank
http://www.wikidata.org/entity/Q131429354,Scopus; Google Scholar; DOAJ; SCImago Journal Rank
http://www.wikidata.org/entity/Q131429352,Scopus; Google Scholar; DOAJ; SCImago Journal Rank
http://www.wikidata.org/entity/Q131429353,Scopus; Google Scholar; DOAJ; SCImago Journal Rank
http://www.wikidata.org/entity/Q131437313,
http://www.wikidata.org/entity/Q131437355,
http://www.wikidata.org/entity/Q131438401,
http://www.wikidata.org/entity/Q131438467,
http://www.wikidata.org/entity/Q131459329,
http://www.wikidata.org/entity/Q131459633,
http://www.wikidata.org/entity/Q131460432,
http://www.wikidata.org/entity/Q131469817,
http://www.wikidata.org/entity/Q131502873,
http://www.wikidata.org/entity/Q131506079,
http://www.wikidata.org/entity/Q131542502,
http://www.wikidata.org/entity/Q131542651,
http://www.wikidata.org/entity/Q131542665,
http://www.wikidata.org/entity/Q131569299,
http://www.wikidata.org/entity/Q131598024,
http://www.wikidata.org/entity/Q131606824,
http://www.wikidata.org/entity/Q131606924,
http://www.wikidata.org/entity/Q131606988,
http://www.wikidata.org/entity/Q131607096,
http://www.wikidata.org/entity/Q131625443,
http://www.wikidata.org/entity/Q131625829,
http://www.wikidata.org/entity/Q131626777,
http://www.wikidata.org/entity/Q131682115,
http://www.wikidata.org/entity/Q131682397,
http://www.wikidata.org/entity/Q131682430,
http://www.wikidata.org/entity/Q131781759,
http://www.wikidata.org/entity/Q131781771,
http://www.wikidata.org/entity/Q131781800,
http://www.wikidata.org/entity/Q131869204,
http://www.wikidata.org/entity/Q131869272,
http://www.wikidata.org/entity/Q131869976,
http://www.wikidata.org/entity/Q131919105,
http://www.wikidata.org/entity/Q131919250,
http://www.wikidata.org/entity/Q131919303,
http://www.wikidata.org/entity/Q131920244,
http://www.wikidata.org/entity/Q131925517,Google Scholar
http://www.wikidata.org/entity/Q131925554,Google Scholar
http://www.wikidata.org/entity/Q131925592,Google Scholar
http://www.wikidata.org/entity/Q131925629,Google Scholar
http://www.wikidata.org/entity/Q131925643,Google Scholar
http://www.wikidata.org/entity/Q131925664,Google Scholar
http://www.wikidata.org/entity/Q131925686,Google Scholar
http://www.wikidata.org/entity/Q131931058,
http://www.wikidata.org/entity/Q131931065,
http://www.wikidata.org/entity/Q131931300,
http://www.wikidata.org/entity/Q131932378,
http://www.wikidata.org/entity/Q131932403,
http://www.wikidata.org/entity/Q131932443,
http://www.wikidata.org/entity/Q131932551,
http://www.wikidata.org/entity/Q131932568,
http://www.wikidata.org/entity/Q131932589,
http://www.wikidata.org/entity/Q131986883,DOAJ; SCImago Journal Rank; Emerging Sources Citation Index
http://www.wikidata.org/entity/Q131986985,DOAJ; SCImago Journal Rank; Emerging Sources Citation Index
http://www.wikidata.org/entity/Q132126758,
http://www.wikidata.org/entity/Q132127027,
http://www.wikidata.org/entity/Q132127041,
http://www.wikidata.org/entity/Q132127110,
http://www.wikidata.org/entity/Q132127212,
http://www.wikidata.org/entity/Q132127224,
http://www.wikidata.org/entity/Q132130690,
http://www.wikidata.org/entity/Q132130704,
http://www.wikidata.org/entity/Q132130719,
http://www.wikidata.org/entity/Q132130797,
http://www.wikidata.org/entity/Q132130803,
http://www.wikidata.org/entity/Q132130834,
http://www.wikidata.org/entity/Q132130847,
http://www.wikidata.org/entity/Q132130942,
http://www.wikidata.org/entity/Q132131051,
http://www.wikidata.org/entity/Q132167890,
http://www.wikidata.org/entity/Q132167909,
http://www.wikidata.org/entity/Q132168073,
http://www.wikidata.org/entity/Q132540602,
http://www.wikidata.org/entity/Q132561594,Scopus; Google Scholar; DOAJ; SCImago Journal Rank
http://www.wikidata.org/entity/Q133040646,
http://www.wikidata.org/entity/Q133080583,Scopus; Arts and Humanities Citation Index; Journal Citation Reports; SCImago Journal Rank
http://www.wikidata.org/entity/Q133256774,
http://www.wikidata.org/entity/Q133256793,
http://www.wikidata.org/entity/Q133257960,Scopus; SCImago Journal Rank
http://www.wikidata.org/entity/Q133258081,
http://www.wikidata.org/entity/Q133258102,
http://www.wikidata.org/entity/Q133258145,Scopus; SCImago Journal Rank
http://www.wikidata.org/entity/Q133263063,
http://www.wikidata.org/entity/Q133278195,
http://www.wikidata.org/entity/Q133297020,
http://www.wikidata.org/entity/Q133297032,
http://www.wikidata.org/entity/Q133297580,
http://www.wikidata.org/entity/Q133757004,Scopus; Arts and Humanities Citation Index; SCImago Journal Rank
http://www.wikidata.org/entity/Q134393758,Scopus; SCImago Journal Rank
http://www.wikidata.org/entity/Q134393756,Scopus; SCImago Journal Rank
http://www.wikidata.org/entity/Q134393757,Scopus; SCImago Journal Rank
http://www.wikidata.org/entity/Q134393762,Scopus; SCImago Journal Rank
http://www.wikidata.org/entity/Q134393763,Scopus; SCImago Journal Rank
http://www.wikidata.org/entity/Q134393760,Scopus; SCImago Journal Rank
http://www.wikidata.org/entity/Q134393761,Scopus; SCImago Journal Rank
http://www.wikidata.org/entity/Q134444975,Scopus; Arts and Humanities Citation Index
http://www.wikidata.org/entity/Q134445011,SCImago Journal Rank
http://www.wikidata.org/entity/Q134513674,Scopus; SCImago Journal Rank
http://www.wikidata.org/entity/Q134513673,Scopus; SCImago Journal Rank
http://www.wikidata.org/entity/Q134513678,Scopus; SCImago Journal Rank
http://www.wikidata.org/entity/Q134513679,Scopus; SCImago Journal Rank
http://www.wikidata.org/entity/Q134513692,Scopus; SCImago Journal Rank
http://www.wikidata.org/entity/Q134513697,Scopus; SCImago Journal Rank
http://www.wikidata.org/entity/Q134513709,Scopus; SCImago Journal Rank
http://www.wikidata.org/entity/Q134822033,Google Scholar
http://www.wikidata.org/entity/Q134822634,Google Scholar
http://www.wikidata.org/entity/Q134822870,Google Scholar
http://www.wikidata.org/entity/Q134875686,
http://www.wikidata.org/entity/Q134887636,
http://www.wikidata.org/entity/Q134889535,
http://www.wikidata.org/entity/Q134889693,
http://www.wikidata.org/entity/Q134889718,
http://www.wikidata.org/entity/Q134889955,
http://www.wikidata.org/entity/Q134963409,Google Scholar
http://www.wikidata.org/entity/Q134963419,Google Scholar
http://www.wikidata.org/entity/Q134963650,
http://www.wikidata.org/entity/Q135011215,
http://www.wikidata.org/entity/Q135011297,
http://www.wikidata.org/entity/Q135102878,Scopus; Google Scholar; DOAJ; SCImago Journal Rank
http://www.wikidata.org/entity/Q135102879,Scopus; Google Scholar; DOAJ; SCImago Journal Rank
http://www.wikidata.org/entity/Q135102882,Scopus; Google Scholar; DOAJ; SCImago Journal Rank
http://www.wikidata.org/entity/Q135102883,Scopus; Google Scholar; DOAJ; SCImago Journal Rank
http://www.wikidata.org/entity/Q135102880,Scopus; Google Scholar; DOAJ; SCImago Journal Rank
http://www.wikidata.org/entity/Q135102881,Scopus; Google Scholar; DOAJ; SCImago Journal Rank
http://www.wikidata.org/entity/Q135102886,Scopus; Google Scholar; DOAJ; SCImago Journal Rank
http://www.wikidata.org/entity/Q135102884,Scopus; Google Scholar; DOAJ; SCImago Journal Rank
http://www.wikidata.org/entity/Q135103335,
http://www.wikidata.org/entity/Q135116138,
http://www.wikidata.org/entity/Q135165055,
http://www.wikidata.org/entity/Q135178782,
http://www.wikidata.org/entity/Q135180935,Google Scholar
http://www.wikidata.org/entity/Q135180964,Google Scholar
http://www.wikidata.org/entity/Q135181011,Google Scholar
http://www.wikidata.org/entity/Q135181035,Google Scholar
http://www.wikidata.org/entity/Q135181072,Google Scholar
http://www.wikidata.org/entity/Q135181110,Google Scholar
http://www.wikidata.org/entity/Q135225002,SCImago Journal Rank
http://www.wikidata.org/entity/Q135233359,
http://www.wikidata.org/entity/Q135233418,
http://www.wikidata.org/entity/Q135233466,
http://www.wikidata.org/entity/Q135267376,
http://www.wikidata.org/entity/Q135267481,
http://www.wikidata.org/entity/Q135271036,
http://www.wikidata.org/entity/Q135335923,
http://www.wikidata.org/entity/Q135336054,Scopus; SCImago Journal Rank
http://www.wikidata.org/entity/Q135391256,
http://www.wikidata.org/entity/Q135399271,SCImago Journal Rank
http://www.wikidata.org/entity/Q135399934,
http://www.wikidata.org/entity/Q135399994,Scopus; Arts and Humanities Citation Index; Journal Citation Reports; SCImago Journal Rank
http://www.wikidata.org/entity/Q135400000,Scopus; SCImago Journal Rank
http://www.wikidata.org/entity/Q135409624,
http://www.wikidata.org/entity/Q135409801,Scopus; SCImago Journal Rank
http://www.wikidata.org/entity/Q135409906,Scopus; SCImago Journal Rank
http://www.wikidata.org/entity/Q135432514,Scopus; SCImago Journal Rank
http://www.wikidata.org/entity/Q135435931,
http://www.wikidata.org/entity/Q135435961,
http://www.wikidata.org/entity/Q135442878,Scopus; Arts and Humanities Citation Index; Journal Citation Reports; SCImago Journal Rank
http://www.wikidata.org/entity/Q135494039,
http://www.wikidata.org/entity/Q135792920,
http://www.wikidata.org/entity/Q136184307,
http://www.wikidata.org/entity/Q136379142,
http://www.wikidata.org/entity/Q136384321,
http://www.wikidata.org/entity/Q136384392,Scopus; SCImago Journal Rank
http://www.wikidata.org/entity/Q136384538,
http://www.wikidata.org/entity/Q136399613,Scopus; DOAJ
http://www.wikidata.org/entity/Q136399640,
http://www.wikidata.org/entity/Q136445293,
http://www.wikidata.org/entity/Q136445352,Scopus; Journal Citation Reports; SCImago Journal Rank
http://www.wikidata.org/entity/Q136456633,Scopus; Science Citation Index Expanded
http://www.wikidata.org/entity/Q136456640,Scopus; Journal Citation Reports; SCImago Journal Rank
http://www.wikidata.org/entity/Q136456660,Scopus; Journal Citation Reports; SCImago Journal Rank
http://www.wikidata.org/entity/Q136456962,
http://www.wikidata.org/entity/Q136461768,
http://www.wikidata.org/entity/Q136461995,
http://www.wikidata.org/entity/Q136462742,
http://www.wikidata.org/entity/Q136491214,
http://www.wikidata.org/entity/Q136505174,
http://www.wikidata.org/entity/Q136539563,
http://www.wikidata.org/entity/Q136540024,Scopus; Journal Citation Reports; SCImago Journal Rank
http://www.wikidata.org/entity/Q136593329,
http://www.wikidata.org/entity/Q136593412,Scopus; Science Citation Index Expanded
http://www.wikidata.org/entity/Q136657990,Google Scholar
http://www.wikidata.org/entity/Q136658092,Google Scholar
http://www.wikidata.org/entity/Q136658118,Google Scholar
http://www.wikidata.org/entity/Q136658143,Google Scholar
http://www.wikidata.org/entity/Q136658175,Google Scholar
http://www.wikidata.org/entity/Q136658306,Google Scholar
http://www.wikidata.org/entity/Q136658342,Google Scholar
http://www.wikidata.org/entity/Q136658554,Google Scholar
http://www.wikidata.org/entity/Q136658604,Google Scholar
http://www.wikidata.org/entity/Q136661502,DOAJ; SCImago Journal Rank; Emerging Sources Citation Index
http://www.wikidata.org/entity/Q136665118,Scopus; Science Citation Index Expanded
http://www.wikidata.org/entity/Q136665816,Google Scholar
http://www.wikidata.org/entity/Q136666002,Google Scholar
http://www.wikidata.org/entity/Q136666236,Google Scholar
http://www.wikidata.org/entity/Q136666494,Google Scholar
http://www.wikidata.org/entity/Q136666796,Google Scholar
http://www.wikidata.org/entity/Q136667091,Google Scholar
http://www.wikidata.org/entity/Q136669593,
http://www.wikidata.org/entity/Q136669602,Scopus; Journal Citation Reports; SCImago Journal Rank
http://www.wikidata.org/entity/Q136678249,Scopus; Science Citation Index Expanded
http://www.wikidata.org/entity/Q136678881,
http://www.wikidata.org/entity/Q136716018,
http://www.wikidata.org/entity/Q136723350,
http://www.wikidata.org/entity/Q136728621,
http://www.wikidata.org/entity/Q136757914,
http://www.wikidata.org/entity/Q136759809,
http://www.wikidata.org/entity/Q136759830,
http://www.wikidata.org/entity/Q136760020,
http://www.wikidata.org/entity/Q136760027,Scopus; Arts and Humanities Citation Index; Journal Citation Reports; SCImago Journal Rank
http://www.wikidata.org/entity/Q136760137,
http://www.wikidata.org/entity/Q136760229,
http://www.wikidata.org/entity/Q136940308,
http://www.wikidata.org/entity/Q137015827,Scopus; DOAJ; Emerging Sources Citation Index
http://www.wikidata.org/entity/Q137015830,Scopus; DOAJ; Emerging Sources Citation Index
http://www.wikidata.org/entity/Q137015831,Scopus; DOAJ; Emerging Sources Citation Index
http://www.wikidata.org/entity/Q137015828,Scopus; DOAJ; Emerging Sources Citation Index
http://www.wikidata.org/entity/Q137015829,Scopus; DOAJ; Emerging Sources Citation Index
http://www.wikidata.org/entity/Q137017519,Scopus; DOAJ; Emerging Sources Citation Index
http://www.wikidata.org/entity/Q137017522,Scopus; DOAJ; Emerging Sources Citation Index
http://www.wikidata.org/entity/Q137017523,Scopus; DOAJ; Emerging Sources Citation Index
http://www.wikidata.org/entity/Q137017524,Scopus; DOAJ; Emerging Sources Citation Index
http://www.wikidata.org/entity/Q137104650,Scopus; DOAJ; Emerging Sources Citation Index
http://www.wikidata.org/entity/Q137104651,Scopus; DOAJ; Emerging Sources Citation Index
http://www.wikidata.org/entity/Q137104648,Scopus; DOAJ; Emerging Sources Citation Index
http://www.wikidata.org/entity/Q137195917,
http://www.wikidata.org/entity/Q137324314,
http://www.wikidata.org/entity/Q137368051,
http://www.wikidata.org/entity/Q137392147,
http://www.wikidata.org/entity/Q137392384,
http://www.wikidata.org/entity/Q137393272,
