id,editori
http://www.wikidata.org/entity/Q33144512,
http://www.wikidata.org/entity/Q33144721,
http://www.wikidata.org/entity/Q36464134,Istituto Superiore di Sanità
http://www.wikidata.org/entity/Q36464142,Istituto Superiore di Sanità
http://www.wikidata.org/entity/Q36464146,Istituto Superiore di Sanità
http://www.wikidata.org/entity/Q36484095,Istituto Superiore di Sanità
http://www.wikidata.org/entity/Q36484102,Istituto Superiore di Sanità
http://www.wikidata.org/entity/Q36484107,Istituto Superiore di Sanità
http://www.wikidata.org/entity/Q36484116,Istituto Superiore di Sanità
http://www.wikidata.org/entity/Q36484122,Istituto Superiore di Sanità
http://www.wikidata.org/entity/Q36484126,Istituto Superiore di Sanità
http://www.wikidata.org/entity/Q36484132,Istituto Superiore di Sanità
http://www.wikidata.org/entity/Q36484137,Istituto Superiore di Sanità
http://www.wikidata.org/entity/Q36484143,Istituto Superiore di Sanità
http://www.wikidata.org/entity/Q36484148,Istituto Superiore di Sanità
http://www.wikidata.org/entity/Q36484157,Istituto Superiore di Sanità
http://www.wikidata.org/entity/Q36484160,Istituto Superiore di Sanità
http://www.wikidata.org/entity/Q36484165,Istituto Superiore di Sanità
http://www.wikidata.org/entity/Q36484169,Istituto Superiore di Sanità
http://www.wikidata.org/entity/Q36484173,Istituto Superiore di Sanità
http://www.wikidata.org/entity/Q36484177,Istituto Superiore di Sanità
http://www.wikidata.org/entity/Q36484182,Istituto Superiore di Sanità
http://www.wikidata.org/entity/Q36484194,Istituto Superiore di Sanità
http://www.wikidata.org/entity/Q36484198,Istituto Superiore di Sanità
http://www.wikidata.org/entity/Q36484219,Istituto Superiore di Sanità
http://www.wikidata.org/entity/Q48625754,Editrice Bibliografica
http://www.wikidata.org/entity/Q56736038,Associazione Italiana Biblioteche
http://www.wikidata.org/entity/Q57976823,Università di Bologna
http://www.wikidata.org/entity/Q58124093,Rosenberg & Sellier
http://www.wikidata.org/entity/Q58302558,Università di Bologna
http://www.wikidata.org/entity/Q58349819,Università di Bologna
http://www.wikidata.org/entity/Q58350077,Università di Bologna
http://www.wikidata.org/entity/Q58356273,Università di Bologna
http://www.wikidata.org/entity/Q58356286,Università di Bologna
http://www.wikidata.org/entity/Q58356899,Università di Bologna
http://www.wikidata.org/entity/Q58379186,Università di Bologna
http://www.wikidata.org/entity/Q58379187,Università di Bologna
http://www.wikidata.org/entity/Q58379188,Università di Bologna
http://www.wikidata.org/entity/Q58387646,Università di Bologna
http://www.wikidata.org/entity/Q58387647,Università di Bologna
http://www.wikidata.org/entity/Q58387650,Università di Bologna
http://www.wikidata.org/entity/Q58387648,Università di Bologna
http://www.wikidata.org/entity/Q58424166,Università di Bologna
http://www.wikidata.org/entity/Q58670918,Università di Bologna
http://www.wikidata.org/entity/Q58670922,Università di Bologna
http://www.wikidata.org/entity/Q58670923,Università di Bologna
http://www.wikidata.org/entity/Q58670920,Università di Bologna
http://www.wikidata.org/entity/Q58670927,Università di Bologna
http://www.wikidata.org/entity/Q58670925,Università di Bologna
http://www.wikidata.org/entity/Q58670929,Università di Bologna
http://www.wikidata.org/entity/Q58670935,Università di Bologna
http://www.wikidata.org/entity/Q58670932,Università di Bologna
http://www.wikidata.org/entity/Q58670933,Università di Bologna
http://www.wikidata.org/entity/Q58670939,Università di Bologna
http://www.wikidata.org/entity/Q58670937,Università di Bologna
http://www.wikidata.org/entity/Q58670940,Università di Bologna
http://www.wikidata.org/entity/Q58773238,Università di Bologna
http://www.wikidata.org/entity/Q58773236,Università di Bologna
http://www.wikidata.org/entity/Q58773243,Università di Bologna
http://www.wikidata.org/entity/Q58773241,Università di Bologna
http://www.wikidata.org/entity/Q58773247,Università di Bologna
http://www.wikidata.org/entity/Q58773245,Università di Bologna
http://www.wikidata.org/entity/Q58773251,Università di Bologna
http://www.wikidata.org/entity/Q58773249,Università di Bologna
http://www.wikidata.org/entity/Q58773254,Università di Bologna
http://www.wikidata.org/entity/Q58773253,Università di Bologna
http://www.wikidata.org/entity/Q58773258,Università di Bologna
http://www.wikidata.org/entity/Q58773260,Università di Bologna
http://www.wikidata.org/entity/Q58773261,Università di Bologna
http://www.wikidata.org/entity/Q58773267,Università di Bologna
http://www.wikidata.org/entity/Q58773264,Università di Bologna
http://www.wikidata.org/entity/Q58826209,Università di Bologna
http://www.wikidata.org/entity/Q58953729,Università di Bologna
http://www.wikidata.org/entity/Q58953763,Università di Bologna
http://www.wikidata.org/entity/Q58953796,Università di Bologna
http://www.wikidata.org/entity/Q58953832,Università di Bologna
http://www.wikidata.org/entity/Q58953868,Università di Bologna
http://www.wikidata.org/entity/Q58953902,Università di Bologna
http://www.wikidata.org/entity/Q58953937,Università di Bologna
http://www.wikidata.org/entity/Q58953970,Università di Bologna
http://www.wikidata.org/entity/Q58954003,Università di Bologna
http://www.wikidata.org/entity/Q58954040,Università di Bologna
http://www.wikidata.org/entity/Q58954077,Università di Bologna
http://www.wikidata.org/entity/Q58954115,Università di Bologna
http://www.wikidata.org/entity/Q58954151,Università di Bologna
http://www.wikidata.org/entity/Q58954188,Università di Bologna
http://www.wikidata.org/entity/Q58954224,Università di Bologna
http://www.wikidata.org/entity/Q59096078,Università di Bologna
http://www.wikidata.org/entity/Q59096076,Università di Bologna
http://www.wikidata.org/entity/Q59096077,Università di Bologna
http://www.wikidata.org/entity/Q59096082,Università di Bologna
http://www.wikidata.org/entity/Q59096080,Università di Bologna
http://www.wikidata.org/entity/Q59096081,Università di Bologna
http://www.wikidata.org/entity/Q59096086,Università di Bologna
http://www.wikidata.org/entity/Q59096084,Università di Bologna
http://www.wikidata.org/entity/Q59096085,Università di Bologna
http://www.wikidata.org/entity/Q59096090,Università di Bologna
http://www.wikidata.org/entity/Q59096088,Università di Bologna
http://www.wikidata.org/entity/Q59096089,Università di Bologna
http://www.wikidata.org/entity/Q59096094,Università di Bologna
http://www.wikidata.org/entity/Q59096092,Università di Bologna
http://www.wikidata.org/entity/Q59096093,Università di Bologna
http://www.wikidata.org/entity/Q59137259,Università di Bologna
http://www.wikidata.org/entity/Q59137262,Università di Bologna
http://www.wikidata.org/entity/Q59137260,Università di Bologna
http://www.wikidata.org/entity/Q59137261,Università di Bologna
http://www.wikidata.org/entity/Q59137266,Università di Bologna
http://www.wikidata.org/entity/Q59137267,Università di Bologna
http://www.wikidata.org/entity/Q59137264,Università di Bologna
http://www.wikidata.org/entity/Q59137270,Università di Bologna
http://www.wikidata.org/entity/Q59137268,Università di Bologna
http://www.wikidata.org/entity/Q59137272,Università di Bologna
http://www.wikidata.org/entity/Q59154963,Università di Bologna
http://www.wikidata.org/entity/Q59154966,Università di Bologna
http://www.wikidata.org/entity/Q59154967,Università di Bologna
http://www.wikidata.org/entity/Q59154964,Università di Bologna
http://www.wikidata.org/entity/Q59154965,Università di Bologna
http://www.wikidata.org/entity/Q59154971,Università di Bologna
http://www.wikidata.org/entity/Q59154968,Università di Bologna
http://www.wikidata.org/entity/Q59154969,Università di Bologna
http://www.wikidata.org/entity/Q59154974,Università di Bologna
http://www.wikidata.org/entity/Q59154975,Università di Bologna
http://www.wikidata.org/entity/Q59154972,Università di Bologna
http://www.wikidata.org/entity/Q59154976,Università di Bologna
http://www.wikidata.org/entity/Q59208094,Università di Bologna
http://www.wikidata.org/entity/Q59208095,Università di Bologna
http://www.wikidata.org/entity/Q59208093,Università di Bologna
http://www.wikidata.org/entity/Q59208098,Università di Bologna
http://www.wikidata.org/entity/Q59208096,Università di Bologna
http://www.wikidata.org/entity/Q59208097,Università di Bologna
http://www.wikidata.org/entity/Q59259739,Università di Bologna
http://www.wikidata.org/entity/Q59259742,Università di Bologna
http://www.wikidata.org/entity/Q59259743,Università di Bologna
http://www.wikidata.org/entity/Q59259740,Università di Bologna
http://www.wikidata.org/entity/Q59259741,Università di Bologna
http://www.wikidata.org/entity/Q59259746,Università di Bologna
http://www.wikidata.org/entity/Q59259747,Università di Bologna
http://www.wikidata.org/entity/Q59259744,Università di Bologna
http://www.wikidata.org/entity/Q59259745,Università di Bologna
http://www.wikidata.org/entity/Q59259748,Università di Bologna
http://www.wikidata.org/entity/Q59259749,Università di Bologna
http://www.wikidata.org/entity/Q59265383,Università di Bologna
http://www.wikidata.org/entity/Q59265386,Università di Bologna
http://www.wikidata.org/entity/Q59265384,Università di Bologna
http://www.wikidata.org/entity/Q59265385,Università di Bologna
http://www.wikidata.org/entity/Q59265390,Università di Bologna
http://www.wikidata.org/entity/Q59265391,Università di Bologna
http://www.wikidata.org/entity/Q59265388,Università di Bologna
http://www.wikidata.org/entity/Q59265394,Università di Bologna
http://www.wikidata.org/entity/Q59265395,Università di Bologna
http://www.wikidata.org/entity/Q59265392,Università di Bologna
http://www.wikidata.org/entity/Q59265396,Università di Bologna
http://www.wikidata.org/entity/Q59265397,Università di Bologna
http://www.wikidata.org/entity/Q59281535,Università di Bologna
http://www.wikidata.org/entity/Q59281538,Università di Bologna
http://www.wikidata.org/entity/Q59281539,Università di Bologna
http://www.wikidata.org/entity/Q59281536,Università di Bologna
http://www.wikidata.org/entity/Q59281537,Università di Bologna
http://www.wikidata.org/entity/Q59281542,Università di Bologna
http://www.wikidata.org/entity/Q59281543,Università di Bologna
http://www.wikidata.org/entity/Q59281540,Università di Bologna
http://www.wikidata.org/entity/Q59281541,Università di Bologna
http://www.wikidata.org/entity/Q59388175,Associazione Italiana Biblioteche
http://www.wikidata.org/entity/Q59388178,Associazione Italiana Biblioteche
http://www.wikidata.org/entity/Q59388179,Associazione Italiana Biblioteche
http://www.wikidata.org/entity/Q59388176,Associazione Italiana Biblioteche
http://www.wikidata.org/entity/Q59388177,Associazione Italiana Biblioteche
http://www.wikidata.org/entity/Q59388182,Associazione Italiana Biblioteche
http://www.wikidata.org/entity/Q59388183,Associazione Italiana Biblioteche
http://www.wikidata.org/entity/Q59388180,Associazione Italiana Biblioteche
http://www.wikidata.org/entity/Q59388181,Associazione Italiana Biblioteche
http://www.wikidata.org/entity/Q59388184,Associazione Italiana Biblioteche
http://www.wikidata.org/entity/Q59388185,Associazione Italiana Biblioteche
http://www.wikidata.org/entity/Q60713534,Firenze University Press
http://www.wikidata.org/entity/Q60907273,Università di Bologna
http://www.wikidata.org/entity/Q60907285,Università di Bologna
http://www.wikidata.org/entity/Q60907291,Università di Bologna
http://www.wikidata.org/entity/Q60907308,Università di Bologna
http://www.wikidata.org/entity/Q60907317,Università di Bologna
http://www.wikidata.org/entity/Q60907331,Università di Bologna
http://www.wikidata.org/entity/Q60907344,Università di Bologna
http://www.wikidata.org/entity/Q60907356,Università di Bologna
http://www.wikidata.org/entity/Q60907372,Università di Bologna
http://www.wikidata.org/entity/Q60907379,Università di Bologna
http://www.wikidata.org/entity/Q60907392,Università di Bologna
http://www.wikidata.org/entity/Q60907408,Università di Bologna
http://www.wikidata.org/entity/Q60907417,Università di Bologna
http://www.wikidata.org/entity/Q60907422,Università di Bologna
http://www.wikidata.org/entity/Q60907435,Università di Bologna
http://www.wikidata.org/entity/Q61056650,Firenze University Press
http://www.wikidata.org/entity/Q61057042,Firenze University Press
http://www.wikidata.org/entity/Q61776076,Università degli Studi di Napoli Federico II; FeDOAPress - Federico II Open Access University Press
http://www.wikidata.org/entity/Q61776080,Università degli Studi di Napoli Federico II; FeDOAPress - Federico II Open Access University Press
http://www.wikidata.org/entity/Q61776462,Università degli Studi di Napoli Federico II; FeDOAPress - Federico II Open Access University Press
http://www.wikidata.org/entity/Q61776467,Università degli Studi di Napoli Federico II; FeDOAPress - Federico II Open Access University Press
http://www.wikidata.org/entity/Q61776464,Università degli Studi di Napoli Federico II; FeDOAPress - Federico II Open Access University Press
http://www.wikidata.org/entity/Q61776468,Università degli Studi di Napoli Federico II; FeDOAPress - Federico II Open Access University Press
http://www.wikidata.org/entity/Q61776469,Università degli Studi di Napoli Federico II; FeDOAPress - Federico II Open Access University Press
http://www.wikidata.org/entity/Q62579849,PAGEPress Publications
http://www.wikidata.org/entity/Q64712103,Università di Bologna
http://www.wikidata.org/entity/Q64712106,Università di Bologna
http://www.wikidata.org/entity/Q64712107,Università di Bologna
http://www.wikidata.org/entity/Q64712105,Università di Bologna
http://www.wikidata.org/entity/Q64712110,Università di Bologna
http://www.wikidata.org/entity/Q64712109,Università di Bologna
http://www.wikidata.org/entity/Q64712112,Università di Bologna
http://www.wikidata.org/entity/Q64712113,Università di Bologna
http://www.wikidata.org/entity/Q64712116,Università di Bologna
http://www.wikidata.org/entity/Q64712134,Università di Bologna
http://www.wikidata.org/entity/Q64712144,Università di Bologna
http://www.wikidata.org/entity/Q64712156,Università di Bologna
http://www.wikidata.org/entity/Q64712171,Università di Bologna
http://www.wikidata.org/entity/Q64712184,Università di Bologna
http://www.wikidata.org/entity/Q64712198,Università di Bologna
http://www.wikidata.org/entity/Q65594178,L'Erma di Bretschneider
http://www.wikidata.org/entity/Q69559758,Associazione Italiana Biblioteche
http://www.wikidata.org/entity/Q69646153,Associazione Italiana Biblioteche
http://www.wikidata.org/entity/Q69776340,Istituto Superiore di Sanità
http://www.wikidata.org/entity/Q69776400,Istituto Superiore di Sanità
http://www.wikidata.org/entity/Q69776436,Istituto Superiore di Sanità
http://www.wikidata.org/entity/Q69776444,Istituto Superiore di Sanità
http://www.wikidata.org/entity/Q69776453,Istituto Superiore di Sanità
http://www.wikidata.org/entity/Q70982360,Il Mulino
http://www.wikidata.org/entity/Q73492838,
http://www.wikidata.org/entity/Q74825992,Associazione Italiana Biblioteche
http://www.wikidata.org/entity/Q77304139,Vita e pensiero
http://www.wikidata.org/entity/Q78577731,PAGEPress Publications
http://www.wikidata.org/entity/Q82514580,Università di Bologna
http://www.wikidata.org/entity/Q82514642,Università di Bologna
http://www.wikidata.org/entity/Q82514941,Università di Bologna
http://www.wikidata.org/entity/Q82514978,Università di Bologna
http://www.wikidata.org/entity/Q82515058,Università di Bologna
http://www.wikidata.org/entity/Q82515159,Università di Bologna
http://www.wikidata.org/entity/Q82515164,Università di Bologna
http://www.wikidata.org/entity/Q82515170,Università di Bologna
http://www.wikidata.org/entity/Q82515168,Università di Bologna
http://www.wikidata.org/entity/Q82515174,Università di Bologna
http://www.wikidata.org/entity/Q82515177,Università di Bologna
http://www.wikidata.org/entity/Q82515180,Università di Bologna
http://www.wikidata.org/entity/Q82515186,Università di Bologna
http://www.wikidata.org/entity/Q83365686,Università di Bologna
http://www.wikidata.org/entity/Q83612194,Editrice Bibliografica
http://www.wikidata.org/entity/Q92592463,Università di Bologna
http://www.wikidata.org/entity/Q92592494,Università di Bologna
http://www.wikidata.org/entity/Q92592577,Università di Bologna
http://www.wikidata.org/entity/Q92592656,Università di Bologna
http://www.wikidata.org/entity/Q92592734,Università di Bologna
http://www.wikidata.org/entity/Q92592817,Università di Bologna
http://www.wikidata.org/entity/Q92592907,Università di Bologna
http://www.wikidata.org/entity/Q92593011,Università di Bologna
http://www.wikidata.org/entity/Q92593112,Università di Bologna
http://www.wikidata.org/entity/Q92593206,Università di Bologna
http://www.wikidata.org/entity/Q95997038,Taylor & Francis
http://www.wikidata.org/entity/Q95997039,Taylor & Francis
http://www.wikidata.org/entity/Q95997044,Taylor & Francis
http://www.wikidata.org/entity/Q95997054,Taylor & Francis
http://www.wikidata.org/entity/Q95997062,Taylor & Francis
http://www.wikidata.org/entity/Q95997060,Taylor & Francis
http://www.wikidata.org/entity/Q95997061,Taylor & Francis
http://www.wikidata.org/entity/Q95997066,Taylor & Francis
http://www.wikidata.org/entity/Q95997067,Taylor & Francis
http://www.wikidata.org/entity/Q95997073,Taylor & Francis
http://www.wikidata.org/entity/Q95997079,Taylor & Francis
http://www.wikidata.org/entity/Q95997076,Taylor & Francis
http://www.wikidata.org/entity/Q95997077,Taylor & Francis
http://www.wikidata.org/entity/Q95997082,Taylor & Francis
http://www.wikidata.org/entity/Q95997081,Taylor & Francis
http://www.wikidata.org/entity/Q95997084,Taylor & Francis
http://www.wikidata.org/entity/Q95997102,Taylor & Francis
http://www.wikidata.org/entity/Q95997103,Taylor & Francis
http://www.wikidata.org/entity/Q95997101,Taylor & Francis
http://www.wikidata.org/entity/Q96623074,Università di Bologna
http://www.wikidata.org/entity/Q96623075,Università di Bologna
http://www.wikidata.org/entity/Q96623078,Università di Bologna
http://www.wikidata.org/entity/Q96623079,Università di Bologna
http://www.wikidata.org/entity/Q96623076,Università di Bologna
http://www.wikidata.org/entity/Q96623082,Università di Bologna
http://www.wikidata.org/entity/Q96623083,Università di Bologna
http://www.wikidata.org/entity/Q96623081,Università di Bologna
http://www.wikidata.org/entity/Q96623086,Università di Bologna
http://www.wikidata.org/entity/Q96623087,Università di Bologna
http://www.wikidata.org/entity/Q96623085,Università di Bologna
http://www.wikidata.org/entity/Q96623090,Università di Bologna
http://www.wikidata.org/entity/Q96623091,Università di Bologna
http://www.wikidata.org/entity/Q96623089,Università di Bologna
http://www.wikidata.org/entity/Q96623093,Università di Bologna
http://www.wikidata.org/entity/Q99573989,Società Speleologica Italiana
http://www.wikidata.org/entity/Q99639341,PAGEPress Publications
http://www.wikidata.org/entity/Q99653413,PAGEPress Publications
http://www.wikidata.org/entity/Q99654817,PAGEPress Publications
http://www.wikidata.org/entity/Q99661235,Società Speleologica Italiana
http://www.wikidata.org/entity/Q99860432,Taylor & Francis
http://www.wikidata.org/entity/Q99860449,Taylor & Francis
http://www.wikidata.org/entity/Q99860482,Taylor & Francis
http://www.wikidata.org/entity/Q99860480,Taylor & Francis
http://www.wikidata.org/entity/Q99860487,Taylor & Francis
http://www.wikidata.org/entity/Q100741569,Associazione Italiana Biblioteche
http://www.wikidata.org/entity/Q101086004,
http://www.wikidata.org/entity/Q101996668,Associazione Italiana Biblioteche
http://www.wikidata.org/entity/Q102115630,Associazione Italiana Biblioteche
http://www.wikidata.org/entity/Q102116015,Associazione Italiana Biblioteche
http://www.wikidata.org/entity/Q102391509,Associazione Italiana Biblioteche
http://www.wikidata.org/entity/Q102391845,Associazione Italiana Biblioteche
http://www.wikidata.org/entity/Q102392002,Associazione Italiana Biblioteche
http://www.wikidata.org/entity/Q102392285,Associazione Italiana Biblioteche
http://www.wikidata.org/entity/Q102392363,Associazione Italiana Biblioteche
http://www.wikidata.org/entity/Q102392806,Associazione Italiana Biblioteche
http://www.wikidata.org/entity/Q102392889,Associazione Italiana Biblioteche
http://www.wikidata.org/entity/Q102393180,Associazione Italiana Biblioteche
http://www.wikidata.org/entity/Q102393258,Associazione Italiana Biblioteche
http://www.wikidata.org/entity/Q102393556,Associazione Italiana Biblioteche
http://www.wikidata.org/entity/Q102393664,Associazione Italiana Biblioteche
http://www.wikidata.org/entity/Q102393759,Associazione Italiana Biblioteche
http://www.wikidata.org/entity/Q102393947,Associazione Italiana Biblioteche
http://www.wikidata.org/entity/Q102393996,Associazione Italiana Biblioteche
http://www.wikidata.org/entity/Q102503100,Associazione Italiana Biblioteche
http://www.wikidata.org/entity/Q102802821,Associazione Italiana Biblioteche
http://www.wikidata.org/entity/Q102805155,Associazione Italiana Biblioteche
http://www.wikidata.org/entity/Q102808536,Associazione Italiana Biblioteche
http://www.wikidata.org/entity/Q102809224,Associazione Italiana Biblioteche
http://www.wikidata.org/entity/Q102810332,Associazione Italiana Biblioteche
http://www.wikidata.org/entity/Q102821767,Associazione Italiana Biblioteche
http://www.wikidata.org/entity/Q102822425,Associazione Italiana Biblioteche
http://www.wikidata.org/entity/Q102822617,Associazione Italiana Biblioteche
http://www.wikidata.org/entity/Q102822746,Associazione Italiana Biblioteche
http://www.wikidata.org/entity/Q102823167,Associazione Italiana Biblioteche
http://www.wikidata.org/entity/Q102823781,Associazione Italiana Biblioteche
http://www.wikidata.org/entity/Q103896945,Associazione Italiana Biblioteche
http://www.wikidata.org/entity/Q103896950,Associazione Italiana Biblioteche
http://www.wikidata.org/entity/Q103896948,Associazione Italiana Biblioteche
http://www.wikidata.org/entity/Q103896949,Associazione Italiana Biblioteche
http://www.wikidata.org/entity/Q103896952,Associazione Italiana Biblioteche
http://www.wikidata.org/entity/Q103899574,Associazione Italiana Biblioteche
http://www.wikidata.org/entity/Q103899584,Associazione Italiana Biblioteche
http://www.wikidata.org/entity/Q103899585,Associazione Italiana Biblioteche
http://www.wikidata.org/entity/Q103899590,Associazione Italiana Biblioteche
http://www.wikidata.org/entity/Q103899591,Associazione Italiana Biblioteche
http://www.wikidata.org/entity/Q103899589,Associazione Italiana Biblioteche
http://www.wikidata.org/entity/Q103899592,Associazione Italiana Biblioteche
http://www.wikidata.org/entity/Q103899593,Associazione Italiana Biblioteche
http://www.wikidata.org/entity/Q103899598,Associazione Italiana Biblioteche
http://www.wikidata.org/entity/Q103899599,Associazione Italiana Biblioteche
http://www.wikidata.org/entity/Q103899596,Associazione Italiana Biblioteche
http://www.wikidata.org/entity/Q103899597,Associazione Italiana Biblioteche
http://www.wikidata.org/entity/Q103899601,Associazione Italiana Biblioteche
http://www.wikidata.org/entity/Q103899606,Associazione Italiana Biblioteche
http://www.wikidata.org/entity/Q103899607,Associazione Italiana Biblioteche
http://www.wikidata.org/entity/Q103899604,Associazione Italiana Biblioteche
http://www.wikidata.org/entity/Q103899605,Associazione Italiana Biblioteche
http://www.wikidata.org/entity/Q103899610,Associazione Italiana Biblioteche
http://www.wikidata.org/entity/Q103899609,Associazione Italiana Biblioteche
http://www.wikidata.org/entity/Q103899614,Associazione Italiana Biblioteche
http://www.wikidata.org/entity/Q103899613,Associazione Italiana Biblioteche
http://www.wikidata.org/entity/Q103901278,Associazione Italiana Biblioteche
http://www.wikidata.org/entity/Q103901283,Associazione Italiana Biblioteche
http://www.wikidata.org/entity/Q103901280,Associazione Italiana Biblioteche
http://www.wikidata.org/entity/Q103901290,Associazione Italiana Biblioteche
http://www.wikidata.org/entity/Q103901289,Associazione Italiana Biblioteche
http://www.wikidata.org/entity/Q103901292,Associazione Italiana Biblioteche
http://www.wikidata.org/entity/Q103901299,Associazione Italiana Biblioteche
http://www.wikidata.org/entity/Q103901296,Associazione Italiana Biblioteche
http://www.wikidata.org/entity/Q103901302,Associazione Italiana Biblioteche
http://www.wikidata.org/entity/Q103901301,Associazione Italiana Biblioteche
http://www.wikidata.org/entity/Q103901304,Associazione Italiana Biblioteche
http://www.wikidata.org/entity/Q103901310,Associazione Italiana Biblioteche
http://www.wikidata.org/entity/Q103901308,Associazione Italiana Biblioteche
http://www.wikidata.org/entity/Q103901314,Associazione Italiana Biblioteche
http://www.wikidata.org/entity/Q103901316,Associazione Italiana Biblioteche
http://www.wikidata.org/entity/Q103901322,Associazione Italiana Biblioteche
http://www.wikidata.org/entity/Q103901321,Associazione Italiana Biblioteche
http://www.wikidata.org/entity/Q103901324,Associazione Italiana Biblioteche
http://www.wikidata.org/entity/Q103915809,Associazione Italiana Biblioteche
http://www.wikidata.org/entity/Q103915814,Associazione Italiana Biblioteche
http://www.wikidata.org/entity/Q103915812,Associazione Italiana Biblioteche
http://www.wikidata.org/entity/Q103915818,Associazione Italiana Biblioteche
http://www.wikidata.org/entity/Q103915819,Associazione Italiana Biblioteche
http://www.wikidata.org/entity/Q103915822,Associazione Italiana Biblioteche
http://www.wikidata.org/entity/Q103915827,Associazione Italiana Biblioteche
http://www.wikidata.org/entity/Q103915824,Associazione Italiana Biblioteche
http://www.wikidata.org/entity/Q103915831,Associazione Italiana Biblioteche
http://www.wikidata.org/entity/Q103915835,Associazione Italiana Biblioteche
http://www.wikidata.org/entity/Q103915833,Associazione Italiana Biblioteche
http://www.wikidata.org/entity/Q103915839,Associazione Italiana Biblioteche
http://www.wikidata.org/entity/Q103915836,Associazione Italiana Biblioteche
http://www.wikidata.org/entity/Q103915843,Associazione Italiana Biblioteche
http://www.wikidata.org/entity/Q103915841,Associazione Italiana Biblioteche
http://www.wikidata.org/entity/Q103915866,Associazione Italiana Biblioteche
http://www.wikidata.org/entity/Q103915864,Associazione Italiana Biblioteche
http://www.wikidata.org/entity/Q103915869,Associazione Italiana Biblioteche
http://www.wikidata.org/entity/Q103915875,Associazione Italiana Biblioteche
http://www.wikidata.org/entity/Q103915873,Associazione Italiana Biblioteche
http://www.wikidata.org/entity/Q103915883,Associazione Italiana Biblioteche
http://www.wikidata.org/entity/Q103915881,Associazione Italiana Biblioteche
http://www.wikidata.org/entity/Q103915887,Associazione Italiana Biblioteche
http://www.wikidata.org/entity/Q103915888,Associazione Italiana Biblioteche
http://www.wikidata.org/entity/Q103915895,Associazione Italiana Biblioteche
http://www.wikidata.org/entity/Q103915893,Associazione Italiana Biblioteche
http://www.wikidata.org/entity/Q103915898,Associazione Italiana Biblioteche
http://www.wikidata.org/entity/Q103915903,Associazione Italiana Biblioteche
http://www.wikidata.org/entity/Q103915900,Associazione Italiana Biblioteche
http://www.wikidata.org/entity/Q103915907,Associazione Italiana Biblioteche
http://www.wikidata.org/entity/Q103918125,Associazione Italiana Biblioteche
http://www.wikidata.org/entity/Q103918128,Associazione Italiana Biblioteche
http://www.wikidata.org/entity/Q103918134,Associazione Italiana Biblioteche
http://www.wikidata.org/entity/Q103918132,Associazione Italiana Biblioteche
http://www.wikidata.org/entity/Q103918138,Associazione Italiana Biblioteche
http://www.wikidata.org/entity/Q103918139,Associazione Italiana Biblioteche
http://www.wikidata.org/entity/Q103918136,Associazione Italiana Biblioteche
http://www.wikidata.org/entity/Q103918142,Associazione Italiana Biblioteche
http://www.wikidata.org/entity/Q103918144,Associazione Italiana Biblioteche
http://www.wikidata.org/entity/Q103918150,Associazione Italiana Biblioteche
http://www.wikidata.org/entity/Q103918148,Associazione Italiana Biblioteche
http://www.wikidata.org/entity/Q103918152,Associazione Italiana Biblioteche
http://www.wikidata.org/entity/Q103918156,Associazione Italiana Biblioteche
http://www.wikidata.org/entity/Q103918163,Associazione Italiana Biblioteche
http://www.wikidata.org/entity/Q103918160,Associazione Italiana Biblioteche
http://www.wikidata.org/entity/Q103918164,Associazione Italiana Biblioteche
http://www.wikidata.org/entity/Q103918168,Associazione Italiana Biblioteche
http://www.wikidata.org/entity/Q103918169,Associazione Italiana Biblioteche
http://www.wikidata.org/entity/Q103918174,Associazione Italiana Biblioteche
http://www.wikidata.org/entity/Q103918172,Associazione Italiana Biblioteche
http://www.wikidata.org/entity/Q103918178,Associazione Italiana Biblioteche
http://www.wikidata.org/entity/Q103918180,Associazione Italiana Biblioteche
http://www.wikidata.org/entity/Q103918211,Associazione Italiana Biblioteche
http://www.wikidata.org/entity/Q103918215,Associazione Italiana Biblioteche
http://www.wikidata.org/entity/Q103918217,Associazione Italiana Biblioteche
http://www.wikidata.org/entity/Q103918222,Associazione Italiana Biblioteche
http://www.wikidata.org/entity/Q103918220,Associazione Italiana Biblioteche
http://www.wikidata.org/entity/Q103918227,Associazione Italiana Biblioteche
http://www.wikidata.org/entity/Q103918224,Associazione Italiana Biblioteche
http://www.wikidata.org/entity/Q103918230,Associazione Italiana Biblioteche
http://www.wikidata.org/entity/Q103918234,Associazione Italiana Biblioteche
http://www.wikidata.org/entity/Q103918232,Associazione Italiana Biblioteche
http://www.wikidata.org/entity/Q103918238,Associazione Italiana Biblioteche
http://www.wikidata.org/entity/Q103918236,Associazione Italiana Biblioteche
http://www.wikidata.org/entity/Q103918242,Associazione Italiana Biblioteche
http://www.wikidata.org/entity/Q103918240,Associazione Italiana Biblioteche
http://www.wikidata.org/entity/Q103918246,Associazione Italiana Biblioteche
http://www.wikidata.org/entity/Q103918244,Associazione Italiana Biblioteche
http://www.wikidata.org/entity/Q103918251,Associazione Italiana Biblioteche
http://www.wikidata.org/entity/Q103918249,Associazione Italiana Biblioteche
http://www.wikidata.org/entity/Q103918253,Associazione Italiana Biblioteche
http://www.wikidata.org/entity/Q103918258,Associazione Italiana Biblioteche
http://www.wikidata.org/entity/Q103918256,Associazione Italiana Biblioteche
http://www.wikidata.org/entity/Q103918260,Associazione Italiana Biblioteche
http://www.wikidata.org/entity/Q103918266,Associazione Italiana Biblioteche
http://www.wikidata.org/entity/Q103918264,Associazione Italiana Biblioteche
http://www.wikidata.org/entity/Q103918270,Associazione Italiana Biblioteche
http://www.wikidata.org/entity/Q103918268,Associazione Italiana Biblioteche
http://www.wikidata.org/entity/Q103918272,Associazione Italiana Biblioteche
http://www.wikidata.org/entity/Q103918273,Associazione Italiana Biblioteche
http://www.wikidata.org/entity/Q103918279,Associazione Italiana Biblioteche
http://www.wikidata.org/entity/Q103918276,Associazione Italiana Biblioteche
http://www.wikidata.org/entity/Q103918326,Associazione Italiana Biblioteche
http://www.wikidata.org/entity/Q103918330,Associazione Italiana Biblioteche
http://www.wikidata.org/entity/Q103918328,Associazione Italiana Biblioteche
http://www.wikidata.org/entity/Q103918333,Associazione Italiana Biblioteche
http://www.wikidata.org/entity/Q103918338,Associazione Italiana Biblioteche
http://www.wikidata.org/entity/Q103918339,Associazione Italiana Biblioteche
http://www.wikidata.org/entity/Q103918336,Associazione Italiana Biblioteche
http://www.wikidata.org/entity/Q103918341,Associazione Italiana Biblioteche
http://www.wikidata.org/entity/Q103918347,Associazione Italiana Biblioteche
http://www.wikidata.org/entity/Q103918344,Associazione Italiana Biblioteche
http://www.wikidata.org/entity/Q103918350,Associazione Italiana Biblioteche
http://www.wikidata.org/entity/Q103918353,Associazione Italiana Biblioteche
http://www.wikidata.org/entity/Q103918358,Associazione Italiana Biblioteche
http://www.wikidata.org/entity/Q103918356,Associazione Italiana Biblioteche
http://www.wikidata.org/entity/Q103918363,Associazione Italiana Biblioteche
http://www.wikidata.org/entity/Q103918361,Associazione Italiana Biblioteche
http://www.wikidata.org/entity/Q103918366,Associazione Italiana Biblioteche
http://www.wikidata.org/entity/Q103918370,Associazione Italiana Biblioteche
http://www.wikidata.org/entity/Q103918368,Associazione Italiana Biblioteche
http://www.wikidata.org/entity/Q103918375,Associazione Italiana Biblioteche
http://www.wikidata.org/entity/Q103918373,Associazione Italiana Biblioteche
http://www.wikidata.org/entity/Q103918377,Associazione Italiana Biblioteche
http://www.wikidata.org/entity/Q103919289,Associazione Italiana Biblioteche
http://www.wikidata.org/entity/Q103919294,Associazione Italiana Biblioteche
http://www.wikidata.org/entity/Q103919299,Associazione Italiana Biblioteche
http://www.wikidata.org/entity/Q103919296,Associazione Italiana Biblioteche
http://www.wikidata.org/entity/Q103919303,Associazione Italiana Biblioteche
http://www.wikidata.org/entity/Q103919301,Associazione Italiana Biblioteche
http://www.wikidata.org/entity/Q103919307,Associazione Italiana Biblioteche
http://www.wikidata.org/entity/Q103919305,Associazione Italiana Biblioteche
http://www.wikidata.org/entity/Q103919309,Associazione Italiana Biblioteche
http://www.wikidata.org/entity/Q103919315,Associazione Italiana Biblioteche
http://www.wikidata.org/entity/Q103919312,Associazione Italiana Biblioteche
http://www.wikidata.org/entity/Q103919318,Associazione Italiana Biblioteche
http://www.wikidata.org/entity/Q103919323,Associazione Italiana Biblioteche
http://www.wikidata.org/entity/Q103919320,Associazione Italiana Biblioteche
http://www.wikidata.org/entity/Q103919326,Associazione Italiana Biblioteche
http://www.wikidata.org/entity/Q103919331,Associazione Italiana Biblioteche
http://www.wikidata.org/entity/Q103919328,Associazione Italiana Biblioteche
http://www.wikidata.org/entity/Q103919333,Associazione Italiana Biblioteche
http://www.wikidata.org/entity/Q103919339,Associazione Italiana Biblioteche
http://www.wikidata.org/entity/Q103919336,Associazione Italiana Biblioteche
http://www.wikidata.org/entity/Q103919343,Associazione Italiana Biblioteche
http://www.wikidata.org/entity/Q103919346,Associazione Italiana Biblioteche
http://www.wikidata.org/entity/Q103919351,Associazione Italiana Biblioteche
http://www.wikidata.org/entity/Q103919348,Associazione Italiana Biblioteche
http://www.wikidata.org/entity/Q103919353,Associazione Italiana Biblioteche
http://www.wikidata.org/entity/Q103919359,Associazione Italiana Biblioteche
http://www.wikidata.org/entity/Q103919357,Associazione Italiana Biblioteche
http://www.wikidata.org/entity/Q103919362,Associazione Italiana Biblioteche
http://www.wikidata.org/entity/Q103919366,Associazione Italiana Biblioteche
http://www.wikidata.org/entity/Q103919364,Associazione Italiana Biblioteche
http://www.wikidata.org/entity/Q103919369,Associazione Italiana Biblioteche
http://www.wikidata.org/entity/Q103919372,Associazione Italiana Biblioteche
http://www.wikidata.org/entity/Q103919378,Associazione Italiana Biblioteche
http://www.wikidata.org/entity/Q103919376,Associazione Italiana Biblioteche
http://www.wikidata.org/entity/Q103919382,Associazione Italiana Biblioteche
http://www.wikidata.org/entity/Q103919380,Associazione Italiana Biblioteche
http://www.wikidata.org/entity/Q103919385,Associazione Italiana Biblioteche
http://www.wikidata.org/entity/Q103919389,Associazione Italiana Biblioteche
http://www.wikidata.org/entity/Q103919394,Associazione Italiana Biblioteche
http://www.wikidata.org/entity/Q103919396,Associazione Italiana Biblioteche
http://www.wikidata.org/entity/Q103919620,Associazione Italiana Biblioteche
http://www.wikidata.org/entity/Q103919627,Associazione Italiana Biblioteche
http://www.wikidata.org/entity/Q103919625,Associazione Italiana Biblioteche
http://www.wikidata.org/entity/Q103919629,Associazione Italiana Biblioteche
http://www.wikidata.org/entity/Q103919635,Associazione Italiana Biblioteche
http://www.wikidata.org/entity/Q103919632,Associazione Italiana Biblioteche
http://www.wikidata.org/entity/Q103919633,Associazione Italiana Biblioteche
http://www.wikidata.org/entity/Q103919639,Associazione Italiana Biblioteche
http://www.wikidata.org/entity/Q103919643,Associazione Italiana Biblioteche
http://www.wikidata.org/entity/Q103919646,Associazione Italiana Biblioteche
http://www.wikidata.org/entity/Q103919650,Associazione Italiana Biblioteche
http://www.wikidata.org/entity/Q103919654,Associazione Italiana Biblioteche
http://www.wikidata.org/entity/Q103919652,Associazione Italiana Biblioteche
http://www.wikidata.org/entity/Q103919658,Associazione Italiana Biblioteche
http://www.wikidata.org/entity/Q103919715,Associazione Italiana Biblioteche
http://www.wikidata.org/entity/Q103919718,Associazione Italiana Biblioteche
http://www.wikidata.org/entity/Q103919722,Associazione Italiana Biblioteche
http://www.wikidata.org/entity/Q103919720,Associazione Italiana Biblioteche
http://www.wikidata.org/entity/Q103919727,Associazione Italiana Biblioteche
http://www.wikidata.org/entity/Q103919724,Associazione Italiana Biblioteche
http://www.wikidata.org/entity/Q103919730,Associazione Italiana Biblioteche
http://www.wikidata.org/entity/Q103919735,Associazione Italiana Biblioteche
http://www.wikidata.org/entity/Q103919732,Associazione Italiana Biblioteche
http://www.wikidata.org/entity/Q103919738,Associazione Italiana Biblioteche
http://www.wikidata.org/entity/Q103919742,Associazione Italiana Biblioteche
http://www.wikidata.org/entity/Q103919894,Associazione Italiana Biblioteche
http://www.wikidata.org/entity/Q103919979,Associazione Italiana Biblioteche
http://www.wikidata.org/entity/Q103919982,Associazione Italiana Biblioteche
http://www.wikidata.org/entity/Q103919987,Associazione Italiana Biblioteche
http://www.wikidata.org/entity/Q103919985,Associazione Italiana Biblioteche
http://www.wikidata.org/entity/Q103919990,Associazione Italiana Biblioteche
http://www.wikidata.org/entity/Q103919994,Associazione Italiana Biblioteche
http://www.wikidata.org/entity/Q103919999,Associazione Italiana Biblioteche
http://www.wikidata.org/entity/Q103920001,Associazione Italiana Biblioteche
http://www.wikidata.org/entity/Q103920007,Associazione Italiana Biblioteche
http://www.wikidata.org/entity/Q103920009,Associazione Italiana Biblioteche
http://www.wikidata.org/entity/Q103920012,Associazione Italiana Biblioteche
http://www.wikidata.org/entity/Q103920016,Associazione Italiana Biblioteche
http://www.wikidata.org/entity/Q103948932,Editrice Bibliografica
http://www.wikidata.org/entity/Q103948937,Editrice Bibliografica
http://www.wikidata.org/entity/Q103948941,Editrice Bibliografica
http://www.wikidata.org/entity/Q103948945,Editrice Bibliografica
http://www.wikidata.org/entity/Q103948950,Editrice Bibliografica
http://www.wikidata.org/entity/Q103948951,Editrice Bibliografica
http://www.wikidata.org/entity/Q103948955,Editrice Bibliografica
http://www.wikidata.org/entity/Q103948958,Editrice Bibliografica
http://www.wikidata.org/entity/Q103948962,Editrice Bibliografica
http://www.wikidata.org/entity/Q103948964,Editrice Bibliografica
http://www.wikidata.org/entity/Q103948970,Editrice Bibliografica
http://www.wikidata.org/entity/Q103948968,Editrice Bibliografica
http://www.wikidata.org/entity/Q103948975,Editrice Bibliografica
http://www.wikidata.org/entity/Q103948977,Editrice Bibliografica
http://www.wikidata.org/entity/Q103948981,Editrice Bibliografica
http://www.wikidata.org/entity/Q103948986,Editrice Bibliografica
http://www.wikidata.org/entity/Q103948989,Editrice Bibliografica
http://www.wikidata.org/entity/Q103948995,Editrice Bibliografica
http://www.wikidata.org/entity/Q103948999,Editrice Bibliografica
http://www.wikidata.org/entity/Q103949004,Editrice Bibliografica
http://www.wikidata.org/entity/Q103949008,Editrice Bibliografica
http://www.wikidata.org/entity/Q103949012,Editrice Bibliografica
http://www.wikidata.org/entity/Q103949016,Editrice Bibliografica
http://www.wikidata.org/entity/Q103949017,Editrice Bibliografica
http://www.wikidata.org/entity/Q103949027,Editrice Bibliografica
http://www.wikidata.org/entity/Q103949024,Editrice Bibliografica
http://www.wikidata.org/entity/Q103949093,Editrice Bibliografica
http://www.wikidata.org/entity/Q103949098,Editrice Bibliografica
http://www.wikidata.org/entity/Q103949103,Editrice Bibliografica
http://www.wikidata.org/entity/Q103949113,Editrice Bibliografica
http://www.wikidata.org/entity/Q103949118,Editrice Bibliografica
http://www.wikidata.org/entity/Q103949123,Editrice Bibliografica
http://www.wikidata.org/entity/Q103949130,Editrice Bibliografica
http://www.wikidata.org/entity/Q103949137,Editrice Bibliografica
http://www.wikidata.org/entity/Q103949143,Editrice Bibliografica
http://www.wikidata.org/entity/Q103949146,Editrice Bibliografica
http://www.wikidata.org/entity/Q103949150,Editrice Bibliografica
http://www.wikidata.org/entity/Q103949156,Editrice Bibliografica
http://www.wikidata.org/entity/Q103949167,Editrice Bibliografica
http://www.wikidata.org/entity/Q103949170,Editrice Bibliografica
http://www.wikidata.org/entity/Q103949176,Editrice Bibliografica
http://www.wikidata.org/entity/Q103949183,Editrice Bibliografica
http://www.wikidata.org/entity/Q103949187,Editrice Bibliografica
http://www.wikidata.org/entity/Q103949190,Editrice Bibliografica
http://www.wikidata.org/entity/Q103949193,Editrice Bibliografica
http://www.wikidata.org/entity/Q103949200,Editrice Bibliografica
http://www.wikidata.org/entity/Q103949206,Editrice Bibliografica
http://www.wikidata.org/entity/Q103949219,Editrice Bibliografica
http://www.wikidata.org/entity/Q103949227,Editrice Bibliografica
http://www.wikidata.org/entity/Q103949230,Editrice Bibliografica
http://www.wikidata.org/entity/Q103949234,Editrice Bibliografica
http://www.wikidata.org/entity/Q103949237,Editrice Bibliografica
http://www.wikidata.org/entity/Q103949242,Editrice Bibliografica
http://www.wikidata.org/entity/Q103949248,Editrice Bibliografica
http://www.wikidata.org/entity/Q103949253,Editrice Bibliografica
http://www.wikidata.org/entity/Q103949258,Editrice Bibliografica
http://www.wikidata.org/entity/Q103949266,Editrice Bibliografica
http://www.wikidata.org/entity/Q103949269,Editrice Bibliografica
http://www.wikidata.org/entity/Q103949274,Editrice Bibliografica
http://www.wikidata.org/entity/Q103949282,Editrice Bibliografica
http://www.wikidata.org/entity/Q103949284,Editrice Bibliografica
http://www.wikidata.org/entity/Q103949290,Editrice Bibliografica
http://www.wikidata.org/entity/Q103949342,Editrice Bibliografica
http://www.wikidata.org/entity/Q103949351,Editrice Bibliografica
http://www.wikidata.org/entity/Q103949355,Editrice Bibliografica
http://www.wikidata.org/entity/Q103949362,Editrice Bibliografica
http://www.wikidata.org/entity/Q103949360,Editrice Bibliografica
http://www.wikidata.org/entity/Q103949365,Editrice Bibliografica
http://www.wikidata.org/entity/Q103949369,Editrice Bibliografica
http://www.wikidata.org/entity/Q103949373,Editrice Bibliografica
http://www.wikidata.org/entity/Q103949377,Editrice Bibliografica
http://www.wikidata.org/entity/Q103949382,Editrice Bibliografica
http://www.wikidata.org/entity/Q103949385,Editrice Bibliografica
http://www.wikidata.org/entity/Q103949391,Editrice Bibliografica
http://www.wikidata.org/entity/Q103949397,Editrice Bibliografica
http://www.wikidata.org/entity/Q103949402,Editrice Bibliografica
http://www.wikidata.org/entity/Q103949406,Editrice Bibliografica
http://www.wikidata.org/entity/Q103949408,Editrice Bibliografica
http://www.wikidata.org/entity/Q103949414,Editrice Bibliografica
http://www.wikidata.org/entity/Q103949412,Editrice Bibliografica
http://www.wikidata.org/entity/Q103949419,Editrice Bibliografica
http://www.wikidata.org/entity/Q103949425,Editrice Bibliografica
http://www.wikidata.org/entity/Q103949431,Editrice Bibliografica
http://www.wikidata.org/entity/Q103949428,Editrice Bibliografica
http://www.wikidata.org/entity/Q103949437,Editrice Bibliografica
http://www.wikidata.org/entity/Q103949443,Editrice Bibliografica
http://www.wikidata.org/entity/Q103949445,Editrice Bibliografica
http://www.wikidata.org/entity/Q103949450,Editrice Bibliografica
http://www.wikidata.org/entity/Q103949454,Editrice Bibliografica
http://www.wikidata.org/entity/Q103949460,Editrice Bibliografica
http://www.wikidata.org/entity/Q103949465,Editrice Bibliografica
http://www.wikidata.org/entity/Q103949468,Editrice Bibliografica
http://www.wikidata.org/entity/Q103949472,Editrice Bibliografica
http://www.wikidata.org/entity/Q103949476,Editrice Bibliografica
http://www.wikidata.org/entity/Q103949482,Editrice Bibliografica
http://www.wikidata.org/entity/Q104057116,Associazione Italiana Biblioteche
http://www.wikidata.org/entity/Q104057358,Associazione Italiana Biblioteche
http://www.wikidata.org/entity/Q104150702,Associazione Italiana Biblioteche
http://www.wikidata.org/entity/Q104150703,Associazione Italiana Biblioteche
http://www.wikidata.org/entity/Q104150704,Associazione Italiana Biblioteche
http://www.wikidata.org/entity/Q104213403,Associazione Italiana Biblioteche
http://www.wikidata.org/entity/Q104213404,Associazione Italiana Biblioteche
http://www.wikidata.org/entity/Q104250752,Associazione Italiana Biblioteche
http://www.wikidata.org/entity/Q104250758,Associazione Italiana Biblioteche
http://www.wikidata.org/entity/Q104250756,Associazione Italiana Biblioteche
http://www.wikidata.org/entity/Q104250763,Associazione Italiana Biblioteche
http://www.wikidata.org/entity/Q104250761,Associazione Italiana Biblioteche
http://www.wikidata.org/entity/Q104250766,Associazione Italiana Biblioteche
http://www.wikidata.org/entity/Q104250768,Associazione Italiana Biblioteche
http://www.wikidata.org/entity/Q104250769,Associazione Italiana Biblioteche
http://www.wikidata.org/entity/Q104250775,Associazione Italiana Biblioteche
http://www.wikidata.org/entity/Q104250772,Associazione Italiana Biblioteche
http://www.wikidata.org/entity/Q104250773,Associazione Italiana Biblioteche
http://www.wikidata.org/entity/Q104250778,Associazione Italiana Biblioteche
http://www.wikidata.org/entity/Q104250781,Associazione Italiana Biblioteche
http://www.wikidata.org/entity/Q104250786,Associazione Italiana Biblioteche
http://www.wikidata.org/entity/Q104250784,Associazione Italiana Biblioteche
http://www.wikidata.org/entity/Q104250790,Associazione Italiana Biblioteche
http://www.wikidata.org/entity/Q104250788,Associazione Italiana Biblioteche
http://www.wikidata.org/entity/Q104250795,Associazione Italiana Biblioteche
http://www.wikidata.org/entity/Q104250793,Associazione Italiana Biblioteche
http://www.wikidata.org/entity/Q104250798,Associazione Italiana Biblioteche
http://www.wikidata.org/entity/Q104381859,Associazione Italiana Biblioteche
http://www.wikidata.org/entity/Q104381886,Associazione Italiana Biblioteche
http://www.wikidata.org/entity/Q104381887,Associazione Italiana Biblioteche
http://www.wikidata.org/entity/Q104381885,Associazione Italiana Biblioteche
http://www.wikidata.org/entity/Q104381890,Associazione Italiana Biblioteche
http://www.wikidata.org/entity/Q104381891,Associazione Italiana Biblioteche
http://www.wikidata.org/entity/Q104381888,Associazione Italiana Biblioteche
http://www.wikidata.org/entity/Q104381889,Associazione Italiana Biblioteche
http://www.wikidata.org/entity/Q104381894,Associazione Italiana Biblioteche
http://www.wikidata.org/entity/Q104381895,Associazione Italiana Biblioteche
http://www.wikidata.org/entity/Q104381892,Associazione Italiana Biblioteche
http://www.wikidata.org/entity/Q104381893,Associazione Italiana Biblioteche
http://www.wikidata.org/entity/Q104381898,Associazione Italiana Biblioteche
http://www.wikidata.org/entity/Q104381899,Associazione Italiana Biblioteche
http://www.wikidata.org/entity/Q104381896,Associazione Italiana Biblioteche
http://www.wikidata.org/entity/Q104381897,Associazione Italiana Biblioteche
http://www.wikidata.org/entity/Q104381902,Associazione Italiana Biblioteche
http://www.wikidata.org/entity/Q104381903,Associazione Italiana Biblioteche
http://www.wikidata.org/entity/Q104381900,Associazione Italiana Biblioteche
http://www.wikidata.org/entity/Q104381901,Associazione Italiana Biblioteche
http://www.wikidata.org/entity/Q104381904,Associazione Italiana Biblioteche
http://www.wikidata.org/entity/Q104381905,Associazione Italiana Biblioteche
http://www.wikidata.org/entity/Q104382458,Associazione Italiana Biblioteche
http://www.wikidata.org/entity/Q104382459,Associazione Italiana Biblioteche
http://www.wikidata.org/entity/Q104382457,Associazione Italiana Biblioteche
http://www.wikidata.org/entity/Q104382462,Associazione Italiana Biblioteche
http://www.wikidata.org/entity/Q104382463,Associazione Italiana Biblioteche
http://www.wikidata.org/entity/Q104382460,Associazione Italiana Biblioteche
http://www.wikidata.org/entity/Q104382466,Associazione Italiana Biblioteche
http://www.wikidata.org/entity/Q104382467,Associazione Italiana Biblioteche
http://www.wikidata.org/entity/Q104382464,Associazione Italiana Biblioteche
http://www.wikidata.org/entity/Q104382465,Associazione Italiana Biblioteche
http://www.wikidata.org/entity/Q104382470,Associazione Italiana Biblioteche
http://www.wikidata.org/entity/Q104382471,Associazione Italiana Biblioteche
http://www.wikidata.org/entity/Q104382468,Associazione Italiana Biblioteche
http://www.wikidata.org/entity/Q104382469,Associazione Italiana Biblioteche
http://www.wikidata.org/entity/Q104382475,Associazione Italiana Biblioteche
http://www.wikidata.org/entity/Q104382472,Associazione Italiana Biblioteche
http://www.wikidata.org/entity/Q104382473,Associazione Italiana Biblioteche
http://www.wikidata.org/entity/Q104455507,Associazione Italiana Biblioteche
http://www.wikidata.org/entity/Q104786698,Università di Bologna
http://www.wikidata.org/entity/Q104786699,Università di Bologna
http://www.wikidata.org/entity/Q104786702,Università di Bologna
http://www.wikidata.org/entity/Q104786700,Università di Bologna
http://www.wikidata.org/entity/Q104786701,Università di Bologna
http://www.wikidata.org/entity/Q104786706,Università di Bologna
http://www.wikidata.org/entity/Q104786707,Università di Bologna
http://www.wikidata.org/entity/Q104786704,Università di Bologna
http://www.wikidata.org/entity/Q104786705,Università di Bologna
http://www.wikidata.org/entity/Q104786709,Università di Bologna
http://www.wikidata.org/entity/Q105491102,Associazione Italiana Biblioteche
http://www.wikidata.org/entity/Q105491103,Associazione Italiana Biblioteche
http://www.wikidata.org/entity/Q105491101,Associazione Italiana Biblioteche
http://www.wikidata.org/entity/Q105491106,Associazione Italiana Biblioteche
http://www.wikidata.org/entity/Q105491107,Associazione Italiana Biblioteche
http://www.wikidata.org/entity/Q105491104,Associazione Italiana Biblioteche
http://www.wikidata.org/entity/Q105491105,Associazione Italiana Biblioteche
http://www.wikidata.org/entity/Q105491110,Associazione Italiana Biblioteche
http://www.wikidata.org/entity/Q105491108,Associazione Italiana Biblioteche
http://www.wikidata.org/entity/Q105491109,Associazione Italiana Biblioteche
http://www.wikidata.org/entity/Q105491114,Associazione Italiana Biblioteche
http://www.wikidata.org/entity/Q105491112,Associazione Italiana Biblioteche
http://www.wikidata.org/entity/Q105491113,Associazione Italiana Biblioteche
http://www.wikidata.org/entity/Q106696225,Associazione Italiana Biblioteche
http://www.wikidata.org/entity/Q107394986,Università di Bologna
http://www.wikidata.org/entity/Q107394987,Università di Bologna
http://www.wikidata.org/entity/Q107394990,Università di Bologna
http://www.wikidata.org/entity/Q107394991,Università di Bologna
http://www.wikidata.org/entity/Q107394988,Università di Bologna
http://www.wikidata.org/entity/Q107394989,Università di Bologna
http://www.wikidata.org/entity/Q107394994,Università di Bologna
http://www.wikidata.org/entity/Q107394995,Università di Bologna
http://www.wikidata.org/entity/Q107394992,Università di Bologna
http://www.wikidata.org/entity/Q107394999,Università di Bologna
http://www.wikidata.org/entity/Q107394996,Università di Bologna
http://www.wikidata.org/entity/Q107394997,Università di Bologna
http://www.wikidata.org/entity/Q107395002,Università di Bologna
http://www.wikidata.org/entity/Q107395003,Università di Bologna
http://www.wikidata.org/entity/Q107395000,Università di Bologna
http://www.wikidata.org/entity/Q107395001,Università di Bologna
http://www.wikidata.org/entity/Q107620404,Università di Bologna
http://www.wikidata.org/entity/Q107699770,Associazione Italiana Biblioteche
http://www.wikidata.org/entity/Q109593333,
http://www.wikidata.org/entity/Q109593344,Firenze University Press
http://www.wikidata.org/entity/Q109622637,Biblioteca nazionale Marciana
http://www.wikidata.org/entity/Q109659838,Associazione Italiana Biblioteche
http://www.wikidata.org/entity/Q109659843,Associazione Italiana Biblioteche
http://www.wikidata.org/entity/Q109854295,Università di Parma
http://www.wikidata.org/entity/Q109854298,Università di Parma
http://www.wikidata.org/entity/Q109854299,Università di Parma
http://www.wikidata.org/entity/Q109854296,Università di Parma
http://www.wikidata.org/entity/Q109854297,Università di Parma
http://www.wikidata.org/entity/Q109854302,Università di Parma
http://www.wikidata.org/entity/Q109854303,Università di Parma
http://www.wikidata.org/entity/Q109854301,Università di Parma
http://www.wikidata.org/entity/Q109854306,Università di Parma
http://www.wikidata.org/entity/Q109854307,Università di Parma
http://www.wikidata.org/entity/Q109854304,Università di Parma
http://www.wikidata.org/entity/Q109854311,Università di Parma
http://www.wikidata.org/entity/Q109854309,Università di Parma
http://www.wikidata.org/entity/Q109854314,Università di Parma
http://www.wikidata.org/entity/Q109854315,Università di Parma
http://www.wikidata.org/entity/Q109854312,Università di Parma
http://www.wikidata.org/entity/Q109854313,Università di Parma
http://www.wikidata.org/entity/Q109854319,Università di Parma
http://www.wikidata.org/entity/Q109854316,Università di Parma
http://www.wikidata.org/entity/Q109854322,Università di Parma
http://www.wikidata.org/entity/Q109854323,Università di Parma
http://www.wikidata.org/entity/Q109854326,Università di Parma
http://www.wikidata.org/entity/Q109854327,Università di Parma
http://www.wikidata.org/entity/Q109854324,Università di Parma
http://www.wikidata.org/entity/Q109854325,Università di Parma
http://www.wikidata.org/entity/Q109854331,Università di Parma
http://www.wikidata.org/entity/Q109854328,Università di Parma
http://www.wikidata.org/entity/Q109854329,Università di Parma
http://www.wikidata.org/entity/Q109854334,Università di Parma
http://www.wikidata.org/entity/Q109854335,Università di Parma
http://www.wikidata.org/entity/Q109854332,Università di Parma
http://www.wikidata.org/entity/Q109854333,Università di Parma
http://www.wikidata.org/entity/Q109854338,Università di Parma
http://www.wikidata.org/entity/Q109854336,Università di Parma
http://www.wikidata.org/entity/Q109854337,Università di Parma
http://www.wikidata.org/entity/Q109854343,Università di Parma
http://www.wikidata.org/entity/Q109854341,Università di Parma
http://www.wikidata.org/entity/Q109854347,Università di Parma
http://www.wikidata.org/entity/Q109854344,Università di Parma
http://www.wikidata.org/entity/Q109854345,Università di Parma
http://www.wikidata.org/entity/Q109854351,Università di Parma
http://www.wikidata.org/entity/Q109854348,Università di Parma
http://www.wikidata.org/entity/Q109854349,Università di Parma
http://www.wikidata.org/entity/Q109854354,Università di Parma
http://www.wikidata.org/entity/Q109854355,Università di Parma
http://www.wikidata.org/entity/Q109854352,Università di Parma
http://www.wikidata.org/entity/Q109854353,Università di Parma
http://www.wikidata.org/entity/Q109854358,Università di Parma
http://www.wikidata.org/entity/Q109854359,Università di Parma
http://www.wikidata.org/entity/Q109854360,Università di Parma
http://www.wikidata.org/entity/Q109854430,Università di Parma
http://www.wikidata.org/entity/Q109854431,Università di Parma
http://www.wikidata.org/entity/Q109854434,Università di Parma
http://www.wikidata.org/entity/Q109854435,Università di Parma
http://www.wikidata.org/entity/Q109854432,Università di Parma
http://www.wikidata.org/entity/Q109854439,Università di Parma
http://www.wikidata.org/entity/Q109854436,Università di Parma
http://www.wikidata.org/entity/Q109854437,Università di Parma
http://www.wikidata.org/entity/Q109854442,Università di Parma
http://www.wikidata.org/entity/Q109854440,Università di Parma
http://www.wikidata.org/entity/Q109854446,Università di Parma
http://www.wikidata.org/entity/Q109854447,Università di Parma
http://www.wikidata.org/entity/Q109854444,Università di Parma
http://www.wikidata.org/entity/Q109854445,Università di Parma
http://www.wikidata.org/entity/Q109854450,Università di Parma
http://www.wikidata.org/entity/Q109854448,Università di Parma
http://www.wikidata.org/entity/Q109854449,Università di Parma
http://www.wikidata.org/entity/Q109854454,Università di Parma
http://www.wikidata.org/entity/Q109854452,Università di Parma
http://www.wikidata.org/entity/Q109854458,Università di Parma
http://www.wikidata.org/entity/Q109854459,Università di Parma
http://www.wikidata.org/entity/Q109854456,Università di Parma
http://www.wikidata.org/entity/Q109854457,Università di Parma
http://www.wikidata.org/entity/Q109854462,Università di Parma
http://www.wikidata.org/entity/Q109854461,Università di Parma
http://www.wikidata.org/entity/Q109854464,Università di Parma
http://www.wikidata.org/entity/Q109854465,Università di Parma
http://www.wikidata.org/entity/Q109854470,Università di Parma
http://www.wikidata.org/entity/Q109854471,Università di Parma
http://www.wikidata.org/entity/Q109854468,Università di Parma
http://www.wikidata.org/entity/Q109854469,Università di Parma
http://www.wikidata.org/entity/Q109854474,Università di Parma
http://www.wikidata.org/entity/Q109854472,Università di Parma
http://www.wikidata.org/entity/Q109854473,Università di Parma
http://www.wikidata.org/entity/Q109854476,Università di Parma
http://www.wikidata.org/entity/Q109854477,Università di Parma
http://www.wikidata.org/entity/Q109854483,Università di Parma
http://www.wikidata.org/entity/Q109854480,Università di Parma
http://www.wikidata.org/entity/Q109854481,Università di Parma
http://www.wikidata.org/entity/Q109854487,Università di Parma
http://www.wikidata.org/entity/Q109854484,Università di Parma
http://www.wikidata.org/entity/Q109854485,Università di Parma
http://www.wikidata.org/entity/Q109854491,Università di Parma
http://www.wikidata.org/entity/Q109854488,Università di Parma
http://www.wikidata.org/entity/Q109854489,Università di Parma
http://www.wikidata.org/entity/Q109854494,Università di Parma
http://www.wikidata.org/entity/Q109854495,Università di Parma
http://www.wikidata.org/entity/Q109854499,Università di Parma
http://www.wikidata.org/entity/Q109854497,Università di Parma
http://www.wikidata.org/entity/Q109854500,Università di Parma
http://www.wikidata.org/entity/Q109854566,Università di Parma
http://www.wikidata.org/entity/Q109854567,Università di Parma
http://www.wikidata.org/entity/Q109854565,Università di Parma
http://www.wikidata.org/entity/Q109854570,Università di Parma
http://www.wikidata.org/entity/Q109854571,Università di Parma
http://www.wikidata.org/entity/Q109854568,Università di Parma
http://www.wikidata.org/entity/Q109854574,Università di Parma
http://www.wikidata.org/entity/Q109854575,Università di Parma
http://www.wikidata.org/entity/Q109854573,Università di Parma
http://www.wikidata.org/entity/Q109854578,Università di Parma
http://www.wikidata.org/entity/Q109854579,Università di Parma
http://www.wikidata.org/entity/Q109854582,Università di Parma
http://www.wikidata.org/entity/Q109854583,Università di Parma
http://www.wikidata.org/entity/Q109854580,Università di Parma
http://www.wikidata.org/entity/Q109854586,Università di Parma
http://www.wikidata.org/entity/Q109854587,Università di Parma
http://www.wikidata.org/entity/Q109854584,Università di Parma
http://www.wikidata.org/entity/Q109854590,Università di Parma
http://www.wikidata.org/entity/Q109854588,Università di Parma
http://www.wikidata.org/entity/Q109854594,Università di Parma
http://www.wikidata.org/entity/Q109854592,Università di Parma
http://www.wikidata.org/entity/Q109854593,Università di Parma
http://www.wikidata.org/entity/Q109854598,Università di Parma
http://www.wikidata.org/entity/Q109854596,Università di Parma
http://www.wikidata.org/entity/Q109854597,Università di Parma
http://www.wikidata.org/entity/Q109854603,Università di Parma
http://www.wikidata.org/entity/Q109854600,Università di Parma
http://www.wikidata.org/entity/Q109854601,Università di Parma
http://www.wikidata.org/entity/Q109854607,Università di Parma
http://www.wikidata.org/entity/Q109854604,Università di Parma
http://www.wikidata.org/entity/Q109854605,Università di Parma
http://www.wikidata.org/entity/Q109854611,Università di Parma
http://www.wikidata.org/entity/Q109854608,Università di Parma
http://www.wikidata.org/entity/Q109854609,Università di Parma
http://www.wikidata.org/entity/Q109854612,Università di Parma
http://www.wikidata.org/entity/Q109854613,Università di Parma
http://www.wikidata.org/entity/Q109854618,Università di Parma
http://www.wikidata.org/entity/Q109854619,Università di Parma
http://www.wikidata.org/entity/Q109854616,Università di Parma
http://www.wikidata.org/entity/Q109854623,Università di Parma
http://www.wikidata.org/entity/Q109854620,Università di Parma
http://www.wikidata.org/entity/Q109854621,Università di Parma
http://www.wikidata.org/entity/Q109854627,Università di Parma
http://www.wikidata.org/entity/Q109854624,Università di Parma
http://www.wikidata.org/entity/Q109854625,Università di Parma
http://www.wikidata.org/entity/Q109854630,Università di Parma
http://www.wikidata.org/entity/Q109854629,Università di Parma
http://www.wikidata.org/entity/Q109854634,Università di Parma
http://www.wikidata.org/entity/Q109854632,Università di Parma
http://www.wikidata.org/entity/Q109854633,Università di Parma
http://www.wikidata.org/entity/Q109854699,Università di Parma
http://www.wikidata.org/entity/Q109854702,Università di Parma
http://www.wikidata.org/entity/Q109854700,Università di Parma
http://www.wikidata.org/entity/Q109854701,Università di Parma
http://www.wikidata.org/entity/Q109854706,Università di Parma
http://www.wikidata.org/entity/Q109854707,Università di Parma
http://www.wikidata.org/entity/Q109854704,Università di Parma
http://www.wikidata.org/entity/Q109854705,Università di Parma
http://www.wikidata.org/entity/Q109854708,Università di Parma
http://www.wikidata.org/entity/Q109854714,Università di Parma
http://www.wikidata.org/entity/Q109854712,Università di Parma
http://www.wikidata.org/entity/Q109854713,Università di Parma
http://www.wikidata.org/entity/Q109854718,Università di Parma
http://www.wikidata.org/entity/Q109854719,Università di Parma
http://www.wikidata.org/entity/Q109854716,Università di Parma
http://www.wikidata.org/entity/Q109854717,Università di Parma
http://www.wikidata.org/entity/Q109854721,Università di Parma
http://www.wikidata.org/entity/Q109947957,Associazione Italiana Biblioteche
http://www.wikidata.org/entity/Q110067791,Università di Parma
http://www.wikidata.org/entity/Q110386754,Università di Bologna
http://www.wikidata.org/entity/Q110386758,Università di Bologna
http://www.wikidata.org/entity/Q110386756,Università di Bologna
http://www.wikidata.org/entity/Q110386763,Università di Bologna
http://www.wikidata.org/entity/Q110386761,Università di Bologna
http://www.wikidata.org/entity/Q110386765,Università di Bologna
http://www.wikidata.org/entity/Q110386770,Università di Bologna
http://www.wikidata.org/entity/Q110386771,Università di Bologna
http://www.wikidata.org/entity/Q110386768,Università di Bologna
http://www.wikidata.org/entity/Q110386774,Università di Bologna
http://www.wikidata.org/entity/Q110386773,Università di Bologna
http://www.wikidata.org/entity/Q110386778,Università di Bologna
http://www.wikidata.org/entity/Q110386776,Università di Bologna
http://www.wikidata.org/entity/Q110386782,Università di Bologna
http://www.wikidata.org/entity/Q110386780,Università di Bologna
http://www.wikidata.org/entity/Q110386786,Università di Bologna
http://www.wikidata.org/entity/Q110386784,Università di Bologna
http://www.wikidata.org/entity/Q111088376,Istituto Nazionale per l'Analisi delle Politiche Pubbliche
http://www.wikidata.org/entity/Q111163090,Istituto Nazionale per l'Analisi delle Politiche Pubbliche
http://www.wikidata.org/entity/Q111191307,Istituto Nazionale per l'Analisi delle Politiche Pubbliche
http://www.wikidata.org/entity/Q111232946,Istituto Nazionale per l'Analisi delle Politiche Pubbliche
http://www.wikidata.org/entity/Q111235775,Istituto Nazionale per l'Analisi delle Politiche Pubbliche
http://www.wikidata.org/entity/Q111244430,Istituto Nazionale per l'Analisi delle Politiche Pubbliche
http://www.wikidata.org/entity/Q111248680,Istituto Nazionale per l'Analisi delle Politiche Pubbliche
http://www.wikidata.org/entity/Q111248972,Istituto Nazionale per l'Analisi delle Politiche Pubbliche
http://www.wikidata.org/entity/Q111281871,Istituto Nazionale per l'Analisi delle Politiche Pubbliche
http://www.wikidata.org/entity/Q111282815,Istituto Nazionale per l'Analisi delle Politiche Pubbliche
http://www.wikidata.org/entity/Q111283250,Istituto Nazionale per l'Analisi delle Politiche Pubbliche
http://www.wikidata.org/entity/Q111283475,Istituto Nazionale per l'Analisi delle Politiche Pubbliche
http://www.wikidata.org/entity/Q111284671,Istituto Nazionale per l'Analisi delle Politiche Pubbliche
http://www.wikidata.org/entity/Q111317641,Istituto Nazionale per l'Analisi delle Politiche Pubbliche
http://www.wikidata.org/entity/Q111333696,Istituto Nazionale per l'Analisi delle Politiche Pubbliche
http://www.wikidata.org/entity/Q111333860,Istituto Nazionale per l'Analisi delle Politiche Pubbliche
http://www.wikidata.org/entity/Q111339952,Istituto Nazionale per l'Analisi delle Politiche Pubbliche
http://www.wikidata.org/entity/Q111340032,Istituto Nazionale per l'Analisi delle Politiche Pubbliche
http://www.wikidata.org/entity/Q111342753,Istituto Nazionale per l'Analisi delle Politiche Pubbliche
http://www.wikidata.org/entity/Q111395751,Associazione Italiana Biblioteche
http://www.wikidata.org/entity/Q111395752,Associazione Italiana Biblioteche
http://www.wikidata.org/entity/Q111395753,Associazione Italiana Biblioteche
http://www.wikidata.org/entity/Q111395758,Associazione Italiana Biblioteche
http://www.wikidata.org/entity/Q111395759,Associazione Italiana Biblioteche
http://www.wikidata.org/entity/Q111395756,Associazione Italiana Biblioteche
http://www.wikidata.org/entity/Q111395757,Associazione Italiana Biblioteche
http://www.wikidata.org/entity/Q111395762,Associazione Italiana Biblioteche
http://www.wikidata.org/entity/Q111395763,Associazione Italiana Biblioteche
http://www.wikidata.org/entity/Q111395760,Associazione Italiana Biblioteche
http://www.wikidata.org/entity/Q111395761,Associazione Italiana Biblioteche
http://www.wikidata.org/entity/Q111395764,Associazione Italiana Biblioteche
http://www.wikidata.org/entity/Q111395765,Associazione Italiana Biblioteche
http://www.wikidata.org/entity/Q111431563,Associazione Italiana Biblioteche
http://www.wikidata.org/entity/Q111431566,Associazione Italiana Biblioteche
http://www.wikidata.org/entity/Q111431567,Associazione Italiana Biblioteche
http://www.wikidata.org/entity/Q111431564,Associazione Italiana Biblioteche
http://www.wikidata.org/entity/Q111431565,Associazione Italiana Biblioteche
http://www.wikidata.org/entity/Q111431570,Associazione Italiana Biblioteche
http://www.wikidata.org/entity/Q111431571,Associazione Italiana Biblioteche
http://www.wikidata.org/entity/Q111431568,Associazione Italiana Biblioteche
http://www.wikidata.org/entity/Q111431569,Associazione Italiana Biblioteche
http://www.wikidata.org/entity/Q111431574,Associazione Italiana Biblioteche
http://www.wikidata.org/entity/Q111431573,Associazione Italiana Biblioteche
http://www.wikidata.org/entity/Q111431578,Associazione Italiana Biblioteche
http://www.wikidata.org/entity/Q111431576,Associazione Italiana Biblioteche
http://www.wikidata.org/entity/Q111431577,Associazione Italiana Biblioteche
http://www.wikidata.org/entity/Q111522931,
http://www.wikidata.org/entity/Q111576588,Istituto Nazionale per l'Analisi delle Politiche Pubbliche
http://www.wikidata.org/entity/Q111577180,Istituto Nazionale per l'Analisi delle Politiche Pubbliche
http://www.wikidata.org/entity/Q111577447,Istituto Nazionale per l'Analisi delle Politiche Pubbliche
http://www.wikidata.org/entity/Q111577696,Istituto Nazionale per l'Analisi delle Politiche Pubbliche
http://www.wikidata.org/entity/Q111578756,Taylor & Francis
http://www.wikidata.org/entity/Q111578802,Taylor & Francis
http://www.wikidata.org/entity/Q111578810,Taylor & Francis
http://www.wikidata.org/entity/Q111578825,Taylor & Francis
http://www.wikidata.org/entity/Q111578864,Taylor & Francis
http://www.wikidata.org/entity/Q111578928,Taylor & Francis
http://www.wikidata.org/entity/Q111579071,Taylor & Francis
http://www.wikidata.org/entity/Q111579162,Taylor & Francis
http://www.wikidata.org/entity/Q111579187,Taylor & Francis
http://www.wikidata.org/entity/Q111579339,Taylor & Francis
http://www.wikidata.org/entity/Q111582491,Fabrizio Serra Editore
http://www.wikidata.org/entity/Q111582712,Fabrizio Serra Editore
http://www.wikidata.org/entity/Q111595862,Istituto Nazionale per l'Analisi delle Politiche Pubbliche
http://www.wikidata.org/entity/Q111596675,Istituto Nazionale per l'Analisi delle Politiche Pubbliche
http://www.wikidata.org/entity/Q111601394,
http://www.wikidata.org/entity/Q111601392,
http://www.wikidata.org/entity/Q111601398,
http://www.wikidata.org/entity/Q111601399,
http://www.wikidata.org/entity/Q111601396,
http://www.wikidata.org/entity/Q111601397,
http://www.wikidata.org/entity/Q111601402,
http://www.wikidata.org/entity/Q111601401,
http://www.wikidata.org/entity/Q111601404,
http://www.wikidata.org/entity/Q111601410,
http://www.wikidata.org/entity/Q111601411,
http://www.wikidata.org/entity/Q111601414,
http://www.wikidata.org/entity/Q111601413,
http://www.wikidata.org/entity/Q111601423,
http://www.wikidata.org/entity/Q111602339,
http://www.wikidata.org/entity/Q111602343,
http://www.wikidata.org/entity/Q111602340,
http://www.wikidata.org/entity/Q111602345,
http://www.wikidata.org/entity/Q111602350,
http://www.wikidata.org/entity/Q111602351,
http://www.wikidata.org/entity/Q111602354,
http://www.wikidata.org/entity/Q111602353,
http://www.wikidata.org/entity/Q111602358,
http://www.wikidata.org/entity/Q111602359,
http://www.wikidata.org/entity/Q111602356,
http://www.wikidata.org/entity/Q111602357,
http://www.wikidata.org/entity/Q111602362,
http://www.wikidata.org/entity/Q111602363,
http://www.wikidata.org/entity/Q111602360,
http://www.wikidata.org/entity/Q111602361,
http://www.wikidata.org/entity/Q111602366,
http://www.wikidata.org/entity/Q111602367,
http://www.wikidata.org/entity/Q111602364,
http://www.wikidata.org/entity/Q111602365,
http://www.wikidata.org/entity/Q111602370,
http://www.wikidata.org/entity/Q111602371,
http://www.wikidata.org/entity/Q111602368,
http://www.wikidata.org/entity/Q111602369,
http://www.wikidata.org/entity/Q111602374,
http://www.wikidata.org/entity/Q111602375,
http://www.wikidata.org/entity/Q111602372,
http://www.wikidata.org/entity/Q111602373,
http://www.wikidata.org/entity/Q111602378,
http://www.wikidata.org/entity/Q111602379,
http://www.wikidata.org/entity/Q111602376,
http://www.wikidata.org/entity/Q111602377,
http://www.wikidata.org/entity/Q111602382,
http://www.wikidata.org/entity/Q111602380,
http://www.wikidata.org/entity/Q111602381,
http://www.wikidata.org/entity/Q111602386,
http://www.wikidata.org/entity/Q111602387,
http://www.wikidata.org/entity/Q111602384,
http://www.wikidata.org/entity/Q111602385,
http://www.wikidata.org/entity/Q111602391,
http://www.wikidata.org/entity/Q111602388,
http://www.wikidata.org/entity/Q111602389,
http://www.wikidata.org/entity/Q111602394,
http://www.wikidata.org/entity/Q111602395,
http://www.wikidata.org/entity/Q111602392,
http://www.wikidata.org/entity/Q111602393,
http://www.wikidata.org/entity/Q111602398,
http://www.wikidata.org/entity/Q111602399,
http://www.wikidata.org/entity/Q111602396,
http://www.wikidata.org/entity/Q111602397,
http://www.wikidata.org/entity/Q111602402,
http://www.wikidata.org/entity/Q111602403,
http://www.wikidata.org/entity/Q111602400,
http://www.wikidata.org/entity/Q111602401,
http://www.wikidata.org/entity/Q111602406,
http://www.wikidata.org/entity/Q111602407,
http://www.wikidata.org/entity/Q111602404,
http://www.wikidata.org/entity/Q111602405,
http://www.wikidata.org/entity/Q111602410,
http://www.wikidata.org/entity/Q111602411,
http://www.wikidata.org/entity/Q111602408,
http://www.wikidata.org/entity/Q111602409,
http://www.wikidata.org/entity/Q111602414,
http://www.wikidata.org/entity/Q111602418,
http://www.wikidata.org/entity/Q111602419,
http://www.wikidata.org/entity/Q111602417,
http://www.wikidata.org/entity/Q111602423,
http://www.wikidata.org/entity/Q111602421,
http://www.wikidata.org/entity/Q111602426,
http://www.wikidata.org/entity/Q111602427,
http://www.wikidata.org/entity/Q111602424,
http://www.wikidata.org/entity/Q111602425,
http://www.wikidata.org/entity/Q111602430,
http://www.wikidata.org/entity/Q111602431,
http://www.wikidata.org/entity/Q111602428,
http://www.wikidata.org/entity/Q111602429,
http://www.wikidata.org/entity/Q111602434,
http://www.wikidata.org/entity/Q111602435,
http://www.wikidata.org/entity/Q111602439,
http://www.wikidata.org/entity/Q111602436,
http://www.wikidata.org/entity/Q111602442,
http://www.wikidata.org/entity/Q111602443,
http://www.wikidata.org/entity/Q111602441,
http://www.wikidata.org/entity/Q111602446,
http://www.wikidata.org/entity/Q111602445,
http://www.wikidata.org/entity/Q111602450,
http://www.wikidata.org/entity/Q111602451,
http://www.wikidata.org/entity/Q111602448,
http://www.wikidata.org/entity/Q111602449,
http://www.wikidata.org/entity/Q111602454,
http://www.wikidata.org/entity/Q111602455,
http://www.wikidata.org/entity/Q111602452,
http://www.wikidata.org/entity/Q111602453,
http://www.wikidata.org/entity/Q111602458,
http://www.wikidata.org/entity/Q111602456,
http://www.wikidata.org/entity/Q111602457,
http://www.wikidata.org/entity/Q111602462,
http://www.wikidata.org/entity/Q111602460,
http://www.wikidata.org/entity/Q111602461,
http://www.wikidata.org/entity/Q111602466,
http://www.wikidata.org/entity/Q111602464,
http://www.wikidata.org/entity/Q111602465,
http://www.wikidata.org/entity/Q111602470,
http://www.wikidata.org/entity/Q111602471,
http://www.wikidata.org/entity/Q111602468,
http://www.wikidata.org/entity/Q111602474,
http://www.wikidata.org/entity/Q111602475,
http://www.wikidata.org/entity/Q111602472,
http://www.wikidata.org/entity/Q111602473,
http://www.wikidata.org/entity/Q111602477,
http://www.wikidata.org/entity/Q111658930,Istituto Nazionale per l'Analisi delle Politiche Pubbliche
http://www.wikidata.org/entity/Q111673977,Istituto Nazionale per l'Analisi delle Politiche Pubbliche
http://www.wikidata.org/entity/Q111732055,Firenze University Press; Pavia University Press
http://www.wikidata.org/entity/Q111732248,arcidiocesi di Milano
http://www.wikidata.org/entity/Q111732265,Firenze University Press; Pavia University Press
http://www.wikidata.org/entity/Q111747586,
http://www.wikidata.org/entity/Q111747613,Firenze University Press; Pavia University Press
http://www.wikidata.org/entity/Q111747697,Università di Bologna
http://www.wikidata.org/entity/Q111747741,"Centro studi architettura, civiltà, tradizione del classico"
http://www.wikidata.org/entity/Q111758777,Firenze University Press; Pavia University Press
http://www.wikidata.org/entity/Q111758893,Firenze University Press; Pavia University Press
http://www.wikidata.org/entity/Q111782051,Firenze University Press; Pavia University Press
http://www.wikidata.org/entity/Q111782067,Edizioni Scientifiche Italiane
http://www.wikidata.org/entity/Q111963092,Istituto Nazionale per l'Analisi delle Politiche Pubbliche
http://www.wikidata.org/entity/Q111963613,Istituto Nazionale per l'Analisi delle Politiche Pubbliche
http://www.wikidata.org/entity/Q111967326,Associazione Italiana Biblioteche
http://www.wikidata.org/entity/Q111967327,Associazione Italiana Biblioteche
http://www.wikidata.org/entity/Q111967324,Associazione Italiana Biblioteche
http://www.wikidata.org/entity/Q111967325,Associazione Italiana Biblioteche
http://www.wikidata.org/entity/Q111967330,Associazione Italiana Biblioteche
http://www.wikidata.org/entity/Q111967328,Associazione Italiana Biblioteche
http://www.wikidata.org/entity/Q111967329,Associazione Italiana Biblioteche
http://www.wikidata.org/entity/Q111967334,Associazione Italiana Biblioteche
http://www.wikidata.org/entity/Q111967335,Associazione Italiana Biblioteche
http://www.wikidata.org/entity/Q111967332,Associazione Italiana Biblioteche
http://www.wikidata.org/entity/Q111967333,Associazione Italiana Biblioteche
http://www.wikidata.org/entity/Q111967338,Associazione Italiana Biblioteche
http://www.wikidata.org/entity/Q111967336,Associazione Italiana Biblioteche
http://www.wikidata.org/entity/Q111967337,Associazione Italiana Biblioteche
http://www.wikidata.org/entity/Q111967342,Associazione Italiana Biblioteche
http://www.wikidata.org/entity/Q111967343,Associazione Italiana Biblioteche
http://www.wikidata.org/entity/Q111967340,Associazione Italiana Biblioteche
http://www.wikidata.org/entity/Q111967341,Associazione Italiana Biblioteche
http://www.wikidata.org/entity/Q111967346,Associazione Italiana Biblioteche
http://www.wikidata.org/entity/Q111967347,Associazione Italiana Biblioteche
http://www.wikidata.org/entity/Q111967344,Associazione Italiana Biblioteche
http://www.wikidata.org/entity/Q111967345,Associazione Italiana Biblioteche
http://www.wikidata.org/entity/Q111967570,Associazione Italiana Biblioteche
http://www.wikidata.org/entity/Q112054439,Istituto Nazionale per l'Analisi delle Politiche Pubbliche
http://www.wikidata.org/entity/Q112072975,Istituto Nazionale per l'Analisi delle Politiche Pubbliche
http://www.wikidata.org/entity/Q112073050,Istituto Nazionale per l'Analisi delle Politiche Pubbliche
http://www.wikidata.org/entity/Q112116478,Istituto Nazionale per l'Analisi delle Politiche Pubbliche
http://www.wikidata.org/entity/Q112116606,Istituto Nazionale per l'Analisi delle Politiche Pubbliche
http://www.wikidata.org/entity/Q112650918,Istituto Nazionale per l'Analisi delle Politiche Pubbliche
http://www.wikidata.org/entity/Q112651011,Istituto Nazionale per l'Analisi delle Politiche Pubbliche
http://www.wikidata.org/entity/Q112652180,Istituto Nazionale per l'Analisi delle Politiche Pubbliche
http://www.wikidata.org/entity/Q112672921,Istituto Nazionale per l'Analisi delle Politiche Pubbliche
http://www.wikidata.org/entity/Q112672997,Istituto Nazionale per l'Analisi delle Politiche Pubbliche
http://www.wikidata.org/entity/Q112673120,Istituto Nazionale per l'Analisi delle Politiche Pubbliche
http://www.wikidata.org/entity/Q112673173,Istituto Nazionale per l'Analisi delle Politiche Pubbliche
http://www.wikidata.org/entity/Q112894265,Istituto Nazionale per l'Analisi delle Politiche Pubbliche
http://www.wikidata.org/entity/Q112913666,GEDI Gruppo Editoriale
http://www.wikidata.org/entity/Q112913673,GEDI Gruppo Editoriale
http://www.wikidata.org/entity/Q112913686,GEDI Gruppo Editoriale
http://www.wikidata.org/entity/Q112913687,GEDI Gruppo Editoriale
http://www.wikidata.org/entity/Q112913684,GEDI Gruppo Editoriale
http://www.wikidata.org/entity/Q112913688,GEDI Gruppo Editoriale
http://www.wikidata.org/entity/Q112913735,Istituto Nazionale per l'Analisi delle Politiche Pubbliche
http://www.wikidata.org/entity/Q112913794,Istituto Nazionale per l'Analisi delle Politiche Pubbliche
http://www.wikidata.org/entity/Q113101630,Istituto Nazionale per l'Analisi delle Politiche Pubbliche
http://www.wikidata.org/entity/Q113101741,Istituto Nazionale per l'Analisi delle Politiche Pubbliche
http://www.wikidata.org/entity/Q113101849,Istituto Nazionale per l'Analisi delle Politiche Pubbliche
http://www.wikidata.org/entity/Q113101914,Istituto Nazionale per l'Analisi delle Politiche Pubbliche
http://www.wikidata.org/entity/Q113148883,Università di Bologna
http://www.wikidata.org/entity/Q113148886,Università di Bologna
http://www.wikidata.org/entity/Q113148891,Università di Bologna
http://www.wikidata.org/entity/Q113148888,Università di Bologna
http://www.wikidata.org/entity/Q113148889,Università di Bologna
http://www.wikidata.org/entity/Q113148895,Università di Bologna
http://www.wikidata.org/entity/Q113148893,Università di Bologna
http://www.wikidata.org/entity/Q113148898,Università di Bologna
http://www.wikidata.org/entity/Q113148897,Università di Bologna
http://www.wikidata.org/entity/Q113148903,Università di Bologna
http://www.wikidata.org/entity/Q113148900,Università di Bologna
http://www.wikidata.org/entity/Q113148906,Università di Bologna
http://www.wikidata.org/entity/Q113148905,Università di Bologna
http://www.wikidata.org/entity/Q113148908,Università di Bologna
http://www.wikidata.org/entity/Q113201278,
http://www.wikidata.org/entity/Q113331815,Istituto Nazionale per l'Analisi delle Politiche Pubbliche
http://www.wikidata.org/entity/Q113333289,Istituto Nazionale per l'Analisi delle Politiche Pubbliche
http://www.wikidata.org/entity/Q113334524,Istituto Nazionale per l'Analisi delle Politiche Pubbliche
http://www.wikidata.org/entity/Q113334738,Istituto Nazionale per l'Analisi delle Politiche Pubbliche
http://www.wikidata.org/entity/Q113374946,Istituto Nazionale per l'Analisi delle Politiche Pubbliche
http://www.wikidata.org/entity/Q113375815,Istituto Nazionale per l'Analisi delle Politiche Pubbliche
http://www.wikidata.org/entity/Q113376086,Istituto Nazionale per l'Analisi delle Politiche Pubbliche
http://www.wikidata.org/entity/Q113376157,Istituto Nazionale per l'Analisi delle Politiche Pubbliche
http://www.wikidata.org/entity/Q113382868,Istituto Nazionale per l'Analisi delle Politiche Pubbliche
http://www.wikidata.org/entity/Q113383097,Istituto Nazionale per l'Analisi delle Politiche Pubbliche
http://www.wikidata.org/entity/Q113383218,Istituto Nazionale per l'Analisi delle Politiche Pubbliche
http://www.wikidata.org/entity/Q113383238,Istituto Nazionale per l'Analisi delle Politiche Pubbliche
http://www.wikidata.org/entity/Q113383293,Istituto Nazionale per l'Analisi delle Politiche Pubbliche
http://www.wikidata.org/entity/Q113383318,Istituto Nazionale per l'Analisi delle Politiche Pubbliche
http://www.wikidata.org/entity/Q113402027,Istituto Nazionale per l'Analisi delle Politiche Pubbliche
http://www.wikidata.org/entity/Q113402360,Istituto Nazionale per l'Analisi delle Politiche Pubbliche
http://www.wikidata.org/entity/Q113435090,Istituto Nazionale per l'Analisi delle Politiche Pubbliche
http://www.wikidata.org/entity/Q113435137,Istituto Nazionale per l'Analisi delle Politiche Pubbliche
http://www.wikidata.org/entity/Q113435232,Istituto Nazionale per l'Analisi delle Politiche Pubbliche
http://www.wikidata.org/entity/Q113436725,Istituto Nazionale per l'Analisi delle Politiche Pubbliche
http://www.wikidata.org/entity/Q113436807,Istituto Nazionale per l'Analisi delle Politiche Pubbliche
http://www.wikidata.org/entity/Q113436974,Istituto Nazionale per l'Analisi delle Politiche Pubbliche
http://www.wikidata.org/entity/Q113437039,Istituto Nazionale per l'Analisi delle Politiche Pubbliche
http://www.wikidata.org/entity/Q113437122,Istituto Nazionale per l'Analisi delle Politiche Pubbliche
http://www.wikidata.org/entity/Q113469465,Istituto Nazionale per l'Analisi delle Politiche Pubbliche
http://www.wikidata.org/entity/Q113470106,Istituto Nazionale per l'Analisi delle Politiche Pubbliche
http://www.wikidata.org/entity/Q113470152,Istituto Nazionale per l'Analisi delle Politiche Pubbliche
http://www.wikidata.org/entity/Q113470241,Istituto Nazionale per l'Analisi delle Politiche Pubbliche
http://www.wikidata.org/entity/Q113470395,Istituto Nazionale per l'Analisi delle Politiche Pubbliche
http://www.wikidata.org/entity/Q113485018,Istituto Nazionale per l'Analisi delle Politiche Pubbliche
http://www.wikidata.org/entity/Q113485151,Istituto Nazionale per l'Analisi delle Politiche Pubbliche
http://www.wikidata.org/entity/Q113485313,Istituto Nazionale per l'Analisi delle Politiche Pubbliche
http://www.wikidata.org/entity/Q113485704,Istituto Nazionale per l'Analisi delle Politiche Pubbliche
http://www.wikidata.org/entity/Q113485957,Istituto Nazionale per l'Analisi delle Politiche Pubbliche
http://www.wikidata.org/entity/Q113485970,Istituto Nazionale per l'Analisi delle Politiche Pubbliche
http://www.wikidata.org/entity/Q113643582,Istituto Nazionale per l'Analisi delle Politiche Pubbliche
http://www.wikidata.org/entity/Q113643658,Istituto Nazionale per l'Analisi delle Politiche Pubbliche
http://www.wikidata.org/entity/Q114674485,
http://www.wikidata.org/entity/Q114773208,Università di Bologna
http://www.wikidata.org/entity/Q114851255,Associazione Italiana Biblioteche
http://www.wikidata.org/entity/Q115139459,FrancoAngeli
http://www.wikidata.org/entity/Q115139456,FrancoAngeli
http://www.wikidata.org/entity/Q115139461,FrancoAngeli
http://www.wikidata.org/entity/Q115139467,FrancoAngeli
http://www.wikidata.org/entity/Q115342412,Firenze University Press
http://www.wikidata.org/entity/Q115533638,Istituto Nazionale per l'Analisi delle Politiche Pubbliche
http://www.wikidata.org/entity/Q115534269,Istituto Nazionale per l'Analisi delle Politiche Pubbliche
http://www.wikidata.org/entity/Q115534356,Istituto Nazionale per l'Analisi delle Politiche Pubbliche
http://www.wikidata.org/entity/Q115534903,Istituto Nazionale per l'Analisi delle Politiche Pubbliche
http://www.wikidata.org/entity/Q115534992,Istituto Nazionale per l'Analisi delle Politiche Pubbliche
http://www.wikidata.org/entity/Q115535068,Istituto Nazionale per l'Analisi delle Politiche Pubbliche
http://www.wikidata.org/entity/Q115536188,Istituto Nazionale per l'Analisi delle Politiche Pubbliche
http://www.wikidata.org/entity/Q115536223,Istituto Nazionale per l'Analisi delle Politiche Pubbliche
http://www.wikidata.org/entity/Q115577742,Società Italiana di Scienze Naturali
http://www.wikidata.org/entity/Q115901296,
http://www.wikidata.org/entity/Q116282238,Associazione Italiana Biblioteche
http://www.wikidata.org/entity/Q116444203,Università di Bologna
http://www.wikidata.org/entity/Q116444206,Università di Bologna
http://www.wikidata.org/entity/Q116444207,Università di Bologna
http://www.wikidata.org/entity/Q116444204,Università di Bologna
http://www.wikidata.org/entity/Q116444205,Università di Bologna
http://www.wikidata.org/entity/Q116444210,Università di Bologna
http://www.wikidata.org/entity/Q116444211,Università di Bologna
http://www.wikidata.org/entity/Q116444209,Università di Bologna
http://www.wikidata.org/entity/Q116444214,Università di Bologna
http://www.wikidata.org/entity/Q116444215,Università di Bologna
http://www.wikidata.org/entity/Q116444212,Università di Bologna
http://www.wikidata.org/entity/Q116444213,Università di Bologna
http://www.wikidata.org/entity/Q116444216,Università di Bologna
http://www.wikidata.org/entity/Q116444217,Università di Bologna
http://www.wikidata.org/entity/Q117032180,Istituto Nazionale per l'Analisi delle Politiche Pubbliche
http://www.wikidata.org/entity/Q117032732,Istituto Nazionale per l'Analisi delle Politiche Pubbliche
http://www.wikidata.org/entity/Q117033064,Istituto Nazionale per l'Analisi delle Politiche Pubbliche
http://www.wikidata.org/entity/Q117033227,Istituto Nazionale per l'Analisi delle Politiche Pubbliche
http://www.wikidata.org/entity/Q117033440,Istituto Nazionale per l'Analisi delle Politiche Pubbliche
http://www.wikidata.org/entity/Q117034524,Istituto Nazionale per l'Analisi delle Politiche Pubbliche
http://www.wikidata.org/entity/Q117034594,Istituto Nazionale per l'Analisi delle Politiche Pubbliche
http://www.wikidata.org/entity/Q117428586,Associazione Italiana Biblioteche
http://www.wikidata.org/entity/Q117428593,Associazione Italiana Biblioteche
http://www.wikidata.org/entity/Q117428678,Associazione Italiana Biblioteche
http://www.wikidata.org/entity/Q117428679,Associazione Italiana Biblioteche
http://www.wikidata.org/entity/Q117428677,Associazione Italiana Biblioteche
http://www.wikidata.org/entity/Q117447410,Associazione Italiana Biblioteche
http://www.wikidata.org/entity/Q117447411,Associazione Italiana Biblioteche
http://www.wikidata.org/entity/Q117447409,Associazione Italiana Biblioteche
http://www.wikidata.org/entity/Q117447506,Associazione Italiana Biblioteche
http://www.wikidata.org/entity/Q117447507,Associazione Italiana Biblioteche
http://www.wikidata.org/entity/Q117447504,Associazione Italiana Biblioteche
http://www.wikidata.org/entity/Q117447505,Associazione Italiana Biblioteche
http://www.wikidata.org/entity/Q117447582,Associazione Italiana Biblioteche
http://www.wikidata.org/entity/Q117447583,Associazione Italiana Biblioteche
http://www.wikidata.org/entity/Q117448463,Associazione Italiana Biblioteche
http://www.wikidata.org/entity/Q117448466,Associazione Italiana Biblioteche
http://www.wikidata.org/entity/Q117448465,Associazione Italiana Biblioteche
http://www.wikidata.org/entity/Q117448470,Associazione Italiana Biblioteche
http://www.wikidata.org/entity/Q117448469,Associazione Italiana Biblioteche
http://www.wikidata.org/entity/Q117448474,Associazione Italiana Biblioteche
http://www.wikidata.org/entity/Q117448475,Associazione Italiana Biblioteche
http://www.wikidata.org/entity/Q117448472,Associazione Italiana Biblioteche
http://www.wikidata.org/entity/Q117448473,Associazione Italiana Biblioteche
http://www.wikidata.org/entity/Q117455594,Associazione Italiana Biblioteche
http://www.wikidata.org/entity/Q117455595,Associazione Italiana Biblioteche
http://www.wikidata.org/entity/Q117455592,Associazione Italiana Biblioteche
http://www.wikidata.org/entity/Q117455593,Associazione Italiana Biblioteche
http://www.wikidata.org/entity/Q117455598,Associazione Italiana Biblioteche
http://www.wikidata.org/entity/Q117455596,Associazione Italiana Biblioteche
http://www.wikidata.org/entity/Q117455597,Associazione Italiana Biblioteche
http://www.wikidata.org/entity/Q117455602,Associazione Italiana Biblioteche
http://www.wikidata.org/entity/Q117455603,Associazione Italiana Biblioteche
http://www.wikidata.org/entity/Q117455600,Associazione Italiana Biblioteche
http://www.wikidata.org/entity/Q117455601,Associazione Italiana Biblioteche
http://www.wikidata.org/entity/Q117455604,Associazione Italiana Biblioteche
http://www.wikidata.org/entity/Q117455605,Associazione Italiana Biblioteche
http://www.wikidata.org/entity/Q118367937,Biblioteca Trivulziana
http://www.wikidata.org/entity/Q118814003,Istituto Nazionale per l'Analisi delle Politiche Pubbliche
http://www.wikidata.org/entity/Q118867455,Istituto Nazionale per l'Analisi delle Politiche Pubbliche
http://www.wikidata.org/entity/Q118867779,Istituto Nazionale per l'Analisi delle Politiche Pubbliche
http://www.wikidata.org/entity/Q118945524,Istituto Nazionale per l'Analisi delle Politiche Pubbliche
http://www.wikidata.org/entity/Q118971301,
http://www.wikidata.org/entity/Q119133062,Istituto Nazionale per l'Analisi delle Politiche Pubbliche
http://www.wikidata.org/entity/Q119137591,Istituto Nazionale per l'Analisi delle Politiche Pubbliche
http://www.wikidata.org/entity/Q119137740,Istituto Nazionale per l'Analisi delle Politiche Pubbliche
http://www.wikidata.org/entity/Q119138814,Istituto Nazionale per l'Analisi delle Politiche Pubbliche
http://www.wikidata.org/entity/Q119496383,Università di Bologna
http://www.wikidata.org/entity/Q119496386,Università di Bologna
http://www.wikidata.org/entity/Q119496387,Università di Bologna
http://www.wikidata.org/entity/Q119496384,Università di Bologna
http://www.wikidata.org/entity/Q119496385,Università di Bologna
http://www.wikidata.org/entity/Q119496390,Università di Bologna
http://www.wikidata.org/entity/Q119496391,Università di Bologna
http://www.wikidata.org/entity/Q119496388,Università di Bologna
http://www.wikidata.org/entity/Q119496389,Università di Bologna
http://www.wikidata.org/entity/Q119496394,Università di Bologna
http://www.wikidata.org/entity/Q119496392,Università di Bologna
http://www.wikidata.org/entity/Q119496393,Università di Bologna
http://www.wikidata.org/entity/Q120702421,Società Italiana di Scienze Naturali
http://www.wikidata.org/entity/Q121298479,
http://www.wikidata.org/entity/Q121299313,
http://www.wikidata.org/entity/Q122049779,PAGEPress Publications
http://www.wikidata.org/entity/Q122049776,PAGEPress Publications
http://www.wikidata.org/entity/Q122049777,PAGEPress Publications
http://www.wikidata.org/entity/Q122049784,PAGEPress Publications
http://www.wikidata.org/entity/Q122049785,PAGEPress Publications
http://www.wikidata.org/entity/Q122049794,PAGEPress Publications
http://www.wikidata.org/entity/Q122049798,PAGEPress Publications
http://www.wikidata.org/entity/Q122049796,PAGEPress Publications
http://www.wikidata.org/entity/Q122049806,PAGEPress Publications
http://www.wikidata.org/entity/Q122049817,PAGEPress Publications
http://www.wikidata.org/entity/Q122049868,PAGEPress Publications
http://www.wikidata.org/entity/Q122049874,PAGEPress Publications
http://www.wikidata.org/entity/Q122049876,PAGEPress Publications
http://www.wikidata.org/entity/Q122049880,PAGEPress Publications
http://www.wikidata.org/entity/Q122049898,PAGEPress Publications
http://www.wikidata.org/entity/Q122049914,PAGEPress Publications
http://www.wikidata.org/entity/Q122049924,PAGEPress Publications
http://www.wikidata.org/entity/Q122050002,PAGEPress Publications
http://www.wikidata.org/entity/Q122050109,PAGEPress Publications
http://www.wikidata.org/entity/Q122050183,PAGEPress Publications
http://www.wikidata.org/entity/Q122050186,PAGEPress Publications
http://www.wikidata.org/entity/Q122050223,PAGEPress Publications
http://www.wikidata.org/entity/Q122050221,PAGEPress Publications
http://www.wikidata.org/entity/Q122050236,PAGEPress Publications
http://www.wikidata.org/entity/Q122050246,PAGEPress Publications
http://www.wikidata.org/entity/Q122050247,PAGEPress Publications
http://www.wikidata.org/entity/Q122050244,PAGEPress Publications
http://www.wikidata.org/entity/Q122050252,PAGEPress Publications
http://www.wikidata.org/entity/Q122050293,PAGEPress Publications
http://www.wikidata.org/entity/Q122050308,PAGEPress Publications
http://www.wikidata.org/entity/Q122050335,PAGEPress Publications
http://www.wikidata.org/entity/Q122828583,
http://www.wikidata.org/entity/Q123110125,Associazione Italiana Biblioteche
http://www.wikidata.org/entity/Q123172724,Istituto Nazionale per l'Analisi delle Politiche Pubbliche
http://www.wikidata.org/entity/Q123172848,Istituto Nazionale per l'Analisi delle Politiche Pubbliche
http://www.wikidata.org/entity/Q123173029,Istituto Nazionale per l'Analisi delle Politiche Pubbliche
http://www.wikidata.org/entity/Q123173160,Istituto Nazionale per l'Analisi delle Politiche Pubbliche
http://www.wikidata.org/entity/Q123179841,Istituto Nazionale per l'Analisi delle Politiche Pubbliche
http://www.wikidata.org/entity/Q123180026,Istituto Nazionale per l'Analisi delle Politiche Pubbliche
http://www.wikidata.org/entity/Q123180254,Istituto Nazionale per l'Analisi delle Politiche Pubbliche
http://www.wikidata.org/entity/Q123180300,Istituto Nazionale per l'Analisi delle Politiche Pubbliche
http://www.wikidata.org/entity/Q123180417,Istituto Nazionale per l'Analisi delle Politiche Pubbliche
http://www.wikidata.org/entity/Q123180448,Istituto Nazionale per l'Analisi delle Politiche Pubbliche
http://www.wikidata.org/entity/Q123925882,Università di Bologna
http://www.wikidata.org/entity/Q123925883,Università di Bologna
http://www.wikidata.org/entity/Q123925881,Università di Bologna
http://www.wikidata.org/entity/Q123925886,Università di Bologna
http://www.wikidata.org/entity/Q123925887,Università di Bologna
http://www.wikidata.org/entity/Q123925884,Università di Bologna
http://www.wikidata.org/entity/Q123925890,Università di Bologna
http://www.wikidata.org/entity/Q123925891,Università di Bologna
http://www.wikidata.org/entity/Q123925888,Università di Bologna
http://www.wikidata.org/entity/Q123925889,Università di Bologna
http://www.wikidata.org/entity/Q123925894,Università di Bologna
http://www.wikidata.org/entity/Q123925895,Università di Bologna
http://www.wikidata.org/entity/Q123925892,Università di Bologna
http://www.wikidata.org/entity/Q123925893,Università di Bologna
http://www.wikidata.org/entity/Q123925898,Università di Bologna
http://www.wikidata.org/entity/Q123925896,Università di Bologna
http://www.wikidata.org/entity/Q123925897,Università di Bologna
http://www.wikidata.org/entity/Q123934448,Università di Bologna
http://www.wikidata.org/entity/Q124332313,Associazione Italiana Biblioteche
http://www.wikidata.org/entity/Q124332319,Associazione Italiana Biblioteche
http://www.wikidata.org/entity/Q124343474,
http://www.wikidata.org/entity/Q124343585,Associazione Italiana Biblioteche
http://www.wikidata.org/entity/Q124343682,Associazione Italiana Biblioteche
http://www.wikidata.org/entity/Q124344840,Associazione Italiana Biblioteche
http://www.wikidata.org/entity/Q124344925,Associazione Italiana Biblioteche
http://www.wikidata.org/entity/Q124619281,Istituto Nazionale per l'Analisi delle Politiche Pubbliche
http://www.wikidata.org/entity/Q124619337,Istituto Nazionale per l'Analisi delle Politiche Pubbliche
http://www.wikidata.org/entity/Q124619373,Istituto Nazionale per l'Analisi delle Politiche Pubbliche
http://www.wikidata.org/entity/Q124621840,Istituto Nazionale per l'Analisi delle Politiche Pubbliche
http://www.wikidata.org/entity/Q124621865,Istituto Nazionale per l'Analisi delle Politiche Pubbliche
http://www.wikidata.org/entity/Q124621893,Istituto Nazionale per l'Analisi delle Politiche Pubbliche
http://www.wikidata.org/entity/Q124621904,Istituto Nazionale per l'Analisi delle Politiche Pubbliche
http://www.wikidata.org/entity/Q124621917,Istituto Nazionale per l'Analisi delle Politiche Pubbliche
http://www.wikidata.org/entity/Q124621931,Istituto Nazionale per l'Analisi delle Politiche Pubbliche
http://www.wikidata.org/entity/Q124694790,Istituto Nazionale per l'Analisi delle Politiche Pubbliche
http://www.wikidata.org/entity/Q124745218,Associazione Italiana Biblioteche
http://www.wikidata.org/entity/Q125017954,
http://www.wikidata.org/entity/Q125451860,Associazione Italiana Biblioteche
http://www.wikidata.org/entity/Q125499879,Associazione Italiana Biblioteche
http://www.wikidata.org/entity/Q125500024,Associazione Italiana Biblioteche
http://www.wikidata.org/entity/Q125731008,
http://www.wikidata.org/entity/Q125897612,Firenze University Press
http://www.wikidata.org/entity/Q125913828,Università di Pavia
http://www.wikidata.org/entity/Q125959522,Associazione Italiana Biblioteche
http://www.wikidata.org/entity/Q126034721,Associazione Italiana Biblioteche
http://www.wikidata.org/entity/Q126181037,Associazione Italiana Biblioteche
http://www.wikidata.org/entity/Q126310449,
http://www.wikidata.org/entity/Q126313829,
http://www.wikidata.org/entity/Q126315684,
http://www.wikidata.org/entity/Q126341263,Università Ca' Foscari Venezia
http://www.wikidata.org/entity/Q126342482,Università Ca' Foscari Venezia
http://www.wikidata.org/entity/Q126343950,Università Ca' Foscari Venezia
http://www.wikidata.org/entity/Q126346475,Università Ca' Foscari Venezia
http://www.wikidata.org/entity/Q126346523,Università Ca' Foscari Venezia
http://www.wikidata.org/entity/Q126348372,Università Ca' Foscari Venezia
http://www.wikidata.org/entity/Q126348559,Università Ca' Foscari Venezia
http://www.wikidata.org/entity/Q126348563,Università Ca' Foscari Venezia
http://www.wikidata.org/entity/Q126348561,Università Ca' Foscari Venezia
http://www.wikidata.org/entity/Q126348582,Università Ca' Foscari Venezia
http://www.wikidata.org/entity/Q126349087,Università Ca' Foscari Venezia
http://www.wikidata.org/entity/Q126349115,Università Ca' Foscari Venezia
http://www.wikidata.org/entity/Q126349181,Università Ca' Foscari Venezia
http://www.wikidata.org/entity/Q126349443,Università Ca' Foscari Venezia
http://www.wikidata.org/entity/Q126349863,Università Ca' Foscari Venezia
http://www.wikidata.org/entity/Q126349861,Università Ca' Foscari Venezia
http://www.wikidata.org/entity/Q126349864,Università Ca' Foscari Venezia
http://www.wikidata.org/entity/Q126349975,Università Ca' Foscari Venezia
http://www.wikidata.org/entity/Q126350016,Università Ca' Foscari Venezia
http://www.wikidata.org/entity/Q126350572,Università Ca' Foscari Venezia
http://www.wikidata.org/entity/Q126353288,Università Ca' Foscari Venezia
http://www.wikidata.org/entity/Q126353330,Università Ca' Foscari Venezia
http://www.wikidata.org/entity/Q126353715,Università Ca' Foscari Venezia
http://www.wikidata.org/entity/Q126361432,Istituto Nazionale per l'Analisi delle Politiche Pubbliche
http://www.wikidata.org/entity/Q126361695,Istituto Nazionale per l'Analisi delle Politiche Pubbliche
http://www.wikidata.org/entity/Q126362005,Istituto Nazionale per l'Analisi delle Politiche Pubbliche
http://www.wikidata.org/entity/Q126372110,Istituto Nazionale per l'Analisi delle Politiche Pubbliche
http://www.wikidata.org/entity/Q126372153,Istituto Nazionale per l'Analisi delle Politiche Pubbliche
http://www.wikidata.org/entity/Q126372598,Istituto Nazionale per l'Analisi delle Politiche Pubbliche
http://www.wikidata.org/entity/Q126386357,
http://www.wikidata.org/entity/Q126532186,Istituto Nazionale per l'Analisi delle Politiche Pubbliche
http://www.wikidata.org/entity/Q126722512,
http://www.wikidata.org/entity/Q126899403,Università degli Studi di Torino
http://www.wikidata.org/entity/Q127043392,
http://www.wikidata.org/entity/Q127043422,
http://www.wikidata.org/entity/Q127043447,
http://www.wikidata.org/entity/Q127598311,L'Erma di Bretschneider
http://www.wikidata.org/entity/Q127691539,Università di Bologna
http://www.wikidata.org/entity/Q127691542,Università di Bologna
http://www.wikidata.org/entity/Q127691543,Università di Bologna
http://www.wikidata.org/entity/Q127691540,Università di Bologna
http://www.wikidata.org/entity/Q127691541,Università di Bologna
http://www.wikidata.org/entity/Q127691546,Università di Bologna
http://www.wikidata.org/entity/Q127691547,Università di Bologna
http://www.wikidata.org/entity/Q127691544,Università di Bologna
http://www.wikidata.org/entity/Q127691545,Università di Bologna
http://www.wikidata.org/entity/Q127691550,Università di Bologna
http://www.wikidata.org/entity/Q127691551,Università di Bologna
http://www.wikidata.org/entity/Q127691548,Università di Bologna
http://www.wikidata.org/entity/Q127691549,Università di Bologna
http://www.wikidata.org/entity/Q127868932,
http://www.wikidata.org/entity/Q127868956,
http://www.wikidata.org/entity/Q128305871,Associazione Italiana Biblioteche
http://www.wikidata.org/entity/Q128306149,Edizioni Scientifiche Italiane
http://www.wikidata.org/entity/Q128306153,Biblioteca nazionale Marciana
http://www.wikidata.org/entity/Q128308912,Associazione Italiana Biblioteche
http://www.wikidata.org/entity/Q128308921,
http://www.wikidata.org/entity/Q128310240,Deputazione Subalpina di storia patria
http://www.wikidata.org/entity/Q128588041,Biblioteca nazionale Marciana
http://www.wikidata.org/entity/Q128591413,Biblioteca nazionale Marciana
http://www.wikidata.org/entity/Q128592841,Deputazione Subalpina di storia patria
http://www.wikidata.org/entity/Q128592850,
http://www.wikidata.org/entity/Q128621600,Italiana Editrice
http://www.wikidata.org/entity/Q128621605,Gruppo dei Romanisti
http://www.wikidata.org/entity/Q128624466,Accademia Ligure di Scienze e Lettere
http://www.wikidata.org/entity/Q128624468,Gruppo dei Romanisti
http://www.wikidata.org/entity/Q128624475,Biblioteca Trivulziana
http://www.wikidata.org/entity/Q128624472,Accademia Ligure di Scienze e Lettere
http://www.wikidata.org/entity/Q128624478,Gruppo dei Romanisti
http://www.wikidata.org/entity/Q128624477,Gruppo dei Romanisti
http://www.wikidata.org/entity/Q128624483,Gruppo dei Romanisti
http://www.wikidata.org/entity/Q128694022,Associazione Italiana Biblioteche
http://www.wikidata.org/entity/Q128694025,
http://www.wikidata.org/entity/Q128694070,Associazione Italiana Biblioteche
http://www.wikidata.org/entity/Q128694069,Associazione Italiana Biblioteche
http://www.wikidata.org/entity/Q128694073,
http://www.wikidata.org/entity/Q128795587,
http://www.wikidata.org/entity/Q129813340,Associazione Italiana Biblioteche
http://www.wikidata.org/entity/Q129813537,Associazione Italiana Biblioteche
http://www.wikidata.org/entity/Q129814967,
http://www.wikidata.org/entity/Q129815743,
http://www.wikidata.org/entity/Q129816282,
http://www.wikidata.org/entity/Q129817115,Associazione Italiana Biblioteche
http://www.wikidata.org/entity/Q130292560,Società savonese di storia patria
http://www.wikidata.org/entity/Q130292910,Società savonese di storia patria
http://www.wikidata.org/entity/Q130362547,Associazione Italiana Biblioteche
http://www.wikidata.org/entity/Q130401900,Scotoni
http://www.wikidata.org/entity/Q130401947,Biblioteca nazionale Marciana
http://www.wikidata.org/entity/Q130402154,Accademia Ligure di Scienze e Lettere
http://www.wikidata.org/entity/Q130427991,
http://www.wikidata.org/entity/Q130429194,
http://www.wikidata.org/entity/Q130472961,
http://www.wikidata.org/entity/Q130473043,
http://www.wikidata.org/entity/Q130477850,Istituto Nazionale per l'Analisi delle Politiche Pubbliche
http://www.wikidata.org/entity/Q130529432,Istituto Nazionale per l'Analisi delle Politiche Pubbliche
http://www.wikidata.org/entity/Q130529479,Istituto Nazionale per l'Analisi delle Politiche Pubbliche
http://www.wikidata.org/entity/Q130529510,Istituto Nazionale per l'Analisi delle Politiche Pubbliche
http://www.wikidata.org/entity/Q130529640,Istituto Nazionale per l'Analisi delle Politiche Pubbliche
http://www.wikidata.org/entity/Q130529660,Istituto Nazionale per l'Analisi delle Politiche Pubbliche
http://www.wikidata.org/entity/Q130529702,Istituto Nazionale per l'Analisi delle Politiche Pubbliche
http://www.wikidata.org/entity/Q130638618,
http://www.wikidata.org/entity/Q130650495,
http://www.wikidata.org/entity/Q130655979,
http://www.wikidata.org/entity/Q130680698,
http://www.wikidata.org/entity/Q131389375,
http://www.wikidata.org/entity/Q131389397,
http://www.wikidata.org/entity/Q131429346,Università di Bologna
http://www.wikidata.org/entity/Q131429347,Università di Bologna
http://www.wikidata.org/entity/Q131429344,Università di Bologna
http://www.wikidata.org/entity/Q131429345,Università di Bologna
http://www.wikidata.org/entity/Q131429350,Università di Bologna
http://www.wikidata.org/entity/Q131429351,Università di Bologna
http://www.wikidata.org/entity/Q131429348,Università di Bologna
http://www.wikidata.org/entity/Q131429349,Università di Bologna
http://www.wikidata.org/entity/Q131429354,Università di Bologna
http://www.wikidata.org/entity/Q131429352,Università di Bologna
http://www.wikidata.org/entity/Q131429353,Università di Bologna
http://www.wikidata.org/entity/Q131437313,Associazione Italiana Biblioteche
http://www.wikidata.org/entity/Q131437355,Associazione Italiana Biblioteche
http://www.wikidata.org/entity/Q131438401,Associazione Italiana Biblioteche
http://www.wikidata.org/entity/Q131438467,Associazione Italiana Biblioteche
http://www.wikidata.org/entity/Q131459329,Associazione Italiana Biblioteche
http://www.wikidata.org/entity/Q131459633,Associazione Italiana Biblioteche
http://www.wikidata.org/entity/Q131460432,Associazione Italiana Biblioteche
http://www.wikidata.org/entity/Q131469817,
http://www.wikidata.org/entity/Q131502873,Associazione Italiana Biblioteche
http://www.wikidata.org/entity/Q131506079,
http://www.wikidata.org/entity/Q131542502,
http://www.wikidata.org/entity/Q131542651,Associazione Italiana Biblioteche
http://www.wikidata.org/entity/Q131542665,Associazione Italiana Biblioteche
http://www.wikidata.org/entity/Q131569299,Associazione Italiana Biblioteche
http://www.wikidata.org/entity/Q131598024,Associazione Italiana Biblioteche
http://www.wikidata.org/entity/Q131606824,Associazione Italiana Biblioteche
http://www.wikidata.org/entity/Q131606924,Associazione Italiana Biblioteche
http://www.wikidata.org/entity/Q131606988,Associazione Italiana Biblioteche
http://www.wikidata.org/entity/Q131607096,Associazione Italiana Biblioteche
http://www.wikidata.org/entity/Q131625443,E.S. Burioni ricerche bibliografiche
http://www.wikidata.org/entity/Q131625829,
http://www.wikidata.org/entity/Q131626777,
http://www.wikidata.org/entity/Q131682115,
http://www.wikidata.org/entity/Q131682397,
http://www.wikidata.org/entity/Q131682430,Associazione Italiana Biblioteche
http://www.wikidata.org/entity/Q131781759,Associazione Italiana Biblioteche
http://www.wikidata.org/entity/Q131781771,Associazione Italiana Biblioteche
http://www.wikidata.org/entity/Q131781800,Associazione Italiana Biblioteche
http://www.wikidata.org/entity/Q131869204,
http://www.wikidata.org/entity/Q131869272,Associazione Italiana Biblioteche
http://www.wikidata.org/entity/Q131869976,
http://www.wikidata.org/entity/Q131919105,Associazione Italiana Biblioteche
http://www.wikidata.org/entity/Q131919250,Associazione Italiana Biblioteche
http://www.wikidata.org/entity/Q131919303,Associazione Italiana Biblioteche
http://www.wikidata.org/entity/Q131920244,Associazione Italiana Biblioteche
http://www.wikidata.org/entity/Q131925517,Istituto Nazionale per l'Analisi delle Politiche Pubbliche
http://www.wikidata.org/entity/Q131925554,Istituto Nazionale per l'Analisi delle Politiche Pubbliche
http://www.wikidata.org/entity/Q131925592,Istituto Nazionale per l'Analisi delle Politiche Pubbliche
http://www.wikidata.org/entity/Q131925629,Istituto Nazionale per l'Analisi delle Politiche Pubbliche
http://www.wikidata.org/entity/Q131925643,Istituto Nazionale per l'Analisi delle Politiche Pubbliche
http://www.wikidata.org/entity/Q131925664,Istituto Nazionale per l'Analisi delle Politiche Pubbliche
http://www.wikidata.org/entity/Q131925686,Istituto Nazionale per l'Analisi delle Politiche Pubbliche
http://www.wikidata.org/entity/Q131931058,
http://www.wikidata.org/entity/Q131931065,Associazione Italiana Biblioteche
http://www.wikidata.org/entity/Q131931300,Associazione Italiana Biblioteche
http://www.wikidata.org/entity/Q131932378,Associazione Italiana Biblioteche
http://www.wikidata.org/entity/Q131932403,Associazione Italiana Biblioteche
http://www.wikidata.org/entity/Q131932443,Associazione Italiana Biblioteche
http://www.wikidata.org/entity/Q131932551,Associazione Italiana Biblioteche
http://www.wikidata.org/entity/Q131932568,Associazione Italiana Biblioteche
http://www.wikidata.org/entity/Q131932589,Associazione Italiana Biblioteche
http://www.wikidata.org/entity/Q131986883,Firenze University Press
http://www.wikidata.org/entity/Q131986985,Firenze University Press
http://www.wikidata.org/entity/Q132126758,Associazione Italiana Biblioteche
http://www.wikidata.org/entity/Q132127027,Associazione Italiana Biblioteche
http://www.wikidata.org/entity/Q132127041,Associazione Italiana Biblioteche
http://www.wikidata.org/entity/Q132127110,Associazione Italiana Biblioteche
http://www.wikidata.org/entity/Q132127212,Associazione Italiana Biblioteche
http://www.wikidata.org/entity/Q132127224,Associazione Italiana Biblioteche
http://www.wikidata.org/entity/Q132130690,Associazione Italiana Biblioteche
http://www.wikidata.org/entity/Q132130704,Associazione Italiana Biblioteche
http://www.wikidata.org/entity/Q132130719,Associazione Italiana Biblioteche
http://www.wikidata.org/entity/Q132130797,Associazione Italiana Biblioteche
http://www.wikidata.org/entity/Q132130803,Associazione Italiana Biblioteche
http://www.wikidata.org/entity/Q132130834,Associazione Italiana Biblioteche
http://www.wikidata.org/entity/Q132130847,Associazione Italiana Biblioteche
http://www.wikidata.org/entity/Q132130942,Associazione Italiana Biblioteche
http://www.wikidata.org/entity/Q132131051,Associazione Italiana Biblioteche
http://www.wikidata.org/entity/Q132167890,Associazione Italiana Biblioteche
http://www.wikidata.org/entity/Q132167909,Associazione Italiana Biblioteche
http://www.wikidata.org/entity/Q132168073,Associazione Italiana Biblioteche
http://www.wikidata.org/entity/Q132540602,Associazione Italiana Biblioteche
http://www.wikidata.org/entity/Q132561594,Università di Bologna
http://www.wikidata.org/entity/Q133040646,Associazione Italiana Biblioteche
http://www.wikidata.org/entity/Q133080583,
http://www.wikidata.org/entity/Q133256774,Associazione Italiana Biblioteche
http://www.wikidata.org/entity/Q133256793,Associazione Italiana Biblioteche
http://www.wikidata.org/entity/Q133257960,FrancoAngeli
http://www.wikidata.org/entity/Q133258081,Associazione Italiana Biblioteche
http://www.wikidata.org/entity/Q133258102,Associazione Italiana Biblioteche
http://www.wikidata.org/entity/Q133258145,FrancoAngeli
http://www.wikidata.org/entity/Q133263063,Associazione Italiana Biblioteche
http://www.wikidata.org/entity/Q133278195,
http://www.wikidata.org/entity/Q133297020,E.S. Burioni ricerche bibliografiche
http://www.wikidata.org/entity/Q133297032,E.S. Burioni ricerche bibliografiche
http://www.wikidata.org/entity/Q133297580,E.S. Burioni ricerche bibliografiche
http://www.wikidata.org/entity/Q133757004,
http://www.wikidata.org/entity/Q134393758,Giorgio Bretschneider Editore
http://www.wikidata.org/entity/Q134393756,Giorgio Bretschneider Editore
http://www.wikidata.org/entity/Q134393757,Giorgio Bretschneider Editore
http://www.wikidata.org/entity/Q134393762,Giorgio Bretschneider Editore
http://www.wikidata.org/entity/Q134393763,Giorgio Bretschneider Editore
http://www.wikidata.org/entity/Q134393760,Giorgio Bretschneider Editore
http://www.wikidata.org/entity/Q134393761,Giorgio Bretschneider Editore
http://www.wikidata.org/entity/Q134444975,
http://www.wikidata.org/entity/Q134445011,Il Mulino
http://www.wikidata.org/entity/Q134513674,Giorgio Bretschneider Editore
http://www.wikidata.org/entity/Q134513673,Giorgio Bretschneider Editore
http://www.wikidata.org/entity/Q134513678,Giorgio Bretschneider Editore
http://www.wikidata.org/entity/Q134513679,Giorgio Bretschneider Editore
http://www.wikidata.org/entity/Q134513692,Giorgio Bretschneider Editore
http://www.wikidata.org/entity/Q134513697,Giorgio Bretschneider Editore
http://www.wikidata.org/entity/Q134513709,Giorgio Bretschneider Editore
http://www.wikidata.org/entity/Q134822033,Istituto Nazionale per l'Analisi delle Politiche Pubbliche
http://www.wikidata.org/entity/Q134822634,Istituto Nazionale per l'Analisi delle Politiche Pubbliche
http://www.wikidata.org/entity/Q134822870,Istituto Nazionale per l'Analisi delle Politiche Pubbliche
http://www.wikidata.org/entity/Q134875686,Associazione Italiana Biblioteche
http://www.wikidata.org/entity/Q134887636,Idest
http://www.wikidata.org/entity/Q134889535,Idest
http://www.wikidata.org/entity/Q134889693,Idest
http://www.wikidata.org/entity/Q134889718,Idest
http://www.wikidata.org/entity/Q134889955,Idest
http://www.wikidata.org/entity/Q134963409,Istituto Nazionale per l'Analisi delle Politiche Pubbliche
http://www.wikidata.org/entity/Q134963419,Istituto Nazionale per l'Analisi delle Politiche Pubbliche
http://www.wikidata.org/entity/Q134963650,Associazione Italiana Biblioteche
http://www.wikidata.org/entity/Q135011215,Idest
http://www.wikidata.org/entity/Q135011297,Idest
http://www.wikidata.org/entity/Q135102878,Università di Bologna
http://www.wikidata.org/entity/Q135102879,Università di Bologna
http://www.wikidata.org/entity/Q135102882,Università di Bologna
http://www.wikidata.org/entity/Q135102883,Università di Bologna
http://www.wikidata.org/entity/Q135102880,Università di Bologna
http://www.wikidata.org/entity/Q135102881,Università di Bologna
http://www.wikidata.org/entity/Q135102886,Università di Bologna
http://www.wikidata.org/entity/Q135102884,Università di Bologna
http://www.wikidata.org/entity/Q135103335,Associazione Italiana Biblioteche
http://www.wikidata.org/entity/Q135116138,E.S. Burioni ricerche bibliografiche
http://www.wikidata.org/entity/Q135165055,
http://www.wikidata.org/entity/Q135178782,
http://www.wikidata.org/entity/Q135180935,Istituto Nazionale per l'Analisi delle Politiche Pubbliche
http://www.wikidata.org/entity/Q135180964,Istituto Nazionale per l'Analisi delle Politiche Pubbliche
http://www.wikidata.org/entity/Q135181011,Istituto Nazionale per l'Analisi delle Politiche Pubbliche
http://www.wikidata.org/entity/Q135181035,Istituto Nazionale per l'Analisi delle Politiche Pubbliche
http://www.wikidata.org/entity/Q135181072,Istituto Nazionale per l'Analisi delle Politiche Pubbliche
http://www.wikidata.org/entity/Q135181110,Istituto Nazionale per l'Analisi delle Politiche Pubbliche
http://www.wikidata.org/entity/Q135225002,
http://www.wikidata.org/entity/Q135233359,Associazione Italiana Biblioteche
http://www.wikidata.org/entity/Q135233418,E.S. Burioni ricerche bibliografiche
http://www.wikidata.org/entity/Q135233466,Associazione Italiana Biblioteche
http://www.wikidata.org/entity/Q135267376,
http://www.wikidata.org/entity/Q135267481,Associazione Italiana Biblioteche
http://www.wikidata.org/entity/Q135271036,Associazione Italiana Biblioteche
http://www.wikidata.org/entity/Q135335923,Gruppo dei Romanisti
http://www.wikidata.org/entity/Q135336054,FrancoAngeli
http://www.wikidata.org/entity/Q135391256,Società savonese di storia patria
http://www.wikidata.org/entity/Q135399271,
http://www.wikidata.org/entity/Q135399934,Gruppo dei Romanisti
http://www.wikidata.org/entity/Q135399994,Il Mulino
http://www.wikidata.org/entity/Q135400000,FrancoAngeli
http://www.wikidata.org/entity/Q135409624,Gruppo dei Romanisti
http://www.wikidata.org/entity/Q135409801,FrancoAngeli
http://www.wikidata.org/entity/Q135409906,FrancoAngeli
http://www.wikidata.org/entity/Q135432514,FrancoAngeli
http://www.wikidata.org/entity/Q135435931,
http://www.wikidata.org/entity/Q135435961,
http://www.wikidata.org/entity/Q135442878,Il Mulino
http://www.wikidata.org/entity/Q135494039,Società savonese di storia patria
http://www.wikidata.org/entity/Q135792920,E.S. Burioni ricerche bibliografiche
http://www.wikidata.org/entity/Q136184307,Associazione Italiana Biblioteche
http://www.wikidata.org/entity/Q136379142,Associazione Italiana Biblioteche
http://www.wikidata.org/entity/Q136384321,Istituto Poligrafico e Zecca dello Stato
http://www.wikidata.org/entity/Q136384392,FrancoAngeli
http://www.wikidata.org/entity/Q136384538,Istituto Poligrafico e Zecca dello Stato
http://www.wikidata.org/entity/Q136399613,
http://www.wikidata.org/entity/Q136399640,
http://www.wikidata.org/entity/Q136445293,
http://www.wikidata.org/entity/Q136445352,
http://www.wikidata.org/entity/Q136456633,Istituto Superiore di Sanità
http://www.wikidata.org/entity/Q136456640,
http://www.wikidata.org/entity/Q136456660,
http://www.wikidata.org/entity/Q136456962,Associazione Italiana Biblioteche
http://www.wikidata.org/entity/Q136461768,Associazione Italiana Biblioteche
http://www.wikidata.org/entity/Q136461995,Associazione Italiana Biblioteche
http://www.wikidata.org/entity/Q136462742,Associazione Italiana Biblioteche
http://www.wikidata.org/entity/Q136491214,
http://www.wikidata.org/entity/Q136505174,Associazione Italiana Biblioteche
http://www.wikidata.org/entity/Q136539563,E.S. Burioni ricerche bibliografiche
http://www.wikidata.org/entity/Q136540024,
http://www.wikidata.org/entity/Q136593329,E.S. Burioni ricerche bibliografiche
http://www.wikidata.org/entity/Q136593412,Istituto Superiore di Sanità
http://www.wikidata.org/entity/Q136657990,Istituto Nazionale per l'Analisi delle Politiche Pubbliche
http://www.wikidata.org/entity/Q136658092,Istituto Nazionale per l'Analisi delle Politiche Pubbliche
http://www.wikidata.org/entity/Q136658118,Istituto Nazionale per l'Analisi delle Politiche Pubbliche
http://www.wikidata.org/entity/Q136658143,Istituto Nazionale per l'Analisi delle Politiche Pubbliche
http://www.wikidata.org/entity/Q136658175,Istituto Nazionale per l'Analisi delle Politiche Pubbliche
http://www.wikidata.org/entity/Q136658306,Istituto Nazionale per l'Analisi delle Politiche Pubbliche
http://www.wikidata.org/entity/Q136658342,Istituto Nazionale per l'Analisi delle Politiche Pubbliche
http://www.wikidata.org/entity/Q136658554,Istituto Nazionale per l'Analisi delle Politiche Pubbliche
http://www.wikidata.org/entity/Q136658604,Istituto Nazionale per l'Analisi delle Politiche Pubbliche
http://www.wikidata.org/entity/Q136661502,Firenze University Press
http://www.wikidata.org/entity/Q136665118,Istituto Superiore di Sanità
http://www.wikidata.org/entity/Q136665816,Istituto Nazionale per l'Analisi delle Politiche Pubbliche
http://www.wikidata.org/entity/Q136666002,Istituto Nazionale per l'Analisi delle Politiche Pubbliche
http://www.wikidata.org/entity/Q136666236,Istituto Nazionale per l'Analisi delle Politiche Pubbliche
http://www.wikidata.org/entity/Q136666494,Istituto Nazionale per l'Analisi delle Politiche Pubbliche
http://www.wikidata.org/entity/Q136666796,Istituto Nazionale per l'Analisi delle Politiche Pubbliche
http://www.wikidata.org/entity/Q136667091,Istituto Nazionale per l'Analisi delle Politiche Pubbliche
http://www.wikidata.org/entity/Q136669593,Associazione Italiana Biblioteche
http://www.wikidata.org/entity/Q136669602,
http://www.wikidata.org/entity/Q136678249,Istituto Superiore di Sanità
http://www.wikidata.org/entity/Q136678881,Associazione Italiana Biblioteche
http://www.wikidata.org/entity/Q136716018,
http://www.wikidata.org/entity/Q136723350,Gruppo dei Romanisti
http://www.wikidata.org/entity/Q136728621,Associazione Italiana Biblioteche
http://www.wikidata.org/entity/Q136757914,Idest
http://www.wikidata.org/entity/Q136759809,Idest
http://www.wikidata.org/entity/Q136759830,Idest
http://www.wikidata.org/entity/Q136760020,Idest
http://www.wikidata.org/entity/Q136760027,
http://www.wikidata.org/entity/Q136760137,Idest
http://www.wikidata.org/entity/Q136760229,Associazione Italiana Biblioteche
http://www.wikidata.org/entity/Q136940308,
http://www.wikidata.org/entity/Q137015827,Associazione Italiana Biblioteche
http://www.wikidata.org/entity/Q137015830,Associazione Italiana Biblioteche
http://www.wikidata.org/entity/Q137015831,Associazione Italiana Biblioteche
http://www.wikidata.org/entity/Q137015828,Associazione Italiana Biblioteche
http://www.wikidata.org/entity/Q137015829,Associazione Italiana Biblioteche
http://www.wikidata.org/entity/Q137017519,Associazione Italiana Biblioteche
http://www.wikidata.org/entity/Q137017522,Associazione Italiana Biblioteche
http://www.wikidata.org/entity/Q137017523,Associazione Italiana Biblioteche
http://www.wikidata.org/entity/Q137017524,Associazione Italiana Biblioteche
http://www.wikidata.org/entity/Q137104650,Associazione Italiana Biblioteche
http://www.wikidata.org/entity/Q137104651,Associazione Italiana Biblioteche
http://www.wikidata.org/entity/Q137104648,Associazione Italiana Biblioteche
http://www.wikidata.org/entity/Q137195917,Associazione Italiana Biblioteche
http://www.wikidata.org/entity/Q137324314,Associazione Italiana Biblioteche
http://www.wikidata.org/entity/Q137368051,Giornale di Sicilia Editoriale Poligrafica
http://www.wikidata.org/entity/Q137392147,
http://www.wikidata.org/entity/Q137392384,Idest
http://www.wikidata.org/entity/Q137393272,Idest
