id,titolo,artisti,data_creazione,generi,luoghi,collezioni,contenuti,movimenti,soggetti,altezza,larghezza
http://www.wikidata.org/entity/Q428274,"Ritratto di Fedra Inghirami, detto Fedra",Raffaello Sanzio (maschio),1510,ritratto,Galleria Palatina,Galleria Palatina,libro; carta; scrittura; strabismo; posizione seduta; scrivania; calamaio; Tommaso Inghirami,Alto Rinascimento,Tommaso Inghirami,91.0,61.0
http://www.wikidata.org/entity/Q151047,Nascita di Venere,Sandro Botticelli (maschio),1485,nudo artistico; pittura mitologica,,Palazzo degli Uffizi,mare; donna; cielo; vento; albero; Afrodite; capelli lunghi; ombelico; Venere; conchiglia; Ore; angelo; Zefiro; riviera; pianta fiorita; linea costiera; nascita; nascita di Afrodite,Rinascimento; Primo Rinascimento,Venere Anadiomene; nascita di Afrodite,172.5,278.5
http://www.wikidata.org/entity/Q180632,Ritratto di Paolo III con i nipoti Alessandro e Ottavio Farnese,Tiziano Vecellio (maschio),1546,ritratto; ritratto di gruppo,Museo nazionale di Capodimonte,Museo nazionale di Capodimonte,tavolo; tenda; papa Paolo III; Ottavio Farnese; Alessandro Farnese il Giovane; tovaglia,manierismo; pittura veneta,papa Paolo III,210.0,176.0
http://www.wikidata.org/entity/Q368788,Pietà,Perugino (maschio),1483,arte religiosa,Palazzo degli Uffizi,Palazzo degli Uffizi,Gesù; donna; Maria; uomo,rinascimento italiano,Pietà,168.0,176.0
http://www.wikidata.org/entity/Q549847,Primavera,Sandro Botticelli (maschio),1480,allegoria; pittura mitologica,Palazzo Medici Riccardi; Galleria delle pitture e delle statue degli Uffizi,Palazzo degli Uffizi,mela; donna; fiore; Mercurio; primavera; Cupido; albero; spada; Demetra; Ermes; Venere; freccia; gemma; Cariti; Flora; Zefiro; pianta fiorita; Clori; giardino; arancio,Primo Rinascimento,primavera,207.0,319.0
http://www.wikidata.org/entity/Q488825,Adorazione dei Magi,Sandro Botticelli (maschio),1475,arte religiosa,Palazzo degli Uffizi,Palazzo degli Uffizi,Maria; Sandro Botticelli; Laurus nobilis; Giovanni Argiropulo; Lorenzo de' Medici; Cosimo de' Medici; corona; Giovanni Pico della Mirandola; rovine; San Giuseppe; Filippo Strozzi il Vecchio; Agnolo Poliziano; dono; Teodoro Gaza; Giuliano de' Medici; Adorazione dei Magi; Piero il Gottoso; Bambino Gesù; Giovanni di Cosimo de' Medici; ritratto del donatore; turbante; mangiatoia; Lorenzo Tornabuoni,Primo Rinascimento; pittura rinascimentale italiana,Adorazione dei Magi,111.0,134.0
http://www.wikidata.org/entity/Q532486,Giuditta con la sua ancella,Artemisia Gentileschi (femmina),1610,arte religiosa,Palazzo Pitti,Galleria Palatina,Giuditta e Oloferne; Giuditta,,Giuditta e Oloferne,114.0,93.5
http://www.wikidata.org/entity/Q493792,Ritratto di Andrea Doria nelle vesti di Nettuno,Agnolo Bronzino (maschio),1545,nudo artistico; allegoria; portrait historié,Pinacoteca di Brera,Pinacoteca di Brera,Nettuno; nudità; Andrea Doria; albero; tridente; panneggio,manierismo,Andrea Doria,115.0,53.0
http://www.wikidata.org/entity/Q546297,Cristo morto nel sepolcro e tre dolenti,Andrea Mantegna (maschio),1483,arte religiosa,Pinacoteca di Brera,Pinacoteca di Brera,Gesù; Compianto sul Cristo morto,Primo Rinascimento; pittura rinascimentale italiana,Compianto sul Cristo morto,68.0,81.0
http://www.wikidata.org/entity/Q580853,Madonna col Bambino degli Innocenti,Sandro Botticelli (maschio),1465,arte religiosa,Spedale degli Innocenti,Museo degli innocenti,Maria; madre; angelo; Bambino Gesù; Madonna col Bambino,Primo Rinascimento,Madonna col Bambino,87.0,60.0
http://www.wikidata.org/entity/Q592551,Padre Eterno con i santi Rocco e Romano,Perugino (maschio),1477,arte religiosa,Pinacoteca comunale,Pinacoteca comunale,dio; marmo; Deruta; vedutismo; san Rocco; bastone da passeggio,Scuola umbra,,,
http://www.wikidata.org/entity/Q959174,Ritratto d'uomo con medaglia di Cosimo il Vecchio,Sandro Botticelli (maschio),1474,ritratto,Palazzo degli Uffizi,Palazzo degli Uffizi,paesaggio; medaglia,Primo Rinascimento,uomo,57.5,44.0
http://www.wikidata.org/entity/Q734197,Visitazione,Giotto (maschio),1306,arte religiosa,cappella degli Scrovegni,cappella degli Scrovegni,Maria; donna; colonna; marmo; portico; Elisabetta; Visitazione della Beata Vergine Maria; tabarro; drapperia; aureola,protorinascimento,Visitazione della Beata Vergine Maria,150.0,140.0
http://www.wikidata.org/entity/Q742801,Ritratto di giovane,Sandro Botticelli (maschio),1470,ritratto,Galleria Palatina,Galleria Palatina,giovane uomo,Primo Rinascimento,giovane uomo,51.0,33.7
http://www.wikidata.org/entity/Q733017,San Giorgio e la principessa,Pisanello (maschio),1435,arte religiosa,cappella Pellegrini,,Equus ferus caballus; drago; spada; san Giorgio; principe; fodero,,san Giorgio e il drago,223.0,430.0
http://www.wikidata.org/entity/Q672817,Gonfalone della Giustizia,Perugino (maschio),1501,arte religiosa,Galleria nazionale dell'Umbria,Galleria nazionale dell'Umbria,Maria; donna; ragazzo; Bambino Gesù,rinascimento italiano,,278.0,138.0
http://www.wikidata.org/entity/Q732821,Ritratto di Luca Pacioli,Jacopo de' Barbari (maschio),1497,ritratto,Museo nazionale di Capodimonte,Museo nazionale di Capodimonte,acqua; libro; compasso; Luca Pacioli; gessetto; protrattore; Palazzo Ducale; rombicubottaedro; Ordine dei frati minori; spugna; dodecaedro regolare; lavagna,,Luca Pacioli,98.0,108.0
http://www.wikidata.org/entity/Q1055111,Lippina,Filippo Lippi (maschio),1460,arte religiosa,,Palazzo degli Uffizi,Maria; donna; ragazzo; paesaggio; angelo; bracciolo; Bambino Gesù; telaio della finestra,,Madonna col Bambino,95.0,62.0
http://www.wikidata.org/entity/Q1134060,Susanna e i vecchioni,Peter Paul Rubens (maschio),1606,nudo artistico; arte religiosa,Galleria Borghese,Collezione Borghese; Galleria Borghese,donna; nudità; lavaggio; ombelico; Susanna; posizione seduta; persona anziana,,Susanna e i vecchioni,94.0,66.0
http://www.wikidata.org/entity/Q1111232,Madonna col Bambino,Jacopo Bellini (maschio),1450,arte religiosa,Palazzo degli Uffizi,Palazzo degli Uffizi,Maria; donna; madre; ragazzo; aureola; Bambino Gesù; Madonna col Bambino,,Madonna col Bambino,69.0,49.0
http://www.wikidata.org/entity/Q1109340,La Fortezza,Sandro Botticelli (maschio),1470,allegoria,Palazzo degli Uffizi,Palazzo degli Uffizi,donna; spada; sandalo; coraggio; abito da donna; trono; fortezza; armatura; posizione seduta,Primo Rinascimento,coraggio,167.0,87.0
http://www.wikidata.org/entity/Q1109475,Visitazione di Carmignano,Pontormo (maschio),1528,arte religiosa,propositura dei Santi Michele e Francesco,propositura dei Santi Michele e Francesco,Maria; donna; strada urbana; Elisabetta; bianco; Abaya; Visitazione della Beata Vergine Maria; posizione eretta; Tichel,,Visitazione della Beata Vergine Maria,202.0,156.0
http://www.wikidata.org/entity/Q1110146,Adorazione dei pastori con i santi Nazario e Celso,Il Moretto (maschio),1540,arte religiosa,collegiata dei Santi Nazaro e Celso,collegiata dei Santi Nazaro e Celso,Maria; donna; uomo; ragazzo; preghiera; arco; edificio; cherubino; bianco; armatura; Bambino Gesù; adorazione dei pastori; nastro; gufo,Rinascimento,adorazione dei pastori,380.0,320.0
http://www.wikidata.org/entity/Q1113938,Città ideale - Urbino,,1480,paesaggio urbano,Galleria nazionale delle Marche; Ex monastero di Santa Chiara,Galleria nazionale delle Marche,città ideale,rinascimento italiano,Città ideale,67.7,239.4
http://www.wikidata.org/entity/Q1114823,Sant'Agostino nello studio,Sandro Botticelli (maschio),1490,arte religiosa,Palazzo degli Uffizi; casa di Bernardo Vecchietti,Palazzo degli Uffizi,Agostino d'Ippona,Primo Rinascimento,,41.0,27.0
http://www.wikidata.org/entity/Q1114856,Madonna del Padiglione,Sandro Botticelli (maschio),1490,arte religiosa,Pinacoteca Ambrosiana,Pinacoteca Ambrosiana,Maria; donna; ragazzo; Bambino Gesù,Primo Rinascimento,,65.0,65.0
http://www.wikidata.org/entity/Q1114881,Venere e le tre Grazie offrono doni a una giovane,Sandro Botticelli (maschio),1484,pittura mitologica,Museo del Louvre; Villa Lemmi,dipartimento di pittura del museo del Louvre; Villa Lemmi,donna; Venere; dono; vaso; Cariti; putto; angelo; Giovanna degli Albizzi; posizione eretta; tela,Primo Rinascimento,,211.0,284.0
http://www.wikidata.org/entity/Q867678,Antea,Parmigianino (maschio),1535 | 1600,ritratto,Museo nazionale di Capodimonte,Museo nazionale di Capodimonte,donna; ermellino; cortigiana; posizione eretta,Alto Rinascimento,,136.0,86.0
http://www.wikidata.org/entity/Q794077,Amor sacro e Amor profano,Tiziano Vecellio (maschio),1514,allegoria,Galleria Borghese,Collezione Borghese; Galleria Borghese,"Cupido; stemma; Venere; paesaggio; donna vestita, uomo nudo; donna nuda; allegoria",pittura veneta; Alto Rinascimento,amore,118.0,279.0
http://www.wikidata.org/entity/Q948034,La Velata,Raffaello Sanzio (maschio),1513,ritratto,Sala di Giove,Galleria Palatina,velo; Margherita Luti; donna giovane,Alto Rinascimento,donna giovane,82.0,61.0
http://www.wikidata.org/entity/Q945625,Stigmate di san Francesco,Michelangelo Buonarroti (maschio),1500,arte religiosa,,,uomo; stigmate; Francesco d'Assisi,Alto Rinascimento,Stimmate di San Francesco,,
http://www.wikidata.org/entity/Q924655,Trafugamento del corpo di san Marco,Jacopo Tintoretto (maschio),1564,arte religiosa,Gallerie dell'Accademia,Gallerie dell'Accademia,Venezia; colonna; Marco; cadavere; via ad arco,manierismo; pittura veneta,,398.0,315.0
http://www.wikidata.org/entity/Q945250,Ritratto di Francesco delle Opere,Perugino (maschio),1494,ritratto,Palazzo degli Uffizi,Palazzo degli Uffizi,paesaggio,Alto Rinascimento,,52.0,44.0
http://www.wikidata.org/entity/Q955295,Madonna di Macerata,Carlo Crivelli (maschio),1470,arte religiosa,Musei civici di Palazzo Buonaccorsi,Macerata Musei; Musei civici di Palazzo Buonaccorsi,Maria; donna; ragazzo; madre; Bambino Gesù; Madonna col Bambino,pittura rinascimentale italiana,Madonna col Bambino,61.9,41.0
http://www.wikidata.org/entity/Q1115423,Compianto sul Cristo morto,Sandro Botticelli (maschio),1490 | 1495,arte religiosa,Museo Poldi Pezzoli; chiesa di Santa Maria Maggiore,Museo Poldi Pezzoli,Gesù; Maria; uomo; preghiera; santo; Maria Maddalena; Giovanni,Primo Rinascimento,Compianto sul Cristo morto,106.0,71.0
http://www.wikidata.org/entity/Q1115413,Storie di Virginia,Sandro Botticelli (maschio),1501,pittura mitologica,Accademia Carrara,Accademia Carrara,Verginia,Primo Rinascimento,,85.0,165.0
http://www.wikidata.org/entity/Q1119008,Pala di Asolo,,1506,arte religiosa,duomo di Asolo,duomo di Asolo,Maria; donna; piante; uomo; nuvola; Assunzione di Maria; Antonio abate; scettro; Ludovico di Tolosa; angelo; persona anziana; bastone da passeggio,Alto Rinascimento,Assunzione di Maria,175.0,162.0
http://www.wikidata.org/entity/Q1119782,Disputa di Simon Mago e crocifissione di san Pietro,Filippino Lippi (maschio),1481,arte religiosa,cappella Brancacci,cappella Brancacci,Roma; Nerone; Sandro Botticelli; uomo; Pietro; cappello; papa Paolo I; Lorenzo de' Medici; Simone Mago; Mura aureliane; Filippino Lippi; farsetto; Antonio del Pollaiolo; piramide Cestia; crocifissione; bastone da passeggio,Alto Rinascimento,,230.0,598.0
http://www.wikidata.org/entity/Q1121644,Barrocci romani,Giovanni Fattori (maschio),1873,arte di genere,Palazzo Pitti,Galleria d'arte moderna di Firenze,Equus ferus caballus; uomo; carro,Macchiaioli,,21.0,31.0
http://www.wikidata.org/entity/Q1122002,Polittico di San Vincenzo Ferrer,Giovanni Bellini (maschio),1500,arte religiosa,basilica dei Santi Giovanni e Paolo,basilica dei Santi Giovanni e Paolo,Gesù; Maria; donna; uomo; ragazzo; preghiera; paesaggio; Gabriele; san Sebastiano; bianco; Vincenzo Ferreri; Bambino Gesù; angelo; San Cristoforo; martirio di San Sebastiano,pittura rinascimentale italiana,Pietà,275.0,31.0
http://www.wikidata.org/entity/Q1122537,"Giove, Nettuno e Plutone",Caravaggio (maschio),1599,pittura mitologica,Villa Ludovisi,Villa Ludovisi,Nettuno; Giove; Plutone,barocco,,300.0,180.0
http://www.wikidata.org/entity/Q1131263,Pala di San Marco,Sandro Botticelli (maschio),1488 | 1490,arte religiosa,Palazzo degli Uffizi; basilica di San Marco,Palazzo degli Uffizi,Gesù; Maria; donna; libro; uomo; santo; corona; angelo; croce cristiana,Primo Rinascimento,Incoronazione della Vergine,378.0,258.0
http://www.wikidata.org/entity/Q1132486,Martirio di sant'Orsola,Caravaggio (maschio),1610,arte religiosa,Gallerie d'Italia,Gallerie d'Italia,Storie di sant'Orsola,barocco,,154.0,178.0
http://www.wikidata.org/entity/Q1132479,Seppellimento di santa Lucia,Caravaggio (maschio),1608,arte religiosa,Italia; santuario di Santa Lucia al Sepolcro,santuario di Santa Lucia al Sepolcro,donna; Santa Lucia,barocco,,408.0,300.0
http://www.wikidata.org/entity/Q1460271,Ritratto di papa Paolo V,Caravaggio (maschio),1605,ritratto,Galleria Borghese,Collezione Borghese; Galleria Borghese,papa Paolo V,,papa Paolo V,203.0,119.0
http://www.wikidata.org/entity/Q1237596,Vertumno e Pomona,Pontormo (maschio),1519,pittura mitologica,Villa medicea di Poggio a Caiano,Villa medicea di Poggio a Caiano; Villa Medici,Vertumno,,,461.0,990.0
http://www.wikidata.org/entity/Q1240092,Ritratto di Innocenzo X,Diego Velázquez (maschio),1700,ritratto,Galleria Doria Pamphilj,Galleria Doria Pamphilj,papa Innocenzo X,pittura spagnola barocca,papa Innocenzo X,141.0,119.0
http://www.wikidata.org/entity/Q1448701,Incoronazione di spine,Caravaggio (maschio),1604,arte religiosa,Palazzo degli Alberti,Palazzo degli Alberti,Gesù; uomo,barocco,,178.0,125.0
http://www.wikidata.org/entity/Q1448203,Conversione di san Paolo,Caravaggio (maschio),1600,arte religiosa,Roma,Casato degli Odescalchi,conversione di Paolo,,conversione di Paolo,237.0,189.0
http://www.wikidata.org/entity/Q1328065,Ritratto di Eleonora di Toledo col figlio Giovanni de' Medici,Agnolo Bronzino (maschio),1544,ritratto,Palazzo degli Uffizi,Palazzo degli Uffizi,Eleonora di Toledo; Giovanni di Cosimo I de' Medici,manierismo,,115.0,96.0
http://www.wikidata.org/entity/Q1217187,Calunnia,Sandro Botticelli (maschio),1497,pittura mitologica,Palazzo degli Uffizi,Palazzo degli Uffizi,,Primo Rinascimento,allegoria,62.0,91.0
http://www.wikidata.org/entity/Q1195035,Il bacio,Francesco Hayez (maschio),1859,arte di genere,Pinacoteca di Brera,Pinacoteca di Brera,umano; donna; bacio; uomo; scala; abito da donna; coppia; abbraccio; scalino,,,112.0,88.0
http://www.wikidata.org/entity/Q1212920,Flagellazione di Cristo,Piero della Francesca (maschio),1459,arte religiosa,Galleria nazionale delle Marche,Galleria nazionale delle Marche,Gesù; uomo; flagellazione di Gesù,Primo Rinascimento,flagellazione di Gesù,67.5,91.0
http://www.wikidata.org/entity/Q1215809,Pala di San Marco,Beato Angelico (maschio),1500,arte religiosa,Museo di San Marco,Museo di San Marco,Maria; Marco; Bambino Gesù,rinascimento italiano,Madonna col Bambino,220.0,227.0
http://www.wikidata.org/entity/Q2011510,Bacco,Caravaggio (maschio),1598,pittura mitologica,Sala 90 di Caravaggio,Palazzo degli Uffizi,Dioniso; Bacco,manierismo,Bacco,95.0,85.0
http://www.wikidata.org/entity/Q2030685,Sposalizio della Vergine,Raffaello Sanzio (maschio),1504,arte religiosa,Pinacoteca di Brera,Pinacoteca di Brera,donna; Maria; San Giuseppe; sposalizio della Vergine,Alto Rinascimento,sposalizio della Vergine,175.0,118.0
http://www.wikidata.org/entity/Q2016193,Maestà di Ognissanti,Giotto (maschio),1300,arte religiosa,Sala A4 Giotto — Cimabue,Palazzo degli Uffizi,Madonna col Bambino,gotico; protorinascimento,maestà,325.0,204.0
http://www.wikidata.org/entity/Q2035209,Madonna del Granduca,Raffaello Sanzio (maschio),1506,arte religiosa,Galleria Palatina,Galleria Palatina,aureola; mantello; Bambino Gesù; posizione eretta; velo; Madonna col Bambino; Maria; ragazzo; madre; nudità; abito da donna; biondi,Alto Rinascimento,Madonna col Bambino,84.4,55.9
http://www.wikidata.org/entity/Q2092566,Arcangelo Raffaele e Tobiolo,Piero del Pollaiolo (maschio),1500,arte religiosa,Galleria Sabauda,Galleria Sabauda,Tobia e l'angelo,,Tobia e l'angelo,187.0,118.0
http://www.wikidata.org/entity/Q2097931,Cena in Emmaus,Caravaggio (maschio),1606,arte religiosa,Pinacoteca di Brera,Pinacoteca di Brera,Gesù; Eucaristia,,cena di Emmaus,141.0,175.0
http://www.wikidata.org/entity/Q2045726,Battaglia di Anghiari,Leonardo da Vinci (maschio),1503,pittura storica; dipinti di battaglie,Gabinetto dei disegni e delle stampe,Palazzo Vecchio,battaglia di Anghiari,Alto Rinascimento,battaglia di Anghiari,42.8,
http://www.wikidata.org/entity/Q2066739,Pala di San Zeno,Andrea Mantegna (maschio),1457 | 1460,arte religiosa,Italia; basilica di San Zeno,basilica di San Zeno,Maria; donna; madre; ragazzo; Paolo di Tarso; Pietro; angelo; Bambino Gesù; Madonna col Bambino,Rinascimento,Sacra conversazione,480.0,450.0
http://www.wikidata.org/entity/Q1863885,Mosè difende le figlie di Jetro,Rosso Fiorentino (maschio),1523,arte religiosa,,Palazzo degli Uffizi,Mosè; Mosè e le figlie di Ietro,,Mosè e le figlie di Ietro,160.0,117.0
http://www.wikidata.org/entity/Q1899740,Assunta,Tiziano Vecellio (maschio),1517,arte religiosa,Basilica di Santa Maria Gloriosa dei Frari,Basilica di Santa Maria Gloriosa dei Frari,Maria; Pietro; Assunzione di Maria; Dio Padre; Giovanni; dodici apostoli,pittura veneta; Alto Rinascimento,Assunzione di Maria,668.0,344.0
http://www.wikidata.org/entity/Q1751408,Pala di San Giobbe,Giovanni Bellini (maschio),1487,arte religiosa,Gallerie dell'Accademia,Gallerie dell'Accademia,donna; Maria; musica; ragazzo; madre; Giovanni Battista; Domenico di Guzmán; san Sebastiano; Giobbe; Ludovico di Tolosa; angelo; Sacra conversazione; Francesco d'Assisi; Bambino Gesù,Primo Rinascimento; pittura rinascimentale italiana,Sacra conversazione,258.0,471.0
http://www.wikidata.org/entity/Q1761496,Pala di Sant'Ambrogio,Sandro Botticelli (maschio),1470,arte religiosa,Palazzo degli Uffizi; chiesa di Sant'Ambrogio,Palazzo degli Uffizi,Maria; crocifisso; capelli lunghi; Giovanni Battista; preghiera; Maria Maddalena; Cosma e Damiano; corona; Caterina d'Alessandria; trono; angelo; tonsura; turibolo; Francesco d'Assisi; monaco; Bambino Gesù; bastone da passeggio; unguentario,Primo Rinascimento,Sacra conversazione,170.0,194.0
http://www.wikidata.org/entity/Q1762826,Madonna Contarini,Giovanni Bellini (maschio),1475,arte religiosa,Gallerie dell'Accademia,Gallerie dell'Accademia,Maria; nuvola; paesaggio; Bambino Gesù; Madonna col Bambino,pittura veneta; Primo Rinascimento,Madonna col Bambino,78.0,56.0
http://www.wikidata.org/entity/Q2866382,Ascensione,Giotto (maschio),1291,arte religiosa,basilica superiore di San Francesco d'Assisi,basilica di San Francesco,Gesù; uomo,protorinascimento,Ascensione di Gesù,500.0,400.0
http://www.wikidata.org/entity/Q2872721,Autoritratto con tre collari,Jacques-Louis David (maschio),1791,autoritratto,Palazzo degli Uffizi,Palazzo degli Uffizi; Corridoio Vasariano,Jacques-Louis David,,Jacques-Louis David,64.0,53.0
http://www.wikidata.org/entity/Q2920183,Annunciazione (Tiziano Chiesa di San Salvador),Tiziano Vecellio (maschio),1564,arte religiosa,chiesa di San Salvador,chiesa di San Salvador,Maria; luce; Gabriele; Annunciazione; angelo; putto,pittura veneta; Alto Rinascimento,Annunciazione,403.0,235.0
http://www.wikidata.org/entity/Q2929922,Benedizione di Isacco a Giacobbe,Maestro d'Isacco (maschio),1291,arte religiosa,basilica superiore di San Francesco d'Assisi,basilica di San Francesco,,protorinascimento,,300.0,300.0
http://www.wikidata.org/entity/Q2325834,Ecce Homo,Caravaggio (maschio),1605,arte religiosa,palazzo Bianco,palazzo Bianco,Gesù; uomo,barocco,Ecce Homo,128.0,103.0
http://www.wikidata.org/entity/Q2284829,Sacrificio di Isacco,Caravaggio (maschio),1603,arte religiosa,Palazzo degli Uffizi,Palazzo degli Uffizi,Abramo; angelo; Isacco; agnello; Sacrificio di Isacco; Moriah,,Sacrificio di Isacco,104.0,135.0
http://www.wikidata.org/entity/Q2293905,Medusa,Caravaggio (maschio),1597,pittura mitologica,Palazzo degli Uffizi,Palazzo degli Uffizi,donna; Medusa; testa umana,,Medusa,60.0,55.0
http://www.wikidata.org/entity/Q2293936,Autoritratto in veste di bacco (Bacchino malato),Caravaggio (maschio),1595,autoritratto; pittura mitologica; portrait historié,,Galleria Borghese,Caravaggio; Bacco,,Caravaggio,67.0,53.0
http://www.wikidata.org/entity/Q2472983,Ultima Cena,Jacopo Tintoretto (maschio),1593,arte religiosa,basilica di San Giorgio Maggiore,basilica di San Giorgio Maggiore,gatto domestico; Gesù; cane; uomo; donna; tavolo; apostolo; piatto; cesto; Ultima cena; angelo; coppa; frutta; bicchiere; lampada,manierismo; pittura veneta,Ultima cena,365.0,568.0
http://www.wikidata.org/entity/Q2470123,Giuditta che decapita Oloferne,Caravaggio (maschio),1599,arte religiosa,Palazzo Barberini,Galleria nazionale d'arte antica,"donna; uomo; sangue; nudità; letto; barba; omicidio; collaboratore domestico; tenda; rossi; scimitarra; abito da donna; lenzuolo; orecchino; posizione eretta; decapitazione; agonia; Oloferne; castani; donna vestita, uomo nudo; panneggio; Giuditta; persona anziana; decubito; Cuffia; Fillide Melandroni",barocco,Giuditta e Oloferne,145.0,195.0
http://www.wikidata.org/entity/Q2327715,Adorazione dei pastori,Caravaggio (maschio),1609,arte religiosa,Museo regionale di Messina,Museo regionale di Messina,Maria; donna; ragazzo; Bambino Gesù,barocco,adorazione dei pastori,314.0,211.0
http://www.wikidata.org/entity/Q2337873,San Matteo e l'angelo,Caravaggio (maschio),1602,arte religiosa,cappella Contarelli,chiesa di San Luigi dei Francesi,Matteo; angelo,barocco,,292.0,186.0
http://www.wikidata.org/entity/Q2338404,Ritratto di musico,Leonardo da Vinci (maschio),1485,ritratto,Pinacoteca Ambrosiana,Pinacoteca Ambrosiana,musicista,rinascimento italiano,musicista,43.0,31.0
http://www.wikidata.org/entity/Q2338417,Martirio di san Matteo,Caravaggio (maschio),1600,arte religiosa,chiesa di San Luigi dei Francesi,chiesa di San Luigi dei Francesi,uomo; Matteo,barocco,,323.0,343.0
http://www.wikidata.org/entity/Q2343939,San Sebastiano,Raffaello Sanzio (maschio),1501,arte religiosa,Accademia Carrara,Accademia Carrara; Collezione Lochis,montagna; freccia; san Sebastiano; aureola,Alto Rinascimento,san Sebastiano,43.0,34.0
http://www.wikidata.org/entity/Q2448678,Strage degli innocenti,Guido Reni (maschio),1611,arte religiosa,Pinacoteca Nazionale di Bologna,Pinacoteca Nazionale di Bologna,bambino; massacro,,strage degli innocenti,268.0,170.0
http://www.wikidata.org/entity/Q2405771,Ritratto di giovane donna,Sandro Botticelli (maschio),1485,ritratto,Galleria Palatina,Galleria Palatina,donna giovane,Primo Rinascimento,donna giovane,61.0,40.5
http://www.wikidata.org/entity/Q2459887,Cristo della moneta,Tiziano Vecellio (maschio),1516,arte religiosa,Gemäldegalerie Alte Meister,Staatliche Kunstsammlungen Dresden,Gesù; uomo; Date a Cesare quello che è di Cesare e a Dio quello che è di Dio,pittura veneta; Alto Rinascimento,Date a Cesare quello che è di Cesare e a Dio quello che è di Dio,75.0,56.0
http://www.wikidata.org/entity/Q2426058,Pallade e il centauro,Sandro Botticelli (maschio),1482,pittura mitologica,Palazzo degli Uffizi,Palazzo degli Uffizi,centauro; Minerva,Primo Rinascimento,,205.0,147.5
http://www.wikidata.org/entity/Q2268013,Madonna col Bambino e due angeli,Sandro Botticelli (maschio),1460,arte religiosa,Museo nazionale di Capodimonte,Museo nazionale di Capodimonte,Maria; angelo; Bambino Gesù,Primo Rinascimento,Madonna col Bambino,100.0,71.0
http://www.wikidata.org/entity/Q2264942,Flagellazione di Cristo,Caravaggio (maschio),1607,arte religiosa,deposito del museo,Museo nazionale di Capodimonte,Gesù; uomo,,flagellazione di Gesù,390.0,260.0
http://www.wikidata.org/entity/Q2269291,Madonna della Melagrana,Sandro Botticelli (maschio),1487,arte religiosa,Palazzo degli Uffizi,Palazzo degli Uffizi,Maria; donna; madre; ragazzo; angelo; Bambino Gesù,umanesimo,Madonna col Bambino,143.5,143.5
http://www.wikidata.org/entity/Q2269585,Madonna del Libro,Sandro Botticelli (maschio),1480,arte religiosa,Museo Poldi Pezzoli,Museo Poldi Pezzoli,Maria; donna; madre; ragazzo; Bambino Gesù,Primo Rinascimento,Madonna col Bambino,58.0,39.5
http://www.wikidata.org/entity/Q2247307,Polittico della Misericordia,Piero della Francesca (maschio),1460,arte religiosa,Italia; Sansepolcro; Museo civico,Museo civico,Maria; donna; Madonna della Misericordia; san Sebastiano,Primo Rinascimento,,273.0,330.0
http://www.wikidata.org/entity/Q2267509,Ritorno di Giuditta a Betulia,Sandro Botticelli (maschio),1470,arte religiosa,Palazzo degli Uffizi,Palazzo degli Uffizi,Giuditta,Primo Rinascimento,,31.0,24.0
http://www.wikidata.org/entity/Q2270291,Canestra di frutta,Caravaggio (maschio),1600,natura morta,Pinacoteca Ambrosiana,Pinacoteca Ambrosiana,mela; uva; foglia; cesto; fico; frutta; pera,,,67.5,54.5
http://www.wikidata.org/entity/Q3044873,Deposizione dalla croce,Giotto (maschio),1291,arte religiosa,basilica superiore di San Francesco d'Assisi,basilica di San Francesco,Gesù; uomo,protorinascimento,deposizione di Gesù,300.0,300.0
http://www.wikidata.org/entity/Q2273517,Conversione di san Paolo,Caravaggio (maschio),1600 | 1604,arte religiosa,cappella Cerasi,basilica di Santa Maria del Popolo,Paolo di Tarso; conversione di Paolo,barocco,conversione di Paolo,230.0,175.0
http://www.wikidata.org/entity/Q2277635,Resurrezione di Lazzaro,Caravaggio (maschio),1609,arte religiosa,Museo regionale di Messina,Museo regionale di Messina,Gesù; uomo,barocco,risurrezione di Lazzaro,380.0,275.0
http://www.wikidata.org/entity/Q2275353,San Francesco in meditazione,Caravaggio (maschio),1606,arte religiosa,chiesa di Santa Maria Immacolata a via Veneto,Galleria nazionale d'arte antica,,barocco,Francesco d'Assisi,123.0,92.5
http://www.wikidata.org/entity/Q2275371,San Francesco in meditazione,Caravaggio (maschio),1606,arte religiosa,Museo civico Ala Ponzone,Museo civico Ala Ponzone,Francesco d'Assisi,barocco,Francesco d'Assisi,130.0,90.0
http://www.wikidata.org/entity/Q2734111,Ritratto di Maffeo Barberini,Caravaggio (maschio),1598,ritratto,Firenze,,papa Urbano VIII,barocco,papa Urbano VIII,124.0,90.0
http://www.wikidata.org/entity/Q2732274,Maddalena penitente,Caravaggio (maschio),1593,arte religiosa,Galleria Doria Pamphilj,Galleria Doria Pamphilj,donna; perla; capelli lunghi; Maria Maddalena; abito da donna; coda di cavallo; posizione seduta; mortificazione; bijou,barocco,Maddalena penitente,122.5,30.0
http://www.wikidata.org/entity/Q2715177,San Girolamo,Caravaggio (maschio),1606,arte religiosa,Galleria Borghese,Galleria Borghese; Collezione Borghese,Sofronio Eusebio Girolamo,,Sofronio Eusebio Girolamo,112.0,157.0
http://www.wikidata.org/entity/Q2713203,Madonna dei Pellegrini,Caravaggio (maschio),1605,arte religiosa,basilica di Sant'Agostino in Campo Marzio,basilica di Sant'Agostino in Campo Marzio,Maria; donna; ragazzo; madre; Bambino Gesù,barocco,Madonna col Bambino,260.0,150.0
http://www.wikidata.org/entity/Q2713823,Ritratto di giovane con la mela,Raffaello Sanzio (maschio),1504,ritratto,Sala di Saturno,Palazzo degli Uffizi; Galleria Palatina,mela; fiume; montagna; Francesco Maria I della Rovere; giovane uomo,Alto Rinascimento,giovane uomo,48.0,35.5
http://www.wikidata.org/entity/Q2714237,Annunciazione di Cestello,Sandro Botticelli (maschio),1489,arte religiosa,Palazzo degli Uffizi,Palazzo degli Uffizi,Maria; donna; finestra; paesaggio; Gabriele; Annunciazione; ala; angelo; leggio; hortus conclusus; edificio; Giglio,Primo Rinascimento,Annunciazione,150.0,156.0
http://www.wikidata.org/entity/Q2715302,Madonna dei Palafrenieri,Caravaggio (maschio),1605,arte religiosa,Galleria Borghese,Galleria Borghese,Maria; serpente; capelli lunghi; Sant'Anna; Metterza; gimnopodismo; chignon; Bambino Gesù; castani; velo,,Metterza,292.0,211.0
http://www.wikidata.org/entity/Q2717478,Madonna della Loggia,Sandro Botticelli (maschio),1467,arte religiosa,Palazzo degli Uffizi,Palazzo degli Uffizi,Maria; donna; ragazzo; madre; Bambino Gesù,Primo Rinascimento,Madonna col Bambino,72.0,5454.0
http://www.wikidata.org/entity/Q2635552,Ritratto del cardinale Alessandro Farnese,Raffaello Sanzio (maschio),1509,ritratto,Museo nazionale di Capodimonte,Museo nazionale di Capodimonte,papa Paolo III,Alto Rinascimento,papa Paolo III,139.0,91.0
http://www.wikidata.org/entity/Q2665840,Pietà,Jacopo Palma il Giovane (maschio); Tiziano Vecellio (maschio),1575,arte religiosa,Gallerie dell'Accademia,Gallerie dell'Accademia,Gesù; Maria; capelli lunghi; Maria Maddalena; angelo; Pietà; Sibilla Ellespontica,pittura veneta,Pietà,352.0,349.0
http://www.wikidata.org/entity/Q2629715,Ritratto virile,Raffaello Sanzio (maschio),1503,ritratto,Galleria Borghese,Galleria Borghese,uomo,Alto Rinascimento,uomo,46.0,31.0
http://www.wikidata.org/entity/Q2627056,Davide con la testa di Golia,Caravaggio (maschio),1605,autoritratto; arte religiosa,Galleria Borghese,Collezione Borghese; Galleria Borghese,spada; Davide; Caravaggio; Davide con la testa di Golia,Caravaggismo,Davide con la testa di Golia,125.0,101.0
http://www.wikidata.org/entity/Q2610729,Ritratto di Leone X con i cardinali Giulio de' Medici e Luigi de' Rossi,Raffaello Sanzio (maschio),1518,ritratto,Galleria Palatina,Galleria Palatina,tavolo; papa Clemente VII; papa Leone X; campanella; Bibbia di Hamilton; tovaglia; Luigi de' Rossi,Alto Rinascimento,papa Leone X,155.5,119.5
http://www.wikidata.org/entity/Q2551625,Madonna del Magnificat,Sandro Botticelli (maschio),1483,arte religiosa,,Palazzo degli Uffizi,Maria; ragazzo; madre; donna; Bambino Gesù; Madonna col Bambino,Primo Rinascimento,Madonna col Bambino,,
http://www.wikidata.org/entity/Q2515309,Ritratto di Agnolo Doni,Raffaello Sanzio (maschio),1500,ritratto,Palazzo degli Uffizi,Galleria Palatina,Agnolo Doni,Alto Rinascimento,Agnolo Doni,65.0,45.0
http://www.wikidata.org/entity/Q2610936,giovane con canestra di frutta,Caravaggio (maschio),1594,ritratto,Galleria Borghese,Collezione Borghese; Galleria Borghese,mela; uva; Mario Minniti; cesto; fico; pesca,,Mario Minniti,70.0,67.0
http://www.wikidata.org/entity/Q2626595,Sette opere di Misericordia,Caravaggio (maschio),1600 | 1607,arte religiosa,Pio Monte della Misericordia,Pio Monte della Misericordia,Opera di misericordia; Caritas Romana,barocco,Opera di misericordia,390.0,260.0
http://www.wikidata.org/entity/Q3625842,Ritratto di Cosimo I de' Medici,Agnolo Bronzino (maschio),1544,ritratto,Palazzo degli Uffizi,Palazzo degli Uffizi,Cosimo I de' Medici,pittura rinascimentale italiana,Cosimo I de' Medici,74.0,58.0
http://www.wikidata.org/entity/Q3623738,Arresto dei fratelli di Giuseppe,Il Bacchiacca (maschio),1515,arte religiosa,Galleria Borghese,Galleria Borghese; Collezione Borghese,Giuseppe,,,26.0,14.0
http://www.wikidata.org/entity/Q3276171,Madonna di San Giorgio alla Costa,Giotto (maschio),1295,arte religiosa,Museo diocesano di Santo Stefano al Ponte,Museo diocesano di Santo Stefano al Ponte,Maria; donna; ragazzo; madre; Bambino Gesù,protorinascimento,Madonna col Bambino,180.0,90.0
http://www.wikidata.org/entity/Q3276180,Madonna col Bambino ridente,Giotto (maschio),1291,arte religiosa,basilica superiore di San Francesco d'Assisi,basilica di San Francesco,Maria; donna; ragazzo; madre; Bambino Gesù,protorinascimento,Madonna col Bambino,110.0,110.0
http://www.wikidata.org/entity/Q3220282,Battesimo di Cristo,Giovanni Bellini (maschio),1500,arte religiosa,chiesa di Santa Corona,chiesa di Santa Corona,Gesù; uomo; Giovanni Battista; battesimo di Gesù,,battesimo di Gesù,410.0,265.0
http://www.wikidata.org/entity/Q3223625,San Giovanni Battista,Caravaggio (maschio),1602,nudo artistico; arte religiosa,Musei capitolini,Musei capitolini,piante; nudità; Giovanni Battista; montone; panneggio,,Giovanni Battista,1290.0,950.0
http://www.wikidata.org/entity/Q3207678,Compianto sul Cristo morto,Perugino (maschio),1495,arte religiosa,Galleria Palatina,Galleria Palatina,Gesù; Maria; Compianto sul Cristo morto,rinascimento italiano,Compianto sul Cristo morto,220.0,195.0
http://www.wikidata.org/entity/Q3210267,Madonna del Mare,Sandro Botticelli (maschio),1470 | 1477,arte religiosa,chiesa di Santa Felicita; Galleria dell'Accademia,Galleria dell'Accademia,Gesù; Maria; donna; ragazzo; madre; Bambino Gesù; Madonna col Bambino,Primo Rinascimento,Madonna col Bambino,40.0,28.0
http://www.wikidata.org/entity/Q3213801,Madonna del Roseto,Sandro Botticelli (maschio),1469,arte religiosa,Palazzo degli Uffizi,Palazzo degli Uffizi,Maria; donna; ragazzo; madre; Bambino Gesù,Primo Rinascimento,Madonna col Bambino,124.0,65.0
http://www.wikidata.org/entity/Q3185885,Giuseppe calato nel pozzo,Giotto (maschio),1291,arte religiosa,basilica superiore di San Francesco d'Assisi,basilica di San Francesco,,protorinascimento,,300.0,300.0
http://www.wikidata.org/entity/Q3201479,Adorazione dei Magi degli Innocenti,Domenico Ghirlandaio (maschio); Bartolomeo di Giovanni (maschio),1485,arte religiosa,Spedale degli Innocenti,Museo degli innocenti,Maria; donna; ragazzo; Magi; Adorazione dei Magi; adorazione; Bambino Gesù,rinascimento italiano,Adorazione dei Magi,285.0,240.0
http://www.wikidata.org/entity/Q3207247,Carica di lancieri,Umberto Boccioni (maschio),1915,,Museo del Novecento,Museo del Novecento,lanciere,futurismo,lanciere,32.0,50.0
http://www.wikidata.org/entity/Q3207989,"Crocifissione con i Santi Girolamo, Francesco, Maria Maddalena, Giovanni Battista e il beato Giovanni Colombini",Perugino (maschio); Luca Signorelli (maschio),1484,arte religiosa,Palazzo degli Uffizi,Palazzo degli Uffizi,Gesù; donna; uomo; crocifissione di Gesù; capelli lunghi; Maria Maddalena; Sofronio Eusebio Girolamo,rinascimento italiano,crocifissione di Gesù,203.0,180.0
http://www.wikidata.org/entity/Q3213773,Madonna in gloria di serafini,Sandro Botticelli (maschio),1469,arte religiosa,Palazzo degli Uffizi,Palazzo degli Uffizi,Maria; donna; ragazzo; madre; angelo; Bambino Gesù,Primo Rinascimento,Madonna col Bambino,120.0,65.0
http://www.wikidata.org/entity/Q3213778,"Madonna col Bambino, due angeli e Giovanni Battista",Sandro Botticelli (maschio),1470,arte religiosa,Ospedale di Santa Maria Nuova; Galleria dell'Accademia,Galleria dell'Accademia,Maria; angelo; Bambino Gesù; Madonna col Bambino; San Giovannino,Primo Rinascimento,Madonna col Bambino,85.0,62.0
http://www.wikidata.org/entity/Q3276168,Madonna di Borgo San Lorenzo,Giotto (maschio),1290,arte religiosa,Pieve di San Lorenzo,Pieve di San Lorenzo,Maria; donna; ragazzo; Bambino Gesù,protorinascimento,,81.5,41.0
http://www.wikidata.org/entity/Q3605530,Adorazione dei Magi,Giovanni Battista Pittoni (maschio),1740,arte religiosa,collegiata dei Santi Nazaro e Celso,collegiata dei Santi Nazaro e Celso,Maria; donna; ragazzo; Magi; Bambino Gesù; Adorazione dei Magi,,Adorazione dei Magi,420.0,260.0
http://www.wikidata.org/entity/Q3605532,Adorazione dei Magi,Filippino Lippi (maschio),1496,arte religiosa,,Palazzo degli Uffizi,Maria; donna; ragazzo; Magi; Bambino Gesù; adorazione,,Adorazione dei Magi,258.0,243.0
http://www.wikidata.org/entity/Q3605568,Adorazione del Bambino di Camaldoli,Filippo Lippi (maschio),1463,arte religiosa,Palazzo degli Uffizi,Palazzo degli Uffizi,Maria; Dio nel Cristianesimo; Spirito Santo; nascita di Gesù; Bambino Gesù; San Romualdo; Madonna col Bambino; San Giovannino,,nascita di Gesù,140.0,130.0
http://www.wikidata.org/entity/Q3618188,Annunciazione Della Scala,Andrea del Sarto (maschio),1528,arte religiosa,Galleria Palatina,Galleria Palatina,Maria; donna,Alto Rinascimento,Annunciazione,96.0,189.0
http://www.wikidata.org/entity/Q3620766,Apoteosi di san Gaetano Thiene,Giambattista Tiepolo (maschio),1757,arte religiosa,chiesa di Santa Maria Maddalena,chiesa di Santa Maria Maddalena,,rococò,,210.0,119.0
http://www.wikidata.org/entity/Q3620765,Apoteosi di Angelo della Vecchia nel segno delle virtù,Giambattista Tiepolo (maschio),1760,arte religiosa,Palazzo Pozzobonelli-Isimbardi,Palazzo Pozzobonelli-Isimbardi,apoteosi,rococò,,800.0,600.0
http://www.wikidata.org/entity/Q3495790,Salomè,Tiziano Vecellio (maschio),1515,arte religiosa,Galleria Doria Pamphilj,Galleria Doria Pamphilj,donna; Salomè; testa umana; vassoio,pittura veneta,Salomè con la testa del Battista,90.0,72.0
http://www.wikidata.org/entity/Q3464027,San Pietro,Giotto (maschio),1291,arte religiosa,basilica superiore di San Francesco d'Assisi,basilica di San Francesco,Pietro,protorinascimento,Pietro,50.0,50.0
http://www.wikidata.org/entity/Q3472935,Santo Stefano,Giotto (maschio),1320,arte religiosa,Museo Horne,Museo Horne,Stefano,protorinascimento,,84.0,54.0
http://www.wikidata.org/entity/Q3463871,San Giovannino,Raffaello Sanzio (maschio),1518,arte religiosa,Tribuna degli Uffizi,Palazzo degli Uffizi,San Giovannino,Alto Rinascimento,,165.0,147.0
http://www.wikidata.org/entity/Q3471589,San Paolo,Giotto (maschio),1291,arte religiosa,basilica superiore di San Francesco d'Assisi,basilica di San Francesco,Paolo di Tarso,protorinascimento,Paolo di Tarso,50.0,50.0
http://www.wikidata.org/entity/Q3399438,Ritratto di Giuliano de' Medici,Sandro Botticelli (maschio),1479,ritratto,Accademia Carrara,Accademia Carrara,finestra; Giuliano de' Medici; spazio interno,Primo Rinascimento; pittura rinascimentale italiana,Giuliano de' Medici,59.5,39.3
http://www.wikidata.org/entity/Q3639064,Bestie da soma,Teofilo Patini (maschio),1886,arte di genere,Palazzo della Prefettura,Palazzo della Prefettura,,,,244.0,416.0
http://www.wikidata.org/entity/Q3636748,Battesimo di Cristo,Tiziano Vecellio (maschio),1511,arte religiosa,Musei capitolini,Musei capitolini,Gesù; Giovanni Battista; battesimo di Gesù,pittura veneta; Alto Rinascimento,battesimo di Gesù,115.0,89.0
http://www.wikidata.org/entity/Q3627401,Assunzione di Maria,Rosso Fiorentino (maschio),1517,arte religiosa,chiostrino dei Voti,basilica della Santissima Annunziata,Maria; donna,,Assunzione di Maria,385.0,337.0
http://www.wikidata.org/entity/Q3630726,Autoritratto,Hans Holbein il Giovane (maschio),1542,autoritratto,Palazzo degli Uffizi,Palazzo degli Uffizi,Hans Holbein il Giovane,,Hans Holbein il Giovane,32.0,26.0
http://www.wikidata.org/entity/Q3650885,Calliope,Cosmè Tura (maschio),1460,pittura mitologica,National Gallery,National Gallery,,,,116.0,71.0
http://www.wikidata.org/entity/Q3642142,Bonifacio VIII indice il giubileo del 1300,Giotto (maschio),1300,ritratto,basilica di San Giovanni in Laterano,basilica di San Giovanni in Laterano,papa Bonifacio VIII,protorinascimento,papa Bonifacio VIII,110.0,110.0
http://www.wikidata.org/entity/Q3685501,Comunione degli Apostoli,Luca Signorelli (maschio),1512,arte religiosa,Museo diocesano di Cortona,Museo diocesano di Cortona,Gesù; uomo; Comunione degli Apostoli,,Comunione degli Apostoli,232.0,220.0
http://www.wikidata.org/entity/Q3686814,Congedo di san Floriano,Albrecht Altdorfer (maschio),1510,arte religiosa,"Pitture fiaminghe e tedesche, sala 22",Palazzo degli Uffizi,Floriano di Lorch,,,76.4,67.2
http://www.wikidata.org/entity/Q3704794,Deianira presta ascolto alla Fama,Peter Paul Rubens (maschio),1638,pittura mitologica,Galleria Sabauda,Galleria Sabauda,,,,245.0,168.0
http://www.wikidata.org/entity/Q3706331,Devozione dei fiorentini alle reliquie di san Filippo,Andrea del Sarto (maschio),1510,arte religiosa,chiostrino dei Voti,basilica della Santissima Annunziata,,Alto Rinascimento,,386.0,380.0
http://www.wikidata.org/entity/Q3709306,Discesa di Enea nei campi elisi,Dosso Dossi (maschio),1520,pittura mitologica,National Gallery of Canada,National Gallery of Canada,Enea; Campi Elisi,,,58.4,167.8
http://www.wikidata.org/entity/Q3711898,Dittico della Crocifissione e della Madonna col Bambino e santi,Bonaventura Berlinghieri (maschio),1250,arte religiosa,A3 Pittura del Duecento,Palazzo degli Uffizi,Madonna col Bambino,,crocifissione di Gesù,103.0,123.0
http://www.wikidata.org/entity/Q3714445,Dossale dei quattro santi,Andrea del Sarto (maschio),1528,arte religiosa,Palazzo degli Uffizi,Palazzo degli Uffizi,,Alto Rinascimento,,,250.0
http://www.wikidata.org/entity/Q3698182,Crocifissione,Bramantino (maschio),1600,arte religiosa,Pinacoteca di Brera,Pinacoteca di Brera,Gesù; Maria; donna; uomo,,crocifissione di Gesù,372.0,270.0
http://www.wikidata.org/entity/Q3698204,Crocifissione,Giorgio Vasari (maschio),1545,arte religiosa,chiesa di San Giovanni a Carbonara,chiesa di San Giovanni a Carbonara,Gesù; cranio umano; crocifissione di Gesù,,crocifissione di Gesù,,
http://www.wikidata.org/entity/Q3697588,Cristo alla colonna,Bramante (maschio),1487,arte religiosa,Pinacoteca di Brera,Pinacoteca di Brera,Gesù; Cristo alla colonna,,Cristo alla colonna,93.7,62.5
http://www.wikidata.org/entity/Q3697602,Cristo coronato di spine,Beato Angelico (maschio),1430,arte religiosa,duomo di Livorno,duomo di Livorno,Gesù; uomo; Imago pietatis; aureola,rinascimento italiano,Imago pietatis,55.0,39.0
http://www.wikidata.org/entity/Q3697640,Cristo in pietà sorretto da due angeli,Andrea del Castagno (maschio),1445 | 1447,arte religiosa,Museo del Cenacolo di Sant'Apollonia; Museo del Cenacolo di Sant'Apollonia,Museo del Cenacolo di Sant'Apollonia; Museo del Cenacolo di Sant'Apollonia,Gesù; uomo; barba; Risurrezione di Gesù; Apollo; cadavere; angelo; cherubino; stigmate; ala; tomba; aureola; tela,,Gesù; Risurrezione di Gesù,283.0,330.0
http://www.wikidata.org/entity/Q3743879,Festa degli amorini,Tiziano Vecellio (maschio),1518,ritratto; pittura mitologica,Museo del Prado; Palazzo reale di Madrid,Museo del Prado,scultura,pittura veneta; Alto Rinascimento,,172.0,175.0
http://www.wikidata.org/entity/Q3747239,Fondazione di Santa Maria Maggiore,Masolino da Panicale (maschio),1423,arte religiosa,Museo nazionale di Capodimonte,Museo nazionale di Capodimonte,Gesù; Maria; donna; uomo; cardinale; papa Liberio; basilica di Santa Maria Maggiore; Esquilino; piramide Cestia; nobile,,,144.0,76.0
http://www.wikidata.org/entity/Q3731103,Erato,Angelo Maccagnino (maschio),1450,pittura mitologica,Palazzo dei Diamanti,Palazzo dei Diamanti,,,,123.5,72.1
http://www.wikidata.org/entity/Q3740793,Fede,Piero del Pollaiolo (maschio),1470,allegoria,"Pollaiolo, Sala A10",Palazzo degli Uffizi,donna; crocifisso; sandalo; calice; trono; posizione seduta; abito da donna; fede,Primo Rinascimento,,168.0,90.5
http://www.wikidata.org/entity/Q3725199,Enea e Acate sulla costa libica,Dosso Dossi (maschio),1520,pittura mitologica,National Gallery of Art,National Gallery of Art; Collezione Samuel H. Kress,Cartagine; Enea; Acate,,,58.7,87.6
http://www.wikidata.org/entity/Q3725832,Enrico IV alla battaglia d'Ivry,Peter Paul Rubens (maschio),1627,dipinti di battaglie,Palazzo degli Uffizi; Galleria delle pitture e delle statue degli Uffizi,Palazzo degli Uffizi,Parigi; Enrico IV di Franconia; trionfo; battaglia di Ivry; Enrico IV di Francia,,Enrico IV di Franconia; battaglia di Ivry,367.0,693.0
http://www.wikidata.org/entity/Q3732905,Esequie di san Girolamo,Filippo Lippi (maschio),1452,arte religiosa,Museo dell'Opera del Duomo,Museo dell'Opera del Duomo,Sofronio Eusebio Girolamo; rito funebre; Bernardo di Chiaravalle,,Sofronio Eusebio Girolamo,268.0,165.0
http://www.wikidata.org/entity/Q3752350,Frate francescano,Giotto (maschio),1300,arte religiosa,Villa I Tatti,Villa I Tatti,uomo; Ordine francescano; monaco,protorinascimento,,54.0,39.0
http://www.wikidata.org/entity/Q3752977,Fregio delle arti liberali e meccaniche,Giorgione (maschio),1496,natura morta,Casa Giorgione,Casa Giorgione,Artes mechanicae; arti liberali,,arti liberali,77.0,1588.0
http://www.wikidata.org/entity/Q3766168,Giovane in fuga dalla cattura di Cristo,Correggio (maschio),1522 | 1600,nudo artistico; arte religiosa,Galleria nazionale di Parma,Galleria nazionale di Parma,Gesù; uomo; Arresto di Gesù; Marco,,Arresto di Gesù,67.0,54.0
http://www.wikidata.org/entity/Q3771746,Giustizia,Tiziano Vecellio (maschio),1500,allegoria; arte religiosa,Galleria Giorgio Franchetti alla Ca' d'Oro,Galleria Giorgio Franchetti alla Ca' d'Oro,uomo; spada; telaio della finestra; Giuditta; Giuditta e Oloferne; equità,pittura veneta; Alto Rinascimento,equità,212.0,346.0
http://www.wikidata.org/entity/Q3784247,La Bella,Tiziano Vecellio (maschio),1537,ritratto,Sala di Venere,Galleria Palatina,donna; capelli lunghi; collana; orecchino; abito da donna; Angela del Moro,pittura veneta,donna,89.0,76.0
http://www.wikidata.org/entity/Q3769202,Giudizio finale e Inferno,Buonamico Buffalmacco (maschio),1336,arte religiosa,Camposanto monumentale,Camposanto monumentale,,,,600.0,860.0
http://www.wikidata.org/entity/Q3771679,Giuseppe presenta al faraone il padre e i fratelli,Francesco Granacci (maschio),1515,arte religiosa,Palazzo degli Uffizi,Palazzo degli Uffizi,Giuseppe,,Giuseppe,95.0,224.0
http://www.wikidata.org/entity/Q3771749,Giustizia di Seleuco,Perin del Vaga (maschio),1521,,Palazzo degli Uffizi; Galleria delle pitture e delle statue degli Uffizi,Palazzo degli Uffizi,uomo; Zaleuco di Locri,,Zaleuco di Locri,148.0,197.0
http://www.wikidata.org/entity/Q3775535,Grande Calvario,Jan Brueghel il Vecchio (maschio),1604,arte religiosa,Palazzo degli Uffizi,Palazzo degli Uffizi,Gesù; Maria; donna; uomo; crocifissione di Gesù,,crocifissione di Gesù,62.0,42.0
http://www.wikidata.org/entity/Q3778382,Guarigione del diacono Giustiniano,Beato Angelico (maschio),1439,arte religiosa,Pala di San Marco; Museo nazionale di San Matteo; basilica di San Marco; Museo di San Marco,Museo nazionale di San Matteo; Museo di San Marco,Cosma e Damiano; Giustiniano; guarigione,rinascimento italiano,Cosma e Damiano; Giustiniano; guarigione,37.0,45.0
http://www.wikidata.org/entity/Q3784272,Ritratto di Giovanni de' Medici,Agnolo Bronzino (maschio),1545,ritratto,Palazzo degli Uffizi,Palazzo degli Uffizi,Carduelis carduelis; Giovanni di Cosimo I de' Medici,pittura rinascimentale italiana,Giovanni di Cosimo I de' Medici,58.0,45.0
http://www.wikidata.org/entity/Q3797482,In vedetta,Giovanni Fattori (maschio),1872,,Valdagno,Collezione Marzotto,vedetta,,vedetta,37.0,56.0
http://www.wikidata.org/entity/Q3817178,Miracolo della reliquia della Croce al ponte di Rialto,Vittore Carpaccio (maschio),1494,arte religiosa,,Gallerie dell'Accademia,ponte di Rialto; Vera Croce; Francesco Querini; possessione,pittura rinascimentale italiana,,371.0,392.0
http://www.wikidata.org/entity/Q3842439,Madonna col Bambino,Alonso Berruguete (maschio),1515,arte religiosa,Palazzo degli Uffizi,Palazzo degli Uffizi,Maria; donna; ragazzo; madre; Bambino Gesù,,Madonna col Bambino,89.0,64.0
http://www.wikidata.org/entity/Q3842472,Madonna col Bambino,Filippo Lippi (maschio),1450,arte religiosa,Fondazione Magnani-Rocca,Fondazione Magnani-Rocca,Maria; ragazzo; madre; Bambino Gesù,,Madonna col Bambino,80.0,52.5
http://www.wikidata.org/entity/Q3842484,Madonna col Bambino,Giovanni Bellini (maschio),1450,arte religiosa,Pinacoteca Malaspina,Pinacoteca Malaspina,Maria; libro; Bambino Gesù; Targhetta; Madonna col Bambino,,Madonna col Bambino,47.0,31.5
http://www.wikidata.org/entity/Q3842412,Madonna Lochis,Giovanni Bellini (maschio),1476,arte religiosa,Accademia Carrara,Accademia Carrara; Collezione Lochis,Maria; Madonna col Bambino; Bambino Gesù,pittura veneta; Primo Rinascimento,Madonna col Bambino,47.4,33.8
http://www.wikidata.org/entity/Q3842413,Madonna Lochis,Tiziano Vecellio (maschio),1507,arte religiosa,Accademia Carrara,Accademia Carrara; Collezione Lochis,paesaggio; Bambino Gesù; Madonna col Bambino; Maria,pittura veneta; Alto Rinascimento,Madonna col Bambino,38.0,48.0
http://www.wikidata.org/entity/Q3842424,Madonna Speyer,Carlo Crivelli (maschio),1450,arte religiosa,Venezia,Collezione Vittorio Cini,Maria; Bambino Gesù,,Madonna col Bambino,32.0,22.2
http://www.wikidata.org/entity/Q3842438,"Madonna col Bambino, santi, angeli e donatore",Filippo Lippi (maschio),1432,arte religiosa,Palazzo Cini,Galleria di Palazzo Cini; Collezione Vittorio Cini,Maria; Pietro; Giovanni Battista; Stefano; Antonio abate; Santa Lucia; San Vito; angelo; Leonardo di Noblac; Bambino Gesù; donatore; Miniato di Firenze,,Sacra conversazione,47.0,36.0
http://www.wikidata.org/entity/Q3842706,Madonna di Ancona,Carlo Crivelli (maschio),1480,arte religiosa,chiesa di San Francesco ad Alto; Pinacoteca civica Francesco Podesti,Pinacoteca civica Francesco Podesti,mela; Maria; donna; ragazzo; madre; noce; Carduelis carduelis; cetriolo; Bambino Gesù,,Madonna col Bambino,21.0,15.0
http://www.wikidata.org/entity/Q3842713,Madonna di Corridonia,Carlo Crivelli (maschio),1472,arte religiosa,Museo parrocchiale di Corridonia,Museo parrocchiale di Corridonia,Maria; donna; ragazzo; madre; Madonna del Latte; Bambino Gesù,,Madonna col Bambino,127.0,63.0
http://www.wikidata.org/entity/Q3842725,Madonna di Poggio Bretta,Carlo Crivelli (maschio),1472,arte religiosa,Museo diocesano (Ascoli Piceno),Museo diocesano (Ascoli Piceno),Maria; donna; ragazzo; madre; Madonna col Bambino; Bambino Gesù,,Madonna col Bambino,71.0,50.0
http://www.wikidata.org/entity/Q3821139,La Rotonda dei bagni Palmieri,Giovanni Fattori (maschio),1866,arte di genere,Galleria d'arte moderna di Firenze,Galleria d'arte moderna di Firenze,,,,12.0,35.0
http://www.wikidata.org/entity/Q3821405,La battaglia di Magenta,Gerolamo Induno (maschio),1861,,Museo del Risorgimento,Museo del Risorgimento,,,,208.0,364.0
http://www.wikidata.org/entity/Q3823990,La sala delle agitate nell'ospizio di San Bonifacio,Telemaco Signorini (maschio),1865,arte di genere,Ca' Pesaro,Ca' Pesaro,,,,66.0,59.0
http://www.wikidata.org/entity/Q3831651,Liberazione di un'indemoniata,Andrea del Sarto (maschio),1509,arte religiosa,chiostrino dei Voti,basilica della Santissima Annunziata,,Alto Rinascimento,,364.0,300.0
http://www.wikidata.org/entity/Q3834971,La zuffa,Dosso Dossi (maschio),1520,allegoria,Castello di Alnwick; Castello Estense; Palazzo Cini,Galleria di Palazzo Cini; Collezione Vittorio Cini,donna; uomo; pane; tavolo; bicchiere,,ira,107.0,95.0
http://www.wikidata.org/entity/Q3842522,Madonna col Bambino e san Giovannino,Pontormo (maschio),1529,arte religiosa,Palazzo degli Uffizi,Palazzo degli Uffizi,Maria; donna; ragazzo; madre; Bambino Gesù; San Giovannino,,Madonna col Bambino,89.0,74.0
http://www.wikidata.org/entity/Q3842521,Madonna col Bambino e san Giovannino,Sandro Botticelli (maschio),1505,arte religiosa,Galleria Palatina,Galleria Palatina,Maria; abbraccio; aureola; croce cristiana; Bambino Gesù; San Giovannino,Primo Rinascimento,Madonna col Bambino,134.0,92.0
http://www.wikidata.org/entity/Q3842575,Madonna col Bambino tra i santi Giovanni Battista e Maria Maddalena,Jacopo Palma il Vecchio (maschio),1520,arte religiosa,Palazzo Rosso,Musei di Strada Nuova,Maria; capelli lunghi; Giovanni Battista; Maria Maddalena; paesaggio; Sacra conversazione; Bambino Gesù,pittura veneta; Alto Rinascimento,Sacra conversazione,710.0,1080.0
http://www.wikidata.org/entity/Q3842530,Madonna col Bambino e santi,Ludovico Mazzolino (maschio),1522,arte religiosa,Palazzo degli Uffizi,Palazzo degli Uffizi,Maria; Sant'Anna; Gioacchino; Giovanni; Sacra conversazione; Bambino Gesù,,Sacra conversazione,29.5,22.8
http://www.wikidata.org/entity/Q3842673,Madonna della Pace,Pinturicchio (maschio),1490,arte religiosa,Pinacoteca civica Tacchi-Venturi,Pinacoteca civica Tacchi-Venturi,Maria; donna; ragazzo; madre; Bambino Gesù,,Maria; Madonna col Bambino,143.0,70.0
http://www.wikidata.org/entity/Q3842700,Madonna delle Rose,Tiziano Vecellio (maschio),1530,arte religiosa,Palazzo degli Uffizi,Palazzo degli Uffizi,Maria; Antonio abate; Sacra conversazione; San Giovannino; Madonna col Bambino; Bambino Gesù,pittura veneta,,69.0,96.5
http://www.wikidata.org/entity/Q3842533,Madonna col Bambino e un angelo,Vincenzo Foppa (maschio),1479,arte religiosa,Pinacoteca del Castello Sforzesco,Palazzo degli Uffizi; Pinacoteca del Castello Sforzesco,Maria; libro; piante; tenda; finestra; angelo; vaso; lettura; Bambino Gesù,,Madonna col Bambino,41.0,32.5
http://www.wikidata.org/entity/Q3842543,Madonna col Bambino in trono e due angeli,Maestro del Bigallo (maschio),1230,arte religiosa,A3 Pittura del Duecento,Palazzo degli Uffizi,Maria; donna; ragazzo; madre; Bambino Gesù; Madonna col Bambino,,Madonna col Bambino,119.5,61.0
http://www.wikidata.org/entity/Q3842577,Madonna col Bambino tra i santi Girolamo e Bernardo,Luca Signorelli (maschio),1492,arte religiosa,Palazzo Corsini al Parione,Palazzo Corsini al Parione,Maria; donna; ragazzo; madre; Sofronio Eusebio Girolamo; Bernardo di Chiaravalle; Bambino Gesù,,Madonna col Bambino,112.0,112.0
http://www.wikidata.org/entity/Q3842594,Madonna col Bambino tra le sante Caterina e Maria Maddalena,Giovanni Bellini (maschio),1490,arte religiosa,,Gallerie dell'Accademia,Maria; donna; ragazzo; madre; capelli lunghi; Maria Maddalena; Caterina d'Alessandria; Bambino Gesù,pittura veneta; Primo Rinascimento,Sacra conversazione,58.0,107.0
http://www.wikidata.org/entity/Q3862624,monumento a Niccolò Brenzoni,Nanni di Bartolo (maschio); Pisanello (maschio),1426,,chiesa di San Fermo,chiesa di San Fermo,Maria; animale; uccello; angelo,,,,
http://www.wikidata.org/entity/Q3863247,Morte di san Filippo Benizi e resurrezione di un fanciullo,Andrea del Sarto (maschio),1510,arte religiosa,chiostrino dei Voti,basilica della Santissima Annunziata,,Alto Rinascimento,,362.0,306.0
http://www.wikidata.org/entity/Q3873244,Natività della Vergine,Maestro dell'Osservanza (maschio),1430,arte religiosa,Museo Civico Archeologico e d'Arte Sacra Palazzo Corboli,Museo Civico Archeologico e d'Arte Sacra Palazzo Corboli,Maria; donna; nascita di Maria,,Vita della Vergine; nascita di Maria,220.0,162.0
http://www.wikidata.org/entity/Q3885620,Orfeo ed Euridice,Tiziano Vecellio (maschio),1509,pittura mitologica,Accademia Carrara,Accademia Carrara; Collezione Lochis,Orfeo; Euridice,pittura veneta; Alto Rinascimento,,39.0,53.0
http://www.wikidata.org/entity/Q3877894,Noli me tangere,Michelangelo Buonarroti (maschio),1531,arte religiosa,,,Gesù; donna; capelli lunghi; uomo; Maria Maddalena,rinascimento italiano,Noli me tangere,,
http://www.wikidata.org/entity/Q3879242,Nuda,Giorgione (maschio),1508,nudo artistico,Gallerie dell'Accademia,Gallerie dell'Accademia,nudo artistico,Alto Rinascimento,nudo artistico,250.0,140.0
http://www.wikidata.org/entity/Q3884948,Orazione nell'orto del Getsemani,Vittore Carpaccio (maschio),1502,arte religiosa,Scuola di San Giorgio degli Schiavoni,Scuola di San Giorgio degli Schiavoni,Gesù; uomo,,orazione nell'orto,141.0,107.0
http://www.wikidata.org/entity/Q3889195,Pala Buronzo,Gerolamo Giovenone (maschio),1514,arte religiosa,Galleria Sabauda,Galleria Sabauda,Maria; Bambino Gesù,,Sacra conversazione,180.0,119.0
http://www.wikidata.org/entity/Q3889203,Pala Gozzi,Tiziano Vecellio (maschio),1520,arte religiosa,chiesa di San Francesco ad Alto; Pinacoteca civica Francesco Podesti,Pinacoteca civica Francesco Podesti,Maria; Biagio di Sebaste; apparizioni e altre manifestazioni mariane; Francesco d'Assisi; Bambino Gesù; Luigi Gozzi,pittura veneta; Alto Rinascimento,Sacra conversazione,312.0,215.0
http://www.wikidata.org/entity/Q3889211,Pala Sforzesca,Maestro della Pala Sforzesca (maschio),1494,arte religiosa,Pinacoteca di Brera,Pinacoteca di Brera,Maria; ragazzo; Agostino d'Ippona; Sofronio Eusebio Girolamo; papa Gregorio I; Sant'Ambrogio; Ludovico il Moro; Beatrice d'Este; Madonna col Bambino; Bambino Gesù,,Sacra conversazione,230.0,165.0
http://www.wikidata.org/entity/Q3889220,Pala del Corpus Domini,Giusto di Gand (maschio),1467 | 1474,arte religiosa,Galleria nazionale delle Marche,Galleria nazionale delle Marche,Gesù; uomo,,,331.0,335.0
http://www.wikidata.org/entity/Q3889229,Pala dell'Alabarda,,1530,arte religiosa,Palazzo Bosdari,Pinacoteca civica Francesco Podesti,Maria; Simone il Cananeo; San Lorenzo; angelo; Stefano; corona; Giovanni; Bambino Gesù; interno,pittura veneta,Sacra conversazione,295.0,210.0
http://www.wikidata.org/entity/Q3889247,Pala di Pesaro,Giovanni Bellini (maschio),1471,arte religiosa,musei civici di Pesaro,musei civici di Pesaro,Gesù; Maria; donna; uomo,,,262.0,240.0
http://www.wikidata.org/entity/Q3889254,Pala di San Barnaba,Sandro Botticelli (maschio),1487,arte religiosa,Palazzo degli Uffizi; chiesa di San Barnaba,Palazzo degli Uffizi,Gesù; Maria; libro; madre; Agostino d'Ippona; Ignazio di Antiochia; Michele; santo; Giovanni Battista; penna; Caterina d'Alessandria; armatura; angelo; Barnaba; trono; Bambino Gesù; tiara; soldato,Primo Rinascimento,Sacra conversazione; Madonna col Bambino,268.0,280.0
http://www.wikidata.org/entity/Q3889255,Pala di San Francesco al Monte,,1526,arte religiosa,Palazzo Pianetti,Palazzo Pianetti,Maria; donna; ragazzo; madre; Sofronio Eusebio Girolamo; Rosa; San Giuseppe; stigmate; Chiara d'Assisi; Francesco d'Assisi; Bambino Gesù; Eucaristia; rosa flore,,Sacra conversazione,240.0,160.0
http://www.wikidata.org/entity/Q3889253,Pala di San Francesco a Fabriano,Carlo Crivelli (maschio),1493,arte religiosa,Pinacoteca di Brera,Pinacoteca di Brera,Gesù; Maria; donna; capelli lunghi; uomo; san Giorgio; Maria Maddalena; san Sebastiano; Incoronazione della Vergine,,Incoronazione della Vergine,225.0,255.0
http://www.wikidata.org/entity/Q3924389,Prova di Mosè,Giorgione (maschio),1505,arte religiosa,Palazzo degli Uffizi,Palazzo degli Uffizi,Mosè,Alto Rinascimento,,89.0,72.0
http://www.wikidata.org/entity/Q3907344,Polimnia,,1457 | 1460,pittura mitologica,Gemäldegalerie,Gemäldegalerie,Polimnia,,,116.6,70.5
http://www.wikidata.org/entity/Q3904398,Pietà,,1538,arte religiosa,Pinacoteca di Brera,Pinacoteca di Brera,Gesù; Maria; donna; uomo,,Pietà,185.0,150.0
http://www.wikidata.org/entity/Q3904392,Cristo in Pietà tra la Vergine e san Giovanni evangelista,Giovanni Bellini (maschio),1455,arte religiosa,Accademia Carrara,Accademia Carrara; Collezione Lochis,Gesù; Maria; Giovanni; Pietà,pittura veneta; Primo Rinascimento,Pietà,43.7,32.4
http://www.wikidata.org/entity/Q3907497,Polittico di Arcevia,Luca Signorelli (maschio),1507,arte religiosa,Pinacoteca di Brera; collegiata di San Medardo,Pinacoteca di Brera; collegiata di San Medardo,Maria; donna; ragazzo; san Sebastiano; Bambino Gesù; Madonna col Bambino,,,393.0,315.0
http://www.wikidata.org/entity/Q3908184,Ponte sospeso,Gentile da Fabriano (maschio),1411,,Palazzo Trinci,Palazzo Trinci,,,,,
http://www.wikidata.org/entity/Q3910913,Presentazione al Tempio,,1552,arte religiosa,Palazzo Apostolico; Museo pontificio della Santa Casa,Palazzo Apostolico; Museo pontificio della Santa Casa,Maria; donna; ragazzo; Presentazione al Tempio; Bambino Gesù,,Presentazione al Tempio,170.0,157.0
http://www.wikidata.org/entity/Q3910087,Predica di san Marco ad Alessandria d'Egitto,Giovanni Bellini (maschio); Gentile Bellini (maschio),1500,arte religiosa,Pinacoteca di Brera,Pinacoteca di Brera,Alessandria d'Egitto; cupola; Giraffa; torre; Marco; predica; Camelus dromedarius; obelisco; turbante,Rinascimento,,347.0,770.0
http://www.wikidata.org/entity/Q3921705,Prime Nevi,Francesco Filippini (maschio),1889,pittura paesaggistica,Gallerie d'Italia – Milano,Gallerie d'Italia – Milano; Gallerie d'Italia,cielo; montagna; neve; nuvola; luce del giorno; paesaggio; campagna; erba,scapigliatura,neve,115.0,80.0
http://www.wikidata.org/entity/Q3921912,Primo trittico di Valle Castellana,Carlo Crivelli (maschio),1472,arte religiosa,pinacoteca civica,pinacoteca civica,Maria; donna; ragazzo; san Sebastiano; Bambino Gesù,,,207.0,145.0
http://www.wikidata.org/entity/Q3925592,Punizione dei bestemmiatori,Andrea del Sarto (maschio),1510,,chiostrino dei Voti,basilica della Santissima Annunziata,,Alto Rinascimento,,360.0,300.0
http://www.wikidata.org/entity/Q3937643,Ritratto di Paolo III,Tiziano Vecellio (maschio),1543,ritratto,Museo nazionale di Capodimonte,Museo nazionale di Capodimonte,papa Paolo III,pittura veneta,papa Paolo III,106.0,85.0
http://www.wikidata.org/entity/Q3948701,Sant'Andrea,Jusepe de Ribera (maschio),1620,arte religiosa,Quadreria dei Girolamini,Quadreria dei Girolamini,Andrea,,Andrea,136.0,112.0
http://www.wikidata.org/entity/Q3947723,San Nicola in gloria,,1527,arte religiosa,chiesa di Santa Maria dei Carmini,chiesa di Santa Maria dei Carmini,Giovanni Battista; Nicola di Bari; Santa Lucia,,,335.0,188.0
http://www.wikidata.org/entity/Q3947812,San Pietro che resuscita Tabitha,Fabrizio Santafede (maschio),1611,arte religiosa,Pio Monte della Misericordia,Pio Monte della Misericordia,Pietro,,,306.0,205.0
http://www.wikidata.org/entity/Q3948034,San Vitale e il cavallo,Parmigianino (maschio),1523,arte religiosa,abbazia di San Giovanni Evangelista,abbazia di San Giovanni Evangelista,Equus ferus caballus,Alto Rinascimento,,,
http://www.wikidata.org/entity/Q3948651,Sant'Agata e il carnefice,Parmigianino (maschio),1523,arte religiosa,abbazia di San Giovanni Evangelista,abbazia di San Giovanni Evangelista,Sant'Agata,Alto Rinascimento,,,
http://www.wikidata.org/entity/Q3949208,Santa Monica in trono con le suore agostiniane,Francesco Botticini (maschio),1450 | 1475 | 1478,arte religiosa,basilica di Santo Spirito; cappella Bini-Capponi,basilica di Santo Spirito,Gesù; Maria; unicorno; bambino; preghiera; Risurrezione di Gesù; trono; monaca; santa Monica; cimiero,,santa Monica,,
http://www.wikidata.org/entity/Q3949310,Sante Lucia e Apollonia,Parmigianino (maschio),1523,arte religiosa,abbazia di San Giovanni Evangelista,abbazia di San Giovanni Evangelista,Santa Lucia; Apollonia di Alessandria,Alto Rinascimento,,,
http://www.wikidata.org/entity/Q3949373,Santi Stefano e Lorenzo,Parmigianino (maschio),1523,arte religiosa,abbazia di San Giovanni Evangelista,abbazia di San Giovanni Evangelista,San Lorenzo; Stefano,Alto Rinascimento,,,
http://www.wikidata.org/entity/Q3949458,Santissimo Crocifisso di Marino,,,,chiesa della Santissima Trinità,,,,,,
http://www.wikidata.org/entity/Q3949459,Santissimo Crocefisso del Miracolo,,,,,,,,,,
http://www.wikidata.org/entity/Q3937080,Rissa in galleria,Umberto Boccioni (maschio),1910,arte di genere,Pinacoteca di Brera,Pinacoteca di Brera,Galleria Vittorio Emanuele II,futurismo,,76.0,64.0
http://www.wikidata.org/entity/Q3937438,Ritratto del vescovo Bernardo de' Rossi,,1505,ritratto,Museo nazionale di Capodimonte,Museo nazionale di Capodimonte,Bernardo de' Rossi,,Bernardo de' Rossi,55.0,43.5
http://www.wikidata.org/entity/Q3937502,Ritratto di Cosimo il Vecchio,Pontormo (maschio),1510,ritratto,,Palazzo degli Uffizi,Cosimo de' Medici,,Cosimo de' Medici,87.0,67.0
http://www.wikidata.org/entity/Q3937511,Ritratto di Eleonora Gonzaga della Rovere,Tiziano Vecellio (maschio),1537,ritratto,,Palazzo degli Uffizi,Eleonora Gonzaga della Rovere,pittura veneta,Eleonora Gonzaga della Rovere,114.0,102.0
http://www.wikidata.org/entity/Q3937547,Ritratto di Giovanni Carlo Doria a cavallo,Peter Paul Rubens (maschio),1606,ritratto equestre,Führermuseum; Gallerie Nazionali di Palazzo Spinola; Munich Central Collecting Point,Palazzo Vecchio; Führermuseum; Munich Central Collecting Point; Gallerie Nazionali di Palazzo Spinola,Equus ferus caballus; equitazione; sguardo rivolto verso l'osservatore; Giovanni Carlo Doria,,,265.0,188.0
http://www.wikidata.org/entity/Q3937553,Ritratto di Giulia Varano,Tiziano Vecellio (maschio),1546,ritratto,Galleria Palatina,Galleria Palatina,Giulia Varano,pittura veneta,Giulia Varano,113.0,87.0
http://www.wikidata.org/entity/Q3937561,Ritratto di Giulio Clovio,El Greco (maschio),1571,ritratto,Museo nazionale di Capodimonte,Museo nazionale di Capodimonte,Giulio Clovio,manierismo,Giulio Clovio,56.0,86.0
http://www.wikidata.org/entity/Q3937569,Ritratto di Ippolito de' Medici,Tiziano Vecellio (maschio),1532,ritratto,Sala di Marte,Galleria Palatina,Ippolito de' Medici,pittura veneta,Ippolito de' Medici,139.0,107.0
http://www.wikidata.org/entity/Q3937598,Ritratto di Lucina Brembati,,1520,ritratto,Accademia Carrara,Accademia Carrara,donna,pittura rinascimentale italiana; Alto Rinascimento,donna,52.6,44.8
http://www.wikidata.org/entity/Q3937634,Ritratto di Mosè Bianchi,Pompeo Mariani (maschio),1900,ritratto,Musei Civici di Monza,Musei Civici di Monza,Mosè Bianchi,,Mosè Bianchi,131.0,89.0
http://www.wikidata.org/entity/Q3947288,San Girolamo,Filippino Lippi (maschio),1493,arte religiosa,Palazzo degli Uffizi,Palazzo degli Uffizi,Sofronio Eusebio Girolamo,,San Girolamo nel deserto,136.0,71.0
http://www.wikidata.org/entity/Q3947210,San Giorgio,Andrea Mantegna (maschio),1460,arte religiosa,Gallerie dell'Accademia,Gallerie dell'Accademia,cielo; drago; nuvola; uomo; spada; strada; lancia; san Giorgio; campagna; aureola; biondi; ghirlanda; armatura; chiasmo; muro di cortina,,san Giorgio e il drago,66.0,32.0
http://www.wikidata.org/entity/Q3947211,San Giorgio,Tiziano Vecellio (maschio),1510,arte religiosa,Palazzo Cini,,drago; san Giorgio; san Giorgio e il drago,pittura veneta; Alto Rinascimento,san Giorgio e il drago,128.0,67.0
http://www.wikidata.org/entity/Q3945710,Salomè con la testa del Battista,Bernardino Luini (maschio),1527,arte religiosa,Palazzo degli Uffizi,Palazzo degli Uffizi,donna; Salomè; vassoio; testa umana; Salomè con la testa del Battista,,Salomè con la testa del Battista,51.0,58.0
http://www.wikidata.org/entity/Q3947281,San Giovannino,Andrea del Sarto (maschio),1523,arte religiosa,Sala di Giove,Galleria Palatina,topless; croce cristiana; San Giovannino,Alto Rinascimento,San Giovannino,94.0,68.0
http://www.wikidata.org/entity/Q3947687,San Michele Arcangelo,Marco dal Pino (maschio),1573,arte religiosa,chiesa di Sant'Angelo a Nilo,chiesa di Sant'Angelo a Nilo,Michele,,Michele,325.0,237.0
http://www.wikidata.org/entity/Q3947504,San Luca,Maestro della Maddalena (maschio),1300,arte religiosa,A3 Pittura del Duecento,Palazzo degli Uffizi,Luca,,,132.0,50.0
http://www.wikidata.org/entity/Q3946910,San Cristoforo,Tiziano Vecellio (maschio),1523,arte religiosa,Palazzo Ducale,Palazzo Ducale,ragazzo; San Cristoforo; Bambino Gesù,pittura veneta; Alto Rinascimento,San Cristoforo,310.0,186.0
http://www.wikidata.org/entity/Q3947013,San Domenico,Cosmè Tura (maschio),1475,arte religiosa,Palazzo degli Uffizi,Palazzo degli Uffizi,Domenico di Guzmán,,Domenico di Guzmán,51.0,32.0
http://www.wikidata.org/entity/Q3944499,Sacra Famiglia con una santa,Luca Signorelli (maschio),1490,arte religiosa,Galleria Palatina,Galleria Palatina,Maria; ragazzo; Caterina d'Alessandria; Sacra Famiglia; Bambino Gesù,,Sacra Famiglia,89.0,89.0
http://www.wikidata.org/entity/Q3944515,Sacra conversazione Balbi,Tiziano Vecellio (maschio),1513,arte religiosa,Fondazione Magnani-Rocca,Fondazione Magnani-Rocca,Sacra conversazione; donatore; ritratto del donatore; Bambino Gesù; Maria; Domenico di Guzmán; Caterina d'Alessandria,pittura veneta,Sacra conversazione,138.0,185.0
http://www.wikidata.org/entity/Q3945254,Sala delle Arti liberali e dei Pianeti,Gentile da Fabriano (maschio),1411,,Palazzo Trinci,Palazzo Trinci,,,,,
http://www.wikidata.org/entity/Q3947064,San Filippo risana un lebbroso,Andrea del Sarto (maschio),1509,arte religiosa,chiostrino dei Voti,basilica della Santissima Annunziata,,Alto Rinascimento,,380.0,321.0
http://www.wikidata.org/entity/Q3947277,San Giovanni e l'aquila,Correggio (maschio),1520,arte religiosa,abbazia di San Giovanni Evangelista,abbazia di San Giovanni Evangelista,Giovanni; aquila di San Giovanni,,,79.0,160.0
http://www.wikidata.org/entity/Q3947375,San Jacopo con due fanciulli,Andrea del Sarto (maschio),1528,arte religiosa,Palazzo degli Uffizi,Palazzo degli Uffizi,ragazzo; Giacomo il Maggiore; paesaggio; aureola,Alto Rinascimento,,159.0,86.0
http://www.wikidata.org/entity/Q3954057,Secondo trittico di Valle Castellana,Carlo Crivelli (maschio),1472,arte religiosa,pinacoteca civica,pinacoteca civica,Maria; donna; ragazzo; Bambino Gesù,,,133.0,130.0
http://www.wikidata.org/entity/Q3967206,Sposalizio della Vergine,Franciabigio (maschio),1513,arte religiosa,chiostrino dei Voti,basilica della Santissima Annunziata,Maria; donna,Alto Rinascimento,sposalizio della Vergine,395.0,321.0
http://www.wikidata.org/entity/Q3983114,Temperanza,Piero del Pollaiolo (maschio),1470,allegoria,"Pollaiolo, Sala A10",Palazzo degli Uffizi,acqua; donna; allegoria; sandalo; brocca; abito da donna; trono; posizione seduta; temperanza; catino,Primo Rinascimento,,168.0,90.5
http://www.wikidata.org/entity/Q3982379,Tebaide,Buonamico Buffalmacco (maschio),1336,arte religiosa,Camposanto monumentale,Camposanto monumentale,,,,610.0,1560.0
http://www.wikidata.org/entity/Q3979950,tabernacolo dei Linaioli - aperto,Beato Angelico (maschio); Lorenzo Ghiberti (maschio),1433,arte religiosa,Palazzo degli Uffizi; Museo di San Marco; Residenza dell'Arte dei Linaioli e Rigattieri,Palazzo degli Uffizi; Museo di San Marco,Maria; donna; musica; ragazzo; madre; angelo; Bambino Gesù,,Marco; Pietro; Giovanni Battista; Giovanni; maestà,260.0,330.0
http://www.wikidata.org/entity/Q3979952,tabernacolo del Sacramento eucaristico,Donatello (maschio),1432,arte religiosa,basilica di San Pietro,basilica di San Pietro,Maria; donna; ragazzo; madre; Bambino Gesù,,Madonna col Bambino,228.0,
http://www.wikidata.org/entity/Q3979961,Tabernacolo di Boldrone,Pontormo (maschio),1521,arte religiosa,Accademia delle arti del disegno,Accademia delle arti del disegno,Gesù; Maria; donna; Agostino d'Ippona; uomo; Giovanni,,,307.0,429.0
http://www.wikidata.org/entity/Q3981174,Tarquinio Prisco fonda il tempio di Giove in Campidoglio,Perin del Vaga (maschio),1521,,Palazzo degli Uffizi; Galleria delle pitture e delle statue degli Uffizi,Palazzo degli Uffizi,Campidoglio; Tarquinio il Superbo; Tempio di Giove Ottimo Massimo,,Tarquinio il Superbo; Tempio di Giove Ottimo Massimo,132.0,150.0
http://www.wikidata.org/entity/Q4010476,vetrata del Duomo di Siena,Duccio di Buoninsegna (maschio),1287,arte religiosa,Museo dell'Opera del Duomo,Museo dell'Opera del Duomo,,,,560.0,560.0
http://www.wikidata.org/entity/Q3973584,Stimmate di san Francesco,Tiziano Vecellio (maschio),1525,arte religiosa,Museo regionale Agostino Pepoli,Museo regionale Agostino Pepoli,Stimmate di San Francesco; Francesco d'Assisi,pittura veneta; Alto Rinascimento,Stimmate di San Francesco,281.0,195.0
http://www.wikidata.org/entity/Q3974449,Storie dei santi eremiti,Paolo Uccello (maschio),1447,arte religiosa,basilica di San Miniato al Monte,basilica di San Miniato al Monte,,,,,
http://www.wikidata.org/entity/Q3984830,Tersicore,Angelo Maccagnino (maschio),1460,pittura mitologica,Museo Poldi Pezzoli,Museo Poldi Pezzoli,,,,118.0,81.0
http://www.wikidata.org/entity/Q3985472,Thalia,Michele Pannonio (maschio),1456,pittura mitologica,Museo di Belle Arti di Budapest,Museo di Belle Arti di Budapest,,,,137.0,82.0
http://www.wikidata.org/entity/Q3992111,Tobia e l'angelo,Giovanni Gerolamo Savoldo (maschio),1542,arte religiosa,Galleria Borghese,Collezione Borghese,Tobia,,Tobia e l'angelo,96.0,124.0
http://www.wikidata.org/entity/Q3985169,Testa di Cristo,Leonardo da Vinci (maschio),1494,arte religiosa,Pinacoteca di Brera,Pinacoteca di Brera,Gesù; uomo,rinascimento italiano,Gesù,40.0,32.0
http://www.wikidata.org/entity/Q3985186,Testa di pastore,Giotto (maschio),1315,ritratto,Galleria dell'Accademia,Galleria dell'Accademia,,protorinascimento,,250.0,135.0
http://www.wikidata.org/entity/Q3994163,Torneo-battaglia di Louvezerp,Pisanello (maschio),1436,,Palazzo Ducale,Palazzo Ducale,,,,,
http://www.wikidata.org/entity/Q4010941,Viaggio dei Magi,Andrea del Sarto (maschio),1511,arte religiosa,chiostrino dei Voti,basilica della Santissima Annunziata,Magi,Alto Rinascimento,viaggio dei Magi,407.0,321.0
http://www.wikidata.org/entity/Q3997723,Trasfigurazione di Cristo,Giovanni Bellini (maschio),1478,arte religiosa,Museo nazionale di Capodimonte,Museo nazionale di Capodimonte,Gesù; Mosè; Elia; trasfigurazione di Gesù,,trasfigurazione di Gesù,115.0,152.0
http://www.wikidata.org/entity/Q3998940,Trionfo della Morte,Buonamico Buffalmacco (maschio),1336,arte religiosa,Camposanto monumentale,Camposanto monumentale,Trionfo della Morte,,,560.0,1500.0
http://www.wikidata.org/entity/Q3999095,Trittico dei Frari,Giovanni Bellini (maschio),1488,arte religiosa,Basilica di Santa Maria Gloriosa dei Frari,Basilica di Santa Maria Gloriosa dei Frari,Maria; donna; ragazzo; madre; Pietro; Benedetto da Norcia; Marco; Nicola di Bari; Bambino Gesù; musicista; angelo; Madonna col Bambino,,Sacra conversazione; Madonna col Bambino,184.0,79.0
http://www.wikidata.org/entity/Q3999094,Trittico Raspa,Gerolamo Giovenone (maschio),1516,arte religiosa,chiesa di San Bartolomeo,chiesa di San Bartolomeo,Maria; donna; ragazzo; Bambino Gesù; Madonna del Latte; Madonna col Bambino,,Madonna del Latte,210.0,206.0
http://www.wikidata.org/entity/Q4006302,Urania,,1450,pittura mitologica,Palazzo dei Diamanti,Palazzo dei Diamanti,,,,123.6,71.9
http://www.wikidata.org/entity/Q7232305,Ritratto di Pietro Aretino,Tiziano Vecellio (maschio),1545,ritratto,Sala di Venere,Galleria Palatina,Pietro Aretino,pittura veneta,Pietro Aretino,96.7,77.6
http://www.wikidata.org/entity/Q7232287,Ritratto di giovinetta,Tiziano Vecellio (maschio),1545,ritratto,Museo nazionale di Capodimonte,Museo nazionale di Capodimonte,Lavinia Vecellio,pittura veneta,Lavinia Vecellio,85.0,75.0
http://www.wikidata.org/entity/Q7232252,Ritratto di Andrea Doria,Sebastiano del Piombo (maschio),1526,ritratto,Villa del Principe,Galleria Doria Pamphilj,Andrea Doria,Alto Rinascimento,Andrea Doria,153.0,107.0
http://www.wikidata.org/entity/Q4014547,Virgo advocata,Antonello da Messina (maschio); Jaime Baço (maschio),1450,arte religiosa,sala 0.11 della Pinacoteca Civica di palazzo Volpi,raccolte d'arte della Pinacoteca Civica di Palazzo Volpi,Maria,,,57.3,39.0
http://www.wikidata.org/entity/Q4015931,Vocazione di san Filippo Benizi,Cosimo Rosselli (maschio),1476,arte religiosa,chiostrino dei Voti,basilica della Santissima Annunziata,,,,364.0,303.0
http://www.wikidata.org/entity/Q4015932,Vocazione di san Matteo,Vittore Carpaccio (maschio),1502,arte religiosa,Scuola di San Giorgio degli Schiavoni,Scuola di San Giorgio degli Schiavoni,Matteo; Chiamata di Matteo,,Chiamata di Matteo,141.0,115.0
http://www.wikidata.org/entity/Q12172990,Ritratto di giovane pittore,Fra' Galgario (maschio),1732,ritratto,Accademia Carrara,Accademia Carrara,ragazzo,,ragazzo,76.0,65.0
http://www.wikidata.org/entity/Q5954551,Giudizio di Paride,Sandro Botticelli (maschio),1486,pittura mitologica,Palazzo Cini,Galleria di Palazzo Cini; Collezione Vittorio Cini,Era; Afrodite; Atena; Paride,pittura rinascimentale italiana,Giudizio di Paride,81.5,196.5
http://www.wikidata.org/entity/Q5659648,Agar e Ismaele nel deserto,Giambattista Tiepolo (maschio),1730 | 1732,arte religiosa,Scuola Grande di San Rocco,Scuola Grande di San Rocco,Ismaele; angelo; espulsione di Agar e Ismaele,,espulsione di Agar e Ismaele,140.0,120.0
http://www.wikidata.org/entity/Q6696013,Ritratto lucano,Leonardo da Vinci (maschio),1505,ritratto; autoritratto,Vaglio Basilicata,museo delle antiche genti di Lucania,Leonardo da Vinci,,Leonardo da Vinci,44.0,60.0
http://www.wikidata.org/entity/Q15008032,Festino degli dei,Giovanni Bellini (maschio); Tiziano Vecellio (maschio),1514 | 1529,pittura mitologica,National Gallery of Art,National Gallery of Art,,pittura veneta; Alto Rinascimento,,170.2,188.0
http://www.wikidata.org/entity/Q15157527,Iscrizione di san Clemente e Sisinnio,,,arte religiosa,basilica di San Clemente al Laterano,,,,,,
http://www.wikidata.org/entity/Q16536592,Capriccio con edifici palladiani,Canaletto (maschio),1756 | 1759,capriccio,Galleria nazionale di Parma,Galleria nazionale di Parma,ponte di Rialto,,,60.5,82.0
http://www.wikidata.org/entity/Q16467999,Ritratto dell'ambasciatore Gabriel de Luetz d'Aramont,Tiziano Vecellio (maschio),1541,ritratto,Pinacoteca del Castello Sforzesco,Pinacoteca del Castello Sforzesco,Gabriel de Luetz,pittura veneta,Gabriel de Luetz,76.0,74.0
http://www.wikidata.org/entity/Q16543332,Compianto sul Cristo morto,Paolo Veronese (maschio),1540,arte religiosa,Museo di Castelvecchio,chiesa di Santa Maria della Vittoria Nuova; Museo di Castelvecchio,Gesù; donna; Maria; uomo; Maria Maddalena; paesaggio; Calvario; Giuseppe di Arimatea; Nicodemo; Compianto sul Cristo morto,pittura veneta; manierismo,Compianto sul Cristo morto,76.0,117.0
http://www.wikidata.org/entity/Q16549203,Deposizione dalla croce,Federico Barocci (maschio),1568,arte religiosa,cattedrale di San Lorenzo,cattedrale di San Lorenzo,Gesù; deposizione di Gesù,,deposizione di Gesù,412.0,232.0
http://www.wikidata.org/entity/Q7401482,San Giovanni Battista,Tiziano Vecellio (maschio),1540,arte religiosa,,Gallerie dell'Accademia,fiume; Giovanni Battista; paesaggio; Wilderness (ecologia); agnello,pittura veneta,,201.0,134.0
http://www.wikidata.org/entity/Q7750471,Martirio di san Lorenzo,Tiziano Vecellio (maschio),1558,arte religiosa,chiesa di Santa Maria Assunta detta I Gesuiti,chiesa di Santa Maria Assunta detta I Gesuiti,San Lorenzo,pittura veneta,,493.0,277.0
http://www.wikidata.org/entity/Q11769022,Santa Maria Maddalena,Jacopo Tintoretto (maschio),1580,arte religiosa,Scuola Grande di San Rocco,Scuola Grande di San Rocco,donna; libro; albero; capelli lunghi; Maria Maddalena; lettura; corso d'acqua; aureola; posizione seduta; riviera,pittura veneta; manierismo,Maria Maddalena,425.0,209.0
http://www.wikidata.org/entity/Q11694943,Il doge Antonio Grimani in adorazione davanti alla Fede e san Marco in gloria,Tiziano Vecellio (maschio); Marco Vecellio (maschio),1555,arte religiosa,Sala delle Quattro Porte,Palazzo Ducale,Antonio Grimani,pittura veneta,,365.0,500.0
http://www.wikidata.org/entity/Q11753618,Leda e il cigno,Jacopo Tintoretto (maschio),1550,nudo artistico; pittura mitologica,Palazzo degli Uffizi,Palazzo degli Uffizi,gatto domestico; cane; donna; Giove; Psittacidi; mammella; nudità; cigno; Zeus; ombelico; collaboratore domestico; gabbia; Leda; collana; abito da donna; braccialetto; biondi; gimnopodismo; posizione seduta; Leda e il cigno; panneggio; semisdisteso,pittura veneta; manierismo,Leda e il cigno,167.0,221.0
http://www.wikidata.org/entity/Q7401416,San Girolamo penitente (Tiziano Brera),Tiziano Vecellio (maschio),1558,arte religiosa,Pinacoteca di Brera,Pinacoteca di Brera,Sofronio Eusebio Girolamo,pittura veneta,San Girolamo nel deserto,235.0,125.0
http://www.wikidata.org/entity/Q7720644,Sepoltura e gloria di santa Petronilla,Guercino (maschio),1623,arte religiosa,Musei capitolini,Musei capitolini,Santa Petronilla,,,7200.0,4230.0
http://www.wikidata.org/entity/Q7885787,Scoperta del cadavere di Oloferne,Sandro Botticelli (maschio),1470,arte religiosa,Palazzo degli Uffizi,Palazzo degli Uffizi,Equus ferus caballus; cielo; mattino; uomo; sangue; nudità; letto; cadavere; militare; paura; lenzuolo; sorpresa; scoperta; panneggio; Oloferne; decubito,Primo Rinascimento,,31.0,24.0
http://www.wikidata.org/entity/Q7920573,Venere che benda amore,Tiziano Vecellio (maschio),1565,pittura mitologica,Galleria Borghese,Collezione Borghese; Galleria Borghese,Cupido; Venere,pittura veneta,,118.0,185.0
http://www.wikidata.org/entity/Q9387722,Il popolo d'Israele nel deserto,Jacopo Tintoretto (maschio),1593,arte religiosa,basilica di San Giorgio Maggiore,basilica di San Giorgio Maggiore,donna; uomo; Mosè; martello; secchio; Aronne; incudine; Elia; manna; asino,pittura veneta; manierismo,caduta della manna,377.0,576.0
http://www.wikidata.org/entity/Q15982437,Nozze di Bacco e Arianna,Cima da Conegliano (maschio),1504,pittura mitologica,Museo Poldi Pezzoli,Museo Poldi Pezzoli,Arianna; Bacco,,,38.2,30.8
http://www.wikidata.org/entity/Q15974347,Pala dei tre arcangeli,Marco d'Oggiono (maschio),1516,arte religiosa,Pinacoteca di Brera,Pinacoteca di Brera,Michele; Raffaele; Gabriele; Lucifero,Alto Rinascimento,,255.0,190.0
http://www.wikidata.org/entity/Q16167039,ante dell'organo della chiesa di San Giovanni Evangelista,Il Moretto (maschio),1535,,chiesa di San Giovanni Evangelista,,,,,443.0,231.0
http://www.wikidata.org/entity/Q16564738,Il Battesimo di Cristo,Battistello Caracciolo (maschio),1610,arte religiosa,Quadreria dei Girolamini,Quadreria dei Girolamini,Gesù; Giovanni Battista; battesimo di Gesù,,battesimo di Gesù,136.0,113.0
http://www.wikidata.org/entity/Q16573223,Lo staffato,Giovanni Fattori (maschio),1880,,Galleria d'arte moderna di Firenze,Galleria d'arte moderna di Firenze,cavaliere,,,90.0,130.0
http://www.wikidata.org/entity/Q16574865,Madonna di San Bernardino,Guido da Siena (maschio); Dietisalvi di Speme (maschio),1262,arte religiosa,Pinacoteca nazionale di Siena,Pinacoteca nazionale di Siena,Maria; donna; ragazzo; Bambino Gesù,,Maria; Madonna col Bambino,142.0,100.0
http://www.wikidata.org/entity/Q16585848,Pala Bevilacqua-Lazise,Paolo Veronese (maschio),1548,arte religiosa,Museo di Castelvecchio,Museo di Castelvecchio,Maria; Sacra conversazione; Bambino Gesù,manierismo,Sacra conversazione,223.0,172.0
http://www.wikidata.org/entity/Q16585871,Pala di San Domenico,,,,,,,,,,
http://www.wikidata.org/entity/Q16596967,Ritratto della contessina Antonietta Negroni Prati Morosini bambina,Francesco Hayez (maschio),1858,ritratto,Galleria d'arte moderna di Milano,Galleria d'arte moderna di Milano,Antonietta Negroni Prati Morosini,,,133.5,110.0
http://www.wikidata.org/entity/Q16608187,Sposalizio mistico di santa Caterina da Siena,Domenico Beccafumi (maschio),1528,arte religiosa,Palazzo Chigi-Saracini,Collezione Chigi Saracini,Caterina da Siena; sposalizio mistico di santa Caterina,,sposalizio mistico di santa Caterina,310.0,230.0
http://www.wikidata.org/entity/Q16621939,San Francesco riceve le stigmate,El Greco (maschio),1575,arte religiosa,Accademia Carrara,Accademia Carrara; Collezione Lochis,paesaggio; frate converso; Francesco d'Assisi; Stimmate di San Francesco,,Stimmate di San Francesco,40.0,53.0
http://www.wikidata.org/entity/Q16620779,Vergine con bambino,Giovanni Bellini (maschio),1475,arte religiosa,Museo di Castelvecchio,Museo di Castelvecchio,Maria; Bambino Gesù,,Madonna col Bambino,77.0,57.0
http://www.wikidata.org/entity/Q17638342,Parma abbraccia Alessandro Farnese,Girolamo Mazzola Bedoli (maschio),1556,,Galleria nazionale di Parma,Galleria nazionale di Parma,,,,150.0,117.0
http://www.wikidata.org/entity/Q18226128,Autoritratto,Rembrandt (maschio),1669,autoritratto,Palazzo degli Uffizi,Palazzo degli Uffizi,Rembrandt,,Rembrandt,74.0,55.0
http://www.wikidata.org/entity/Q17652075,Sacra Famiglia con sant'Anna e san Giovannino,Bernardino Luini (maschio),1525,arte religiosa,Pinacoteca Ambrosiana,Pinacoteca Ambrosiana,Maria; fiore; San Giuseppe; Sant'Anna; Bambino Gesù; Sacra Famiglia; benedizione; San Giovannino,,Sacra Famiglia,118.0,92.0
http://www.wikidata.org/entity/Q18385026,Butteri,Giovanni Fattori (maschio),1893,,"Museo civico ""Giovanni Fattori""","Museo civico ""Giovanni Fattori""",buttero,Macchiaioli,,200.0,300.0
http://www.wikidata.org/entity/Q18688370,Ritratto di Urbano VIII,Pietro da Cortona (maschio),1625,ritratto,Musei capitolini,Musei capitolini,papa Urbano VIII,pittura barocca,papa Urbano VIII,199.0,128.0
http://www.wikidata.org/entity/Q18578019,L'Ortolano,Giuseppe Arcimboldo (maschio),1587,,Museo civico Ala Ponzone,Museo civico Ala Ponzone,,,,36.0,24.0
http://www.wikidata.org/entity/Q19966606,Sposalizio della Vergine,Romanino (maschio),1540,arte religiosa,Collezione d'arte del Banco di Brescia,Banco di Brescia; Collezione d'arte del Banco di Brescia,sposalizio della Vergine,,sposalizio della Vergine,214.0,170.0
http://www.wikidata.org/entity/Q19947640,Ritratto di gentiluomo,Altobello Melone (maschio),1513,ritratto,Accademia Carrara,Accademia Carrara; Collezione Lochis,Cesare Borgia,,Cesare Borgia,58.1,48.2
http://www.wikidata.org/entity/Q19966608,Sposalizio mistico di santa Caterina,Parmigianino (maschio),1524,arte religiosa,Galleria nazionale di Parma,Galleria nazionale di Parma,sposalizio mistico di santa Caterina,,nozze mistiche di Santa Caterina d'Alessandria,74.0,117.0
http://www.wikidata.org/entity/Q19966565,Cristo incoronato di spine,Annibale Carracci (maschio); Ludovico Carracci (maschio),1596,arte religiosa,Pinacoteca Nazionale di Bologna,Pinacoteca Nazionale di Bologna,Gesù,,Gesù,60.0,69.5
http://www.wikidata.org/entity/Q19882485,Ritratto di papa Urbano VIII,Gian Lorenzo Bernini (maschio),1631,ritratto,Palazzo Barberini,Galleria nazionale d'arte antica,papa Urbano VIII,barocco,papa Urbano VIII,67.0,50.0
http://www.wikidata.org/entity/Q19660300,Il Canal Grande da Ca' Foscari verso il ponte di Rialto,Canaletto (maschio),1727,vedutismo,Accademia Carrara,Accademia Carrara; Collezione Lochis,Venezia; Canal Grande; Palazzo Balbi,,,61.0,90.0
http://www.wikidata.org/entity/Q19681559,Il Rio dei Mendicanti e la Scuola di San Marco,Bernardo Bellotto (maschio),1740,vedutismo,,Gallerie dell'Accademia,ponte; canale artificiale; gondola; Scuola Grande di San Marco; gondoliere,,,42.0,69.0
http://www.wikidata.org/entity/Q19681664,Veduta di Gazzada,Bernardo Bellotto (maschio),1744,vedutismo; pittura paesaggistica,Pinacoteca di Brera,Pinacoteca di Brera,Gazzada Schianno; Gazzada,,,84.5,98.5
http://www.wikidata.org/entity/Q19686409,Capriccio con casa rustica in riva alla laguna,Francesco Guardi (maschio),1767,capriccio,Palazzo Cini,Collezione Vittorio Cini,umano; chiesa; rovine; laguna; abitazione rurale,,,97.0,111.0
http://www.wikidata.org/entity/Q19686414,Capriccio con arco classico e capre,Michele Marieschi (maschio),1741,capriccio,Gallerie dell'Accademia,Gallerie dell'Accademia,cielo; albero; capra domestica; rovine; arco trionfale; capriccio,,,55.0,82.0
http://www.wikidata.org/entity/Q19390001,Autoritratto nello studio,Lavinia Fontana (femmina),1579,autoritratto,Corridoio Vasariano,Palazzo degli Uffizi; Corridoio Vasariano,Lavinia Fontana,,Lavinia Fontana,,
http://www.wikidata.org/entity/Q19516146,Ritratto di Giulio II,Raffaello Sanzio (maschio),1512,ritratto,Palazzo degli Uffizi,Palazzo degli Uffizi,papa Giulio II,pittura rinascimentale italiana,papa Giulio II,107.0,80.0
http://www.wikidata.org/entity/Q19060568,Ritratto di Ferdinando IV,Anton Raphael Mengs (maschio),1759,ritratto,Museo nazionale di Capodimonte,Museo nazionale di Capodimonte,Ferdinando I delle Due Sicilie,,Ferdinando I delle Due Sicilie,180.0,126.0
http://www.wikidata.org/entity/Q19060621,Ferdinando IV a cavallo con la corte,Antonio Joli (maschio),1760,pittura storica,Museo nazionale di Capodimonte,Museo nazionale di Capodimonte,Ferdinando I delle Due Sicilie; corte regia,,Ferdinando I delle Due Sicilie,72.0,126.0
http://www.wikidata.org/entity/Q19361572,Autoritratto di Elisabeth Luisa Vigée-Le Brun,Élisabeth Vigée Le Brun (femmina),1790,autoritratto,Palazzo degli Uffizi,Palazzo degli Uffizi,Élisabeth Vigée Le Brun,,Élisabeth Vigée Le Brun,100.0,81.0
http://www.wikidata.org/entity/Q20092785,San Gerolamo,Jacopo Bassano (maschio),1556,arte religiosa,Gallerie dell'Accademia,Gallerie dell'Accademia,Sofronio Eusebio Girolamo,pittura veneta,Sofronio Eusebio Girolamo,119.0,154.0
http://www.wikidata.org/entity/Q21192549,Iscrizione della catacomba di Commodilla,,,,catacombe di Commodilla,,,,,,
http://www.wikidata.org/entity/Q20991673,Autoritratto,Biagio Bellotti (maschio),1784,autoritratto,Padiglione Centrale dell'Ospedale di Busto Arsizio,Quadreria dell'ospedale di Busto Arsizio,libro; tromba; specchio; matita; sedia; compasso; riga; capitello; pennello; lettera; caduceo; squadra; tavolozza; Biagio Bellotti,,Biagio Bellotti,97.0,75.0
http://www.wikidata.org/entity/Q20744065,Autoritratto di Niccolò Musso,Niccolò Musso (maschio),1700,autoritratto,Museo civico di Casale Monferrato,,Niccolò Musso,,Niccolò Musso,,
http://www.wikidata.org/entity/Q20744144,Due pastori di Giuseppe Vermiglio,Giuseppe Vermiglio (maschio),,,Museo civico di Casale Monferrato,,,,,,
http://www.wikidata.org/entity/Q20744173,Ritratto di Garibaldi,Eleuterio Pagliano (maschio),1866,ritratto,Museo civico di Casale Monferrato,,,,,,
http://www.wikidata.org/entity/Q21121896,I santi Fedele da Sigmaringen e Giuseppe da Leonessa calpestano l'Eresia,Giambattista Tiepolo (maschio),1752,arte religiosa,Galleria nazionale di Parma,Galleria nazionale di Parma,Fedele da Sigmaringen; Giuseppe da Leonessa,,,247.0,171.0
http://www.wikidata.org/entity/Q23305501,Autoritratto,Giovanni Battista Salvi (maschio),1646,autoritratto,Palazzo degli Uffizi,Palazzo degli Uffizi,Giovanni Battista Salvi,,Giovanni Battista Salvi,38.0,32.5
http://www.wikidata.org/entity/Q22931136,Auto ritratto,Peder Severin Krøyer (maschio),1888,autoritratto,Palazzo degli Uffizi,Palazzo degli Uffizi,Peder Severin Krøyer,,Peder Severin Krøyer,49.0,41.0
http://www.wikidata.org/entity/Q22917444,Incoronazione della beata Giuliana alla presenza di Sant'Ambrogio,Biagio Bellotti (maschio),1780,arte religiosa,basilica di San Giovanni Battista,basilica di San Giovanni Battista,Maria; Sant'Ambrogio; angelo; pastorale; putto; Sacro Monte di Varese; rosario; Giuliana Puricelli,,,,
http://www.wikidata.org/entity/Q22949398,San Filippo Neri e San Luigi Gonzaga in gloria,Biagio Bellotti (maschio),1750,arte religiosa,battistero San Filippo Neri,Parrocchia di San Giovanni Battista,Filippo Neri; angelo; Luigi Gonzaga,,,268.0,157.0
http://www.wikidata.org/entity/Q22949778,Gloria di San Gregorio magno,Biagio Bellotti (maschio),1740,arte religiosa,chiesa di San Gregorio Magno in Camposanto,,papa Gregorio I,,,,
http://www.wikidata.org/entity/Q22949827,Elia nel deserto svegliato dall'angelo,Biagio Bellotti (maschio),1750,arte religiosa,battistero San Filippo Neri,battistero San Filippo Neri,Elia; angelo,,,,
http://www.wikidata.org/entity/Q22958240,Elia nel deserto svegliato e nutrito dall'angelo,Biagio Bellotti (maschio),1760,arte religiosa,basilica di San Giovanni Battista,basilica di San Giovanni Battista,Elia; angelo,,,,
http://www.wikidata.org/entity/Q23006207,Giuliana distribuisce l'acqua ai pellegrini assetati,Biagio Bellotti (maschio),1760,arte religiosa,Museo di arte sacra di San Michele Arcangelo,Museo di arte sacra di San Michele Arcangelo,secchio; cappello; brocca; Giuliana Puricelli; pellegrino; bordone del pellegrino; pellegrinaggio,,,,
http://www.wikidata.org/entity/Q21666329,Crocifissione e Strage degli Innocenti,Liberato da Rieti (maschio),1441,arte religiosa,Museo civico di Rieti,Museo civico di Rieti,Gesù; crocifissione di Gesù,,crocifissione di Gesù; strage degli innocenti,,
http://www.wikidata.org/entity/Q24050695,Laguna veneziana,Beppe Ciardi (maschio),1921,pittura paesaggistica,Gallerie d'Italia – Milano,Collezioni d'arte della Fondazione Cariplo,Laguna di Venezia,,,35.0,51.0
http://www.wikidata.org/entity/Q24090614,Il Naviglio,Achille Cattaneo (maschio),1925,pittura paesaggistica,Gallerie d'Italia – Milano,Collezioni d'arte della Fondazione Cariplo,navigli di Milano; Naviglio Grande,,,90.0,70.3
http://www.wikidata.org/entity/Q24090610,Veduta dei Navigli,Achille Cattaneo (maschio),1920,pittura paesaggistica,Gallerie d'Italia – Milano,Collezioni d'arte della Fondazione Cariplo,navigli di Milano; Naviglio Grande,,,49.5,56.6
http://www.wikidata.org/entity/Q24091047,L'alzaia del Naviglio Grande a Milano,Achille Cattaneo (maschio),1920,paesaggio urbano,Gallerie d'Italia – Milano,Collezioni d'arte della Fondazione Cariplo,navigli di Milano; Naviglio Grande,,,49.5,60.0
http://www.wikidata.org/entity/Q24091066,interno della chiesa di Sant'Ambrogio,Achille Cattaneo (maschio),1925,,Gallerie d'Italia – Milano,Collezioni d'arte della Fondazione Cariplo,chiesa cattolica; basilica di Sant'Ambrogio,,,89.7,70.0
http://www.wikidata.org/entity/Q24091089,Via San Calimero a Milano,Michele Cascella (maschio),1966,paesaggio urbano,Quadronno; Gallerie d'Italia – Milano,Collezioni d'arte della Fondazione Cariplo,Milano,,,70.0,100.0
http://www.wikidata.org/entity/Q24091112,Il bacino di San Marco a Venezia,Aldo Carpi (maschio),1937,pittura paesaggistica,Gallerie d'Italia – Milano,Collezioni d'arte della Fondazione Cariplo,Venezia; basilica di Santa Maria della Salute; Campanile di San Marco,,,59.8,72.6
http://www.wikidata.org/entity/Q24325684,Ritratto equestre di Filippo IV di Spagna,Juan Bautista Martínez del Mazo (maschio),1635,ritratto equestre,Galleria Palatina,Galleria Palatina,equitazione; Filippo IV di Spagna,,,126.0,91.0
http://www.wikidata.org/entity/Q24933808,Storie della vita di san Benedetto,Antonio Solario (maschio),,,chiostri del monastero dei Santi Severino e Sossio,chiostri del monastero dei Santi Severino e Sossio,Benedetto da Norcia,,Benedetto da Norcia,,
http://www.wikidata.org/entity/Q24938224,Savognino d'inverno,Giovanni Segantini (maschio),1889,pittura paesaggistica,,,Savognin; Paesaggio d'inverno,,,35.0,50.0
http://www.wikidata.org/entity/Q24939660,Interno urbano,Mario Bazzi (maschio),1946,paesaggio urbano,Gallerie d'Italia – Milano,Collezioni d'arte della Fondazione Cariplo,casa,,,34.0,48.4
http://www.wikidata.org/entity/Q24939843,Ritratto di Giulio Romano,Tiziano Vecellio (maschio),1537,ritratto,Palazzo Te,Palazzo Te,piano; basilica palatina di Santa Barbara,pittura veneta,,101.0,85.0
http://www.wikidata.org/entity/Q24939839,Vaso di fiori con sfondo campestre,Leonardo Borgese (maschio),1957,natura morta,Gallerie d'Italia – Milano,Collezioni d'arte della Fondazione Cariplo,fiore; vaso,,,70.0,55.0
http://www.wikidata.org/entity/Q24939884,Sorelle brianzole,Anselmo Bucci (maschio),1932,ritratto,Gallerie d'Italia – Milano,Collezioni d'arte della Fondazione Cariplo,fratello o sorella,,,102.0,73.9
http://www.wikidata.org/entity/Q24940870,Piana d'Abruzzo,Adone Comboni (maschio),1923,pittura paesaggistica,Gallerie d'Italia – Milano,Collezioni d'arte della Fondazione Cariplo,Abruzzo,,,35.0,49.5
http://www.wikidata.org/entity/Q25410292,Monza,Anselmo Bucci (maschio),1951,pittura paesaggistica,Gallerie d'Italia – Milano,Collezioni d'arte della Fondazione Cariplo,Monza,,,119.5,254.0
http://www.wikidata.org/entity/Q25410567,Autunno,Gigi Comolli (maschio),1960,pittura paesaggistica,Gallerie d'Italia – Milano,Collezioni d'arte della Fondazione Cariplo,albero,,,51.0,46.0
http://www.wikidata.org/entity/Q25444052,Visitazione,Jacopo Tintoretto (maschio),1549,arte religiosa,Pinacoteca Nazionale di Bologna,Pinacoteca Nazionale di Bologna,Visitazione della Beata Vergine Maria,,Visitazione della Beata Vergine Maria,240.0,146.0
http://www.wikidata.org/entity/Q25388274,Partita a scacchi fra tra Ruy López de Segura e Leonardo da Cutro,Luigi Mussini (maschio),1883,pittura storica; purismo,Siena,Banca Monte dei Paschi di Siena; museo di San Donato,scacchi; scacchiera; Ruy López de Segura; Giò Leonardo Di Bona; scacco matto,,,77.0,133.0
http://www.wikidata.org/entity/Q26256901,Oratorio di San Giovanni Decollato,Iacopino del Conte (maschio),1541,arte religiosa,,,Gesù; Giovanni Battista,,battesimo di Gesù,,
http://www.wikidata.org/entity/Q26488380,La Chiesa mostra le reliquie della beata,Biagio Bellotti (maschio),1780,,basilica di San Giovanni Battista,basilica di San Giovanni Battista,Chiesa; reliquia,,,,
http://www.wikidata.org/entity/Q27507068,Sant'Eurosia,Biagio Bellotti (maschio),1778,arte religiosa,,,Eurosia di Jaca,,,,
http://www.wikidata.org/entity/Q27504416,Sant'Antonio con il Bambino,Biagio Bellotti (maschio),1767,arte religiosa,chiesa di Sant'Alessandro,chiesa di Sant'Alessandro,Antonio di Padova; Bambino Gesù,,,,
http://www.wikidata.org/entity/Q27650796,Asfissia!,Angelo Morbelli (maschio),1884,,Galleria civica d'arte moderna e contemporanea di Torino,Galleria civica d'arte moderna e contemporanea di Torino,umano; donna,,,159.0,199.5
http://www.wikidata.org/entity/Q27664456,Apparizione della Vergine a San Filippo Neri,Giambattista Tiepolo (maschio),1740,arte religiosa,Camerino,chiesa di San Filippo,Filippo Neri; apparizioni e altre manifestazioni mariane,,,360.0,182.0
http://www.wikidata.org/entity/Q27948860,Ritratto di Alessandro Manzoni,Francesco Hayez (maschio),1841,ritratto,Pinacoteca di Brera,Pinacoteca di Brera,Alessandro Manzoni,,Alessandro Manzoni,117.0,91.0
http://www.wikidata.org/entity/Q27827425,La Primavera di Mario de' Fiori e Filippo Lauri,Mario de' Fiori (maschio); Filippo Lauri (maschio),1659,allegoria,Ariccia,Palazzo Chigi,La primavera,pittura barocca,primavera,150.0,250.0
http://www.wikidata.org/entity/Q27830737,L'Estate di Mario de' Fiori e Carlo Maratta,Carlo Maratta (maschio); Mario de' Fiori (maschio),1659,allegoria,Ariccia,Palazzo Chigi,L'estate,barocco,estate,150.0,250.0
http://www.wikidata.org/entity/Q27955751,Sacra Famiglia con San Giovannino e Santa Maria Maddalena,Jacopo Palma il Vecchio (maschio),1508 | 1512,arte religiosa,Palazzo degli Uffizi,Palazzo degli Uffizi,donna; uomo; Maria Maddalena; Giovanni Battista; Sacra Famiglia; agnello,,Sacra Famiglia,87.0,117.0
http://www.wikidata.org/entity/Q28093447,Enea e Didone si inoltrano verso la grotta,Francesco Solimena (maschio),1712,pittura mitologica,Galleria dell'Eneide; Houston Museum of Fine Arts,Houston Museum of Fine Arts,Cupido; Giunone; Enea; Didone,pittura napoletana,Eneide,303.0,321.0
http://www.wikidata.org/entity/Q28147005,Cristo risorto,Tiziano Vecellio (maschio),1511,arte religiosa,,Palazzo degli Uffizi,Gesù; Risurrezione di Gesù; Stendardo della Resurrezione,pittura veneta; Alto Rinascimento,Risurrezione di Gesù,133.2,83.2
http://www.wikidata.org/entity/Q28113316,Donna con turbante,Ginevra Cantofoli (femmina),1650,ritratto,Galleria nazionale d'arte antica,Galleria nazionale d'arte antica,turbante; Beatrice Cenci; donna giovane,,Beatrice Cenci,64.5,49.0
http://www.wikidata.org/entity/Q28113318,Ritratto di Stefano Colonna,Agnolo Bronzino (maschio),1546,ritratto,Galleria nazionale d'arte antica,Galleria nazionale d'arte antica,armatura; Stefano Colonna di Palestrina,,Stefano Colonna di Palestrina,125.0,95.0
http://www.wikidata.org/entity/Q28229077,Trittico Malvagna,Jan Gossaert (maschio),1514,arte religiosa,Galleria Regionale,Galleria Regionale,Maria; stemma; Bambino Gesù; Madonna col Bambino,,Madonna col Bambino,,
http://www.wikidata.org/entity/Q28466203,Strage degli innocenti,Daniele da Volterra (maschio),1557,arte religiosa,Palazzo degli Uffizi,Palazzo degli Uffizi,strage degli innocenti,,strage degli innocenti,51.0,42.0
http://www.wikidata.org/entity/Q28547106,La cugina Argia,Giovanni Fattori (maschio),1861,ritratto,Galleria d'arte moderna di Firenze,Galleria d'arte moderna di Firenze; Collezione Riccardo Gualino (1910-1930),ragazza,Macchiaioli,ragazza,36.2,29.0
http://www.wikidata.org/entity/Q28668222,Madonna dell'incendio sedato,Tanzio da Varallo (maschio),1614,arte religiosa,basilica di Santa Maria del Colle,basilica di Santa Maria del Colle,,,,289.0,198.0
http://www.wikidata.org/entity/Q28668544,Ritratto di Eleonora de' Medici Duchessa di Mantova,Frans Pourbus il Giovane (maschio),1600,ritratto,Galleria Palatina,Galleria Palatina,Eleonora de' Medici,,Eleonora de' Medici,84.0,67.0
http://www.wikidata.org/entity/Q29997042,Ritratto di neonata nella culla,Lavinia Fontana (femmina),1583,ritratto,Pinacoteca Nazionale di Bologna,Pinacoteca Nazionale di Bologna,neonato,,,113.0,126.0
http://www.wikidata.org/entity/Q29654663,Ritratto di Paolo Morigia,Fede Galizia (femmina),1593,ritratto,Pinacoteca Ambrosiana,Pinacoteca Ambrosiana,Paolo Morigia,manierismo,Paolo Morigia,88.0,79.0
http://www.wikidata.org/entity/Q28798137,Adorazione dei Magi,Bonifacio Veronese (maschio),,arte religiosa,Palazzo Rosso,Musei di Strada Nuova,Adorazione dei Magi; Bambino Gesù,pittura veneta,Adorazione dei Magi,213.0,381.0
http://www.wikidata.org/entity/Q29015025,Betsabea,Artemisia Gentileschi (femmina),1640 | 1645,nudo artistico; arte di genere; arte religiosa,Italia,,donna; nudità; albero; mammella; palazzo; perla; lavaggio; collaboratore domestico; abito da donna; collana; Betsabea; grembiule; colonnina; terrazza; cerchietto; giardino; posizione seduta; gimnopodismo; catino; panneggio; chignon; posizione eretta; capelli castani; castani; insieme di umani; scalino; scialle,,Betsabea al bagno,288.0,228.0
http://www.wikidata.org/entity/Q28803486,Dedalo e Icaro,Andrea Sacchi (maschio),1645,pittura mitologica,Palazzo Rosso,Musei di Strada Nuova,Icaro; Dedalo; panneggio; mito di Icaro e Dedalo,,mito di Icaro e Dedalo,124.5,106.5
http://www.wikidata.org/entity/Q28803514,Cristo della moneta,Antoon van Dyck (maschio),1625,arte religiosa,Musei di Strada Nuova,Musei di Strada Nuova,Gesù; uomo; Date a Cesare quello che è di Cesare e a Dio quello che è di Dio,,,147.0,135.0
http://www.wikidata.org/entity/Q28803759,Dio Padre e un angelo,Guercino (maschio),1620,arte religiosa,Musei di Strada Nuova,Musei di Strada Nuova,Dio Padre; angelo,,Dio Padre,660.0,910.0
http://www.wikidata.org/entity/Q28809144,Clorinda salva Olindo e Sofronia dal rogo,Mattia Preti (maschio),1646,,Musei di Strada Nuova; Palazzo Rosso,Musei di Strada Nuova,Clorinda; Olindo e Sofronia,,Olindo e Sofronia,2480.0,2450.0
http://www.wikidata.org/entity/Q28803484,Ritratto di Paolina Adorno Brignole-Sale,Antoon van Dyck (maschio),1627,ritratto,Palazzo Rosso,Musei di Strada Nuova,Paola Adorno Brignole Sale,,Paola Adorno Brignole Sale,2860.0,1510.0
http://www.wikidata.org/entity/Q28803789,Giovanni Francesco II Brignole-Sale,Hyacinthe Rigaud (maschio),1739,ritratto,Palazzo Rosso,Musei di Strada Nuova,Giovanni Francesco II Brignole Sale,,Giovanni Francesco II Brignole Sale,1010.0,800.0
http://www.wikidata.org/entity/Q28860726,Santi Antonio Abate e Antonio da Padova in adorazione del Gesù Bambino,Giovan Francesco Nagli (maschio),1600,arte religiosa,Museo di Saludecio e del beato Amato,Museo di Saludecio e del beato Amato,,,,177.0,136.0
http://www.wikidata.org/entity/Q28952741,Il Cavaliere in rosa,Giovan Battista Moroni (maschio),1560,ritratto,Palazzo Moroni,Palazzo Moroni,Gian Gerolamo Grumelli,,Gian Gerolamo Grumelli,216.0,123.0
http://www.wikidata.org/entity/Q29114098,Il martirio di San Mamante,Francesco de' Franceschi (maschio),1450,arte religiosa,Museo Correr,Museo Correr,Mamete di Cesarea,,Mamete di Cesarea,,
http://www.wikidata.org/entity/Q30031052,Autoritratto,Innocente Salvini (maschio),1914,autoritratto,palazzo Marliani-Cicogna,Civiche raccolte d'arte di palazzo Marliani-Cicogna,Innocente Salvini,,Innocente Salvini,57.0,54.3
http://www.wikidata.org/entity/Q30135606,Gli amanti veneziani,Paris Bordon (maschio),1527,arte di genere,Pinacoteca di Brera,Pinacoteca di Brera,nozze; coppia; partner; testimone di nozze,pittura rinascimentale italiana,,80.5,86.0
http://www.wikidata.org/entity/Q30032029,Il sogno di una madre,Emilio Magistretti (maschio),1910,,Palazzo Gilardoni,,donna; bambino; cornice; nastro,,,148.0,148.0
http://www.wikidata.org/entity/Q30887689,Venezia,Adriano Spilimbergo (maschio),1950,paesaggio urbano,Gallerie d'Italia – Milano,Collezioni d'arte della Fondazione Cariplo,Venezia,,,60.0,80.5
http://www.wikidata.org/entity/Q30887987,Minerva,Achille Funi (maschio),1940,pittura mitologica,Gallerie d'Italia – Milano,Collezioni d'arte della Fondazione Cariplo,Minerva,,Minerva,292.0,209.5
http://www.wikidata.org/entity/Q30887699,Convento,Antonio Donghi (maschio),1928,,Gallerie d'Italia – Milano,Collezioni d'arte della Fondazione Cariplo,monastero,,,40.0,50.0
http://www.wikidata.org/entity/Q30605361,Susanna e i vecchioni,Onofrio Palumbo (maschio); Artemisia Gentileschi (femmina),1652,arte religiosa,Pinacoteca Nazionale di Bologna,Pinacoteca Nazionale di Bologna,Susanna e i vecchioni,,Susanna e i vecchioni,,
http://www.wikidata.org/entity/Q30880062,Paesaggio lombardo,Giuseppe Ferrata (maschio),1932,pittura paesaggistica,Gallerie d'Italia – Milano,Collezioni d'arte della Fondazione Cariplo,Lombardia,,,48.7,65.0
http://www.wikidata.org/entity/Q30880011,Mattino d'estate sull'Adige,Guido Farina (maschio),1925,paesaggio urbano,Gallerie d'Italia – Milano,Collezioni d'arte della Fondazione Cariplo,Verona; Adige,,,40.3,49.8
http://www.wikidata.org/entity/Q30880678,Assisi - San Damiano. Coretto di Santa Chiara,Andrea Fossombrone (maschio),1963,,Gallerie d'Italia – Milano,Collezioni d'arte della Fondazione Cariplo,chiesa cattolica,,,44.5,55.5
http://www.wikidata.org/entity/Q30880889,Ritratto di vecchio seduto,Giovan Battista Moroni (maschio),1576,ritratto,Accademia Carrara,Accademia Carrara,,,,97.5,81.2
http://www.wikidata.org/entity/Q31559452,Arco trionfale del doge Nicolò Tron,Alvise Vivarini (maschio),1470,,,Gallerie dell'Accademia,stemma; paesaggio; angelo; arco trionfale; corso d'acqua,,,140.0,98.0
http://www.wikidata.org/entity/Q32904769,Madonna con Bambino e santa Caterina d'Alessandria,,1550,arte religiosa,Palazzo degli Uffizi,Palazzo degli Uffizi,Gesù; Maria; Caterina d'Alessandria; Bambino Gesù,manierismo,Madonna col Bambino,75.0,60.0
http://www.wikidata.org/entity/Q40669017,Adorazione dei pastori,Daniele Crespi (maschio),1625,arte religiosa,Pinacoteca del Castello Sforzesco,Pinacoteca del Castello Sforzesco,Maria; pastore; San Giuseppe; putto; Bambino Gesù; culla,,adorazione dei pastori,77.0,141.0
http://www.wikidata.org/entity/Q40691169,Martirio di santo Stefano,Daniele Crespi (maschio),1622,arte religiosa,Pinacoteca del Castello Sforzesco,Pinacoteca del Castello Sforzesco,dio; Gesù; roccia; spada; globo; cherubino; Stefano; folla,,,226.0,165.0
http://www.wikidata.org/entity/Q40695411,Cristo morto adorato da san Domenico di Guzman,Daniele Crespi (maschio),1623,arte religiosa,Italia,basilica di San Giovanni Battista,Gesù; Domenico di Guzmán,,,58.5,142.0
http://www.wikidata.org/entity/Q34215143,Ritratto di Benedetto Landriani,Salvatore Bianchi (maschio),1702,ritratto,Padiglione Centrale dell'Ospedale di Busto Arsizio,Quadreria dell'ospedale di Busto Arsizio,libro; tenda; tovaglia; biglietto; Benedetto Landriani,,Benedetto Landriani,185.0,115.0
http://www.wikidata.org/entity/Q37027223,Adorazione del Bambino,Dosso Dossi (maschio); Battista Dossi (maschio),,arte religiosa,Galleria Estense,Galleria Estense,Maria; Dio Padre; angelo; corona; San Giuseppe; putto; Bambino Gesù,,nascita di Gesù,,
http://www.wikidata.org/entity/Q45361473,Compianto sul Cristo morto,Plautilla Nelli (femmina),1560,arte religiosa,Museo di San Marco,Museo di San Marco,Gesù,manierismo,Compianto sul Cristo morto,288.0,192.0
http://www.wikidata.org/entity/Q42189297,Eleonora di Toledo malata,,1556,ritratto,Museo Bardini,Museo Bardini,Eleonora di Toledo,,Eleonora di Toledo,,
http://www.wikidata.org/entity/Q45381203,Bernardino Campi ritrae Sofonisba Anguissola,,1559,ritratto; autoritratto,Pinacoteca nazionale di Siena,Pinacoteca nazionale di Siena,Sofonisba Anguissola; Bernardino Campi,manierismo,,108.0,109.0
http://www.wikidata.org/entity/Q46998093,Elasticità,Umberto Boccioni (maschio),1912,,Museo del Novecento,Museo del Novecento,,,,,
http://www.wikidata.org/entity/Q46833514,Ritratto del duca Louis de Clève,Jean Clouet (maschio),1530,ritratto,Accademia Carrara,Accademia Carrara; Collezione Lochis,,Rinascimento francese; primitivi fiamminghi,,24.0,20.7
http://www.wikidata.org/entity/Q48808515,Pietà,Cosmè Tura (maschio),1460,arte religiosa,Museo Correr,Museo Correr,Gesù; Pietà,,Pietà,48.0,33.0
http://www.wikidata.org/entity/Q48388241,Ritratto virile,Giovanni Bellini (maschio),1490,ritratto,Pinacoteca capitolina,Musei capitolini,,,uomo,34.0,26.5
http://www.wikidata.org/entity/Q48917755,Vanitas,Mattia Preti (maschio),1650 | 1670,arte religiosa,Palazzo degli Uffizi,Palazzo degli Uffizi,Maria Maddalena,barocco,,93.5,65.0
http://www.wikidata.org/entity/Q49167697,Morte di Lucrezia,Francesco Rustici (maschio),1624 | 1625,pittura storica,Palazzo degli Uffizi,Palazzo degli Uffizi,Lucrezia,barocco,suicidio di Lucrezia,175.0,259.5
http://www.wikidata.org/entity/Q48814933,Ritratto di giovane ignota,Agnolo Bronzino (maschio),1545,ritratto,,Palazzo degli Uffizi,ragazza,,,58.0,46.5
http://www.wikidata.org/entity/Q48927682,Santi Giovanni Evangelista e Francesco,El Greco (maschio),1600,arte religiosa,Palazzo degli Uffizi,Palazzo degli Uffizi,Francesco d'Assisi; Giovanni,manierismo,,110.0,86.5
http://www.wikidata.org/entity/Q49167284,Allegoria della Pittura e Architettura,Francesco Rustici (maschio),1620,allegoria,Palazzo degli Uffizi,Palazzo degli Uffizi,architettura; pittura,barocco,,129.7,97.0
http://www.wikidata.org/entity/Q49167493,Maria Maddalena morente,Francesco Rustici (maschio),1624,arte religiosa,Palazzo degli Uffizi,Palazzo degli Uffizi,Maria Maddalena; Angeli,barocco,,121.0,169.5
http://www.wikidata.org/entity/Q49167869,Ritratto di Jacopo Sansovino,Jacopo Tintoretto (maschio),1566,ritratto,Palazzo degli Uffizi,Palazzo degli Uffizi,Jacopo Sansovino,manierismo; pittura veneta,Jacopo Sansovino,70.0,65.5
http://www.wikidata.org/entity/Q50752920,Giuditta,Jacopo Palma il Vecchio (maschio),1525 | 1528,arte religiosa,Palazzo degli Uffizi,Palazzo degli Uffizi,Giuditta,Rinascimento,Giuditta e Oloferne,90.0,71.0
http://www.wikidata.org/entity/Q50894841,Autoritratto,Antonio Moro (maschio),1558,autoritratto,Palazzo degli Uffizi,Palazzo degli Uffizi,Antonio Moro; pennello,,Antonio Moro,113.0,84.0
http://www.wikidata.org/entity/Q50884435,Sacrificio di Isacco,Alessandro Allori (maschio),1601,arte religiosa,Palazzo degli Uffizi,Palazzo degli Uffizi,Abramo; Isacco,manierismo,Sacrificio di Isacco,94.0,131.0
http://www.wikidata.org/entity/Q51212996,Ritratto di papa Clemente IX,Gian Lorenzo Bernini (maschio),1668,ritratto,Milano,,papa Clemente IX,,papa Clemente IX,,
http://www.wikidata.org/entity/Q50399525,Ratto di Ganimede,Anton Domenico Gabbiani (maschio),1700,pittura mitologica,Palazzo degli Uffizi,Palazzo degli Uffizi,aquila; giovane adulto,,Ganimede rapito da Zeus,123.0,173.0
http://www.wikidata.org/entity/Q50378007,Ritratto di Francesco I de' Medici giovinetto,Agnolo Bronzino (maschio),1551,ritratto,Palazzo degli Uffizi,Palazzo degli Uffizi,Francesco I de' Medici,manierismo,Francesco I de' Medici,38.5,41.5
http://www.wikidata.org/entity/Q50378015,Ritratto di Maria di Cosimo de' Medici,Agnolo Bronzino (maschio),1551,ritratto,Palazzo degli Uffizi,Palazzo degli Uffizi,Maria di Cosimo I de' Medici,manierismo,Maria di Cosimo I de' Medici,52.5,38.0
http://www.wikidata.org/entity/Q50384906,Ritratto di giovane con liuto,Agnolo Bronzino (maschio),1532 | 1540,ritratto,Palazzo degli Uffizi,Palazzo degli Uffizi,uomo; liuto; statua,manierismo,,98.0,82.5
http://www.wikidata.org/entity/Q50422860,Ritratto del papa Sisto IV,Tiziano Vecellio (maschio),1545,ritratto,Palazzo degli Uffizi,Palazzo degli Uffizi,Papa Sisto IV,,Papa Sisto IV,109.5,87.0
http://www.wikidata.org/entity/Q50474718,Allegoria della Felicità,Agnolo Bronzino (maschio),1567,allegoria,Palazzo degli Uffizi,Palazzo degli Uffizi,donna,manierismo,,40.0,30.0
http://www.wikidata.org/entity/Q50840293,Ritratto di un dotto,Giovan Battista Moroni (maschio),1550 | 1553,ritratto,Palazzo degli Uffizi,Palazzo degli Uffizi,umano,,,71.0,56.0
http://www.wikidata.org/entity/Q50846578,Allegoria della Toscana,Sebastiano Ricci (maschio),1706 | 1707,allegoria,Palazzo degli Uffizi,Palazzo degli Uffizi,,rococò,,90.0,70.5
http://www.wikidata.org/entity/Q50880887,Uomo in armatura,Tiziano Vecellio (maschio),1530,ritratto,Pinacoteca Ambrosiana,Pinacoteca Ambrosiana,uomo; Gregorio Vecellio,pittura veneta,uomo; Gregorio Vecellio,65.0,58.0
http://www.wikidata.org/entity/Q50939921,Cercatrice di pulci,Giuseppe Maria Crespi (maschio),1710 | 1730,ritratto,Palazzo degli Uffizi,Palazzo degli Uffizi,donna,,,46.5,34.0
http://www.wikidata.org/entity/Q51726313,Cucendo la vela,Joaquín Sorolla (maschio),1896,arte di genere,Galleria internazionale d'arte moderna,Galleria internazionale d'arte moderna,donna; vela; cucito,,cucito,220.0,302.0
http://www.wikidata.org/entity/Q51918916,Camerino delle Duchesse,Camillo Filippi (maschio),1555,,Palazzo Municipale,,,,,,
http://www.wikidata.org/entity/Q52084102,Autoritratto a 71 anni,Francesco Hayez (maschio),1862,autoritratto,Corridoio Vasariano,Palazzo degli Uffizi,Francesco Hayez,,Francesco Hayez,125.5,101.5
http://www.wikidata.org/entity/Q52735921,Ritorno dai campi,Vincenzo Cabianca (maschio),1862,arte di genere,Livorno,,umano; ragazza; carro,,,75.0,151.0
http://www.wikidata.org/entity/Q52155208,Autoritratto,Carlo Maratta (maschio),1682,autoritratto,Palazzo degli Uffizi,Palazzo degli Uffizi,Carlo Maratta,,Carlo Maratta,72.5,58.5
http://www.wikidata.org/entity/Q52157937,Autoritratto,John Singer Sargent (maschio),1906,autoritratto,Corridoio Vasariano,Palazzo degli Uffizi; Corridoio Vasariano,John Singer Sargent,,John Singer Sargent,70.0,53.0
http://www.wikidata.org/entity/Q52329690,Autoritratto,Vittorio Matteo Corcos (maschio),1913,autoritratto,deposito del museo,Palazzo degli Uffizi,Vittorio Matteo Corcos,,Vittorio Matteo Corcos,55.5,48.0
http://www.wikidata.org/entity/Q52217967,Gli emigranti,Raffaello Gambogi (maschio),1893,,"Museo civico ""Giovanni Fattori""","Museo civico ""Giovanni Fattori""",emigrazione italiana,Postmacchiaioli,,150.0,197.0
http://www.wikidata.org/entity/Q52155641,Autoritratto con ombrello verde,Elisabeth Chaplin (femmina),1907,autoritratto,Galleria d'arte moderna di Firenze,Galleria d'arte moderna di Firenze,Elisabeth Chaplin,,Elisabeth Chaplin,89.0,60.0
http://www.wikidata.org/entity/Q54086391,Ecce Homo,Lodovico Cigoli (maschio),1607,arte religiosa,Galleria Palatina; Sala di Ulisse,Galleria Palatina,Gesù; uomo; Ecce Homo,,Ecce Homo,175.0,135.0
http://www.wikidata.org/entity/Q53940665,"Madonna con il Bambino, santi Pietro e Paolo e un angelo",,1545,arte religiosa,chiesa di Santo Spirito,,,,,299.0,305.0
http://www.wikidata.org/entity/Q53560123,Sant'Ambrogio,Giusto de' Menabuoi (maschio),1363,arte religiosa,Pinacoteca Nazionale di Bologna,collezione Francesco Arcangeli,Sant'Ambrogio,,Sant'Ambrogio,29.3,19.0
http://www.wikidata.org/entity/Q54811281,Lapidazione di santo Stefano,,1516,arte religiosa,Accademia Carrara,,Stefano,,lapidazione di santo Stefano,51.0,97.0
http://www.wikidata.org/entity/Q54625897,La cacciata dei profanatori dal tempio,Lattanzio Querena (maschio),1813,,chiesa di San Luigi Gonzaga,,,,,330.0,540.0
http://www.wikidata.org/entity/Q55177712,Ecce Homo,Antonio Ciseri (maschio),1900,arte religiosa,Galleria d'arte moderna di Firenze,Galleria d'arte moderna di Firenze,Gesù; uomo; Ponzio Pilato; Ecce Homo,,Ecce Homo,380.0,292.0
http://www.wikidata.org/entity/Q55814015,Levata del Sole allo Spluga,Carlo Bazzi (maschio),1900,paesaggio marino; pittura paesaggistica,,,mattino; Sole; cielo; montagna; lago; imbarcazione; levata del Sole; pescatore; prospettiva aerea; caligine; albero; controluce; barca a vela; riflessione speculare; fonte di luce,impressionismo; post-impressionismo; naturalismo,lago; levata del Sole; Passo dello Spluga; Lago di Montespluga,145.0,97.0
http://www.wikidata.org/entity/Q56043344,Ritratto di Francesco Maria II della Rovere,Federico Barocci (maschio),1572,ritratto,Palazzo degli Uffizi,Palazzo degli Uffizi,scudo; armatura; Borgognotta; Francesco Maria II della Rovere,,Francesco Maria II della Rovere,113.0,93.0
http://www.wikidata.org/entity/Q56149824,La morte del pulcino,Antonio Rotta (maschio),1878,arte di genere,Museo d'arte moderna e contemporanea di Trento e Rovereto,Museo d'arte moderna e contemporanea di Trento e Rovereto,,realismo,,61.5,52.5
http://www.wikidata.org/entity/Q56062483,Ulisse e Diomede nella tenda di Reso,Corrado Giaquinto (maschio),,pittura mitologica,Pinacoteca metropolitana di Bari,Pinacoteca metropolitana di Bari,Ulisse; letto; Traci; tenda; torcia; Diomede; Reso; accampamento militare; auriga; panneggio,,,128.0,98.0
http://www.wikidata.org/entity/Q56258104,"''Cristo in Gloria, San Marco e Carlo Borromeo, la Fede, il Consiglio, Benaco con i frutti del lago'' (Dipinto a soffitto di Andrea Bertanza)",,1617,,,,,,,,
http://www.wikidata.org/entity/Q56258413,dipinti di Felice Boscarati (Situati presso l'ingresso del Municipio),,,,,,,,,,
http://www.wikidata.org/entity/Q56323673,Annunciazione,Giovanni Battista Pittoni (maschio),1757,arte religiosa,Gallerie dell'Accademia,Gallerie dell'Accademia,Maria; Gabriele; Annunciazione,,Annunciazione,153.0,205.0
http://www.wikidata.org/entity/Q56318135,Velario del Sanquirico,Alessandro Sanquirico (maschio),1813,,Teatro Sociale,,Plinio il Vecchio; eruzione del Vesuvio del 79; schiavo; soldato,,,,
http://www.wikidata.org/entity/Q56323639,Bacco e Arianna del Senato,Giovanni Battista Pittoni (maschio),,pittura mitologica,Palazzo Madama,Senato della Repubblica,Arianna; Bacco,,,,
http://www.wikidata.org/entity/Q56323645,Crasso saccheggia il tempio di Gerusalemme,Giovanni Battista Pittoni (maschio),1743,,Gallerie dell'Accademia,Gallerie dell'Accademia,,,,54.0,72.0
http://www.wikidata.org/entity/Q56417895,Ritratto di Luther,,1529,ritratto,,Palazzo degli Uffizi,Martin Lutero,rinascimento tedesco,Martin Lutero,36.5,23.0
http://www.wikidata.org/entity/Q56417994,Ritratto di Caterina Bora,,1529,ritratto,Palazzo degli Uffizi,Palazzo degli Uffizi,Katharina von Bora,rinascimento tedesco,Katharina von Bora,37.0,23.0
http://www.wikidata.org/entity/Q56538353,Ritratto di bambina di casa Redetti,Giovan Battista Moroni (maschio),1570,ritratto,Accademia Carrara,,ragazza,,,43.3,33.2
http://www.wikidata.org/entity/Q56599032,Dipinti di arte urbana,,,,,,,,,,
http://www.wikidata.org/entity/Q57530584,San Domenico,Tiziano Vecellio (maschio),1565,arte religiosa,Galleria Borghese,Galleria Borghese,Domenico di Guzmán; sacerdote,pittura veneta; pittura rinascimentale italiana,Domenico di Guzmán,97.0,80.0
http://www.wikidata.org/entity/Q57623718,Pietà della lacrima,Giovan Francesco Caroto (maschio),1550,arte religiosa,Museo di Castelvecchio,Museo di Castelvecchio,Gesù; Maria; Giovanni; deposizione di Gesù,,deposizione di Gesù,129.0,98.0
http://www.wikidata.org/entity/Q61767320,Annunciazione (Tiziano Scuola Grande di San Rocco),Tiziano Vecellio (maschio),1535,arte religiosa,Scuola Grande di San Rocco,Scuola Grande di San Rocco,mela; Perdix perdix; Annunciazione,,Annunciazione,166.0,266.0
http://www.wikidata.org/entity/Q61816747,Ritratto di Matilde Juva Branca,Francesco Hayez (maschio),1851,ritratto,Galleria d'arte moderna di Milano,Galleria d'arte moderna di Milano,ritratto; Matilde Juva Branca,,,121.0,95.0
http://www.wikidata.org/entity/Q56776954,Polittico di san Pietro,Pietro Bussolo (maschio); Giovanni Marinoni (maschio),1500,arte religiosa,chiesa di San Pietro,chiesa di San Pietro,Giovanni Battista; Andrea; Paolo di Tarso,,,,
http://www.wikidata.org/entity/Q59185173,Deposizione di Cristo dalla croce,Enrico Castiglioni (maschio),1946,arte religiosa,palazzo Marliani-Cicogna,Civiche raccolte d'arte di palazzo Marliani-Cicogna,Gesù; Equus ferus caballus; crocifissione di Gesù; Maria Maddalena; scala; Gesta; croce cristiana; Disma,,deposizione di Gesù,260.0,218.0
http://www.wikidata.org/entity/Q58177339,Presentazione di Gesù al Tempio,Biagio Bellotti (maschio),1765,arte religiosa,chiesa di San Martino,chiesa di San Martino,Maria; Presentazione al Tempio; San Giuseppe; Bambino Gesù; Secondo Tempio; colomba come simbolo,,Presentazione al Tempio,,
http://www.wikidata.org/entity/Q58231270,L'erede,Teofilo Patini (maschio),1880,,Roma,Galleria d'arte moderna e contemporanea,donna; uomo; neonato,,,100.0,140.0
http://www.wikidata.org/entity/Q58178579,Nascita di Maria,Biagio Bellotti (maschio),1760,arte religiosa,chiesa di San Martino,chiesa di San Martino,Maria; Rosa; brocca; angelo; Sant'Anna; Gioacchino,,nascita di Maria,,
http://www.wikidata.org/entity/Q58181750,San Giuseppe con il Bambino,Biagio Bellotti (maschio),1785,arte religiosa,chiesa di San Giuseppe,chiesa di San Giuseppe,martello; San Giuseppe; Bambino Gesù; squadra; putto; cesto,,,,
http://www.wikidata.org/entity/Q58184717,Ritratto di Giuseppe Borri,Carlo Grossi (maschio),1927,ritratto,ospedale di Circolo di Busto Arsizio,Quadreria dell'ospedale di Busto Arsizio,Giuseppe Borri,,Giuseppe Borri,73.0,60.0
http://www.wikidata.org/entity/Q58185294,Ritratto di Luigi Tosi,Antonio Introini (maschio),1825,ritratto,Padiglione Centrale dell'Ospedale di Busto Arsizio,Quadreria dell'ospedale di Busto Arsizio,Luigi Tosi; abito talare; berretta; croce pettorale,,Luigi Tosi,58.0,44.0
http://www.wikidata.org/entity/Q58480176,Altare patrio in piazza San Pietro per la Festa della Federazione,Felice Giani (maschio),,,,,,,,,
http://www.wikidata.org/entity/Q58956093,Incoronazione della Vergine (Vivarini-d'Alemagna),Antonio Vivarini (maschio); Giovanni d'Alemagna (maschio),1444,arte religiosa,chiesa di San Pantalon,,,,Incoronazione della Vergine,230.0,180.0
http://www.wikidata.org/entity/Q59185398,Il mulino del borgo,Enrico Castiglioni (maschio),1953,,palazzo Marliani-Cicogna,Biblioteca comunale Gian Battista Roggia,,,,300.0,195.0
http://www.wikidata.org/entity/Q59442235,San Giuseppe con Bambino,Vittoria Ligari (femmina),1756,arte religiosa,Museo valtellinese di storia e arte,Museo valtellinese di storia e arte,Gesù; San Giuseppe,,,41.0,32.0
http://www.wikidata.org/entity/Q59914107,Occupazione delle terre incolte in Sicilia,Renato Guttuso (maschio),,,Gemäldegalerie Alte Meister,Gemäldegalerie Alte Meister,,,,,
http://www.wikidata.org/entity/Q60838300,Madonna del Voto,Paolo da Visso (maschio),,arte religiosa,,,,,,360.0,
http://www.wikidata.org/entity/Q62014629,Il bagno della pastora,Basilio Cascella (maschio),1903,nudo artistico; pastorale,"museo civico ""Basilio Cascella""","museo civico ""Basilio Cascella""",pecora; torrente; zampogna; pastore; erotismo; bagnante,,,163.0,225.0
http://www.wikidata.org/entity/Q62476202,Napoleone III,Franz Xaver Winterhalter (maschio),1853,ritratto,Museo napoleonico di Roma,Museo napoleonico di Roma,Napoleone III di Francia,,Napoleone III di Francia,240.0,155.0
http://www.wikidata.org/entity/Q62272761,Santuario di Ambivere,Arturo Tosi (maschio),1917,,palazzo Marliani-Cicogna,Civiche raccolte d'arte di palazzo Marliani-Cicogna,paesaggio; santuario della Madonna del Castello,,,31.5,39.5
http://www.wikidata.org/entity/Q63476058,Resurrezione di Cristo con san Cassiano e santa Cecilia,Jacopo Tintoretto (maschio),1565,arte religiosa,chiesa di San Cassiano,chiesa di San Cassiano,Gesù; Risurrezione di Gesù,,Risurrezione di Gesù,450.0,225.0
http://www.wikidata.org/entity/Q63994924,Conversione di San Paolo,Callisto Piazza (maschio),1600,arte religiosa,tempio Civico della Beata Vergine Incoronata,tempio Civico della Beata Vergine Incoronata,,,conversione di Paolo,,
http://www.wikidata.org/entity/Q63995247,Sant'Antonio da Padova incontra Ezzelino da Romano,Giovan Battista Trotti (maschio),,arte religiosa,chiesa di San Francesco,chiesa di San Francesco,,,,,
http://www.wikidata.org/entity/Q64766792,Ritratto del cardinale Alessandro Farnese,Tiziano Vecellio (maschio),1545,ritratto,Museo nazionale di Capodimonte,Museo nazionale di Capodimonte,Alessandro Farnese il Giovane,,Alessandro Farnese il Giovane,97.0,73.0
http://www.wikidata.org/entity/Q65610116,Scena veneziana,Giovanni Migliara (maschio),1830,paesaggio urbano,Gallerie d'Italia – Milano,Collezioni d'arte della Fondazione Cariplo,Venezia,,,23.5,33.5
http://www.wikidata.org/entity/Q66098687,Cristo alla colonna,Ambrogio Figino (maschio),1590,arte religiosa,palazzo Marliani-Cicogna,Civiche raccolte d'arte di palazzo Marliani-Cicogna,Gesù; colonna,,flagellazione di Gesù,147.0,183.0
http://www.wikidata.org/entity/Q69859246,Ritratto di Diego Martelli,Federico Zandomeneghi (maschio),1879,ritratto,Galleria d'arte moderna di Firenze,Galleria d'arte moderna di Firenze,Diego Martelli,,Diego Martelli,,
http://www.wikidata.org/entity/Q68704168,Cristo compianto dagli angeli,Giovanni Battista Pozzi (maschio); Il Morazzone (maschio),1593,arte religiosa,palazzo Marliani-Cicogna,Civiche raccolte d'arte di palazzo Marliani-Cicogna,Gesù; angelo; putto; cassapanca,manierismo,,203.0,144.0
http://www.wikidata.org/entity/Q69658139,Ritratto di Clemente VII,Sebastiano del Piombo (maschio),1526,ritratto,Museo nazionale di Capodimonte,Museo nazionale di Capodimonte,papa Clemente VII,,papa Clemente VII,145.0,100.0
http://www.wikidata.org/entity/Q71126799,Sepoltura di cristo,Prospero Fontana (maschio),1548,arte religiosa,Pinacoteca Nazionale di Bologna,Pinacoteca Nazionale di Bologna,sepoltura di Gesù,,sepoltura di Gesù,,
http://www.wikidata.org/entity/Q67203105,Santa Maria Maddalena penitente,Giovanni Battista Pittoni (maschio),1745,arte religiosa,Gallerie dell'Accademia,Gallerie dell'Accademia,,,,58.0,38.0
http://www.wikidata.org/entity/Q67203111,Annibale giura odio ai romani,Giovanni Battista Pittoni (maschio),1723,pittura storica,Pinacoteca di Brera,Pinacoteca di Brera,Annibale,,,41.0,72.0
http://www.wikidata.org/entity/Q81089309,Pietà,Ludovico Mazzolino (maschio),1510,arte religiosa,Doughty House; Palazzo Cini,Collezione Costabili; Collezione Cook; Galleria di Palazzo Cini; Collezione Vittorio Cini,Gesù; Maria,,Compianto sul Cristo morto,31.0,23.0
http://www.wikidata.org/entity/Q80824471,Ritratto di Tito Vespasiano Strozzi,Baldassarre d'Este (maschio),1499,ritratto,Doughty House; Palazzo Cini,Collezione Cook; Galleria di Palazzo Cini; Collezione Vittorio Cini,Tito Vespasiano Strozzi,,Tito Vespasiano Strozzi,44.0,31.0
http://www.wikidata.org/entity/Q74717988,Salita di Cristo al monte Calvario,Albrecht Dürer (maschio),1527,arte religiosa,Accademia Carrara,Accademia Carrara; Collezione Lochis,Gesù; Cristo porta la croce,,Cristo porta la croce,32.0,47.0
http://www.wikidata.org/entity/Q78756742,Assunzione della Madonna,Aurelio Luini (maschio),1560,arte religiosa,monastero di Santa Maria Assunta,monastero di Santa Maria Assunta,libro; Salomone; apostolo; tenda; Davide; angelo; Assunzione di Maria; Dio Padre; natività della Beata Vergine Maria; Dormizione di Maria; putto; nicchia; Serliana,,Assunzione di Maria,,
http://www.wikidata.org/entity/Q78910398,San Rocco,,,arte religiosa,monastero di Santa Maria Assunta,,,,san Rocco,,
http://www.wikidata.org/entity/Q79021384,Sacrificio di Isacco,Giovanni Battista Pittoni (maschio),1720,arte religiosa,chiesa di San Francesco della Vigna,,,,Sacrificio di Isacco,118.0,155.0
http://www.wikidata.org/entity/Q79151177,L'imperatrice Eugenia,Franz Xaver Winterhalter (maschio),1853,ritratto,Museo napoleonico di Roma,Museo napoleonico di Roma,Eugenia de Montijo,,Eugenia de Montijo,240.0,155.0
http://www.wikidata.org/entity/Q79859145,Ritratto di papa Alessandro VI,Cristofano dell'Altissimo (maschio),1600,ritratto,Palazzo degli Uffizi,Palazzo degli Uffizi,papa Alessandro VI,,papa Alessandro VI,59.0,44.0
http://www.wikidata.org/entity/Q77310161,Madonna con Bambino e san Giovannino,Andrea del Sarto (maschio),1517,arte religiosa,Galleria Borghese,Collezione Borghese; Galleria Borghese,donna; Madonna col Bambino; San Giovannino,,Madonna col Bambino,154.0,101.0
http://www.wikidata.org/entity/Q78330040,Dama dei gelsomini,Lorenzo di Credi (maschio),1481,,Pinacoteca civica di Forlì,Pinacoteca civica di Forlì,Caterina Sforza; nobile,,Caterina Sforza,,
http://www.wikidata.org/entity/Q78783346,Christus Passus,,1500,arte religiosa,monastero di Santa Maria Assunta,monastero di Santa Maria Assunta,Gesù; frusta; Vera Croce; sepolcro; Sacra spugna; Lancia sacra,,,,
http://www.wikidata.org/entity/Q78799218,Dio Padre tra gli Evangelisti,,1400,arte religiosa,monastero di Santa Maria Assunta,,Maria; Maria Maddalena; angelo; Sant'Agata; Caterina d'Alessandria; Dio Padre; tetramorfo; San Pancrazio; leggio; colomba come simbolo,,,,
http://www.wikidata.org/entity/Q79020756,Madonna col bambino e i Santi Carlo Borromeo e Filippo Neri,Giovanni Battista Pittoni (maschio),1763,,chiesa di San Cassiano,,,,,,
http://www.wikidata.org/entity/Q79021962,"Madonna col bambino e i santi Carlo Giuseppe, Antonio, Rocco, Lorenzo e Sebastiano",Giovanni Battista Pittoni (maschio),1764,,chiesa di San Giacomo da l'Orio,,,,,,
http://www.wikidata.org/entity/Q79022279,Madonna col bambino e San Filippo Neri,Giovanni Battista Pittoni (maschio),,,chiesa di San Giovanni Elemosinario,,,,,,
http://www.wikidata.org/entity/Q79022528,Sant'Agostino in gloria,Giovanni Battista Pittoni (maschio),1717,,chiesa di San Giovanni Elemosinario,,,,,,
http://www.wikidata.org/entity/Q79022983,I Santi Taddeo e Mattia,Battista Vicentino (maschio),1716,,chiesa dell'Ospedaletto,,,,,,
http://www.wikidata.org/entity/Q79023210,San Eustachio rifiuta di adorare gli idoli,Giovanni Battista Pittoni (maschio),,,chiesa di San Stae,,,,,120.0,
http://www.wikidata.org/entity/Q79023501,Il supplizio di San Tommaso,Giovanni Battista Pittoni (maschio),1722 | 1725,,chiesa di San Stae,,,,,168.0,
http://www.wikidata.org/entity/Q79024384,La Moltiplicazione dei pani e dei pesci,Giovanni Battista Pittoni (maschio),1725,arte religiosa,Gallerie dell'Accademia; Fondazione Giorgio Cini; chiesa dei Santi Cosma e Damiano,Gallerie dell'Accademia,,,moltiplicazione dei pani e dei pesci,540.0,830.0
http://www.wikidata.org/entity/Q79024730,Transito di Giuseppe,Giovanni Battista Pittoni (maschio),,,Ca' Rezzonico,Museo Correr,,,,,
http://www.wikidata.org/entity/Q79025062,Giustizia e Pace con Minerva e Giove,Giovanni Battista Pittoni (maschio),1730,,Ca' Pesaro,,,,,648.0,
http://www.wikidata.org/entity/Q79026167,Agar confortata da un angelo nel deserto,Giovanni Battista Pittoni (maschio),1687,arte religiosa,sagrestia; Basilica di Santa Maria Gloriosa dei Frari,Basilica di Santa Maria Gloriosa dei Frari,,,Agar,,
http://www.wikidata.org/entity/Q86674601,Davide e Golia,Tiziano Vecellio (maschio),1542,arte religiosa,basilica di Santa Maria della Salute,basilica di Santa Maria della Salute,,,Davide e Golia,300.0,
http://www.wikidata.org/entity/Q87469267,Annunciazione con quattro santi,Bicci di Lorenzo (maschio),1414,arte religiosa,pieve di Santa Maria Assunta,pieve di Santa Maria Assunta,Annunciazione,,Annunciazione,180.0,160.0
http://www.wikidata.org/entity/Q88164010,Ritratto di Cornelis e Lucas de Wael,Antoon van Dyck (maschio),1627,ritratto,Musei capitolini,Musei capitolini,Cornelis de Wael; Lucas de Wael,,,101.0,101.0
http://www.wikidata.org/entity/Q88961191,Icona Madre di Dio della Passione,,,,,,Maria,,,,
http://www.wikidata.org/entity/Q89034154,Ritratto di Caterina Balbi Durazzo,Antoon van Dyck (maschio),1624,ritratto,Palazzo Reale di Genova,Palazzo Reale di Genova,fontana,,,220.0,150.0
http://www.wikidata.org/entity/Q89035643,Ritratto di Marcello Durazzo,Antoon van Dyck (maschio),1624,ritratto,Galleria Giorgio Franchetti alla Ca' d'Oro,Galleria Giorgio Franchetti alla Ca' d'Oro,colonna,,,205.0,125.0
http://www.wikidata.org/entity/Q89039593,Ritratto di Geronima Sale Brignole con la figlia Maria Aurelia,Antoon van Dyck (maschio),1627,ritratto,Palazzo Rosso,Musei di Strada Nuova,Maria Aurelia Brignole Sale; Geronima Sale Brignole,,,241.0,168.0
http://www.wikidata.org/entity/Q88416397,Crocifissione,Jacopo Tintoretto (maschio),1568,arte religiosa,chiesa di San Cassiano,chiesa di San Cassiano,Gesù,,crocifissione di Gesù,341.0,371.0
http://www.wikidata.org/entity/Q89697566,ritratto dell'orefice pucci col figlio,Antoon van Dyck (maschio),1624,ritratto,Palazzo Rosso,Musei di Strada Nuova,uomo; Giacomo Pucci,,,,
http://www.wikidata.org/entity/Q90291195,Ritratto di Filippo Spinola di Tassarolo,Antoon van Dyck (maschio),1625,ritratto,Palazzo Rosso,Musei di Strada Nuova,uomo; tavolo; Filippo Spinola di Tassarolo,,,,
http://www.wikidata.org/entity/Q94634547,Nascita di San Carlo nella rocca di Arona,Cesare Fiori (maschio),1660,arte religiosa,,Veneranda Fabbrica del Duomo di Milano,,,,,
http://www.wikidata.org/entity/Q94636244,Ritratto di Carlo Borromeo,Ambrogio Figino (maschio),1587,ritratto,Pinacoteca Ambrosiana,Pinacoteca Ambrosiana,Carlo Borromeo; Mozzetta; berretta,,,48.0,41.0
http://www.wikidata.org/entity/Q96025421,ritratto di Giovanni dalle Bande Nere,Francesco Salemi (maschio); Francesco Salviati (maschio),1546,ritratto,Palazzo degli Uffizi; Galleria Palatina,,,,,65.0,46.0
http://www.wikidata.org/entity/Q96192148,La strigliatura della canapa,Francesco Filippini (maschio),1890,,Palazzo di Brera,Pinacoteca di Brera,Stigliatura; canapa,,,88.0,
http://www.wikidata.org/entity/Q97669846,il Transito di San Giuseppe,,,,,,,,,,
http://www.wikidata.org/entity/Q97463134,Madonna di Costantinopoli,Francesco Palvisino (maschio),1550,arte religiosa,concattedrale di Acquaviva delle Fonti,,,,,115.0,75.0
http://www.wikidata.org/entity/Q97378803,La caduta dei Giganti,,1530 | 1532,pittura mitologica,Palazzo Te,Palazzo Te,caduta dei Giganti,manierismo,,,
http://www.wikidata.org/entity/Q97669288,trinità e santi,,,,,,,,,,
http://www.wikidata.org/entity/Q97065805,Ritratto di Vespasiano Gonzaga,Bernardino Campi (maschio),1550,ritratto,sala 1.7 della Pinacoteca Civica di palazzo Volpi,raccolte d'arte della Pinacoteca Civica di Palazzo Volpi,Vespasiano I Gonzaga,,Vespasiano I Gonzaga,117.0,91.5
http://www.wikidata.org/entity/Q93520523,Riposo durante la fuga in Egitto,Biagio Bellotti (maschio),1760,arte religiosa,chiesa della Santissima Trinità,,mela; Maria; uva; San Giuseppe; putto; angelo; Bambino Gesù; asino; bastone,,Riposo durante la fuga in Egitto,,
http://www.wikidata.org/entity/Q93631317,Flagellazione,Ambrogio Bellotti (maschio),1661,arte religiosa,chiesa di Sant'Edoardo; antica chiesa di Santa Croce,,cane; Gesù; uomo; flagellazione di Gesù,,flagellazione di Gesù,,
http://www.wikidata.org/entity/Q97933450,Ritratto di Ainolfo de' Bardi,Carlo Dolci (maschio),1632,ritratto,Palazzo degli Uffizi,Palazzo degli Uffizi,Ainolfo de Bardi,,Ainolfo de Bardi,149.5,119.0
http://www.wikidata.org/entity/Q98108204,Pala di Botticelli,,,,pieve di San Giovanni Evangelista,,,,,,
http://www.wikidata.org/entity/Q98545387,Comunione degli apostoli,Jusepe de Ribera (maschio),1651,,Certosa di San Martino; chiesa della Certosa di San Martino,Certosa di San Martino; chiesa della Certosa di San Martino,Comunione degli Apostoli,,,400.0,
http://www.wikidata.org/entity/Q98557614,Dipinto commemorativo ai Caduti di Chiusi,,,,cimitero di Chiusi,,,,,,
http://www.wikidata.org/entity/Q98449585,Immacolata Concezione,,,arte religiosa,tempietto di Santa Maria di Colledestro,,,,Immacolata Concezione,,
http://www.wikidata.org/entity/Q98684801,Il muro di Roncarà,,,,,,,,,,
http://www.wikidata.org/entity/Q98925663,Ritratto di Teresa Miramonti,Enrico Crespi (maschio),1883,ritratto,Raccolte d'arte dell'Ospedale Maggiore di Milano,Raccolte d'arte dell'Ospedale Maggiore di Milano,Teresa Miramonti,,Teresa Miramonti,200.0,120.0
http://www.wikidata.org/entity/Q99323182,Dopo la prima Comunione,Carlo Frithjof Smith (maschio),1892,,Museo Revoltella,Museo Revoltella,,,,136.5,183.0
http://www.wikidata.org/entity/Q98925578,Ritratto di nobiluomo,Enrico Crespi (maschio),1905,ritratto,palazzo Marliani-Cicogna,Civiche raccolte d'arte di palazzo Marliani-Cicogna,libro; nobile,,,90.0,70.5
http://www.wikidata.org/entity/Q100502707,Ritratto di Pio VIII,Clemente Alberi (maschio),1829,ritratto,Palazzo d'Accursio,Collezioni comunali d'arte di Bologna,papa Pio VIII; trono; campanella,neoclassicismo,papa Pio VIII,134.4,115.5
http://www.wikidata.org/entity/Q101853163,La Liberazione delle anime del Purgatorio,Ercole Ramazzani (maschio),1586,arte religiosa,chiesa di San Francesco (Matelica),chiesa di San Francesco (Matelica),Gesù; papa Gregorio I; anime del Purgatorio; angelo; Francesco d'Assisi; Camilla Battista da Varano; Pietro Diacono,arte della Controriforma,anime del Purgatorio,382.0,184.0
http://www.wikidata.org/entity/Q101984696,Deposizione dalla Croce,Ercole Ramazzani (maschio),1575,arte religiosa,Galleria nazionale delle Marche,Galleria nazionale delle Marche,Gesù; Maria; Maria Maddalena; Giovanni; Giuseppe di Arimatea; coronazione di spine; deposizione di Gesù,,deposizione di Gesù,230.0,154.0
http://www.wikidata.org/entity/Q99937752,Via Crucis di Gino Severini,Gino Severini (maschio),1947,,Cortona,,,,,,
http://www.wikidata.org/entity/Q100273549,Ritratto di papa Pio VIII,Clemente Alberi (maschio),1829,ritratto,Pinacoteca civica di Forlì,Pinacoteca civica di Forlì,papa Pio VIII; trono,,papa Pio VIII,100.0,75.0
http://www.wikidata.org/entity/Q105544193,Battesimo di Cristo (Girolamo Imparato),Girolamo Imparato (maschio),1592,,chiesa di Santa Maria delle Grazie,chiesa di Santa Maria delle Grazie,,,,223.0,144.0
http://www.wikidata.org/entity/Q103823905,Santa Caterina d’Alessandria,Raffaello Sanzio (maschio),1502,arte religiosa,Galleria nazionale delle Marche,Galleria nazionale delle Marche,Caterina d'Alessandria,,Caterina d'Alessandria,39.0,15.0
http://www.wikidata.org/entity/Q103847443,Madonna in trono con il Bambino,Allegretto Nuzi (maschio),1372,arte religiosa,Galleria nazionale delle Marche,Galleria nazionale delle Marche,Maria; Bambino Gesù,,Madonna col Bambino,167.0,96.0
http://www.wikidata.org/entity/Q103884105,Ritratto di Leopoldo de' Medici in fasce,Jacopo Ligozzi (maschio),1618,ritratto,Sala di Apollo,Galleria Palatina,Leopoldo de' Medici; culla,pittura barocca,Leopoldo de' Medici,74.2,59.6
http://www.wikidata.org/entity/Q104117302,Madonna delle Grazie (Marco Cardisco),Marco Cardisco (maschio),1527,,chiesa di Santa Maria delle Grazie,chiesa di Santa Maria delle Grazie,,,,177.0,90.0
http://www.wikidata.org/entity/Q105754329,Ritratto del Doge Leonardo Loredan,Vittore Carpaccio (maschio),1501,ritratto,Museo Correr,Museo Correr,Leonardo Loredan,pittura veneta; Alto Rinascimento,Leonardo Loredan,67.0,51.0
http://www.wikidata.org/entity/Q105760555,Burrasca,Giuseppe Zais (maschio),,paesaggio marino,Ca' Rezzonico; Museo del settecento veneziano,Ca' Rezzonico; Museo del settecento veneziano,groppo,,groppo,,
http://www.wikidata.org/entity/Q105773240,Ritratto del cardinale Alessandro Farnese,Perin del Vaga (maschio),1546,ritratto,Galleria nazionale di Palazzo Corsini,Galleria nazionale d'arte antica,Alessandro Farnese il Giovane,,Alessandro Farnese il Giovane,51.0,48.0
http://www.wikidata.org/entity/Q105882065,Madonna col Bambino e i santi Giacomo il Maggiore e Nicola di Bari,Francesco De Mura (maschio),,,chiesa di Santa Maria delle Grazie,,,,,189.0,150.0
http://www.wikidata.org/entity/Q105906293,Festa degli artisti a Tor de' Schiavi.,Ippolito Caffi (maschio),1844,arte di genere; paesaggio urbano,Museo di Roma a palazzo Braschi,Museo di Roma a palazzo Braschi,Roma; torre; Villa Gordiani,,,86.0,132.0
http://www.wikidata.org/entity/Q105942793,Adorazione dei pastori (Niccolò de Simone),Niccolò de Simone (maschio),,,chiesa di Santa Maria delle Grazie,chiesa di Santa Maria delle Grazie,,,,147.0,105.0
http://www.wikidata.org/entity/Q105942808,Madonna di Costantinopoli tra i santi Andrea e Stefano,Leonardo Castellano (maschio),,,chiesa di Santa Maria delle Grazie,chiesa di Santa Maria delle Grazie,,,,275.0,217.0
http://www.wikidata.org/entity/Q106172341,Ritratto della baronessa Sophie Regnault,Henriette Lorimier (femmina),1809,ritratto,Museo Mario Praz,Museo Mario Praz,Sophie Regnault,,Sophie Regnault,110.3,91.0
http://www.wikidata.org/entity/Q104832804,Morte della Vergine,Vittore Carpaccio (maschio),1508,arte religiosa,Palazzo dei Diamanti; chiesa di Santa Maria in Vado,Pinacoteca nazionale di Ferrara,,Alto Rinascimento,Dormizione di Maria,242.0,147.0
http://www.wikidata.org/entity/Q104902739,Quasi aurora consurgens – il Duomo. Veduta generale esterna da oriente,Emilio Magistretti (maschio),1921,,Gallerie d'Italia – Milano,Collezioni d'arte della Fondazione Cariplo,Duomo di Milano,,,136.5,179.0
http://www.wikidata.org/entity/Q104963266,Vergine annunziata,Francesco Morone (maschio),,arte religiosa,Collezione Contini Bonacossi,Palazzo degli Uffizi,Maria,,,208.0,94.0
http://www.wikidata.org/entity/Q104966980,La preghiera,Giuseppe Abbati (maschio),1866,arte di genere,Palazzo Pitti,Galleria d'arte moderna di Firenze,donna; uomo; preghiera; interno di una chiesa,,preghiera,57.0,42.0
http://www.wikidata.org/entity/Q104999859,Il ritorno dalla sagra,Mosè Bianchi (maschio),1880,arte di genere,Gallerie d'Italia – Milano,Collezioni d'arte della Fondazione Cariplo,ragazzo; pioggia; paesaggio; stagione delle piogge,,,75.5,48.2
http://www.wikidata.org/entity/Q105001687,Valenza Gradenigo davanti agli Inquisitori,Francesco Hayez (maschio),1835,,Gallerie d'Italia – Milano,Gallerie d'Italia – Milano,uomo; Inquisizione; Valenza Gradenigo,,Valenza Gradenigo,96.0,115.5
http://www.wikidata.org/entity/Q105001950,L'ultimo abboccamento di Jacopo Foscari con la propria famiglia (I due Foscari),Francesco Hayez (maschio),1839,,Gallerie d'Italia – Milano,Gallerie d'Italia – Milano,piazza San Marco; doge; Palazzo Ducale; Jacopo Foscari,,,165.0,233.0
http://www.wikidata.org/entity/Q105002330,Ritratto del professor Giampiero Cantoni,,1988,ritratto,Gallerie d'Italia – Milano,Collezioni d'arte della Fondazione Cariplo,Gianpiero Carlo Cantoni,,Gianpiero Carlo Cantoni,60.5,45.0
http://www.wikidata.org/entity/Q105005172,"Edolo, Fiume Oglio",Antonio Pasinetti (maschio),1924,pittura paesaggistica,Gallerie d'Italia – Milano,Collezioni d'arte della Fondazione Cariplo,fiume; villaggio; montagna; Edolo; Oglio,,,70.0,100.0
http://www.wikidata.org/entity/Q105009573,La Darsena di Porta Ticinese a Milano,,1929,paesaggio urbano,Gallerie d'Italia – Milano,Collezioni d'arte della Fondazione Cariplo,darsena; navigli di Milano,,,40.0,50.0
http://www.wikidata.org/entity/Q105010125,Veduta della piazza del Duomo di Milano,Giulio Rossi (maschio),1850,paesaggio urbano,Gallerie d'Italia – Milano,Collezioni d'arte della Fondazione Cariplo,Duomo di Milano; piazza del Duomo,,,33.0,40.5
http://www.wikidata.org/entity/Q105010402,Via Magolfa a Milano,Aldo Raimondi (maschio),1964,paesaggio urbano,Gallerie d'Italia – Milano,Collezioni d'arte della Fondazione Cariplo,Milano,,,90.0,66.0
http://www.wikidata.org/entity/Q105025725,Sant'Antonio Abate tentato dal demonio,Rutilio Manetti (maschio),1630,arte religiosa,chiesa di Sant'Agostino,,,,,,
http://www.wikidata.org/entity/Q105070700,Colonna Traiana,,1800,,Gallerie d'Italia – Milano,Collezioni d'arte della Fondazione Cariplo,Colonna Traiana,,,60.0,50.0
http://www.wikidata.org/entity/Q105070687,Veduta di piazza San Pietro,,1800,paesaggio urbano,Gallerie d'Italia – Milano,Collezioni d'arte della Fondazione Cariplo,piazza San Pietro,,,75.0,125.0
http://www.wikidata.org/entity/Q105070713,La demolizione della Rupe Tarpea a Roma,Luigi Zago (maschio),1933,paesaggio urbano,Gallerie d'Italia – Milano,Collezioni d'arte della Fondazione Cariplo,Rupe Tarpea,,,39.0,60.0
http://www.wikidata.org/entity/Q107132227,"Ritratto di John Churchill, duca di Marlborough (1650-1722)",Adriaen van der Werff (maschio),1705,ritratto,Galleria Palatina,Galleria Palatina,"parrucca; John Churchill, I duca di Marlborough; armatura; Bastone da feldmaresciallo",,"John Churchill, I duca di Marlborough",130.0,108.0
http://www.wikidata.org/entity/Q106766907,Maddalena penitente,Tiziano Vecellio (maschio),1550,arte religiosa,Museo nazionale di Capodimonte,Museo nazionale di Capodimonte,Maria Maddalena; Maddalena penitente; libro; cranio umano,pittura veneta,Maddalena penitente,128.0,103.0
http://www.wikidata.org/entity/Q106547526,Ritratto di Caterina Amisani,Giuseppe Amisani (maschio),1920,ritratto,Galleria d'arte moderna di Firenze,Galleria d'arte moderna di Firenze,donna,,,99.4,71.0
http://www.wikidata.org/entity/Q106570155,Ritratto dello scultore Antoine-Denis Chaudet,Jeanne-Elisabeth Chaudet (femmina),1802,ritratto,Palazzo degli Uffizi,Palazzo degli Uffizi,Antoine-Denis Chaudet,,Antoine-Denis Chaudet,61.0,48.5
http://www.wikidata.org/entity/Q106575251,Polittico di Sant'Agnese,Andrea del Sarto (maschio),,,duomo di Pisa,duomo di Pisa,Sant'Agnese,,,,
http://www.wikidata.org/entity/Q106649932,Ritratto di Carlo V,Tiziano Vecellio (maschio),1549,ritratto,Museo nazionale di Capodimonte,Museo nazionale di Capodimonte,Carlo V d'Asburgo,,Carlo V d'Asburgo,98.0,71.0
http://www.wikidata.org/entity/Q106684238,Ritratto di Paolo III con il camauro,Tiziano Vecellio (maschio),1545,ritratto,Museo nazionale di Capodimonte,Museo nazionale di Capodimonte,papa Paolo III,,papa Paolo III,105.0,80.8
http://www.wikidata.org/entity/Q106766906,Ritratto del cardinale Pietro Bembo,Tiziano Vecellio (maschio),1545,ritratto,Museo nazionale di Capodimonte,Museo nazionale di Capodimonte,Pietro Bembo,pittura veneta,Pietro Bembo,114.0,97.0
http://www.wikidata.org/entity/Q106857023,Vittoria di Francesco Bembo su Filippo Maria Visconti,Jacopo Palma il Giovane (maschio),1578,,Palazzo Ducale,Palazzo Ducale,battaglia navale,,,,
http://www.wikidata.org/entity/Q106863540,Ritratto del duca Alfonso I d'Este,Battista Dossi (maschio),1535,ritratto,Galleria Estense,Galleria Estense,Alfonso I d'Este; armatura; battaglia di Polesella; campo di battaglia,,Alfonso I d'Este,113.5,147.0
http://www.wikidata.org/entity/Q107171794,Autoritratto con la moglie e i due figli,Louis Gauffier (maschio),1793,autoritratto,Galleria d'arte moderna di Firenze,Galleria d'arte moderna di Firenze,Louis Gauffier; Pauline Gauffier,,,72.5,54.5
http://www.wikidata.org/entity/Q107254346,Ritratto di Charles de La Fosse (1636-1716),Hyacinthe Rigaud (maschio),1697,ritratto,Pinacoteca del Castello Sforzesco,Pinacoteca del Castello Sforzesco,Charles de La Fosse,,Charles de La Fosse,82.5,73.5
http://www.wikidata.org/entity/Q107273576,Ritratto di Leone X con i cardinali Giulio de' Medici e Luigi de' Rossi,Andrea del Sarto (maschio),1525,ritratto,Museo nazionale di Capodimonte,Museo nazionale di Capodimonte,papa Leone X; papa Clemente VII; Luigi de' Rossi,,papa Leone X,159.0,119.0
http://www.wikidata.org/entity/Q107311733,Sant'Agostino trionfa sull'eresia,Innocenzo Ansaldi (maschio),,arte religiosa,chiesa di Santa Maria in Selva,,Agostino d'Ippona,,,,
http://www.wikidata.org/entity/Q107440131,Innalzamento della Croce,Sebastiano Mazzoni (maschio),,arte religiosa,Ca' Rezzonico,Ca' Rezzonico,elevazione della Croce,,elevazione della Croce,,
http://www.wikidata.org/entity/Q107467842,Soldati che giocano a dadi,Pietro della Vecchia (maschio),,,Ca' Rezzonico,Ca' Rezzonico,dado; soldato,,,,
http://www.wikidata.org/entity/Q107496570,Ritratto di Gioachino Rossini,Antoine Cécile Hortense Haudebourt-Lescot (femmina),1828,ritratto,Rocca Estense,Rocca Estense,Gioachino Rossini,,Gioachino Rossini,120.0,95.0
http://www.wikidata.org/entity/Q107522400,Officine a Porta Romana,Umberto Boccioni (maschio),1909,,Gallerie d'Italia – Milano,Gallerie d'Italia – Milano,,futurismo,,75.0,145.0
http://www.wikidata.org/entity/Q107548658,cartina murale di Bellagio,,,,,,,,,,
http://www.wikidata.org/entity/Q107720702,Ritratto della terza moglie,Giovanni Fattori (maschio),1905,ritratto,"Museo civico ""Giovanni Fattori""","Museo civico ""Giovanni Fattori""",donna; moglie,,donna,85.0,65.0
http://www.wikidata.org/entity/Q108123187,Età dell'oro,Jacopo Zucchi (maschio),,,Palazzo degli Uffizi,Palazzo degli Uffizi,età dell'oro,,età dell'oro,50.0,
http://www.wikidata.org/entity/Q108123188,Età dell'argento,Jacopo Zucchi (maschio),,pittura mitologica,Palazzo degli Uffizi,Palazzo degli Uffizi,Età dell'argento,,Età dell'argento,50.0,
http://www.wikidata.org/entity/Q108292260,Ritratto di Isabella di Cosimo I de' Medici,Alessandro Allori (maschio),1565,ritratto,Galleria Palatina,Galleria Palatina,Isabella de' Medici,,Isabella de' Medici,99.0,70.0
http://www.wikidata.org/entity/Q108314527,Doppio ritratto del Nano Morgante,Agnolo Bronzino (maschio),1553,ritratto,Sala di Apollo,Galleria Palatina,Braccio di Bartolo,,Braccio di Bartolo,,
http://www.wikidata.org/entity/Q108321039,L'antico Stato di Magliano,,,,Magliano Nuovo,,,,,,
http://www.wikidata.org/entity/Q108321038,Stemma della Guardia nazionale di Capizzo,,,,Capizzo,,,,,,
http://www.wikidata.org/entity/Q108335985,Ritratto di Pietro Aretino,Tiziano Vecellio (maschio),1511,ritratto,Collezione Koelliker,Collezione Koelliker,Pietro Aretino,,Pietro Aretino,65.0,53.5
http://www.wikidata.org/entity/Q108816249,Annunciazione,,1400,arte religiosa,,,,,Annunciazione,,
http://www.wikidata.org/entity/Q108873567,"Ritratto di Francesco Andreini, XVII secolo",,1650,ritratto,,Gallerie dell'Accademia,uomo; Francesco Andreini; Tristano Martinelli,,,102.0,79.0
http://www.wikidata.org/entity/Q108900483,Storie della Vergine,Pietro Lorenzetti (maschio),,,,,,,,,
http://www.wikidata.org/entity/Q108917715,Padrone con cane,Antonio Rotta (maschio),1871,arte di genere,Museo Revoltella,Museo Revoltella,,realismo,,61.0,72.0
http://www.wikidata.org/entity/Q108917736,Sconfitto alla regata,Antonio Rotta (maschio),1858,arte di genere,Palazzo Reale di Torino,Musei reali di Torino,,realismo,,155.2,186.5
http://www.wikidata.org/entity/Q108921968,Ritratto del cardinale Gabriele Ferretti,Francesco Podesti (maschio),1840,ritratto,Palazzo Bosdari,Pinacoteca civica Francesco Podesti,occhiale; poltrona; Gabriele Ferretti,,Gabriele Ferretti,137.0,98.0
http://www.wikidata.org/entity/Q108922744,Ritratto del cardinale Antonio Maria Cadolini,Francesco Podesti (maschio),1844,ritratto,Palazzo Bosdari,Pinacoteca civica Francesco Podesti,libro; Antonio Maria Cadolini; poltrona,,Antonio Maria Cadolini,121.0,94.0
http://www.wikidata.org/entity/Q108799898,Madonna con bambino,Margaritone d'Arezzo (maschio),1240 | 1250,arte religiosa,Museo nazionale d'arte medievale e moderna,,Maria; Bambino Gesù,,Madonna col Bambino,,
http://www.wikidata.org/entity/Q108584832,Adorazione dei Re Magi,Spinello Aretino (maschio),,arte religiosa,,,,,Adorazione dei Magi,30.0,79.0
http://www.wikidata.org/entity/Q108783372,Madonna con Bambino e Santi,Giacomo Raibolini (maschio),1544,arte religiosa,battistero San Filippo Neri,Parrocchia di San Giovanni Battista,Maria; Caterina d'Alessandria; Bambino Gesù; Giustina di Nicomedia; San Gervasio; San Protasio,,,264.0,167.0
http://www.wikidata.org/entity/Q109798688,"Ritratto di gruppo di Domenica delle Cascine, la Cecca di Pratolino e Pietro Moro",Justus Sustermans (maschio),1634,ritratto di gruppo,Palazzo degli Uffizi,Palazzo degli Uffizi,,,,100.0,148.0
http://www.wikidata.org/entity/Q110009768,Ritratto del commendatore Attilio Brivio,Adriano Gajoni (maschio),1961,ritratto,Pinacoteca Ambrosiana,Pinacoteca Ambrosiana,uomo,,,71.0,19.0
http://www.wikidata.org/entity/Q109914012,Autoritratto,Giuseppe Amisani (maschio),1930,autoritratto,deposito del museo,Palazzo degli Uffizi,Giuseppe Amisani,,Giuseppe Amisani,118.0,101.0
http://www.wikidata.org/entity/Q110015681,San Giovanni Battista,Agnolo Bronzino (maschio),1560,arte religiosa,Sala di Didone,Collezione Borghese; Galleria Borghese,Giovanni Battista,,Giovanni Battista,120.0,92.0
http://www.wikidata.org/entity/Q109913050,Sacra Famiglia,Giuseppe Amisani (maschio),1910,arte religiosa,Galleria d'arte moderna e contemporanea,Galleria d'arte moderna e contemporanea,Maria; San Giuseppe; Bambino Gesù,,Sacra Famiglia,,
http://www.wikidata.org/entity/Q109913006,Cardinale Richelieu,Giuseppe Amisani (maschio),1890,ritratto,Villa Necchi Campiglio,Villa Necchi Campiglio,Armand-Jean du Plessis de Richelieu,,Armand-Jean du Plessis de Richelieu,39.5,24.5
http://www.wikidata.org/entity/Q109928591,Sacra Famiglia con san Giovanni Battista e santa Caterina d'Alessandria,Jacopo Palma il Vecchio (maschio); Tiziano Vecellio (maschio),1525,arte religiosa,Gallerie dell'Accademia,Gallerie dell'Accademia,Giovanni Battista; Caterina d'Alessandria; Sacra Famiglia,,Sacra Famiglia,126.0,
http://www.wikidata.org/entity/Q109937746,Colazione in giardino,Giuseppe De Nittis (maschio),1884,arte di genere,Palazzo della Marra,Pinacoteca Giuseppe De Nittis,estate; uccello; tè; bambino; madre; tavolo; colazione; giovinezza; ombra; luce solare; teiera; ozio; giardino; anatra; maternità; femmina; maschio; Jacques De Nittis,,colazione,81.0,117.0
http://www.wikidata.org/entity/Q110039871,Raccoglitrice di olive con ragazzo,Luigi Bechi (maschio),1875,arte di genere,Firenze,Fondazione Cassa di Risparmio di Firenze,,,,96.5,63.5
http://www.wikidata.org/entity/Q110062892,Pastorello in ciocie,Antonio Mancini (maschio),1883,ritratto,Raccolte Frugone,Raccolte Frugone,ragazzo; pastore; costume Ciociaro,,ragazzo,80.0,159.0
http://www.wikidata.org/entity/Q110227186,Venere cacciatrice che appare a Enea e Acate,Antonio Balestra (maschio),1713,pittura mitologica,Galleria dell'Eneide,Pinacoteca di arte antica di Palazzo Buonaccorsi,cigno; freccia; lancia; arco; Venere; Enea; corazza; putto; Acate; colombo; elmo,pittura veneta,Eneide,300.0,183.0
http://www.wikidata.org/entity/Q110312698,"Enea fugge da Troia con Anchise, Ascanio e Creusa",Giovanni Giorgi (maschio),1712,pittura mitologica,Galleria dell'Eneide,Pinacoteca di arte antica di Palazzo Buonaccorsi,Enea; Anchise; Creusa; Ascanio,pittura bolognese,Eneide,246.0,123.0
http://www.wikidata.org/entity/Q110382981,L'incontro di Enea e Ascanio con Andromaca e Eleno a Butroro,Giovan Gioseffo Dal Sole (maschio),1714,pittura mitologica,Galleria dell'Eneide,Pinacoteca di arte antica di Palazzo Buonaccorsi,Andromaca; Enea; Eleno; Ascanio,pittura bolognese,Eneide,302.0,195.0
http://www.wikidata.org/entity/Q110384990,Non potendo aspettare,Telemaco Signorini (maschio),1867,arte di genere,Gallerie d'Italia – Milano,Gallerie d'Italia – Milano,,Macchiaioli,,46.6,37.5
http://www.wikidata.org/entity/Q110770118,Flora,Carlo Antonio Procaccini (maschio),1600,nudo artistico; pittura mitologica,Accademia Carrara,Accademia Carrara,fiore; nudità; topless; panneggio; Flora,,Flora,,
http://www.wikidata.org/entity/Q110546796,L'Imperatore Claudio fa uccidere il suo legatario Asiatico,Raffaele Postiglione (maschio),1868,neoclassicismo,Casa d’Aste Vincent,Casa d’Aste Vincent,Claudio; Decimo Valerio Asiatico,,,59.0,78.0
http://www.wikidata.org/entity/Q110619157,Il rinoceronte,,1751,arte di genere,Museo del settecento veneziano,Museo del settecento veneziano,donna; ragazza; uomo; Carnevale di Venezia; insieme di umani; Clara; Grimani; sguardo rivolto verso l'osservatore; spettatore,,Clara,62.0,50.0
http://www.wikidata.org/entity/Q110626569,Enea racconta Didone la caduta di Troia,Nicolò Bambini (maschio),1712,pittura mitologica,Galleria dell'Eneide,Pinacoteca di arte antica di Palazzo Buonaccorsi,Enea; Didone,pittura veneta,Eneide,300.0,300.0
http://www.wikidata.org/entity/Q110634767,Mercurio appare in sogno a Enea,Marcantonio Franceschini (maschio),1714,pittura mitologica,Galleria dell'Eneide,Pinacoteca di arte antica di Palazzo Buonaccorsi,Mercurio; Enea,pittura bolognese,Eneide,246.0,148.0
http://www.wikidata.org/entity/Q110681237,"San Giuseppe con il Bambino, Santa Caterina d'Alessandria e San Francesco di Sales",Ponziano Loverini (maschio),,arte religiosa,basilica di Sant'Alessandro in Colonna,,,,,300.0,196.0
http://www.wikidata.org/entity/Q110714745,Vir dolorum,Sandro Botticelli (maschio),1500,arte religiosa,Accademia Carrara,Accademia Carrara,Gesù; Imago pietatis,,Imago pietatis,47.6,32.3
http://www.wikidata.org/entity/Q110865329,Morte di Didone,Gregorio Lazzarini (maschio),1714,pittura mitologica,Galleria dell'Eneide,Pinacoteca di arte antica di Palazzo Buonaccorsi,Didone,pittura veneta,Eneide; Morte di Didone,300.0,300.0
http://www.wikidata.org/entity/Q110866078,Enea raccoglie il ramo d'oro,Giuseppe Gambarini (maschio),1712,pittura mitologica,Galleria dell'Eneide,Pinacoteca di arte antica di Palazzo Buonaccorsi,Enea,pittura bolognese,Eneide,258.0,133.0
http://www.wikidata.org/entity/Q110867847,Venere chiede a Vulcano di forgiare un'armatura per Enea,Luigi Garzi (maschio),1712,pittura mitologica,Galleria dell'Eneide,Pinacoteca di arte antica di Palazzo Buonaccorsi,Vulcano; Venere,barocco romano,Eneide,298.0,292.0
http://www.wikidata.org/entity/Q110868028,"bozzetto per ""Venere chiede a Vulcano di forgiare un'armatura per Enea""",Luigi Garzi (maschio),1711,pittura mitologica,Roma,Getty Museum; Colnaghi; Collezione Lemme,Vulcano; Venere,,Eneide,50.0,64.0
http://www.wikidata.org/entity/Q110868273,Venere offre le armi ad Enea,Paolo De Matteis (maschio),1712,pittura mitologica,Galleria dell'Eneide,Pinacoteca di arte antica di Palazzo Buonaccorsi,Enea; Venere,pittura napoletana,Eneide,246.0,136.0
http://www.wikidata.org/entity/Q110872609,Battaglia tra Enea e Mezenzio,Gregorio Lazzarini (maschio),1712,pittura mitologica,Galleria dell'Eneide,Pinacoteca di arte antica di Palazzo Buonaccorsi,Equus ferus caballus; spada; lancia; Enea; scudo; corazza; Mezenzio; colombo; soldato; elmo,pittura veneta,Eneide,304.0,326.0
http://www.wikidata.org/entity/Q110872935,La Chiesa annienta gli dei pagani,Francesco Mancini (maschio),1712,allegoria,Galleria dell'Eneide,Pinacoteca di arte antica di Palazzo Buonaccorsi,personificazione,,,135.0,178.0
http://www.wikidata.org/entity/Q111041574,Incoronazione della Vergine tra angeli e santi,Giotto (maschio),1328,arte religiosa,cappella Baroncelli,,Maria,,Incoronazione della Vergine,,
http://www.wikidata.org/entity/Q111042707,Apoteosi di San Francesco,Giotto (maschio); Maestro delle Vele (maschio),1334,arte religiosa,basilica inferiore di San Francesco d'Assisi,,trono; Francesco d'Assisi,,,,
http://www.wikidata.org/entity/Q110884929,Ritratto di giovane donna,Federico Barocci (maschio),1570,ritratto,Palazzo degli Uffizi,Palazzo degli Uffizi,donna; Lavinia Feltria della Rovere,,donna,45.0,33.0
http://www.wikidata.org/entity/Q110907797,Luigi XIV,Hyacinthe Rigaud (maschio),1800,ritratto,Museo Glauco Lombardi,Museo Glauco Lombardi,Luigi XIV di Francia,,Luigi XIV di Francia,40.0,31.0
http://www.wikidata.org/entity/Q110907328,San Giovanni Paolo II,Giuseppe Frascaroli (maschio),2014,ritratto,chiesa di Santa Maria delle Grazie,chiesa di Santa Maria delle Grazie,Papa Giovanni Paolo II,,Papa Giovanni Paolo II,70.0,60.0
http://www.wikidata.org/entity/Q111159651,Ritratto di Elisa Bonaparte,Marie-Guillemine Benoist (femmina),1806,ritratto,Museo di palazzo Mansi,Museo di palazzo Mansi,Elisa Bonaparte Baciocchi,,Elisa Bonaparte Baciocchi,214.0,129.0
http://www.wikidata.org/entity/Q111160508,Ritratto di Felice Baciocchi,Marie-Guillemine Benoist (femmina),1806,ritratto,Museo napoleonico di Roma,Museo napoleonico di Roma,Felice Baciocchi,,Felice Baciocchi,206.0,125.0
http://www.wikidata.org/entity/Q111255373,Regina Elena di Savoia,Giuseppe Amisani (maschio),1925,ritratto,palazzo della Farnesina,Collezione Farnesina Experimenta,Elena del Montenegro,,Elena del Montenegro,128.5,88.0
http://www.wikidata.org/entity/Q111255770,Re Vittorio Emanuele III,Giuseppe Amisani (maschio),1907,ritratto,Collezione Farnesina Experimenta,Collezione Farnesina Experimenta,Vittorio Emanuele III di Savoia,,Vittorio Emanuele III di Savoia,130.0,90.3
http://www.wikidata.org/entity/Q111256129,La carità,Antonio Rotta (maschio),,,,,,,,57.5,65.0
http://www.wikidata.org/entity/Q111257029,Silenzio eloquente,Antonio Rotta (maschio),1900,arte di genere,Palazzo della Ragione,GAM Verona,nobiltà,realismo,,26.0,36.0
http://www.wikidata.org/entity/Q111308504,Il salotto della principessa Matilde,Giuseppe De Nittis (maschio),1883,arte di genere,Palazzo della Marra,Pinacoteca Giuseppe De Nittis,Matilde Bonaparte; Locutorio (architettura),,,73.0,91.0
http://www.wikidata.org/entity/Q111509018,Adorazione dei Magi,Jacopo Bellini (maschio),1460,arte religiosa,Pinacoteca nazionale di Ferrara,Pinacoteca nazionale di Ferrara,Maria; Magi; dono; Adorazione dei Magi; Bambino Gesù; Gaspare; Melchiorre; Baldassarre,,Adorazione dei Magi,29.0,57.0
http://www.wikidata.org/entity/Q111508542,Madonna col Bambino,Jacopo Bellini (maschio),1440,arte religiosa,Accademia Carrara,Accademia Carrara,Maria; uccello; Bambino Gesù; Madonna col Bambino,,Madonna col Bambino,64.9,52.4
http://www.wikidata.org/entity/Q111486873,La Natività,,,,collegiata di San Michele Arcangelo,,,,,,
http://www.wikidata.org/entity/Q111485530,Annuncio a Zaccaria,Francesco Guarini (maschio),1637,,,,,,,,
http://www.wikidata.org/entity/Q111485979,Martirio di Sant'Agata (taglio dei seni),Francesco Guarini (maschio),1640,arte religiosa,chiesa di Sant'Agata Irpina,,,,martirio,,
http://www.wikidata.org/entity/Q111486358,La liberazione di San Pietro,Francesco Guarini (maschio),1632,,collegiata di San Michele arcangelo,,,,,,
http://www.wikidata.org/entity/Q111486756,La cacciata degli angeli ribelli,,,,collegiata di San Michele Arcangelo,,,,,,
http://www.wikidata.org/entity/Q111486805,Il Paradiso,Giovan Tommaso Guarini (maschio),,,collegiata di San Michele Arcangelo,,,,,,
http://www.wikidata.org/entity/Q111512548,Ritratto di Giuseppe Candiani,Giuseppe Molteni (maschio),1832,ritratto,Padiglione Centrale dell'Ospedale di Busto Arsizio,Quadreria dell'ospedale di Busto Arsizio,Giuseppe Candiani,,Giuseppe Candiani,87.0,70.0
http://www.wikidata.org/entity/Q111577849,pigmalione e galatea,Agnolo Bronzino (maschio),1529,pittura mitologica,,Palazzo degli Uffizi,Pigmalione e Galatea,,Pigmalione e Galatea,83.0,64.5
http://www.wikidata.org/entity/Q111593419,Il Parlatorio delle monache di San Zaccaria,Francesco Guardi (maschio),1750,,Ca' Rezzonico; Museo del settecento veneziano,Ca' Rezzonico; Museo del settecento veneziano,ex monastero di San Zaccaria,,ex monastero di San Zaccaria,108.0,208.0
http://www.wikidata.org/entity/Q111972094,Lampi,Luigi Russolo (maschio),1910,,Galleria Nazionale d'Arte Moderna e Contemporanea,Galleria Nazionale d'Arte Moderna e Contemporanea,,,fulmine,,
http://www.wikidata.org/entity/Q111976882,"Madonna col Bambino tra i santi Girolamo, Benedetto, Maddalena e Giustina",Benedetto Rusconi (maschio),1515,arte religiosa,,Gallerie dell'Accademia,Maria; Bambino Gesù,,Sacra conversazione,200.0,230.0
http://www.wikidata.org/entity/Q112007402,Ritratto di Pio VII,Teodoro Matteini (maschio),1801,ritratto,basilica di San Giorgio Maggiore,basilica di San Giorgio Maggiore,papa Pio VII; trono; tiara,,papa Pio VII,328.0,250.0
http://www.wikidata.org/entity/Q112034223,Autoritratto,Andrea Appiani (maschio),1790,autoritratto,Pinacoteca di Brera,Pinacoteca di Brera,Andrea Appiani,,Andrea Appiani,19.0,15.5
http://www.wikidata.org/entity/Q112034219,Il concertino,Pietro Longhi (maschio),,,Pinacoteca di Brera,Pinacoteca di Brera,famiglia,,,,
http://www.wikidata.org/entity/Q112074870,Il richiamo del contingente,Odoardo Borrani (maschio),1869,pittura storica; arte di genere,sede storica della Cassa di Risparmio di Firenze,sede storica della Cassa di Risparmio di Firenze; Fondazione Cassa di Risparmio di Firenze,,,,,
http://www.wikidata.org/entity/Q112075694,Ritratto di papa Paolo IV Carafa,,1558,ritratto,Palazzo Ducale,Palazzo Ducale,papa Paolo IV,pittura rinascimentale italiana,papa Paolo IV,105.3,84.4
http://www.wikidata.org/entity/Q111718624,Ritratto di Clemente IX benedicente,Giovan Battista Gaulli (maschio),1667,ritratto,Palazzo Chigi,Palazzo Chigi,papa Clemente IX,,papa Clemente IX,74.0,60.0
http://www.wikidata.org/entity/Q111738668,Tabernacolo di San Sebastiano,Antonio Rossellino (maschio); Francesco Botticini (maschio),1476,,Pinacoteca Museo della Collegiata di Sant'Andrea,Pinacoteca Museo della Collegiata di Sant'Andrea,san Sebastiano,,san Sebastiano,,
http://www.wikidata.org/entity/Q111803475,Signora col cane,Giuseppe De Nittis (maschio),1878,arte di genere,Museo Revoltella,Museo Revoltella,donna,impressionismo,,150.0,90.0
http://www.wikidata.org/entity/Q112109956,Incredulità di San Tommaso,,1615,arte religiosa,Palazzo degli Uffizi,Palazzo degli Uffizi,Gesù; apostolo; Tommaso; L'incredulità di Tommaso,,L'incredulità di Tommaso,108.5,145.0
http://www.wikidata.org/entity/Q112133543,La Deposizione,,1601,arte religiosa,chiesa di Santa Maria Assunta in Cielo,Parrocchia di Santa Maria Assunta,,,deposizione di Gesù,,
http://www.wikidata.org/entity/Q112110434,Ritratto di Carlo Alberto di Savoia-Carignano,Ferdinando Cavalleri (maschio),1832,ritratto,Castello Reale di Racconigi,Castello Reale di Racconigi,Carlo Alberto di Savoia,,Carlo Alberto di Savoia,302.0,199.0
http://www.wikidata.org/entity/Q112122261,Ritratto di papa Pio IX,George Peter Alexander Healy (maschio),1871,ritratto,Museo Pio IX,Museo Pio IX,papa Pio IX,,papa Pio IX,156.0,112.0
http://www.wikidata.org/entity/Q112125081,Ritratto di papa Pio V,Bartolomeo Passarotti (maschio),1579,ritratto,Spoleto,,tenda; papa Pio V; trono,Rinascimento,,,
http://www.wikidata.org/entity/Q112133371,La caduta di Gesù,,1601,,chiesa di Santa Maria Assunta in Cielo,Parrocchia di Santa Maria Assunta,,,,,
http://www.wikidata.org/entity/Q112675085,Ritratto di papa Benedetto XV,Giovanni Battista Torriglia (maschio),1918,ritratto,basilica di Santa Maria delle Vigne,basilica di Santa Maria delle Vigne,libro; Papa Benedetto XV; crocifisso; trono,,Papa Benedetto XV,190.0,130.0
http://www.wikidata.org/entity/Q112228996,L’usuraio (L’Antiquario),Domenico Induno (maschio),1853,arte di genere,Palazzo Pitti,Galleria d'arte moderna di Firenze,,realismo,,81.0,55.0
http://www.wikidata.org/entity/Q112798481,Ritratto di papa Clemente VIII Aldobrandini,Cavalier d'Arpino (maschio),1598,ritratto,Museo diocesano di Senigallia,Museo diocesano di Senigallia,libro; cranio; stemma; tenda; papa Clemente VIII; trono; colombo; scrivania; scrittura,manierismo; pittura rinascimentale italiana,papa Clemente VIII,177.0,166.0
http://www.wikidata.org/entity/Q112958938,Due cani,Johann Gottlieb Hackert (maschio),1782,,Accademia Carrara,Accademia Carrara; Collezione Lochis,cane,,cane,24.0,31.0
http://www.wikidata.org/entity/Q113005931,Ritratto di papa Clemente XIII Rezzonico,Anton Raphael Mengs (maschio),1758,ritratto,Pinacoteca Nazionale di Bologna,Pinacoteca Nazionale di Bologna,papa Clemente XIII,pittura barocca,papa Clemente XIII,153.0,111.0
http://www.wikidata.org/entity/Q113006398,Deposizione nel Sepolcro,Jacopo Tintoretto (maschio),1590,arte religiosa,basilica di San Giorgio Maggiore,basilica di San Giorgio Maggiore,Gesù; Maria,pittura veneta,deposizione di Gesù,288.0,166.0
http://www.wikidata.org/entity/Q113016417,Ritratto di papa Giulio III,Girolamo Siciolante da Sermoneta (maschio),1550,ritratto,Galleria Spada,Galleria Spada,papa Giulio III,manierismo; pittura rinascimentale italiana,papa Giulio III,89.5,64.5
http://www.wikidata.org/entity/Q113328821,Ritratto di Clemente XIII Rezzonico,Anton Raphael Mengs (maschio),1758,ritratto,Museo del settecento veneziano,Museo del settecento veneziano,papa Clemente XIII,pittura barocca,papa Clemente XIII,100.0,85.0
http://www.wikidata.org/entity/Q113328601,L'amazzone,Giovanni Boldini (maschio),1878,ritratto,Galleria d'arte moderna di Milano,Galleria d'arte moderna di Milano,cane; Equus ferus caballus; Alice Regnault,,Alice Regnault,69.0,58.0
http://www.wikidata.org/entity/Q113465666,Eva,Lucas Cranach il Vecchio (maschio),1528,nudo artistico; arte religiosa,,Palazzo degli Uffizi,donna; nudità; Eva,rinascimento tedesco,Eva,167.0,61.0
http://www.wikidata.org/entity/Q113465655,Adamo,Lucas Cranach il Vecchio (maschio),1528,nudo artistico; arte religiosa,,Palazzo degli Uffizi,nudità; Adamo; albero della conoscenza del bene e del male,rinascimento tedesco,Adamo,167.0,63.0
http://www.wikidata.org/entity/Q113444533,Ritratto dell'attrice Alice Regnault,Giovanni Boldini (maschio),1880,ritratto,collezione privata,,donna; Alice Regnault; negligé; posizione seduta; attrice,impressionismo,Alice Regnault,102.0,82.0
http://www.wikidata.org/entity/Q113550634,Autoritratto,Cesare Dell'Acqua (maschio),1851,autoritratto,Museo Revoltella,Museo Revoltella,Cesare Dell'Acqua,romanticismo,Cesare Dell'Acqua,40.0,40.0
http://www.wikidata.org/entity/Q113825024,Ritratto di Guidobaldo II della Rovere,Agnolo Bronzino (maschio),1531,ritratto,Sala di Giove,Galleria Palatina,cane; Guidobaldo II della Rovere,pittura rinascimentale italiana,Guidobaldo II della Rovere,114.0,86.0
http://www.wikidata.org/entity/Q113988555,Cardinale Giuseppe Siri,Giuseppe Frascaroli (maschio),2016,ritratto,Molo,Palazzo Arcivescovile,stemma; Giuseppe Siri; cupola di San Pietro,,Giuseppe Siri,100.0,80.0
http://www.wikidata.org/entity/Q114417792,San Girolamo,Federico Barocci (maschio),1600,arte religiosa,Galleria Borghese,Galleria Borghese,Sofronio Eusebio Girolamo,,Sofronio Eusebio Girolamo,97.0,67.0
http://www.wikidata.org/entity/Q114065222,Ritratto di papa Innocenzo IX,,1700,ritratto,duomo di Fidenza,Museo del Duomo di Fidenza,papa Innocenzo IX,,papa Innocenzo IX,64.5,50.5
http://www.wikidata.org/entity/Q114241461,Ritratto di Jacques-Bénigne Bossuet,Hyacinthe Rigaud (maschio),1698,ritratto,Corridoio Vasariano,Palazzo degli Uffizi,Jacques Bénigne Bossuet,,Jacques Bénigne Bossuet,72.0,58.5
http://www.wikidata.org/entity/Q114417179,Madonna di san Simone,Federico Barocci (maschio),1567,arte religiosa,Galleria nazionale delle Marche; Convento di San Francesco,Galleria nazionale delle Marche,Maria; Simone il Cananeo; Giuda Taddeo,,,281.0,190.0
http://www.wikidata.org/entity/Q114601165,Tobia e san Raffaele Arcangelo,Tiziano Vecellio (maschio),1530,arte religiosa,chiesa della Madonna dell'Orto,chiesa della Madonna dell'Orto,cane; Raffaele; Tobia; Tobia e l'angelo; Tobi,pittura veneta,Tobia e l'angelo,193.0,130.0
http://www.wikidata.org/entity/Q114647508,Ritratto di Elisabetta di Sassonia,Cipriano Cei (maschio),1909,ritratto,Castello Reale di Racconigi,Castello Reale di Racconigi,Elisabetta di Sassonia,,Elisabetta di Sassonia,120.5,92.0
http://www.wikidata.org/entity/Q114647547,Leda e il cigno,Jacopo Tintoretto (maschio),1553,nudo artistico; pittura mitologica,Palazzo degli Uffizi; Munich Central Collecting Point,Palazzo degli Uffizi; Munich Central Collecting Point,Giove; nudità; Zeus; cigno; Leda; Leda e il cigno,pittura veneta,Leda e il cigno,147.5,147.5
http://www.wikidata.org/entity/Q115380883,Ritratto di Papa Pio VIII,Clemente Alberi (maschio),1845,ritratto,musei civici di Pesaro,musei civici di Pesaro,papa Pio VIII,,papa Pio VIII,74.0,61.0
http://www.wikidata.org/entity/Q115192337,Martirio di Santa Caterina d'Alessandria,Guido Reni (maschio),1606,arte religiosa,Museo diocesano,Museo diocesano,boia; Caterina d'Alessandria; angelo,,Caterina d'Alessandria,272.0,191.0
http://www.wikidata.org/entity/Q115193266,Miracolo di san Verano,Giovanni Lanfranco (maschio),1610,arte religiosa,Museo diocesano,Museo diocesano,miracolo; Verano di Cavaillon,,Verano di Cavaillon,258.0,186.0
http://www.wikidata.org/entity/Q115206624,Enea e Didone si inoltrano verso la grotta (bozzetto),Francesco Solimena (maschio),1712,pittura mitologica,Musei civici di Palazzo Buonaccorsi,Pinacoteca di arte antica di Palazzo Buonaccorsi,Cupido; Giunone; Enea; Didone,pittura napoletana,Eneide,73.7,77.0
http://www.wikidata.org/entity/Q115249957,L'Immacolata Concezione,Guercino (maschio),1650,arte religiosa,Palazzo Bosdari,Pinacoteca civica Francesco Podesti,Immacolata Concezione; Dio Padre; angelo; luna crescente,barocco,Immacolata Concezione,259.0,180.0
http://www.wikidata.org/entity/Q115326515,Presentazione della Vergine al Tempio,Federico Barocci (maschio),1600,arte religiosa,chiesa di Santa Maria in Vallicella,chiesa di Santa Maria in Vallicella,Maria; Presentazione della Beata Vergine Maria; Presentazione di Maria,,,381.0,248.0
http://www.wikidata.org/entity/Q115327275,Ritratto di papa Clemente IX Rospigliosi benedicente,Giovan Battista Gaulli (maschio),1668,ritratto,Palazzo Barberini,Galleria nazionale d'arte antica,papa Clemente IX,barocco,papa Clemente IX,74.5,61.7
http://www.wikidata.org/entity/Q115329022,Ritratto del cardinale Giulio Rospigliosi,Giovanni Maria Morandi (maschio),1667,ritratto,Palazzo Barberini,Galleria nazionale d'arte antica,papa Clemente IX,,papa Clemente IX,242.0,174.5
http://www.wikidata.org/entity/Q115350433,Ritratto di papa Gregorio XVI,Francesco Podesti (maschio),1832,ritratto,Palazzo Bosdari,Pinacoteca civica Francesco Podesti,papa Gregorio XVI,pittura romantica,papa Gregorio XVI,174.0,124.0
http://www.wikidata.org/entity/Q115363544,Ritratto di papa Leone X con i cardinali Giulio de' Medici e Innocenzo Cybo,Giuliano Bugiardini (maschio),1519,ritratto,Palazzo Barberini,Galleria nazionale d'arte antica,papa Leone X; papa Clemente VII; Innocenzo Cybo,,papa Leone X; papa Clemente VII; Innocenzo Cybo,157.0,117.5
http://www.wikidata.org/entity/Q115382052,Ritratto del conte Stefano Tomani Amiani,Clemente Alberi (maschio),1831,ritratto,Palazzo Malatestiano,Museo civico di Fano,Stefano Tomani Amiani,,Stefano Tomani Amiani,70.0,53.0
http://www.wikidata.org/entity/Q115390601,Ritratto di Alessandro VII Chigi,Pier Francesco Mola (maschio),1659,ritratto,Milano,,papa Alessandro VII,barocco,papa Alessandro VII,119.0,95.0
http://www.wikidata.org/entity/Q115430770,Ritratto di papa Clemente X,,1700,ritratto,Galleria Palatina,Galleria Palatina,papa Clemente X,,papa Clemente X,74.0,57.0
http://www.wikidata.org/entity/Q115431741,Ritratto del cardinale Ippolito de' Medici,Cristofano dell'Altissimo (maschio),1563,ritratto,Galleria Palatina,Galleria Palatina,Ippolito de' Medici,manierismo,Ippolito de' Medici,60.0,43.5
http://www.wikidata.org/entity/Q115434462,Ritratto di Clemente VII con barba,Sebastiano del Piombo (maschio),1529,ritratto,Museo nazionale di Capodimonte,Museo nazionale di Capodimonte,papa Clemente VII,Rinascimento,papa Clemente VII,55.0,34.0
http://www.wikidata.org/entity/Q115453601,Ritratto di papa Clemente VII,,1567,ritratto,Corridoio Vasariano,Palazzo degli Uffizi,papa Clemente VII,manierismo,papa Clemente VII,16.0,12.5
http://www.wikidata.org/entity/Q115452504,Il Crocifisso fra S. Giovanni Battista e S. Nicola da Tolentino,Andrea Lilli (maschio),1574,arte religiosa,Palazzo Bosdari,Pinacoteca civica Francesco Podesti,bambino; crocifisso; Giovanni Battista; Nicola da Tolentino,manierismo,crocifisso,112.0,96.0
http://www.wikidata.org/entity/Q115456457,Ritratto di Cosimo I de' Medici,,1547,ritratto,Sala di Prometeo,Galleria Palatina,Cosimo I de' Medici; armatura; Vello d'oro,pittura rinascimentale italiana,Cosimo I de' Medici,77.5,60.2
http://www.wikidata.org/entity/Q115470798,Papa Clemente VII e l'imperatore Carlo V a colloquio,Giorgio Vasari (maschio),1559,pittura storica,Sala di Clemente VII,Palazzo Vecchio,Bologna; Carlo V d'Asburgo; papa Clemente VII,pittura rinascimentale italiana,Carlo V d'Asburgo; papa Clemente VII,100.0,146.0
http://www.wikidata.org/entity/Q115484898,Putti incoronano la dea Minerva,Niccolò Ricciolini (maschio),1715,,Galleria dell'Eneide,Pinacoteca di arte antica di Palazzo Buonaccorsi,Minerva; putto,,fondazione di Roma,90.0,150.0
http://www.wikidata.org/entity/Q115512129,Putto che incorona con l'alloro l'aquila che ha battuto il leone,Niccolò Ricciolini (maschio),1715,,Galleria dell'Eneide,Pinacoteca di arte antica di Palazzo Buonaccorsi,leone; putto; corona trionfale; aquila,,fondazione di Roma,90.0,150.0
http://www.wikidata.org/entity/Q115522910,putti con vessillo e fascio littorio,Niccolò Ricciolini (maschio),1715,,Galleria dell'Eneide,Pinacoteca di arte antica di Palazzo Buonaccorsi,corona; putto; vessillo; fascio littorio,,,90.0,150.0
http://www.wikidata.org/entity/Q115555506,Putti con scudo e insegne romane,Niccolò Ricciolini (maschio),1715,,Galleria dell'Eneide,Pinacoteca di arte antica di Palazzo Buonaccorsi,spada; scudo; putto; Insegne militari romane; fascio littorio,,fondazione di Roma,90.0,150.0
http://www.wikidata.org/entity/Q115589005,Elemosina di san Benedetto,Bergognone (maschio),1490,arte religiosa,Castello Sforzesco,Pinacoteca del Castello Sforzesco,Benedetto da Norcia,,,27.5,29.0
http://www.wikidata.org/entity/Q115589179,Madonna allattante,,,,santuario di Montevergine,,,,,231.0,99.0
http://www.wikidata.org/entity/Q114863216,Autoritratto,Giuseppe Maria Crespi (maschio),1720,autoritratto,Pinacoteca Nazionale di Bologna,Pinacoteca Nazionale di Bologna,Giuseppe Maria Crespi,,,95.5,80.5
http://www.wikidata.org/entity/Q114869573,L'angelo custode,Pietro Ricchi (maschio),1653,arte religiosa,MAG Museo Alto Garda,,Gesù; bambino; angelo custode,,angelo custode,,
http://www.wikidata.org/entity/Q114775095,Compianto sul Cristo morto,Alessandro Tiarini (maschio),1617,arte religiosa,Pinacoteca Nazionale di Bologna,Pinacoteca Nazionale di Bologna,Gesù; Compianto sul Cristo morto,,Compianto sul Cristo morto,323.0,213.0
http://www.wikidata.org/entity/Q115110979,Ritratto di papa Pio V,Scipione Pulzone (maschio),1570,ritratto,Palazzo Colonna,Palazzo Colonna,papa Pio V; trono,manierismo; pittura rinascimentale italiana,papa Pio V,175.0,112.0
http://www.wikidata.org/entity/Q114772679,Santa Palazia,Guercino (maschio),1658,arte religiosa,Basilica cattedrale di San Ciriaco; convento di Santa Palazia; Palazzo Bosdari,Pinacoteca civica Francesco Podesti,turibolo; angelo; Navicella; Santa Palazia,barocco,Santa Palazia,370.0,215.0
http://www.wikidata.org/entity/Q114793365,La casa dell'artista,Umberto Moggioli (maschio),1918,arte di genere,Ca' Pesaro; Galleria internazionale d'arte moderna,Galleria internazionale d'arte moderna,donna; casa,,casa,145.0,120.0
http://www.wikidata.org/entity/Q114807998,Cavalcata di soldati nel bosco,Giovanni Fattori (maschio),1900,,Novara,Galleria Giannoni,,,,276.0,450.0
http://www.wikidata.org/entity/Q114811811,Scogliera a Quarto,Pompeo Mariani (maschio),1891,,Novara,Galleria Giannoni,,,,37.0,45.0
http://www.wikidata.org/entity/Q114825983,Veduta di Ancona,Andrea Lilli (maschio),1597,vedutismo; arte religiosa,Palazzo Bosdari,Pinacoteca civica Francesco Podesti,Ancona,manierismo,Ancona,64.0,257.0
http://www.wikidata.org/entity/Q114857806,Ritratto di papa Leone X,Ludovico Buti (maschio),1585,ritratto,Palazzo degli Uffizi,Palazzo degli Uffizi,libro; sedia; papa Leone X; campanella,manierismo,papa Leone X,141.0,116.0
http://www.wikidata.org/entity/Q114859027,Ritratto di papa Bonifacio VIII,Cristofano dell'Altissimo (maschio),1560,ritratto,Palazzo degli Uffizi,Palazzo degli Uffizi,papa Bonifacio VIII,manierismo,papa Bonifacio VIII,60.0,45.0
http://www.wikidata.org/entity/Q114937054,Ritratto del cardinale Cesare Nembrini Pironi Gonzaga,Francesco Podesti (maschio),1825,ritratto,Palazzo Bosdari,Pinacoteca civica Francesco Podesti,Cesare Nembrini Pironi Gonzaga; pastorale; mitria; Galero,,Cesare Nembrini Pironi Gonzaga,137.0,100.0
http://www.wikidata.org/entity/Q115041810,Ritratto di papa Pio VI,Pompeo Batoni (maschio),1780,ritratto,Pinacoteca comunale di Cesena,Pinacoteca comunale di Cesena,papa Pio VI,neoclassicismo,papa Pio VI,230.0,150.0
http://www.wikidata.org/entity/Q115067483,Madonna del Magnificat,Sandro Botticelli (maschio),1480,arte religiosa,,,Maria; donna; ragazzo; madre; Bambino Gesù; Madonna col Bambino,Primo Rinascimento,Madonna col Bambino,,
http://www.wikidata.org/entity/Q115102928,Ritratto di Giovanni Battista Caprara Montecuccoli,Protasio Girolamo Stambucchi (maschio),1811,ritratto,Raccolte d'arte dell'Ospedale Maggiore di Milano,Raccolte d'arte dell'Ospedale Maggiore di Milano,Giovanni Battista Caprara Montecuccoli,neoclassicismo,Giovanni Battista Caprara Montecuccoli,221.0,130.0
http://www.wikidata.org/entity/Q115153302,La Madonna dell'ala,Bruno Tano (maschio),1931,aeropittura,Musei civici di Palazzo Buonaccorsi,Raccolta d'arte del Novecento di Palazzo Buonaccorsi,Maria; Bambino Gesù; Madonna col Bambino,futurismo,Madonna col Bambino,137.0,70.0
http://www.wikidata.org/entity/Q115153353,Ritratto di Matilde Monori Puini,,1905,ritratto,Musei civici di Palazzo Buonaccorsi,Raccolta d'arte del Novecento di Palazzo Buonaccorsi,sedia; cappello; spilla,eclettismo,,103.0,68.0
http://www.wikidata.org/entity/Q114770904,San Francesco di Assisi riceve le stimmate,Jan van Eyck (maschio),1434,arte religiosa,Galleria Sabauda,Galleria Sabauda,Stimmate di San Francesco,primitivi fiamminghi,Stimmate di San Francesco,29.2,33.4
http://www.wikidata.org/entity/Q115862528,Martirio di San Giorgio e dell'Imperatrice Alessandra,Ercole Graziani (maschio),1737,arte religiosa,cattedrale di San Giorgio,,san Giorgio; Alessandra da Roma,,,,
http://www.wikidata.org/entity/Q115796466,Assunzione della Vergine,Federico Barocci (maschio),1606,arte religiosa,Galleria nazionale delle Marche,Galleria nazionale delle Marche,Assunzione di Maria,,Assunzione di Maria,241.5,171.5
http://www.wikidata.org/entity/Q115652286,Adorazione dei Re Magi,Sandro Botticelli (maschio),1500,arte religiosa,Palazzo degli Uffizi,Palazzo degli Uffizi,Maria; Magi; San Giuseppe; Bambino Gesù; insieme di umani; Adorazione dei Magi,,Adorazione dei Magi,107.5,173.0
http://www.wikidata.org/entity/Q115662781,Ritratto di papa Leone X,,1567,ritratto; miniatura,Corridoio Vasariano,Palazzo degli Uffizi,papa Leone X,manierismo,papa Leone X,16.0,12.5
http://www.wikidata.org/entity/Q115659447,Ritratto di Lorenzo de' Medici il Magnifico,,1567,ritratto,Corridoio Vasariano,Palazzo degli Uffizi,Lorenzo de' Medici,manierismo,Lorenzo de' Medici,16.0,12.5
http://www.wikidata.org/entity/Q115669298,La negromante,Angelo Caroselli (maschio),1649,ritratto,Palazzo Bosdari,Pinacoteca civica Francesco Podesti,donna; libro; colonna; bambino; uomo; cranio umano; negromante; candela,,negromanzia,44.0,35.0
http://www.wikidata.org/entity/Q115680005,Madonna della Misericordia,Fra Bartolomeo (maschio),1515,,Museo nazionale di Villa Guinigi,Museo nazionale di Villa Guinigi,Maria,,Madonna della Misericordia,,
http://www.wikidata.org/entity/Q115707472,San Giovanni XXIII,Giuseppe Frascaroli (maschio),2014,ritratto; arte religiosa,chiesa di Santa Maria delle Grazie,chiesa di Santa Maria delle Grazie,Papa Giovanni XXIII,,Papa Giovanni XXIII,70.0,60.0
http://www.wikidata.org/entity/Q115727218,Marina del Porto,Salvator Rosa (maschio),1641,paesaggio marino,Palazzo Pitti; Palazzo Venturi Ginori,Galleria Palatina,,,,233.0,399.0
http://www.wikidata.org/entity/Q115770576,Ritratto di papa Paolo III,Guglielmo De Sanctis (maschio),1860,ritratto,Spedale degli Innocenti,Museo degli innocenti,papa Paolo III,,papa Paolo III,40.0,30.0
http://www.wikidata.org/entity/Q115776591,Cristo nel sepolcro,Nicolaos Tzafouris (maschio),1500,arte religiosa,Palazzo Toschi Mosca,musei civici di Pesaro,Gesù; Pietà,scuola cretese,Imago pietatis,43.0,34.0
http://www.wikidata.org/entity/Q115783769,Porta con con Trionfo di Bacco,,1715,pittura mitologica,Galleria dell'Eneide,Pinacoteca di arte antica di Palazzo Buonaccorsi,leopardo; putto; Menadi; Sileno; Bacco,,Il trionfo di Bacco,311.0,148.0
http://www.wikidata.org/entity/Q115789803,Ritratto di papa Paolo III Farnese,,1800,ritratto,palazzo Bossi Bocchi,Museo Fondazione Cariparma,papa Paolo III,,papa Paolo III,63.0,46.5
http://www.wikidata.org/entity/Q115787659,Ritratto di papa Giulio II,Tiziano Vecellio (maschio),1540,ritratto,Sala di Venere,Galleria Palatina,papa Giulio II,pittura veneta,papa Giulio II,100.0,82.5
http://www.wikidata.org/entity/Q115788237,Ritratto della seconda moglie,Giovanni Fattori (maschio),1889,ritratto,Galleria d'arte moderna di Firenze,Galleria d'arte moderna di Firenze,Marianna Bigazzi,,Marianna Bigazzi,100.0,69.0
http://www.wikidata.org/entity/Q115798316,"Ritratto del cardinale Giovanni Maria Ciocchi del Monte, poi papa Giulio III",Prospero Fontana (maschio),1540,ritratto,Palazzo Rosso,Musei di Strada Nuova,papa Giulio III,manierismo,papa Giulio III,98.0,83.0
http://www.wikidata.org/entity/Q115821855,Il Perdono di Assisi,Federico Barocci (maschio),1580,arte religiosa,Galleria nazionale delle Marche,Galleria nazionale delle Marche,Gesù; Maria; Chiara d'Assisi; Francesco d'Assisi,,,110.0,71.0
http://www.wikidata.org/entity/Q115821974,Madonna di san Giovanni,Federico Barocci (maschio),1564,arte religiosa,Galleria nazionale delle Marche,Galleria nazionale delle Marche,Gesù; Maria; Giovanni,,,127.0,111.0
http://www.wikidata.org/entity/Q115839852,Crocifissione con i dolenti,Federico Barocci (maschio),1566,arte religiosa,Galleria nazionale delle Marche,Galleria nazionale delle Marche,Maria; Pietro; Giovanni; crocifissione di Gesù; Giuseppe di Arimatea; Nicodemo,,,288.0,161.0
http://www.wikidata.org/entity/Q115863339,Michelangelo presenta a papa Pio IV il modello di San Pietro in Vaticano,Passignano (maschio),1618,pittura storica,Casa Buonarroti,Casa Buonarroti,Michelangelo Buonarroti; papa Pio IV; chierico,,,236.0,141.0
http://www.wikidata.org/entity/Q113878786,Suicidio di Catone,Guercino (maschio),1641,,Palazzo Rosso,Musei di Strada Nuova,Morte di Catone,,Morte di Catone,,
http://www.wikidata.org/entity/Q117034670,Madonna col Bambino in trono,Maestro del Bigallo (maschio),1250,arte religiosa,Palazzo Cini,Collezione Vittorio Cini; Galleria di Palazzo Cini; Collezione Heinz Kisters,Maria; Bambino Gesù,,Madonna col Bambino,78.3,40.3
http://www.wikidata.org/entity/Q117041785,Natività,Antonio Semino (maschio),1535,arte religiosa,chiesa di San Giovanni Battista in San Domenico,,Maria; pastore; San Giuseppe; angelo; Bambino Gesù,,nascita di Gesù,219.0,171.0
http://www.wikidata.org/entity/Q117044144,Madonna del Rosario,Teramo Piaggio (maschio),1536,arte religiosa,chiesa di San Giovanni Battista in San Domenico,,umano; Madonna del Rosario; angelo; Caterina da Siena; Santa Lucia,,Madonna del Rosario,196.0,150.0
http://www.wikidata.org/entity/Q117051307,Adorazione dei Pastori,Bernardo Castello (maschio),1593,arte religiosa,santuario di Nostra Signora della Misericordia,,adorazione dei pastori,,adorazione dei pastori,200.0,167.0
http://www.wikidata.org/entity/Q117051343,Adorazione dei Pastori,Bernardo Castello (maschio),1609,arte religiosa,Cattedrale di Nostra Signora Assunta,,adorazione dei pastori,,adorazione dei pastori,300.0,194.0
http://www.wikidata.org/entity/Q117052364,Madonna della Neve,Bernardo Castello (maschio),1610,arte religiosa,santuario di Nostra Signora della Misericordia,,Nostra Signora della Neve,,,240.0,155.0
http://www.wikidata.org/entity/Q117043824,San Giovanni Evangelista a Patmos,Ortolano (maschio),1601,arte religiosa,Palazzo Cini,Galleria di Palazzo Cini; Collezione Vittorio Cini,Giovanni,,San Giovanni sull'isola di Patmos,127.0,96.0
http://www.wikidata.org/entity/Q117005860,Ritratto di gentiluomo,Francesco del Prato (maschio),1520,ritratto,Palazzo Cini,Collezione Contini Bonacossi; Collezione Vittorio Cini; Galleria di Palazzo Cini,uomo,,uomo,76.0,66.0
http://www.wikidata.org/entity/Q117041748,San Giovanni Battista nel deserto,Marco Zoppo (maschio),1475,arte religiosa,Castello di Monselice; Galleria di Palazzo Cini,Collezione Contini Bonacossi; Galleria di Palazzo Cini; Collezione Vittorio Cini,albero; cranio umano; Giovanni Battista; rovine; paesaggio; Wilderness (ecologia),,,40.0,30.0
http://www.wikidata.org/entity/Q117188285,Ritratto di Papa Pio VII,Teodoro Matteini (maschio),1800,ritratto,Museo Correr,Museo Correr,papa Pio VII,neoclassicismo,papa Pio VII,89.5,61.5
http://www.wikidata.org/entity/Q117051893,Presentazione di Maria al tempio,Domenichino (maschio),1624,arte religiosa,santuario di Nostra Signora della Misericordia,,Presentazione di Maria,,,225.0,135.0
http://www.wikidata.org/entity/Q117051271,Natività della Vergine,Orazio Borgianni (maschio),1700,arte religiosa,santuario di Nostra Signora della Misericordia,,nascita di Maria,,nascita di Maria,245.0,150.0
http://www.wikidata.org/entity/Q117042984,Presentazione di Gesù al Tempio,Ludovico Mazzolino (maschio),1525,arte religiosa,Palazzo Cini,Galleria di Palazzo Cini; Collezione Vittorio Cini; Collezione Contini Bonacossi,,,Presentazione al Tempio,59.0,38.8
http://www.wikidata.org/entity/Q117042320,Madonna con il Bambino,Giovanni Battista Cavalletto (maschio),1490,arte religiosa,Palazzo Cini,Galleria di Palazzo Cini,Maria; Bambino Gesù,,Madonna col Bambino,,
http://www.wikidata.org/entity/Q117005926,Testa di orientale dalla barba scura,Lorenzo Tiepolo (maschio),1754,ritratto,Palazzo Cini,Collezione Vittorio Cini; Galleria di Palazzo Cini,uomo,,,61.0,51.0
http://www.wikidata.org/entity/Q117005980,Testa di orientale dalla barba grigia,Giambattista Tiepolo (maschio),1754,ritratto,Palazzo Cini,Collezione Contini Bonacossi; Collezione Vittorio Cini; Galleria di Palazzo Cini,uomo,,,61.0,51.0
http://www.wikidata.org/entity/Q117023915,Madonna del Buon Consiglio,Defendente Ferrari (maschio),1600,arte religiosa,chiesa di Sant'Andrea Apostolo,,Maria; trono; angelo; Bambino Gesù,,,168.0,75.0
http://www.wikidata.org/entity/Q117024956,Madonna Immacolata con San Francesco di Sales,Agostino Ratti (maschio),1749,arte religiosa,chiesa di Sant'Andrea Apostolo,,Immacolata Concezione; angelo; Francesco di Sales,,,300.0,200.0
http://www.wikidata.org/entity/Q117034996,Cristo crocifisso,Bartolomeo di Fruosino (maschio),1410,arte religiosa,Palazzo Cini,Collezione Vittorio Cini; Galleria di Palazzo Cini,Gesù,,crocifisso,54.8,39.5
http://www.wikidata.org/entity/Q117035037,Cristo crocifisso,Pietro di Giovanni d'Ambrogio (maschio),1444,arte religiosa,Palazzo Cini,Collezione Vittorio Cini; Galleria di Palazzo Cini,Gesù; angelo,,crocifissione di Gesù,55.3,32.5
http://www.wikidata.org/entity/Q117034906,Madonna con il Bambino in trono,Maestro del Trittico Horne (maschio),1310,arte religiosa,Palazzo Cini,Collezione Contini Bonacossi; Collezione Vittorio Cini; Galleria di Palazzo Cini,Maria; Bambino Gesù,,Madonna col Bambino,182.0,103.0
http://www.wikidata.org/entity/Q117035093,Madonna con il Bambino e i santi Miniato e Girolamo,Matteo di Giovanni (maschio),1470,arte religiosa,Palazzo Cini,Collezione Vittorio Cini; Galleria di Palazzo Cini,Maria; Sofronio Eusebio Girolamo; Bambino Gesù; Miniato di Firenze,,Madonna col Bambino,63.0,44.0
http://www.wikidata.org/entity/Q117040607,"Madonna con il bambino e i santi Nicola, Girolamo, Agostino e Cristoforo",Michele Pannonio (maschio),1447,arte religiosa,Palazzo Cini,Collezione Vittorio Cini; Galleria di Palazzo Cini,Maria; Agostino d'Ippona; Sofronio Eusebio Girolamo; Nicola di Bari; San Cristoforo; Bambino Gesù,,Sacra conversazione,28.0,35.5
http://www.wikidata.org/entity/Q117043780,presentazione di Maria Vergine al tempio,,1600,arte religiosa,chiesa di San Giovanni Battista in San Domenico,,Maria; sacerdote; tempio; Sant'Anna; Gioacchino; Presentazione della Beata Vergine Maria,,,189.0,132.0
http://www.wikidata.org/entity/Q117086849,Ritratto di Lorenzo Onofrio Colonna,Jacob Ferdinand Voet (maschio),1684,ritratto,Palazzo Pallavicini Rospigliosi,Palazzo Pallavicini Rospigliosi,Lorenzo Onofrio Colonna,,Lorenzo Onofrio Colonna,75.0,61.5
http://www.wikidata.org/entity/Q117086888,Ritratto del conte Aldo Annoni,Cesare Tallone (maschio),1901,ritratto,Collezioni d'arte della Fondazione Cariplo,Collezioni d'arte della Fondazione Cariplo,Aldo Annoni,,Aldo Annoni,122.0,85.5
http://www.wikidata.org/entity/Q117086924,Ritratto del conte Giovanni Pietro Porro,Italo Josz (maschio),1925,ritratto,Collezioni d'arte della Fondazione Cariplo,Collezioni d'arte della Fondazione Cariplo,Gian Pietro Porro,,Gian Pietro Porro,102.5,77.5
http://www.wikidata.org/entity/Q117086970,Cav. Nob. Dott. Giacomo Porchera,Emilio Magistretti (maschio),1899,ritratto,Ospedale San Gerardo vecchio (Monza),ASST Monza,Giacomo Porchera,,Giacomo Porchera,70.0,90.0
http://www.wikidata.org/entity/Q117161791,Cristo in croce tra le Marie e San Giovanni Evangelista,Giovanni Mazone (maschio),1480,arte religiosa,Museo d'arte di Palazzo Gavotti,,Maria; crocifissione di Gesù; Maria Maddalena; Giovanni,,,105.0,65.0
http://www.wikidata.org/entity/Q117162400,Paolo e Francesca nel vortice infernale,Giuseppe Frascheri (maschio),1850,pittura mitologica,Museo d'arte di Palazzo Gavotti,,Publio Virgilio Marone; Francesca da Rimini; Paolo Malatesta,,,123.0,81.0
http://www.wikidata.org/entity/Q117164043,San Giorgio e un gruppo di disciplinanti,Lorenzo Fasolo (maschio),1490,arte religiosa,Museo d'arte di Palazzo Gavotti,,san Giorgio; flagellanti,,,128.0,47.0
http://www.wikidata.org/entity/Q115898761,Madonna di Campagna a Pallanza,,1596,,chiesa di Madonna di Campagna,chiesa di Madonna di Campagna,,,,,
http://www.wikidata.org/entity/Q116259243,Il foro a Roma,Giovanni Boldini (maschio),1911,paesaggio urbano,,,,,,32.0,26.5
http://www.wikidata.org/entity/Q116259790,Al pianoforte,Giovanni Boldini (maschio),1867,arte di genere,Palazzo della Provincia,Pinacoteca metropolitana di Bari,,,,11.5,7.3
http://www.wikidata.org/entity/Q116270130,"Cornelia, madre dei Gracchi",Alessandro Varotari (maschio),1620,,Museo del settecento veneziano,Museo del settecento veneziano,Cornelia,,Cornelia,,
http://www.wikidata.org/entity/Q116414251,Ritratto di mia moglie,Philip de László (maschio),1905,ritratto,Museo Boncompagni Ludovisi per le arti decorative,Galleria Nazionale d'Arte Moderna e Contemporanea,violino,,,72.1,52.1
http://www.wikidata.org/entity/Q116994793,Circoncisione,Ludovico Mazzolino (maschio),1522,arte religiosa,Palazzo Cini,Collezione Vittorio Cini; Galleria di Palazzo Cini,,,circoncisione di Gesù,31.0,23.2
http://www.wikidata.org/entity/Q116993417,San Giorgio,Ercole de' Roberti (maschio),1470,arte religiosa,basilica di San Petronio; Palazzo Cini,Collezione Vittorio Cini; Galleria di Palazzo Cini; Collezione Costabili,san Giorgio,,san Giorgio,26.3,9.3
http://www.wikidata.org/entity/Q116994722,Madonna con il Bambino,Lorenzo Costa (maschio),1505,arte religiosa,Palazzo Cini,Collezione Vittorio Cini; Galleria di Palazzo Cini,Maria; Bambino Gesù,,Madonna col Bambino,57.0,42.0
http://www.wikidata.org/entity/Q116995512,Riposo durante la fuga in Egitto con san Giovannino,Battista Dossi (maschio),1540,arte religiosa,Augusteum; Frederik Muller & Co; Palazzo Cini,Collezione Vittorio Cini; Collezione granducale di Oldenburg; Galleria di Palazzo Cini,Maria; San Giuseppe; Bambino Gesù; San Giovannino,,Fuga in Egitto; Riposo durante la fuga in Egitto,50.0,65.5
http://www.wikidata.org/entity/Q116772186,Papa Pio II,Pedro Berruguete (maschio); Giusto di Gand (maschio),1474,ritratto,Studiolo di Federico da Montefeltro,Galleria nazionale delle Marche,papa Pio II,Primo Rinascimento,papa Pio II,116.0,52.0
http://www.wikidata.org/entity/Q116912709,Autoritratto,Hyacinthe Rigaud (maschio),1716,autoritratto,Corridoio Vasariano,Corridoio Vasariano; Palazzo degli Uffizi,Hyacinthe Rigaud,,Hyacinthe Rigaud,80.0,64.0
http://www.wikidata.org/entity/Q116779908,L'Adorazione dei pastori,Jacopo Bassano (maschio),1593,arte religiosa,basilica di San Giorgio Maggiore,basilica di San Giorgio Maggiore,cane; Maria; Bos taurus taurus; nuvola; Equus asinus; cesto; San Giuseppe; pastore; angelo; Bambino Gesù; lampada; agnello,,nascita di Gesù,421.0,219.0
http://www.wikidata.org/entity/Q116780670,Ritratto di Pio IX,Adeodato Malatesta (maschio),1881,ritratto,Museo civico di Modena,Museo civico di Modena,papa Pio IX,,papa Pio IX,38.0,31.0
http://www.wikidata.org/entity/Q116806301,San Giorgio e il drago,Matteo Ponzone (maschio),1640,arte religiosa,basilica di San Giorgio Maggiore,basilica di San Giorgio Maggiore,città; roccia; Equus ferus caballus; nuvola; drago; uomo; albero; san Giorgio; Michele; angelo; Principessa,pittura veneta,san Giorgio e il drago,400.0,213.0
http://www.wikidata.org/entity/Q116804064,Presentazione di Gesù al tempio,Jacopo Palma il Giovane (maschio); Giuseppe Porta (maschio),1575,arte religiosa,basilica di San Giorgio Maggiore,basilica di San Giorgio Maggiore,Maria; donna; nuvola; uomo; edificio; Sant'Anna; cesto; angelo; Bambino Gesù; candela; scalino,pittura veneta,Presentazione al Tempio,340.0,218.0
http://www.wikidata.org/entity/Q116786123,Ritratto di papa Gregorio XVI,Gaspare Mattioli (maschio),1836,ritratto,museo civico delle Cappuccine,museo civico delle Cappuccine,papa Gregorio XVI,,papa Gregorio XVI,107.0,68.0
http://www.wikidata.org/entity/Q116734952,La religione dei Trapassati,Carlo Bonatto Minella (maschio),,pittura mitologica,Torino,Galleria civica d'arte moderna e contemporanea di Torino,,,,107.0,77.0
http://www.wikidata.org/entity/Q116771231,Ritratto di Cosimo III de' Medici granduca di Toscana,,1722,ritratto,Palazzo degli Uffizi,Palazzo degli Uffizi,Cosimo III de' Medici,,Cosimo III de' Medici,141.0,118.0
http://www.wikidata.org/entity/Q116771349,Madonna con il Bambino e santi,Sebastiano Ricci (maschio),1708,arte religiosa,basilica di San Giorgio Maggiore,basilica di San Giorgio Maggiore,Maria; libro; Paolo di Tarso; Pietro; Sofronio Eusebio Girolamo; Benedetto da Norcia; Gerardo di Csanád; Caterina d'Alessandria; liuto; Scolastica da Norcia; angelo; pastorale; Bambino Gesù; Cartiglio,,Madonna col Bambino,406.0,208.0
http://www.wikidata.org/entity/Q116771885,Cristo risorto con Sant'Andrea e donatori,Jacopo Tintoretto (maschio); Domenico Robusti (maschio),1584,arte religiosa,basilica di San Giorgio Maggiore,basilica di San Giorgio Maggiore,Gesù; fiore; nuvola; albero; edificio; Andrea; collina; arcangelo; angelo; Vincenzo Morosini; Santo Sepolcro,pittura veneta,Risurrezione di Gesù,357.0,213.0
http://www.wikidata.org/entity/Q116780072,Madonna incoronata tra Santi Benedettini,Jacopo Tintoretto (maschio),1593,arte religiosa,basilica di San Giorgio Maggiore,basilica di San Giorgio Maggiore,Maria; nuvola; albero; Trinità; papa Gregorio I; Benedetto da Norcia; collina; chiodo; mitria; angelo; palma del martirio; committente,pittura veneta,Incoronazione della Vergine,458.0,285.0
http://www.wikidata.org/entity/Q116802769,Martirio di Santa Lucia,Leandro Bassano (maschio),1596,arte religiosa,basilica di San Giorgio Maggiore,basilica di San Giorgio Maggiore,Santa Lucia; palma del martirio,,Santa Lucia,405.0,214.0
http://www.wikidata.org/entity/Q116804839,Martirio dei santi Cosma e Damiano,Domenico Robusti (maschio),1592,arte religiosa,basilica di San Giorgio Maggiore,basilica di San Giorgio Maggiore,Damiano; Cosma,,Cosma e Damiano,422.0,217.0
http://www.wikidata.org/entity/Q116805369,Lapidazione di Santo Stefano,Domenico Robusti (maschio),1594,arte religiosa,basilica di San Giorgio Maggiore,basilica di San Giorgio Maggiore,Gesù; Paolo di Tarso; Trinità; Michele; Stefano; Dio Padre,pittura veneta,lapidazione di santo Stefano,458.0,285.0
http://www.wikidata.org/entity/Q116807092,San Giorgio uccide il drago,Vittore Carpaccio (maschio),1516,arte religiosa,basilica di San Giorgio Maggiore,basilica di San Giorgio Maggiore,drago; Sofronio Eusebio Girolamo; Benedetto da Norcia; san Giorgio; Stefano; predella,,san Giorgio e il drago,180.0,226.0
http://www.wikidata.org/entity/Q116875391,Doppio ritratto,Pontormo (maschio),1523,ritratto,Palazzo Cini,Galleria di Palazzo Cini; Collezione Vittorio Cini,amico,,amicizia,88.0,67.5
http://www.wikidata.org/entity/Q116912669,Autoritratto di Justus Suttermans,Justus Sustermans (maschio),1655,autoritratto,Palazzo degli Uffizi,Palazzo degli Uffizi,Justus Sustermans,,Justus Sustermans,77.0,61.0
http://www.wikidata.org/entity/Q116912674,Banchetto a lume di candela,Gerard van Honthorst (maschio),1617,arte di genere,Palazzo degli Uffizi,Palazzo degli Uffizi,banchetto,,banchetto,138.0,203.0
http://www.wikidata.org/entity/Q116912676,Ritratto di papa Adriano VI,Cristofano dell'Altissimo (maschio),1562,ritratto,Palazzo degli Uffizi,Palazzo degli Uffizi,papa Adriano VI,manierismo,papa Adriano VI,58.0,44.0
http://www.wikidata.org/entity/Q116912691,Ritratto di Anna Maria Luisa de' Medici,,1713,ritratto,Palazzo degli Uffizi,Palazzo degli Uffizi,Anna Maria Luisa de' Medici,,Anna Maria Luisa de' Medici,76.0,54.0
http://www.wikidata.org/entity/Q116912704,Ritratto di Filippo IV di Spagna a cavallo,Juan Bautista Martínez del Mazo (maschio),1645,ritratto equestre,Palazzo degli Uffizi,Palazzo degli Uffizi,equitazione; Filippo IV di Spagna,,Filippo IV di Spagna,339.0,267.0
http://www.wikidata.org/entity/Q116912724,L'adorazione dei pastori (240601),Gerard van Honthorst (maschio),1619,arte religiosa,Palazzo degli Uffizi,Palazzo degli Uffizi,adorazione dei pastori,,adorazione dei pastori,338.5,198.5
http://www.wikidata.org/entity/Q116920783,Autoritratto di Philip Alexius László de Lombos,Philip de László (maschio),1911,autoritratto,Corridoio Vasariano,Palazzo degli Uffizi; Corridoio Vasariano,Philip de László,,Philip de László,122.0,86.0
http://www.wikidata.org/entity/Q116920763,Madonna con il Bambino e quattro angeli,Maestro di Badia a Isola (maschio),1315,arte religiosa,Palazzo Cini,Collezione Vittorio Cini; Galleria di Palazzo Cini,Maria; angelo; Bambino Gesù,,maestà,172.0,103.0
http://www.wikidata.org/entity/Q116938047,San Tommaso d'Aquino,Beato Angelico (maschio),1438 | 1439,arte religiosa,basilica di San Marco; Pala di San Marco; Fondazione Magnani-Rocca; Palazzo Cini,Collezione Contini Bonacossi; Collezione Vittorio Cini; Galleria di Palazzo Cini,Tommaso d'Aquino,,Tommaso d'Aquino,39.0,14.0
http://www.wikidata.org/entity/Q116989564,Adorazione dei pastori,Michele Ciampanti (maschio),1475,arte religiosa,Palazzo Cini,Collezione Vittorio Cini; Galleria di Palazzo Cini,Maria; pastore; San Giuseppe; angelo; Bambino Gesù,,adorazione dei pastori,78.8,52.2
http://www.wikidata.org/entity/Q116957155,San Giovanni Evangelista,Francesco di Neri da Volterra (maschio),1357,arte religiosa,Palazzo Cini,Collezione Vittorio Cini; Galleria di Palazzo Cini,Giovanni,,Giovanni,158.5,57.8
http://www.wikidata.org/entity/Q116968267,Ascensione di Cristo,Guariento di Arpo (maschio),1330,arte religiosa,Castello di Monselice; Palazzo Cini,Collezione Vittorio Cini; Galleria di Palazzo Cini; Collezione Heinz Kisters,Gesù; Maria; apostolo; angelo,,Ascensione di Gesù,28.0,20.8
http://www.wikidata.org/entity/Q116993384,San Girolamo,Ercole de' Roberti (maschio),1470,arte religiosa,basilica di San Petronio; Palazzo Cini,Collezione Contini Bonacossi; Collezione Vittorio Cini; Galleria di Palazzo Cini,Sofronio Eusebio Girolamo,,Sofronio Eusebio Girolamo,25.2,8.8
http://www.wikidata.org/entity/Q116992418,San Giorgio,Cosmè Tura (maschio),1475,arte religiosa,Palazzo Cini,Collezione Vittorio Cini; Galleria di Palazzo Cini; Collezione Costabili,drago; san Giorgio,,san Giorgio e il drago,21.5,13.0
http://www.wikidata.org/entity/Q116993372,Santa Caterina d'Alessandria,Ercole de' Roberti (maschio),1470,arte religiosa,Galleria di Palazzo Cini,Collezione Contini Bonacossi; Collezione Vittorio Cini; Galleria di Palazzo Cini,Caterina d'Alessandria,,Caterina d'Alessandria,25.2,8.8
http://www.wikidata.org/entity/Q116991906,Sacra Famiglia con san Giovannino,Piero di Cosimo (maschio),1517,arte religiosa,Palazzo Cini,Collezione Vittorio Cini; Galleria di Palazzo Cini,Maria; San Giuseppe; Bambino Gesù; San Giovannino,,Sacra Famiglia,118.5,87.0
http://www.wikidata.org/entity/Q116985089,Madonna dell'Umiltà,Sassetta (maschio),1430,arte religiosa,Palazzo Cini,Collezione Contini Bonacossi; Collezione Vittorio Cini; Galleria di Palazzo Cini,Maria; Bambino Gesù,,Madonna dell'Umiltà,79.2,46.0
http://www.wikidata.org/entity/Q116984873,San Matteo,Sassetta (maschio),1437,arte religiosa,chiesa di San Francesco; Palazzo Cini,Collezione Vittorio Cini; Galleria di Palazzo Cini,Matteo,,Matteo,80.0,29.5
http://www.wikidata.org/entity/Q116943395,Christus Triumphant-Christus Patient,Maestro di Santa Maria Primerana (maschio),1250,arte religiosa,Palazzo Cini,Collezione Vittorio Cini; Galleria di Palazzo Cini,Christus patiens; Christus triumphans,,crocifisso,58.5,42.0
http://www.wikidata.org/entity/Q116943590,Madonna con il Bambino,Niccolò di Segna (maschio),1335,arte religiosa,chiesa di San Francesco; Palazzo Cini,Collezione Vittorio Cini; Galleria di Palazzo Cini,Maria; Bambino Gesù,,Madonna col Bambino,76.4,49.6
http://www.wikidata.org/entity/Q116943795,"Madonna con il Bambino in trono tra i santi Pietro e Paolo e due angeli, san Giovanni Battista e santa Maria Maddalena nel deserto e la crocifissione",Maestro del Polittico della Cappella Medici (maschio),1320,arte religiosa,Palazzo Cini,Collezione Vittorio Cini; Galleria di Palazzo Cini,Maria; Paolo di Tarso; Pietro; Giovanni Battista; Maria Maddalena; angelo; Bambino Gesù,,Madonna col Bambino,38.0,38.5
http://www.wikidata.org/entity/Q116944960,Ascensione di san Giovanni,Taddeo Gaddi (maschio),1353,arte religiosa,Palazzo Cini,Collezione Vittorio Cini; Galleria di Palazzo Cini,Giovanni,,Giovanni,33.0,36.1
http://www.wikidata.org/entity/Q116944959,San Giovanni evangelista che beve dalla coppa avvelenata,Taddeo Gaddi (maschio),1353,arte religiosa,Palazzo Cini,Collezione Vittorio Cini; Galleria di Palazzo Cini,Giovanni,,Giovanni,33.0,36.1
http://www.wikidata.org/entity/Q116945667,Crocifissione e Cristo benedicente,Bernardo Daddi (maschio),1340,arte religiosa,Palazzo Cini,Collezione Vittorio Cini; Galleria di Palazzo Cini,Gesù; Maria; crocifisso; Giovanni,,crocifissione di Gesù,74.3,33.7
http://www.wikidata.org/entity/Q116955599,Due santi apostoli,Taddeo Gaddi (maschio),1320,arte religiosa,Palazzo Cini,Galleria di Palazzo Cini,Simone il Cananeo; Matteo; Tommaso; Giuda Taddeo,,apostolo,47.8,37.0
http://www.wikidata.org/entity/Q116956495,Polittico di San Paolo,,1370,arte religiosa,Castello di Monselice; Palazzo Cini,Collezione Vittorio Cini; Galleria di Palazzo Cini,Maria; Paolo di Tarso; Pietro; Giovanni Battista; apostolo; Filippo; Gabriele; Dio Padre; Giovanni,,Paolo di Tarso; Annunciazione,225.0,272.0
http://www.wikidata.org/entity/Q116985346,Madonna con il Bambino,Luca Signorelli (maschio),1470,arte religiosa,Palazzo Cini,Collezione Vittorio Cini; Galleria di Palazzo Cini,Maria; Bambino Gesù,,Madonna col Bambino,61.8,53.3
http://www.wikidata.org/entity/Q116968203,"I santi Pietro Martire, Andrea, Mattia, Giovanni Evangelista, Pietro e un santo vescovo",,1335,arte religiosa,Palazzo Cini,Collezione Contini Bonacossi; Collezione Vittorio Cini; Galleria di Palazzo Cini,Pietro; santo; Andrea; Mattia; Pietro da Verona; Giovanni,,santo cattolico,138.0,58.5
http://www.wikidata.org/entity/Q116984810,"Madonna con il Bambino e i santi Antonio abate, Lorenzo, Giovanni Battista, Agata",Lorenzo di Niccolò di Martino (maschio),1404,arte religiosa,Castello di Monselice; Villa Le Corti; Palazzo Cini,Collezione Vittorio Cini; Galleria di Palazzo Cini,Gesù; Maria; San Lorenzo; Marco; Giovanni Battista; Matteo; Michele; Luca; Antonio abate; Sant'Agata; Giovanni; Bambino Gesù,,Madonna col Bambino,138.5,183.0
http://www.wikidata.org/entity/Q116985263,Redentore Cini,Sano di Pietro (maschio),1442,arte religiosa,Minneapolis Institute of Art; Galleria di Palazzo Cini,Minneapolis Institute of Art; Collezione Vittorio Cini; Galleria di Palazzo Cini,Gesù,,Redentore,74.0,60.6
http://www.wikidata.org/entity/Q116985325,San Pietro martire,Vecchietta (maschio),1460,arte religiosa,Palazzo Cini,Collezione Contini Bonacossi; Collezione Vittorio Cini; Galleria di Palazzo Cini,Pietro da Verona,,Pietro da Verona,195.0,104.5
http://www.wikidata.org/entity/Q116990427,Madonna che adora il Bambino con due angeli,Domenico Ghirlandaio (maschio); Sebastiano Mainardi (maschio),1490,arte religiosa,Palazzo Cini,Collezione Vittorio Cini; Galleria di Palazzo Cini,Maria; angelo; Bambino Gesù,,Madonna col Bambino,,
http://www.wikidata.org/entity/Q116991105,Madonna con il Bambino e due angeli,Piero di Cosimo (maschio),1507,arte religiosa,Palazzo Cini,Collezione Vittorio Cini; Galleria di Palazzo Cini; Collezione Ricasoli,Maria; angelo; Bambino Gesù,,Madonna col Bambino,116.2,85.3
http://www.wikidata.org/entity/Q118383381,Autoritratto,Augusto Bastianini (maschio),1930,autoritratto,Palazzo degli Uffizi,Palazzo degli Uffizi,Augusto Bastianini,,Augusto Bastianini,48.0,36.5
http://www.wikidata.org/entity/Q118368958,offerta dei doni a Psiche,Francesco Salviati (maschio),1600,,Palazzo Grimani di Santa Maria Formosa,,,,,,
http://www.wikidata.org/entity/Q118383458,Autoritratto di Augusto Bastianini,Augusto Bastianini (maschio),1900,autoritratto,Palazzo degli Uffizi,Palazzo degli Uffizi,Augusto Bastianini,,Augusto Bastianini,110.5,70.5
http://www.wikidata.org/entity/Q118384137,Ritratto di Filippo Corsini,Augusto Bastianini (maschio),1926,ritratto,convento delle Oblate Ospitaliere Francescane di Monna Tessa,Museo di Firenze com'era,Filippo Corsini,,Filippo Corsini,84.0,62.0
http://www.wikidata.org/entity/Q117834885,disputa tra il duca Alessandro e i fuoriusciti fiorentini a Napoli di fronte all'imperatore,Agnolo Bronzino (maschio),1539,,Palazzo Medici Riccardi,,,,,,
http://www.wikidata.org/entity/Q117848663,elezione del duca Cosimo,Francesco Salviati (maschio); Carlo Portelli (maschio),1539,,Palazzo Medici Riccardi,,,,,,
http://www.wikidata.org/entity/Q117848759,cacciata degli oratori campani dal senato romano,,,,Palazzo Medici Riccardi,,,,,,
http://www.wikidata.org/entity/Q117848804,conquista di Montemurlo,Antonio di Donnino di Domenico (maschio),1539,,Palazzo Medici Riccardi,,,,,,
http://www.wikidata.org/entity/Q117848843,l'imperatore consegna al duca Alessandro le insegne del potere ducale,Battista Franco (maschio),1539,,Palazzo Medici Riccardi,,,,,,
http://www.wikidata.org/entity/Q117848873,nozze del duca Alessandro a Napoli,Agnolo Bronzino (maschio),1539,,Palazzo Medici Riccardi,,,,,,
http://www.wikidata.org/entity/Q117849453,doppia intercessione e santi,Jacone (maschio),1523,,chiesa di Santa Lucia dei Magnoli,,,,,,
http://www.wikidata.org/entity/Q117849868,tabernacolo con due figure di chiaroscuro,Jacone (maschio),1600,,,,,,,,
http://www.wikidata.org/entity/Q117850467,Madonna e santi,Jacone (maschio),1600,,chiesa di San Remigio,,,,,,
http://www.wikidata.org/entity/Q117949491,martirio di Sant'Acacio e dei suoi diecimila compagni sul monte Ararat,Giovanni Antonio Sogliani (maschio),1521,,basilica di San Lorenzo,,,,,,
http://www.wikidata.org/entity/Q117950829,episodi della vita di Sant'Acacio,Il Bacchiacca (maschio),1521,,Palazzo degli Uffizi,Palazzo degli Uffizi,,,,,
http://www.wikidata.org/entity/Q117408881,Adorazione dei pastori,Luciano Borzone (maschio),1700,arte religiosa,Museo d'arte di Palazzo Gavotti,,adorazione dei pastori,,adorazione dei pastori,315.0,222.0
http://www.wikidata.org/entity/Q117428543,Sacrificio di Isacco,Orazio De Ferrari (maschio),1700,arte religiosa,Museo d'arte di Palazzo Gavotti,,Sacrificio di Isacco,,Sacrificio di Isacco,129.0,172.0
http://www.wikidata.org/entity/Q117304805,Il ritorno del figliol prodigo,Guercino (maschio),1617,arte religiosa,Galleria Sabauda,Galleria Sabauda,parabola del figlio prodigo,,parabola del figlio prodigo,,
http://www.wikidata.org/entity/Q117430437,Pietà,Valerio Castello (maschio),1600,arte religiosa,Museo d'arte di Palazzo Gavotti,,Gesù; Pietà,,Pietà,130.0,145.0
http://www.wikidata.org/entity/Q117447676,Sant'Agostino,Pontormo (maschio),,arte religiosa,monastero di San Clemente,,Agostino d'Ippona,,Agostino d'Ippona,,
http://www.wikidata.org/entity/Q117470090,Natività,Pontormo (maschio),1600,arte religiosa,certosa di Firenze,,,,nascita di Gesù,,
http://www.wikidata.org/entity/Q117382014,Ritratto di gentildonna,,1565,ritratto,Galleria Palatina,Galleria Palatina,donna,,donna,46.0,36.0
http://www.wikidata.org/entity/Q117615645,Ritratto di papa Clemente IX,,1697,ritratto,pinacoteca civica,pinacoteca civica,libro; crocifisso; papa Clemente IX; trono; folium,tardo barocco,papa Clemente IX,155.0,171.0
http://www.wikidata.org/entity/Q117323711,"Ritratto di cavaliere dell'ordine costantiniano,",Fra' Galgario (maschio),1740,ritratto,Museo Poldi Pezzoli,,,,,109.5,89.0
http://www.wikidata.org/entity/Q117338080,Ritratto di Francesco Maria Bruntino,Fra' Galgario (maschio),1737,ritratto,Accademia Carrara,Accademia Carrara,uomo,,,93.0,81.0
http://www.wikidata.org/entity/Q117408489,Dante in esilio,Annibale Gatti (maschio),1856,pittura storica,Palazzo Pitti,Galleria d'arte moderna di Firenze,libro; ragazzo; esilio,,,80.0,70.0
http://www.wikidata.org/entity/Q117408743,Adorazione del Bambino con San Francesco e il Beato Ottaviano,Lorenzo Fasolo (maschio),1600,arte religiosa,Museo d'arte di Palazzo Gavotti,,nascita di Gesù; Francesco d'Assisi; Ottaviano di Savona,,nascita di Gesù,185.0,145.0
http://www.wikidata.org/entity/Q117427024,Storie del carro della Moneta,Pontormo (maschio),1514,,Palazzo Vecchio,Museo di Palazzo Vecchio,,,,,
http://www.wikidata.org/entity/Q117428285,Consolatrix afflictorum,Nicolò Barabino (maschio),1859,arte religiosa,Museo d'arte di Palazzo Gavotti,,Madonna della Consolazione,,,275.0,180.0
http://www.wikidata.org/entity/Q117428772,Cristo appare a San Giovanni della Croce,Domenico Piola (maschio),1675,arte religiosa,Museo d'arte di Palazzo Gavotti,,Gesù; Giovanni della Croce,,,315.5,225.5
http://www.wikidata.org/entity/Q117430308,"Madonna col Bambino, angeli e donatori",Taddeo di Bartolo (maschio),1390,arte religiosa,Museo d'arte di Palazzo Gavotti,,angelo; donatore; Madonna col Bambino,,,101.0,65.0
http://www.wikidata.org/entity/Q117708969,noli me tangere,Pontormo (maschio),,,Casa Buonarroti,Casa Buonarroti,,,,175.0,134.0
http://www.wikidata.org/entity/Q117715996,Chiesa militante e trionfante,Simone Martini (maschio),,,basilica di Santa Maria Novella,,,,,,
http://www.wikidata.org/entity/Q117753177,Ritratto di Papa Benedetto XIII,Giuseppe Bazzani (maschio),1727,ritratto,Palazzo d'Arco,Palazzo d'Arco,papa Benedetto XIII; tiara,,papa Benedetto XIII,96.0,72.0
http://www.wikidata.org/entity/Q117756937,Campo di cavoli presso la vecchia via Frusa a Firenze,,1901,,Musei civici di Palazzo Buonaccorsi,Raccolta d'arte del Novecento di Palazzo Buonaccorsi,casa; albero; capanna; cavolo,,,18.5,27.5
http://www.wikidata.org/entity/Q117797593,Autoritratto di Albrecht Dürer,,1600,ritratto,Corridoio Vasariano,Palazzo degli Uffizi; Corridoio Vasariano,Albrecht Dürer,rinascimento tedesco,Albrecht Dürer,52.0,42.0
http://www.wikidata.org/entity/Q117803973,Ritratto di Papa Benedetto XIV,Pierre Subleyras (maschio),1740,ritratto,Pinacoteca nazionale di Ferrara,Pinacoteca nazionale di Ferrara,papa Benedetto XIV,pittura barocca,papa Benedetto XIV,147.0,116.0
http://www.wikidata.org/entity/Q117826019,"Francesco Raibolini, detto il Francia, che nella sua bottega ammira per la prima volta la Santa Cecilia di Raffaello",Achille Boschi (maschio),1876,pittura storica,Museo civico di Modena,Museo civico di Modena,Francesco Francia; Estasi di santa Cecilia,,,90.0,112.0
http://www.wikidata.org/entity/Q117832067,Atalanta e Ippomene,Guido Reni (maschio),1620,pittura mitologica,Museo nazionale di Capodimonte,Museo nazionale di Capodimonte,Atalanta; Ippomene,,,191.0,264.0
http://www.wikidata.org/entity/Q117834449,San Francesco di Sargiano,Margaritone d'Arezzo (maschio),,,Museo nazionale d'arte medievale e moderna,,,,,,
http://www.wikidata.org/entity/Q117834473,San Francesco di Ganghereto,Margaritone d'Arezzo (maschio),,,Museo nazionale d'arte medievale e moderna,,,,,,
http://www.wikidata.org/entity/Q117834509,tornata d’esilio del Magnifico Cosimo de’ Medici,Il Bacchiacca (maschio),1539,,Palazzo Medici Riccardi,,,,,,
http://www.wikidata.org/entity/Q117834674,l’andata a Napoli di Lorenzo il Magnifico,Il Bacchiacca (maschio),1539,,Palazzo Medici Riccardi,,,,,,
http://www.wikidata.org/entity/Q117834758,ingresso di Papa Leone X a Firenze,Pier Francesco Foschi (maschio),1539,,Palazzo Medici Riccardi,Palazzo Medici Riccardi,,,,,
http://www.wikidata.org/entity/Q117834806,Giovanni de' Medici conquista Biegrassa,Pier Francesco Foschi (maschio),1539,,Palazzo Medici Riccardi,,,,,,
http://www.wikidata.org/entity/Q118398891,San Girolamo,Lorenzo Costa (maschio),1484,arte religiosa,basilica di San Petronio,,,,Sofronio Eusebio Girolamo,,
http://www.wikidata.org/entity/Q118399101,"Madonna in trono con Sant'Agostino, San Giovanni evangelista, San Francesco, San Possidonio",Lorenzo Costa (maschio),1497,,chiesa di San Giovanni in Monte,,,,,,
http://www.wikidata.org/entity/Q118277328,Annunciazione,Andrea Semino (maschio),1585,arte religiosa,santuario di Nostra Signora della Misericordia,,Maria; Gabriele; Annunciazione; angelo,,Annunciazione,220.0,140.0
http://www.wikidata.org/entity/Q118121260,Ritratto di papa Paolo III,Scipione Pulzone (maschio),1586,ritratto,Palazzo Spada,Galleria Spada,papa Paolo III,,papa Paolo III,119.0,95.7
http://www.wikidata.org/entity/Q118138029,Ritratto di papa Clemente XIV,Giovanni Domenico Porta (maschio),1769,ritratto,museo della città di Acquapendente,museo della città di Acquapendente,papa Clemente XIV,,papa Clemente XIV,70.0,58.5
http://www.wikidata.org/entity/Q118140584,Ritratto di Alice Blanceflor de Bildt,Philip de László (maschio),1924,ritratto,Museo Boncompagni Ludovisi per le arti decorative,Museo Boncompagni Ludovisi per le arti decorative,Alice Blanceflor Bildt,,Alice Blanceflor Bildt,234.0,111.0
http://www.wikidata.org/entity/Q118273001,Allegoria della Concezione,Paolo Gerolamo Brusco (maschio),1800,arte religiosa,santuario di Nostra Signora della Misericordia,,Immacolata Concezione,,,245.0,153.0
http://www.wikidata.org/entity/Q118287906,Filosofo della scuola cinica,Francesco Fracanzano (maschio),,,Palazzo Rosso,Musei di Strada Nuova,,,,,
http://www.wikidata.org/entity/Q118522639,compianto sul cristo morto,Francesco Salviati (maschio),1540,arte religiosa,Palazzo di Brera,Pinacoteca di Brera,,,Compianto sul Cristo morto,322.0,193.0
http://www.wikidata.org/entity/Q118522898,"Madonna in trono con Bambino adorata da Santa Cristina, San Giovanni Battista, San Filippo, San Nicola da Bari, San Romualdo e Santa Lucia da Settefonti",Francesco Salviati (maschio),1540,arte religiosa,complesso di Santa Cristina della Fondazza,,,,,,
http://www.wikidata.org/entity/Q118590751,Deposizione dalla Croce,Francesco Salviati (maschio),1547,,basilica di Santa Croce,Opera di Santa Croce,,,,,
http://www.wikidata.org/entity/Q118601577,deposizione dalla Croce,Iacopino del Conte (maschio),1546,arte religiosa,chiesa di San Giovanni Decollato,,,,,,
http://www.wikidata.org/entity/Q118605466,San Rocco davanti al palazzo della Fraternità dei Laici ad Arezzo,Bartolomeo della Gatta (maschio),1479,,Museo nazionale d'arte medievale e moderna,,,,,,
http://www.wikidata.org/entity/Q118606399,San Rocco allontana da Arezzo il flagello della peste,Bartolomeo della Gatta (maschio),1479,,Museo nazionale d'arte medievale e moderna,,,,,,
http://www.wikidata.org/entity/Q118611138,"Madonna con Bambino, Santo vescovo, San Zanobi, San Michele arcangelo, San Raffaele arcangelo",Domenico Ghirlandaio (maschio),1484,arte religiosa,Palazzo degli Uffizi,,,,,,
http://www.wikidata.org/entity/Q118678052,conversione di San Paolo,Pedro de Rubiales (maschio),1545,arte religiosa,chiesa di Santo Spirito in Sassia,,,,conversione di Paolo,,
http://www.wikidata.org/entity/Q118675903,Sacra Conversazione,Domenico Ghirlandaio (maschio),1479,arte religiosa,cattedrale di San Martino,,,,Sacra conversazione,,
http://www.wikidata.org/entity/Q118680631,Madonna in adorazione del Bambino con san Giovannino,Francesco Vecellio (maschio),1549,arte religiosa,Museo di Castelvecchio,Museo di Castelvecchio,Maria; paesaggio; Bambino Gesù; adorazione; San Giovannino; agnello; Madonna col Bambino,pittura rinascimentale italiana,Madonna col Bambino,,
http://www.wikidata.org/entity/Q118724762,ultima cena,Giuseppe Porta (maschio),1556,,basilica di Santa Maria della Salute,,,,,,
http://www.wikidata.org/entity/Q118725088,"Vergine con il Bambino, Sant’Antonio Abate e San Bernardo",Giuseppe Porta (maschio),1555,arte religiosa,chiesa di San Francesco della Vigna,,,,,,
http://www.wikidata.org/entity/Q118725638,presentazione di Gesù al Tempio e santi,Giuseppe Porta (maschio),1550,arte religiosa,Basilica di Santa Maria Gloriosa dei Frari,Basilica di Santa Maria Gloriosa dei Frari,,,Presentazione al Tempio,483.0,247.0
http://www.wikidata.org/entity/Q118641092,Vocazione di San Pietro e Sant'Andrea,Giorgio Vasari (maschio),1551,,badia delle Sante Flora e Lucilla,,,,,,
http://www.wikidata.org/entity/Q119010849,Adorazione dei Magi,Federico Zuccari (maschio),1564,arte religiosa,cappella Grimani,,,,Adorazione dei Magi,,
http://www.wikidata.org/entity/Q119008888,Madonna degli Innocenti,Iacopino del Conte (maschio),1530,arte religiosa,Spedale degli Innocenti,Museo degli innocenti,Maria; ragazzo,pittura rinascimentale italiana,Maria,149.0,90.0
http://www.wikidata.org/entity/Q118905108,Parnaso,Taddeo Zuccari (maschio),1557,,Palazzo Barberini; casino Del Bufalo,Galleria nazionale d'arte antica,,,,,
http://www.wikidata.org/entity/Q118835177,conversione di San Paolo,Taddeo Zuccari (maschio),1600,,Palazzo Ducale,Galleria nazionale delle Marche,,,,,
http://www.wikidata.org/entity/Q118822913,"Santa Barbara, San Giovanni Battista e San Matteo",Cosimo Rosselli (maschio),1400,,Galleria dell'Accademia,,,,,,
http://www.wikidata.org/entity/Q118868275,Compianto per Cristo con il cardinale Johann Albrecht di Brandenburgo,Francesco Salviati (maschio),1549,arte religiosa,chiesa di Santa Maria dell'Anima,chiesa di Santa Maria dell'Anima,Gesù; Maria; Alberto di Hohenzollern; angelo; Compianto sul Cristo morto; deposizione di Gesù,,Compianto sul Cristo morto,,
http://www.wikidata.org/entity/Q118869818,San Sebastiano e san Rocco,Domenico Ghirlandaio (maschio),1400,,,,,,,,
http://www.wikidata.org/entity/Q118873919,Le sette Virtù,Sandro Botticelli (maschio); Piero del Pollaiolo (maschio),1400,,Galleria delle pitture e delle statue degli Uffizi,,,,,,
http://www.wikidata.org/entity/Q118898180,Madonna del latte (Previtali),Andrea Previtali (maschio),1512,arte religiosa,Museo Adriano Bernareggi,Accademia Carrara; Museo Adriano Bernareggi,Maria; Bambino Gesù; Madonna del Latte,,Madonna del Latte,69.0,60.0
http://www.wikidata.org/entity/Q118978047,Ritratto di Michelangelo,Iacopino del Conte (maschio),1535,ritratto,Casa Buonarroti,Casa Buonarroti,Michelangelo Buonarroti,pittura rinascimentale italiana,Michelangelo Buonarroti,98.5,68.0
http://www.wikidata.org/entity/Q119496040,Autoritratto,Giovanni Maria Morandi (maschio),1675,autoritratto,Corridoio Vasariano,Palazzo degli Uffizi; Corridoio Vasariano,Giovanni Maria Morandi,,Giovanni Maria Morandi,72.5,58.0
http://www.wikidata.org/entity/Q119292565,Assunzione della Vergine,Perugino (maschio),1500,arte religiosa,cattedrale di Napoli,,,,Assunzione di Maria,,
http://www.wikidata.org/entity/Q119353076,Madonna con Bambino e angeli,Andrea Mantegna (maschio),,arte religiosa,Pinacoteca di Brera,,Maria; Bambino Gesù,,Madonna col Bambino,,
http://www.wikidata.org/entity/Q119398059,Ritratto di Canova,Thomas Lawrence (maschio),1818,ritratto,Gipsoteca canoviana,Gipsoteca canoviana,Antonio Canova,,Antonio Canova,89.9,72.1
http://www.wikidata.org/entity/Q119404568,"Incoronazione di Maria Vergine e il martirio di San Lorenzo con i santi Paolo, Lorenzo, Clemente e Pietro",Federico Zuccari (maschio),1575,arte religiosa,basilica di San Lorenzo in Damaso,,,,,,
http://www.wikidata.org/entity/Q119406125,Ritratto di Elisabetta I d'Inghilterra,,1597,ritratto,tesoro dei Granduchi,Galleria Palatina,Elisabetta I d'Inghilterra,,Elisabetta I d'Inghilterra,176.0,144.0
http://www.wikidata.org/entity/Q119443390,Pala dell'udienza,Filippino Lippi (maschio),1500,,Museo di Palazzo Pretorio,Museo di Palazzo Pretorio,Madonna col Bambino,,,,
http://www.wikidata.org/entity/Q119443609,Tabernacolo del canto del Mercatale,Filippino Lippi (maschio),1498,,Museo di Palazzo Pretorio,Museo di Palazzo Pretorio,Maria,,,,
http://www.wikidata.org/entity/Q119493466,assunzione della Madonna,Pinturicchio (maschio),1500,,Museo nazionale di Capodimonte,,,,,,
http://www.wikidata.org/entity/Q119574411,Sant'Antonino in adorazione di Cristo crocifisso,Alesso Baldovinetti (maschio),1400,,Museo di San Marco,,,,,,
http://www.wikidata.org/entity/Q119702756,Ritratto di Pio VII (1742-1823),Francesco Alberi (maschio),1818,ritratto,Pinacoteca Nazionale di Bologna; deposito del museo,Pinacoteca Nazionale di Bologna,papa Pio VII,,papa Pio VII,96.0,78.0
http://www.wikidata.org/entity/Q119819515,"Madonna in trono con Bambino, San Sebastiano, San Procolo, Sant'Agostino, San Giovanni Evangelista e due angeli",Francesco Francia (maschio),1494,arte religiosa,basilica di San Giacomo Maggiore; cappella Bentivoglio,,,,,,
http://www.wikidata.org/entity/Q119157243,Ritratto di Filippo Strozzi il Vecchio,,1590,ritratto,Palazzo Vecchio,Palazzo Vecchio,Palazzo dello Strozzino; Palazzo Strozzi; Filippo Strozzi il Vecchio,,Filippo Strozzi il Vecchio,150.0,100.0
http://www.wikidata.org/entity/Q119164762,Ritratto di Lorenzo di Giovanni de' Medici,Alessandro Allori (maschio),1585,ritratto,Palazzo degli Uffizi,Palazzo degli Uffizi,Lorenzo il Vecchio,manierismo,Lorenzo il Vecchio,140.0,117.0
http://www.wikidata.org/entity/Q119169372,Ritratto di Neri Corsini,Alessandro Lanfredini (maschio),1875,ritratto,Galleria d'arte moderna di Firenze,Galleria d'arte moderna di Firenze,Neri Corsini,,Neri Corsini,82.0,65.0
http://www.wikidata.org/entity/Q119846277,incoronazione di Maria Vergine,Francesco Francia (maschio),,,,,,,,,
http://www.wikidata.org/entity/Q120311223,Madonna con Bambino e Santi,Perugino (maschio),1500,,Galleria nazionale dell'Umbria,,,,,,
http://www.wikidata.org/entity/Q120317949,Madonna con Bambino e Santi,Perugino (maschio),1500,,Galleria nazionale dell'Umbria,,,,,,
http://www.wikidata.org/entity/Q120401056,Ritratto di Piero de' Medici,Agnolo Bronzino (maschio),1555,ritratto,tesoro dei Granduchi,tesoro dei Granduchi,Piero il Gottoso,,Piero il Gottoso,73.0,59.5
http://www.wikidata.org/entity/Q120489814,Assunzione della Madonna,Luca Signorelli (maschio),1500,arte religiosa,Museo diocesano di Cortona,,,,,,
http://www.wikidata.org/entity/Q120488471,Crocifissione ed apoteosi dei 10.000 martiri del monte Ararat,Vittore Carpaccio (maschio),1515,,Gallerie dell'Accademia,,,,,,
http://www.wikidata.org/entity/Q120488611,La presentazione di Gesu' al tempio,Vittore Carpaccio (maschio),1510,,Gallerie dell'Accademia,,,,,,
http://www.wikidata.org/entity/Q120488851,martirio di San Marco,Vittore Belliniano (maschio),1526,,Gallerie dell'Accademia,,,,,,
http://www.wikidata.org/entity/Q120509133,San Giuseppe da Leonessa,,,arte religiosa,chiesa dei frati cappuccini,,umano; angelo; Giuseppe da Leonessa,,,220.0,130.0
http://www.wikidata.org/entity/Q120509521,Sant'Antonio da Padova resuscita un giovane,,1800,arte religiosa,chiesa dei frati cappuccini,,umano; Antonio di Padova,,,127.0,107.0
http://www.wikidata.org/entity/Q120509789,Sant'Antonio da Padova e il miracolo del piede risanato,,1800,arte religiosa,chiesa dei frati cappuccini,,umano; Antonio di Padova; frate minore,,,127.0,105.0
http://www.wikidata.org/entity/Q120598525,Perseo e Medusa,Francesco Maffei (maschio),1650,,Gallerie dell'Accademia,Gallerie dell'Accademia,Perseo; Medusa,,,,
http://www.wikidata.org/entity/Q120598716,San Marco porge il suo stendardo a Venezia,Bonifacio Veronese (maschio),1531,,Gallerie dell'Accademia,Gallerie dell'Accademia,Marco,,San Marco,,
http://www.wikidata.org/entity/Q120766339,Ritratto del cardinale Alessandro Farnese,Scipione Pulzone (maschio),1579,ritratto,Palazzo Barberini,Galleria nazionale d'arte antica,Alessandro Farnese il Giovane,manierismo,Alessandro Farnese il Giovane,135.0,107.5
http://www.wikidata.org/entity/Q120763322,Ritratto di papa Giulio II,,1555,ritratto,Palazzo Barberini,Galleria nazionale d'arte antica,papa Giulio II; trono,,papa Giulio II,111.0,91.3
http://www.wikidata.org/entity/Q120822987,Ritratto di papa Giulio II,,1518,ritratto,deposito del museo,Galleria Palatina,papa Giulio II,scuola fiorentina,papa Giulio II,110.0,87.0
http://www.wikidata.org/entity/Q120793977,Ritratto di Filippo Strozzi il Giovane,Iacopino del Conte (maschio),1555,ritratto,Palazzo Vecchio,Palazzo Vecchio,Filippo Strozzi,,Filippo Strozzi,150.0,100.0
http://www.wikidata.org/entity/Q120903815,Madonna con Bambino,,,arte religiosa,pieve di Sant'Andrea,,Maria; Bambino Gesù; Madonna col Bambino,,Madonna col Bambino,,
http://www.wikidata.org/entity/Q120884863,Veduta del parco di una villa,Marco Ricci (maschio),1741,vedutismo,,Gallerie dell'Accademia,villa,,,,
http://www.wikidata.org/entity/Q120884895,Il ritrovamento di Gesù nel tempio,Giovanni Antonio Fumiani (maschio),1700,arte religiosa,Gallerie dell'Accademia,Gallerie dell'Accademia,Ritrovamento di Gesù al Tempio,,Ritrovamento di Gesù al Tempio,,
http://www.wikidata.org/entity/Q120900571,Nostra Signora della Speranza in San Bernardo,,,arte religiosa,chiesa del Sacro Cuore e San Giacomo di Carignano,,Maria,,,,
http://www.wikidata.org/entity/Q120968113,Papa Paolo III,,1586,ritratto,palazzo della Pilotta,Galleria nazionale di Parma,papa Paolo III,"pittura fiamminga; Vlaamse school, 17de eeuw, Navolging van",papa Paolo III,19.2,15.4
http://www.wikidata.org/entity/Q120968282,Cardinale Ranuccio Farnese,,1586,ritratto,palazzo della Pilotta,Galleria nazionale di Parma,Ranuccio Farnese,"pittura fiamminga; Vlaamse school, 17de eeuw, Navolging van",Ranuccio Farnese,19.2,15.4
http://www.wikidata.org/entity/Q120968550,"Pier Luigi Farnese, primo duca di Parma",,1586,ritratto,palazzo della Pilotta,Galleria nazionale di Parma,Pier Luigi Farnese,"pittura fiamminga; Vlaamse school, 17de eeuw, Navolging van",Pier Luigi Farnese,19.2,15.4
http://www.wikidata.org/entity/Q120968767,Cardinale Alessandro Farnese,,1586,ritratto,palazzo della Pilotta,Galleria nazionale di Parma,Alessandro Farnese il Giovane,"pittura fiamminga; Vlaamse school, 17de eeuw, Navolging van",Alessandro Farnese il Giovane,19.2,15.4
http://www.wikidata.org/entity/Q120968914,"Ottavio Farnese, secondo duca di Parma",,1586,ritratto,palazzo della Pilotta,Galleria nazionale di Parma,Ottavio Farnese,,Ottavio Farnese,19.2,15.4
http://www.wikidata.org/entity/Q120985002,Ritratto di Gian Lorenzo Bernini,Giovan Battista Gaulli (maschio),1665,ritratto,Palazzo Barberini,Galleria nazionale d'arte antica,Gian Lorenzo Bernini,,Gian Lorenzo Bernini,72.0,61.0
http://www.wikidata.org/entity/Q121050640,Assunzione della Vergine,Giulio Benso (maschio),1640,arte religiosa,oratorio di Nostra Signora Assunta,oratorio di Nostra Signora Assunta,Assunzione di Maria,,Assunzione di Maria,224.0,103.0
http://www.wikidata.org/entity/Q121064292,Assunzione della Vergine con angeli musicanti,Giulio Benso (maschio),1700,arte religiosa,complesso della Madonna della Ripa,complesso della Madonna della Ripa,Assunzione di Maria,,,364.0,200.0
http://www.wikidata.org/entity/Q121064630,Il mistero dell'Annunciazione,Giulio Benso (maschio),1656,arte religiosa,complesso della Madonna della Ripa,complesso della Madonna della Ripa,Annunciazione,,,548.0,297.0
http://www.wikidata.org/entity/Q121065902,Tentazioni di Sant'Antonio Abate,Giulio Benso (maschio),1646,arte religiosa,complesso della Madonna della Ripa,complesso della Madonna della Ripa,,,,320.0,150.0
http://www.wikidata.org/entity/Q121066043,Trinità con Madonna e Santi,Giulio Benso (maschio),1700,arte religiosa,complesso della Madonna della Ripa,complesso della Madonna della Ripa,Trinità,,,370.0,200.0
http://www.wikidata.org/entity/Q121450256,Ritratto di papa Paolo III,Cristofano dell'Altissimo (maschio),1560,ritratto,Palazzo degli Uffizi,Palazzo degli Uffizi,barba; papa Paolo III; trono,,papa Paolo III,60.0,34.0
http://www.wikidata.org/entity/Q121462678,Ritratto di Anna Maria Luisa de' Medici in abito da caccia,Jan Frans van Douven (maschio),1700,ritratto,Galleria Palatina,Galleria Palatina,Anna Maria Luisa de' Medici,,Anna Maria Luisa de' Medici,48.3,37.0
http://www.wikidata.org/entity/Q121504941,"Ritratto di anziano gentiluomo, probabilmente Andrea Doria",Jan Matsys (maschio),1550,ritratto,palazzo Bianco,palazzo Bianco,Andrea Doria,,Andrea Doria,105.0,74.0
http://www.wikidata.org/entity/Q121811406,Stemma dell'Accademia dei Catenati,Sforza Compagnoni (maschio),1640,,Palazzo Buonaccorsi,Pinacoteca di arte antica di Palazzo Buonaccorsi,,,,155.0,101.0
http://www.wikidata.org/entity/Q121546107,Madonna col Bambino,Antoon van Dyck (maschio),1633,arte religiosa,Monastero dell'Escorial,Monastero dell'Escorial,Maria; Bambino Gesù; Madonna col Bambino,,Madonna col Bambino,,
http://www.wikidata.org/entity/Q121692401,Madonna col Bambino,Jan Matsys (maschio),1552,arte religiosa,palazzo Bianco,palazzo Bianco,Maria; Bambino Gesù; Madonna col Bambino,,Madonna col Bambino,78.0,60.0
http://www.wikidata.org/entity/Q121678655,Ritratto di Filippo II di Spagna,,1553,ritratto,Galleria nazionale di Palazzo Corsini,Galleria nazionale d'arte antica,spada; Filippo II di Spagna,pittura veneta,Filippo II di Spagna,106.0,77.0
http://www.wikidata.org/entity/Q121685223,Predica di Cristo,Jacopo Tintoretto (maschio),1545,arte religiosa,Pinacoteca Egidio Martini,Pinacoteca Egidio Martini,Gesù,,Gesù,160.0,236.0
http://www.wikidata.org/entity/Q121689728,Amore e le Grazie,Raffaello Sanzio (maschio),1517,pittura mitologica,Villa Farnesina,Villa Farnesina,donna; nuvola; Cupido; nudità; Eros; Cariti; angelo,,Cariti,,
http://www.wikidata.org/entity/Q121735048,Santi Francesco e Domenico,Carlo Antonio Rambaldi (maschio),1716,arte religiosa,Cappella di Palazzo Buonaccorsi,Quadreria privata Buonaccorsi; Musei civici di Palazzo Buonaccorsi,Domenico di Guzmán; angelo; Francesco d'Assisi,,Domenico di Guzmán; Francesco d'Assisi,,
http://www.wikidata.org/entity/Q121780997,Impresa di Lugi Buonaccorsi,,1625,distintivo araldico,Palazzo Buonaccorsi,Pinacoteca di arte antica di Palazzo Buonaccorsi,torchio oleario; cornice; oliva; Luigi Buonaccorsi,,,64.0,72.0
http://www.wikidata.org/entity/Q121995915,Ritratto di Samuel Egerton,Bartolomeo Nazari (maschio),1730,ritratto,Ca' Rezzonico,Ca' Rezzonico,Samuel Egerton,,Samuel Egerton,,
http://www.wikidata.org/entity/Q122227973,Il Ciarlatano,Pietro Longhi (maschio),1757,arte di genere,Museo del settecento veneziano,Museo del settecento veneziano,uomo; ciarlatano; gruppo di donne,,ciarlatano,62.0,50.0
http://www.wikidata.org/entity/Q122733370,Ritratto di Filippo II di Spagna,Tiziano Vecellio (maschio),1554,ritratto,Galleria Palatina,Galleria Palatina,Filippo II di Spagna,pittura veneta,Filippo II di Spagna,183.5,100.5
http://www.wikidata.org/entity/Q122615548,Ora di studio,Elisabeth Chaplin (femmina),1910,arte di genere,Galleria d'arte moderna di Firenze,Galleria d'arte moderna di Firenze,ragazza; ragazzo; sedia; partitura; libreria; leggio,,,170.0,108.0
http://www.wikidata.org/entity/Q122740583,Presentazione di Gesù al tempio e purificazione della Vergine,Francesco Francia (maschio),1510,arte religiosa,abbazia di Santa Maria del Monte,Pinacoteca comunale di Cesena,Maria; San Giuseppe; Simeone il Vecchio; Bambino Gesù; Anna,pittura rinascimentale italiana,,201.0,145.0
http://www.wikidata.org/entity/Q122764699,Ritratto di Cosimo I in armatura,,1548,ritratto,tesoro dei Granduchi,tesoro dei Granduchi,Cosimo I de' Medici,pittura rinascimentale italiana,Cosimo I de' Medici,105.0,87.0
http://www.wikidata.org/entity/Q122912807,San Giovannino nel deserto,Mario Bacchelli (maschio),1930,arte religiosa,Galleria d'arte moderna di Firenze,Galleria d'arte moderna di Firenze,ragazzo; Giovanni Battista; croce cristiana; Wilderness (ecologia),,,152.0,68.5
http://www.wikidata.org/entity/Q122617360,Autoritratto,Elisabeth Chaplin (femmina),1910,autoritratto,deposito del museo,Palazzo degli Uffizi,finestra; Elisabeth Chaplin; convento di San Domenico,,Elisabeth Chaplin,94.5,65.0
http://www.wikidata.org/entity/Q122730307,Bacco e Arianna,Pietro da Cortona (maschio),1624,pittura mitologica,Accademia nazionale di San Luca,Accademia nazionale di San Luca,mare; donna; cielo; musica; nudità; Corona Boreale; nuvola; capelli lunghi; uomo; danza; albero; falesia; campagna; topless; satiro; carro da guerra; Menadi; Nasso; Arianna; Bacco; deambulazione; riviera; foglia di fico; musicista; torso nudo,,,170.0,183.0
http://www.wikidata.org/entity/Q123375075,Ritratto di Elisabetta I d'Inghilterra,Cristofano dell'Altissimo (maschio),1582,ritratto,Palazzo degli Uffizi,Palazzo degli Uffizi,Elisabetta I d'Inghilterra,manierismo,Elisabetta I d'Inghilterra,67.0,46.0
http://www.wikidata.org/entity/Q123419057,Acquaiola,Francesco Gioli (maschio),1891,ritratto,Firenze,Fondazione Cassa di Risparmio di Firenze,,,,,
http://www.wikidata.org/entity/Q123416410,"Primavera, tre fanciulle e pecore su un prato fiorito",Francesco Gioli (maschio),1879,arte di genere,Firenze,Fondazione Cassa di Risparmio di Firenze,,,,60.0,140.0
http://www.wikidata.org/entity/Q123416461,La lacciaia,Eugenio Cecconi (maschio),1879,arte di genere,Firenze,Fondazione Cassa di Risparmio di Firenze,,,,,
http://www.wikidata.org/entity/Q123416548,Buoi al pascolo,Giovanni Fattori (maschio),1886,,Firenze,Fondazione Cassa di Risparmio di Firenze,,,,,
http://www.wikidata.org/entity/Q123416994,Pastura in montagna,Pietro Senno (maschio),1860,pittura paesaggistica,Firenze,Fondazione Cassa di Risparmio di Firenze,,,,,
http://www.wikidata.org/entity/Q123417018,Convento ad Amalfi,Giacinto Gigante (maschio),1900,vedutismo,Firenze,Fondazione Cassa di Risparmio di Firenze,,,,,
http://www.wikidata.org/entity/Q123418628,"Toscani a Curtatone (Campagna del 1848, veduta presa sul ponte dell’Osone)",Pietro Senno (maschio),1861,vedutismo; pittura storica,Firenze,Fondazione Cassa di Risparmio di Firenze,battaglia di Curtatone e Montanara,,battaglia di Curtatone e Montanara,,
http://www.wikidata.org/entity/Q123419096,Piazza San Gallo a Firenze,Ruggero Panerai (maschio),1883,arte di genere; paesaggio urbano,Firenze,Fondazione Cassa di Risparmio di Firenze,,,,,
http://www.wikidata.org/entity/Q123419116,Il passaggio di un drappello di artiglieria da piazza San Gallo,Ruggero Panerai (maschio),1885,paesaggio urbano,Firenze,Fondazione Cassa di Risparmio di Firenze,,,,,
http://www.wikidata.org/entity/Q123419220,Ritorno dalla corse alle Cascine,Ruggero Panerai (maschio),1885,arte di genere; paesaggio urbano,Firenze,Fondazione Cassa di Risparmio di Firenze,,,,142.0,202.0
http://www.wikidata.org/entity/Q123419237,Idillio,Adolfo Tommasi (maschio),1884,pittura paesaggistica; arte di genere,Firenze,Fondazione Cassa di Risparmio di Firenze,,,,,
http://www.wikidata.org/entity/Q123419285,Il garofano rosso,Silvestro Lega (maschio),1892,ritratto,Firenze,Fondazione Cassa di Risparmio di Firenze,,,,,
http://www.wikidata.org/entity/Q123419324,Ultime vangate,Angiolo Tommasi (maschio),1892,arte di genere,Firenze,Fondazione Cassa di Risparmio di Firenze,,,,,
http://www.wikidata.org/entity/Q123419384,Le gramignaie al fiume,Niccolò Cannicci (maschio),1896,arte di genere,Firenze; Fondazione Cassa di Risparmio di Firenze,Fondazione Cassa di Risparmio di Firenze,Elymus tsukushiensis,,Elymus tsukushiensis,,
http://www.wikidata.org/entity/Q123419421,L'abbeverata,Luigi Gioli (maschio),1896,arte di genere,Firenze,Fondazione Cassa di Risparmio di Firenze,,,,,
http://www.wikidata.org/entity/Q123422898,Allegoria,Tizianello (maschio),1700,allegoria,,Gallerie dell'Accademia,cranio umano; giovane uomo,,,72.7,73.0
http://www.wikidata.org/entity/Q123457362,Paesaggio col Battista,Francesco Zuccarelli (maschio),1765,,Gallerie dell'Accademia,Gallerie dell'Accademia,Giovanni Battista; paesaggio,,paesaggio,132.0,94.0
http://www.wikidata.org/entity/Q123457388,Prospettiva,Giuseppe Moretti (maschio); Giuseppe Maria Moretti (maschio),1776,,Gallerie dell'Accademia,Gallerie dell'Accademia,,,,130.0,56.0
http://www.wikidata.org/entity/Q123457393,Prospettiva di antiche terme,Antonio Joli (maschio),1756,,Gallerie dell'Accademia,Gallerie dell'Accademia,terme romane; capriccio,,terme romane; capriccio,130.0,93.0
http://www.wikidata.org/entity/Q123462848,Ritratto del principe Filippo d'Assia,Howard Chandler Christy (maschio),1927,ritratto,Castello Reale di Racconigi,Castello Reale di Racconigi,Filippo d'Assia,,Filippo d'Assia,152.5,101.3
http://www.wikidata.org/entity/Q123480115,Ritratto di Maria de' Medici,Frans Pourbus il Giovane (maschio),1605,ritratto,Galleria Palatina,Galleria Palatina,Maria de' Medici,,Maria de' Medici,83.0,62.7
http://www.wikidata.org/entity/Q123457399,Ritratto di fanciullo,Rosalba Carriera (femmina),1726,ritratto,Gallerie dell'Accademia,Gallerie dell'Accademia,ragazzo,,ragazzo,34.0,27.0
http://www.wikidata.org/entity/Q123416954,Anzio,Giovanni Costa (maschio),1850,vedutismo,Firenze,Fondazione Cassa di Risparmio di Firenze,Anzio,,Anzio,,
http://www.wikidata.org/entity/Q123458625,Ritratto di Pio VIII,Ferdinando Cavalleri (maschio),1829,ritratto,Palazzo Castiglioni,Palazzo Castiglioni,papa Pio VIII,,papa Pio VIII,138.0,100.0
http://www.wikidata.org/entity/Q123457371,Giuditta e Oloferne,Giulia Lama (femmina),,arte religiosa,Gallerie dell'Accademia,Gallerie dell'Accademia,Giuditta e Oloferne,,Giuditta e Oloferne,131.5,178.6
http://www.wikidata.org/entity/Q122965388,Ritratto di Franca Viviani della Robbia,Vittorio Matteo Corcos (maschio),1923,ritratto,Galleria d'arte moderna di Firenze,Galleria d'arte moderna di Firenze,Franca Viviani della Robbia,,Franca Viviani della Robbia,65.0,47.0
http://www.wikidata.org/entity/Q123036459,Emanuele Brignole,Giovanni Bernardo Carbone (maschio),1683,,Albergo dei Poveri,,Albergo dei Poveri,,Emanuele Brignole,,
http://www.wikidata.org/entity/Q123052486,La vecchia nonna,Antonio Rotta (maschio),1869,ritratto,Museo Revoltella,Museo Revoltella,,realismo,,52.0,41.0
http://www.wikidata.org/entity/Q123052559,Padrone che cura il cane,Antonio Rotta (maschio),1861,arte di genere,Museo Revoltella,Museo Revoltella,,realismo,,61.0,72.0
http://www.wikidata.org/entity/Q123055325,Ritratto di papa Clemente XIII Rezzonico benedicente,Pompeo Batoni (maschio),1760,ritratto,Palazzo Barberini,Galleria nazionale d'arte antica,papa Clemente XIII; trono,,papa Clemente XIII,136.5,98.5
http://www.wikidata.org/entity/Q123146252,Ritratto di Urbano V,Simone dei Crocifissi (maschio),1375,ritratto,Pinacoteca Nazionale di Bologna,Pinacoteca Nazionale di Bologna,Spirito Santo; papa Urbano V; angelo; dittico,pittura gotica,papa Urbano V,196.8,62.5
http://www.wikidata.org/entity/Q123178580,Madonna del Baldacchino,Luca Giordano (maschio),1685,arte religiosa,Museo nazionale di Capodimonte,Museo nazionale di Capodimonte,fiore; Madonna del Rosario; angelo; putto; Madonna col Bambino,barocco napoletano,Madonna del Rosario,430.0,240.0
http://www.wikidata.org/entity/Q123200931,Stimmate di San Francesco,Francesco Morone (maschio),,arte religiosa,Museo di Castelvecchio,Museo di Castelvecchio,Francesco d'Assisi,,,236.0,218.0
http://www.wikidata.org/entity/Q123200938,Pala della Trinità,Francesco Morone (maschio),,arte religiosa,Museo di Castelvecchio,Museo di Castelvecchio,,,,162.0,102.0
http://www.wikidata.org/entity/Q123200940,Santa Caterina di Alessandria con donatore,Francesco Morone (maschio),,arte religiosa,Museo di Castelvecchio,Museo di Castelvecchio,,,,290.0,155.0
http://www.wikidata.org/entity/Q123201359,Ritratto di Papa Leone XIII,Fabio Cipolla (maschio),1878,ritratto,Museo di Roma a palazzo Braschi,Museo di Roma a palazzo Braschi,Papa Leone XIII; trono; posizione seduta; folium,,Papa Leone XIII,98.0,73.0
http://www.wikidata.org/entity/Q123258249,Ritratto della contessa Antonietta Negroni Prati Morosini,Francesco Hayez (maschio),1872,ritratto,Galleria d'arte moderna di Milano,Galleria d'arte moderna di Milano,Antonietta Negroni Prati Morosini,,Antonietta Negroni Prati Morosini,115.0,93.5
http://www.wikidata.org/entity/Q123260093,Ritratto dell'abate mitrato di San Martino conte Vay de Vaya e de Luskod,Philip de László (maschio),1906,ritratto,Galleria d'arte moderna di Firenze,Galleria d'arte moderna di Firenze,,impressionismo,,81.0,52.5
http://www.wikidata.org/entity/Q123301255,Ritratto di Carolina Primodì Baruzzi,Ferdinando Cavalleri (maschio),1858,ritratto,Collezioni comunali d'arte di Bologna,Collezioni comunali d'arte di Bologna,Carolina Primodì,pittura romantica,Carolina Primodì,79.0,63.8
http://www.wikidata.org/entity/Q123313948,"Ritratto di Elisabetta, Imperatrice d'Austria",Giuseppe Sogni (maschio),1854,ritratto,Galleria d'arte moderna di Firenze,Galleria d'arte moderna di Firenze,Elisabetta di Baviera,,Elisabetta di Baviera,245.5,175.2
http://www.wikidata.org/entity/Q123314103,"Ritratto di Francesco Giuseppe, Imperatore d'Austria",Giuseppe Sogni (maschio),1854,ritratto,Galleria d'arte moderna di Firenze,Galleria d'arte moderna di Firenze,Francesco Giuseppe I d'Austria,,Francesco Giuseppe I d'Austria,260.0,181.8
http://www.wikidata.org/entity/Q123338940,Autoritratto di Franz Xaver Winterhalter,Franz Xaver Winterhalter (maschio),1868,autoritratto,Corridoio Vasariano,Palazzo degli Uffizi; Corridoio Vasariano,Franz Xaver Winterhalter,,Franz Xaver Winterhalter,62.5,59.5
http://www.wikidata.org/entity/Q122948136,Autoritratto,Orazio Riminaldi (maschio),1625,autoritratto,Corridoio Vasariano,Palazzo degli Uffizi,Orazio Riminaldi,,Orazio Riminaldi,77.0,71.0
http://www.wikidata.org/entity/Q123328738,Autoritratto,Carlo Ferrari (maschio),1944,autoritratto,Galleria d'arte moderna di Firenze,Galleria d'arte moderna di Firenze,Carlo Ferrari,,Carlo Ferrari,52.5,42.0
http://www.wikidata.org/entity/Q123562848,Madonna con il bambino e tre angeli,Francesco Benaglio (maschio),,arte religiosa,Museo di Castelvecchio,Museo di Castelvecchio,Maria; Gesù; angelo; Bambino Gesù,,,49.0,38.0
http://www.wikidata.org/entity/Q123709241,Ritratto di Pier Luigi Farnese,Tiziano Vecellio (maschio),1543,ritratto,Palazzo Reale,Palazzo Reale,Pier Luigi Farnese,pittura veneta,Pier Luigi Farnese,100.0,77.0
http://www.wikidata.org/entity/Q123709348,Papa Paolo III nomina il figlio Pier Luigi duca di Parma e Piacenza,Sebastiano Ricci (maschio),1686,pittura storica,Museo civico di Piacenza,Museo civico di Piacenza,Pier Luigi Farnese; papa Paolo III,,,125.0,196.0
http://www.wikidata.org/entity/Q123741888,Ritratto di Gabriele Tadino,Tiziano Vecellio (maschio),1538,ritratto,Collezione BPER Banca,Collezione BPER Banca,Gabriele Tadino,pittura veneta,Gabriele Tadino,180.0,133.0
http://www.wikidata.org/entity/Q123751969,Cristo Salvatore,Tiziano Vecellio (maschio),1533,arte religiosa,Galleria Palatina,Galleria Palatina,Gesù; Redentore,pittura veneta,Redentore,77.0,57.0
http://www.wikidata.org/entity/Q123912954,Ritratto del vescovo Ludovico Beccadelli,Tiziano Vecellio (maschio),1552,ritratto,Palazzo degli Uffizi,Palazzo degli Uffizi,Ludovico Beccadelli,pittura veneta,Ludovico Beccadelli,117.5,97.0
http://www.wikidata.org/entity/Q123753616,Adorazione dei pastori,Tiziano Vecellio (maschio),1532,arte religiosa,Galleria Palatina,Galleria Palatina,Maria; San Giuseppe; Sacra Famiglia; adorazione dei pastori; Bambino Gesù,,adorazione dei pastori,95.0,112.5
http://www.wikidata.org/entity/Q123671285,Resurrezione di Cristo,Tiziano Vecellio (maschio),1543,arte religiosa,Galleria nazionale delle Marche,Galleria nazionale delle Marche,Gesù; Risurrezione di Gesù; paesaggio; benedizione; armatura; Santo Sepolcro; soldato romano; Stendardo della Resurrezione,pittura veneta,Risurrezione di Gesù,145.0,88.0
http://www.wikidata.org/entity/Q123754396,Madonna della Misericordia,Tiziano Vecellio (maschio),1573,arte religiosa,Sala di Apollo,Galleria Palatina,Maria; ragazza; Madonna della Misericordia; orante; Vecellio; gruppo di uomini; gruppo di donne,,Madonna della Misericordia,144.0,154.0
http://www.wikidata.org/entity/Q124039068,Ritratto di Onofrio Panvinio,Jacopo Tintoretto (maschio),1550,ritratto,Palazzo Colonna,Palazzo Colonna,libro; Onofrio Panvinio,pittura veneta,Onofrio Panvinio,112.0,89.0
http://www.wikidata.org/entity/Q124039121,Ritratto di Onofrio Panvinio,,1900,ritratto,Biblioteca comunale Classense,Biblioteca comunale Classense,Onofrio Panvinio,,Onofrio Panvinio,71.0,55.0
http://www.wikidata.org/entity/Q124039323,San Giovanni Battista,,1534,arte religiosa,Pinacoteca Nazionale di Bologna,Pinacoteca Nazionale di Bologna,San Giovannino,,,168.0,150.5
http://www.wikidata.org/entity/Q124038605,San Giovanni Battista nel deserto,,1520,arte religiosa,palazzo del Quirinale,palazzo del Quirinale,San Giovannino,pittura rinascimentale italiana,,165.0,149.0
http://www.wikidata.org/entity/Q124348363,Giove allattato dalla capra Amaltea,Giuseppe Gambarini (maschio),1710,pittura mitologica,Palazzo Buonaccorsi,Collezione Maccaferri; Quadreria privata Buonaccorsi,Giove; Amaltea,,Giove,150.0,170.0
http://www.wikidata.org/entity/Q124348745,Nascita di Adone,Giuseppe Gambarini (maschio),1710,pittura mitologica,Palazzo Buonaccorsi,Collezione Maccaferri; Quadreria privata Buonaccorsi,Adone,,Adone,150.0,170.0
http://www.wikidata.org/entity/Q124349538,Ritratto di Buonaccorso Buonaccorsi all'età di tre anni,Anton von Maron (maschio),1790,ritratto,Villa Buonaccorsi,Quadreria privata Buonaccorsi,Buonaccorso VIII Buonaccorsi,,Buonaccorso VIII Buonaccorsi,111.0,80.0
http://www.wikidata.org/entity/Q124043063,Ritratto di Ippolito Riminaldi,Tiziano Vecellio (maschio),1600,ritratto,Accademia nazionale di San Luca,Accademia nazionale di San Luca,Ippolito Riminaldi,pittura veneta,Ippolito Riminaldi,113.0,93.0
http://www.wikidata.org/entity/Q124056690,San Francesco d'Assisi riceve le stimmate,Tiziano Vecellio (maschio),1561,arte religiosa,pinacoteca civica,pinacoteca civica,Francesco d'Assisi; Stimmate di San Francesco; donatore,pittura veneta,Stimmate di San Francesco,298.0,177.0
http://www.wikidata.org/entity/Q124069413,Ritratto di Santino Brusatori,Angelo Galloni (maschio),1934,ritratto,Padiglione Centrale dell'Ospedale di Busto Arsizio,Quadreria dell'ospedale di Busto Arsizio,Santino Brusatori,,Santino Brusatori,94.0,72.0
http://www.wikidata.org/entity/Q124069583,Ritratto di Angioletta Carnaghi Brusatori,Angelo Galloni (maschio),1945,ritratto,Padiglione Centrale dell'Ospedale di Busto Arsizio,Quadreria dell'ospedale di Busto Arsizio,Angioletta Carnaghi Brusatori,,Angioletta Carnaghi Brusatori,96.0,74.0
http://www.wikidata.org/entity/Q124069753,Ritratto di Valentino Cafulli,Alessandro Pandolfi (maschio),1928,ritratto,Padiglione Centrale dell'Ospedale di Busto Arsizio,Quadreria dell'ospedale di Busto Arsizio,Valentino Cafulli,,Valentino Cafulli,105.0,80.0
http://www.wikidata.org/entity/Q124079494,Ritratto di Maria Speroni Formenti,Alessandro Pandolfi (maschio),1900,ritratto,Padiglione Centrale dell'Ospedale di Busto Arsizio,Quadreria dell'ospedale di Busto Arsizio,Maria Speroni Formenti,,Maria Speroni Formenti,80.0,70.0
http://www.wikidata.org/entity/Q124083860,Ritratto di Rosa Bottigelli Borri,Carlo Grossi (maschio),1927,ritratto,Padiglione Centrale dell'Ospedale di Busto Arsizio,Quadreria dell'ospedale di Busto Arsizio,Rosa Bottigelli Borri,,Rosa Bottigelli Borri,74.0,60.0
http://www.wikidata.org/entity/Q124084281,Ritratto di Eligio Milani,Carlo Grossi (maschio),1900,ritratto,Padiglione Centrale dell'Ospedale di Busto Arsizio,Quadreria dell'ospedale di Busto Arsizio,Eligio Milani,,Eligio Milani,75.0,60.0
http://www.wikidata.org/entity/Q124086041,Ritratto di Benedetto Milani,Carlo Grossi (maschio),1900,ritratto,Padiglione Centrale dell'Ospedale di Busto Arsizio,Quadreria dell'ospedale di Busto Arsizio,Benedetto Milani,,Benedetto Milani,75.0,60.0
http://www.wikidata.org/entity/Q124086306,Ritratto di Ernesto Travelli,Carlo Grossi (maschio),1925,ritratto,Padiglione Centrale dell'Ospedale di Busto Arsizio,Quadreria dell'ospedale di Busto Arsizio,Ernesto Travelli,,Ernesto Travelli,75.0,60.0
http://www.wikidata.org/entity/Q124086626,Ritratto di Teresa Caminada Tosi,Ugo Galvagni (maschio),1895,ritratto,Padiglione Centrale dell'Ospedale di Busto Arsizio,Quadreria dell'ospedale di Busto Arsizio,Teresa Caminada Tosi,,Teresa Caminada Tosi,212.0,138.0
http://www.wikidata.org/entity/Q124087802,Ritratto di Giovanni Xeconti,Ugo Galvagni (maschio),1897,ritratto,Padiglione Centrale dell'Ospedale di Busto Arsizio,Quadreria dell'ospedale di Busto Arsizio,Giovanni Xeconti,,Giovanni Xeconti,130.0,86.0
http://www.wikidata.org/entity/Q124091771,Ritratto di Giovan Battista Provasoli,Stefano Bersani (maschio),1900,ritratto,Padiglione Centrale dell'Ospedale di Busto Arsizio,Quadreria dell'ospedale di Busto Arsizio,Giovan Battista Provasoli,,Giovan Battista Provasoli,60.0,45.0
http://www.wikidata.org/entity/Q124092399,Ritratto di Teresa Lualdi,Antonio Introini (maschio),1870,ritratto,Padiglione Centrale dell'Ospedale di Busto Arsizio,Quadreria dell'ospedale di Busto Arsizio,Teresa Lualdi,,Teresa Lualdi,143.0,118.0
http://www.wikidata.org/entity/Q124092672,Ritratto di Carlo Ottolini,Ugo Galvagni (maschio),1900,ritratto,Padiglione Centrale dell'Ospedale di Busto Arsizio,Quadreria dell'ospedale di Busto Arsizio,Carlo Ottolini,,Carlo Ottolini,82.0,58.0
http://www.wikidata.org/entity/Q124097861,Ritratto di Anselmo Giani,Antonio Introini (maschio),1825,ritratto,Padiglione Centrale dell'Ospedale di Busto Arsizio,Quadreria dell'ospedale di Busto Arsizio,Anselmo Giani,,Anselmo Giani,56.0,44.0
http://www.wikidata.org/entity/Q124098297,Ritratto di Roberto Marcora,,1890,ritratto,Padiglione Centrale dell'Ospedale di Busto Arsizio,Quadreria dell'ospedale di Busto Arsizio,Roberto Marcora,,Roberto Marcora,52.0,44.0
http://www.wikidata.org/entity/Q124100563,Ritratto del cardinale Marcello Cervini Spannocchi,Iacopino del Conte (maschio),1550,ritratto,Galleria Borghese,Collezione Borghese; Galleria Borghese,libro; sedia; tavolo; papa Marcello II; lettura; campanella,pittura rinascimentale italiana,papa Marcello II,104.0,85.0
http://www.wikidata.org/entity/Q124101877,Ritratto di Carlo Venzaghi,Carlo Grossi (maschio),1919,ritratto,Padiglione Centrale dell'Ospedale di Busto Arsizio,Quadreria dell'ospedale di Busto Arsizio,Carlo Venzaghi,,Carlo Venzaghi,82.0,65.0
http://www.wikidata.org/entity/Q124101956,Ritratto di Ida Bossi Dell'Acqua,Eugenio Bonzanini (maschio),1902,ritratto,Padiglione Centrale dell'Ospedale di Busto Arsizio,Quadreria dell'ospedale di Busto Arsizio,Ida Bossi Dell'Acqua,,Ida Bossi Dell'Acqua,62.0,48.0
http://www.wikidata.org/entity/Q124150884,Ritratto di Luigi Crespi,Carlo Grossi (maschio),1915,ritratto,Padiglione Centrale dell'Ospedale di Busto Arsizio,Quadreria dell'ospedale di Busto Arsizio,Luigi Crespi,,Luigi Crespi,80.0,60.0
http://www.wikidata.org/entity/Q124151090,Ritratto di Maria Teresa Ferrario Carnaghi,Luigi Brusatori (maschio),1941,ritratto,Padiglione Centrale dell'Ospedale di Busto Arsizio,Quadreria dell'ospedale di Busto Arsizio,Maria Teresa Ferrario,,,92.0,72.0
http://www.wikidata.org/entity/Q124154199,Ritratto di Antonio Tosi,,1900,ritratto,Padiglione Centrale dell'Ospedale di Busto Arsizio,Quadreria dell'ospedale di Busto Arsizio,Antonio Tosi,,Antonio Tosi,88.0,60.0
http://www.wikidata.org/entity/Q124154228,Ritratto di Carlo Solbiati,,1910,ritratto,Padiglione Centrale dell'Ospedale di Busto Arsizio,Quadreria dell'ospedale di Busto Arsizio,Carlo Solbiati,,Carlo Solbiati,70.0,53.0
http://www.wikidata.org/entity/Q124210379,Latona trasforma in rane i pastori della Licia,Giuseppe Maria Crespi (maschio),1710,pittura mitologica,Palazzo Buonaccorsi; Palazzo Barberini,Pinacoteca Nazionale di Bologna; Quadreria privata Buonaccorsi,Apollo; pastore; Diana; Latona,,Latona,137.0,169.0
http://www.wikidata.org/entity/Q124218595,Cristo flagellato,Tiziano Vecellio (maschio),1568,arte religiosa,Galleria Borghese,Galleria Borghese,Gesù; flagellazione di Gesù; Cristo alla colonna,pittura veneta,Cristo alla colonna; flagellazione di Gesù,87.0,62.5
http://www.wikidata.org/entity/Q124246612,Ritratto di Sigismondo II Augusto (1520-1572),Jacopo Tintoretto (maschio),1554,ritratto,Collezione Contini Bonacossi,Palazzo degli Uffizi; Collezione Contini Bonacossi,Sigismondo II Augusto,pittura veneta,Sigismondo II Augusto,110.0,91.5
http://www.wikidata.org/entity/Q124286611,Ritratto d'uomo della famiglia Minerbetti,Tiziano Vecellio (maschio),1545,ritratto,Galleria Palatina,Galleria Palatina,uomo; scultura; Bernardetto Minerbetti; Diego Hurtado de Mendoza y Pacheco,pittura veneta,,179.0,114.0
http://www.wikidata.org/entity/Q124152267,Ecce Homo,Tiziano Vecellio (maschio),1565,arte religiosa,Sala di Venere,Galleria Palatina,Gesù; Ecce Homo; coronazione di spine,pittura veneta,Ecce Homo,71.0,54.6
http://www.wikidata.org/entity/Q124287319,Madonna col Bambino,Tiziano Vecellio (maschio),1560,arte religiosa,,Gallerie dell'Accademia,Maria; tenda; Bambino Gesù; Madonna col Bambino,pittura veneta,Madonna col Bambino,124.0,96.0
http://www.wikidata.org/entity/Q124288119,San Giovanni Battista,Gian Giacomo Caprotti (maschio),1520,arte religiosa,Pinacoteca Ambrosiana,Pinacoteca Ambrosiana,Giovanni Battista; paesaggio,Alto Rinascimento,,73.0,50.9
http://www.wikidata.org/entity/Q124248182,Ritratto di Cosimo I de' Medici,Alessandro Allori (maschio),1583,ritratto,Galleria Borghese,Collezione Borghese; Galleria Borghese,Cosimo I de' Medici,manierismo; pittura rinascimentale italiana,Cosimo I de' Medici,84.0,66.0
http://www.wikidata.org/entity/Q124287594,Ritratto del cardinale Ippolito de' Medici,Giorgio Vasari (maschio),1558,ritratto,,Palazzo Vecchio,Ippolito de' Medici,,Ippolito de' Medici,,
http://www.wikidata.org/entity/Q124256182,adorazione del bambino,Francesco Granacci (maschio),1550,arte religiosa,Accademia delle arti del disegno,Accademia delle arti del disegno,nascita di Gesù,,nascita di Gesù,,
http://www.wikidata.org/entity/Q124307433,Haschisch: fumatrici d'oppio,Gaetano Previati (maschio),1887,,Galleria d'arte moderna Ricci Oddi,Galleria d'arte moderna Ricci Oddi,donna,,,80.0,150.0
http://www.wikidata.org/entity/Q124307821,Abisso verde,Giulio Aristide Sartorio (maschio),1895,pittura mitologica,Galleria d'arte moderna Ricci Oddi,Galleria d'arte moderna Ricci Oddi,,,,59.0,135.0
http://www.wikidata.org/entity/Q124316070,Autoritratto con tavolozza,Giovanni Carnovali (maschio),1850,autoritratto,Accademia Carrara,Accademia Carrara,Giovanni Carnovali,,,78.0,58.0
http://www.wikidata.org/entity/Q124321743,Ritratto dell'imperatore Carlo V in armatura,,1550,ritratto,deposito del museo,Galleria Palatina,Carlo V d'Asburgo,,Carlo V d'Asburgo,196.0,100.0
http://www.wikidata.org/entity/Q124369794,Ritratto di Pier Luigi Farnese,Girolamo Mazzola Bedoli (maschio),1547,ritratto,palazzo della Pilotta,Galleria nazionale di Parma,Pier Luigi Farnese,,Pier Luigi Farnese,132.0,103.0
http://www.wikidata.org/entity/Q124498236,Ritratto di Ambrogio Bertarelli,Giuseppe Amisani (maschio),1927,ritratto,Raccolte d'arte dell'Ospedale Maggiore di Milano,Raccolte d'arte dell'Ospedale Maggiore di Milano,Ambrogio Bertarelli,,Ambrogio Bertarelli,115.0,85.0
http://www.wikidata.org/entity/Q124499426,Ritratto di Francesco Mira,Giuseppe Amisani (maschio),1922,ritratto,Raccolte d'arte dell'Ospedale Maggiore di Milano,Raccolte d'arte dell'Ospedale Maggiore di Milano,Francesco Mira,,Francesco Mira,130.0,100.0
http://www.wikidata.org/entity/Q124538450,Ritratto di papa Urbano VIII Barberini,Guido Ubaldo Abbatini (maschio),1633,ritratto,Galleria nazionale di Palazzo Corsini,Galleria nazionale d'arte antica,papa Urbano VIII,,papa Urbano VIII,133.0,97.0
http://www.wikidata.org/entity/Q124629543,Ritratto di Alessandro de' Medici,Cristofano dell'Altissimo (maschio),1560,ritratto,Palazzo degli Uffizi,Palazzo degli Uffizi,Alessandro de' Medici,,Alessandro de' Medici,62.0,45.0
http://www.wikidata.org/entity/Q124630700,Giovane donna con vestito giallo (Renée Modot),Amedeo Modigliani (maschio),1918,ritratto,Museo d'arte contemporanea del castello di Rivoli,Museo d'arte contemporanea del castello di Rivoli; Fondazione Francesco Federico Cerruti per l’Arte,donna; Renée Modot,,Renée Modot,92.0,60.0
http://www.wikidata.org/entity/Q124627974,Madonna del Latte,Gentile da Rocca (maschio),1283,arte religiosa,Museo nazionale d'Abruzzo,Museo nazionale d'Abruzzo,Gesù; Maria,,,,
http://www.wikidata.org/entity/Q124537391,Ritratto di Pio IX,Antoine Chatelain (maschio),1848,ritratto,deposito del museo,Galleria d'arte moderna di Firenze,papa Pio IX,,papa Pio IX,135.0,98.0
http://www.wikidata.org/entity/Q125599554,Ritratto di Pedro Álvarez de Toledo y Zúñiga,,1625,ritratto,Museo nazionale di San Martino,Museo nazionale di San Martino,Pedro Álvarez de Toledo y Zúñiga,,Pedro Álvarez de Toledo y Zúñiga,80.0,68.0
http://www.wikidata.org/entity/Q125266586,Conversione di san Paolo,Domenico Morelli (maschio),1876,arte religiosa,cattedrale di Santa Maria Assunta,cattedrale di Santa Maria Assunta,conversione di Paolo,,conversione di Paolo,360.0,160.0
http://www.wikidata.org/entity/Q124962542,Ritratto di Andrea Vesalio,,1545,ritratto,Galleria Palatina,Galleria Palatina,Andrea Vesalio,manierismo,Andrea Vesalio,130.0,98.0
http://www.wikidata.org/entity/Q125102834,La novella della nonna,Pietro Saltini (maschio),1875,arte di genere,Museo Revoltella,Museo Revoltella,gatto domestico; madre; cucina; ceramica; vasca da bagno; paiolo; camino; panchina; conocchia; narrazione; nonna; figlio o figlia,realismo,narrazione,63.5,82.0
http://www.wikidata.org/entity/Q125107060,La nonna e nipote,Georgios Iakovidis (maschio),1886,arte di genere,Museo Revoltella,Museo Revoltella,ragazza; nonna,naturalismo; realismo,,95.5,70.0
http://www.wikidata.org/entity/Q125116690,Roma antica,Nicolas-Didier Boguet (maschio),1900,vedutismo,Museo Revoltella,Museo Revoltella,rovine; Foro Romano; Tabularium,neoclassicismo,Foro Romano,65.0,100.0
http://www.wikidata.org/entity/Q125170382,L'onestà di Sant'Eligio,Jacopo Chimenti (maschio),1614,arte religiosa,Palazzo degli Uffizi,Palazzo degli Uffizi,Eligio di Noyon; Clotario II,,,300.5,190.0
http://www.wikidata.org/entity/Q125176302,Ritratto dell’Arciduca Massimiliano,Augusto Tominz (maschio),1868,ritratto,Museo Revoltella,Museo Revoltella,Massimiliano I del Messico,romanticismo,Massimiliano I del Messico,148.0,111.0
http://www.wikidata.org/entity/Q125189520,Stamura che incendia le macchine all'assedio di Ancona,Francesco Podesti (maschio),1877,,,,Stamira,,,,
http://www.wikidata.org/entity/Q125208945,Visita allo zio cardinale,Raffaele Armenise (maschio),1884,pittura storica; arte di genere,Museo Revoltella,Museo Revoltella,,,visita,127.0,207.0
http://www.wikidata.org/entity/Q125298817,Ritratto di Niccolò Leoniceno,Dosso Dossi (maschio),1521,ritratto,sala 0.12 della Pinacoteca Civica di palazzo Volpi,raccolte d'arte della Pinacoteca Civica di Palazzo Volpi,Niccolò Leoniceno; Galeni Ars medicinalis Nicolao Leoniceno interprete,,Niccolò Leoniceno,85.0,72.0
http://www.wikidata.org/entity/Q125387269,Baccanale con Arianna dormiente,David Teniers il Giovane (maschio),1638,pittura mitologica,Galleria Palatina,Galleria Palatina,vino; nudità; albero; paesaggio; baccanale; ninfa; Sileno,,baccanale,36.0,46.0
http://www.wikidata.org/entity/Q125490773,Ritratto della contessa Anna Maria Rombo Morosini,Lino Selvatico (maschio),1908,ritratto,Museo Fortuny,Museo d'Arte Orientale,Anna Morosini,,Anna Morosini,228.0,119.0
http://www.wikidata.org/entity/Q125144993,Adorazione dei pastori,Amico Aspertini (maschio),1530,arte religiosa,Palazzo degli Uffizi,Palazzo degli Uffizi,Maria; pastore; San Giuseppe; paesaggio; tronco; putto; Stella di Betlemme; San Giovannino; Bambino Gesù; agnello; adorazione dei pastori,,adorazione dei pastori,44.5,34.0
http://www.wikidata.org/entity/Q125293980,Vergine e il Bambino,Alvise Vivarini (maschio),1480,arte religiosa,Museo di Castelvecchio,Museo di Castelvecchio,Maria; Bambino Gesù,,Madonna col Bambino,61.0,43.0
http://www.wikidata.org/entity/Q125399429,Madonna del Latte,Ambrogio Lorenzetti (maschio),1330,arte religiosa,Siena,Museo diocesano d'arte sacra,Madonna col Bambino,,allattamento,90.0,45.0
http://www.wikidata.org/entity/Q124981334,Ritratto di giovane,Silvestro Lega (maschio),1857,ritratto,Palazzo Pitti,Galleria d'arte moderna di Firenze,uomo,art pompier; realismo,uomo,28.0,23.0
http://www.wikidata.org/entity/Q124721106,Ritratto di papa Pio II,Cristofano dell'Altissimo (maschio),1567,ritratto,Palazzo degli Uffizi,Palazzo degli Uffizi,papa Pio II,,papa Pio II,60.0,45.0
http://www.wikidata.org/entity/Q124736928,Ritratto di Bianca Cappello,Alessandro Allori (maschio),1578,ritratto,Palazzo degli Uffizi,Palazzo degli Uffizi,Bianca Cappello,,Bianca Cappello,37.0,27.0
http://www.wikidata.org/entity/Q124652229,Ritratto del papa Leone XIII,Franz von Lenbach (maschio),1886,ritratto,Galleria internazionale d'arte moderna,Galleria internazionale d'arte moderna,Papa Leone XIII,realismo,Papa Leone XIII,112.0,85.8
http://www.wikidata.org/entity/Q124652592,Ritratto di Giovanni di Montagliari,Franz von Lenbach (maschio),1885,ritratto,Galleria d'arte moderna di Firenze,Galleria d'arte moderna di Firenze,Giovanni Meyer,,Giovanni Meyer,68.0,55.0
http://www.wikidata.org/entity/Q124662452,Ritratto di Javotte Bocconi Manca di Villahermosa,Antonio Ambrogio Alciati (maschio),1916,ritratto,Museo nazionale della scienza e della tecnologia Leonardo da Vinci,Museo nazionale della scienza e della tecnologia Leonardo da Vinci,Javotte Manca di Villahermosa,,Javotte Manca di Villahermosa,48.0,42.7
http://www.wikidata.org/entity/Q124662574,Ritratto di Benigno Cristoforo Crespi,Antonio Ambrogio Alciati (maschio),1920,ritratto,Raccolte d'arte dell'Ospedale Maggiore di Milano,Raccolte d'arte dell'Ospedale Maggiore di Milano,Cristoforo Benigno Crespi,,Cristoforo Benigno Crespi,202.0,120.0
http://www.wikidata.org/entity/Q124663036,Ritratto di Giacomo Mellerio,Giuseppe Molteni (maschio),1848,ritratto,Raccolte d'arte dell'Ospedale Maggiore di Milano,Raccolte d'arte dell'Ospedale Maggiore di Milano,Giacomo Mellerio,,Giacomo Mellerio,209.0,136.0
http://www.wikidata.org/entity/Q124664892,Ritratto di Ferdinando I d'Austria,Giuseppe Molteni (maschio),1837,ritratto,Accademia di belle arti di Brera,Accademia di belle arti di Brera,Ferdinando I d'Austria,,Ferdinando I d'Austria,227.0,184.5
http://www.wikidata.org/entity/Q124686467,Ritratto di Ludovico Ariosto,Dosso Dossi (maschio),1520,ritratto,Il Cardello Casa Oriani,Il Cardello Casa Oriani,Ludovico Ariosto,Alto Rinascimento,Ludovico Ariosto,60.0,50.0
http://www.wikidata.org/entity/Q124719736,Ritratto di Leonardo da Vinci,Cristofano dell'Altissimo (maschio),1560,ritratto,Palazzo degli Uffizi,Palazzo degli Uffizi,Leonardo da Vinci,,Leonardo da Vinci,60.0,45.0
http://www.wikidata.org/entity/Q124723493,Ritratto del cardinale Pompeo Colonna,Cristofano dell'Altissimo (maschio),1560,ritratto,Palazzo degli Uffizi,Palazzo degli Uffizi,Pompeo Colonna,,Pompeo Colonna,60.0,45.0
http://www.wikidata.org/entity/Q124724283,Ritratto del cardinale Pompeo Colonna,Sebastiano del Piombo (maschio),1517,ritratto,Palazzo Colonna,Palazzo Colonna,cane; Pompeo Colonna,pittura veneta; Alto Rinascimento,Pompeo Colonna,115.0,87.0
http://www.wikidata.org/entity/Q124738743,Ritratto di Ferdinando II al nono giorno di vaiolo,Justus Sustermans (maschio),1626,ritratto,Galleria Palatina,Galleria Palatina,Ferdinando II de' Medici,,Ferdinando II de' Medici,45.0,34.0
http://www.wikidata.org/entity/Q124884546,L'incredulità di San Tommaso,Silvestro Lega (maschio),1850,arte religiosa,palazzo pretorio,"pinacoteca comunale ""S. Lega''",Gesù; Tommaso; L'incredulità di Tommaso,romanticismo; art pompier,L'incredulità di Tommaso,101.0,76.0
http://www.wikidata.org/entity/Q124902982,David who calms the cravings of Saul troubled by the evil spirit with the sound of the harp (preparatory sketch),Silvestro Lega (maschio),1852,arte religiosa,Palazzo Pitti,Galleria d'arte moderna di Firenze,Saul; Davide; arpa; Gionatan; Mikal; colonnato,romanticismo; art pompier,Davide,23.5,29.5
http://www.wikidata.org/entity/Q124922865,David che placa col suono dell'arpa le smanie di Saul travagliato dallo spirito malo,Silvestro Lega (maschio),1852,arte religiosa,Galleria dell'Accademia,Galleria dell'Accademia e Musei del Bargello,mobile; Saul; Davide; lancia; arpa; Gionatan; portico; Mikal,romanticismo; art pompier,Davide,133.0,174.0
http://www.wikidata.org/entity/Q124801581,Ritratto di Alfonso I d'Este,Sebastiano Filippi (maschio),1556,ritratto,Galleria Palatina,Galleria Palatina,spada; cannone; Alfonso I d'Este,,Alfonso I d'Este,154.7,123.3
http://www.wikidata.org/entity/Q124726116,Ritratto di Pietro Aretino,Cristofano dell'Altissimo (maschio),1587,ritratto,Palazzo degli Uffizi,Palazzo degli Uffizi,Pietro Aretino,,Pietro Aretino,58.8,42.5
http://www.wikidata.org/entity/Q124726300,Ritratto di Vincenzo Cappello,Cristofano dell'Altissimo (maschio),1560,ritratto,Palazzo degli Uffizi,Palazzo degli Uffizi,Vincenzo Cappello,,Vincenzo Cappello,57.0,42.0
http://www.wikidata.org/entity/Q125678611,Ora triste,Giuseppe De Nittis (maschio),1883,ritratto,Palazzo della Marra,Pinacoteca Giuseppe De Nittis,velo; posizione eretta; donna giovane; abbigliamento; tristezza; dolore,,donna giovane,100.0,61.0
http://www.wikidata.org/entity/Q125679589,Uscita dal bosco,Giuseppe De Nittis (maschio),1884,pittura paesaggistica,Palazzo della Marra,Pinacoteca Giuseppe De Nittis,foresta; albero; strada; recinto; campo,,,55.0,73.0
http://www.wikidata.org/entity/Q125692333,San Michele arcangelo trionfante,Carlo Francesco Nuvolone (maschio),1630,arte religiosa,sala 1.1 della Pinacoteca Civica di palazzo Volpi,raccolte d'arte della Pinacoteca Civica di Palazzo Volpi,Michele; Lucifero; angelo,,,330.0,700.0
http://www.wikidata.org/entity/Q125704254,"Madonna con bambino, San Giovannino e angeli",Andrea del Sarto (maschio),1518,arte religiosa,Museo nazionale di Capodimonte,Museo nazionale di Capodimonte,Maria; angelo; Bambino Gesù; San Giovannino; Madonna col Bambino,,Madonna col Bambino,115.0,87.0
http://www.wikidata.org/entity/Q125728210,Figura di donna (Léontine De Nittis),Giuseppe De Nittis (maschio),1880,ritratto,Palazzo della Marra,Pinacoteca Giuseppe De Nittis,,,,71.0,38.0
http://www.wikidata.org/entity/Q126284318,Composizione G.R.U. 35/B,Mario Radice (maschio),,,sala 2.4 della Pinacoteca Civica di palazzo Volpi,raccolte d'arte della Pinacoteca Civica di Palazzo Volpi,,,,76.0,45.0
http://www.wikidata.org/entity/Q126284317,Composizione 50/218,Manlio Rho (maschio),1950,,sala 2.4 della Pinacoteca Civica di palazzo Volpi,raccolte d'arte della Pinacoteca Civica di Palazzo Volpi,,,,54.0,43.0
http://www.wikidata.org/entity/Q126284320,Composizione R.S. 202,Mario Radice (maschio),,,sala 2.4 della Pinacoteca Civica di palazzo Volpi,raccolte d'arte della Pinacoteca Civica di Palazzo Volpi,,,,40.0,70.0
http://www.wikidata.org/entity/Q126284322,disegno per rilievo,Aldo Galli (maschio),,,sala 2.4 della Pinacoteca Civica di palazzo Volpi,raccolte d'arte della Pinacoteca Civica di Palazzo Volpi,,,,27.5,19.0
http://www.wikidata.org/entity/Q126284326,Officina Uno,Aldo Galli (maschio),,,sala 2.4 della Pinacoteca Civica di palazzo Volpi,raccolte d'arte della Pinacoteca Civica di Palazzo Volpi,,,,80.0,55.0
http://www.wikidata.org/entity/Q126284329,Le vent se lève (Composizione n. 43),Carla Badiali (femmina),,,sala 2.4 della Pinacoteca Civica di palazzo Volpi,raccolte d'arte della Pinacoteca Civica di Palazzo Volpi,,,,47.5,37.5
http://www.wikidata.org/entity/Q126284355,Composizione C.F. 123 B,Mario Radice (maschio),,,sala 2.7 della Pinacoteca Civica di palazzo Volpi,raccolte d'arte della Pinacoteca Civica di Palazzo Volpi,,,,46.0,72.0
http://www.wikidata.org/entity/Q126284357,Composizione R.3.C.,Mario Radice (maschio),,,sala 2.7 della Pinacoteca Civica di palazzo Volpi,raccolte d'arte della Pinacoteca Civica di Palazzo Volpi,,,,26.0,35.0
http://www.wikidata.org/entity/Q126284385,Cortile a Rovetta,Ugo Bernasconi (maschio),,,sala 2.8 della Pinacoteca Civica di palazzo Volpi,raccolte d'arte della Pinacoteca Civica di Palazzo Volpi,,,,50.0,70.0
http://www.wikidata.org/entity/Q126284383,Lavori in corso - cantiere,Giuliano Collina (maschio),,,sala 2.8 della Pinacoteca Civica di palazzo Volpi,raccolte d'arte della Pinacoteca Civica di Palazzo Volpi,,,,150.0,200.0
http://www.wikidata.org/entity/Q126284387,Mercato di cavalli,Betto Lotti (maschio),,,sala 2.8 della Pinacoteca Civica di palazzo Volpi,raccolte d'arte della Pinacoteca Civica di Palazzo Volpi,,,,64.0,49.0
http://www.wikidata.org/entity/Q126284388,La casa solitaria,Vincenzo Schiavio (maschio),,,sala 2.8 della Pinacoteca Civica di palazzo Volpi,raccolte d'arte della Pinacoteca Civica di Palazzo Volpi,,,,58.0,48.0
http://www.wikidata.org/entity/Q126284380,Spiaggia,Giuliano Collina (maschio),,,sala 2.8 della Pinacoteca Civica di palazzo Volpi,raccolte d'arte della Pinacoteca Civica di Palazzo Volpi,,,,200.0,210.0
http://www.wikidata.org/entity/Q126284386,Veduta di paese (Merate),Donato Frisia (maschio),,,sala 2.8 della Pinacoteca Civica di palazzo Volpi,raccolte d'arte della Pinacoteca Civica di Palazzo Volpi,,,,39.0,30.0
http://www.wikidata.org/entity/Q126284381,Zolla di terra,Giuliano Collina (maschio),,,sala 2.8 della Pinacoteca Civica di palazzo Volpi,raccolte d'arte della Pinacoteca Civica di Palazzo Volpi,,,,141.0,241.0
http://www.wikidata.org/entity/Q126284384,Trabucco adriatico,Virgilio Vairo (maschio),,,sala 2.8 della Pinacoteca Civica di palazzo Volpi,raccolte d'arte della Pinacoteca Civica di Palazzo Volpi,,,,90.0,120.0
http://www.wikidata.org/entity/Q126284389,Verde Brianza,Sergio Tagliabue (maschio),,,sala 2.8 della Pinacoteca Civica di palazzo Volpi,raccolte d'arte della Pinacoteca Civica di Palazzo Volpi,,,,50.0,70.0
http://www.wikidata.org/entity/Q126284622,disegno per rilievo (P672),Aldo Galli (maschio),,,sala 2.4 della Pinacoteca Civica di palazzo Volpi,raccolte d'arte della Pinacoteca Civica di Palazzo Volpi,,,,24.0,19.0
http://www.wikidata.org/entity/Q125811962,Santi Crispino e Crispiniano,,1700,arte religiosa,chiesa di Sant'Ambrogio,chiesa di Sant'Ambrogio,Gesù; Maria; mendicante; colonnato; Crispiniano; povero; Crispino,,Crispino; Crispiniano,260.0,170.0
http://www.wikidata.org/entity/Q125811807,Martirio di Santa Lucia,Giulio Benso (maschio),1650,arte religiosa,chiesa di Sant'Ambrogio,chiesa di Sant'Ambrogio,cane; Gesù; Maria; Equus ferus caballus; vescovo; edificio; Santa Lucia; angelo; santo cattolico; soldato,,Santa Lucia,275.0,175.0
http://www.wikidata.org/entity/Q125809444,Madonna e santi,Giovanni Bellini (maschio),,,chiesa di San Francesco della Vigna,chiesa di San Francesco della Vigna,Sacra conversazione,,Sacra conversazione,,
http://www.wikidata.org/entity/Q125813375,Cristo consegna le chiavi a San Pietro,,1700,arte religiosa,chiesa di Sant'Ambrogio,chiesa di Sant'Ambrogio,Gesù; Paolo di Tarso; colonna; Pietro; angelo,,chiavi del cielo,250.0,170.0
http://www.wikidata.org/entity/Q125813094,Santi Cosma e Damiano,,1800,arte religiosa,chiesa di Sant'Ambrogio,chiesa di Sant'Ambrogio,Giovanni Battista; Cosma e Damiano; mendicante; agnello,,Cosma e Damiano,250.0,180.0
http://www.wikidata.org/entity/Q125775011,San Francesco riceve i Sette privilegi dall'Angelo,Jusepe de Ribera (maschio),,,palazzo Bianco,palazzo Bianco,,,,,
http://www.wikidata.org/entity/Q125775038,Miracolo del Beato Salvatore da Horta,Domenico Piola (maschio),,,,,,,,,
http://www.wikidata.org/entity/Q125775114,Miracolo della coppa avvelenata,Maestro della Leggenda di San Giovanni evangelista (maschio),,,palazzo Bianco,palazzo Bianco,,,,,
http://www.wikidata.org/entity/Q125775113,Visitare i carcerati,Cornelis de Wael (maschio),,,palazzo Bianco,palazzo Bianco,,,,,
http://www.wikidata.org/entity/Q125794511,San Francesco in estasi,,,,palazzo Bianco,palazzo Bianco,,,,,
http://www.wikidata.org/entity/Q125812539,Pentecoste,Bernardo Castello (maschio),1700,arte religiosa,chiesa di Sant'Ambrogio,chiesa di Sant'Ambrogio,Maria; Spirito Santo; cherubino; colonnato; colomba come simbolo; dodici apostoli,,Pentecoste,260.0,172.0
http://www.wikidata.org/entity/Q125813029,Morte di San Giuseppe,,1738,arte religiosa,chiesa di Sant'Ambrogio,chiesa di Sant'Ambrogio,Gesù; Maria; San Giuseppe; cherubino; angelo,,,300.0,200.0
http://www.wikidata.org/entity/Q125813475,Incoronazione di Maria Vergine,,1800,arte religiosa,chiesa di Sant'Ambrogio,chiesa di Sant'Ambrogio,Gesù; umano; Maria; Dio nel Cristianesimo; nuvola; angelo,,Incoronazione della Vergine,150.0,220.0
http://www.wikidata.org/entity/Q125813876,Educazione di Maria Vergine,Maurizio Carrega (maschio),1800,arte religiosa,chiesa di Sant'Ambrogio,chiesa di Sant'Ambrogio,Maria; edificio; Sant'Anna; angelo; Gioacchino,,educazione di Maria,242.0,119.0
http://www.wikidata.org/entity/Q125775116,Adorazione dei pastori,Antonio Travi (maschio),,arte religiosa,,,,,adorazione dei pastori,,
http://www.wikidata.org/entity/Q125775039,San Giovanni Evangelista,Maestro della Leggenda di San Giovanni evangelista (maschio),,arte religiosa,palazzo Bianco,palazzo Bianco,,,Giovanni,,
http://www.wikidata.org/entity/Q125775115,Sacrificio di Isacco,Giuseppe Vermiglio (maschio),1700,arte religiosa,palazzo Bianco,palazzo Bianco,,,Sacrificio di Isacco,,
http://www.wikidata.org/entity/Q125811262,Trinità,,1600,arte religiosa,chiesa di Sant'Ambrogio,chiesa di Sant'Ambrogio,Gesù; Dio nel Cristianesimo; angelo; colomba come simbolo; gallo,,Trinità,220.0,150.0
http://www.wikidata.org/entity/Q125774997,San Pietro,Jan Provoost (maschio),,arte religiosa,palazzo Bianco,palazzo Bianco,,,Pietro,,
http://www.wikidata.org/entity/Q125938897,Composizione con figure,,,,sala 0.11 della Pinacoteca Civica di palazzo Volpi,raccolte d'arte della Pinacoteca Civica di Palazzo Volpi,,,,57.3,39.0
http://www.wikidata.org/entity/Q125973990,Ritratto del conte Guglielmo Lochis,Giovanni Carnovali (maschio),1835,ritratto,Accademia Carrara,Accademia Carrara; Collezione Lochis,Guglielmo Lochis,,Guglielmo Lochis,49.0,42.0
http://www.wikidata.org/entity/Q126093976,Ritratto di Anna Maria Luisa de' Medici in atto di danza,Jan Frans van Douven (maschio),1699,ritratto,Galleria Palatina,Galleria Palatina,Anna Maria Luisa de' Medici,,Anna Maria Luisa de' Medici,45.0,32.5
http://www.wikidata.org/entity/Q126127672,Madonna e Bambino in gloria con santi,Annibale Carracci (maschio),1550 | 1590,,Pinacoteca Nazionale di Bologna,Pinacoteca Nazionale di Bologna,Madonna col Bambino,,,278.0,193.0
http://www.wikidata.org/entity/Q125973048,Autoritratto,Fra' Galgario (maschio),1732,autoritratto,Accademia Carrara,Accademia Carrara,Fra' Galgario,,Fra' Galgario,73.0,58.0
http://www.wikidata.org/entity/Q125974248,Autoritratto,Fra' Galgario (maschio),1730,autoritratto,Pinacoteca del Castello Sforzesco,Pinacoteca del Castello Sforzesco,Fra' Galgario,,Fra' Galgario,53.0,48.0
http://www.wikidata.org/entity/Q125863783,La Maddalena,,1563,arte religiosa,Roma; Busto Arsizio,,Maria Maddalena; Maddalena penitente,pittura veneta,Maddalena penitente,104.0,90.0
http://www.wikidata.org/entity/Q126127358,Madonna del Rosario,,,arte religiosa,,,,,,,
http://www.wikidata.org/entity/Q126284238,Ester e Assuero,Aurelio Luini (maschio),,,sala 1.3 della Pinacoteca Civica di palazzo Volpi,raccolte d'arte della Pinacoteca Civica di Palazzo Volpi,,,,240.0,340.0
http://www.wikidata.org/entity/Q126284230,San Tommaso d'Aquino,,,,sala 1.2 della Pinacoteca Civica di palazzo Volpi,raccolte d'arte della Pinacoteca Civica di Palazzo Volpi,,,,58.0,82.0
http://www.wikidata.org/entity/Q126284206,compianto sul cristo morto,,,,sala 0.13 della Pinacoteca Civica di palazzo Volpi,raccolte d'arte della Pinacoteca Civica di Palazzo Volpi,,,,118.5,100.0
http://www.wikidata.org/entity/Q126284178,Ritratto di Niccolò Leoniceno,,,ritratto,sala 0.12 della Pinacoteca Civica di palazzo Volpi,raccolte d'arte della Pinacoteca Civica di Palazzo Volpi,,,,,
http://www.wikidata.org/entity/Q126208398,ritratto di Elisabetta d'Ungheria,Jan Provoost (maschio),,ritratto,palazzo Bianco,palazzo Bianco,Elisabetta d'Ungheria,,,,
http://www.wikidata.org/entity/Q126208411,San Francesco consolato dall'angelo-musico,Gioacchino Assereto (maschio),,,palazzo Bianco,palazzo Bianco,Francesco d'Assisi,,,,
http://www.wikidata.org/entity/Q126215082,Sacrificio di Noè,Giovanni Benedetto Castiglione (maschio),,,palazzo Bianco,palazzo Bianco,Sacrificio di Noè,,,,
http://www.wikidata.org/entity/Q126260153,La Pentecoste,Domenico Fiasella (maschio),,arte religiosa,basilica di Santa Maria di Nazareth,,Pentecoste,,Pentecoste,,
http://www.wikidata.org/entity/Q126284172,Concerto Campestre,Ambrogio Benzone (maschio),,,sala 0.11 della Pinacoteca Civica di palazzo Volpi,raccolte d'arte della Pinacoteca Civica di Palazzo Volpi,,,,107.0,134.5
http://www.wikidata.org/entity/Q126284170,Ritratto di liutista,Giulio Campi (maschio),,ritratto,sala 0.11 della Pinacoteca Civica di palazzo Volpi,raccolte d'arte della Pinacoteca Civica di Palazzo Volpi,,,,92.0,70.0
http://www.wikidata.org/entity/Q126284182,Ritratto di Marsilio Ficino,Brescianino (maschio),,ritratto,sala 0.12 della Pinacoteca Civica di palazzo Volpi,raccolte d'arte della Pinacoteca Civica di Palazzo Volpi,Marsilio Ficino,,Marsilio Ficino,63.0,46.0
http://www.wikidata.org/entity/Q126284183,Ritratto di Gerolamo Savonarola,,,ritratto,sala 0.12 della Pinacoteca Civica di palazzo Volpi,raccolte d'arte della Pinacoteca Civica di Palazzo Volpi,,,,60.0,49.0
http://www.wikidata.org/entity/Q126284180,Ritratto Michele Marullo,Ridolfo del Ghirlandaio (maschio),,,sala 0.12 della Pinacoteca Civica di palazzo Volpi,raccolte d'arte della Pinacoteca Civica di Palazzo Volpi,,,,61.0,49.0
http://www.wikidata.org/entity/Q126284185,Ritratto di Guillaume Budé,,,ritratto,sala 0.12 della Pinacoteca Civica di palazzo Volpi,raccolte d'arte della Pinacoteca Civica di Palazzo Volpi,,,,102.0,78.0
http://www.wikidata.org/entity/Q126284191,Ritratto di Gian Giorgio Trissino,,,ritratto,sala 0.12 della Pinacoteca Civica di palazzo Volpi,raccolte d'arte della Pinacoteca Civica di Palazzo Volpi,,,,75.0,64.0
http://www.wikidata.org/entity/Q126284189,Ritratto di Ermolao Barbaro,,,ritratto,sala 0.12 della Pinacoteca Civica di palazzo Volpi,raccolte d'arte della Pinacoteca Civica di Palazzo Volpi,,,,61.0,52.0
http://www.wikidata.org/entity/Q126284177,Veduta della villa Museo di Paolo Giovio e Imprese,Giovanni Domenico Caresana (maschio),,,sala 0.12 della Pinacoteca Civica di palazzo Volpi,raccolte d'arte della Pinacoteca Civica di Palazzo Volpi,,,,104.0,147.0
http://www.wikidata.org/entity/Q126284194,Ritratto di Francesco Franchini,,,ritratto,sala 0.12 della Pinacoteca Civica di palazzo Volpi,raccolte d'arte della Pinacoteca Civica di Palazzo Volpi,,,,84.5,64.0
http://www.wikidata.org/entity/Q126284192,Ritratto di Domizio Calderino,,,ritratto,sala 0.12 della Pinacoteca Civica di palazzo Volpi,raccolte d'arte della Pinacoteca Civica di Palazzo Volpi,,,,80.0,67.5
http://www.wikidata.org/entity/Q126284193,Ritratto di Alberto Magno e Giovanni Duns Scoto,Amico Aspertini (maschio),,ritratto,sala 0.12 della Pinacoteca Civica di palazzo Volpi,raccolte d'arte della Pinacoteca Civica di Palazzo Volpi,Alberto Magno; Duns Scoto,,,67.0,81.0
http://www.wikidata.org/entity/Q126284198,Ritratto di Baldassarre Castiglione,Bernardino Campi (maschio),1550,ritratto,sala 0.12 della Pinacoteca Civica di palazzo Volpi,raccolte d'arte della Pinacoteca Civica di Palazzo Volpi,Baldassarre Castiglione,,Baldassarre Castiglione,114.0,92.0
http://www.wikidata.org/entity/Q126284199,Ritratto di Cristoforo Colombo,,,ritratto,sala 0.12 della Pinacoteca Civica di palazzo Volpi,raccolte d'arte della Pinacoteca Civica di Palazzo Volpi,Cristoforo Colombo,,Cristoforo Colombo,48.0,41.0
http://www.wikidata.org/entity/Q126284229,Caduta degli angeli ribelli,Paolo Pagani (maschio),,,sala 1.1 della Pinacoteca Civica di palazzo Volpi,raccolte d'arte della Pinacoteca Civica di Palazzo Volpi,,,,220.0,330.0
http://www.wikidata.org/entity/Q126284196,Ritratto di Totila,Francesco Salviati (maschio),1549,ritratto,sala 0.12 della Pinacoteca Civica di palazzo Volpi,raccolte d'arte della Pinacoteca Civica di Palazzo Volpi,Totila,,,94.3,66.0
http://www.wikidata.org/entity/Q126284197,Ritratto di Aiax Agà,,,ritratto,sala 0.12 della Pinacoteca Civica di palazzo Volpi,raccolte d'arte della Pinacoteca Civica di Palazzo Volpi,,,,62.0,46.0
http://www.wikidata.org/entity/Q126284243,"Assunzione della Vergine con Ss.Rocco, Caterina d'Alessandria, Agnese",Giulio Cesare Procaccini (maschio),,,sala 1.4 della Pinacoteca Civica di palazzo Volpi,raccolte d'arte della Pinacoteca Civica di Palazzo Volpi,,,,312.0,185.5
http://www.wikidata.org/entity/Q126284250,"""Sinite parvulos"" con la famiglia Olginati",,,,sala 1.5 della Pinacoteca Civica di palazzo Volpi,raccolte d'arte della Pinacoteca Civica di Palazzo Volpi,,,,154.0,207.0
http://www.wikidata.org/entity/Q126284245,Deposizione con santi francescani,,,,sala 1.4 della Pinacoteca Civica di palazzo Volpi,raccolte d'arte della Pinacoteca Civica di Palazzo Volpi,,,,260.0,165.0
http://www.wikidata.org/entity/Q126284233,Il martirio di San Pietro Martire,,,,sala 1.2 della Pinacoteca Civica di palazzo Volpi,raccolte d'arte della Pinacoteca Civica di Palazzo Volpi,,,,410.0,260.0
http://www.wikidata.org/entity/Q126284232,Miracolo dell'ostia consacrata,Cristoforo Caresana (maschio),,,sala 1.2 della Pinacoteca Civica di palazzo Volpi,raccolte d'arte della Pinacoteca Civica di Palazzo Volpi,,,,320.0,350.0
http://www.wikidata.org/entity/Q126284258,Cristo nell'orto dei Getsemani,Carlo Francesco Nuvolone (maschio),,,sala 1.6 della Pinacoteca Civica di palazzo Volpi,raccolte d'arte della Pinacoteca Civica di Palazzo Volpi,,,,77.0,51.0
http://www.wikidata.org/entity/Q126284231,S. Pietro Martire,,,,sala 1.2 della Pinacoteca Civica di palazzo Volpi,raccolte d'arte della Pinacoteca Civica di Palazzo Volpi,,,,58.0,82.0
http://www.wikidata.org/entity/Q126284242,Martirio di San Marco,Giovanni Battista Recchi (maschio); Giovanni Paolo Recchi (maschio),,,sala 1.4 della Pinacoteca Civica di palazzo Volpi,raccolte d'arte della Pinacoteca Civica di Palazzo Volpi,,,,318.0,215.0
http://www.wikidata.org/entity/Q126284228,San Michele sconfigge gli Angeli ribelli,Il Morazzone (maschio),,,sala 1.1 della Pinacoteca Civica di palazzo Volpi,raccolte d'arte della Pinacoteca Civica di Palazzo Volpi,,,,330.0,700.0
http://www.wikidata.org/entity/Q126284240,"Madonna col Bambino e angeli tra un santo Vescovo, i santi Domenico, Margherita, Faustina e Liberata",Giovanni Pietro Gnocchi (maschio),,,sala 1.3 della Pinacoteca Civica di palazzo Volpi,raccolte d'arte della Pinacoteca Civica di Palazzo Volpi,,,,265.0,174.0
http://www.wikidata.org/entity/Q126284278,Allegoria della Primavera,,,allegoria,sala 1.8 della Pinacoteca Civica di palazzo Volpi,raccolte d'arte della Pinacoteca Civica di Palazzo Volpi,,,primavera,198.0,157.0
http://www.wikidata.org/entity/Q126284241,"Madonna di Loreto con i santi Domenico, Pietro martire e donatore",Bernardino Campi (maschio),,,sala 1.3 della Pinacoteca Civica di palazzo Volpi,raccolte d'arte della Pinacoteca Civica di Palazzo Volpi,,,,222.0,145.0
http://www.wikidata.org/entity/Q126284234,San Pietro Martire sana un giovane,,,,sala 1.2 della Pinacoteca Civica di palazzo Volpi,raccolte d'arte della Pinacoteca Civica di Palazzo Volpi,,,,284.0,366.0
http://www.wikidata.org/entity/Q126284252,Il rinvenimento della vera Croce,,,,sala 1.5 della Pinacoteca Civica di palazzo Volpi,raccolte d'arte della Pinacoteca Civica di Palazzo Volpi,,,,209.0,151.0
http://www.wikidata.org/entity/Q126284255,La benedizione del decapitato,Giovan Battista Costa (maschio),,,sala 1.6 della Pinacoteca Civica di palazzo Volpi,raccolte d'arte della Pinacoteca Civica di Palazzo Volpi,,,,192.0,231.5
http://www.wikidata.org/entity/Q126284249,Natività del Battista,,,,sala 1.5 della Pinacoteca Civica di palazzo Volpi,raccolte d'arte della Pinacoteca Civica di Palazzo Volpi,,,,154.0,207.0
http://www.wikidata.org/entity/Q126284257,Il conforto del condannato,Agostino Santagostino (maschio),,,sala 1.6 della Pinacoteca Civica di palazzo Volpi,raccolte d'arte della Pinacoteca Civica di Palazzo Volpi,,,,193.0,232.0
http://www.wikidata.org/entity/Q126284281,Battaglia contro i turchi,Antonio Calza (maschio),,,sala 1.8 della Pinacoteca Civica di palazzo Volpi,raccolte d'arte della Pinacoteca Civica di Palazzo Volpi,,,,220.0,335.0
http://www.wikidata.org/entity/Q126284251,Ritratto della famiglia Nuvolone in concerto,Giuseppe Nuvolone (maschio); Carlo Francesco Nuvolone (maschio),,,sala 1.5 della Pinacoteca Civica di palazzo Volpi,raccolte d'arte della Pinacoteca Civica di Palazzo Volpi,,,,195.0,154.0
http://www.wikidata.org/entity/Q126284288,Assedio del Castello di Milano,Ilario Spolverini (maschio),,,sala 1.9 della Pinacoteca Civica di palazzo Volpi,raccolte d'arte della Pinacoteca Civica di Palazzo Volpi,,,,117.0,212.0
http://www.wikidata.org/entity/Q126284247,Veduta della città di Como da occidente,,,,sala 1.4 della Pinacoteca Civica di palazzo Volpi,raccolte d'arte della Pinacoteca Civica di Palazzo Volpi,,,,110.0,153.0
http://www.wikidata.org/entity/Q126284285,Consacrazione del cardinale Giuseppe Pozzobonelli  nella chiesa di San Carlo al Corso in Roma,Giovanni Paolo Pannini (maschio),,,sala 1.9 della Pinacoteca Civica di palazzo Volpi,raccolte d'arte della Pinacoteca Civica di Palazzo Volpi,,,,198.0,295.0
http://www.wikidata.org/entity/Q126284256,San Francesco in estasi confortato dagli angeli,Giuseppe Pinacci (maschio),,,sala 1.6 della Pinacoteca Civica di palazzo Volpi,raccolte d'arte della Pinacoteca Civica di Palazzo Volpi,,,,257.0,173.0
http://www.wikidata.org/entity/Q126284263,Ritratto di gentiluomo (di casa Gallio),,,ritratto,sala 1.7 della Pinacoteca Civica di palazzo Volpi,raccolte d'arte della Pinacoteca Civica di Palazzo Volpi,,,,73.0,57.0
http://www.wikidata.org/entity/Q126284260,Ritratto di ufficiale di Cavalleria,,,ritratto,sala 1.7 della Pinacoteca Civica di palazzo Volpi,raccolte d'arte della Pinacoteca Civica di Palazzo Volpi,,,,214.0,145.0
http://www.wikidata.org/entity/Q126284261,Ritratto di Calidonia Giovio della Porta con figlio Nicolao,,,ritratto,sala 1.7 della Pinacoteca Civica di palazzo Volpi,raccolte d'arte della Pinacoteca Civica di Palazzo Volpi,,,,218.0,115.0
http://www.wikidata.org/entity/Q126284267,Ritratto di uomo in armi,,,ritratto,sala 1.7 della Pinacoteca Civica di palazzo Volpi,raccolte d'arte della Pinacoteca Civica di Palazzo Volpi,,,,98.0,79.5
http://www.wikidata.org/entity/Q126284264,Ritratto di gentiluomo (di casa Gallio?),Giuseppe Nuvolone (maschio),,ritratto,sala 1.7 della Pinacoteca Civica di palazzo Volpi,raccolte d'arte della Pinacoteca Civica di Palazzo Volpi,,,,96.0,75.0
http://www.wikidata.org/entity/Q126284265,Ritratto di gentiluomo con guanti,Elisabetta Marchioni (femmina),,ritratto,sala 1.7 della Pinacoteca Civica di palazzo Volpi,raccolte d'arte della Pinacoteca Civica di Palazzo Volpi,,,,91.0,66.0
http://www.wikidata.org/entity/Q126284308,Angeli nella notte stellata,Giuliano Collina (maschio),,,scalone della Pinacoteca Civica di palazzo Volpi,raccolte d'arte della Pinacoteca Civica di Palazzo Volpi,,,,260.0,585.0
http://www.wikidata.org/entity/Q126284270,Ritratto di Ludovico Turconi,,,ritratto,sala 1.7 della Pinacoteca Civica di palazzo Volpi,raccolte d'arte della Pinacoteca Civica di Palazzo Volpi,,,,217.0,115.0
http://www.wikidata.org/entity/Q126284269,Ritratto di Giovan Antonio Volpi Vescovo di Como (1559 - 1588),,,ritratto,sala 1.7 della Pinacoteca Civica di palazzo Volpi,raccolte d'arte della Pinacoteca Civica di Palazzo Volpi,,,,112.8,85.4
http://www.wikidata.org/entity/Q126284277,Natura morta con fiori,,,,sala 1.8 della Pinacoteca Civica di palazzo Volpi,raccolte d'arte della Pinacoteca Civica di Palazzo Volpi,,,,108.0,143.0
http://www.wikidata.org/entity/Q126284305,Cedro nel parco di Villa Olmo,,,,sala 1.10 della Pinacoteca Civica di palazzo Volpi,raccolte d'arte della Pinacoteca Civica di Palazzo Volpi,,,,90.0,160.0
http://www.wikidata.org/entity/Q126284295,Interno con camino,Giuseppe Reina (maschio),1850,,sala 1.10 della Pinacoteca Civica di palazzo Volpi,raccolte d'arte della Pinacoteca Civica di Palazzo Volpi,,,,29.5,38.0
http://www.wikidata.org/entity/Q126284274,Trofeo di caccia,,,,sala 1.8 della Pinacoteca Civica di palazzo Volpi,raccolte d'arte della Pinacoteca Civica di Palazzo Volpi,,,,168.0,250.0
http://www.wikidata.org/entity/Q126284286,Ritratto di Antonio Maria Parravicino,Antonio Lucini (maschio),,ritratto,sala 1.9 della Pinacoteca Civica di palazzo Volpi,raccolte d'arte della Pinacoteca Civica di Palazzo Volpi,,,,71.0,96.5
http://www.wikidata.org/entity/Q126284275,"Vaso con garofani, gigli e altri fiori",Mario de' Fiori (maschio),,,sala 1.8 della Pinacoteca Civica di palazzo Volpi,raccolte d'arte della Pinacoteca Civica di Palazzo Volpi,,,,126.0,88.0
http://www.wikidata.org/entity/Q126284272,"Vaso con tulipani, rose, iris e altri fiori",Mario de' Fiori (maschio),,,sala 1.8 della Pinacoteca Civica di palazzo Volpi,raccolte d'arte della Pinacoteca Civica di Palazzo Volpi,,,,126.0,88.0
http://www.wikidata.org/entity/Q126284303,I laghi di Brianza,,,,sala 1.10 della Pinacoteca Civica di palazzo Volpi,raccolte d'arte della Pinacoteca Civica di Palazzo Volpi,,,,124.0,190.0
http://www.wikidata.org/entity/Q126284316,Composizione (1939),Manlio Rho (maschio),1939,,sala 2.4 della Pinacoteca Civica di palazzo Volpi,raccolte d'arte della Pinacoteca Civica di Palazzo Volpi,,,,33.2,23.1
http://www.wikidata.org/entity/Q126284306,Imelda de'Lambertazzi e Bonifacio de' Geremei,Cesare Mussini (maschio),,,sala 1.10 della Pinacoteca Civica di palazzo Volpi,raccolte d'arte della Pinacoteca Civica di Palazzo Volpi,,,,264.0,197.0
http://www.wikidata.org/entity/Q126284298,Ritratto di Flaminio De Orchi,,,ritratto,sala 1.10 della Pinacoteca Civica di palazzo Volpi,raccolte d'arte della Pinacoteca Civica di Palazzo Volpi,,,,81.0,62.5
http://www.wikidata.org/entity/Q126284299,Ritratto di Felicia Giovio,,,ritratto,sala 1.10 della Pinacoteca Civica di palazzo Volpi,raccolte d'arte della Pinacoteca Civica di Palazzo Volpi,,,,94.5,77.5
http://www.wikidata.org/entity/Q126284309,Libertà è uscire dalla scatola,Ico Parisi (maschio),,,corridoio del secondo piano della Pinacoteca Civica di palazzo Volpi,raccolte d'arte della Pinacoteca Civica di Palazzo Volpi,,,,150.0,567.0
http://www.wikidata.org/entity/Q126284300,Ritratto di Galeazzo Cattaneo,,,ritratto,sala 1.10 della Pinacoteca Civica di palazzo Volpi,raccolte d'arte della Pinacoteca Civica di Palazzo Volpi,,,,59.0,44.5
http://www.wikidata.org/entity/Q126284301,Ritratto di Eugenia Cattaneo,,,ritratto,sala 1.10 della Pinacoteca Civica di palazzo Volpi,raccolte d'arte della Pinacoteca Civica di Palazzo Volpi,,,,75.5,60.0
http://www.wikidata.org/entity/Q126284294,Veduta del porto di Como,,,,sala 1.10 della Pinacoteca Civica di palazzo Volpi,raccolte d'arte della Pinacoteca Civica di Palazzo Volpi,,,,33.0,43.5
http://www.wikidata.org/entity/Q126284296,Veduta di Argegno,Francesco Capiaghi (maschio),,,sala 1.10 della Pinacoteca Civica di palazzo Volpi,raccolte d'arte della Pinacoteca Civica di Palazzo Volpi,,,,36.0,52.5
http://www.wikidata.org/entity/Q126284297,Vecchio mercato del grano in Piazza San Fedele,Francesco Capiaghi (maschio),,,sala 1.10 della Pinacoteca Civica di palazzo Volpi,raccolte d'arte della Pinacoteca Civica di Palazzo Volpi,basilica di San Fedele; piazza San Fedele,,,34.0,28.5
http://www.wikidata.org/entity/Q126284312,Ritratto di Sant'Elia,Anselmo Bucci (maschio),,ritratto,sala 2.3 della Pinacoteca Civica di palazzo Volpi,raccolte d'arte della Pinacoteca Civica di Palazzo Volpi,,,,16.0,11.0
http://www.wikidata.org/entity/Q126284313,Sant'Elia a Brera.txt 35_2016,Fabrizio Musa (maschio),2016,,sala 2.3 della Pinacoteca Civica di palazzo Volpi,raccolte d'arte della Pinacoteca Civica di Palazzo Volpi,,,,200.0,150.0
http://www.wikidata.org/entity/Q126284314,studio per composizione,Carla Prina (femmina),,,sala 2.4 della Pinacoteca Civica di palazzo Volpi,raccolte d'arte della Pinacoteca Civica di Palazzo Volpi,,,,20.0,15.0
http://www.wikidata.org/entity/Q126284315,Tributo a Beaubourg',Carla Prina (femmina),1987,,sala 2.4 della Pinacoteca Civica di palazzo Volpi,raccolte d'arte della Pinacoteca Civica di Palazzo Volpi,,,,60.0,80.0
http://www.wikidata.org/entity/Q126208372,Adorazione dei Magi,Pieter Coecke van Aelst (maschio),,arte religiosa,palazzo Bianco,palazzo Bianco,Adorazione dei Magi,,Adorazione dei Magi,,
http://www.wikidata.org/entity/Q126284207,Adorazione del Bambino,Giovanni Andrea De Magistris (maschio),,arte religiosa,sala 0.13 della Pinacoteca Civica di palazzo Volpi,raccolte d'arte della Pinacoteca Civica di Palazzo Volpi,,,,145.0,91.5
http://www.wikidata.org/entity/Q126284284,L'angelo custode,Pietro Ligari (maschio),,,sala 1.9 della Pinacoteca Civica di palazzo Volpi,raccolte d'arte della Pinacoteca Civica di Palazzo Volpi,,,,99.0,74.0
http://www.wikidata.org/entity/Q126284279,Battaglia,Antonio Calza (maschio),,,sala 1.8 della Pinacoteca Civica di palazzo Volpi,raccolte d'arte della Pinacoteca Civica di Palazzo Volpi,,,,220.0,335.0
http://www.wikidata.org/entity/Q126284246,Maddalena penitente,Antonio Maria Crespi Castoldi (maschio),,arte religiosa,sala 1.4 della Pinacoteca Civica di palazzo Volpi,raccolte d'arte della Pinacoteca Civica di Palazzo Volpi,,,,275.0,156.5
http://www.wikidata.org/entity/Q126284226,San Giovanni Battista,,,arte religiosa,sala 0.13 della Pinacoteca Civica di palazzo Volpi,raccolte d'arte della Pinacoteca Civica di Palazzo Volpi,,,,90.0,73.0
http://www.wikidata.org/entity/Q126284237,Giuditta e Oloferne,Giovanni Pietro Gnocchi (maschio),,,sala 1.3 della Pinacoteca Civica di palazzo Volpi,raccolte d'arte della Pinacoteca Civica di Palazzo Volpi,,,,240.0,340.0
http://www.wikidata.org/entity/Q126284187,Ritratto di Dante Alighieri,,,ritratto,sala 0.12 della Pinacoteca Civica di palazzo Volpi,raccolte d'arte della Pinacoteca Civica di Palazzo Volpi,,,,61.0,42.5
http://www.wikidata.org/entity/Q126284181,Ritratto di Giovane,Agnolo Bronzino (maschio),,ritratto,sala 0.12 della Pinacoteca Civica di palazzo Volpi,raccolte d'arte della Pinacoteca Civica di Palazzo Volpi,,,,59.0,45.0
http://www.wikidata.org/entity/Q126284282,Vulcano,Pompeo Batoni (maschio),,,sala 1.9 della Pinacoteca Civica di palazzo Volpi,raccolte d'arte della Pinacoteca Civica di Palazzo Volpi,,,,98.8,73.5
http://www.wikidata.org/entity/Q126284244,Crocifissione con santi,,,,sala 1.4 della Pinacoteca Civica di palazzo Volpi,raccolte d'arte della Pinacoteca Civica di Palazzo Volpi,,,,220.0,153.0
http://www.wikidata.org/entity/Q126284283,Ritratto di gentildonna,Alessandro Magnasco (maschio),,ritratto,sala 1.9 della Pinacoteca Civica di palazzo Volpi,raccolte d'arte della Pinacoteca Civica di Palazzo Volpi,,,,100.0,75.0
http://www.wikidata.org/entity/Q126284293,Ritratto di gentiluomo,,,ritratto,sala 1.9 della Pinacoteca Civica di palazzo Volpi,raccolte d'arte della Pinacoteca Civica di Palazzo Volpi,,,,99.0,74.0
http://www.wikidata.org/entity/Q126456502,Santa Maria Maddalena,Domenico Piola (maschio),,arte religiosa,palazzo Bianco,palazzo Bianco,Maria Maddalena,,Maria Maddalena,,
http://www.wikidata.org/entity/Q126456514,Decapitazione di San Giovanni Battista,Il Morazzone (maschio),1612,arte religiosa,palazzo Bianco,palazzo Bianco,decapitazione di san Giovanni Battista,,,,
http://www.wikidata.org/entity/Q126456503,Ritratto di gentiluomo fiorentino,Giorgio Vasari (maschio),,ritratto,palazzo Bianco,palazzo Bianco,gentiluomo,,,,
http://www.wikidata.org/entity/Q126456517,Decapitazione di San Giovanni Battista,Il Cerano (maschio),,arte religiosa,palazzo Bianco,,Giovanni Battista,,,,
http://www.wikidata.org/entity/Q126456507,Pietà e angeli,Lambert Sustris (maschio),,,palazzo Bianco,palazzo Bianco,angelo; Pietà,,,,
http://www.wikidata.org/entity/Q126456505,Ritratto di Gianlorenzo Bernini,Giovanni Benedetto Castiglione (maschio),,ritratto,,,Gian Lorenzo Bernini,,Gian Lorenzo Bernini,,
http://www.wikidata.org/entity/Q126456508,Resurrezione di Drusiana,Maestro della Leggenda di San Giovanni evangelista (maschio),,,palazzo Bianco,palazzo Bianco,,,,,
http://www.wikidata.org/entity/Q126456516,Miracolo di Gioacchino Piccolomini,Silvestro Chiesa (maschio),,,palazzo Bianco,palazzo Bianco,Gioacchino Piccolomini,,,,
http://www.wikidata.org/entity/Q126456526,ritratto di Bettina Raggi Brignole-Sale,Hyacinthe Rigaud (maschio),1739,ritratto,Palazzo Rosso,Musei di Strada Nuova,Bettina Raggi,,Bettina Raggi,101.5,80.2
http://www.wikidata.org/entity/Q126456555,Croce a Santa Maria Immacolata,,,,chiesa dei frati cappuccini,,,,,,
http://www.wikidata.org/entity/Q126633287,Gesù Bambino Salvatore,Giovan Battista Gaulli (maschio),1667,nudo artistico; arte religiosa,Palazzo Rosso,Musei di Strada Nuova,cielo; nuvola; nudità; globo crucigero; Bambino Gesù; panneggio,,Bambino Gesù,128.5,96.7
http://www.wikidata.org/entity/Q126456515,Maddalena,Domenico Puligo (maschio),,,palazzo Bianco,palazzo Bianco,Maria Maddalena,,,,
http://www.wikidata.org/entity/Q126513924,Martirio di San Sebastiano,Nicolò Semitecolo (maschio),1367,arte religiosa,Museo diocesano di Padova,Museo diocesano di Padova,,,martirio di San Sebastiano,,
http://www.wikidata.org/entity/Q126456506,Salomè con la testa del Battista,Matthias Stomer (maschio),,,palazzo Bianco,palazzo Bianco,Salomè con la testa del Battista,,,,
http://www.wikidata.org/entity/Q126371885,Angelo custode,Giambattista Tiepolo (maschio),1737,arte religiosa,,,,,,,
http://www.wikidata.org/entity/Q126310903,Ritratto di Francesco Guardi,Pietro Longhi (maschio),1764,ritratto,Museo del settecento veneziano,Museo del settecento veneziano,Francesco Guardi,,Francesco Guardi,132.0,100.0
http://www.wikidata.org/entity/Q126331548,Madonna col Bambino,Il Moretto (maschio),,arte religiosa,palazzo Bianco,palazzo Bianco,Madonna col Bambino,,Madonna col Bambino,,
http://www.wikidata.org/entity/Q126329804,Annunciazione,Jan Provoost (maschio),,arte religiosa,palazzo Bianco,palazzo Bianco,Annunciazione,,Annunciazione,,
http://www.wikidata.org/entity/Q126368575,Annunciazione,Carletto Caliari (maschio),,arte religiosa,Palazzo Rosso,Musei di Strada Nuova,Annunciazione,,Annunciazione,,
http://www.wikidata.org/entity/Q126331546,Ultima cena,Maestro della Leggenda di San Giovanni evangelista (maschio),,arte religiosa,palazzo Bianco,palazzo Bianco,Ultima cena,,Ultima cena,,
http://www.wikidata.org/entity/Q127695958,Martirio di San Pietro da Verona,Johann Carl Loth (maschio),1691,arte religiosa,basilica dei Santi Giovanni e Paolo,basilica dei Santi Giovanni e Paolo,Pietro da Verona; Carino Pietro da Balsamo; martirio di san Pietro da Verona,,martirio di san Pietro da Verona,500.0,306.0
http://www.wikidata.org/entity/Q127790733,predella con nove santi martiri,Antonio del Ceraiolo (maschio),,arte religiosa,Museo dell'Accademia Etrusca e della città di Cortona,Museo dell'Accademia Etrusca e della città di Cortona,palma del martirio; santo cristiano,,santo cristiano,,
http://www.wikidata.org/entity/Q127985981,polittico da s. girolamo della certosa,Antonio Vivarini (maschio),,arte religiosa,Pinacoteca Nazionale di Bologna,Pinacoteca Nazionale di Bologna,Madonna col Bambino,,,,
http://www.wikidata.org/entity/Q128124962,Ritratto di Umberto II di Savoia-Carignano,Antonio Zoppi (maschio),1915,ritratto,Castello Reale di Racconigi,Castello Reale di Racconigi,Umberto II di Savoia,,Umberto II di Savoia,106.0,70.0
http://www.wikidata.org/entity/Q127442026,Ritratto di Thomas Jenkins,Anton von Maron (maschio),1791,ritratto,Accademia nazionale di San Luca,Accademia nazionale di San Luca,Thomas Jenkins,,Thomas Jenkins,66.5,50.0
http://www.wikidata.org/entity/Q127564377,Cleopatra,Mosè Bianchi (maschio),1865,pittura storica,Galleria d'arte moderna di Milano,Galleria d'arte moderna di Milano,Cleopatra; pelle di leopardo; posizione seduta; panneggio; morte di Cleopatra,,morte di Cleopatra,137.0,112.0
http://www.wikidata.org/entity/Q127433409,Ultima cena,Tiziano Vecellio (maschio),1543,arte religiosa,Galleria nazionale delle Marche,Galleria nazionale delle Marche,Gesù; cane; Ultima cena; apostolo; interno,manierismo; pittura veneta,Ultima cena,163.0,104.0
http://www.wikidata.org/entity/Q127985499,Madonna col Bambino in trono,Antonio da Negroponte (maschio),1455,arte religiosa,chiesa di San Francesco della Vigna,chiesa di San Francesco della Vigna,Madonna col Bambino,,Madonna col Bambino,300.0,235.0
http://www.wikidata.org/entity/Q127327807,La vestale,Vittorio Matteo Corcos (maschio),1900,ritratto,collezione privata,,,,vestale,82.0,65.0
http://www.wikidata.org/entity/Q126727120,Madonna della Misericordia,Benedetto Bonfigli (maschio),,,oratorio di San Bernardino,,Maria,,,,
http://www.wikidata.org/entity/Q126680509,Mercato,,,,palazzo Bianco,palazzo Bianco,luogo di mercato,,,,
http://www.wikidata.org/entity/Q126918076,Madonna con Bambino in trono,Cosmè Tura (maschio),1477,arte religiosa,Accademia Carrara,Accademia Carrara,Maria; Bambino Gesù; Madonna col Bambino,,Madonna col Bambino,46.4,31.7
http://www.wikidata.org/entity/Q126721550,Ritratto del doge Francesco Donà,Lambert Sustris (maschio),1564,ritratto,Pinacoteca di Brera,Pinacoteca di Brera,Francesco Donà,,Francesco Donà,110.0,98.0
http://www.wikidata.org/entity/Q126727198,Cicerone scopre la tomba di Archimede,,,,tomba di Archimede,,Marco Tullio Cicerone,,,,
http://www.wikidata.org/entity/Q126891336,L'epoca romana e l'arrivo degli slavi,,,,Il Liberty e la rivoluzione europea delle arti,,,,,,
http://www.wikidata.org/entity/Q126709512,Autoritratto,Jacopo Palma il Giovane (maschio),1580,autoritratto,deposito del museo,Pinacoteca di Brera,Jacopo Palma il Giovane,pittura veneta,Jacopo Palma il Giovane,126.0,96.0
http://www.wikidata.org/entity/Q126727184,Fuga in Egitto,Bartolomé Esteban Murillo (maschio),,arte religiosa,palazzo Bianco,palazzo Bianco,Fuga in Egitto,,Fuga in Egitto,,
http://www.wikidata.org/entity/Q130394364,Ritratto del marchese avvocato Giuseppe De' Capitani d'Arzago,Luigi Brignoli (maschio),1946,ritratto,Gallerie d'Italia – Milano,Collezioni d'arte della Fondazione Cariplo,Giuseppe De Capitani d'Arzago,,Giuseppe De Capitani d'Arzago,105.0,80.0
http://www.wikidata.org/entity/Q130335034,Ritratto di Gregorio XI,Girolamo di Benvenuto (maschio),1550,pittura storica; arte religiosa,Museo della Società di esecutori di pie disposizioni,Complesso museale di Santa Maria della Scala; Museo della Società di esecutori di pie disposizioni,papa Gregorio XI,,papa Gregorio XI,,
http://www.wikidata.org/entity/Q130369461,"Napoleone I, imperatore",François Gérard (maschio),1807,ritratto,Reggia di Capodimonte,Museo nazionale di Capodimonte,Napoleone Bonaparte; Régent,,Napoleone Bonaparte,224.0,146.0
http://www.wikidata.org/entity/Q130375844,Ritratto di Roberto di Filippo Strozzi,Iacopino del Conte (maschio),1550,ritratto,Palazzo Vecchio,Palazzo Vecchio,Roberto Strozzi,,Roberto Strozzi,150.0,100.0
http://www.wikidata.org/entity/Q131011027,Arca di Noè,Aurelio Luini (maschio),1556,,chiesa di San Maurizio al Monastero Maggiore,chiesa di San Maurizio al Monastero Maggiore,arca di Noè,,arca di Noè,,
http://www.wikidata.org/entity/Q130999230,miracolo di Sant'Antonio da Padova,Aurelio Lomi (maschio),,arte religiosa,Museo diocesano (Genova),Museo diocesano (Genova),Antonio di Padova,,,,
http://www.wikidata.org/entity/Q131100772,La Vergine appare ai santi domenicani,Giambattista Tiepolo (maschio),1747,arte religiosa,chiesa dei Gesuati,chiesa dei Gesuati,Gesù; Maria; Rosa da Lima; Caterina da Siena; Agnese Segni di Montepulciano; Madonna col Bambino,,,340.0,168.0
http://www.wikidata.org/entity/Q131154939,Panem nostrum quotidianum,Giuseppe Mentessi (maschio),1895,,Museo dell'Ottocento (Ferrara); Palazzo Massari,Museo dell'Ottocento (Ferrara),,,,107.5,115.5
http://www.wikidata.org/entity/Q128495286,Ritratto di Otto Eugenio Messinger,Antonio Mancini (maschio),1909,ritratto,Galleria Nazionale d'Arte Moderna e Contemporanea,Galleria Nazionale d'Arte Moderna e Contemporanea,,,,232.5,140.5
http://www.wikidata.org/entity/Q128810133,Madonna col Bambino e i santi Cosma e Damiano,Orazio De Ferrari (maschio),1638,arte religiosa,chiesa di Santa Maria in Fontibus,chiesa di Santa Maria in Fontibus,Cosma e Damiano; Madonna col Bambino,,,250.0,180.0
http://www.wikidata.org/entity/Q128941201,San Martino di Tours,Leonardo Massabò (maschio),1800,arte religiosa,santuario di Nostra Signora di Pontelungo,santuario di Nostra Signora di Pontelungo,Martino di Tours,,,238.0,160.0
http://www.wikidata.org/entity/Q129199340,Ritratto di Sant'Antonio da Padova,Alvise Vivarini (maschio),1480,arte religiosa,Museo Correr,Museo Correr,Antonio di Padova,,Antonio di Padova,29.5,22.5
http://www.wikidata.org/entity/Q129487042,Ritratto di Luigi Rava,Giuseppe Pennasilico (maschio),1920,ritratto,Galleria comunale d'arte moderna e contemporanea,Galleria comunale d'arte moderna e contemporanea,Luigi Rava; posizione seduta,,Luigi Rava,91.0,70.0
http://www.wikidata.org/entity/Q129500713,Padre Eterno con la colomba dello Spirito Santo,Ludovico Mazzolino (maschio),,,Pinacoteca Nazionale di Bologna,Pinacoteca Nazionale di Bologna,,,,,
http://www.wikidata.org/entity/Q129507208,Ritratto di papa Alessandro VII Chigi,Gian Lorenzo Bernini (maschio),1661,ritratto,Palazzo Corsini alla Lungara,Galleria nazionale d'arte antica,papa Alessandro VII,,papa Alessandro VII,67.0,49.5
http://www.wikidata.org/entity/Q129977163,Novella di Griselda,Apollonio di Giovanni (maschio),1440,,Galleria Estense,Galleria Estense; palazzo dei Musei,Griselda,,Griselda,,
http://www.wikidata.org/entity/Q130212907,Ritratto di Francesco Maria de' Medici,Justus Sustermans (maschio),1678,ritratto,Galleria nazionale di Parma,Galleria nazionale di Parma,Francesco Maria de' Medici,,Francesco Maria de' Medici,191.0,131.0
http://www.wikidata.org/entity/Q130213077,Ritratto di Vittoria della Rovere,Justus Sustermans (maschio),1653,ritratto,Palazzo degli Uffizi,Palazzo degli Uffizi,Vittoria della Rovere,,Vittoria della Rovere,154.0,119.0
http://www.wikidata.org/entity/Q130213160,Ritratto di Ferdinando II de' Medici,Justus Sustermans (maschio),1653,ritratto,Palazzo degli Uffizi,Palazzo degli Uffizi,armatura; Ferdinando II de' Medici,,Ferdinando II de' Medici,142.0,119.0
http://www.wikidata.org/entity/Q130221017,Ritratto di Ladislao IV re di Polonia,,1613,ritratto,deposito del museo,Palazzo degli Uffizi,Ladislao IV di Polonia,,Ladislao IV di Polonia,217.0,124.0
http://www.wikidata.org/entity/Q130234284,San Guigo I (Giuseppe Vermiglio),Giuseppe Vermiglio (maschio),,arte religiosa,Certosa di Pavia,Museo della Certosa di Pavia,libro; Guigo I,,,100.0,82.0
http://www.wikidata.org/entity/Q128783484,Madonna col Bambino,Giovanni Bellini (maschio),1600,arte religiosa,Museo di Castelvecchio,Museo di Castelvecchio,Maria; sonno; adorazione; Bambino Gesù; Madonna col Bambino,,Madonna col Bambino,73.0,55.0
http://www.wikidata.org/entity/Q130214332,Madonna col Bambino,Francesco Benaglio (maschio),1483,arte religiosa,Museo di Castelvecchio,Museo di Castelvecchio,Maria; Bambino Gesù; Madonna col Bambino,,Madonna col Bambino,52.0,65.0
http://www.wikidata.org/entity/Q130467776,Ritratto di Federico Ubaldo della Rovere,Alessandro Vitali (maschio),1607,ritratto,Museo di palazzo Mansi,Museo di palazzo Mansi,Federico Ubaldo della Rovere,,Federico Ubaldo della Rovere,96.0,67.0
http://www.wikidata.org/entity/Q130492308,Visitazione della Vergine a santa Elisabetta,Federico Barocci (maschio),1584,arte religiosa,chiesa di Santa Maria in Vallicella,chiesa di Santa Maria in Vallicella,Maria; Elisabetta; Visitazione della Beata Vergine Maria,,Visitazione della Beata Vergine Maria,300.0,196.0
http://www.wikidata.org/entity/Q130536956,Le stigmate di san Francesco,Federico Barocci (maschio),,arte religiosa,Pinacoteca civica,Pinacoteca civica,stigmate; Francesco d'Assisi,,,146.0,115.0
http://www.wikidata.org/entity/Q130537073,Trasporto di Cristo,Federico Barocci (maschio),1579,arte religiosa,Galleria nazionale delle Marche,Galleria nazionale delle Marche,sepoltura di Gesù,,,125.0,100.0
http://www.wikidata.org/entity/Q130552524,Polittico con Storie della Passione,,1375,arte religiosa,Museo nazionale di Capodimonte,Museo nazionale di Capodimonte,Gesù; Passione di Gesù,,,,
http://www.wikidata.org/entity/Q130642202,Martirio di san Vitale,Federico Barocci (maschio),1580,arte religiosa,Pinacoteca di Brera; basilica di San Vitale,Pinacoteca di Brera; basilica di San Vitale,Vitale di Milano; martirio,,,302.0,268.0
http://www.wikidata.org/entity/Q130515982,Battesimo di Cristo,Paolo Veronese (maschio),1580,arte religiosa,Sala dell'Iliade,Galleria Palatina,Gesù; Giovanni Battista; albero; Giordano; Spirito Santo; angelo; battesimo di Gesù; panneggio,pittura veneta,battesimo di Gesù,195.0,131.5
http://www.wikidata.org/entity/Q131501661,Crocifissione con Vergine e santi,Ortolano (maschio),,,Pinacoteca di Brera,Pinacoteca di Brera,crocifissione di Gesù,,,,
http://www.wikidata.org/entity/Q131501666,Il doge Pietro Loredan che supplica la Vergine,Jacopo Palma il Giovane (maschio),,,Palazzo Ducale,Palazzo Ducale,Pietro Loredan,,,,
http://www.wikidata.org/entity/Q131501663,Morte della Vergine,Michele Coltellini (maschio),,arte religiosa,Pinacoteca Nazionale di Bologna,Pinacoteca Nazionale di Bologna,Dormizione di Maria,,,,
http://www.wikidata.org/entity/Q131501667,Assunzione della Vergine,Taddeo di Bartolo (maschio),,arte religiosa,duomo di Montepulciano,duomo di Montepulciano,assunzione di Maria nell'arte,,,,
http://www.wikidata.org/entity/Q131422030,"Affreschi dal Complesso Imperiale di Roma-Termini, ambiente E8",,,,Museo nazionale romano di palazzo Massimo,Museo nazionale romano di palazzo Massimo,,,,,
http://www.wikidata.org/entity/Q131422031,"Affreschi dal Complesso Imperiale di Roma-Termini, ambiente E9",,,,Museo nazionale romano di palazzo Massimo,Museo nazionale romano di palazzo Massimo,,,,,
http://www.wikidata.org/entity/Q131422028,"Affreschi dal Complesso Imperiale di Roma-Termini, affreschi dai balnea",,,,Museo nazionale romano di palazzo Massimo,Museo nazionale romano di palazzo Massimo,,,,,
http://www.wikidata.org/entity/Q131422029,"Affreschi dal Complesso Imperiale di Roma-Termini, ambiente E10",,,,Museo nazionale romano di palazzo Massimo,Museo nazionale romano di palazzo Massimo,,,,,
http://www.wikidata.org/entity/Q131422036,Agnello Divino,Aldo Carpi (maschio),1960,,Galleria all'aperto dell'affresco di Arcumeggia,Galleria all'aperto dell'affresco di Arcumeggia,Agnus Dei,,Agnus Dei,,
http://www.wikidata.org/entity/Q131449651,Alessandro de' Medici come primo Duca di Firenze,Volterrano (maschio),,,Villa La Petraia,Villa La Petraia,Alessandro de' Medici,,Alessandro de' Medici,,
http://www.wikidata.org/entity/Q131449654,Alessandro e il nodo gordiano,Donato Creti (maschio),,,Palazzo Pepoli Campogrande,Palazzo Pepoli Campogrande,,,,,
http://www.wikidata.org/entity/Q131449662,Allegoria della vita umana,Guido Cagnacci (maschio),,,Fondazione Elisabetta Sgarbi,Fondazione Elisabetta Sgarbi,allegoria; vita umana,,vita umana,,
http://www.wikidata.org/entity/Q131449660,Allegoria del meriggio,Sebastiano Ricci (maschio),,,Pinacoteca Querini Stampalia,Pinacoteca Querini Stampalia,pomeriggio,,pomeriggio,,
http://www.wikidata.org/entity/Q131449661,Allegoria della decorazione murale,Umberto Faini (maschio),,,Galleria all'aperto dell'affresco di Arcumeggia,Galleria all'aperto dell'affresco di Arcumeggia,Pegaso,,Pegaso,,
http://www.wikidata.org/entity/Q131449675,Allegoria della Pazienza,Giorgio Vasari (maschio),,,Galleria Palatina,Galleria Palatina,pazienza,,pazienza,,
http://www.wikidata.org/entity/Q131449678,Allegoria della Virtù,Jacopo Ligozzi (maschio),,,Galleria delle pitture e delle statue degli Uffizi,Palazzo degli Uffizi,virtù,,virtù,,
http://www.wikidata.org/entity/Q131449679,Allegoria del potere militare,Gregorio Lazzarini (maschio),,,Museo Correr,Museo Correr,,,,,
http://www.wikidata.org/entity/Q131449676,Allegoria della Redenzione,Ambrogio Lorenzetti (maschio),,,Pinacoteca nazionale di Siena,Pinacoteca nazionale di Siena,redenzione,,redenzione,,
http://www.wikidata.org/entity/Q131449680,Allegoria della Battaglia di Lepanto,Sebastiano Ricci (maschio),,,Palazzo Colonna,Palazzo Colonna,battaglia di Lepanto,,battaglia di Lepanto,,
http://www.wikidata.org/entity/Q131449667,Immacolata Concezione tra i santi Biagio ed Eustachio,Giorgio Vasari (maschio),1543,,,,Immacolata Concezione; santo cristiano,,Immacolata Concezione,,
http://www.wikidata.org/entity/Q131449695,Amazzone,Ettore Tito (maschio),1906,,Raccolte Frugone,Raccolte Frugone,cavaliere,,cavaliere,,
http://www.wikidata.org/entity/Q131449700,Allegoria dell'Astrologia,Alessandro Varotari (maschio),,,Biblioteca nazionale Marciana,Biblioteca nazionale Marciana,astrologia,,astrologia,,
http://www.wikidata.org/entity/Q131449693,"pala d'altare di san Pietro a Ovile, Annunciazione",Matteo di Giovanni (maschio),,,Museo diocesano d'arte sacra,Museo diocesano d'arte sacra,Annunciazione,,Annunciazione,,
http://www.wikidata.org/entity/Q131449704,Pattuglia di cavalleggeri (1885-1890),Giovanni Fattori (maschio),1885,,Raccolte Frugone,Raccolte Frugone,cavaliere,,,,
http://www.wikidata.org/entity/Q131449706,Sacrifici e Allegorie delle Stagioni,Perin del Vaga (maschio),,,Villa del Principe,Villa del Principe,quattro stagioni; sacrificio,,,,
http://www.wikidata.org/entity/Q131449705,Ritratto di Bianca Cappello (fronte) e Allegoria dei sogni (retro),Alessandro Allori (maschio),,ritratto,Galleria delle pitture e delle statue degli Uffizi,Palazzo degli Uffizi,Bianca Cappello,,Bianca Cappello,,
http://www.wikidata.org/entity/Q131449707,Studiolo con Allegorie di Europa ed Africa,,,,museo di Casa Romei,museo di Casa Romei,Africa; Europa,,,,
http://www.wikidata.org/entity/Q131450079,Angelica e Ruggero,Giovanni Bilivert (maschio),,,Galleria delle pitture e delle statue degli Uffizi,Palazzo degli Uffizi,,,,,
http://www.wikidata.org/entity/Q131450082,Annunciazione (Angelo),Bonifacio Veronese (maschio),,,Gallerie dell'Accademia,Gallerie dell'Accademia,Annunciazione,,Annunciazione,,
http://www.wikidata.org/entity/Q131450086,Annunciazione e tre Avogadri,Domenico Robusti (maschio),,,Palazzo Ducale,Palazzo Ducale,Annunciazione,,Annunciazione,,
http://www.wikidata.org/entity/Q131450087,Annunciazione attribuita a Jacopo di Cione,Jacopo di Cione (maschio),,,Museo di San Marco,Museo di San Marco,Annunciazione,,Annunciazione,,
http://www.wikidata.org/entity/Q131450085,Annunciazione e santi,Girolamo di Benvenuto (maschio),,,Museo di arte sacra della Val d'Arbia,Museo di arte sacra della Val d'Arbia,Annunciazione; santo cristiano,,Annunciazione,,
http://www.wikidata.org/entity/Q131450084,Annunciazione,Salvi Castellucci (maschio),,arte religiosa,Museo dell'Accademia Etrusca e della città di Cortona,Museo dell'Accademia Etrusca e della città di Cortona,Annunciazione,,Annunciazione,,
http://www.wikidata.org/entity/Q131450090,Annunciazione,Bartolomeo Caporali (maschio),,arte religiosa,Galleria nazionale dell'Umbria,Galleria nazionale dell'Umbria,Annunciazione,,Annunciazione,,
http://www.wikidata.org/entity/Q131450089,Annunciazione,Annibale Carracci (maschio),,arte religiosa,Pinacoteca Nazionale di Bologna,Pinacoteca Nazionale di Bologna,Annunciazione,,Annunciazione,,
http://www.wikidata.org/entity/Q131450094,Annunciazione,Camillo Filippi (maschio),,arte religiosa,chiesa di Santa Maria in Vado,chiesa di Santa Maria in Vado,Annunciazione,,Annunciazione,,
http://www.wikidata.org/entity/Q131450095,Annunciazione,Cristoforo Scacco di Verona (maschio),,arte religiosa,Museo diocesano di Nola,Museo diocesano di Nola,Annunciazione,,Annunciazione,,
http://www.wikidata.org/entity/Q131450092,Annunciazione,Giuseppe Mazzuoli (maschio),,arte religiosa,chiesa di San Michele del Gesù,chiesa di San Michele del Gesù,Annunciazione,,Annunciazione,,
http://www.wikidata.org/entity/Q131450093,Annunciazione,Benvenuto Tisi da Garofalo (maschio),,arte religiosa,Galleria delle pitture e delle statue degli Uffizi,Palazzo degli Uffizi,Annunciazione,,Annunciazione,,
http://www.wikidata.org/entity/Q131450098,Annunciazione,Passignano (maschio),,arte religiosa,chiesa di Santa Maria in Vallicella,chiesa di Santa Maria in Vallicella,Annunciazione,,Annunciazione,,
http://www.wikidata.org/entity/Q131450099,Annunciazione,Francesco Botticini (maschio),,arte religiosa,Pinacoteca Museo della Collegiata di Sant'Andrea,Pinacoteca Museo della Collegiata di Sant'Andrea,Annunciazione,,Annunciazione,,
http://www.wikidata.org/entity/Q131450096,Annunciazione,Domenico Beccafumi (maschio),,arte religiosa,Museo dell'Opera del Duomo,Museo dell'Opera del Duomo,Annunciazione,,Annunciazione,,
http://www.wikidata.org/entity/Q131450103,Annunciazione,Giovanni Bilivert (maschio),,arte religiosa,Museo di Palazzo Pretorio,Museo di Palazzo Pretorio,Annunciazione,,Annunciazione,,
http://www.wikidata.org/entity/Q131450100,Annunciazione,Francesco Salviati (maschio),,arte religiosa,chiesa di San Francesco a Ripa,chiesa di San Francesco a Ripa,Annunciazione,,Annunciazione,,
http://www.wikidata.org/entity/Q131450107,Annunciazione,Jacopo Chimenti (maschio),1614,arte religiosa,chiesa di Santa Maria Nuova,chiesa di Santa Maria Nuova,Annunciazione,,Annunciazione,,
http://www.wikidata.org/entity/Q131450104,Annunciazione,Giovanni Domenico Ferretti (maschio),,arte religiosa,Museo di Palazzo Pretorio,Museo di Palazzo Pretorio,Annunciazione,,Annunciazione,,
http://www.wikidata.org/entity/Q131450105,Annunciazione,Girolamo Mazzola Bedoli (maschio),1557,arte religiosa,Museo nazionale di Capodimonte,Museo nazionale di Capodimonte,Annunciazione,,Annunciazione,228.0,157.0
http://www.wikidata.org/entity/Q131450111,Annunciazione,Pietro Faccini (maschio),,arte religiosa,Pinacoteca Nazionale di Bologna,Pinacoteca Nazionale di Bologna,Annunciazione,,Annunciazione,,
http://www.wikidata.org/entity/Q131450108,Annunciazione,Ludovico Carracci (maschio),,arte religiosa,Pinacoteca Nazionale di Bologna,Pinacoteca Nazionale di Bologna,Annunciazione,,Annunciazione,,
http://www.wikidata.org/entity/Q131450109,Annunciazione,Orazio Gentileschi (maschio),1639,arte religiosa,basilica di San Siro,basilica di San Siro,Annunciazione,,Annunciazione,,
http://www.wikidata.org/entity/Q131450112,Annunciazione,Pomponio Amalteo (maschio),,arte religiosa,duomo di Cividale,duomo di Cividale,Annunciazione,,Annunciazione,,
http://www.wikidata.org/entity/Q131450146,Natività,Giovanni Benedetto Castiglione (maschio),,arte religiosa,Palazzo Rosso,Musei di Strada Nuova,nascita di Gesù,,nascita di Gesù,,
http://www.wikidata.org/entity/Q131450145,Natività,Federico Tedesco (maschio),,arte religiosa,Pinacoteca civica di Forlì,Pinacoteca civica di Forlì,nascita di Gesù,,nascita di Gesù,,
http://www.wikidata.org/entity/Q131501606,Assunzione della Vergine Maria,Serafino de' Serafini (maschio),,arte religiosa,museo di Casa Romei,museo di Casa Romei,assunzione di Maria nell'arte,,Assunzione di Maria,,
http://www.wikidata.org/entity/Q131501646,Incoronazione della Vergine,Cosimo Rosselli (maschio),,arte religiosa,chiesa di Santa Maria Maddalena dei Pazzi,chiesa di Santa Maria Maddalena dei Pazzi,Incoronazione della Vergine,,Incoronazione della Vergine,,
http://www.wikidata.org/entity/Q131501645,Incoronazione della Vergine,Cavalier d'Arpino (maschio),,arte religiosa,chiesa di Santa Maria in Vallicella,chiesa di Santa Maria in Vallicella,Incoronazione della Vergine,,Incoronazione della Vergine,,
http://www.wikidata.org/entity/Q131501651,Incoronazione della Vergine,Neri di Bicci (maschio),,arte religiosa,Spedale degli Innocenti,Spedale degli Innocenti,Incoronazione della Vergine,,Incoronazione della Vergine,,
http://www.wikidata.org/entity/Q131501649,Incoronazione della Vergine,Giovanni del Biondo (maschio),,arte religiosa,chiesa di San Lorenzo,chiesa di San Lorenzo,Incoronazione della Vergine,,Incoronazione della Vergine,,
http://www.wikidata.org/entity/Q131501653,Incoronazione della Vergine,Neri di Bicci (maschio),,arte religiosa,museo civico di Pescia,museo civico di Pescia,Incoronazione della Vergine,,Incoronazione della Vergine,,
http://www.wikidata.org/entity/Q131450118,Annuncio a Zaccaria,Giorgio Vasari (maschio),,,Galleria Napoletana del Museo di Capodimonte,Galleria Napoletana del Museo di Capodimonte,Annunciazione,,Annunciazione,,
http://www.wikidata.org/entity/Q131450148,Natività di Cristo,Domenico Beccafumi (maschio),1600,arte religiosa,chiesa di San Martino,chiesa di San Martino,nascita di Gesù,,nascita di Gesù,,
http://www.wikidata.org/entity/Q131450149,Natività di Cristo,Giovanni Battista Naldini (maschio),,arte religiosa,basilica di Santa Maria Novella,basilica di Santa Maria Novella,nascita di Gesù,,nascita di Gesù,,
http://www.wikidata.org/entity/Q131450116,Annunciazione da un'edicola a Firenze,Andrea del Sarto (maschio),,,Museo del Cenacolo di Andrea del Sarto,Museo del Cenacolo di Andrea del Sarto,Annunciazione,,Annunciazione,,
http://www.wikidata.org/entity/Q131450122,Annunciazione con santi,Neri di Bicci (maschio),,,museo civico di Pescia,museo civico di Pescia,Annunciazione,,Annunciazione,,
http://www.wikidata.org/entity/Q131450123,Annunciazione con due santi,Giovanni dal Ponte (maschio),,,chiesa di Santa Maria a Poppiena,chiesa di Santa Maria a Poppiena,Annunciazione,,Annunciazione,,
http://www.wikidata.org/entity/Q131450120,Annunciazione con Compianto e donatori,Giovanni Angelo d'Antonio (maschio),,,Pinacoteca e Museo civico di Camerino,Pinacoteca e Museo civico di Camerino,Annunciazione,,Annunciazione,,
http://www.wikidata.org/entity/Q131450127,Annunciazione con il cardinale Torquemada,Antoniazzo Romano (maschio),,,basilica di Santa Maria sopra Minerva,basilica di Santa Maria sopra Minerva,Annunciazione,,Annunciazione,,
http://www.wikidata.org/entity/Q131450134,Annunciazione (da Santa Chiara),,,,Museo nazionale di Ravenna,Museo nazionale di Ravenna,Annunciazione,,Annunciazione,,
http://www.wikidata.org/entity/Q131450132,Annunciazione Veronese,Paolo Veronese (maschio),,,cappella del Rosario,cappella del Rosario,Annunciazione,,Annunciazione,,
http://www.wikidata.org/entity/Q131450138,Annunciazione e santi,,,,Museo Poldi Pezzoli,Museo Poldi Pezzoli,Annunciazione,,Annunciazione,,
http://www.wikidata.org/entity/Q131450136,Annunciazione di Jesi,,,,pinacoteca civica e galleria d'arte contemporanea,pinacoteca civica e galleria d'arte contemporanea,Annunciazione,,Annunciazione,,
http://www.wikidata.org/entity/Q131450133,Circoncisione e nascita di Giovanni Battista con annuncio a Zaccaria,Teramo Piaggio (maschio),,,Museo diocesano (Genova),Museo diocesano (Genova),Annunciazione,,Annunciazione,,
http://www.wikidata.org/entity/Q131450135,Natività e Annunciazione ai pastori (da Santa Chiara),,,,Museo nazionale di Ravenna,Museo nazionale di Ravenna,Annunciazione,,Annunciazione,,
http://www.wikidata.org/entity/Q131450119,Tondi dell'Annunciazione,Ercole de' Roberti (maschio),,,villa Cagnola,villa Cagnola,Annunciazione,,Annunciazione,,
http://www.wikidata.org/entity/Q131450142,Natività della Pala di Sant'Agostino,Perugino (maschio),,,Galleria nazionale dell'Umbria,Galleria nazionale dell'Umbria,annuncio ai pastori,,annuncio ai pastori,,
http://www.wikidata.org/entity/Q131450144,Natività e Gesù nell'Orto degli Ulivi,Beato Angelico (maschio),,,Pinacoteca civica di Forlì,Pinacoteca civica di Forlì,nascita di Gesù,,nascita di Gesù,,
http://www.wikidata.org/entity/Q131450154,pala d'altare della Natività,,,,Pinacoteca nazionale di Cagliari,Pinacoteca nazionale di Cagliari,nascita di Gesù,,nascita di Gesù,,
http://www.wikidata.org/entity/Q131450151,Predella dell'Annunciazione,Beato Angelico (maschio),,,,,Annunciazione,,Annunciazione,,
http://www.wikidata.org/entity/Q131450153,pala d'altare con Annunciazione,,,,Pinacoteca nazionale di Cagliari,Pinacoteca nazionale di Cagliari,Annunciazione,,Annunciazione,,
http://www.wikidata.org/entity/Q131450152,"Predella con Sogno di san Giuseppe, Natività di Cristo e Fuga in Egitto",Girolamo Marchesi (maschio),,,Pinacoteca Nazionale di Bologna,Pinacoteca Nazionale di Bologna,nascita di Gesù; Sogno di San Giuseppe; Fuga in Egitto,,Sogno di San Giuseppe,,
http://www.wikidata.org/entity/Q131450161,Vergine Annunciata o Avvocata,Antonello da Messina (maschio),,,Pinacoteca Malaspina,Pinacoteca Malaspina,Annunciazione,,Annunciazione,,
http://www.wikidata.org/entity/Q131463514,ritratto di Luca Martini,Agnolo Bronzino (maschio),1555,ritratto,Sala di Marte,Galleria Palatina,Luca Martini,,Luca Martini,101.4,79.2
http://www.wikidata.org/entity/Q131501600,Apoteosi di Cosimo de' Medici il vecchio,Anton Domenico Gabbiani (maschio),,,Villa medicea di Poggio a Caiano,Villa Medici,,,,,
http://www.wikidata.org/entity/Q131501607,Assunzione della Vergine e quattro santi,Matteo di Giovanni (maschio),,,chiesa di Santa Maria dei Servi,basilica di San Clemente in Santa Maria dei Servi,assunzione di Maria nell'arte,,,,
http://www.wikidata.org/entity/Q131501608,Assunzione della Vergine e santi,Giovanni di Paolo (maschio); Matteo di Giovanni (maschio),,,Museo Civico Archeologico e d'Arte Sacra Palazzo Corboli,Museo Civico Archeologico e d'Arte Sacra Palazzo Corboli,assunzione di Maria nell'arte,,,,
http://www.wikidata.org/entity/Q131501633,Nascita della Vergine Maria,Alessandro Gherardini (maschio),,,Museo Civico di Pistoia,Museo Civico di Pistoia,nascita di Maria,,,,
http://www.wikidata.org/entity/Q131501639,Polittico dell'Incoronazione della Vergine,Vitale da Bologna (maschio),,,chiesa del Santissimo Salvatore,chiesa del Santissimo Salvatore,Incoronazione della Vergine,,,,
http://www.wikidata.org/entity/Q131501643,Polittico dell'Incoronazione della Vergine,Vittore Crivelli (maschio),,,pinacoteca civica Vittore Crivelli,pinacoteca civica Vittore Crivelli,Incoronazione della Vergine,,,,
http://www.wikidata.org/entity/Q131501655,Incoronazione della Vergine con angeli e due santi,Neri di Bicci (maschio),,,Museo del Cenacolo di Sant'Apollonia,Museo del Cenacolo di Sant'Apollonia,Incoronazione della Vergine,,,,
http://www.wikidata.org/entity/Q131501658,Polittico Corridonia (di Lorenzo d'Alessandro),Lorenzo d'Alessandro (maschio),,,Museo parrocchiale di Corridonia,Museo parrocchiale di Corridonia,Sacra conversazione,,,,
http://www.wikidata.org/entity/Q131450114,Annunciazione,Vittore Carpaccio (maschio),,arte religiosa,Galleria Giorgio Franchetti alla Ca' d'Oro,Galleria Giorgio Franchetti alla Ca' d'Oro,Annunciazione,,Annunciazione,,
http://www.wikidata.org/entity/Q131450115,Annunciazione,Maestro di Barberino (maschio),,arte religiosa,chiesa di Ognissanti,chiesa di Ognissanti,Annunciazione,,Annunciazione,,
http://www.wikidata.org/entity/Q131450126,Annunciazione,Melozzo da Forlì (maschio); Antoniazzo Romano (maschio),,arte religiosa,Pantheon,Pantheon,Annunciazione,,Annunciazione,,
http://www.wikidata.org/entity/Q131450124,Annunciazione,Giovanni Santi (maschio),,arte religiosa,Galleria nazionale delle Marche,Galleria nazionale delle Marche,Annunciazione,,Annunciazione,,
http://www.wikidata.org/entity/Q131450125,Annunciazione,Girolamo Dente (maschio),1068,arte religiosa,Gallerie dell'Accademia,Gallerie dell'Accademia,Annunciazione,,Annunciazione,,
http://www.wikidata.org/entity/Q131501614,Assunzione della Vergine,Sebastiano Filippi (maschio),,arte religiosa,Pinacoteca nazionale di Ferrara,Pinacoteca nazionale di Ferrara,assunzione di Maria nell'arte,,,,
http://www.wikidata.org/entity/Q131501612,Assunzione della Vergine,Annibale Carracci (maschio),,arte religiosa,Pinacoteca Nazionale di Bologna,Pinacoteca Nazionale di Bologna,assunzione di Maria nell'arte,,,,
http://www.wikidata.org/entity/Q131501619,Assunzione della Vergine,Daniele da Volterra (maschio),,arte religiosa,chiesa della Trinità dei Monti,chiesa della Trinità dei Monti,assunzione di Maria nell'arte,,,,
http://www.wikidata.org/entity/Q131501617,Assunzione della Vergine,Carlo Bononi (maschio),,arte religiosa,Pinacoteca nazionale di Ferrara,Pinacoteca nazionale di Siena,assunzione di Maria nell'arte,,,,
http://www.wikidata.org/entity/Q131501620,Assunzione della Vergine,Giuseppe Bezzuoli (maschio),,arte religiosa,Museo dell'Opera di Santa Croce,Museo dell'Opera di Santa Croce,assunzione di Maria nell'arte,,,,
http://www.wikidata.org/entity/Q131674405,L'Ultima Cena,Lucio Massari (maschio),,arte religiosa,Pinacoteca nazionale di Ferrara,Pinacoteca nazionale di Ferrara,Ultima cena,,Ultima cena,,
http://www.wikidata.org/entity/Q131674410,La decapitazione di san Paolo,Jacopo Tintoretto (maschio),,,chiesa della Madonna dell'Orto,chiesa della Madonna dell'Orto,Martirio di San Paolo,,Martirio di San Paolo,,
http://www.wikidata.org/entity/Q131674409,La punizione del falsario,Paolo Veronese (maschio),,,Palazzo Ducale,Palazzo Ducale,pena,,pena,,
http://www.wikidata.org/entity/Q131627556,La notte,Michele di Ridolfo del Ghirlandaio (maschio),,,Palazzo Colonna,Palazzo Colonna,notte; tumore della mammella,,,,
http://www.wikidata.org/entity/Q131617899,Martirio di San Lorenzo,Giovanni Lanfranco (maschio),,,Museo nazionale di Villa Guinigi,Museo nazionale di Villa Guinigi,San Lorenzo,,San Lorenzo,,
http://www.wikidata.org/entity/Q131627588,Vaso di fiori,Carlo Dolci (maschio),,,Galleria delle pitture e delle statue degli Uffizi,Palazzo degli Uffizi,natura morta,,,,
http://www.wikidata.org/entity/Q131628775,Tre santi,Spinello Aretino (maschio),,,,,drago; Michele; papa Sisto II; Ranieri Scacceri,,santo cristiano,,
http://www.wikidata.org/entity/Q131613930,Il martirio (Storie di sant'Orsola),Tommaso da Modena (maschio),,,Musei civici di Treviso,Musei civici di Treviso,Sant'Orsola,,Sant'Orsola,,
http://www.wikidata.org/entity/Q131613928,Incontro di Orsola csulla Papa a Roma (Storie di sant'Orsola),Tommaso da Modena (maschio),,,Musei civici di Treviso,Musei civici di Treviso,Sant'Orsola,,Sant'Orsola,,
http://www.wikidata.org/entity/Q131613929,L'abdicazione del Papa (Storie di sant'Orsola),Tommaso da Modena (maschio),,,Musei civici di Treviso,Musei civici di Treviso,Sant'Orsola,,Sant'Orsola,,
http://www.wikidata.org/entity/Q131613968,Il giorno sveglia la notte,Gaetano Previati (maschio),1905,,Museo Revoltella,Museo Revoltella,giorno; Notte,,giorno,,
http://www.wikidata.org/entity/Q131613939,Tabernacolo del palazzo dell'Arte della Lana,Jacopo del Casentino (maschio),,,Palazzo dell'Arte della Lana,Palazzo dell'Arte della Lana,,,,,
http://www.wikidata.org/entity/Q131613974,La nuda,Giacomo Grosso (maschio),1896,nudo artistico,Galleria civica d'arte moderna e contemporanea di Torino,Galleria civica d'arte moderna e contemporanea di Torino,donna; nudità; decubito; pelle d'orso,,,,
http://www.wikidata.org/entity/Q131613982,Un episodio della battaglia di San Martino,Giovanni Fattori (maschio),1868,,"Museo civico ""Giovanni Fattori""","Museo civico ""Giovanni Fattori""",battaglia di Montebello,,battaglia di Montebello,,
http://www.wikidata.org/entity/Q131613980,Tre muratori,Franco Benevelli (maschio),1961,,Galleria all'aperto dell'affresco di Arcumeggia,Galleria all'aperto dell'affresco di Arcumeggia,scalpellino,,scalpellino,,
http://www.wikidata.org/entity/Q131628769,La via del Calvario,Gaetano Previati (maschio),1900,,Museo diocesano a Milano,Museo diocesano a Milano,Cristo porta la croce,,Cristo porta la croce,,
http://www.wikidata.org/entity/Q131617883,Cosimo II de' Medici riceve i vincitori dell'impresa di Bona,Volterrano (maschio),1637,,Villa La Petraia,Villa La Petraia,Cosimo II de' Medici,,Cosimo II de' Medici,,
http://www.wikidata.org/entity/Q131617881,Clemente VII incorona Carlo V a Bologna,Volterrano (maschio),,,Villa La Petraia,Villa La Petraia,Carlo V d'Asburgo; papa Clemente VII,,Carlo V d'Asburgo; papa Clemente VII,,
http://www.wikidata.org/entity/Q131617911,Andrea Doria nelle vesti di Nettuno,Agnolo Bronzino (maschio),1545,nudo artistico; allegoria; portrait historié,Villa del Principe,Galleria Doria Pamphilj,Nettuno; nudità; Andrea Doria; albero; remo; panneggio,manierismo,Andrea Doria,115.0,53.0
http://www.wikidata.org/entity/Q131617890,Giuliano Duca di Nemours e Lorenzo Duca di Urbino sul Campidoglio,Volterrano (maschio),,,Villa La Petraia,Villa La Petraia,Campidoglio; Lorenzo de' Medici duca di Urbino; Giuliano de' Medici duca di Nemours,,Lorenzo de' Medici duca di Urbino; Giuliano de' Medici duca di Nemours,,
http://www.wikidata.org/entity/Q131617885,La caduta dei Giganti,Perin del Vaga (maschio),,,Villa del Principe,Villa del Principe,caduta dei Giganti,,caduta dei Giganti,,
http://www.wikidata.org/entity/Q131617895,Leone X incontra Francesco I di Francia,Volterrano (maschio),,,Villa La Petraia,Villa La Petraia,papa Leone X; Francesco I di Francia,,papa Leone X,,
http://www.wikidata.org/entity/Q131617893,La vendetta di una rivale,Francesco Hayez (maschio),,,Villa Carlotta,Villa Carlotta,faida,,faida,,
http://www.wikidata.org/entity/Q131617898,Maria de' Medici coi figli,Volterrano (maschio),,,Villa La Petraia,Villa La Petraia,Maria de' Medici,,Maria de' Medici,,
http://www.wikidata.org/entity/Q131617897,Madonna con santi,Fra Bartolomeo (maschio),,,Museo nazionale di Villa Guinigi,Museo nazionale di Villa Guinigi,Maria,,Maria,,
http://www.wikidata.org/entity/Q131617918,Ingresso trionfale di Cosimo I de' Medici a Siena,Volterrano (maschio),,,Villa La Petraia,Villa La Petraia,Siena; Cosimo de' Medici; trionfo,,trionfo,,
http://www.wikidata.org/entity/Q131617902,Odalisca che legge,Francesco Hayez (maschio),1866,,Villa Carlotta,Villa Carlotta,odalisca,,odalisca,,
http://www.wikidata.org/entity/Q131617916,L'estasi di Santa Caterina,Pompeo Batoni (maschio),,,Museo nazionale di Villa Guinigi,Museo nazionale di Villa Guinigi,Caterina da Siena; Transverberazione,,Caterina da Siena,,
http://www.wikidata.org/entity/Q131617908,Perseo e Pegaso,Baldassarre Peruzzi (maschio),,,Villa Farnesina,Villa Farnesina,Pegaso; Perseo,,Perseo,,
http://www.wikidata.org/entity/Q131617909,Pietro Rossi di Parma che partecipa alla moglie il decreto del Senato veneto da cui è chiamato a generale dalle sue forze di terra,Francesco Hayez (maschio),,,Villa Carlotta,Villa Carlotta,Pietro de' Rossi,,Pietro de' Rossi,,
http://www.wikidata.org/entity/Q131617915,Predominio della Toscana sul mare,Volterrano (maschio),,,Villa La Petraia,Villa La Petraia,Granducato di Toscana,,Granducato di Toscana,,
http://www.wikidata.org/entity/Q131617914,santi da Tramonte di Brancoli,Gherardo Starnina (maschio),,,Museo nazionale di Villa Guinigi,Museo nazionale di Villa Guinigi,santo cristiano,,santo cristiano,,
http://www.wikidata.org/entity/Q131617922,Soffitto della sala delle Muse,Jacopo Zucchi (maschio),,,Villa Medici,Villa Medici,Muse,,Muse,,
http://www.wikidata.org/entity/Q131617921,Soffitto della sala degli Elementi,Jacopo Zucchi (maschio),,,Villa Medici,Villa Medici,quattro elementi,,quattro elementi,,
http://www.wikidata.org/entity/Q131617919,Valenza Gradenigo al cospetto dell'inquisitore suo padre,Francesco Hayez (maschio),,,Villa Carlotta,Villa Carlotta,Inquisizione; Valenza Gradenigo,,Valenza Gradenigo,,
http://www.wikidata.org/entity/Q131617917,Triclinio di Villa Poppea,,,,Villa di Poppea,Villa di Poppea,triclinio,,triclinio,,
http://www.wikidata.org/entity/Q131627550,La processione magica,Girolamo da Carpi (maschio),1525,,Galleria Borghese,Galleria Borghese,Camelus; processione,,,116.0,156.0
http://www.wikidata.org/entity/Q131627552,Il martirio dei Diecimila,Michele di Ridolfo del Ghirlandaio (maschio),,,Museo del Cenacolo di Andrea del Sarto,Museo del Cenacolo di Andrea del Sarto,Diecimila,,,,
http://www.wikidata.org/entity/Q131627554,La strage degli Innocenti,Jacopo Tintoretto (maschio),,arte religiosa,Scuola Grande di San Rocco,Scuola Grande di San Rocco,strage degli innocenti,,strage degli innocenti,,
http://www.wikidata.org/entity/Q131627553,La strage degli Innocenti,Benvenuto Tisi da Garofalo (maschio),,arte religiosa,Pinacoteca nazionale di Ferrara,Pinacoteca nazionale di Ferrara,strage degli innocenti,,strage degli innocenti,,
http://www.wikidata.org/entity/Q131627571,Due santi e donatore,Matteo Giovannetti (maschio),,,Museo Correr,Museo Correr,donatore; santo cristiano,,,,
http://www.wikidata.org/entity/Q131627572,Due uccelli acquatici appesi,Cesare Dandini (maschio),,,Galleria delle pitture e delle statue degli Uffizi,Palazzo degli Uffizi,,,,,
http://www.wikidata.org/entity/Q131627574,Ulisse libera i suoi compagni dall'incantesimo della maga Circe,,,,Galleria delle pitture e delle statue degli Uffizi,Palazzo degli Uffizi,,,,,
http://www.wikidata.org/entity/Q131627817,Battaglia di Cadore,,1550,pittura storica,deposito del museo,Palazzo degli Uffizi; Galleria Palatina,battaglia di Cadore,,battaglia di Cadore,121.0,134.0
http://www.wikidata.org/entity/Q131628758,copia dei Trionfi di Cesare di Mantegna,Ludovico Dondi (maschio),,,Museo della città di palazzo San Sebastiano,Museo della città di palazzo San Sebastiano,Gaio Giulio Cesare; vittoria,,Trionfi di Cesare,,
http://www.wikidata.org/entity/Q131628765,Il trionfo della Virtù sul Vizio,Paolo Veronese (maschio),,,Palazzo Ducale,Palazzo Ducale,vizio e virtù,,vizio e virtù,,
http://www.wikidata.org/entity/Q131628770,La sete nei campi. Famiglia di contadini,Niccolò Cannicci (maschio),,,Galleria d'arte moderna di Firenze,Galleria d'arte moderna di Firenze,famiglia; contadino,,sete,,
http://www.wikidata.org/entity/Q131628768,La parabola dell'invitato a nozze,Bernardo Strozzi (maschio),1636,,Accademia ligustica di belle arti,Accademia ligustica di belle arti,parabola del banchetto di nozze,,parabola del banchetto di nozze,135.5,192.3
http://www.wikidata.org/entity/Q131628772,Tre santi domenicani,Giovanni Battista Piazzetta (maschio),,,chiesa dei Gesuati,chiesa dei Gesuati,Vincenzo Ferreri; Luigi Bertrando; Giacinto Odrovaz,,Vincenzo Ferreri,,
http://www.wikidata.org/entity/Q131628778,Trono della Misericordia,Neri di Bicci (maschio),,,Museo dell'Opera di Santa Croce,Museo dell'Opera di Santa Croce,Thronum Gratiae,,Thronum Gratiae,,
http://www.wikidata.org/entity/Q131628776,Tre scene di Giovanni Battista,Teramo Piaggio (maschio),,,Museo diocesano (Genova),Museo diocesano (Genova),Giovanni Battista,,Giovanni Battista,,
http://www.wikidata.org/entity/Q131674352,Cristo e l'adultera,Rocco Marconi (maschio),,arte religiosa,Gallerie dell'Accademia,Gallerie dell'Accademia,pericope dell'adultera,,pericope dell'adultera,,
http://www.wikidata.org/entity/Q131674353,Cristo e l'adultera,,,arte religiosa,,,pericope dell'adultera,,pericope dell'adultera,,
http://www.wikidata.org/entity/Q131674332,Incoronazione di Maria,Sano di Pietro (maschio),,arte religiosa,Museo di arte sacra della Val d'Arbia,Museo di arte sacra della Val d'Arbia,Incoronazione della Vergine,,Incoronazione della Vergine,,
http://www.wikidata.org/entity/Q131629557,Cena di San Gregorio Magno,Paolo Veronese (maschio),1501,,Museo del Santuario di Monte Berico,Museo del Santuario di Monte Berico,papa Gregorio I; cena,,papa Gregorio I; cena,,
http://www.wikidata.org/entity/Q131674315,Conversione di San Paolo,Girolamo Mazzola Bedoli (maschio),,arte religiosa,Palazzo Ducale,Palazzo Ducale,conversione di Paolo,,conversione di Paolo,,
http://www.wikidata.org/entity/Q131674316,Conversione di San Paolo,Ludovico Carracci (maschio),,arte religiosa,Pinacoteca Nazionale di Bologna,Pinacoteca Nazionale di Bologna,conversione di Paolo,,conversione di Paolo,,
http://www.wikidata.org/entity/Q131628802,Trasfigurazione di Cristo,Perugino (maschio),,arte religiosa,Collegio del Cambio,Collegio del Cambio,trasfigurazione di Gesù,,trasfigurazione di Gesù,,
http://www.wikidata.org/entity/Q131674398,L'incredulità di San Tommaso,Giorgio Vasari (maschio),,arte religiosa,basilica di Santa Croce,basilica di Santa Croce,Tommaso d'Aquino,,Tommaso d'Aquino,,
http://www.wikidata.org/entity/Q131674399,L'incredulità di San Tommaso,Jacopo Chimenti (maschio),,arte religiosa,Pinacoteca Museo della Collegiata di Sant'Andrea,Pinacoteca Museo della Collegiata di Sant'Andrea,Tommaso d'Aquino,,Tommaso d'Aquino,,
http://www.wikidata.org/entity/Q131628818,Pannello sinistro del Trittico di Beffi,Maestro di Beffi (maschio),,,Museo nazionale d'Abruzzo,Museo nazionale d'Abruzzo,nascita di Gesù; Bambino Gesù; annuncio ai pastori,,annuncio ai pastori,,
http://www.wikidata.org/entity/Q131628819,Pannello destro del Trittico di Beffi,Maestro di Beffi (maschio),,,Museo nazionale d'Abruzzo,Museo nazionale d'Abruzzo,Incoronazione della Vergine; Dormizione di Maria,,Dormizione di Maria,,
http://www.wikidata.org/entity/Q131628803,Trasfigurazione di Gesù Cristo,Ludovico Carracci (maschio),,,Pinacoteca Nazionale di Bologna,Pinacoteca Nazionale di Bologna,trasfigurazione di Gesù,,trasfigurazione di Gesù,,
http://www.wikidata.org/entity/Q131628817,Pannello centrale del Trittico di Beffi,Maestro di Beffi (maschio),,,Museo nazionale d'Abruzzo,Museo nazionale d'Abruzzo,angelo; Madonna col Bambino,,Madonna col Bambino,,
http://www.wikidata.org/entity/Q131628814,Trittico con Madonna e Bambino con santi,Bicci di Lorenzo (maschio),1427,arte religiosa,Museo dell'Accademia Etrusca e della città di Cortona,Museo dell'Accademia Etrusca e della città di Cortona,Madonna col Bambino,,Sacra conversazione,,
http://www.wikidata.org/entity/Q131628812,Trittico del Maestro della Leggenda di santa Lucia,Maestro della Leggenda di santa Lucia (maschio),,,,,Caterina d'Alessandria,,Caterina d'Alessandria,,
http://www.wikidata.org/entity/Q131628813,Trittico della Madonna con santi,Bernardo Zenale (maschio),,,Museo della Basilica di Sant'Ambrogio,Museo della Basilica di Sant'Ambrogio,Sofronio Eusebio Girolamo; Madonna col Bambino,,Sacra conversazione,,
http://www.wikidata.org/entity/Q131628822,Trionfo di Felsina,Antonio Rolli (maschio); Giuseppe Maria Rolli (maschio),,,Palazzo Pepoli Campogrande,Palazzo Pepoli Campogrande,vittoria; Felsina,,vittoria; Felsina,,
http://www.wikidata.org/entity/Q131628823,Trionfo di Eracle,Giuseppe Maria Crespi (maschio),,,Palazzo Pepoli Campogrande,Palazzo Pepoli Campogrande,vittoria; Eracle,,vittoria,,
http://www.wikidata.org/entity/Q131628820,Trionfo della Morte,Lorenzo Costa (maschio),,,cappella Bentivoglio,cappella Bentivoglio,Trionfo della Morte,,Trionfo della Morte,,
http://www.wikidata.org/entity/Q131628821,Trionfo della Fama,Zanobi Strozzi (maschio),,,Pinacoteca Nazionale di Bologna,Pinacoteca Nazionale di Bologna,vittoria; Fama,,vittoria,,
http://www.wikidata.org/entity/Q131628824,Trionfo sull'ignoranza,Sebastiano Ricci (maschio),,,Palazzo Fenzi,Palazzo Fenzi,vittoria; ignoranza,,vittoria,,
http://www.wikidata.org/entity/Q131629552,Madonna incoronato dagli angeli con Gesù Bambino e santi,Cosimo Rosselli (maschio),,,Museo del Cenacolo di Andrea del Sarto,Museo del Cenacolo di Andrea del Sarto,Madonna col Bambino,,Madonna col Bambino,,
http://www.wikidata.org/entity/Q131632042,I confratelli del bigallo conducono gli orfani alle madri affidatarie,Ambrogio di Baldese (maschio); Niccolò di Pietro Gerini (maschio),1386,,Museo del Bigallo,Museo del Bigallo,orfano,,orfano,,
http://www.wikidata.org/entity/Q131632037,L'Assunzione,Gaetano Previati (maschio),,arte religiosa,Museo dell'Ottocento (Ferrara),Museo dell'Ottocento (Ferrara),assunzione di Maria nell'arte,,assunzione di Maria nell'arte,,
http://www.wikidata.org/entity/Q131632047,La caduta di Saul,Sebastiano Vini (maschio),,,pieve di San Paolo,pieve di San Paolo,battaglia di Ghilboa,,battaglia di Ghilboa,,
http://www.wikidata.org/entity/Q131674307,Composizione astratta,Sebastiano Satta (maschio),,,Galleria all'aperto dell'affresco di Arcumeggia,Galleria all'aperto dell'affresco di Arcumeggia,composizione astratta,,composizione astratta,,
http://www.wikidata.org/entity/Q131674303,Comunione di San Filippo Neri,Giuseppe Angeli (maschio),,,Ca' Rezzonico,Ca' Rezzonico,Filippo Neri,,Filippo Neri,,
http://www.wikidata.org/entity/Q131674300,Commemorazione di Canova nella Scuola Grande della Carità,Giuseppe Borsato (maschio),,,Museo Correr,Museo Correr,chiesa di Santa Maria della Carità,,,,
http://www.wikidata.org/entity/Q131674306,Composizione agreste,Ernesto Treccani (maschio),,,Galleria all'aperto dell'affresco di Arcumeggia,Galleria all'aperto dell'affresco di Arcumeggia,,,,,
http://www.wikidata.org/entity/Q131674311,Conquista di Smirne,Paolo Veronese (maschio),1585,,Palazzo Ducale,Palazzo Ducale,guerre turco-veneziane,,,,
http://www.wikidata.org/entity/Q131674312,Contadini all'osteria,Pietro Longhi (maschio),,,Pinacoteca Querini Stampalia,Pinacoteca Querini Stampalia,osteria,,osteria,,
http://www.wikidata.org/entity/Q131674317,Conversione di San Pantaleone,Paolo Veronese (maschio),,,chiesa di San Pantalon,chiesa di San Pantalon,Pantaleone di Nicomedia,,Pantaleone di Nicomedia,,
http://www.wikidata.org/entity/Q131674323,copia della Cena in Casa di Simone,Paolo Veronese (maschio),,,Pinacoteca di Brera,Pinacoteca di Brera,Festa a casa di Simone,,Festa a casa di Simone,,
http://www.wikidata.org/entity/Q131674310,Padova riacquistata da Andrea Gritti e da Giovanni Diedo,Jacopo Palma il Giovane (maschio),,,Palazzo Ducale,Palazzo Ducale,Andrea Gritti; assedio di Padova,,assedio di Padova,,
http://www.wikidata.org/entity/Q131674346,Cortile su Via Mario Beretta,,,,Galleria all'aperto dell'affresco di Arcumeggia,Galleria all'aperto dell'affresco di Arcumeggia,,,,,
http://www.wikidata.org/entity/Q131674322,Paesaggio con miniera,Herri met de Bles (maschio),1525,,Galleria delle pitture e delle statue degli Uffizi,Palazzo degli Uffizi,paesaggio; miniera,,miniera,,
http://www.wikidata.org/entity/Q131674361,Crocifisso con la Maddalena genuflessa e piangente,Francesco Hayez (maschio),,,Museo diocesano a Milano,Museo diocesano a Milano,crocifissione di Gesù; Maria Maddalena,,crocifissione di Gesù,,
http://www.wikidata.org/entity/Q131674371,I Santi Pietro e Paolo,Giovanni Barbagelata (maschio),,,Museo diocesano (Genova),Museo diocesano (Genova),Paolo di Tarso; Pietro,,Paolo di Tarso,,
http://www.wikidata.org/entity/Q131674373,"I Santi Pio V, Tommaso d'Aquino e Pietro martire",Sebastiano Ricci (maschio),1733,arte religiosa,chiesa dei Gesuati,chiesa dei Gesuati,Tommaso d'Aquino; papa Pio V; Pietro da Verona,,papa Pio V,,
http://www.wikidata.org/entity/Q131674369,San Michele sconfigge il diavolo,Bonifacio Veronese (maschio),1530,,basilica dei Santi Giovanni e Paolo,basilica dei Santi Giovanni e Paolo,diavolo; Michele,,Michele,,
http://www.wikidata.org/entity/Q131674396,Il buon samaritano,Nicola Malinconico (maschio),,arte religiosa,Museo di Palazzo Pretorio,Museo di Palazzo Pretorio,parabola del buon samaritano,,parabola del buon samaritano,,
http://www.wikidata.org/entity/Q131674401,Il giudizio di Mida,Jacopo Chimenti (maschio),,,Museo Civico di Pistoia,Museo Civico di Pistoia,Mida,,Mida,,
http://www.wikidata.org/entity/Q131674404,Il Giudizio universale,Jacopo Palma il Giovane (maschio),,arte religiosa,Palazzo Ducale,Palazzo Ducale,giudizio universale,,giudizio universale,,
http://www.wikidata.org/entity/Q131674382,Stanza del Sole,,,,Palazzo Te,Palazzo Te,Apollo,,Apollo,,
http://www.wikidata.org/entity/Q131674390,Trafugamento del corpo di Cristo,Gaetano Previati (maschio),,,Museo dell'Ottocento (Ferrara),Museo dell'Ottocento (Ferrara),deposizione di Gesù,,deposizione di Gesù,,
http://www.wikidata.org/entity/Q131628801,Trasfigurazione,Giovanni Gerolamo Savoldo (maschio),,arte religiosa,Galleria delle pitture e delle statue degli Uffizi,Palazzo degli Uffizi,trasfigurazione di Gesù,,trasfigurazione di Gesù,,
http://www.wikidata.org/entity/Q131674355,Crocifissione,Pietro Lorenzetti (maschio),,arte religiosa,Pinacoteca nazionale di Siena,Pinacoteca nazionale di Siena,crocifissione di Gesù,,crocifissione di Gesù,,
http://www.wikidata.org/entity/Q131674368,San Girolamo,Bernardo Strozzi (maschio),,arte religiosa,Pinacoteca Egidio Martini,Pinacoteca Egidio Martini,Sofronio Eusebio Girolamo,,Sofronio Eusebio Girolamo,,
http://www.wikidata.org/entity/Q131629558,Susanna e i vecchioni,Giovanni Antonio Burrini (maschio),,arte religiosa,Pinacoteca Nazionale di Bologna,Pinacoteca Nazionale di Bologna,Susanna e i vecchioni,,Susanna e i vecchioni,,
http://www.wikidata.org/entity/Q131690596,Madonna del Rosario,Domenichino (maschio),,arte religiosa,Pinacoteca Nazionale di Bologna,Pinacoteca Nazionale di Bologna,Maria,,Maria,,
http://www.wikidata.org/entity/Q131690637,Madonna col Bambino e santi,,,arte religiosa,chiesa di Santa Caterina d'Alessandria,chiesa di Santa Caterina d'Alessandria,Sacra conversazione; Madonna col Bambino,,Madonna col Bambino,,
http://www.wikidata.org/entity/Q131690593,Madonna della Cintola,Maestro di Memphis (maschio),,,Museo del Cenacolo di Andrea del Sarto,Museo del Cenacolo di Andrea del Sarto,Maria,,Maria,,
http://www.wikidata.org/entity/Q131690587,Madonna dell'Umiltà,Domenico di Michelino (maschio),,arte religiosa,Museo del Bigallo,Museo del Bigallo,Maria,,Maria,,
http://www.wikidata.org/entity/Q131690588,Madonna dell'Umiltà,Ventura di Moro (maschio),,arte religiosa,museo civico di Pescia,museo civico di Pescia,Maria,,Maria,,
http://www.wikidata.org/entity/Q131690589,Madonna dell'Umiltà,Maestro della Natività di Castello (maschio),,arte religiosa,,,Maria,,Maria,,
http://www.wikidata.org/entity/Q131690586,Madonna in trono col Bambino,Stefano di Sant'Agnese (maschio),,,Museo Correr,Museo Correr,Maria,,Maria,,
http://www.wikidata.org/entity/Q131690603,Madonna con santi,Sano di Pietro (maschio),,,Museo di arte sacra della Val d'Arbia,Museo di arte sacra della Val d'Arbia,Maria; Sacra conversazione,,Maria,,
http://www.wikidata.org/entity/Q131690590,Madonna dell'Umilità,Lorenzo Veneziano (maschio),,,,,Maria,,Maria,,
http://www.wikidata.org/entity/Q131690591,Madonna della Cintola e cinque santi,Neri di Bicci (maschio),,,chiesa di San Leonardo in Arcetri,chiesa di San Leonardo in Arcetri,Maria; Sacra conversazione,,Maria,,
http://www.wikidata.org/entity/Q131690594,Madonna della Cintola con santi,Ridolfo del Ghirlandaio (maschio),,,duomo di Prato,duomo di Prato,Maria; Sacra conversazione,,Maria,,
http://www.wikidata.org/entity/Q131690592,Madonna della Cintola e tre santi,Neri di Bicci (maschio),,,Museo diocesano d'arte sacra (San Miniato),Museo diocesano d'arte sacra (San Miniato),Maria; Sacra conversazione,,Maria,,
http://www.wikidata.org/entity/Q131690599,"Madonna col Bambino e i Santi Giovanni, Giuseppe, Francesco e Antonio",Giovanni Cambiaso (maschio),,,Museo diocesano (Genova),Museo diocesano (Genova),Sacra conversazione; Madonna col Bambino,,Madonna col Bambino,,
http://www.wikidata.org/entity/Q131690602,"Madonna col Bambino, san Giovanni evangelista e san Benedetto",Antonello da Messina (maschio),,,Palazzo degli Uffizi,Palazzo degli Uffizi,Benedetto da Norcia; angelo; Giovanni; Madonna col Bambino,,Madonna col Bambino,,
http://www.wikidata.org/entity/Q131690601,"Madonna col Bambino, angeli e santi",Giovanni Battista Paggi (maschio),,,Museo del Cenacolo di Andrea del Sarto,Museo del Cenacolo di Andrea del Sarto,Sacra conversazione; Madonna col Bambino,,Madonna col Bambino,,
http://www.wikidata.org/entity/Q131690606,Madonna col Bambino dormiente,Giovanni Battista Salvi (maschio),,,Palazzo Rosso,Musei di Strada Nuova,Madonna col Bambino,,Madonna col Bambino,,
http://www.wikidata.org/entity/Q131690605,Madonna col Bambino dormiente,Giovanni Bernardo Carbone (maschio),,,Palazzo Rosso,Musei di Strada Nuova,Madonna col Bambino,,Madonna col Bambino,,
http://www.wikidata.org/entity/Q131690639,Cappella del Madonna a Santa Maria della Scala,Paolo di Giovanni Fei (maschio),,,Complesso museale di Santa Maria della Scala,Complesso museale di Santa Maria della Scala,Maria,,Maria,,
http://www.wikidata.org/entity/Q131690633,Madonna col Bambino e angeli in una ghirlanda,Bartolomeo Caporali (maschio),1471,,Galleria nazionale dell'Umbria,Galleria nazionale dell'Umbria,Madonna col Bambino,,Madonna col Bambino,,
http://www.wikidata.org/entity/Q131690641,Madonna di Sarnano,Vittore Crivelli (maschio),,,pinacoteca civica,pinacoteca civica,Maria,,Maria,,
http://www.wikidata.org/entity/Q131690646,Semplicità,Paolo Veronese (maschio),,,Palazzo Ducale,Palazzo Ducale,semplicità,,semplicità,,
http://www.wikidata.org/entity/Q131690663,Madonna dolente e San Giovanni,Sassetta (maschio),,,Collezione Chigi Saracini,Collezione Chigi Saracini,Giovanni; Sacra conversazione,,Sacra conversazione,,
http://www.wikidata.org/entity/Q131690652,Sette episodi della vita di Maria,Simone dei Crocifissi (maschio),,,Pinacoteca Nazionale di Bologna,Pinacoteca Nazionale di Bologna,Maria,,Maria,,
http://www.wikidata.org/entity/Q131690656,Sinopia del Tabernacolo di Sant'Anna,Agnolo Gaddi (maschio),,,Museo di pittura murale,Museo di pittura murale,,,,,
http://www.wikidata.org/entity/Q131690660,schizzo per una figura femminile,Gino Rossi (maschio),,,Galleria internazionale d'arte moderna,Galleria internazionale d'arte moderna,Forma del corpo umano femminile,,Forma del corpo umano femminile,,
http://www.wikidata.org/entity/Q131702506,ritratto di Cristina di Francia,,1700,ritratto,Museo Leone,Museo Leone,Cristina di Borbone-Francia,,Cristina di Borbone-Francia,71.5,58.5
http://www.wikidata.org/entity/Q131690582,Madonna della Vittoria con Pierre d'Aubusson,,,,Museo diocesano (Genova),Museo diocesano (Genova),Maria; Pierre d'Aubusson,,Maria,,
http://www.wikidata.org/entity/Q131690581,Madonna della Pergola,Bernardo di Antonio Detti (maschio),,arte religiosa,Museo Civico di Pistoia,Museo Civico di Pistoia,Maria,,Maria,,
http://www.wikidata.org/entity/Q131690584,Madonna di Montespertoli,Filippo Lippi (maschio),,,Museo di arte sacra,Museo di arte sacra,Maria,,Maria,,
http://www.wikidata.org/entity/Q131690583,Madonna delle Grazie,Matteo di Giovanni (maschio),,,duomo di Grosseto,duomo di Grosseto,Maria,,Maria,,
http://www.wikidata.org/entity/Q131676037,Lapidazione di Santo Stefano,Filippo Lippi (maschio),,arte religiosa,duomo di Prato,duomo di Prato,lapidazione di santo Stefano,,lapidazione di santo Stefano,,
http://www.wikidata.org/entity/Q131676306,Storie di San Benedetto,Bartolomeo di Giovanni (maschio),,,Galleria delle pitture e delle statue degli Uffizi,Palazzo degli Uffizi,Benedetto da Norcia,,Benedetto da Norcia,,
http://www.wikidata.org/entity/Q131676307,Storie di San Benedetto,Neroccio di Bartolomeo de' Landi (maschio),,,Galleria delle pitture e delle statue degli Uffizi,Palazzo degli Uffizi,Benedetto da Norcia,,Benedetto da Norcia,,
http://www.wikidata.org/entity/Q131676308,Storie di San Benedetto,Nicolò di Pietro (maschio),,,Galleria delle pitture e delle statue degli Uffizi,Palazzo degli Uffizi,Benedetto da Norcia,,Benedetto da Norcia,,
http://www.wikidata.org/entity/Q131675969,La raccolta della manna,Giorgio Vasari (maschio),,,Galleria Regionale,Galleria Regionale,caduta della manna,,caduta della manna,,
http://www.wikidata.org/entity/Q131676064,La tentazione di Sant'Antonio,Jacopo Tintoretto (maschio),,,chiesa di San Trovaso,chiesa di San Trovaso,,,,,
http://www.wikidata.org/entity/Q131690476,Madonna in trono e santi,Nicola Filotesio (maschio),,,Museo diocesano (Ascoli Piceno),Museo diocesano (Ascoli Piceno),Sacra conversazione,,Sacra conversazione,,
http://www.wikidata.org/entity/Q131675936,Crocifissione e santi,Carlo Portelli (maschio),,,Museo del Cenacolo di Andrea del Sarto,Museo del Cenacolo di Andrea del Sarto,crocifissione di Gesù,,crocifissione di Gesù,,
http://www.wikidata.org/entity/Q131675937,Crocifissione e santi,Pier Francesco Fiorentino (maschio),,,chiesa dei Santi Girolamo e Francesco alla Costa,chiesa dei Santi Girolamo e Francesco alla Costa,crocifissione di Gesù,,crocifissione di Gesù,,
http://www.wikidata.org/entity/Q131674412,Il ritrovamento della Vera Croce,Benvenuto Tisi da Garofalo (maschio),,,Pinacoteca nazionale di Ferrara,Pinacoteca nazionale di Ferrara,ritrovamento della Croce,,ritrovamento della Croce,,
http://www.wikidata.org/entity/Q131674411,La circoncisione,Jacopo Tintoretto (maschio),,arte religiosa,Scuola Grande di San Rocco,Scuola Grande di San Rocco,circoncisione di Gesù,,circoncisione di Gesù,,
http://www.wikidata.org/entity/Q131675938,Crocifissione tra santi,David Ghirlandaio (maschio),,,Museo del Cenacolo di Andrea del Sarto,Museo del Cenacolo di Andrea del Sarto,crocifissione di Gesù,,crocifissione di Gesù,,
http://www.wikidata.org/entity/Q131675939,Crocifissione tra i Santi Antonio Abate e Francesco,Simone Pignoni (maschio),,,pieve di Santa Maria,pieve di Santa Maria,crocifissione di Gesù; Antonio abate; Francesco d'Assisi,,crocifissione di Gesù,,
http://www.wikidata.org/entity/Q131675947,Crocefissione di Gesù Cristo,,,,Museo diocesano (Genova),Museo diocesano (Genova),crocifissione di Gesù,,crocifissione di Gesù,,
http://www.wikidata.org/entity/Q131675948,Crocifissione di San Pietro,Giovanni del Biondo (maschio),,,chiesa di San Francesco,chiesa di San Francesco,crocifissione di Gesù,,crocifissione di Gesù,,
http://www.wikidata.org/entity/Q131675966,Affreschi dal Teatro di Nemi,,,,Museo delle Terme di Diocleziano,Museo delle Terme di Diocleziano,,,Nemi,,
http://www.wikidata.org/entity/Q131675990,Governo degli infermi,Domenico di Bartolo (maschio),,,Pellegrinaio di Santa Maria della Scala,Pellegrinaio di Santa Maria della Scala,assistenza,,assistenza,,
http://www.wikidata.org/entity/Q131675979,Madonna col Bambino in trono tra i santi Petronio e Tecla,Lorenzo Costa (maschio),,,Pinacoteca Nazionale di Bologna,Pinacoteca Nazionale di Bologna,Madonna col Bambino,,Madonna col Bambino,,
http://www.wikidata.org/entity/Q131675989,Il sacrificio di Re Codro di Atene,Domenico Beccafumi (maschio),,,Palazzo Pubblico,Palazzo Pubblico,Codro,,Codro,,
http://www.wikidata.org/entity/Q131675983,Martirio di Sant'Orsola,Ludovico Carracci (maschio),,,Pinacoteca Nazionale di Bologna,Pinacoteca nazionale di Ferrara,Sant'Orsola,,Sant'Orsola,,
http://www.wikidata.org/entity/Q131675981,Sant'Acacio e i Dicimila martiri,Agnolo Bronzino (maschio),1529,,Palazzo degli Uffizi,Palazzo degli Uffizi,diecimila martiri,,diecimila martiri,,
http://www.wikidata.org/entity/Q131676038,Battesimo del principe d'Inghilterra (Storie di sant'Orsola),Tommaso da Modena (maschio),,,Musei civici di Treviso,Musei civici di Treviso,battesimo; Sant'Orsola,,Sant'Orsola,,
http://www.wikidata.org/entity/Q131675994,San Rocco incarcerato visitato da un angelo,Jacopo Tintoretto (maschio),1567,,Scuola Grande di San Rocco,Scuola Grande di San Rocco,san Rocco,,san Rocco,300.0,670.0
http://www.wikidata.org/entity/Q131675995,Sant'Orsola libera Pisa,,,,Museo nazionale di San Matteo,Museo nazionale di San Matteo,Sant'Orsola,,Sant'Orsola,,
http://www.wikidata.org/entity/Q131676028,"Dispensa con botte, selvaggina, carni e vasellame",Jacopo Chimenti (maschio),1624,natura morta,Galleria delle pitture e delle statue degli Uffizi,Palazzo degli Uffizi,natura morta,,natura morta,,
http://www.wikidata.org/entity/Q131676029,"Dispensa con testa e piede di porco, testa di vitello e selvaggina",Jacopo Chimenti (maschio),1621,natura morta,Galleria delle pitture e delle statue degli Uffizi,Palazzo degli Uffizi,natura morta,,natura morta,,
http://www.wikidata.org/entity/Q131675993,San Sebastiano curato da Santa Irene,Guercino (maschio),,,Pinacoteca Nazionale di Bologna,Pinacoteca Nazionale di Bologna,san Sebastiano; Irene di Roma,,san Sebastiano,,
http://www.wikidata.org/entity/Q131675998,Scene dal Libro di Ester,Jacopo del Sellaio (maschio),,,Galleria delle pitture e delle statue degli Uffizi,Palazzo degli Uffizi,Libro di Ester,,Libro di Ester,,
http://www.wikidata.org/entity/Q131676039,"Storie di sant'Orsola, La navigazione verso Roma",Tommaso da Modena (maschio),,,Musei civici di Treviso,Musei civici di Treviso,Sant'Orsola,,Sant'Orsola,,
http://www.wikidata.org/entity/Q131676041,Studi per Il quarto stato,Giuseppe Pellizza da Volpedo (maschio),,,Galleria d'arte moderna di Milano,Galleria d'arte moderna di Milano,Il quarto stato,,Il quarto stato,,
http://www.wikidata.org/entity/Q131690473,Dossale da Santa Maria a Crevole,Guido da Siena (maschio),,,Pinacoteca nazionale di Siena,Pinacoteca nazionale di Siena,,,,,
http://www.wikidata.org/entity/Q131690475,Madonna di Empoli con angeli,Filippo Lippi (maschio),,,Pinacoteca Museo della Collegiata di Sant'Andrea,Pinacoteca Museo della Collegiata di Sant'Andrea,Maria; angelo,,Maria,,
http://www.wikidata.org/entity/Q131690478,Madonna in trono col Bambino tra i Santi Francesco e Zanobi e i committenti,Raffaellino del Garbo (maschio),,,Museo del Cenacolo di Andrea del Sarto,Museo del Cenacolo di Andrea del Sarto,Zanobi vescovo; Francesco d'Assisi; commissario; Madonna col Bambino,,Madonna col Bambino,,
http://www.wikidata.org/entity/Q131690495,Madonna in trono col Bambino tra i Santi Lorenzo e Orsola e il senatore Lorenzo Pasqualigo,Bernardino Licinio (maschio),,,chiesa di San Pietro martire,chiesa di San Pietro martire,San Lorenzo; Sant'Orsola; Sacra conversazione; Lorenzo Pasqualigo; Madonna col Bambino,,Madonna col Bambino,,
http://www.wikidata.org/entity/Q131690498,Madonna adorante il Gesù Bambino,Francesco Benaglio (maschio),,,Museo Correr,Museo Correr,nascita di Gesù,,nascita di Gesù,,
http://www.wikidata.org/entity/Q131690497,Madonna che allatta il Bambino (da Madonna Litta),Bernardino de Conti (maschio),,arte religiosa,Museo Poldi Pezzoli,Museo Poldi Pezzoli,Madonna del Latte,,Madonna del Latte,,
http://www.wikidata.org/entity/Q131690502,Madonna col Bambino in trono con il committente,Pier Maria Pennacchi (maschio),,,Galleria Giorgio Franchetti alla Ca' d'Oro,Galleria Giorgio Franchetti alla Ca' d'Oro,commissario; Madonna col Bambino,,Madonna col Bambino,,
http://www.wikidata.org/entity/Q131690501,Madonna col Bambino in trono con angeli e santi,Carlo Maratta (maschio),,,chiesa di Santa Maria in Vallicella,chiesa di Santa Maria in Vallicella,angelo; Sacra conversazione; santo cristiano; Madonna col Bambino,,Madonna col Bambino,,
http://www.wikidata.org/entity/Q131690499,Madonna col Bambino,Ambrogio Lorenzetti (maschio),,arte religiosa,Palazzo Pubblico,Palazzo Pubblico,Madonna col Bambino,,Madonna col Bambino,,
http://www.wikidata.org/entity/Q131675942,Crocefissione,Mariotto Albertinelli (maschio),,arte religiosa,Pinacoteca della Certosa di Firenze,Pinacoteca della Certosa di Firenze,crocifissione di Gesù,,crocifissione di Gesù,,
http://www.wikidata.org/entity/Q131675943,Crocefissione,Maestro della Virgo inter Virgines (maschio),,arte religiosa,Galleria delle pitture e delle statue degli Uffizi,Palazzo degli Uffizi,crocifissione di Gesù,,crocifissione di Gesù,,
http://www.wikidata.org/entity/Q131675940,Crocefissione,Poppi (maschio),,arte religiosa,Museo del Cenacolo di Andrea del Sarto,Museo del Cenacolo di Andrea del Sarto,crocifissione di Gesù,,crocifissione di Gesù,,
http://www.wikidata.org/entity/Q131675941,Crocefissione,Donato Montorfano (maschio),,arte religiosa,Museo del Cenacolo Vinciano,Museo del Cenacolo Vinciano,crocifissione di Gesù,,crocifissione di Gesù,,
http://www.wikidata.org/entity/Q131675944,Crocefissione,Michele Giambono (maschio),,arte religiosa,Pinacoteca Querini Stampalia,Pinacoteca Querini Stampalia,crocifissione di Gesù,,crocifissione di Gesù,,
http://www.wikidata.org/entity/Q131675945,Crocefissione,Neri di Bicci (maschio),,arte religiosa,Museo della Collegiata,Museo della Collegiata,crocifissione di Gesù,,crocifissione di Gesù,,
http://www.wikidata.org/entity/Q131676058,Il ritorno del Figliol prodigo,Lucio Massari (maschio),,arte religiosa,Pinacoteca Nazionale di Bologna,Pinacoteca Nazionale di Bologna,Ritorno del Figliol Prodigo,,Ritorno del Figliol Prodigo,,
http://www.wikidata.org/entity/Q131690496,Madonna che allatta il Bambino,Dieric Bouts (maschio),,,Museo Correr,Museo Correr,Madonna del Latte,,Madonna del Latte,,
http://www.wikidata.org/entity/Q131690563,Madonna col Bambino e santi,Guido da Siena (maschio),,arte religiosa,Pinacoteca nazionale di Siena,Pinacoteca nazionale di Siena,Sacra conversazione; Madonna col Bambino,,Madonna col Bambino,,
http://www.wikidata.org/entity/Q131690579,Madonna dell'Umiltà,Giorgio di Andrea di Bartolo (maschio),,arte religiosa,Pinacoteca comunale di Città di Castello,Pinacoteca comunale di Città di Castello,Maria,,Maria,,
http://www.wikidata.org/entity/Q131690556,Madonna e santi,Fra Bartolomeo (maschio),,,basilica di San Marco,basilica di San Marco,Sacra conversazione,,Sacra conversazione,,
http://www.wikidata.org/entity/Q131690538,Madonna e Bambino con santi,Agnolo Gaddi (maschio),,arte religiosa,Pinacoteca Museo della Collegiata di Sant'Andrea,Pinacoteca Museo della Collegiata di Sant'Andrea,Sacra conversazione; Madonna col Bambino,,Madonna col Bambino,,
http://www.wikidata.org/entity/Q131690539,Madonna e Bambino con santi,Domenico di Michelino (maschio),,arte religiosa,Museo diocesano d'arte sacra (Volterra),Museo diocesano d'arte sacra (Volterra),Sacra conversazione; Madonna col Bambino,,Madonna col Bambino,,
http://www.wikidata.org/entity/Q131690542,Madonna e Bambino con santi,Giovanni Bizzelli (maschio),,arte religiosa,Museo del Cenacolo di Andrea del Sarto,Museo del Cenacolo di Andrea del Sarto,Sacra conversazione; Madonna col Bambino,,Madonna col Bambino,,
http://www.wikidata.org/entity/Q131690543,Madonna e Bambino con santi,Rossello di Jacopo Franchi (maschio),,arte religiosa,Pinacoteca Museo della Collegiata di Sant'Andrea,Pinacoteca Museo della Collegiata di Sant'Andrea,Sacra conversazione; Madonna col Bambino,,Madonna col Bambino,,
http://www.wikidata.org/entity/Q131690540,Madonna e Bambino con santi,Domenico di Michelino (maschio),,arte religiosa,,,Sacra conversazione; Madonna col Bambino,,Madonna col Bambino,,
http://www.wikidata.org/entity/Q131690552,Madonna e Bambino con santi,Agnolo Gaddi (maschio),,arte religiosa,Galleria delle pitture e delle statue degli Uffizi,Palazzo degli Uffizi; Collezione Contini Bonacossi,Sacra conversazione; Madonna col Bambino,,Madonna col Bambino,,
http://www.wikidata.org/entity/Q131690503,Madonna col Bambino in trono con santi,Annibale Carracci (maschio),,arte religiosa,Pinacoteca Nazionale di Bologna,Pinacoteca Nazionale di Bologna,Sacra conversazione; Madonna col Bambino,,Madonna col Bambino,,
http://www.wikidata.org/entity/Q131690504,Madonna e Bambino tra San Gerolamo e Sant'Agostino,Leonardo Boldrini (maschio),,,Museo Correr,Museo Correr,Madonna col Bambino,,Madonna col Bambino,,
http://www.wikidata.org/entity/Q131690527,Madonna col Bambino in trono con i due committenti,Domenico Panetti (maschio),,,Museo della cattedrale,Museo della cattedrale,commissario; Madonna col Bambino,,Madonna col Bambino,,
http://www.wikidata.org/entity/Q131690525,Madonna col Bambino in trono tra San Paolo e San Giovanni il Evangelist,,,,Museo Correr,Museo Correr,Giovanni; Madonna col Bambino,,Madonna col Bambino,,
http://www.wikidata.org/entity/Q131690530,Madonna e Bambino in gloria con San Bruno,Guercino (maschio),,,Pinacoteca Nazionale di Bologna,Pinacoteca Nazionale di Bologna,Madonna col Bambino,,Madonna col Bambino,,
http://www.wikidata.org/entity/Q131690528,"Madonna col Bambino da San Donato, Prato",Agnolo Gaddi (maschio),,,Museo di Palazzo Pretorio,Museo di Palazzo Pretorio,Madonna col Bambino,,Madonna col Bambino,,
http://www.wikidata.org/entity/Q131690529,Madonna col Bambino in gloria con angeli,Ortolano (maschio),,,Pinacoteca Nazionale di Bologna,Pinacoteca Nazionale di Bologna,angelo; Madonna col Bambino,,Madonna col Bambino,,
http://www.wikidata.org/entity/Q131690535,Madonna col Bambino con Lazzaro e Lazzaro di Betania,Pier Francesco Sacchi (maschio),,,Museo diocesano (Genova),Museo diocesano (Genova),Madonna col Bambino,,Madonna col Bambino,,
http://www.wikidata.org/entity/Q131690532,Madonna e Bambino in gloria con santi Alò e Petronio,Giacomo Cavedone (maschio),,,Pinacoteca Nazionale di Bologna,Pinacoteca Nazionale di Bologna,Sacra conversazione; Madonna col Bambino; Alfonso Rodríguez; Petronio,,Madonna col Bambino,,
http://www.wikidata.org/entity/Q131690536,Madonna e Bambino con San Giovanni Nepomuceno,Sebastiano Conca (maschio),,,Galleria Borghese,Galleria Borghese,Maria; Giovanni Nepomuceno; Bambino Gesù,,Sacra conversazione,,
http://www.wikidata.org/entity/Q131690537,"Madonna e Bambino con santi Caterina, Francesco, Giovanni Battista e Nicola",Jacopo Palma il Vecchio (maschio),,,Pinacoteca Querini Stampalia,Pinacoteca Querini Stampalia,Sacra conversazione; Madonna col Bambino,,Madonna col Bambino,,
http://www.wikidata.org/entity/Q131690546,Madonna col Bambino con due angeli,,,arte religiosa,Museo diocesano (Genova),Museo diocesano (Genova),angelo; Madonna col Bambino,,Madonna col Bambino,,
http://www.wikidata.org/entity/Q131690550,"Madonna col Bambino, San Giovanni Battista e Sant'Anna",Giovanni Bellini (maschio),1500,arte religiosa,Galleria nazionale delle Marche,Galleria nazionale delle Marche,Maria; Giovanni Battista; Sant'Anna; Bambino Gesù; Sacra conversazione,pittura veneta,Sacra conversazione,70.0,90.0
http://www.wikidata.org/entity/Q131690551,Madonna e Bambino con santo Stefano,Michele Coltellini (maschio),,,Pinacoteca nazionale di Ferrara,Pinacoteca nazionale di Siena,Stefano; Madonna col Bambino,,Madonna col Bambino,,
http://www.wikidata.org/entity/Q131690548,Madonna e Bambino con quattro santi,Bartolomeo della Gatta (maschio),1486,arte religiosa,collegiata di San Giuliano,,Paolo di Tarso; Pietro; Michele; Sacra conversazione; Madonna col Bambino,,Madonna col Bambino,,
http://www.wikidata.org/entity/Q131690549,Madonna e Bambino con quattro santi,Matteo di Giovanni (maschio),,,Museo Civico Archeologico e d'Arte Sacra Palazzo Corboli,Museo Civico Archeologico e d'Arte Sacra Palazzo Corboli,Sacra conversazione; Madonna col Bambino,,Madonna col Bambino,,
http://www.wikidata.org/entity/Q131690555,Madonna e quattro santi,Luca Signorelli (maschio),,,duomo di Prato,duomo di Prato,Maria; Sacra conversazione,,Maria,,
http://www.wikidata.org/entity/Q131690553,Madonna e Bambino con l'San Giovannino,Jacopo del Sellaio (maschio),,arte religiosa,Palazzo Vecchio,Palazzo Vecchio,Madonna col Bambino; San Giovannino,,Madonna col Bambino,,
http://www.wikidata.org/entity/Q131690558,Madonna e tre santi,Segna di Bonaventura (maschio),,,Pinacoteca nazionale di Siena,Pinacoteca nazionale di Siena,Maria; Sacra conversazione,,Maria,,
http://www.wikidata.org/entity/Q131690562,Madonna col Bambino e i santi protettori di Cortona,Luca Signorelli (maschio),,,Museo dell'Accademia Etrusca e della città di Cortona,Museo dell'Accademia Etrusca e della città di Cortona,Sacra conversazione; Madonna col Bambino,,Madonna col Bambino,,
http://www.wikidata.org/entity/Q131690566,Madonna col bambino benedicente,Benozzo Gozzoli (maschio),,,basilica di Santa Maria sopra Minerva,basilica di Santa Maria sopra Minerva,Madonna col Bambino,,Madonna col Bambino,,
http://www.wikidata.org/entity/Q131690557,Replica a Fiesole dalla Madonna e santi da San Domenico di Fiesole,,,,convento di San Domenico,convento di San Domenico,Sacra conversazione,,Madonna col Bambino in trono tra i santi Giovanni Battista e Sebastiano,,
http://www.wikidata.org/entity/Q131690564,Madonna col Bambino in trono fra santi,Francesco Curradi (maschio),,,chiesa di San Lino,chiesa di San Lino,Sacra conversazione; Madonna col Bambino,,Madonna col Bambino,,
http://www.wikidata.org/entity/Q131690571,Madonna dei Cedri,Beato Angelico (maschio),,,Museo nazionale di San Matteo,Museo nazionale di San Matteo,Maria,,Maria,,
http://www.wikidata.org/entity/Q131690568,Madonna degli Aranci,Gaudenzio Ferrari (maschio),,arte religiosa,chiesa di San Cristoforo,chiesa di San Cristoforo,Maria,,Maria,,
http://www.wikidata.org/entity/Q131690574,Madonna del Parto,Nardo di Cione (maschio),,,Museo Bandini,Museo Bandini,Maria,,Maria,,
http://www.wikidata.org/entity/Q131690575,Madonna del Ricamo,Vitale da Bologna (maschio),,,Palazzo Fava,Palazzo Fava,Maria,,Maria,,
http://www.wikidata.org/entity/Q131690572,Madonna dei Mercanti,Barnaba da Modena (maschio),,,Museo nazionale di San Matteo,Museo nazionale di San Matteo,Maria,,Maria,,
http://www.wikidata.org/entity/Q131690573,Madonna del Libro,Pontormo (maschio),,arte religiosa,Accademia delle arti del disegno,Accademia delle arti del disegno,Maria; libro; Bambino Gesù; Madonna col Bambino,,Madonna col Bambino,,
http://www.wikidata.org/entity/Q131690578,Madonna del libro,Poppi (maschio),,,casa natale del Pontormo,casa natale del Pontormo,Maria,,Maria,,
http://www.wikidata.org/entity/Q131690513,''Madonna col Bambino benedicente'',Guercino (maschio),,arte religiosa,"Civica Pinacoteca ""il Guercino""","Civica Pinacoteca ""il Guercino""",Madonna col Bambino,,Madonna col Bambino,,
http://www.wikidata.org/entity/Q131690511,Madonna col Bambino,Giovanni Pagliarini (maschio),,arte religiosa,Museo dell'Ottocento (Ferrara),Museo dell'Ottocento (Ferrara),Madonna col Bambino,,Madonna col Bambino,,
http://www.wikidata.org/entity/Q131690509,Madonna col Bambino,Domenico Panetti (maschio),,arte religiosa,Galleria Estense,Galleria Estense,Madonna col Bambino,,Madonna col Bambino,,
http://www.wikidata.org/entity/Q131690516,Madonna col Bambino,Lorenzo Costa (maschio),,arte religiosa,Galleria di Palazzo Cini,Galleria di Palazzo Cini,Madonna col Bambino,,Madonna col Bambino,,
http://www.wikidata.org/entity/Q131690517,Madonna col Bambino,Luca Cambiaso (maschio),,arte religiosa,Palazzo Rosso,Musei di Strada Nuova,Madonna col Bambino,,Madonna col Bambino,,
http://www.wikidata.org/entity/Q131690522,Madonna col Bambino,Nicolò dell'Abate (maschio),,arte religiosa,Galleria Estense,Galleria Estense,Madonna col Bambino,,Madonna col Bambino,,
http://www.wikidata.org/entity/Q131690524,Madonna col Bambino,Stefano da Verona (maschio),,arte religiosa,Palazzo Colonna,Palazzo Colonna,Madonna col Bambino,,Madonna col Bambino,,
http://www.wikidata.org/entity/Q131690561,Madonna col Bambino,Nicolò Rondinelli (maschio),,arte religiosa,Accademia dei Concordi di Rovigo,Accademia dei Concordi di Rovigo,Madonna col Bambino,,Madonna col Bambino,,
http://www.wikidata.org/entity/Q131690560,Madonna col Bambino benedicente,,1600,arte religiosa,Pinacoteca Querini Stampalia,Pinacoteca Querini Stampalia,Maria; cielo; nuvola; Bambino Gesù; Madonna col Bambino; benedizione,,Madonna col Bambino,76.0,58.0
http://www.wikidata.org/entity/Q131422022,Adorazione dei magi,Domenico Robusti (maschio),,arte religiosa,chiesa di San Trovaso,chiesa di San Trovaso,Adorazione dei Magi,,Adorazione dei Magi,,
http://www.wikidata.org/entity/Q131351071,Ritratto del cardinale Pompeo Colonna,Iacopino del Conte (maschio),1532,ritratto,Palazzo Colonna,Palazzo Colonna,Pompeo Colonna,manierismo; pittura rinascimentale italiana,Pompeo Colonna,176.0,112.0
http://www.wikidata.org/entity/Q131325204,Il monaco Fercoldo,Filippo Balbi (maschio),1855,,Museo delle Terme di Diocleziano,Museo delle Terme di Diocleziano,monaco,,,,
http://www.wikidata.org/entity/Q131340770,Apollo e le Muse,Baldassarre Peruzzi (maschio),1518,pittura mitologica,Galleria Palatina,Galleria Palatina,Apollo; Muse,,,35.0,78.0
http://www.wikidata.org/entity/Q131349567,Santissima Trinità e santi,Giovanni Antonio Sogliani (maschio),1525,arte religiosa,Museo del Cenacolo di Andrea del Sarto,Museo del Cenacolo di Andrea del Sarto,Gesù; Giacomo il Maggiore; Trinità; Maria Maddalena; Caterina d'Alessandria; Dio Padre,,,,
http://www.wikidata.org/entity/Q131350054,Ritratto di Lorenzo Colonna,,1540,ritratto,Palazzo Colonna,Palazzo Colonna,"finestra; Colosseo; tenda; Colonna Traiana; Lorenzo Onofrio Colonna, conte dei Marsi",,"Lorenzo Onofrio Colonna, conte dei Marsi",114.0,89.5
http://www.wikidata.org/entity/Q131354901,Anna Maria Luisa de'Medici e l'Elettore Palatino,Jan Frans van Douven (maschio),1695,ritratto; ritratto doppio,Galleria Palatina,Galleria Palatina,Giovanni Guglielmo del Palatinato; Anna Maria Luisa de' Medici; violinista; ballet de cour; orchestrale,,,56.5,42.5
http://www.wikidata.org/entity/Q131356481,L’enigma di Omero,Bartolomeo Passarotti (maschio),1575,pittura mitologica,deposito del museo,Palazzo degli Uffizi,cane; violino; uomo; nudità; Omero; indovinello; Io; pescatore; barca da pesca; Pediculus humanus,manierismo; pittura bolognese,,120.0,144.0
http://www.wikidata.org/entity/Q131367847,Pala di Senigallia,Perugino (maschio),1497,arte religiosa,Santa Maria delle Grazie,,Maria; Paolo di Tarso; Pietro; Giovanni Battista; Ludovico di Tolosa; Giovanni; Francesco d'Assisi; Bambino Gesù,rinascimento italiano,Sacra conversazione,279.0,226.0
http://www.wikidata.org/entity/Q131395036,Ritratto di Francesco Maria II della Rovere duca d' Urbino,Federico Barocci (maschio),1572,ritratto,Palazzo degli Uffizi,Palazzo degli Uffizi,Francesco Maria II della Rovere,,Francesco Maria II della Rovere,,
http://www.wikidata.org/entity/Q131414433,Ritratto di Giustina Donà dalle Rose,Ludovico Gallina (maschio),,ritratto,Museo del settecento veneziano,Museo del settecento veneziano,Giustina Donà dalle Rose,,Giustina Donà dalle Rose,,
http://www.wikidata.org/entity/Q131421438,Ritratto di giovane uomo con lettera,Franciabigio (maschio),,ritratto,Galleria Giorgio Franchetti alla Ca' d'Oro,Galleria Giorgio Franchetti alla Ca' d'Oro,lettera; giovane uomo,,,,
http://www.wikidata.org/entity/Q131421570,Adorazione nella foresta,Pseudo-Pier Francesco Fiorentino (maschio),,,cappella dei Magi,Palazzo Medici Riccardi,nascita di Gesù,,nascita di Gesù,,
http://www.wikidata.org/entity/Q131421566,lunetta dell'Adorazione dei pastori,Matteo di Giovanni (maschio),,,convento presso la Basilica di San Domenico,convento presso la Basilica di San Domenico,Pietà,,Pietà,,
http://www.wikidata.org/entity/Q131421571,natività e Adorazione del Bambino,Bernardino Poccetti (maschio),1597,arte religiosa,Museo del Cenacolo di Andrea del Sarto,Museo del Cenacolo di Andrea del Sarto,nascita di Gesù,,nascita di Gesù,,
http://www.wikidata.org/entity/Q131421567,predella dell'Adorazione dei pastori,Bernardino Fungai (maschio),,,convento presso la Basilica di San Domenico,convento presso la Basilica di San Domenico,adorazione dei pastori,,adorazione dei pastori,,
http://www.wikidata.org/entity/Q131422002,Adorazione del Crocifisso da parte dei santi Domenicani,Jacopo Palma il Giovane (maschio),,,sacrestia della basilica dei Santi Giovanni e Paolo,sacrestia della basilica dei Santi Giovanni e Paolo,crocifisso; Ordine dei Frati Predicatori; adorazione; santo cristiano,,adorazione,,
http://www.wikidata.org/entity/Q131422011,Adorazione dei Magi con i santi Bernardo e Alderico nel paesaggio,Ludovico Mazzolino (maschio),,,Fondazione Magnani-Rocca,Fondazione Magnani-Rocca,Bernardo di Chiaravalle; Adorazione dei Magi; Aldrico di Le Mans,,Adorazione dei Magi,,
http://www.wikidata.org/entity/Q131422013,Adorazione dei pastori tra i santi Galgano e Agostino,Pietro di Giovanni d'Ambrogio (maschio),,,Museo Civico Archeologico e d'Arte Sacra Palazzo Corboli,Museo Civico Archeologico e d'Arte Sacra Palazzo Corboli,Agostino d'Ippona; San Galgano; adorazione dei pastori,,adorazione dei pastori,,
http://www.wikidata.org/entity/Q131422020,Adorazione dei Tre Re,Girolamo Macchietti (maschio),,,basilica di San Lorenzo,basilica di San Lorenzo,Adorazione dei Magi,,Adorazione dei Magi,,
http://www.wikidata.org/entity/Q131422010,predella dell'Adorazione dei Magi nello Spedale degli Innocenti,Bartolomeo di Giovanni (maschio),1488,,Spedale degli Innocenti,Spedale degli Innocenti,Adorazione dei Magi,,Adorazione dei Magi,,
http://www.wikidata.org/entity/Q131414320,Adorazione dei Magi,Francesco Brina (maschio),,arte religiosa,Museo del Cenacolo di Andrea del Sarto,Museo del Cenacolo di Andrea del Sarto,Adorazione dei Magi,,Adorazione dei Magi,,
http://www.wikidata.org/entity/Q131414321,Adorazione dei Magi,Giovanni Battista Perolli (maschio),,arte religiosa,Museo diocesano (Genova),Museo diocesano (Genova),Adorazione dei Magi,,Adorazione dei Magi,,
http://www.wikidata.org/entity/Q131422003,Adorazione dei Magi,Benvenuto Tisi da Garofalo (maschio),,arte religiosa,Pinacoteca nazionale di Ferrara,Pinacoteca nazionale di Ferrara,Adorazione dei Magi,,Adorazione dei Magi,,
http://www.wikidata.org/entity/Q131422007,Adorazione dei Magi,Ortolano (maschio),,arte religiosa,Fondazione Magnani-Rocca,Fondazione Magnani-Rocca,Adorazione dei Magi,,Adorazione dei Magi,,
http://www.wikidata.org/entity/Q131422004,Adorazione dei Magi,Cesare Nebbia (maschio),,arte religiosa,chiesa di Santa Maria in Vallicella,chiesa di Santa Maria in Vallicella,Adorazione dei Magi,,Adorazione dei Magi,,
http://www.wikidata.org/entity/Q131422008,Adorazione dei Magi,Prospero Fontana (maschio),,arte religiosa,Pinacoteca Nazionale di Bologna,Pinacoteca Nazionale di Bologna,Adorazione dei Magi,,Adorazione dei Magi,,
http://www.wikidata.org/entity/Q131422009,Adorazione dei Magi,Jacopo Tintoretto (maschio),,arte religiosa,Scuola Grande di San Rocco,Scuola Grande di San Rocco,Adorazione dei Magi,,Adorazione dei Magi,,
http://www.wikidata.org/entity/Q131421565,Adorazione dei pastori,Durante Alberti (maschio),,arte religiosa,chiesa di Santa Maria in Vallicella,chiesa di Santa Maria in Vallicella,adorazione dei pastori,,adorazione dei pastori,,
http://www.wikidata.org/entity/Q131422014,Adorazione dei pastori,Camillo Procaccini (maschio),,arte religiosa,Pinacoteca Nazionale di Bologna,Pinacoteca Nazionale di Bologna,adorazione dei pastori,,adorazione dei pastori,,
http://www.wikidata.org/entity/Q131422015,Adorazione dei pastori,Dono Doni (maschio),,arte religiosa,Museo della città di Bettona,Museo della città di Bettona,adorazione dei pastori,,adorazione dei pastori,,
http://www.wikidata.org/entity/Q131422012,Adorazione dei pastori,,,arte religiosa,chiesa di Santa Croce al Pino,chiesa di Santa Croce al Pino,adorazione dei pastori,,adorazione dei pastori,,
http://www.wikidata.org/entity/Q131422018,Adorazione dei pastori,Ludovico Mazzolino (maschio),,arte religiosa,Pinacoteca Nazionale di Bologna,Pinacoteca Nazionale di Bologna,adorazione dei pastori,,adorazione dei pastori,,
http://www.wikidata.org/entity/Q131422019,Adorazione dei pastori,Sebastiano Vini (maschio),,arte religiosa,ex chiesa di San Giovanni Battista,ex chiesa di San Giovanni Battista,adorazione dei pastori,,adorazione dei pastori,,
http://www.wikidata.org/entity/Q131422016,Adorazione dei pastori,Giovanni Battista Ramenghi (maschio),,arte religiosa,"Civica Pinacoteca ""il Guercino""","Civica Pinacoteca ""il Guercino""",adorazione dei pastori,,adorazione dei pastori,,
http://www.wikidata.org/entity/Q131422017,Adorazione dei pastori,Lavinia Fontana (femmina),,arte religiosa,Museo di San Domenico,Museo di San Domenico,adorazione dei pastori,,adorazione dei pastori,,
http://www.wikidata.org/entity/Q131422021,Adorazione dei pastori,Francesco Salviati (maschio),,arte religiosa,Galleria delle pitture e delle statue degli Uffizi,Palazzo degli Uffizi,adorazione dei pastori,,adorazione dei pastori,,
http://www.wikidata.org/entity/Q131414326,Annunciazione,Jacopo Chimenti (maschio),1603,arte religiosa,basilica di Santa Trinita,basilica di Santa Trinita,Annunciazione,,Annunciazione,,
http://www.wikidata.org/entity/Q131362573,Natività,Benvenuto Tisi da Garofalo (maschio),,arte religiosa,Pinacoteca nazionale di Ferrara,Pinacoteca nazionale di Ferrara,,,,,
http://www.wikidata.org/entity/Q131557338,Flagellazione di Cristo,Guido Reni (maschio),,arte religiosa,Pinacoteca Nazionale di Bologna,Pinacoteca nazionale di Ferrara,flagellazione di Gesù,,flagellazione di Gesù,,
http://www.wikidata.org/entity/Q131546582,Il doge Pasquale Cicogna supplica il Cristo,Jacopo Palma il Giovane (maschio),,,Palazzo Ducale,Palazzo Ducale,Gesù; Pasquale Cicogna,,Pasquale Cicogna,,
http://www.wikidata.org/entity/Q131546603,Il Redentore benedicente,Beato Angelico (maschio),,,,,Cristo benedicente,,Cristo benedicente,,
http://www.wikidata.org/entity/Q131546599,Ritratto del doge veneziano Francesco Foscari,Lazzaro Bastiani (maschio),,ritratto,Museo Correr,Museo Correr,Francesco Foscari,,Francesco Foscari,,
http://www.wikidata.org/entity/Q131546602,Ritratto del doge Leonardo Loredan,Vittore Carpaccio (maschio),1502,ritratto,deposito del museo,Accademia Carrara; Collezione Lochis,Leonardo Loredan,pittura veneta; Alto Rinascimento,Leonardo Loredan,67.7,50.6
http://www.wikidata.org/entity/Q131557340,Francesco I delle due Sicilie e la sua famiglia (serie),Giuseppe Cammarano (maschio),,,reggia di Caserta,reggia di Caserta,Francesco I delle Due Sicilie,,Francesco I delle Due Sicilie,,
http://www.wikidata.org/entity/Q131557341,Francesco di Assisi in adorazione del Crocifisso,Bernardo Strozzi (maschio),,,Palazzo Rosso,Musei di Strada Nuova,Francesco d'Assisi,,,,
http://www.wikidata.org/entity/Q131501691,Madonna del Rosario,Giovanni Battista Salvi (maschio),,arte religiosa,basilica di Santa Sabina,basilica di Santa Sabina,Maria,,,,
http://www.wikidata.org/entity/Q131501711,Sposalizio della Vergine,Rosso Fiorentino (maschio),,arte religiosa,basilica di San Lorenzo,basilica di San Lorenzo,sposalizio della Vergine,,sposalizio della Vergine,,
http://www.wikidata.org/entity/Q131501775,Presentazione della Vergine al Tempio,Daniele da Volterra (maschio),,,chiesa della Trinità dei Monti,chiesa della Trinità dei Monti,Presentazione di Maria,,,,
http://www.wikidata.org/entity/Q131501773,Presentazione della Vergine Maria,Giovanni Andrea Sirani (maschio),,,Pinacoteca Nazionale di Bologna,Pinacoteca Nazionale di Bologna,Presentazione di Maria,,,,
http://www.wikidata.org/entity/Q131501690,Madonna e santi,Niccolò Circignani (maschio),,,,,Sacra conversazione,,,,
http://www.wikidata.org/entity/Q131501826,L'Assunzione della Vergine,Jacopo Tintoretto (maschio),,arte religiosa,Scuola Grande di San Rocco,Scuola Grande di San Rocco,assunzione di Maria nell'arte,,Assunzione di Maria,,
http://www.wikidata.org/entity/Q131542615,San Martino e il povero,Giuseppe Montanari (maschio),1956,,Galleria all'aperto dell'affresco di Arcumeggia,Galleria all'aperto dell'affresco di Arcumeggia,San Martino divide il mantello col povero,,,,
http://www.wikidata.org/entity/Q131501830,Polittico della Trinità,,,,Museo diocesano (Genova),Museo diocesano (Genova),Trinità,,,,
http://www.wikidata.org/entity/Q131501671,Quattro santi dal Polittico Quaratesi,Gentile da Fabriano (maschio),,,Galleria delle pitture e delle statue degli Uffizi,Palazzo degli Uffizi,santo cristiano,,,,
http://www.wikidata.org/entity/Q131501678,"Incoronazione della Vergine con i Santi Giovanni Evangelista, Giovanni Battista, Bernardo e Caterina d'Alessandria",Guido Reni (maschio),,,Pinacoteca Nazionale di Bologna,Pinacoteca nazionale di Ferrara,Giovanni Battista; Bernardo di Chiaravalle; Caterina d'Alessandria; Giovanni; Incoronazione della Vergine,,,,
http://www.wikidata.org/entity/Q131501672,Polittico Galatina,Bartolomeo Vivarini (maschio); Antonio Vivarini (maschio),,,Museo archeologico provinciale Sigismondo Castromediano,Museo archeologico provinciale Sigismondo Castromediano,Sacra conversazione,,,,
http://www.wikidata.org/entity/Q131501712,Testa di Medusa,,,,Palazzo degli Uffizi,Palazzo degli Uffizi,Medusa,,,,
http://www.wikidata.org/entity/Q131501724,Polittico Tolomei,Gregorio di Cecco (maschio),,,Museo dell'Opera del Duomo,Museo dell'Opera del Duomo,Sacra conversazione,,,,
http://www.wikidata.org/entity/Q131501744,Polittico dell'Arte della Lana,Sassetta (maschio),,,Pinacoteca nazionale di Siena,Pinacoteca nazionale di Siena,,,,,
http://www.wikidata.org/entity/Q131501750,Polittico di Corridonia (di Antonio Vivarini),Antonio Vivarini (maschio),,,Museo parrocchiale di Corridonia,Museo parrocchiale di Corridonia,,,,,
http://www.wikidata.org/entity/Q131501755,Polittico di San Giusto,Pietro Lorenzetti (maschio),,,Pinacoteca nazionale di Siena,Pinacoteca nazionale di Siena,,,,,
http://www.wikidata.org/entity/Q131501753,Polittico di San Bartolomeo,Barnaba da Modena (maschio),,,Museo diocesano (Genova),Museo diocesano (Genova),Bartolomeo,,,,
http://www.wikidata.org/entity/Q131501759,Polittico dalla Chiesa di Sant'Alberto,,,,Museo diocesano (Genova),Museo diocesano (Genova),Sacra conversazione,,,,
http://www.wikidata.org/entity/Q131501756,Polittico per la Cattedrale di Pisa,Lippo Memmi (maschio),,,Museo nazionale di San Matteo,Museo nazionale di San Matteo,Sacra conversazione,,,,
http://www.wikidata.org/entity/Q131501763,Polittico di San Domenico,Francesco Traini (maschio),,,Museo nazionale di San Matteo,Museo nazionale di San Matteo,Sacra conversazione,,,,
http://www.wikidata.org/entity/Q131501770,Polittico di Prato,Giovanni da Milano (maschio),,,Museo di Palazzo Pretorio,Museo di Palazzo Pretorio,Sacra conversazione,,,,
http://www.wikidata.org/entity/Q131501784,Polittico di San Bartolomeo,Andrea di Giusto (maschio),,,Museo di Palazzo Pretorio,Museo di Palazzo Pretorio,Sacra conversazione,,,,
http://www.wikidata.org/entity/Q131501788,Polittico di San Matteo,Pietro di Miniato (maschio),,,Museo di Palazzo Pretorio,Museo di Palazzo Pretorio,Sacra conversazione,,,,
http://www.wikidata.org/entity/Q131501793,Polittico di San Severino dell'Alunno,Nicolò Alunno (maschio),,,Pinacoteca civica Tacchi-Venturi,Pinacoteca civica Tacchi-Venturi,Sacra conversazione,,,,
http://www.wikidata.org/entity/Q131501797,Polittico di San Severino di Vittore Crivelli,Vittore Crivelli (maschio),,,Pinacoteca civica Tacchi-Venturi,Pinacoteca civica Tacchi-Venturi,Sacra conversazione,,,,
http://www.wikidata.org/entity/Q131501800,La Vergine adorata dai membri della famiglia Cavalli,Altichiero (maschio),,,chiesa di Sant'Anastasia,chiesa di Sant'Anastasia,Maria,,,,
http://www.wikidata.org/entity/Q131501801,Polittico di Santa Croce e predella,Giovanni del Biondo (maschio); Niccolò di Pietro Gerini (maschio),,,basilica di Santa Croce,basilica di Santa Croce,Sacra conversazione,,,,
http://www.wikidata.org/entity/Q131501811,Scomparti del polittico di Santa Cecilia a Crevole,Pietro Lorenzetti (maschio),,,Pinacoteca nazionale di Siena,Pinacoteca nazionale di Siena,,,,,
http://www.wikidata.org/entity/Q131501818,Polittico di San Giovanni evangelista,Lorenzo Veneziano (maschio),,,Museo archeologico provinciale Sigismondo Castromediano,Museo archeologico provinciale Sigismondo Castromediano,Giovanni,,,,
http://www.wikidata.org/entity/Q131501816,Polittico Serristori di Mariotto di Nardo,Mariotto di Nardo (maschio),,,Museo di Palazzo Pretorio,Museo di Palazzo Pretorio,Sacra conversazione,,,,
http://www.wikidata.org/entity/Q131501821,Storie della Vergine da Sant'Egidio,Piero della Francesca (maschio); Domenico Veneziano (maschio); Alesso Baldovinetti (maschio); Andrea del Castagno (maschio); Andrea di Giusto (maschio),,,Museo del Cenacolo di Sant'Apollonia,Museo del Cenacolo di Sant'Apollonia,,,,,
http://www.wikidata.org/entity/Q131501847,"Madonna con Bambino e i santi Michele, Giuseppe, Gioacchino e Anna",Benvenuto Tisi da Garofalo (maschio),1524,arte religiosa,Galleria Borghese,Galleria Borghese,Maria; Michele; San Giuseppe; Sant'Anna; Gioacchino; Sacra conversazione; Bambino Gesù,,Sacra conversazione,62.0,82.0
http://www.wikidata.org/entity/Q131501842,Vergine e Bambino,Michele Giambono (maschio),,arte religiosa,Museo Correr,Museo Correr,Madonna col Bambino,,,,
http://www.wikidata.org/entity/Q131501852,"Madonna della Misericordia, i santi Giovanni Battista e Giovanni Evangelista, Annunciazione",Jacobello del Fiore (maschio),1415,arte religiosa,Sala I,Gallerie dell'Accademia,Maria; Giovanni Battista; Gabriele; Annunciazione; Madonna della Misericordia; Giovanni; Bambino Gesù,,,86.0,113.0
http://www.wikidata.org/entity/Q131501859,Polittico Visso,Paolo da Visso (maschio),,,Museo civico diocesano di Visso,Museo civico diocesano di Visso,Sacra conversazione,,,,
http://www.wikidata.org/entity/Q131542580,Cosimo I de' Medici associa al governo il figlio Francesco,Volterrano (maschio),,,Villa La Petraia,Villa La Petraia,Cosimo I de' Medici; Francesco I de' Medici,,,,
http://www.wikidata.org/entity/Q131542581,Coperta del ritratto di donna detto la monaca,Ridolfo del Ghirlandaio (maschio),,,Galleria delle pitture e delle statue degli Uffizi,Palazzo degli Uffizi,,,,,
http://www.wikidata.org/entity/Q131542585,Bacco ebbro,Peter Paul Rubens (maschio),,,Galleria delle pitture e delle statue degli Uffizi,Palazzo degli Uffizi,Bacco,,,,
http://www.wikidata.org/entity/Q131542595,Fiasca con fiori,,,,Pinacoteca civica di Forlì,Pinacoteca civica di Forlì,fiore; fiasca,,,,
http://www.wikidata.org/entity/Q131542596,"Gabella 16, allegoria del comune di Siena, 1344, secondo semestre",Ambrogio Lorenzetti (maschio),,,Archivio di Stato di Siena,Archivio di Stato di Siena,,,,,
http://www.wikidata.org/entity/Q131542607,Crocifisso dipinto,Maestro dei Crocifissi francescani (maschio); Jacopo di Paolo (maschio),,,,,crocifisso,,,,
http://www.wikidata.org/entity/Q131542614,Crocefissione di San Girolamo delle Poverine,Perugino (maschio),,arte religiosa,Cenacolo di Fuligno,Cenacolo di Fuligno,crocifissione di Gesù,,,,
http://www.wikidata.org/entity/Q131542610,San Domenico e e i suoi confratelli nutriti dagli angeli,Giovanni Antonio Sogliani (maschio),,,Museo di San Marco,Museo di San Marco,crocifissione di Gesù,,,,
http://www.wikidata.org/entity/Q131542609,Ritratto del cardinale Bartolomeo Roverella,Giovanni Battista Pittoni (maschio),,ritratto,Accademia dei Concordi di Rovigo,Accademia dei Concordi di Rovigo,Bartolomeo Roverella,,Bartolomeo Roverella,,
http://www.wikidata.org/entity/Q131542611,Visione di San Domenico,Bernardo Strozzi (maschio),1620,,Accademia ligustica di belle arti,Accademia ligustica di belle arti,Domenico di Guzmán,,,,
http://www.wikidata.org/entity/Q131501796,Polittico di San Severino,Giovannino Veneziano (maschio); Paolo Veneziano (maschio),,,Pinacoteca civica Tacchi-Venturi,Pinacoteca civica Tacchi-Venturi,Sacra conversazione,,,,
http://www.wikidata.org/entity/Q131501791,San Rocco,Giuseppe Angeli (maschio),,arte religiosa,Ca' Rezzonico,Ca' Rezzonico,san Rocco,,san Rocco,,
http://www.wikidata.org/entity/Q131501683,Giuditta e Oloferne,Peter Paul Rubens (maschio),,,Galleria delle pitture e delle statue degli Uffizi,Palazzo degli Uffizi,Giuditta e Oloferne,,,,
http://www.wikidata.org/entity/Q131501805,Assunzione della Vergine,Gaudenzio Ferrari (maschio),,arte religiosa,santuario della Beata Vergine dei Miracoli,santuario della Beata Vergine dei Miracoli,assunzione di Maria nell'arte,,,,
http://www.wikidata.org/entity/Q131557871,Storie di San Pietro,Giovanni dal Ponte (maschio),,,Galleria delle pitture e delle statue degli Uffizi,Palazzo degli Uffizi,Pietro,,Pietro,,
http://www.wikidata.org/entity/Q131557374,Madonna e Bambino con santi,Pier Francesco Fiorentino (maschio),,arte religiosa,Pinacoteca Museo della Collegiata di Sant'Andrea,Pinacoteca Museo della Collegiata di Sant'Andrea,Madonna col Bambino,,,,
http://www.wikidata.org/entity/Q131557373,Madonna e Bambino con santi,Niccolò di Pietro Gerini (maschio),,arte religiosa,Pinacoteca Museo della Collegiata di Sant'Andrea,Pinacoteca Museo della Collegiata di Sant'Andrea,Madonna col Bambino,,,,
http://www.wikidata.org/entity/Q131557376,Maestà dei Servi di Orvieto,Coppo di Marcovaldo (maschio),,,Museo dell'Opera del Duomo,Museo dell'Opera del Duomo,Madonna col Bambino,,,,
http://www.wikidata.org/entity/Q131557464,La riconciliazione di Marco Aemilio Lepido e Quinto Fulvio Flacco,Domenico Beccafumi (maschio),,,Palazzo Pubblico,Palazzo Pubblico,Marco Emilio Lepido; Quinto Fulvio Flacco,,,,
http://www.wikidata.org/entity/Q131557436,Sposalizio di Cecilia e Valeriano,Francesco Francia (maschio),,,oratorio dei Santi Cecilia e Valeriano,oratorio dei Santi Cecilia e Valeriano,Santa Cecilia; Valeriano da Roma,,,,
http://www.wikidata.org/entity/Q131557458,Scene mitologiche e bibliche,Giovanni da San Giovanni (maschio),,,Palazzo degli Uffizi,Palazzo degli Uffizi,storia biblica; pittura mitologica,,,,
http://www.wikidata.org/entity/Q131557484,Santo Stefano parte per la sua missione in Cilicia,Filippo Lippi (maschio),,,duomo di Prato,duomo di Prato,Stefano,,,,
http://www.wikidata.org/entity/Q131557664,Spurio Cassio Vecellino,Domenico Beccafumi (maschio),,,Palazzo Pubblico,Palazzo Pubblico,Spurio Cassio Vecellino,,,,
http://www.wikidata.org/entity/Q131557902,Affreschi dal viridarium L della Villa della Farnesina,,,,Museo nazionale romano di palazzo Massimo,Museo nazionale romano di palazzo Massimo,,,,,
http://www.wikidata.org/entity/Q131557866,La partenza da Roma (Storie di sant'Orsola),Tommaso da Modena (maschio),,,Musei civici di Treviso,Musei civici di Treviso,Sant'Orsola,,,,
http://www.wikidata.org/entity/Q131557854,Ritratto di dispensiere domenicano,,,ritratto,Pinacoteca civica,Pinacoteca civica,frate domenicano; dispensiere,,dispensiere,,
http://www.wikidata.org/entity/Q131557880,La visione di San Pietro,Jacopo Tintoretto (maschio),,,chiesa della Madonna dell'Orto,chiesa della Madonna dell'Orto,visione di Pietro di un lenzuolo con animali,,visione di Pietro di un lenzuolo con animali,,
http://www.wikidata.org/entity/Q131557868,Storie di San Giovanni Battista (da Andrea del Sarto),Giovanni Battista Naldini (maschio),,,Museo del Cenacolo di Andrea del Sarto,Museo del Cenacolo di Andrea del Sarto,Giovanni Battista,,,,
http://www.wikidata.org/entity/Q131559187,"Ingresso a Parigi di Francesco I di Francia, dell'imperatore Carlo V e del cardinale Alessandro Farnese",Taddeo Zuccari (maschio),,,Palazzo Farnese,Palazzo Farnese,Carlo V d'Asburgo; Francesco I di Francia; Alessandro Farnese il Giovane,,Francesco I di Francia,,
http://www.wikidata.org/entity/Q131559182,Paesaggio con monaci e viandanti,Marco Ricci (maschio),,,Ca' Rezzonico,Ca' Rezzonico,paesaggio,,paesaggio,,
http://www.wikidata.org/entity/Q131559178,Ritratto di Gerolamo Maria Balbi,Marianna Carlevarijs (femmina),,ritratto,Ca' Rezzonico,Ca' Rezzonico,Gerolamo Maria Balbi,,Gerolamo Maria Balbi,,
http://www.wikidata.org/entity/Q131559177,Ritratto di Caterina Balbi,Marianna Carlevarijs (femmina),,ritratto,Ca' Rezzonico,Ca' Rezzonico,Caterina Balbi,,Caterina Balbi,,
http://www.wikidata.org/entity/Q131559183,Ritratto di gentildonna con il figlio,Bernardino Licinio (maschio),1600,ritratto,Ca' Rezzonico,Ca' Rezzonico,nobile,,nobile,,
http://www.wikidata.org/entity/Q131559184,Ritratto di gentiluomo in rosso,Rosalba Carriera (femmina),1740,ritratto,Ca' Rezzonico,Ca' Rezzonico,gentiluomo,,gentiluomo,,
http://www.wikidata.org/entity/Q131559202,Ritratto del cardinale Giovanni Maria Riminaldi,Anton von Maron (maschio),,ritratto,Palazzo Schifanoia,Palazzo Schifanoia,Giovanni Maria Riminaldi,,Giovanni Maria Riminaldi,,
http://www.wikidata.org/entity/Q131559216,Studiolo del Cardinale,Jacopo Zucchi (maschio),,,Villa Medici,Villa Medici,grottesca,,,,
http://www.wikidata.org/entity/Q131561170,"La famiglia di Pietro Leopoldo, granduca di Toscana",William Berczy (maschio),1781,ritratto; ritratto di gruppo,Galleria d'arte moderna di Firenze,Galleria d'arte moderna di Firenze,Carlo d'Asburgo-Teschen; Leopoldo II d'Asburgo-Lorena; Maria Luisa di Borbone-Spagna; Alessandro Leopoldo d'Asburgo-Lorena; duca di Teschen,,,,
http://www.wikidata.org/entity/Q131561164,"Sacra Famiglia con i Santi Antonio abate, Caterina e Giovannino",Paolo Veronese (maschio),,,chiesa di San Francesco della Vigna,chiesa di San Francesco della Vigna,Caterina d'Alessandria; Antonio abate; Sacra Famiglia; San Giovannino,,,,
http://www.wikidata.org/entity/Q131559181,Minerva,Gianantonio Guardi (maschio),,,Ca' Rezzonico,Ca' Rezzonico,Minerva,,Minerva,,
http://www.wikidata.org/entity/Q131557372,Madonna col Bambino,Domenico Beccafumi (maschio),1514,arte religiosa,Pinacoteca nazionale di Siena,Pinacoteca nazionale di Siena,Madonna col Bambino,,,,
http://www.wikidata.org/entity/Q131557662,Madonna col Bambino,Maestro di Tressa (maschio),,arte religiosa,Museo dell'Opera del Duomo,Museo dell'Opera del Duomo,Madonna col Bambino,,,,
http://www.wikidata.org/entity/Q131546494,Betsabea al bagno,Francesco Hayez (maschio),1845,arte religiosa,Pinacoteca di Brera,Pinacoteca di Brera,Betsabea al bagno,,Betsabea al bagno,,
http://www.wikidata.org/entity/Q131543651,La battaglia di Lepanto,Andrea Vicentino (maschio),,,Museo Correr,Museo Correr,battaglia di Lepanto,,,,
http://www.wikidata.org/entity/Q131546510,Nascita di San Giovanni Battista,Sebastiano Ricci (maschio),,,Pinacoteca Nazionale di Bologna,Pinacoteca Nazionale di Bologna,natività di Giovanni il Battisita,,natività di Giovanni il Battisita,,
http://www.wikidata.org/entity/Q131543653,Decapitazione di San Giovanni Battista,Giovanni da San Giovanni (maschio),,,,,decapitazione di san Giovanni Battista,,,,
http://www.wikidata.org/entity/Q131543565,Apollo citaredo,,,,Antiquarium del Palatino,Antiquarium del Palatino,Apollo,,,,
http://www.wikidata.org/entity/Q131543603,Apoteosi di Eracle,Domenico Maria Canuti (maschio),,,Palazzo Pepoli Campogrande,Palazzo Pepoli Campogrande,Eracle,,,,
http://www.wikidata.org/entity/Q131543624,Aracne sfida Minerva in una gara di tessitura,Jacopo Tintoretto (maschio),1580,pittura mitologica,Palazzo degli Uffizi; Collezione Contini Bonacossi,Palazzo degli Uffizi; Collezione Contini Bonacossi,Minerva; Aracne,,,145.0,272.0
http://www.wikidata.org/entity/Q131543648,Battesimo di Gesù Cristo,Francesco Albani (maschio),,,Pinacoteca Nazionale di Bologna,Pinacoteca Nazionale di Bologna,battesimo di Gesù,,,,
http://www.wikidata.org/entity/Q131543672,Ragazzo morso da un ramarro,Caravaggio (maschio),1597,arte di genere,Fondazione di Studi di Storia dell'Arte Roberto Longhi,Fondazione di Studi di Storia dell'Arte Roberto Longhi,ragazzo,,,65.8,52.3
http://www.wikidata.org/entity/Q131543655,Trittico del Bigallo,Bernardo Daddi (maschio),1330,,Museo del Bigallo,Museo del Bigallo,Gesù; Maria; crocifissione di Gesù; nascita di Gesù; Madonna col Bambino,,Madonna col Bambino,89.0,97.0
http://www.wikidata.org/entity/Q131543680,Tarocchi Brera-Brambilla Visconti,,,,Pinacoteca di Brera,Pinacoteca di Brera,tarocchi,,,,
http://www.wikidata.org/entity/Q131546415,Arrivo a Venezia dei Duchi Ercole I e Afonso I da Ferrara,Lazzaro Bastiani (maschio),1487,,Museo Correr,Museo Correr,Ercole I d'Este; Alfonso I d'Este,,Ercole I d'Este,104.7,81.8
http://www.wikidata.org/entity/Q131546458,Bambini tra gli alberi,Francesco Menzio (maschio),1956,,Galleria all'aperto dell'affresco di Arcumeggia,Galleria all'aperto dell'affresco di Arcumeggia,bambino,,bambino,,
http://www.wikidata.org/entity/Q131546466,Battesimo di Gesù Cristo,,,,Museo pontificio della Santa Casa,Museo pontificio della Santa Casa,battesimo di Gesù,,battesimo di Gesù,,
http://www.wikidata.org/entity/Q131546449,Gesù Bambino,Luca Cambiaso (maschio),,,Palazzo Rosso,Musei di Strada Nuova,Bambino Gesù,,Bambino Gesù,,
http://www.wikidata.org/entity/Q131546428,predella dell'Assunta,Domenico di Michelino (maschio),,,Museo di Palazzo Pretorio,Museo di Palazzo Pretorio,Dormizione di Maria,,Dormizione di Maria,,
http://www.wikidata.org/entity/Q131546493,cappella Besozzi,Bernardino Luini (maschio),,,chiesa di San Maurizio al Monastero Maggiore,chiesa di San Maurizio al Monastero Maggiore,Caterina d'Alessandria,,Caterina d'Alessandria,,
http://www.wikidata.org/entity/Q131546485,Decapitazione di Valeriano e Tiburzio,Amico Aspertini (maschio),,,oratorio dei Santi Cecilia e Valeriano,oratorio dei Santi Cecilia e Valeriano,"Tiburzio, Valeriano e Massimo",,"Tiburzio, Valeriano e Massimo",,
http://www.wikidata.org/entity/Q131546444,Predella di Avane,Paolo Uccello (maschio),,,Museo di San Marco,Museo di San Marco,,,,,
http://www.wikidata.org/entity/Q131546515,Benedizione di Cristo,Ambrogio da Asti (maschio),,arte religiosa,,,Cristo benedicente,,Cristo benedicente,,
http://www.wikidata.org/entity/Q131546517,Benedizione del Battista da parte di San Zaccaria,Franciabigio (maschio),,,chiostro dello Scalzo,chiostro dello Scalzo,Giovanni Battista; Zaccaria,,Giovanni Battista,,
http://www.wikidata.org/entity/Q131546520,Bocc,Barbara Galbiati (femmina),1994,,Galleria all'aperto dell'affresco di Arcumeggia,Galleria all'aperto dell'affresco di Arcumeggia,capro,,,740.0,810.0
http://www.wikidata.org/entity/Q131546499,Nozze gentilizie,Sano di Pietro (maschio),,,Archivio di Stato di Siena,Archivio di Stato di Siena,nozze,,nozze,,
http://www.wikidata.org/entity/Q131546475,Terme di Pozzuoli,Girolamo Macchietti (maschio),,,Studiolo di Francesco I,Studiolo di Francesco I,Terme Stufe di Nerone,,Terme Stufe di Nerone,,
http://www.wikidata.org/entity/Q131546506,Nascita di San Giovanni e imposizione del nome,Filippo Lippi (maschio),,,duomo di Prato,duomo di Prato,natività di Giovanni il Battisita,,natività di Giovanni il Battisita,,
http://www.wikidata.org/entity/Q131546508,Nascita di Giovanni Battista,Giuliano Bugiardini (maschio),,,Galleria Estense,Galleria Estense,natività di Giovanni il Battisita,,natività di Giovanni il Battisita,,
http://www.wikidata.org/entity/Q131546509,Nascita di Giovanni Battista,Ludovico Carracci (maschio),,,Pinacoteca Nazionale di Bologna,Pinacoteca Nazionale di Bologna,natività di Giovanni il Battisita,,natività di Giovanni il Battisita,,
http://www.wikidata.org/entity/Q131546516,Redentore benedicente,Ambrogio Lorenzetti (maschio),,,Museo diocesano d'arte sacra,Museo diocesano d'arte sacra,Cristo benedicente,,Cristo benedicente,,
http://www.wikidata.org/entity/Q131546553,Il Roveto ardente,Paolo Veronese (maschio),,,Villa medicea di Poggio a Caiano,Villa Medici,rovo ardente,,rovo ardente,,
http://www.wikidata.org/entity/Q131546525,Scaffale di libri con scritture musicali,Giuseppe Maria Crespi (maschio),,,Museo internazionale e biblioteca della musica,Museo internazionale e biblioteca della musica,libreria,,libreria,,
http://www.wikidata.org/entity/Q131546551,Sepoltura di Santa Cecilia,Francesco Francia (maschio),,,oratorio dei Santi Cecilia e Valeriano,oratorio dei Santi Cecilia e Valeriano,Santa Cecilia,,Santa Cecilia,,
http://www.wikidata.org/entity/Q131546581,Il doge Francesco Venier presenta le città sottomesse a Venezia,Jacopo Palma il Giovane (maschio),,,Palazzo Ducale,Palazzo Ducale,Francesco Venier,,Francesco Venier,,
http://www.wikidata.org/entity/Q131546552,Sepoltura di Valeriano e Tiburzio,Amico Aspertini (maschio),,,oratorio dei Santi Cecilia e Valeriano,oratorio dei Santi Cecilia e Valeriano,"Tiburzio, Valeriano e Massimo",,"Tiburzio, Valeriano e Massimo",,
http://www.wikidata.org/entity/Q131546426,Assunzione di Maria,Bartolomeo della Gatta (maschio),,arte religiosa,Museo diocesano di Cortona,Museo diocesano di Cortona,assunzione di Maria nell'arte,,assunzione di Maria nell'arte,,
http://www.wikidata.org/entity/Q131546425,Assunzione di Maria,Gian Domenico Cerrini (maschio),,arte religiosa,chiesa di Santa Maria in Vallicella,chiesa di Santa Maria in Vallicella,assunzione di Maria nell'arte,,assunzione di Maria nell'arte,,
http://www.wikidata.org/entity/Q131546462,Battesimo di Cristo,Annibale Carracci (maschio),,arte religiosa,,,battesimo di Gesù,,battesimo di Gesù,,
http://www.wikidata.org/entity/Q131546463,Battesimo di Cristo,Michele di Ridolfo del Ghirlandaio (maschio),,arte religiosa,Pinacoteca nazionale di Ferrara,Pinacoteca nazionale di Siena,battesimo di Gesù,,battesimo di Gesù,,
http://www.wikidata.org/entity/Q131546465,Battesimo di Cristo,Domenico Fiasella (maschio),1625,arte religiosa,museo di Sant'Agostino,museo di Sant'Agostino,battesimo di Gesù,,battesimo di Gesù,,
http://www.wikidata.org/entity/Q131546469,Battesimo di Cristo,Brescianino (maschio); Raffaello del Brescianino (maschio),1524,arte religiosa,battistero di San Giovanni,battistero di San Giovanni,battesimo di Gesù,,battesimo di Gesù,,
http://www.wikidata.org/entity/Q131546441,Aurora,Guercino (maschio),,,Casino dell'Aurora Ludovisi,Casino dell'Aurora Ludovisi,Aurora,,Aurora,,
http://www.wikidata.org/entity/Q131543629,Ascensione di Cristo,Luca Longhi (maschio),,arte religiosa,cappella Arcivescovile,cappella Arcivescovile,Ascensione di Gesù,,,,
http://www.wikidata.org/entity/Q131546421,Ascensione di Cristo,Girolamo Muziano (maschio),,arte religiosa,chiesa di Santa Maria in Vallicella,chiesa di Santa Maria in Vallicella,Ascensione di Gesù,,Ascensione di Gesù,,
http://www.wikidata.org/entity/Q131546484,Beethoven,Lionello Balestrieri (maschio),1900,,Museo Revoltella,Museo Revoltella,,,Ludwig van Beethoven,,
http://www.wikidata.org/entity/Q131543631,Pietà,Luca Longhi (maschio),,arte religiosa,cappella Arcivescovile,cappella Arcivescovile,Pietà,,,,
http://www.wikidata.org/entity/Q131613706,Il voto,Francesco Paolo Michetti (maschio),1883,,Galleria Nazionale d'Arte Moderna e Contemporanea,Galleria Nazionale d'Arte Moderna e Contemporanea,voto,,voto,,
http://www.wikidata.org/entity/Q131613675,Galleria delle belle (serie),Jacob Ferdinand Voet (maschio),,,Palazzo Chigi,Palazzo Chigi,donna,,donna,,
http://www.wikidata.org/entity/Q131613679,Giovane desiderata,Franco Ruspetti (maschio),1961,,Galleria all'aperto dell'affresco di Arcumeggia,Galleria all'aperto dell'affresco di Arcumeggia,ragazza,,ragazza,,
http://www.wikidata.org/entity/Q131613676,Gesù crocifisso,Guido Reni (maschio),1636,arte religiosa,Galleria Estense,Galleria Estense,Gesù; crocifissione di Gesù; Calvario; Titulus crucis; Vera Croce; coronazione di spine,,crocifissione di Gesù,260.3,174.6
http://www.wikidata.org/entity/Q131613680,Giovane donna bionda (Ritratto della moglie Bice),Giovanni Segantini (maschio),,,Galleria d'arte moderna di Milano,Galleria d'arte moderna di Milano,donna,,donna,,
http://www.wikidata.org/entity/Q131613704,Il soldato che non vuole la guerra,Gioxe De Micheli (maschio),1991,,Galleria all'aperto dell'affresco di Arcumeggia,Galleria all'aperto dell'affresco di Arcumeggia,soldato,,soldato,,
http://www.wikidata.org/entity/Q131613705,Il trionfo di Gea,Sante Monachesi (maschio),1959,,Galleria all'aperto dell'affresco di Arcumeggia,Galleria all'aperto dell'affresco di Arcumeggia,Gea; trionfo,,trionfo,,
http://www.wikidata.org/entity/Q131613711,L'amore alla fonte della vita (Gli amanti alla fonte della vita),Giovanni Segantini (maschio),,,Galleria d'arte moderna di Milano,Galleria d'arte moderna di Milano,Fontana della Vita; partner,,partner,,
http://www.wikidata.org/entity/Q131613714,La Signora Martelli a Castiglioncello,Giovanni Fattori (maschio),,,"Museo civico ""Giovanni Fattori""","Museo civico ""Giovanni Fattori""",donna,,donna,,
http://www.wikidata.org/entity/Q131613713,L'angelo della vita,Giovanni Segantini (maschio),,,Galleria d'arte moderna di Milano,Galleria d'arte moderna di Milano,angelo,,angelo,,
http://www.wikidata.org/entity/Q131613925,Commiato di Orsola dalla madre (Storie di sant'Orsola),Tommaso da Modena (maschio),,,Musei civici di Treviso,Musei civici di Treviso,Sant'Orsola,,Sant'Orsola,,
http://www.wikidata.org/entity/Q131613922,Donna che fila e contadina con cesto,Giacomo Ceruti (maschio),1765,,Pinacoteca del Castello Sforzesco,Pinacoteca del Castello Sforzesco,donna,,donna,,
http://www.wikidata.org/entity/Q131613926,Gli ambasciatori inglesi presso il re di Bretagna (Storie di sant'Orsola),Tommaso da Modena (maschio),,,Musei civici di Treviso,Musei civici di Treviso,Sant'Orsola,,Sant'Orsola,,
http://www.wikidata.org/entity/Q131613927,Il sogno del Papa (Storie di sant'Orsola),Tommaso da Modena (maschio),,,Musei civici di Treviso,Musei civici di Treviso,Sant'Orsola,,Sant'Orsola,,
http://www.wikidata.org/entity/Q131613917,Sintesi plastica di una figura seduta (Silvia),Umberto Boccioni (maschio),,,Galleria Nazionale d'Arte Moderna e Contemporanea,Galleria Nazionale d'Arte Moderna e Contemporanea,Forma del corpo umano femminile,,Forma del corpo umano femminile,,
http://www.wikidata.org/entity/Q131613924,Stendardo di San Sebastiano,Il Sodoma (maschio),,,Palazzo degli Uffizi,Palazzo degli Uffizi,vessillo,,vessillo,,
http://www.wikidata.org/entity/Q131613597,Corridori,Aligi Sassu (maschio),1957,,Galleria all'aperto dell'affresco di Arcumeggia,Galleria all'aperto dell'affresco di Arcumeggia,corridore,,corridore,,
http://www.wikidata.org/entity/Q131604566,Venere e Amore,Guercino (maschio),1632,nudo artistico; pittura mitologica,Accademia nazionale di San Luca,Accademia nazionale di San Luca; Villa della Giovannina; Pinacoteca capitolina,cielo; Cupido; albero; nudità; nuvola; Venere; paesaggio; orecchino; faretra; putto; arco e freccie; Venere e Cupido,,Venere e Cupido,175.0,170.0
http://www.wikidata.org/entity/Q131613605,Cristo crocifisso,Fiorenzo Tomea (maschio),1956,arte religiosa,Galleria all'aperto dell'affresco di Arcumeggia,Galleria all'aperto dell'affresco di Arcumeggia,crocifissione di Gesù,,crocifissione di Gesù,,
http://www.wikidata.org/entity/Q131613593,Composizione,Luigi Montanarini (maschio),1959,,Galleria all'aperto dell'affresco di Arcumeggia,Galleria all'aperto dell'affresco di Arcumeggia,,,,,
http://www.wikidata.org/entity/Q131604568,Bagno di Venere e Marte,,1600,pittura mitologica,Palazzo Te,Palazzo Te,Marte; Venere,,Venere,,
http://www.wikidata.org/entity/Q131604610,Adorazione di Vesta,Domenico Beccafumi (maschio),,,Quadreria di Casa Martelli,Quadreria di Casa Martelli,Vesta,,Vesta,,
http://www.wikidata.org/entity/Q131604561,Venezia seduta sul globo e su un leone,Giovanni Battista Zelotti (maschio),,,Palazzo Ducale,Palazzo Ducale,leone; Venezia; globo,,Venezia,,
http://www.wikidata.org/entity/Q131604569,Venere tra Marte e Nettuno,Giovanni Battista Zelotti (maschio),,,Palazzo Ducale,Palazzo Ducale,Marte; Nettuno; Venere,,Venere,,
http://www.wikidata.org/entity/Q131604575,"Venere, Amore e Vulcano",Jacopo Tintoretto (maschio),1550,pittura mitologica,Sala di Venere,Galleria Palatina,Vulcano; Cupido; Venere,pittura veneta,Venere,85.0,197.4
http://www.wikidata.org/entity/Q131604582,Vista del porto di Guangzhou,,,,Villa La Petraia,Villa La Petraia,Canton,,Canton,,
http://www.wikidata.org/entity/Q131604586,Villa Baldi di Miserzano a Croara,Antonio Mosca (maschio),,,Villa Baldi,Villa Baldi,Villa Baldi,,Villa Baldi,,
http://www.wikidata.org/entity/Q131604589,Villa Gandino di Ozzano Emilia,Antonio Mosca (maschio),,,Villa Gandino,Villa Gandino,Villa Gandino,,Villa Gandino,,
http://www.wikidata.org/entity/Q131613578,Adorazione dei pastori (II),Paolo Veronese (maschio),1558,arte religiosa,cappella del Rosario,basilica dei Santi Giovanni e Paolo,Maria; mulo; San Giuseppe; angelo; putto; adorazione dei pastori; bue; Bambino Gesù,,adorazione dei pastori,350.0,290.0
http://www.wikidata.org/entity/Q131613582,Cristo con Apostoli e santi,,1278,,Museo diocesano (Genova),Museo diocesano (Genova),Gesù; apostolo,,Gesù,,
http://www.wikidata.org/entity/Q131613581,Cristo sulla Croce,Guido Reni (maschio),,arte religiosa,Pinacoteca Nazionale di Bologna,Pinacoteca Nazionale di Bologna,crocifissione di Gesù,,crocifissione di Gesù,,
http://www.wikidata.org/entity/Q131613590,Colloquio tra baute,Pietro Longhi (maschio),,,Ca' Rezzonico,Ca' Rezzonico,bauta,,bauta,,
http://www.wikidata.org/entity/Q131613591,Composizione astratta,Marco Vinicio Carelli (maschio),1964,,Galleria all'aperto dell'affresco di Arcumeggia,Galleria all'aperto dell'affresco di Arcumeggia,composizione astratta,,composizione astratta,,
http://www.wikidata.org/entity/Q131613594,Contadini con gerla,Franco Benevelli (maschio),1961,,Galleria all'aperto dell'affresco di Arcumeggia,Galleria all'aperto dell'affresco di Arcumeggia,agricoltore; gerla,,agricoltore,,
http://www.wikidata.org/entity/Q131613592,Composizione astratta,,1964,,Galleria all'aperto dell'affresco di Arcumeggia,Galleria all'aperto dell'affresco di Arcumeggia,composizione astratta,,composizione astratta,,
http://www.wikidata.org/entity/Q131613596,Corrida,Gianni Dova (maschio),1964,,Galleria all'aperto dell'affresco di Arcumeggia,Galleria all'aperto dell'affresco di Arcumeggia,tauromachia,,tauromachia,,
http://www.wikidata.org/entity/Q131613607,Cristo con Angelo,Luca Campano (maschio),1961,,Galleria all'aperto dell'affresco di Arcumeggia,Galleria all'aperto dell'affresco di Arcumeggia,angelo; Cristo,,Cristo,,
http://www.wikidata.org/entity/Q131613610,Cristo e la Samaritana,Enzo Morelli (maschio),1956,arte religiosa,Galleria all'aperto dell'affresco di Arcumeggia,Galleria all'aperto dell'affresco di Arcumeggia,Cristo e la Samaritana al pozzo,,Cristo e la Samaritana al pozzo,,
http://www.wikidata.org/entity/Q131613608,Cristo deposto e compianto,Pier Ceresa (maschio),1964,,Galleria all'aperto dell'affresco di Arcumeggia,Galleria all'aperto dell'affresco di Arcumeggia,Compianto sul Cristo morto,,Compianto sul Cristo morto,,
http://www.wikidata.org/entity/Q131613615,Danza attorno all'albero,Luigi Vittorio Lotesto (maschio),1961,,Galleria all'aperto dell'affresco di Arcumeggia,Galleria all'aperto dell'affresco di Arcumeggia,albero; danza,,danza,,
http://www.wikidata.org/entity/Q131613627,Donna che spenna una gallina,Vittore Frattini (maschio),1961,,Galleria all'aperto dell'affresco di Arcumeggia,Galleria all'aperto dell'affresco di Arcumeggia,donna,,donna,,
http://www.wikidata.org/entity/Q131613630,Due crocifissi a mezza figura,Gianfranco Goberti (maschio),1964,,Galleria all'aperto dell'affresco di Arcumeggia,Galleria all'aperto dell'affresco di Arcumeggia,crocifissione di Gesù,,crocifissione di Gesù,,
http://www.wikidata.org/entity/Q131613631,Due santi vescovi (Geminiano e Severo?),Paolo Veronese (maschio),,,Galleria Estense,Galleria Estense,vescovo,,vescovo,,
http://www.wikidata.org/entity/Q131613629,Due clown,Riccardo Trapani (maschio),1961,,Galleria all'aperto dell'affresco di Arcumeggia,Galleria all'aperto dell'affresco di Arcumeggia,pagliaccio,,pagliaccio,,
http://www.wikidata.org/entity/Q131613632,Due studi per la Madonna con il Bambino e san Giovannino,Raffaello Sanzio (maschio),,,Palazzo degli Uffizi,Palazzo degli Uffizi,Madonna col Bambino,,Madonna col Bambino,,
http://www.wikidata.org/entity/Q131613666,Adorazione dei Magi (da Santa Chiara),,,,Museo nazionale di Ravenna,Museo nazionale di Ravenna,Adorazione dei Magi,,Adorazione dei Magi,,
http://www.wikidata.org/entity/Q131613671,Affreschi per la volta (da Santa Chiara),,,,Museo nazionale di Ravenna,Museo nazionale di Ravenna,Agostino d'Ippona,,Agostino d'Ippona,,
http://www.wikidata.org/entity/Q131613648,Esercitazioni militari,Giovanni Fattori (maschio),1890,,Galleria Nazionale d'Arte Moderna e Contemporanea,Galleria Nazionale d'Arte Moderna e Contemporanea,esercitazione militare,,esercitazione militare,,
http://www.wikidata.org/entity/Q131613667,Cristo (da Santa Chiara),,,,Museo nazionale di Ravenna,Museo nazionale di Ravenna,Gesù,,Gesù,,
http://www.wikidata.org/entity/Q131613659,Figure cubiste a tavola,Giuseppe De Luca (maschio),1961,,Galleria all'aperto dell'affresco di Arcumeggia,Galleria all'aperto dell'affresco di Arcumeggia,,,,,
http://www.wikidata.org/entity/Q131613668,Crocefissione (da Santa Chiara),,,,Museo nazionale di Ravenna,Museo nazionale di Ravenna,crocifissione di Gesù,,crocifissione di Gesù,,
http://www.wikidata.org/entity/Q131613657,Figura femminile sdraiata con capra,William Ottolini (maschio),1961,,Galleria all'aperto dell'affresco di Arcumeggia,Galleria all'aperto dell'affresco di Arcumeggia,donna; capra domestica,,donna,,
http://www.wikidata.org/entity/Q131613626,"Un asino penetra un leone, affresco da Pompei",,,,Gabinetto segreto,Gabinetto segreto,leone; asino,,asino,,
http://www.wikidata.org/entity/Q131613637,Ritratti dinastici di Casa Savoia (serie),,,,Reggia di Venaria Reale,Reggia di Venaria Reale,casa Savoia,,casa Savoia,,
http://www.wikidata.org/entity/Q131613656,"Lotta tra un grifone e una pantera, affresco lucano (Paestum)",,,,Museo archeologico nazionale di Paestum,Museo archeologico nazionale di Paestum,Panthera; grifone; combattimento,,combattimento,,
http://www.wikidata.org/entity/Q131613655,Nudo femminile,Giacomo Grosso (maschio),1915,,Accademia Albertina,Accademia Albertina,nudo artistico,,nudo artistico,,
http://www.wikidata.org/entity/Q131613670,Santi Francesco e Chiara (da Santa Chiara),,,,Museo nazionale di Ravenna,Museo nazionale di Ravenna,Chiara d'Assisi; Francesco d'Assisi,,Francesco d'Assisi,,
http://www.wikidata.org/entity/Q131613669,Santi Antonio e Luigi (da Santa Chiara),,,,Museo nazionale di Ravenna,Museo nazionale di Ravenna,Ludovico di Tolosa; Antonio di Padova,,Antonio di Padova,,
http://www.wikidata.org/entity/Q131613579,Cherubino,Tiziano Vecellio (maschio),,,Gallerie dell'Accademia,Gallerie dell'Accademia,cherubino,,cherubino,,
http://www.wikidata.org/entity/Q131564617,Cristo accusato dai Farisei,Duccio di Buoninsegna (maschio),,,duomo di Siena,duomo di Siena,Cristo accusato dai Farisei,,,,
http://www.wikidata.org/entity/Q131561666,Caino e Abele,Lionello Spada (maschio),1613,,Museo nazionale di Capodimonte,Museo nazionale di Capodimonte,Caino e Abele,,Caino e Abele,,
http://www.wikidata.org/entity/Q131561677,"Camera picta, muro orientale",Andrea Mantegna (maschio),,,Camera degli Sposi,Camera degli Sposi,,,,,
http://www.wikidata.org/entity/Q131561692,Affresco della Cappella di Piazza,,,,Cappella di Piazza,Cappella di Piazza,,,,,
http://www.wikidata.org/entity/Q131561688,L'Assunzione e i Dottori del Chiesa,Carlo Maratta (maschio),,,basilica di Santa Maria del Popolo,basilica di Santa Maria del Popolo,assunzione di Maria nell'arte,,,,
http://www.wikidata.org/entity/Q131561678,Trittico di Camerino,Carlo Crivelli (maschio),1482,,Pinacoteca di Brera,Pinacoteca di Brera,Madonna col Bambino,,Madonna col Bambino,,
http://www.wikidata.org/entity/Q131563724,Ritratto di Tiziano,,1600,ritratto,Corridoio Vasariano,Palazzo degli Uffizi,Tiziano Vecellio,,Tiziano Vecellio,78.5,63.5
http://www.wikidata.org/entity/Q131564536,Pranzo a Posillipo,Giuseppe De Nittis (maschio),1879,arte di genere,Galleria d'arte moderna di Milano,Galleria d'arte moderna di Milano,donna; sera; uomo; tavolo; chitarra classica; musicista; Posillipo; pranzo; all'aperto,,,173.3,111.0
http://www.wikidata.org/entity/Q131564870,Caterina de' Medici con i suoi figli,Volterrano (maschio),,,Villa La Petraia,Villa La Petraia,Caterina di Ferdinando de' Medici,,,,
http://www.wikidata.org/entity/Q131564871,Cristo appare alla tavola degli Apostoli,Duccio di Buoninsegna (maschio),,,duomo di Siena,duomo di Siena,Cristo appare agli Apostoli,,,,
http://www.wikidata.org/entity/Q131587694,Crocifisso dipinto,Andrea da Bologna (maschio),,,Museo della città di Rimini,Museo della città di Rimini,crocifisso,,crocifisso,,
http://www.wikidata.org/entity/Q131576650,Caupona di Salvio (affreschi da Pompei),,,,Museo archeologico nazionale di Napoli,Museo archeologico nazionale di Napoli,caupona,,caupona,,
http://www.wikidata.org/entity/Q131576649,Cattedrale,Albino Reggiori (maschio),2006,,Galleria all'aperto dell'affresco di Arcumeggia,Galleria all'aperto dell'affresco di Arcumeggia,cattedrale,,cattedrale,,
http://www.wikidata.org/entity/Q131576651,I quattro Evangelisti (soffitto della cappella degli Innocenti),,,,Complesso di Santa Caterina,Complesso di Santa Caterina,Evangelista,,Evangelista,,
http://www.wikidata.org/entity/Q131578331,Stanza degli Uccelli,Jacopo Zucchi (maschio),,,Villa Medici,Villa Medici,uccello,,,,
http://www.wikidata.org/entity/Q131578346,Visione di San Francesco Borgia,Andrea Pozzo (maschio),,,chiesa del Gesù e dei Santi Ambrogio e Andrea,chiesa del Gesù e dei Santi Ambrogio e Andrea,Francesco Borgia,,,,
http://www.wikidata.org/entity/Q131578347,Visione di San Filippo Neri,Orazio Fidani (maschio),,,Museo di Palazzo Pretorio,Museo di Palazzo Pretorio,Filippo Neri,,,,
http://www.wikidata.org/entity/Q131579612,Due gruppi di pesci in lotta,,,,Museo nazionale romano di palazzo Massimo,Museo nazionale romano di palazzo Massimo,,,,,
http://www.wikidata.org/entity/Q131579620,Giuditta e Oloferne (Inv. 693),Giovanni Battista Piazzetta (maschio),,,Accademia nazionale di San Luca,Accademia nazionale di San Luca,Giuditta e Oloferne,,Giuditta e Oloferne,,
http://www.wikidata.org/entity/Q131579625,Imbarcazioni e pesci su fondo marino,,,,Museo nazionale romano di palazzo Massimo,Museo nazionale romano di palazzo Massimo,pesce; imbarcazione,,imbarcazione,,
http://www.wikidata.org/entity/Q131579630,Madonna col Bambino (inv. CL I n. 1475),Bartolomeo Vivarini (maschio),,arte religiosa,Museo Correr,Museo Correr,Madonna col Bambino,,Madonna col Bambino,,
http://www.wikidata.org/entity/Q131579631,"Madonna con Bambino con Santi e donatori (Inventario 1890, n. 1316)",Paolo Veronese (maschio),,,Palazzo degli Uffizi,Palazzo degli Uffizi,Madonna col Bambino,,Madonna col Bambino,,
http://www.wikidata.org/entity/Q131579667,affreschi dal corridoio A,,,,Museo nazionale romano di palazzo Massimo,Museo nazionale romano di palazzo Massimo,,,,,
http://www.wikidata.org/entity/Q131579670,affreschi dal cubicolo B,,,,Museo nazionale romano di palazzo Massimo,Museo nazionale romano di palazzo Massimo,,,,,
http://www.wikidata.org/entity/Q131579671,affreschi dal cubicolo D,,,,Museo nazionale romano di palazzo Massimo,Museo nazionale romano di palazzo Massimo,,,,,
http://www.wikidata.org/entity/Q131579669,affreschi dal corridoio F-G,,,,Museo nazionale romano di palazzo Massimo,Museo nazionale romano di palazzo Massimo,,,,,
http://www.wikidata.org/entity/Q131579674,affreschi dal triclinio C,,,,Museo nazionale romano di palazzo Massimo,Museo nazionale romano di palazzo Massimo,,,,,
http://www.wikidata.org/entity/Q131579672,affreschi dal cubicolo E,,,,Museo nazionale romano di palazzo Massimo,Museo nazionale romano di palazzo Massimo,,,,,
http://www.wikidata.org/entity/Q131579673,affreschi dall'ingresso I,,,,Museo nazionale romano di palazzo Massimo,Museo nazionale romano di palazzo Massimo,,,,,
http://www.wikidata.org/entity/Q131579646,Nereide su ippocampo,,,,Museo nazionale romano di palazzo Massimo,Museo nazionale romano di palazzo Massimo,Nereidi; ippocampo,,Nereidi,,
http://www.wikidata.org/entity/Q131579657,Ritratto d'ammiraglio,Jacopo Tintoretto (maschio),1570,ritratto,Palazzo degli Uffizi,Palazzo degli Uffizi,ammiraglio,,ammiraglio,,
http://www.wikidata.org/entity/Q131579660,Sant'Agata incoronata dagli angeli,Paolo Veronese (maschio),1580,arte religiosa,Palazzo degli Uffizi,Palazzo degli Uffizi,libro; corona; lettura; Sant'Agata; angelo; telaio della finestra,,Sant'Agata,20.0,18.0
http://www.wikidata.org/entity/Q131579687,Zeus bacia Ganimede,Anton Raphael Mengs (maschio); Giovanni Casanova (maschio),1759,nudo artistico; pittura mitologica,Galleria nazionale di Palazzo Corsini,Galleria nazionale d'arte antica,nudità; Zeus; tazza; Ganimede; trono,,Zeus,,
http://www.wikidata.org/entity/Q131579688,Zeus seduce Olimpia,,,,Palazzo Te,Palazzo Te,Zeus; Olimpiade d'Epiro,,Zeus,,
http://www.wikidata.org/entity/Q131587980,Fregio da Invorio Inferiore,,,,Museo del paesaggio,Museo del paesaggio,fregio,,fregio,,
http://www.wikidata.org/entity/Q131588018,Gesù Cristo sul Monte degli Ulivi,Dosso Dossi (maschio),,,Pinacoteca nazionale di Ferrara,Pinacoteca nazionale di Ferrara,,,,,
http://www.wikidata.org/entity/Q131588032,Madonna col Bambino con i Santi Giorgio e Michele Arcangelo,Dosso Dossi (maschio),,,Galleria Estense,Galleria Estense,Madonna col Bambino,,Madonna col Bambino,,
http://www.wikidata.org/entity/Q131588033,Madonna e Bambino con santi Sebastiano e forse Giorgio,Dosso Dossi (maschio),,,,,Madonna col Bambino,,Madonna col Bambino,,
http://www.wikidata.org/entity/Q131588054,I Santi Cosma e Damiano,Dosso Dossi (maschio),,,Galleria Borghese,Galleria Borghese,Cosma e Damiano,,Cosma e Damiano,,
http://www.wikidata.org/entity/Q131588045,Ninfa e satiro,Dosso Dossi (maschio),1516,pittura mitologica,Sala di Apollo,Galleria Palatina,satiro; ninfa,,ninfa,58.0,83.0
http://www.wikidata.org/entity/Q131588060,Il fregio di Enea,Dosso Dossi (maschio),,,Camerini d'alabastro,Camerini d'alabastro,Enea,,Enea,,
http://www.wikidata.org/entity/Q131588057,L'invio degli ambasciatori del re d'Inghilterra (Storie di sant'Orsola),Tommaso da Modena (maschio),,,Musei civici di Treviso,Musei civici di Treviso,ambasciatore; Sant'Orsola,,Sant'Orsola,,
http://www.wikidata.org/entity/Q131604558,Paesaggio con toeletta di Venere,Francesco Albani (maschio),,,Pinacoteca Nazionale di Bologna,Pinacoteca Nazionale di Bologna,Venere,,Venere,,
http://www.wikidata.org/entity/Q131604557,Tobia e l'Arcangelo,Poppi (maschio),,,Museo di Palazzo Pretorio,Museo di Palazzo Pretorio,Tobia e l'angelo,,Tobia e l'angelo,,
http://www.wikidata.org/entity/Q131579682,Zefiro e Flora,Giambattista Tiepolo (maschio),,,Ca' Rezzonico,Ca' Rezzonico,Flora; Zefiro,,Zefiro,,
http://www.wikidata.org/entity/Q131574021,Madonna con bambino e donatore,Marco Basaiti (maschio),1550,arte religiosa,Museo Correr,Museo Correr,Maria; Bambino Gesù; commissario; Madonna col Bambino,,Madonna col Bambino,74.0,57.0
http://www.wikidata.org/entity/Q131588009,Sacra Famiglia,Dosso Dossi (maschio),,arte religiosa,Musei capitolini,Musei capitolini,Sacra Famiglia,,Sacra Famiglia,,
http://www.wikidata.org/entity/Q131613901,San Giorgio e il drago,Raffaello Sanzio (maschio),,arte religiosa,Palazzo degli Uffizi,Palazzo degli Uffizi,san Giorgio e il drago,,san Giorgio e il drago,,
http://www.wikidata.org/entity/Q131613825,Orazione nell'Orto,Lorenzo Monaco (maschio),1890,arte religiosa,Galleria dell'Accademia,Galleria dell'Accademia,orazione nell'orto,,orazione nell'orto,,
http://www.wikidata.org/entity/Q131613905,Assunzione,Liborio Coccetti (maschio),,,chiesa di Santa Maria Immacolata a via Veneto,chiesa di Santa Maria Immacolata a via Veneto,assunzione di Maria nell'arte,,assunzione di Maria nell'arte,,
http://www.wikidata.org/entity/Q131613723,Le due madri,Giovanni Segantini (maschio),,,Galleria d'arte moderna di Milano,Galleria d'arte moderna di Milano,Bos taurus taurus; madre,,madre,,
http://www.wikidata.org/entity/Q131613880,Ragazza alla finestra,Giovanni Brancaccio (maschio),1957,,Galleria all'aperto dell'affresco di Arcumeggia,Galleria all'aperto dell'affresco di Arcumeggia,ragazza,,ragazza,,
http://www.wikidata.org/entity/Q131613740,Madonna col Bambino (per la 'Madonna del Granduca'),Raffaello Sanzio (maschio),,,Palazzo degli Uffizi,Palazzo degli Uffizi,Madonna col Bambino,,Madonna col Bambino,,
http://www.wikidata.org/entity/Q131613786,Mascheroni,Tiziano Vecellio (maschio),,,Gallerie dell'Accademia,Gallerie dell'Accademia,mascherone,,mascherone,,
http://www.wikidata.org/entity/Q131613715,La Speranza,Eugenio Tomiolo (maschio),1956,,Galleria all'aperto dell'affresco di Arcumeggia,Galleria all'aperto dell'affresco di Arcumeggia,speranza,,speranza,,
http://www.wikidata.org/entity/Q131613717,La battaglia di Custoza,Giovanni Fattori (maschio),1876,,Galleria Nazionale d'Arte Moderna e Contemporanea,Galleria Nazionale d'Arte Moderna e Contemporanea,battaglia di Custoza,,battaglia di Custoza,,
http://www.wikidata.org/entity/Q131613716,La Torre Rossa,Giovanni Fattori (maschio),,,"Museo civico ""Giovanni Fattori""","Museo civico ""Giovanni Fattori""",torre,,torre,,
http://www.wikidata.org/entity/Q131613722,Lavandaia alla fontana,Giovanni Segantini (maschio),,,Galleria d'arte moderna di Milano,Galleria d'arte moderna di Milano,fontana; lavandaia,,lavandaia,,
http://www.wikidata.org/entity/Q131613721,La spartizione della polenta in famiglia,Innocente Salvini (maschio),1971,,Galleria all'aperto dell'affresco di Arcumeggia,Galleria all'aperto dell'affresco di Arcumeggia,famiglia,,famiglia,,
http://www.wikidata.org/entity/Q131613729,Madame Roland nel carcere di Sainte Pélagie,Évariste Carpentier (maschio),1886,,Museo Revoltella,Museo Revoltella,Marie-Jeanne Roland de la Platière; Prigione di Sainte-Pélagie,,Marie-Jeanne Roland de la Platière,,
http://www.wikidata.org/entity/Q131613734,Madonna e Bambino in gloria con santi (pala d'altare Scarani),Perugino (maschio),,,Pinacoteca Nazionale di Bologna,Pinacoteca Nazionale di Bologna,Madonna col Bambino,,Madonna col Bambino,,
http://www.wikidata.org/entity/Q131613742,Madonna con Bambino e San Giovanni Battista,Lorenzo Monaco (maschio),,,Galleria dell'Accademia,Galleria dell'Accademia,Madonna col Bambino,,Madonna col Bambino,,
http://www.wikidata.org/entity/Q131613743,"Madonna con Bambino, san Giovannino e san Zaccaria",,1603,,Museo Poldi Pezzoli,Museo Poldi Pezzoli,Madonna col Bambino,,Madonna col Bambino,,
http://www.wikidata.org/entity/Q131613741,Madonna col Bambino fra due vasi di rose,Ercole de' Roberti (maschio),,,Pinacoteca nazionale di Ferrara,Pinacoteca nazionale di Siena,Madonna col Bambino,,Madonna col Bambino,,
http://www.wikidata.org/entity/Q131613746,"Madonna in trono col Bambino e santi Giuseppe, Francesco, e Domenico",Perin del Vaga (maschio),1534,,Museo diocesano (Genova),Museo diocesano (Genova),Sacra conversazione; Madonna col Bambino,,Madonna col Bambino,,
http://www.wikidata.org/entity/Q131613745,Madonna e Angelo,Cristoforo De Amicis (maschio),1958,,Galleria all'aperto dell'affresco di Arcumeggia,Galleria all'aperto dell'affresco di Arcumeggia,Maria,,Maria,,
http://www.wikidata.org/entity/Q131613748,Madre con bambino al desco di Arcumeggia,Umberto Faini (maschio),1961,,Galleria all'aperto dell'affresco di Arcumeggia,Galleria all'aperto dell'affresco di Arcumeggia,Madonna col Bambino,,Madonna col Bambino,,
http://www.wikidata.org/entity/Q131613826,affreschi dell'Orlando Furioso da palazzo Torfanini (Bologna),Nicolò dell'Abate (maschio),,,Pinacoteca Nazionale di Bologna,Pinacoteca Nazionale di Bologna,Orlando furioso,,Orlando furioso,,
http://www.wikidata.org/entity/Q131613784,Marina al tramonto,Giovanni Fattori (maschio),1890,paesaggio marino,Galleria d'arte moderna di Firenze,Galleria d'arte moderna di Firenze,mare,,mare,19.0,33.0
http://www.wikidata.org/entity/Q131613785,Martirio di San Pietro,Guercino (maschio),1618,arte religiosa,Galleria Estense,Galleria Estense,Pietro; angelo; martirio,,,320.0,193.0
http://www.wikidata.org/entity/Q131613832,Conquista del castello,Duccio di Buoninsegna (maschio),1314,,Palazzo Pubblico,Palazzo Pubblico,assedio,,assedio,,
http://www.wikidata.org/entity/Q131613797,Muratori al lavoro,Luca Campano (maschio),1961,,Galleria all'aperto dell'affresco di Arcumeggia,Galleria all'aperto dell'affresco di Arcumeggia,muratore,,muratore,,
http://www.wikidata.org/entity/Q131613821,Natura morta con cacciagione,Giovanni Segantini (maschio),1880,,Museo d'arte moderna e contemporanea di Trento e Rovereto,Museo d'arte moderna e contemporanea di Trento e Rovereto,natura morta; selvaggina,,natura morta,,
http://www.wikidata.org/entity/Q131613833,La Sacra Famiglia di San Leonardo,Il Sodoma (maschio),,,Palazzo Pubblico,Palazzo Pubblico,Madonna col Bambino,,Madonna col Bambino,,
http://www.wikidata.org/entity/Q131613870,Ritratti di mebri della casa dei Borbone (serie),,,,Castello Reale di Racconigi,Castello Reale di Racconigi,Borbone,,Borbone,,
http://www.wikidata.org/entity/Q131613868,Ritratto della dogaressa Elisabetta Querini Valier,Niccolò Cassana (maschio),1694,ritratto,Pinacoteca Querini Stampalia,Pinacoteca Querini Stampalia,Elisabetta Querini,,Elisabetta Querini,,
http://www.wikidata.org/entity/Q131613869,Ritratti di principi di Savoia-Carignano (serie),,,,Castello Reale di Racconigi,Castello Reale di Racconigi,Savoia-Carignano,,Savoia-Carignano,,
http://www.wikidata.org/entity/Q131613879,Quattro figure accovacciate,Augusto Alvini (maschio),1961,,Galleria all'aperto dell'affresco di Arcumeggia,Galleria all'aperto dell'affresco di Arcumeggia,,,,,
http://www.wikidata.org/entity/Q131613890,Ritorno della cavalleria,Giovanni Fattori (maschio),1888,,Pinacoteca metropolitana di Bari,Pinacoteca metropolitana di Bari,cavalleria,,cavalleria,,
http://www.wikidata.org/entity/Q131613888,Riposo nella fuga in Egitto,Domenico Fiasella (maschio),1625,,museo di Sant'Agostino,museo di Sant'Agostino,Fuga in Egitto,,Fuga in Egitto,,
http://www.wikidata.org/entity/Q131613892,Ritratto di Alessandro Manzoni,Francesco Hayez (maschio),1874,ritratto,Galleria d'arte moderna di Milano,Galleria d'arte moderna di Milano,Alessandro Manzoni,,Alessandro Manzoni,,
http://www.wikidata.org/entity/Q131613904,San Rocco in carcere,Guido Reni (maschio),,,Galleria Estense,Galleria Estense,san Rocco,,san Rocco,,
http://www.wikidata.org/entity/Q131613914,Simbolo dell'Evangelista Luca (toro),Tiziano Vecellio (maschio),,,Gallerie dell'Accademia,Gallerie dell'Accademia,Toro di San Luca,,Toro di San Luca,,
http://www.wikidata.org/entity/Q131613915,Simbolo dell'Evangelista Marco (leone),Tiziano Vecellio (maschio),,,Gallerie dell'Accademia,Gallerie dell'Accademia,Leone di san Marco,,Leone di san Marco,,
http://www.wikidata.org/entity/Q131613912,Severin bev pooc vin!!!,Gianfilippo Usellini (maschio),1964,,Galleria all'aperto dell'affresco di Arcumeggia,Galleria all'aperto dell'affresco di Arcumeggia,,,,,
http://www.wikidata.org/entity/Q131613913,Simbolo dell'Evangelista Giovanni (aquila),Tiziano Vecellio (maschio),,,Gallerie dell'Accademia,Gallerie dell'Accademia,aquila di San Giovanni,,aquila di San Giovanni,,
http://www.wikidata.org/entity/Q131613916,Simbolo dell'Evangelista Matteo (angelo),Tiziano Vecellio (maschio),,,Gallerie dell'Accademia,Gallerie dell'Accademia,Angelo di San Matteo,,Angelo di San Matteo,,
http://www.wikidata.org/entity/Q131613820,Natura morta,Giovanni Segantini (maschio),,natura morta,Galleria d'arte moderna di Milano,Galleria d'arte moderna di Milano,natura morta,,natura morta,,
http://www.wikidata.org/entity/Q131613875,Primavera,"Massimo ""Antime"" Parietti (maschio)",1996,,Galleria all'aperto dell'affresco di Arcumeggia,Galleria all'aperto dell'affresco di Arcumeggia,primavera,,primavera,,
http://www.wikidata.org/entity/Q131613731,Madonna col Bambino,Franciabigio (maschio),,arte religiosa,Pinacoteca Nazionale di Bologna,Pinacoteca Nazionale di Bologna,Madonna col Bambino,,Madonna col Bambino,,
http://www.wikidata.org/entity/Q131613732,Madonna col Bambino,Jacopo Bellini (maschio),,arte religiosa,Gallerie dell'Accademia,Gallerie dell'Accademia,Madonna col Bambino,,Madonna col Bambino,,
http://www.wikidata.org/entity/Q131613900,San Giovanni Battista,Caravaggio (maschio),1602,nudo artistico; arte religiosa,Galleria Doria Pamphilj,Galleria Doria Pamphilj,piante; nudità; Giovanni Battista; montone; panneggio,,Giovanni Battista,132.0,98.5
http://www.wikidata.org/entity/Q131613787,Maternità,Bruno Saetti (maschio),1956,,Galleria all'aperto dell'affresco di Arcumeggia,Galleria all'aperto dell'affresco di Arcumeggia,maternità,,maternità,,
http://www.wikidata.org/entity/Q131613739,Madonna,Achille Funi (maschio),1956,arte religiosa,Galleria all'aperto dell'affresco di Arcumeggia,Galleria all'aperto dell'affresco di Arcumeggia,Maria,,Maria,,
http://www.wikidata.org/entity/Q131613891,Ritratto d'uomo,Jacopo Tintoretto (maschio),1546,ritratto,Palazzo degli Uffizi,Palazzo degli Uffizi,maschio,,maschio,,
http://www.wikidata.org/entity/Q131851009,Il caffè,Pietro Longhi (maschio),,,Museo di Castelvecchio,Museo di Castelvecchio,caffetteria,,caffetteria,,
http://www.wikidata.org/entity/Q131825315,Sacra conversazione,Giovanni Martini (maschio),,arte religiosa,Museo Correr,Museo Correr,Madonna col Bambino,,Sacra conversazione; Madonna col Bambino,,
http://www.wikidata.org/entity/Q131831573,Sant'Anna Metterza,,1500,arte religiosa,Museo diocesano,Museo diocesano,Metterza,,Metterza,,
http://www.wikidata.org/entity/Q131851008,Il Redentore e gli apostoli,Bonifacio Veronese (maschio),,,Gallerie dell'Accademia,Gallerie dell'Accademia,Gesù; dodici apostoli,,Gesù; Redentore; dodici apostoli,,
http://www.wikidata.org/entity/Q131813340,Stanza di Apollo,Francesco Salviati (maschio),,,Palazzo Grimani di Santa Maria Formosa,Palazzo Grimani di Santa Maria Formosa,Apollo,,Apollo,,
http://www.wikidata.org/entity/Q131823354,Alaide Banti al caminetto,Giovanni Boldini (maschio),1885,ritratto,Galleria d'arte moderna di Firenze,Galleria d'arte moderna di Firenze,,,,60.0,26.5
http://www.wikidata.org/entity/Q131823355,Giove che fulmina i vizi,Paolo Veronese (maschio),,,Palazzo Ducale,Palazzo Ducale,Giove; vizio,,Giove,,
http://www.wikidata.org/entity/Q131823366,Gloria di Santa Caterina di Alessandria,Francesco Conti (maschio),1737,,Museo di Palazzo Pretorio,Museo di Palazzo Pretorio,Caterina d'Alessandria,,Caterina d'Alessandria,280.0,187.0
http://www.wikidata.org/entity/Q131823364,"Gloria di San Carlo Borromeo con la Trinità, angeli e santi",Matteo Rosselli (maschio),1616,,chiesa di San Carlo dei Lombardi,chiesa di San Carlo dei Lombardi,Trinità; angelo; Carlo Borromeo; santo cristiano,,Carlo Borromeo,,
http://www.wikidata.org/entity/Q131823365,Gloria di angeli e santi con attributi mariani,Giovanni Balducci (maschio),1584,,Museo del Cenacolo di Andrea del Sarto,Museo del Cenacolo di Andrea del Sarto,Dio nel Cristianesimo; angelo,,Dio nel Cristianesimo,,
http://www.wikidata.org/entity/Q131825292,Agar e l'Angelo,Gioacchino Assereto (maschio),,,Palazzo Rosso,Musei di Strada Nuova,angelo; espulsione di Agar e Ismaele,,espulsione di Agar e Ismaele,,
http://www.wikidata.org/entity/Q131825279,Grifone e Arimaspi,,,,Museo archeologico nazionale di Napoli,Museo archeologico nazionale di Napoli,grifone; Arimaspi,,grifone; Arimaspi,,
http://www.wikidata.org/entity/Q131825307,Ercole musagete e gli dei dell'Olimpo,Jacopo Zucchi (maschio),,,Galleria delle pitture e delle statue degli Uffizi,Palazzo degli Uffizi,Olimpi; Eracle,,Eracle; Olimpi,,
http://www.wikidata.org/entity/Q131825312,Erodiade con la testa di Giovanni Battista,Francesco Cairo (maschio),1634,arte religiosa,Museo civico di Palazzo Chiericati,Museo civico di Palazzo Chiericati,Giovanni Battista; Erodiade; decapitazione di Giovanni Battista,,decapitazione di Giovanni Battista,117.0,93.3
http://www.wikidata.org/entity/Q131825329,Cavallo+cavaliere+caseggiato,Umberto Boccioni (maschio),1913,,Galleria Nazionale d'Arte Moderna e Contemporanea,Galleria Nazionale d'Arte Moderna e Contemporanea,Equus ferus caballus; cavaliere,,Equus ferus caballus,,
http://www.wikidata.org/entity/Q131825338,I due Foscari,Francesco Hayez (maschio),,,Palazzo Ducale,Palazzo Ducale,I due Foscari,,I due Foscari,,
http://www.wikidata.org/entity/Q131825319,Sacra Famiglia con San Giovannino e Santa Elisabetta,Pieter de Witte (maschio),,,Museo del Cenacolo di Andrea del Sarto,Museo del Cenacolo di Andrea del Sarto,Sacra Famiglia,,Sacra Famiglia,,
http://www.wikidata.org/entity/Q131825317,Sacra Famiglia in un paesaggio,Girolamo da Carpi (maschio),,,Pinacoteca nazionale di Ferrara,Pinacoteca nazionale di Ferrara,Sacra Famiglia,,Sacra Famiglia,,
http://www.wikidata.org/entity/Q131825322,Sacra Famiglia con Giovanni Battista,Perin del Vaga (maschio),,,Palazzo Rosso,Musei di Strada Nuova,Sacra Famiglia,,Sacra Famiglia,,
http://www.wikidata.org/entity/Q131825323,"Sacra Famiglia con Santa Caterina, Santa Barbara e Santa Lucia",Carlo Bononi (maschio),,,Galleria Estense,Galleria Estense,Caterina d'Alessandria; Santa Lucia; santa Barbara; Sacra Famiglia,,Sacra Famiglia,,
http://www.wikidata.org/entity/Q131825320,Sacra Famiglia con Giovanni Battista e Santa Elisabetta,Giulio Cesare Procaccini (maschio),,,Palazzo Rosso,Musei di Strada Nuova,Sacra Famiglia,,Sacra Famiglia,,
http://www.wikidata.org/entity/Q131825326,Sacra Famiglia con Giovanni Battista,Benvenuto Tisi da Garofalo (maschio),,,Palazzo Rosso,Musei di Strada Nuova,Sacra Famiglia,,Sacra Famiglia,,
http://www.wikidata.org/entity/Q131825324,Sacra Famiglia con San Giovannino,Battista Dossi (maschio),,,Galleria di Palazzo Cini,Galleria di Palazzo Cini,Sacra Famiglia,,Sacra Famiglia,,
http://www.wikidata.org/entity/Q131825360,Maestà e un profeta,Jacopo di Mino del Pellicciaio (maschio),,,Museo diocesano d'arte sacra (San Miniato),Museo diocesano d'arte sacra (San Miniato),profeta; maestà,,maestà,,
http://www.wikidata.org/entity/Q131825364,Marina a Douarnenez,Gino Rossi (maschio),,,Galleria internazionale d'arte moderna,Galleria internazionale d'arte moderna,mare; Douarnenez,,mare,,
http://www.wikidata.org/entity/Q131829978,Santo Vescovo,,1600,arte religiosa,Museo diocesano,Museo diocesano,vescovo cattolico,,vescovo cattolico,58.0,146.0
http://www.wikidata.org/entity/Q131830267,Sant'Ampelio,Luca Baudo (maschio),1501,arte religiosa,Museo diocesano,Museo diocesano,Ampelio eremita,,Ampelio eremita,133.0,40.0
http://www.wikidata.org/entity/Q131830296,Sant'Eligio,Luca Baudo (maschio),1501,arte religiosa,Museo diocesano,Museo diocesano,Eligio di Noyon,,Eligio di Noyon,133.0,40.0
http://www.wikidata.org/entity/Q131830590,Martirio di Sant'Eusebio,Gaetano Gandolfi (maschio),1784,arte religiosa,duomo di Vercelli,Museo del Tesoro del Duomo,Eusebio di Vercelli,,,440.0,250.0
http://www.wikidata.org/entity/Q131831531,Confraternita in adorazione della Croce,Giulio De Rossi (maschio),1600,arte religiosa,Museo diocesano,Museo diocesano,Vera Croce; confraternita,,Vera Croce; confraternita,,
http://www.wikidata.org/entity/Q131832227,Dio Padre benedicente,,1600,arte religiosa,Museo diocesano,Museo diocesano,Dio Padre,,Dio Padre,,
http://www.wikidata.org/entity/Q131851014,Immacolata Concezione con santi,Piero di Cosimo (maschio),,,convento di San Francesco,convento di San Francesco,Immacolata Concezione; santo cristiano,,Immacolata Concezione,,
http://www.wikidata.org/entity/Q131851015,In risaia,Angelo Morbelli (maschio),1901,,Gallerie d'Italia – Milano,Gallerie d'Italia – Milano,campo,,campo,,
http://www.wikidata.org/entity/Q131851018,Trittico dello Spedale degli Innocenti,Giovanni Toscani (maschio),,,Museo degli innocenti,Museo degli innocenti,crocifissione di Gesù; Sacra conversazione,,Sacra conversazione,,
http://www.wikidata.org/entity/Q131851028,Giunone e Saturno,Paolo Veronese (maschio),,,Palazzo Ducale,Palazzo Ducale,Giunone; Saturno,,Giunone,,
http://www.wikidata.org/entity/Q131851035,La maga Circe,Giovanni Benedetto Castiglione (maschio),,,Museo Poldi Pezzoli,Museo Poldi Pezzoli,Circe,,Circe,,
http://www.wikidata.org/entity/Q131851016,Incredulità di San Tommaso,Bernardo Strozzi (maschio),1644,arte religiosa,Palazzo Rosso,Musei di Strada Nuova,Gesù; Tommaso,,Tommaso,,
http://www.wikidata.org/entity/Q131831783,Madonna col Bambino,,1500,arte religiosa,Museo diocesano,Museo diocesano,Madonna col Bambino,,Madonna col Bambino,,
http://www.wikidata.org/entity/Q131832197,Madonna col Bambino,,1400,arte religiosa,Museo diocesano,Museo diocesano,Madonna col Bambino,,Madonna col Bambino,,
http://www.wikidata.org/entity/Q131840176,Crocifissione,Raffaello De Rossi (maschio),1600,arte religiosa,Museo diocesano,Museo diocesano,Giovanni; crocifissione di Gesù; Antonio abate,,crocifissione di Gesù,200.0,130.0
http://www.wikidata.org/entity/Q131825306,Ercole e Onfale,Santi di Tito (maschio),,,Studiolo di Francesco I,Studiolo di Francesco I,Ercole e Onfale,,Ercole e Onfale,,
http://www.wikidata.org/entity/Q131851012,Immacolata Concezione,Bartolomeo di David (maschio),,arte religiosa,Museo di arte sacra della Val d'Arbia,Museo di arte sacra della Val d'Arbia,Immacolata Concezione,,Immacolata Concezione,,
http://www.wikidata.org/entity/Q131851013,Immacolata Concezione,Sebastiano Vini (maschio),,arte religiosa,duomo di Prato,duomo di Prato,Immacolata Concezione,,Immacolata Concezione,,
http://www.wikidata.org/entity/Q131825316,Sacra Famiglia,Bartolomeo Montagna (maschio),,arte religiosa,Museo Correr,Museo Correr,Sacra Famiglia,,Sacra Famiglia,,
http://www.wikidata.org/entity/Q131856664,San Paolo,Giovanni Andrea De Ferrari (maschio),1700,arte religiosa,Museo diocesano,Museo diocesano,Paolo di Tarso,,Paolo di Tarso,130.0,66.5
http://www.wikidata.org/entity/Q131857510,San Giuseppe,Giovanni Andrea De Ferrari (maschio),1700,arte religiosa,Museo diocesano,Museo diocesano,San Giuseppe,,San Giuseppe,130.0,66.5
http://www.wikidata.org/entity/Q131860141,Ritratto di cardinale,,1800,ritratto,Museo diocesano,Museo diocesano,cardinale,,cardinale,86.0,63.5
http://www.wikidata.org/entity/Q131851103,Arca di Noè,,,arte religiosa,Palazzo Ducale,Palazzo Ducale,arca di Noè,,arca di Noè,,
http://www.wikidata.org/entity/Q131851125,Resurrezione di Lazzaro,Gherardo Starnina (maschio),,arte religiosa,Museo dell'Opera di Santa Croce,Museo dell'Opera di Santa Croce,risurrezione di Lazzaro,,risurrezione di Lazzaro,,
http://www.wikidata.org/entity/Q131857319,San Gerolamo,Orazio De Ferrari (maschio),1700,arte religiosa,Museo diocesano,Museo diocesano,Sofronio Eusebio Girolamo,,Sofronio Eusebio Girolamo,102.0,75.0
http://www.wikidata.org/entity/Q131861810,San Simone Stock riceve dalla Madonna lo scapolare,,1700,arte religiosa,Museo diocesano,Museo diocesano,Maria; Simone Stock; Bambino Gesù,,Madonna col Bambino; Simone Stock,76.0,60.0
http://www.wikidata.org/entity/Q131851042,Marte e Nettuno,Paolo Veronese (maschio),,pittura mitologica,Palazzo Ducale,Palazzo Ducale,Marte; Nettuno,,Marte,,
http://www.wikidata.org/entity/Q131851041,Mansuetudine,Paolo Veronese (maschio),,,Palazzo Ducale,Palazzo Ducale,mansuetudine,,mansuetudine,,
http://www.wikidata.org/entity/Q131851051,Moderazione,Paolo Veronese (maschio),,,Palazzo Ducale,Palazzo Ducale,moderazione,,moderazione,,
http://www.wikidata.org/entity/Q131851094,Vita di San Bernardino,Sano di Pietro (maschio),,,Museo dell'Opera del Duomo,Museo dell'Opera del Duomo,Bernardino da Siena,,Bernardino da Siena,,
http://www.wikidata.org/entity/Q131851100,Matrimonio mistico di Santa Caterina,Jacopo Tintoretto (maschio),1576,arte religiosa,Palazzo Ducale,Palazzo Ducale,sposalizio mistico di santa Caterina,,sposalizio mistico di santa Caterina,,
http://www.wikidata.org/entity/Q131851106,Scudo dipinto,Polidoro da Caravaggio (maschio),,,Museo civico d'arte antica,Museo civico d'arte antica,,,,,
http://www.wikidata.org/entity/Q131851108,Pala Ghirlandaiesca di San Donnino,David Ghirlandaio (maschio),,,Museo di arte sacra di San Donnino,Museo di arte sacra di San Donnino,Davide,,Davide; Antonio abate,,
http://www.wikidata.org/entity/Q131851122,Presentazione di Gesù Cristo al Tempio,Giorgio Vasari (maschio),,arte religiosa,Galleria Napoletana del Museo di Capodimonte,Galleria Napoletana del Museo di Capodimonte,Presentazione al Tempio,,Presentazione al Tempio,,
http://www.wikidata.org/entity/Q131851126,Religione e Fede,Paolo Veronese (maschio),,,Palazzo Ducale,Palazzo Ducale,religione; fede,,religione,,
http://www.wikidata.org/entity/Q131851124,Prosperità,Paolo Veronese (maschio),,,Palazzo Ducale,Palazzo Ducale,prosperità,,prosperità,,
http://www.wikidata.org/entity/Q131851135,Cristo risorto e tre Avogadori,Jacopo Tintoretto (maschio),,,Palazzo Ducale,Palazzo Ducale,Risurrezione di Gesù; Avogadoria de Comùn,,Risurrezione di Gesù,,
http://www.wikidata.org/entity/Q131851136,Ricompensa,Paolo Veronese (maschio),1575,allegoria,Palazzo Ducale,Palazzo Ducale,taglia,,taglia,250.0,180.0
http://www.wikidata.org/entity/Q131859345,La diocesi di Albenga,,1636,pittura paesaggistica,Museo diocesano,Museo diocesano,diocesi di Albenga-Imperia,,diocesi di Albenga-Imperia,77.5,119.0
http://www.wikidata.org/entity/Q131859480,Sant'Andrea condotto al martirio,Giovanni Andrea De Ferrari (maschio),1700,arte religiosa,Museo diocesano,Museo diocesano,Andrea,,Andrea,153.0,184.5
http://www.wikidata.org/entity/Q131859542,Liberazione di San Pietro,,1700,arte religiosa,Museo diocesano,Museo diocesano,Pietro; angelo; guerriero,,liberazione di Pietro,120.0,92.0
http://www.wikidata.org/entity/Q131860198,copia del ritratto di Giambattista Spinola il Vecchio di Giovanni Battista Gaulli,,1700,ritratto,Museo diocesano,Museo diocesano,Giambattista Spinola,,Giambattista Spinola,86.0,63.0
http://www.wikidata.org/entity/Q131861981,Madonna della Misericordia e San Vincenzo Ferrer,,1700,arte religiosa,Museo diocesano,Museo diocesano,Madonna della Misericordia; angelo; Vincenzo Ferreri; putto; serafino,,Madonna della Misericordia,76.5,60.0
http://www.wikidata.org/entity/Q131869926,polittico di San Giovanni Battista,,1600,arte religiosa,Museo diocesano; oratorio di San Giovanni Battista,Museo diocesano,Pietro; Giovanni Battista; Imago pietatis; angelo; Giovanni,,Giovanni Battista,,
http://www.wikidata.org/entity/Q131869955,polittico di Nostra Signora Assunta in cielo,,1600,arte religiosa,Museo diocesano,Museo diocesano,Pietro; Giovanni Battista; Annunciazione; Assunzione di Maria,,Assunzione di Maria,,
http://www.wikidata.org/entity/Q131856942,San Giovanni Battista,,1700,arte religiosa,Museo diocesano,Museo diocesano,Giovanni Battista,,Giovanni Battista,170.0,136.0
http://www.wikidata.org/entity/Q131856823,Annunciazione,Domenico Fiasella (maschio),1700,arte religiosa,Museo diocesano,Museo diocesano,Maria; Gabriele; Dio Padre; Spirito Santo,,Annunciazione,220.0,150.0
http://www.wikidata.org/entity/Q131868524,Assunzione della Vergine,Giulio Benso (maschio),1628,arte religiosa,oratorio di San Sebastiano e della Vergine Assunta,oratorio di San Sebastiano e della Vergine Assunta,Assunzione di Maria,,Assunzione di Maria,400.0,275.0
http://www.wikidata.org/entity/Q131704141,Cristo e l'adultera,Ludovico Mazzolino (maschio),1526,arte religiosa,Sala di Apollo,Galleria Palatina,Gesù; Apollo,,pericope dell'adultera,63.7,42.0
http://www.wikidata.org/entity/Q131719685,Cristo morto,Luca Saltarello (maschio),,,Accademia ligustica di belle arti,Accademia ligustica di belle arti,Cristo morto,,Cristo morto,,
http://www.wikidata.org/entity/Q131760459,Ritratto femminile,Angelo Maccagnino (maschio),,,Museo Correr,Museo Correr,donna,,donna,,
http://www.wikidata.org/entity/Q131704274,Deposizione di Cristo,Pier Francesco Sacchi (maschio),,arte religiosa,Museo diocesano (Genova),Museo diocesano (Genova),deposizione di Gesù,,deposizione di Gesù,,
http://www.wikidata.org/entity/Q131753928,Sepoltura di Cristo,Michele Koeck (maschio),,arte religiosa,chiesa di Santa Maria in Vallicella,chiesa di Santa Maria in Vallicella,sepoltura di Gesù,,sepoltura di Gesù,,
http://www.wikidata.org/entity/Q131704145,Cristo consegna le chiavi a San Pietro,Lorenzo Veneziano (maschio),,,Museo Correr,Museo Correr,Pietro; chiavi del cielo,,chiavi del cielo,,
http://www.wikidata.org/entity/Q131719683,Davide con la testa di Golia,Orazio Gentileschi (maschio),,arte religiosa,Galleria Spada,Galleria Spada,Davide con la testa di Golia,,Davide con la testa di Golia,,
http://www.wikidata.org/entity/Q131704780,Purificazione del Tempio,Guercino (maschio),,arte religiosa,Palazzo Rosso,Musei di Strada Nuova,purificazione del Tempio,,purificazione del Tempio,,
http://www.wikidata.org/entity/Q131704134,Assunzione di Veronese,Paolo Veronese (maschio),,,cappella del Rosario,cappella del Rosario,assunzione di Maria nell'arte,,assunzione di Maria nell'arte,,
http://www.wikidata.org/entity/Q131704138,Cristo al Calvario e il Cireneo,Gentile Bellini (maschio),1460,arte religiosa,Galleria nazionale di Cosenza,Galleria nazionale di Cosenza,Cristo porta la croce,,Cristo porta la croce,,
http://www.wikidata.org/entity/Q131704142,Cristo e l'ossesso,Mattia Preti (maschio),,,Galleria delle pitture e delle statue degli Uffizi,Palazzo degli Uffizi,Guarigione del ragazzo indemoniato,,Guarigione del ragazzo indemoniato,,
http://www.wikidata.org/entity/Q131704140,Cristo in trono tra Maria e santi fiorentini,Nicolò Barabino (maschio),,,Museo dell'Opera del Duomo,Museo dell'Opera del Duomo,Gesù,,Gesù,,
http://www.wikidata.org/entity/Q131704265,Davide e Golia,Tanzio da Varallo (maschio),1625,,pinacoteca di Varallo,pinacoteca di Varallo,Davide e Golia,,Davide e Golia,,
http://www.wikidata.org/entity/Q131704278,Discesa dalla Croce,Giuseppe Mazzuoli (maschio),,arte religiosa,Pinacoteca nazionale di Ferrara,Pinacoteca nazionale di Siena,deposizione di Gesù,,deposizione di Gesù,,
http://www.wikidata.org/entity/Q131704279,Discesa dalla Croce,Benozzo Gozzoli (maschio),,arte religiosa,Museo Horne,Museo Horne,deposizione di Gesù,,deposizione di Gesù,,
http://www.wikidata.org/entity/Q131704280,Discesa dalla Croce,Giuseppe Porta (maschio),,arte religiosa,chiesa di San Pietro martire,chiesa di San Pietro martire,deposizione di Gesù,,deposizione di Gesù,,
http://www.wikidata.org/entity/Q131704281,Discesa dalla Croce,Luca Cambiaso (maschio),,arte religiosa,Palazzo Rosso,Musei di Strada Nuova,deposizione di Gesù,,deposizione di Gesù,,
http://www.wikidata.org/entity/Q131704285,Diana ed Endimione o Venere e Adone,Jacopo Tintoretto (maschio),1579,,Galleria delle pitture e delle statue degli Uffizi,Palazzo degli Uffizi,Diana; Endimione,,Diana,,
http://www.wikidata.org/entity/Q131704288,Diogene e Alessandro,Giovan Battista Langetti (maschio),,,Pinacoteca Querini Stampalia,Pinacoteca Querini Stampalia,Alessandro Magno; incontro tra Diogene di Sinope e Alessandro Magno,,incontro tra Diogene di Sinope e Alessandro Magno,,
http://www.wikidata.org/entity/Q131704294,Disputa sull'Immacolata Concezione,Francesco Francia (maschio),,,Museo nazionale di Villa Guinigi,Museo nazionale di Villa Guinigi,disputa sull'Immacolata Concezione,,disputa sull'Immacolata Concezione,,
http://www.wikidata.org/entity/Q131704298,Dittico di Santa Chiara,Dietisalvi di Speme (maschio),,,Pinacoteca nazionale di Siena,Pinacoteca nazionale di Siena,Chiara d'Assisi,,Chiara d'Assisi,,
http://www.wikidata.org/entity/Q131704296,Disputa sull'Immacolata Concezione,Carlo Portelli (maschio),,,Galleria dell'Accademia,Galleria dell'Accademia,disputa sull'Immacolata Concezione,,disputa sull'Immacolata Concezione,,
http://www.wikidata.org/entity/Q131704297,Dittico del beato Andrea Gallerani,Dietisalvi di Speme (maschio),,,Pinacoteca nazionale di Siena,Pinacoteca nazionale di Siena,Andrea Gallerani,,Andrea Gallerani,,
http://www.wikidata.org/entity/Q131704303,Dossale,Deodato Orlandi (maschio),,,Museo nazionale di San Matteo,Museo nazionale di San Matteo,,,,,
http://www.wikidata.org/entity/Q131704304,Parti della Dossale di Badia Ardenga nella Pinacoteca Nazionale,Dietisalvi di Speme (maschio); Guido da Siena (maschio),,,Pinacoteca nazionale di Siena,Pinacoteca nazionale di Ferrara,,,Dossale di Badia Ardenga,,
http://www.wikidata.org/entity/Q131704783,Cleopatra che si uccide,Guercino (maschio),1638,,Pinacoteca nazionale di Ferrara,Pinacoteca nazionale di Ferrara,morte di Cleopatra,,morte di Cleopatra,,
http://www.wikidata.org/entity/Q131704770,La carità e i fondatori delle corporazioni artigianali di Firenze,Nicolò Barabino (maschio),,,Museo dell'Opera del Duomo,Museo dell'Opera del Duomo,corporazione delle arti e mestieri; carità; Arti di Firenze,,carità,,
http://www.wikidata.org/entity/Q131708783,Le Alpi,Antonio Pedretti (maschio),,,Galleria all'aperto dell'affresco di Arcumeggia,Galleria all'aperto dell'affresco di Arcumeggia,Alpi,,Alpi,,
http://www.wikidata.org/entity/Q131719684,Dea Barberini,,,,Museo nazionale romano di palazzo Massimo,Museo nazionale romano di palazzo Massimo,Roma,,Roma,,
http://www.wikidata.org/entity/Q131719730,San Filippo Neri in estasi,Guido Reni (maschio),1614,arte religiosa,chiesa di Santa Maria in Vallicella,chiesa di Santa Maria in Vallicella,Filippo Neri,,Filippo Neri,,
http://www.wikidata.org/entity/Q131719735,San Giovanni si congeda dalla sua famiglia,Filippo Lippi (maschio),1452,,duomo di Prato,duomo di Prato,Giovanni Battista,,Giovanni Battista,,
http://www.wikidata.org/entity/Q131719732,Sant'Agata visitata in prigione da San Pietro,Paolo Veronese (maschio),,,chiesa di San Pietro martire,chiesa di San Pietro martire,Pietro; Sant'Agata,,Sant'Agata,,
http://www.wikidata.org/entity/Q131719736,San Giovanni Battista e undici storie dalla sua vita,Giovanni del Biondo (maschio),1361,,Galleria delle pitture e delle statue degli Uffizi,Palazzo degli Uffizi; Collezione Contini Bonacossi,Giovanni Battista,,Giovanni Battista,,
http://www.wikidata.org/entity/Q131719743,Storie di Griselda dal Castello di Roccabianca,,,,Museo dei Mobili e delle Sculture Lignee,Museo dei Mobili e delle Sculture Lignee,zodiaco; Griselda,,zodiaco,,
http://www.wikidata.org/entity/Q131719746,Storie di San Giovanni Evangelista,Lorenzo Salimbeni (maschio),,,Pinacoteca civica Tacchi-Venturi,Pinacoteca civica Tacchi-Venturi,Giovanni,,Giovanni,,
http://www.wikidata.org/entity/Q131719744,Storie dei Santi Giovanni Battista e Giovanni Evangelista,Pietro Lorenzetti (maschio),,,convento di San Clemente in Santa Maria dei Servi,convento di San Clemente in Santa Maria dei Servi,Giovanni Battista; Giovanni,,Giovanni Battista,,
http://www.wikidata.org/entity/Q131719745,Storie di Marco Furio Camillo,Francesco Salviati (maschio),,,Palazzo Vecchio,Palazzo Vecchio,Marco Furio Camillo,,Marco Furio Camillo,,
http://www.wikidata.org/entity/Q131719750,Storie della Castellana di Vergy,,,,Palazzo Davanzati,Palazzo Davanzati,,,La castellana di Vergi,,
http://www.wikidata.org/entity/Q131721232,Ritratto di Anna Maria Luisa de' Medici bambina,Justus Sustermans (maschio),1670,ritratto,deposito del museo,Palazzo degli Uffizi,Anna Maria Luisa de' Medici,,Anna Maria Luisa de' Medici,139.0,106.0
http://www.wikidata.org/entity/Q131748785,Crocifissino,Filippino Lippi (maschio),1501,,Museo di Palazzo Pretorio,Museo di Palazzo Pretorio,crocifisso,,crocifisso,,
http://www.wikidata.org/entity/Q131753929,Erminia e il pastore,Giovanni Antonio Burrini (maschio),,,Pinacoteca Nazionale di Bologna,Pinacoteca Nazionale di Bologna,Erminia tra i pastori,,Erminia tra i pastori,,
http://www.wikidata.org/entity/Q131753974,Mercato degli Amorini,Antonio Canova (maschio),,,Gipsoteca canoviana,Gipsoteca canoviana,amorino,,amorino,,
http://www.wikidata.org/entity/Q131753985,Ritratto della Signora De Amorim,Cesare Tallone (maschio),,ritratto,Raccolte Frugone,Raccolte Frugone,donna,,donna,,
http://www.wikidata.org/entity/Q131754003,"San Petronio, storie di San Petronio e santo Stefano",Michele di Matteo (maschio),,,museo di Santo Stefano,museo di Santo Stefano,Stefano; Petronio,,Petronio; Stefano,,
http://www.wikidata.org/entity/Q131719756,Cattura di Cristo,Maestro di Marradi (maschio),,arte religiosa,Galleria delle pitture e delle statue degli Uffizi,Palazzo degli Uffizi,Arresto di Gesù,,Arresto di Gesù,,
http://www.wikidata.org/entity/Q131704272,Deposizione,Francesco Salviati (maschio),,arte religiosa,cappella Medici,cappella Medici,deposizione di Gesù,,deposizione di Gesù,,
http://www.wikidata.org/entity/Q131704273,Deposizione,Luca Signorelli (maschio),,arte religiosa,chiesa - museo di Santa Croce,chiesa - museo di Santa Croce,deposizione di Gesù,,deposizione di Gesù,,
http://www.wikidata.org/entity/Q131760461,Ritratto di giovane,Francesco Salviati (maschio),1543,ritratto,Museo Poldi Pezzoli,Museo Poldi Pezzoli,adolescente,,adolescente,,
http://www.wikidata.org/entity/Q131812877,La Fortezza,Maso da San Friano (maschio),,,Galleria dell'Accademia,Galleria dell'Accademia,fortezza,,fortezza,,
http://www.wikidata.org/entity/Q131766192,Flagellazione di Cristo,Sebastiano del Piombo (maschio),,arte religiosa,,,flagellazione di Gesù,,flagellazione di Gesù,,
http://www.wikidata.org/entity/Q131812900,I quattro Evangelisti,Filippo Lippi (maschio),,,duomo di Prato,duomo di Prato,Evangelista,,Evangelista,,
http://www.wikidata.org/entity/Q131760473,Ritratto di Cristoforo Colombo,Ridolfo del Ghirlandaio (maschio),,ritratto,Galata − Museo del mare,Galata − Museo del mare,Cristoforo Colombo,,Cristoforo Colombo,,
http://www.wikidata.org/entity/Q131760474,Ritratto di Dante,Giotto (maschio),,ritratto,cappella del Podestà,cappella del Podestà,,,,,
http://www.wikidata.org/entity/Q131760462,Ritratto della moglie in costume pompeiano,Mariano Fortuny y Madrazo (maschio),1935,ritratto,Museo Fortuny,Museo Fortuny,Henriette Negrin,,Henriette Negrin,218.0,132.0
http://www.wikidata.org/entity/Q131760475,Ritratto della granduchessa Elena Pavlovna Romanova,Felice Schiavoni (maschio),1841,ritratto,Gallerie dell'Accademia,Gallerie dell'Accademia,Elena Pavlovna Romanova,,Elena Pavlovna Romanova,114.0,95.0
http://www.wikidata.org/entity/Q131760472,Ritratto di Caterina Contarini Querini,Alessandro Longhi (maschio),1758,ritratto,Pinacoteca Querini Stampalia,Pinacoteca Querini Stampalia,Caterina Contarini Querini,,Caterina Contarini Querini,55.0,45.0
http://www.wikidata.org/entity/Q131760478,Ritratto di Massimo d’Azeglio,Francesco Hayez (maschio),1860,ritratto,Pinacoteca di Brera,Pinacoteca di Brera,Massimo d'Azeglio,,Massimo d'Azeglio,118.0,92.0
http://www.wikidata.org/entity/Q131760479,Ritratto di Napoleone Bonaparte,Henri Félix Emmanuel Philippoteaux (maschio),,ritratto,Museo Correr,Museo Correr,Napoleone Bonaparte,,Napoleone Bonaparte,,
http://www.wikidata.org/entity/Q131760476,Ritratto di Enrico II,François Clouet (maschio),1547,ritratto,Galleria Palatina,Galleria Palatina,Enrico II di Francia,,Enrico II di Francia,192.0,105.0
http://www.wikidata.org/entity/Q131760480,Ritratto d'uomo col berretto rosso,Vittore Carpaccio (maschio),,ritratto,Museo Correr,Museo Correr,berretto; maschio,,uomo,,
http://www.wikidata.org/entity/Q131760481,"Ritratto di donna, forse Vannozza Borgia",Innocenzo di Pietro Francucci da Imola (maschio),1530,ritratto,Galleria Borghese,Galleria Borghese,Vannozza Cattanei; nobile,,Vannozza Cattanei,,
http://www.wikidata.org/entity/Q131766119,Festa di Ester,Giorgio Vasari (maschio),,,Museo nazionale d'arte medievale e moderna,Museo nazionale d'arte medievale e moderna,Purim,,Purim,,
http://www.wikidata.org/entity/Q131766115,La Fede tra i rappresentanti delle Corporazioni di Firenze,Nicolò Barabino (maschio),1885,,Museo dell'Opera del Duomo,Museo dell'Opera del Duomo,Arti di Firenze; fede,,fede,,
http://www.wikidata.org/entity/Q131766122,"Matrona con nell'alto divinità, che spezza ceppi e catene",Paolo Veronese (maschio),,,Palazzo Ducale,Palazzo Ducale,matrona; catena,,matrona,,
http://www.wikidata.org/entity/Q131766120,Moltiplicazione dei pani,Santi di Tito (maschio),,,chiesa dei Santi Gervasio e Protasio,chiesa dei Santi Gervasio e Protasio,moltiplicazione dei pani e dei pesci,,moltiplicazione dei pani e dei pesci,,
http://www.wikidata.org/entity/Q131766147,Combattimento tra la Fortezza e la Fortuna,,,,Museo pontificio della Santa Casa,Museo pontificio della Santa Casa,Fortuna; fortezza; combattimento,,combattimento,,
http://www.wikidata.org/entity/Q131766143,La Fedeltà e la Pace,Pietro Liberi (maschio),1665,,Fondazione Elisabetta Sgarbi,Fondazione Elisabetta Sgarbi,pace; fedeltà,,pace; fedeltà,,
http://www.wikidata.org/entity/Q131766148,"Giove, Giunone e Io",Ambrogio Figino (maschio),,,Pinacoteca Malaspina,Pinacoteca Malaspina,Giove; Giunone; Io,,Giove,,
http://www.wikidata.org/entity/Q131766151,Rinvenimento della Santa Croce,Poppi (maschio),,,Museo del Cenacolo di Andrea del Sarto,Museo del Cenacolo di Andrea del Sarto,ritrovamento della Croce,,ritrovamento della Croce,,
http://www.wikidata.org/entity/Q131812901,Quattro santi,Ambrogio Lorenzetti (maschio),,,Museo dell'Opera del Duomo,Museo dell'Opera del Duomo,santo cristiano,,santo cristiano,,
http://www.wikidata.org/entity/Q131812921,Affresco della discesa dalla Croce,Aurelio Luini (maschio),,,chiesa di San Maurizio al Monastero Maggiore,chiesa di San Maurizio al Monastero Maggiore,deposizione di Gesù,,deposizione di Gesù,,
http://www.wikidata.org/entity/Q131812917,Ritratto di Francesco di Marco Datini,Tommaso di Piero (maschio),1490,ritratto,Museo di Palazzo Pretorio,Museo di Palazzo Pretorio,Francesco Datini,,Francesco Datini,,
http://www.wikidata.org/entity/Q131812919,San Francesco d'Assisi abbracciato al Crocifisso,Bernardo Strozzi (maschio),,arte religiosa,Palazzo Rosso,Musei di Strada Nuova,crocifisso; Francesco d'Assisi,,Francesco d'Assisi,,
http://www.wikidata.org/entity/Q131812933,Fregio di Enea di Bartolomeo Cesi,Bartolomeo Cesi (maschio),,,Palazzo Fava,Palazzo Fava,Enea,,Enea,,
http://www.wikidata.org/entity/Q131812935,Storie di Enea di Francesco Albani,Francesco Albani (maschio),,,Palazzo Fava,Palazzo Fava,Enea,,Enea,,
http://www.wikidata.org/entity/Q131812937,Storie di Enea di artista carraccesco,,,,Palazzo Fava,Palazzo Fava,Enea,,Enea,,
http://www.wikidata.org/entity/Q131813151,"Bacco, Venere e Arianna",Jacopo Tintoretto (maschio),,,Palazzo Ducale,Palazzo Ducale,Venere; Arianna; Bacco,,Bacco,,
http://www.wikidata.org/entity/Q131813153,Mercurio e le Grazie,Jacopo Tintoretto (maschio),,,Palazzo Ducale,Palazzo Ducale,Mercurio; Cariti,,Mercurio,,
http://www.wikidata.org/entity/Q131813159,Ritorno di Giacobbe e la sua famiglia,Jacopo Bassano (maschio),1580,arte religiosa,Sala dell'Anticollegio,Palazzo Ducale,Giacobbe,,Giacobbe,150.0,205.0
http://www.wikidata.org/entity/Q131813148,Soffitto della sala dell'Anticollegio,Paolo Veronese (maschio),,,Palazzo Ducale,Palazzo Ducale,,,,,
http://www.wikidata.org/entity/Q131813192,Altare maggiore di Sant'Ignazio,Andrea Pozzo (maschio),,,chiesa di Sant'Ignazio di Loyola in Campo Marzio,chiesa di Sant'Ignazio di Loyola in Campo Marzio,Ignazio di Loyola,,Ignazio di Loyola,,
http://www.wikidata.org/entity/Q132148031,San Giovannino parte per il deserto e incontra Gesù,Franciabigio (maschio),1518,,chiostro dello Scalzo,chiostro dello Scalzo,Gesù; Giovanni Battista,,Giovanni Battista,,
http://www.wikidata.org/entity/Q132148039,Michelangelo presenta a Leone X i progetti per San Lorenzo,Jacopo Chimenti (maschio),,,Casa Buonarroti,Casa Buonarroti,Michelangelo Buonarroti; papa Leone X,,Michelangelo Buonarroti,,
http://www.wikidata.org/entity/Q132148037,Madonna in trono con Bambino e santi con personaggi della corte dei Medici,Giovanni Maria Butteri (maschio),1575,,Museo del Cenacolo di Andrea del Sarto,Museo del Cenacolo di Andrea del Sarto,Sacra conversazione; Madonna col Bambino; San Giovannino; san Giorgio; Caterina d'Alessandria; Sant'Anna,,Madonna col Bambino,192.0,140.0
http://www.wikidata.org/entity/Q132148050,Miracolo di Gesù Cristo,Domenico Fetti (maschio),,,Palazzo Ducale,Palazzo Ducale,moltiplicazione dei pani e dei pesci,,moltiplicazione dei pani e dei pesci,,
http://www.wikidata.org/entity/Q132148051,Miracolo di Sant'Agnese,Jacopo Tintoretto (maschio),,,chiesa della Madonna dell'Orto,chiesa della Madonna dell'Orto,Sant'Agnese,,Sant'Agnese,,
http://www.wikidata.org/entity/Q132148054,Miracolo di San Giovanni Gualberto,Alessandro Allori (maschio),,,Museo di Palazzo Pretorio,Museo di Palazzo Pretorio,cappella di San Giovanni Gualberto nella Basilica di Santa Prassede,,cappella di San Giovanni Gualberto nella Basilica di Santa Prassede,,
http://www.wikidata.org/entity/Q132148052,Miracolo di San Bartolomeo,Sebastiano Vini (maschio),,,chiesa di San Bartolomeo,chiesa di San Bartolomeo,Bartolomeo,,Bartolomeo,,
http://www.wikidata.org/entity/Q132148057,Miracolo di San Filippo Benizzi,Alessandro Allori (maschio),,,Museo di Palazzo Pretorio,Museo di Palazzo Pretorio,San Filippo Benizzi,,San Filippo Benizzi,,
http://www.wikidata.org/entity/Q132148061,Miracolo di San Trifonio,Vittore Carpaccio (maschio),,,Scuola di San Giorgio degli Schiavoni,Scuola di San Giorgio degli Schiavoni,Trifone,,Trifone,,
http://www.wikidata.org/entity/Q132148137,Musa Erato,Cosmè Tura (maschio),,,Pinacoteca nazionale di Ferrara,Pinacoteca nazionale di Ferrara,Muse,,Muse,,
http://www.wikidata.org/entity/Q132148134,Ultima Cena dalle Murate,Giorgio Vasari (maschio),,,cenacolo di Santa Croce,cenacolo di Santa Croce,Ultima cena,,Ultima cena,,
http://www.wikidata.org/entity/Q131937078,Ultima Cena,Andrea di Bartolo (maschio),,arte religiosa,Pinacoteca Nazionale di Bologna,Pinacoteca Nazionale di Bologna,Ultima cena,,Ultima cena,,
http://www.wikidata.org/entity/Q131937079,Ultima Cena,Antonio della Corna (maschio),,arte religiosa,basilica di San Lorenzo,basilica di San Lorenzo,Ultima cena,,Ultima cena,,
http://www.wikidata.org/entity/Q131937080,Ultima Cena,Giorgio Vasari (maschio),,arte religiosa,,,Ultima cena,,Ultima cena,,
http://www.wikidata.org/entity/Q131937081,Ultima Cena,Jacopo Tintoretto (maschio),1566,arte religiosa,chiesa di San Trovaso,chiesa di San Trovaso,Ultima cena,,Ultima cena,221.0,413.0
http://www.wikidata.org/entity/Q132148002,Martirio di San Lorenzo,Lodovico Cigoli (maschio),,,raccolta d’arte sacra della Collegiata di Santa Maria Assunta,raccolta d’arte sacra della Collegiata di Santa Maria Assunta,San Lorenzo,,San Lorenzo,,
http://www.wikidata.org/entity/Q131937032,Orazione nell'Orto,Vittore Carpaccio (maschio),,,Scuola di San Giorgio degli Schiavoni,Scuola di San Giorgio degli Schiavoni,orazione nell'orto,,orazione nell'orto,,
http://www.wikidata.org/entity/Q131937025,Giacobbe e Rachele al pozzo,Maestro dei dodici apostoli (maschio),,,Pinacoteca nazionale di Ferrara,Pinacoteca nazionale di Siena,Giacobbe e Rachele,,Giacobbe e Rachele,,
http://www.wikidata.org/entity/Q131937031,Gesù Cristo sul Monte degli Ulivi,Santi di Tito (maschio),,arte religiosa,chiesa di Santa Maria Maddalena dei Pazzi,chiesa di Santa Maria Maddalena dei Pazzi,,,orazione nell'orto,,
http://www.wikidata.org/entity/Q131937030,Gesù Cristo tra i dottori,Ludovico Mazzolino (maschio),,,Galleria Doria Pamphilj,Galleria Doria Pamphilj,Ritrovamento di Gesù al Tempio,,Ritrovamento di Gesù al Tempio,,
http://www.wikidata.org/entity/Q131937036,Giuseppe condotto in prigione,Francesco Granacci (maschio),,,Galleria delle pitture e delle statue degli Uffizi,Palazzo degli Uffizi,Giuseppe,,Giuseppe,,
http://www.wikidata.org/entity/Q131937042,Uomo con lucerna,Wolfgang Heimbach (maschio),1645,arte di genere,Galleria Borghese,Collezione Borghese; Galleria Borghese,giovane uomo; candela,,giovane uomo,45.0,35.0
http://www.wikidata.org/entity/Q131937045,Re Salomone,Ambrogio Lorenzetti (maschio),,,Museo diocesano d'arte sacra,Museo diocesano d'arte sacra,Salomone,,Salomone,,
http://www.wikidata.org/entity/Q131937070,Compianto sul Cristo deposto con santi,Giuseppe Porta (maschio),,,chiesa di San Pietro martire,chiesa di San Pietro martire,Compianto sul Cristo morto,,Compianto sul Cristo morto,,
http://www.wikidata.org/entity/Q131937061,La partenza dell'emigrante,Giuseppe Migneco (maschio),,,Galleria all'aperto dell'affresco di Arcumeggia,Galleria all'aperto dell'affresco di Arcumeggia,emigrazione,,emigrazione,,
http://www.wikidata.org/entity/Q131937094,Le acque sognanti. L'enigma del lago,Carmelo Nino Trovato (maschio),,,Galleria all'aperto dell'affresco di Arcumeggia,Galleria all'aperto dell'affresco di Arcumeggia,lago,,lago,,
http://www.wikidata.org/entity/Q131937109,Lot e le sue figlie,Lorenzo Lippi (maschio),,arte religiosa,Galleria delle pitture e delle statue degli Uffizi,Palazzo degli Uffizi,Lot e le sue figlie,,Lot e le sue figlie,,
http://www.wikidata.org/entity/Q131937102,Vita e Passione di Gesù Cristo,Gaudenzio Ferrari (maschio),,,chiesa di Santa Maria delle Grazie,chiesa di Santa Maria delle Grazie,crocifissione di Gesù,,crocifissione di Gesù,,
http://www.wikidata.org/entity/Q131937113,Lucania '61,Carlo Levi (maschio),1961,,Palazzo Lanfranchi,Palazzo Lanfranchi,Basilicata,,Basilicata,,
http://www.wikidata.org/entity/Q131937118,Lupercali,Domenico Beccafumi (maschio),,,Quadreria di Casa Martelli,Quadreria di Casa Martelli,Lupercalia,,Lupercalia,,
http://www.wikidata.org/entity/Q132147956,Battaglia di Bet-Zacaria tra Giuda Maccabeo e Antico V Eupatore,Andrea da Bologna (maschio),1350,,Museo dell'Abbazia di Pomposa,Museo dell'Abbazia di Pomposa,rivolta dei Maccabei,,rivolta dei Maccabei,,
http://www.wikidata.org/entity/Q132147979,Santa Margherita da Cortona e storie della sua vita,,1298,,Museo diocesano di Cortona,Museo diocesano di Cortona,Margherita da Cortona,,Margherita da Cortona,,
http://www.wikidata.org/entity/Q132147995,Martirio di Sant'Andrea,Antonio Semino (maschio); Teramo Piaggio (maschio),,,Museo diocesano (Genova),Museo diocesano (Genova),crocifissione di Gesù,,crocifissione di Gesù,,
http://www.wikidata.org/entity/Q132147993,Martirio di Sant'Agnese,Domenichino (maschio),,,Pinacoteca Nazionale di Bologna,Pinacoteca Nazionale di Bologna,Sant'Agnese; martirio,,Sant'Agnese; martirio,,
http://www.wikidata.org/entity/Q132147998,Martirio di San Jacopo,Giovanni Bizzelli (maschio),,,chiesa di Santa Maria Maddalena dei Pazzi,chiesa di Santa Maria Maddalena dei Pazzi,,,,,
http://www.wikidata.org/entity/Q132148006,Martirio di San Maurelio,Guercino (maschio),,,Pinacoteca nazionale di Ferrara,Pinacoteca nazionale di Ferrara,Maurelio di Voghenza,,Maurelio di Voghenza,,
http://www.wikidata.org/entity/Q132148011,Maestà di Massa Marittima,Duccio di Buoninsegna (maschio),,,cattedrale di San Cerbone,cattedrale di San Cerbone,Madonna col Bambino,,Madonna col Bambino,,
http://www.wikidata.org/entity/Q132148016,Gioie materne,Niccolò Cannicci (maschio),1887,,Galleria d'arte moderna di Firenze,Galleria d'arte moderna di Firenze,Madonna col Bambino,,Madonna col Bambino,,
http://www.wikidata.org/entity/Q132148013,Massacro degli Innocenti,Matteo di Giovanni (maschio),,arte religiosa,basilica di San Clemente in Santa Maria dei Servi,basilica di San Clemente in Santa Maria dei Servi,strage degli innocenti,,strage degli innocenti,,
http://www.wikidata.org/entity/Q132148015,Trittico di Matera,,1350,,Museo nazionale d'arte medievale e moderna della Basilicata,Museo nazionale d'arte medievale e moderna della Basilicata,Madonna col Bambino,,Madonna col Bambino,,
http://www.wikidata.org/entity/Q132147996,Martirio di San Bartolomeo,Gioacchino Assereto (maschio),,,Accademia ligustica di belle arti,Accademia ligustica di belle arti,Bartolomeo,,Bartolomeo,,
http://www.wikidata.org/entity/Q132147997,Martirio di san Bartolomeo,Valentin de Boulogne (maschio),1617,arte religiosa,,Gallerie dell'Accademia,Bartolomeo,,Bartolomeo,122.0,165.5
http://www.wikidata.org/entity/Q131919623,Compianto sul Cristo morto,Benvenuto Tisi da Garofalo (maschio),1527,arte religiosa,Pinacoteca di Brera,Pinacoteca di Brera,Gesù; colonna; Maria; nuvola; albero; Giovanni; cadavere; paesaggio; Maria Maddalena; putto; corso d'acqua; Strumenti della Passione; Compianto sul Cristo morto; gruppo di uomini,Alto Rinascimento,Compianto sul Cristo morto,300.0,166.0
http://www.wikidata.org/entity/Q131937066,Compianto,Pieter de Witte (maschio),,arte religiosa,,,Compianto sul Cristo morto,,Compianto sul Cristo morto,,
http://www.wikidata.org/entity/Q132247267,Olimpo,Giuseppe Maria Crespi (maschio),,,Palazzo Pepoli Campogrande,Palazzo Pepoli Campogrande,,,,,
http://www.wikidata.org/entity/Q132188587,Ritratto di papa Clemente XIV,,1771,ritratto,Palazzo Cenci,Palazzo Cenci,papa Clemente XIV,,papa Clemente XIV,135.0,100.0
http://www.wikidata.org/entity/Q132247240,Noli me tangere,Benvenuto Tisi da Garofalo (maschio),,arte religiosa,Pinacoteca nazionale di Ferrara,Pinacoteca nazionale di Ferrara,Noli me tangere,,Noli me tangere,,
http://www.wikidata.org/entity/Q132247244,Noli me tangere,Passignano (maschio),,arte religiosa,chiesa di San Francesco,chiesa di San Francesco,Gesù; Maria Maddalena,,Gesù,,
http://www.wikidata.org/entity/Q132166188,Ara dipinta,,,,Civico museo archeologico di Milano,Civico museo archeologico di Milano,,,,,
http://www.wikidata.org/entity/Q132166238,Napoli MAN 110590,,,,Museo archeologico nazionale di Napoli,Museo archeologico nazionale di Napoli,satiro; Menadi,,arte erotica,,
http://www.wikidata.org/entity/Q132166239,Napoli MAN 110878,,,,Museo archeologico nazionale di Napoli,Museo archeologico nazionale di Napoli,,,arte erotica,,
http://www.wikidata.org/entity/Q132166241,Napoli MAN 27685,,,,Museo archeologico nazionale di Napoli,Museo archeologico nazionale di Napoli,,,arte erotica,,
http://www.wikidata.org/entity/Q132166246,Napoli MAN 27695,,,,Museo archeologico nazionale di Napoli,Museo archeologico nazionale di Napoli,,,arte erotica,,
http://www.wikidata.org/entity/Q132166245,Napoli MAN 27693,,,,Museo archeologico nazionale di Napoli,Museo archeologico nazionale di Napoli,,,arte erotica,,
http://www.wikidata.org/entity/Q132166250,Napoli MAN 27699,,,,Museo archeologico nazionale di Napoli,Museo archeologico nazionale di Napoli,,,arte erotica,,
http://www.wikidata.org/entity/Q132166251,Napoli MAN 27700,,,,Museo archeologico nazionale di Napoli,Museo archeologico nazionale di Napoli,Ermafrodito,,Ermafrodito,,
http://www.wikidata.org/entity/Q132166254,Napoli MAN 27704,,,,Museo archeologico nazionale di Napoli,Museo archeologico nazionale di Napoli,,,arte erotica,,
http://www.wikidata.org/entity/Q132166252,Napoli MAN 27701,,,,Museo archeologico nazionale di Napoli,Museo archeologico nazionale di Napoli,,,arte erotica,,
http://www.wikidata.org/entity/Q132166258,Napoli MAN 9089,,,,Museo archeologico nazionale di Napoli,Museo archeologico nazionale di Napoli,,,arte erotica,,
http://www.wikidata.org/entity/Q132166259,Napoli MAN 9224,,,,Museo archeologico nazionale di Napoli,Museo archeologico nazionale di Napoli,Ermafrodito,,Ermafrodito,,
http://www.wikidata.org/entity/Q132166256,Napoli MAN 27705,,,,Museo archeologico nazionale di Napoli,Museo archeologico nazionale di Napoli,,,arte erotica,,
http://www.wikidata.org/entity/Q132166257,Napoli MAN 27875,,,,Museo archeologico nazionale di Napoli,Museo archeologico nazionale di Napoli,Ermafrodito; Menadi; Sileno,,Ermafrodito,,
http://www.wikidata.org/entity/Q132166260,Napoli MAN 9236,,,,Museo archeologico nazionale di Napoli,Museo archeologico nazionale di Napoli,Cariti,,arte erotica,,
http://www.wikidata.org/entity/Q132166261,Napoli MAN 9250,,,,Museo archeologico nazionale di Napoli,Museo archeologico nazionale di Napoli,Marte; Venere,,arte erotica,,
http://www.wikidata.org/entity/Q132166275,Presentazione al Tempio,Leonardo Boldrini (maschio),,arte religiosa,Museo Correr,Museo Correr,Presentazione al Tempio,,Presentazione al Tempio,,
http://www.wikidata.org/entity/Q132166272,Replica della Pietà di Luco,Santi Pacini (maschio),1783,,ex convento di San Pietro a Luco,ex convento di San Pietro a Luco,Pietà di Luco,,Pietà di Luco,,
http://www.wikidata.org/entity/Q132166294,Pala della Visitazione,,,,Pinacoteca nazionale di Cagliari,Pinacoteca nazionale di Cagliari,Visitazione della Beata Vergine Maria,,Visitazione della Beata Vergine Maria,,
http://www.wikidata.org/entity/Q132166295,Pala del Giudizio Universale,,,,Pinacoteca nazionale di Cagliari,Pinacoteca nazionale di Cagliari,giudizio universale,,giudizio universale,,
http://www.wikidata.org/entity/Q132166292,Pala della Porziuncola,Maestro di Castelsardo (maschio),,,Pinacoteca nazionale di Cagliari,Pinacoteca nazionale di Cagliari,,,,,
http://www.wikidata.org/entity/Q132166293,Pala di Sant'Eligio,,1510,,Pinacoteca nazionale di Cagliari,Pinacoteca nazionale di Cagliari,Eligio di Noyon,,Eligio di Noyon,,
http://www.wikidata.org/entity/Q132166298,Predella da San Lucifero,Joan Figueira (maschio),,,Pinacoteca nazionale di Cagliari,Pinacoteca nazionale di Cagliari,Lucifero di Cagliari,,Lucifero di Cagliari,,
http://www.wikidata.org/entity/Q132166296,San Fortunato (giovane santo laureato),Giovanni Bellini (maschio),,,Museo Correr,Museo Correr,Venanzio Fortunato,,Venanzio Fortunato,,
http://www.wikidata.org/entity/Q132166297,Santa Giustina di Padova,Bartolomeo Montagna (maschio),,,Museo Correr,Museo Correr,Giustina di Padova,,Giustina di Padova,,
http://www.wikidata.org/entity/Q132190189,Venere con un amorino,Alessandro Varotari (maschio),,,Museo del settecento veneziano,Museo del settecento veneziano,Cupido; Venere,,Venere,,
http://www.wikidata.org/entity/Q132166270,Pietà,Antonello da Messina (maschio),1470,arte religiosa,Museo Correr,Museo Correr,Pietà,,Pietà,,
http://www.wikidata.org/entity/Q132166271,Pietà,Benedetto Rusconi (maschio),1501,arte religiosa,Museo Correr,Museo Correr,Pietà,,Pietà,,
http://www.wikidata.org/entity/Q132397746,Sacra conversazione,Polidoro da Lanciano (maschio),,arte religiosa,Pinacoteca Querini Stampalia,Pinacoteca Querini Stampalia,Madonna col Bambino,,Madonna col Bambino,,
http://www.wikidata.org/entity/Q132397756,San Giuseppe,Guercino (maschio),,arte religiosa,Pinacoteca Nazionale di Bologna,Pinacoteca Nazionale di Bologna,San Giuseppe,,San Giuseppe,,
http://www.wikidata.org/entity/Q132397753,San Gerolamo,Vicino da Ferrara (maschio),,arte religiosa,Pinacoteca nazionale di Ferrara,Pinacoteca nazionale di Ferrara,Sofronio Eusebio Girolamo,,Sofronio Eusebio Girolamo,,
http://www.wikidata.org/entity/Q132397744,sacra conversazione,Francesco Botticini (maschio),,,Museo di Palazzo Pretorio,Museo di Palazzo Pretorio,Sofronio Eusebio Girolamo; Antonio di Padova; Ludovico di Tolosa; Francesco d'Assisi; Madonna col Bambino,,Madonna col Bambino,,
http://www.wikidata.org/entity/Q132397750,San Bruno in preghiera con altri monaci cartusiani,Carlo Bononi (maschio),,,Pinacoteca nazionale di Ferrara,Pinacoteca nazionale di Siena,Bruno di Colonia,,Bruno di Colonia,,
http://www.wikidata.org/entity/Q132397751,San Francesco in adorazione del Crocifisso,Annibale Carracci (maschio),,,Pinacoteca Nazionale di Bologna,Pinacoteca Nazionale di Bologna,crocifisso; Francesco d'Assisi,,Francesco d'Assisi,,
http://www.wikidata.org/entity/Q132397749,sacrificio di Noè,Sinibaldo Scorza (maschio),,,Palazzo Rosso,Musei di Strada Nuova,Sacrificio di Noè,,Sacrificio di Noè,,
http://www.wikidata.org/entity/Q132397759,"San Paolo e San Giovanni Battista, dal Convento di Santa Marta",Ambrogio Lorenzetti (maschio),,,Pinacoteca nazionale di Siena,Pinacoteca nazionale di Siena,Paolo di Tarso; Giovanni Battista,,Paolo di Tarso,,
http://www.wikidata.org/entity/Q132397761,San Sebastianoo,Guido Reni (maschio),,,Pinacoteca Nazionale di Bologna,Pinacoteca nazionale di Ferrara,san Sebastiano,,san Sebastiano,,
http://www.wikidata.org/entity/Q132655854,Ritratto di Lucrezia Ricasoli negli Zanchini,,1600,ritratto,deposito del museo,Galleria Palatina,donna,,,68.5,58.0
http://www.wikidata.org/entity/Q132732649,Ritratto di Pio IV,Ottavio Bizzozzero (maschio),1680,ritratto,Raccolte d'arte dell'Ospedale Maggiore di Milano,Raccolte d'arte dell'Ospedale Maggiore di Milano,papa Pio IV,,papa Pio IV,194.0,194.0
http://www.wikidata.org/entity/Q132732774,Ritratto di San Carlo Borromeo,Ottavio Bizzozzero (maschio),1680,ritratto,Raccolte d'arte dell'Ospedale Maggiore di Milano,Raccolte d'arte dell'Ospedale Maggiore di Milano,Carlo Borromeo,,,268.5,119.0
http://www.wikidata.org/entity/Q132397757,Santa Lucia,Domenico Beccafumi (maschio),,,Pinacoteca nazionale di Siena,Pinacoteca nazionale di Siena,Santa Lucia,,Santa Lucia,,
http://www.wikidata.org/entity/Q132397758,San Marco,Giuseppe Caletti (maschio),,,Pinacoteca nazionale di Ferrara,Pinacoteca nazionale di Ferrara,Marco,,Marco,,
http://www.wikidata.org/entity/Q132397755,San Giovanni Battista,Maestro di Figline (maschio),,arte religiosa,Pinacoteca nazionale di Ferrara,Pinacoteca nazionale di Ferrara,Giovanni Battista,,Giovanni Battista,,
http://www.wikidata.org/entity/Q132397606,Pietà,Santi di Tito (maschio),,arte religiosa,Museo Masaccio,Museo Masaccio,Pietà,,Pietà,,
http://www.wikidata.org/entity/Q132397607,Pietà,Sebastiano del Piombo (maschio),,arte religiosa,museo civico di Viterbo,museo civico di Viterbo,donna,,donna,,
http://www.wikidata.org/entity/Q132397604,Pietà,Masolino da Panicale (maschio),,arte religiosa,Pinacoteca Museo della Collegiata di Sant'Andrea,Pinacoteca Museo della Collegiata di Sant'Andrea,Compianto sul Cristo morto,,Compianto sul Cristo morto,,
http://www.wikidata.org/entity/Q132247451,Passione di Cristo,Giovanni Battista Naldini (maschio),,,Museo di Palazzo Pretorio,Museo di Palazzo Pretorio,crocifissione di Gesù,,crocifissione di Gesù,,
http://www.wikidata.org/entity/Q132397715,Resurrezione,Giovanni Lanfranco (maschio),,arte religiosa,chiesa di San Leone,chiesa di San Leone,Risurrezione di Gesù,,Risurrezione di Gesù,,
http://www.wikidata.org/entity/Q132397716,Resurrezione di Cristo,Giovanni Lanfranco (maschio),,arte religiosa,Palazzo Rosso,Musei di Strada Nuova,Risurrezione di Gesù,,Risurrezione di Gesù,,
http://www.wikidata.org/entity/Q132397673,Presentazione di Gesù al Tempio,Cavalier d'Arpino (maschio),,arte religiosa,chiesa di Santa Maria in Vallicella,chiesa di Santa Maria in Vallicella,Presentazione al Tempio,,Presentazione al Tempio,,
http://www.wikidata.org/entity/Q132397696,Resurrezione di Lazzaro,Ludovico Mazzolino (maschio),,arte religiosa,Pinacoteca di Brera,Pinacoteca di Brera,risurrezione di Lazzaro,,risurrezione di Lazzaro,,
http://www.wikidata.org/entity/Q132397719,Resurrezione di Lazzaro,Giuseppe Porta (maschio),,arte religiosa,Galleria di Palazzo Cini,Galleria di Palazzo Cini,risurrezione di Lazzaro,,risurrezione di Lazzaro,,
http://www.wikidata.org/entity/Q132397728,Andata al Calvario,Battista Franco (maschio),1552,,Palazzo degli Uffizi,Palazzo degli Uffizi,salita al Calvario,,salita al Calvario,,
http://www.wikidata.org/entity/Q132247310,Crocifisso dipinto,Deodato Orlandi (maschio),,,Museo nazionale di Villa Guinigi,Museo nazionale di Villa Guinigi,crocifisso,,crocifisso,,
http://www.wikidata.org/entity/Q132247316,Donna malata,Frans van Mieris il Vecchio (maschio),,,Museo Mandralisca,Museo Mandralisca,donna,,donna,,
http://www.wikidata.org/entity/Q132247327,Pala della Sapienza Nuova,Benozzo Gozzoli (maschio),,,Galleria nazionale dell'Umbria,Galleria nazionale dell'Umbria,Madonna col Bambino,,Madonna col Bambino,,
http://www.wikidata.org/entity/Q132247331,Pannello centrale della Pala di San Zeno,Andrea Mantegna (maschio),,,basilica di San Zeno,basilica di San Zeno,angelo; liuto; cornucopia; Madonna col Bambino,,angelo,,
http://www.wikidata.org/entity/Q132247328,Pala di San Vincenzo Ferrer,Domenico Ghirlandaio (maschio),,,Museo della città di Rimini,Museo della città di Rimini,Vincenzo Ferreri,,Vincenzo Ferreri,,
http://www.wikidata.org/entity/Q132247334,Pala di Sant'Andrea,Nicola di Ulisse da Siena (maschio),,,Museo e pinacoteca Scipione Gentili,Museo e pinacoteca Scipione Gentili,Andrea,,Andrea,,
http://www.wikidata.org/entity/Q132247338,Pala feriale,Paolo Veneziano (maschio),1345,,Tesoro di San Marco,Tesoro di San Marco,,,,59.0,
http://www.wikidata.org/entity/Q132247376,Aulo Postumio Tuberto condanna il proprio figlio,Domenico Beccafumi (maschio),,,Palazzo Pubblico,Palazzo Pubblico,Aulo Postumio Tuberto,,Aulo Postumio Tuberto,,
http://www.wikidata.org/entity/Q132247378,Gaio Servilio Ahala presenta il corpo di Spurio Melio a Cincinnato,Domenico Beccafumi (maschio),,,Palazzo Pubblico,Palazzo Pubblico,Cincinnato; Spurio Melio; Gaio Servilio Ahala,,Gaio Servilio Ahala,,
http://www.wikidata.org/entity/Q132247380,I santi Vittore e Ansano,Il Sodoma (maschio),,,Palazzo Pubblico,Palazzo Pubblico,Ansano di Siena; Vittore il Moro,,Vittore il Moro,,
http://www.wikidata.org/entity/Q132247435,Morte di Paolo e Francesca,Gaetano Previati (maschio),1887,pittura storica; pittura mitologica; Narrative art,Accademia Carrara,Accademia Carrara,cadavere; omicidio; coppia; Francesca da Rimini; Paolo Malatesta; Paolo e Francesca,,Paolo e Francesca,98.0,227.0
http://www.wikidata.org/entity/Q132397610,"Copia della Pietà di Luco, in cornice originale del XVI secolo con santi",Santi Pacini (maschio),1783,,ex convento di San Pietro a Luco,ex convento di San Pietro a Luco,Pietà di Luco,,Pietà di Luco,,
http://www.wikidata.org/entity/Q132397615,Camera da letto,,,,Pinacoteca Querini Stampalia,Pinacoteca Querini Stampalia,,,,,
http://www.wikidata.org/entity/Q132397614,Edificio sede della Pinacoteca Nazionale,,,,Pinacoteca nazionale di Siena,,,,,,
http://www.wikidata.org/entity/Q132397611,Predella della Pietà di Luco,Andrea di Mariotto del Minga (maschio); Carlo Portelli (maschio),,,ex convento di San Pietro a Luco,ex convento di San Pietro a Luco,,,,,
http://www.wikidata.org/entity/Q132397613,soffitti della Pinacoteca Nazionale,,,,Pinacoteca nazionale di Ferrara,,,,,,
http://www.wikidata.org/entity/Q132397621,"Sportelli d'organo con angeli ed evangelisti, da Orsanmichele",Francesco di Antonio di Bartolomeo (maschio),1429,,Accademia delle arti del disegno,Accademia delle arti del disegno,angelo; Evangelista,,angelo,,
http://www.wikidata.org/entity/Q132397631,Polittico con crocifissione,Cecco di Pietro (maschio),1386,,Museo nazionale di San Matteo,Museo nazionale di San Matteo,,,,,
http://www.wikidata.org/entity/Q132397663,Predella di Ugolino di Nerio,Ugolino di Nerio (maschio),,,Museo nazionale di Villa Guinigi,Museo nazionale di Villa Guinigi,,,,,
http://www.wikidata.org/entity/Q132397666,Predella con incontro alla porta aurea e donatori,Biagio di Antonio Tucci (maschio),,arte religiosa,Museo dell'Accademia Etrusca e della città di Cortona,Museo dell'Accademia Etrusca e della città di Cortona,donatore; incontro alla Porta d'Oro,,incontro alla Porta d'Oro,,
http://www.wikidata.org/entity/Q132397667,Predella con Pietà e santi,Neri di Bicci (maschio),,,Museo dell'Accademia Etrusca e della città di Cortona,Museo dell'Accademia Etrusca e della città di Cortona,Pietà,,Pietà,,
http://www.wikidata.org/entity/Q132397660,Trittico di Prato,Lorenzo Monaco (maschio),,,Museo di Palazzo Pretorio,Museo di Palazzo Pretorio,Madonna col Bambino,,Madonna col Bambino,,
http://www.wikidata.org/entity/Q132397664,Predella col Compianto e quattro santi,Neri di Bicci (maschio),,,Museo dell'Accademia Etrusca e della città di Cortona,Museo dell'Accademia Etrusca e della città di Cortona,Compianto sul Cristo morto,,Compianto sul Cristo morto,,
http://www.wikidata.org/entity/Q132397665,Predella della Pala di Monticelli,Bartolomeo di Giovanni (maschio),,,Galleria delle pitture e delle statue degli Uffizi,Palazzo degli Uffizi,Tommaso d'Aquino; Domenico di Guzmán; papa Clemente I; angelo; Sacra conversazione,,Sacra conversazione,,
http://www.wikidata.org/entity/Q132397670,Predella con santi,Giovanni del Biondo (maschio),,,chiesa di Santa Felicita,chiesa di Santa Felicita,santo cristiano,,santo cristiano,,
http://www.wikidata.org/entity/Q132397668,Predella con Pietà e sei santi inginocchiati,Neri di Bicci (maschio),,,Museo dell'Accademia Etrusca e della città di Cortona,Museo dell'Accademia Etrusca e della città di Cortona,Pietà,,Pietà,,
http://www.wikidata.org/entity/Q132397669,Predella con santi e angeli,Antonio del Ceraiolo (maschio),,,Museo dell'Accademia Etrusca e della città di Cortona,Museo dell'Accademia Etrusca e della città di Cortona,angelo; pastorale; santo cristiano,,santo cristiano,,
http://www.wikidata.org/entity/Q132397687,Punizione di Cupido,Sebastiano Ricci (maschio),,,Palazzo Fenzi,Palazzo Fenzi,Cupido,,Cupido,,
http://www.wikidata.org/entity/Q132397698,Ratto delle sabine,Luca Giordano (maschio),,,Gallerie Nazionali di Palazzo Spinola,Gallerie Nazionali di Palazzo Spinola,Ratto delle Sabine,,Ratto delle Sabine,,
http://www.wikidata.org/entity/Q132397700,Ratto di Elena,Luca Giordano (maschio),,,Palazzo Zevallos,Palazzo Zevallos,seduzione di Elena,,seduzione di Elena,,
http://www.wikidata.org/entity/Q132397712,Cristo risorto e quattro santi,Liberale da Verona (maschio),,,cattedrale di San Lorenzo,cattedrale di San Lorenzo,Gesù; santo cristiano,,Gesù,,
http://www.wikidata.org/entity/Q132397743,Sacra famiglia con angelo e San Giovannino,Il Sodoma (maschio),,,Museo Francesco Borgogna,Museo Francesco Borgogna,angelo; San Giovannino; Sacra Famiglia,,Sacra Famiglia,,
http://www.wikidata.org/entity/Q132397679,Il corteo del carro d'oro del principe Borghese,Giovan Paolo Schor (maschio),1664,vedutismo,deposito del museo,Palazzo degli Uffizi,Roma; carrozza; Carnevale di Roma; Mascarata; parata; Giovanni Battista Borghese,,Carnevale di Roma,1.22,3.17
http://www.wikidata.org/entity/Q132397741,Ruth,Francesco Hayez (maschio),,,Musei civici di Asti - Raccolte in Palazzo Mazzetti,Musei civici di Asti - Raccolte in Palazzo Mazzetti,Libro di Rut,,Libro di Rut,,
http://www.wikidata.org/entity/Q132397710,Riposo durante la fuga in Egitto,Benvenuto Tisi da Garofalo (maschio),1515,arte religiosa,Pinacoteca nazionale di Ferrara,Pinacoteca nazionale di Siena,Fuga in Egitto,,Fuga in Egitto,,
http://www.wikidata.org/entity/Q132397711,Riposo durante la fuga in Egitto,Carlo Maratta (maschio),,arte religiosa,Palazzo Rosso,Musei di Strada Nuova,Madonna col Bambino,,Madonna col Bambino,,
http://www.wikidata.org/entity/Q132397721,Rinaldo e Armida,Cesare Dandini (maschio),,,Galleria delle pitture e delle statue degli Uffizi,Palazzo degli Uffizi,Rinaldo e Armida,,Rinaldo e Armida,,
http://www.wikidata.org/entity/Q132247313,Vanitas,Angelo Caroselli (maschio),,natura morta,Museo Mandralisca,Museo Mandralisca,vanitas,,vanitas,,
http://www.wikidata.org/entity/Q134006791,Sacra Famiglia,,1482,arte religiosa,santuario della Madonna della Pace,santuario della Madonna della Pace,Sacra Famiglia,,Sacra Famiglia,70.0,70.0
http://www.wikidata.org/entity/Q134475701,La Sirena,Giulio Aristide Sartorio (maschio),1893,pittura mitologica,Galleria civica d'arte moderna e contemporanea di Torino,Galleria civica d'arte moderna e contemporanea di Torino,,,,71.0,142.0
http://www.wikidata.org/entity/Q134486443,Madonna del passero,Guercino (maschio),,,Pinacoteca Nazionale di Bologna,Pinacoteca Nazionale di Bologna,Maria,,Maria,,
http://www.wikidata.org/entity/Q134580708,Madonna del Latte (Previtali Accademia Carrara),Andrea Previtali (maschio),1520,arte religiosa,Accademia Carrara,Accademia Carrara; Collezione Lochis,Maria; albero; paesaggio; allattamento; corso d'acqua; Bambino Gesù; Madonna del Latte,,Madonna del Latte,,
http://www.wikidata.org/entity/Q133538987,Ritratto di Ferdinando II de' Medici,Justus Sustermans (maschio),1627,ritratto,Salotto Celeste di Palazzo Pitti,Galleria Palatina,Ferdinando II de' Medici; armatura,,Ferdinando II de' Medici,201.0,117.0
http://www.wikidata.org/entity/Q133520790,Sulla strada di Giavera durante il bombardamento,Giulio Aristide Sartorio (maschio),1918,pittura storica,palazzo della Farnesina,Collezione Farnesina,prima guerra mondiale; porta; edificio; Giavera del Montello; fucile; soldato,,prima guerra mondiale,57.2,76.6
http://www.wikidata.org/entity/Q133572599,La Signora di Monza,Mosè Bianchi (maschio),1865,ritratto; pittura storica,villa Reale di Milano,Galleria d'arte moderna di Milano,,romanticismo; realismo,Virginia de Leyva,151.0,118.0
http://www.wikidata.org/entity/Q133580122,Nervesa,Giulio Aristide Sartorio (maschio),1918,pittura storica,palazzo della Farnesina,Collezione Farnesina,edificio; Nervesa della Battaglia; soldato,,prima guerra mondiale,56.5,36.0
http://www.wikidata.org/entity/Q133663142,81° passa il Piave Vecchio,Giulio Aristide Sartorio (maschio),1918,pittura storica,palazzo della Farnesina,Collezione Farnesina,prima guerra mondiale; inondazione; Piave; truppa; soldato,,prima guerra mondiale,55.5,73.2
http://www.wikidata.org/entity/Q133756640,Ritratto di Giovanni Benedetto Caravaggi,Giovanni Cariani (maschio),1519,ritratto,Accademia Carrara,Accademia Carrara; Collezione Lochis,Giovanni Benedetto,Alto Rinascimento,Giovanni Benedetto,82.0,82.0
http://www.wikidata.org/entity/Q133832267,Ritratto del doge Alvise Mocenigo,Jacopo Tintoretto (maschio),1577,ritratto,Gallerie dell'Accademia,Gallerie dell'Accademia,Alvise I Mocenigo,pittura veneta,Alvise I Mocenigo,116.0,97.0
http://www.wikidata.org/entity/Q133838769,Ritratto di Nicolò Zen,Emanuel Amberger (maschio),1575,ritratto,Museo Civico di Bassano,Museo Civico di Bassano,Niccolò Zeno,,Niccolò Zeno,23.5,17.5
http://www.wikidata.org/entity/Q133853701,San Rocco e i disciplini verdi,Gian Paolo Cavagna (maschio),1591,,chiesa di San Rocco,,,,,165.0,110.0
http://www.wikidata.org/entity/Q133857279,Ritratto di Sperone Speroni,Tiziano Vecellio (maschio),1544,ritratto,Complesso di Santa Caterina,Musei civici di Treviso,Sperone Speroni,,Sperone Speroni,100.0,78.5
http://www.wikidata.org/entity/Q133871397,Procella,Giuseppe De Nittis (maschio),1868,pittura paesaggistica,Palazzo della Marra,Pinacoteca Giuseppe De Nittis,tempesta,,tempesta,57.5,91.5
http://www.wikidata.org/entity/Q133878297,Autoritratto dell'artista,Mariano Fortuny y Madrazo (maschio),1947,autoritratto,Museo Fortuny,Museo Fortuny,Mariano Fortuny y Madrazo,,Mariano Fortuny y Madrazo,44.0,34.0
http://www.wikidata.org/entity/Q133878813,Ritratto di madame Henriette Fortuny,Mariano Fortuny y Madrazo (maschio),1915,ritratto,Museo Fortuny,Museo Fortuny,Henriette Negrin,,Henriette Negrin,50.5,34.0
http://www.wikidata.org/entity/Q133806816,''San Bernardino da Siena prega la Madonna di Loreto'',Guercino (maschio),1618,arte religiosa,"Civica Pinacoteca ""il Guercino""","Pinacoteca di Brera; Civica Pinacoteca ""il Guercino""",Bernardino da Siena; Madonna di Loreto,,Bernardino da Siena,240.0,148.0
http://www.wikidata.org/entity/Q133877955,Autoritratto,Mariano Fortuny y Madrazo (maschio),1895,autoritratto,Museo Fortuny,Museo Fortuny,Mariano Fortuny y Madrazo,,Mariano Fortuny y Madrazo,96.5,74.5
http://www.wikidata.org/entity/Q133853068,Madonna col Bambino,Perugino (maschio),1515,arte religiosa,Sala di Didone,Collezione Borghese; Galleria Borghese,Maria; paesaggio; Bambino Gesù; Madonna col Bambino,,Madonna col Bambino,44.0,34.0
http://www.wikidata.org/entity/Q133281004,San Giorgio,Cosmè Tura (maschio),,,Galleria di Palazzo Cini,Galleria di Palazzo Cini,san Giorgio,,san Giorgio,,
http://www.wikidata.org/entity/Q133272425,Venere,Emma Gaggiotti Richards (femmina),1867,,Firenze,Palazzo Pitti,Venere,,,107.0,150.0
http://www.wikidata.org/entity/Q133280994,San Bartolomeo,Nicola di Maestro Antonio d'Ancona (maschio),,,Museo civico Amedeo Lia,Museo civico Amedeo Lia,Bartolomeo,,Bartolomeo,,
http://www.wikidata.org/entity/Q133280993,San Bartolomeo,Lorenzo di Credi (maschio),,,Museo di Orsanmichele,Museo di Orsanmichele,Bartolomeo,,Bartolomeo,,
http://www.wikidata.org/entity/Q133281021,San Paolo,Bernardo Strozzi (maschio),,,Palazzo Rosso,Musei di Strada Nuova,Paolo di Tarso,,Paolo di Tarso,,
http://www.wikidata.org/entity/Q133273079,Le cascate di Tivoli,Rosa Mezzera (femmina),1810,,Milano,Accademia di belle arti di Brera,cascata,,,100.0,134.0
http://www.wikidata.org/entity/Q133281076,San Gregorio Magno,Sebastiano Ricci (maschio),,,basilica di Santa Giustina,basilica di Santa Giustina,peste nera; papa Gregorio I; Madonna col Bambino,,Madonna col Bambino,,
http://www.wikidata.org/entity/Q133281023,San Pietro martire,Giovanni Bellini (maschio),,arte religiosa,Pinacoteca metropolitana di Bari,Pinacoteca metropolitana di Bari,Pietro da Verona,,Pietro da Verona,,
http://www.wikidata.org/entity/Q133281054,Trasfigurazione di Cristo,Il Pordenone (maschio),,arte religiosa,Scuola Grande di San Rocco,Scuola Grande di San Rocco,trasfigurazione di Gesù,,trasfigurazione di Gesù,,
http://www.wikidata.org/entity/Q133281016,Santa Margherita di Antiochia,Annibale Carracci (maschio),,,chiesa di Santa Caterina dei Funari,chiesa di Santa Caterina dei Funari,Margherita di Antiochia,,Margherita di Antiochia,,
http://www.wikidata.org/entity/Q133269222,Giovane uomo con guanti,Maddalena Corvina (femmina),1639,,Ferrara,Fondazione Elisabetta Sgarbi,guanto,,,14.0,11.0
http://www.wikidata.org/entity/Q133269326,Ritratto di Madame Le Bon,Matilde Malenchini (femmina),1813,ritratto,Ferrara,,donna,,,60.5,46.5
http://www.wikidata.org/entity/Q133273191,Vicinanze di Roma con effetto di tramonto,Rosa Mezzera (femmina),1806,pittura paesaggistica,Milano,Accademia di belle arti di Brera,Roma; tramonto,,,75.5,97.5
http://www.wikidata.org/entity/Q133280987,Il sacrificio di Melchisedec,,,,Museo pontificio della Santa Casa,Museo pontificio della Santa Casa,Melchisedec,,Melchisedec,,
http://www.wikidata.org/entity/Q133280991,pala d'altare con Santa Barbara e l'adorazione dei Magi,Matteo di Giovanni (maschio),,,convento presso la Basilica di San Domenico,convento presso la Basilica di San Domenico,santa Barbara; Adorazione dei Magi,,santa Barbara; Adorazione dei Magi,,
http://www.wikidata.org/entity/Q133280990,Sant'Agostino lava i piedi di Cristo,Bernardo Strozzi (maschio),1625,,Accademia ligustica di belle arti,Accademia ligustica di belle arti,Gesù; Agostino d'Ippona,,Agostino d'Ippona,,
http://www.wikidata.org/entity/Q133280996,San Bernardino tra gli angeli,Andrea Mantegna (maschio),,,Pinacoteca di Brera,Pinacoteca di Brera,angelo; Bernardino da Siena,,Bernardino da Siena,,
http://www.wikidata.org/entity/Q133281000,San Francesco e storie della sua vita,,,,Museo Civico di Pistoia,Museo Civico di Pistoia,Francesco d'Assisi,,Francesco d'Assisi,,
http://www.wikidata.org/entity/Q133281008,San Gerolamo penitente,Bartolomeo di Giovanni (maschio),,,Museo del Cenacolo di Andrea del Sarto,Museo del Cenacolo di Andrea del Sarto,Sofronio Eusebio Girolamo,,Sofronio Eusebio Girolamo,,
http://www.wikidata.org/entity/Q133281009,San Giovanni l'Elemosiniere,Tiziano Vecellio (maschio),1545,arte religiosa,chiesa di San Giovanni Elemosinario,chiesa di San Giovanni Elemosinario,Giovanni l'Elemosiniere,pittura veneta,Giovanni l'Elemosiniere,264.0,148.0
http://www.wikidata.org/entity/Q133281015,Santa Lucia e storie della sua vita,Quirizio di Giovanni da Murano (maschio),,,Accademia dei Concordi di Rovigo,Accademia dei Concordi di Rovigo,Santa Lucia,,Santa Lucia,,
http://www.wikidata.org/entity/Q133281013,San Giovanni evangelista in trono calpesta i vizi,Giovanni del Biondo (maschio),,,Galleria dell'Accademia,Galleria dell'Accademia,Giovanni,,Giovanni,,
http://www.wikidata.org/entity/Q133281018,San Michele e angeli adoranti,Cecco Bravo (maschio),,,pieve di Santa Maria,pieve di Santa Maria,Michele; angelo,,Michele,,
http://www.wikidata.org/entity/Q133281019,San Michele e Lucifero,,,,Museo pontificio della Santa Casa,Museo pontificio della Santa Casa,Michele; Lucifero,,Michele,,
http://www.wikidata.org/entity/Q133281030,I santi Giovanni evangelista e Francesco d'Assisi,El Greco (maschio),,,Galleria delle pitture e delle statue degli Uffizi,Palazzo degli Uffizi,Giovanni; Francesco d'Assisi,,Giovanni,,
http://www.wikidata.org/entity/Q133281031,I santi Martino e Cristoforo,Il Pordenone (maschio),,,Scuola Grande di San Rocco,Scuola Grande di San Rocco,Martino di Tours; San Cristoforo,,Martino di Tours; San Cristoforo,,
http://www.wikidata.org/entity/Q133281027,San Tommaso d'Aquino scrive l'inno del Santo Sacramento,Guercino (maschio),1700,arte religiosa,museo di San Domenico di Bologna,museo di San Domenico di Bologna,Tommaso d'Aquino,,Tommaso d'Aquino,,
http://www.wikidata.org/entity/Q133281024,San Romolo e l'Angelo,Domenico Salvi (maschio),,,Museo di Palazzo Pretorio,Museo di Palazzo Pretorio,angelo; Romolo di Fiesole,,Romolo di Fiesole,,
http://www.wikidata.org/entity/Q133281038,San Crisogono a cavallo,Michele Giambono (maschio),1450,,chiesa di San Trovaso,chiesa di San Trovaso,Crisogono di Aquileia,,Crisogono di Aquileia,199.0,134.0
http://www.wikidata.org/entity/Q133281065,Cupola di Sant'Ignazio,Andrea Pozzo (maschio),,,chiesa di Sant'Ignazio di Loyola in Campo Marzio,chiesa di Sant'Ignazio di Loyola in Campo Marzio,,,,,
http://www.wikidata.org/entity/Q133281056,San Rocco risana gli animali,Jacopo Tintoretto (maschio),,,Scuola Grande di San Rocco,Scuola Grande di San Rocco,san Rocco,,san Rocco,,
http://www.wikidata.org/entity/Q133281058,Trittico di San Severino,Lorenzo Salimbeni (maschio),,,Pinacoteca civica Tacchi-Venturi,Pinacoteca civica Tacchi-Venturi,nozze mistiche di Santa Caterina d'Alessandria,,nozze mistiche di Santa Caterina d'Alessandria,,
http://www.wikidata.org/entity/Q133281062,Sant'Antonio e San Bernardino che adorano il monogramma di Cristo,Andrea Mantegna (maschio),,,basilica di Sant'Antonio di Padova,basilica di Sant'Antonio di Padova,Antonio di Padova; Bernardino da Siena; Cristogramma,,Antonio di Padova,,
http://www.wikidata.org/entity/Q133281060,Sant'Ambrogio benedice Arcumeggia,Aldo Carpi (maschio),1966,,Galleria all'aperto dell'affresco di Arcumeggia,Galleria all'aperto dell'affresco di Arcumeggia,Sant'Ambrogio,,Sant'Ambrogio,,
http://www.wikidata.org/entity/Q133281074,Martirio di san Giacomo il minore,Carletto Caliari (maschio),1650,,basilica di Santa Giustina,basilica di Santa Giustina,,,,,
http://www.wikidata.org/entity/Q133281075,Martirio di san Placido,Luca Giordano (maschio),,,basilica di Santa Giustina,basilica di Santa Giustina,San Placido,,San Placido,,
http://www.wikidata.org/entity/Q133281073,Martirio di San Daniele,Antonio Zanchi (maschio),,,basilica di Santa Giustina,basilica di Santa Giustina,Daniele lo Stilita,,Daniele lo Stilita,,
http://www.wikidata.org/entity/Q133281079,Predella di Santa Margherita,Filippo Lippi (maschio),,,Museo di Palazzo Pretorio,Museo di Palazzo Pretorio,Presentazione al Tempio,,Presentazione al Tempio,,
http://www.wikidata.org/entity/Q133281078,Santa Lucia e Sant'Agata,Girolamo Siciolante da Sermoneta (maschio),,,basilica di Santa Maria sopra Minerva,basilica di Santa Maria sopra Minerva,Santa Lucia; Sant'Agata,,Santa Lucia,,
http://www.wikidata.org/entity/Q133281094,Sportelli dell'organo di San Bartolomeo,Sebastiano del Piombo (maschio),,,chiesa di San Bartolomeo,chiesa di San Bartolomeo,,,,,
http://www.wikidata.org/entity/Q133281103,Studio per Stati d'animo - quelli che vanno,Umberto Boccioni (maschio),,,Galleria Nazionale d'Arte Moderna e Contemporanea,Galleria Nazionale d'Arte Moderna e Contemporanea,,,Stati d'animo II: Quelli che vanno,,
http://www.wikidata.org/entity/Q133377050,Interno del Palazzo Reale di Torino,Philip de László (maschio),1928,,Castello Reale di Racconigi,Castello Reale di Racconigi,Palazzo Reale di Torino,,,41.4,50.7
http://www.wikidata.org/entity/Q133460319,Allegoria della poesia e della musica,Giustiniana Guidotti (femmina),1629,ritratto,Milano,Collezione Koelliker,donna; poesia; musica; Publio Virgilio Marone; tromba,,,97.0,74.5
http://www.wikidata.org/entity/Q132861558,Madonna col Bambino,Bernardino Luini (maschio),1515,arte religiosa,Museo nazionale di Capodimonte,Museo nazionale di Capodimonte,Maria; fiore; Bambino Gesù; Madonna col Bambino,,Madonna col Bambino,,
http://www.wikidata.org/entity/Q133269393,Autoritratto,Emma Gaggiotti Richards (femmina),1860 | 1865,autoritratto,Firenze,Palazzo degli Uffizi,Emma Gaggiotti Richards,,,36.0,31.0
http://www.wikidata.org/entity/Q133281091,Semiramide,Cecco Bravo (maschio),,,Museo di Palazzo Pretorio,Museo di Palazzo Pretorio,Semiramide,,Semiramide,,
http://www.wikidata.org/entity/Q133281064,Sant'Antonio Abate,Gianfilippo Usellini (maschio),,,Galleria all'aperto dell'affresco di Arcumeggia,Galleria all'aperto dell'affresco di Arcumeggia,Antonio abate,,Antonio abate,,
http://www.wikidata.org/entity/Q133281028,San Vitale,Vittore Carpaccio (maschio),,,chiesa di San Vidal,chiesa di San Vidal,Vitale di Milano,,Vitale di Milano,,
http://www.wikidata.org/entity/Q135213019,La lettura,Giuseppe De Nittis (maschio),1884,arte di genere,Galleria civica d'arte moderna e contemporanea di Torino,Galleria civica d'arte moderna e contemporanea di Torino,,,,35.0,27.0
http://www.wikidata.org/entity/Q135219976,Gioia di vivere,Giulio Aristide Sartorio (maschio),1927,ritratto,collezione privata,,,,,200.0,130.0
http://www.wikidata.org/entity/Q135216430,Natura morta con fiori,Giuseppe De Nittis (maschio),1883,natura morta,Palazzo della Marra,Pinacoteca Giuseppe De Nittis,,,,73.0,54.0
http://www.wikidata.org/entity/Q135213092,Dans le monde,Giuseppe De Nittis (maschio),1883,arte di genere,Palazzo della Marra,Pinacoteca Giuseppe De Nittis,,,,62.5,45.0
http://www.wikidata.org/entity/Q135216092,"Studio per ""Dans le monde""",Giuseppe De Nittis (maschio),1883,arte di genere,Palazzo della Marra,Pinacoteca Giuseppe De Nittis,,,,25.0,40.0
http://www.wikidata.org/entity/Q134699222,Adamo ed Eva,Oscar Sorgato (maschio),1927,nudo artistico; arte religiosa,Museo civico di Modena,Museo civico di Modena,fiore; nudità; nuvola; albero; giardino dell'Eden; capelli lunghi; massa d'acqua; Adamo ed Eva; paesaggio; tramonto; roccia; caduta dell'uomo; frutto proibito,,caduta dell'uomo,195.0,145.0
http://www.wikidata.org/entity/Q135098524,Crisantemi,Giuseppe De Nittis (maschio),1884,pittura floreale,Palazzo della Marra,Pinacoteca Giuseppe De Nittis,Chrysanthemum,,Chrysanthemum,91.0,64.0
http://www.wikidata.org/entity/Q134960128,Ritratto di Cosimo I de' Medici,Agnolo Bronzino (maschio),1566,ritratto,Galleria Sabauda,Galleria Sabauda,Cosimo I de' Medici,,Cosimo I de' Medici,81.0,68.0
http://www.wikidata.org/entity/Q135111963,Sant'Emiliano,Francesco Grandi (maschio),1881,,,,,,,,
http://www.wikidata.org/entity/Q134820887,Madonna in adorazione del Bambino,Marco Basaiti (maschio),1477,arte religiosa,I Tatti,Villa I Tatti,Maria; cielo; nuvola; paesaggio; tenda; Bambino Gesù; adorazione; Madonna col Bambino,,Madonna col Bambino,75.0,58.0
http://www.wikidata.org/entity/Q135088946,Sull'amaca - III,Giuseppe De Nittis (maschio),1884,arte di genere,Raccolte Frugone,Raccolte Frugone,,,,65.0,42.0
http://www.wikidata.org/entity/Q135089031,Sull'amaca - II,Giuseppe De Nittis (maschio),1884,arte di genere,Palazzo della Marra,Pinacoteca Giuseppe De Nittis,,,,81.5,118.0
http://www.wikidata.org/entity/Q135089170,Sull'amaca - I,Giuseppe De Nittis (maschio),1884,arte di genere,Palazzo della Marra,Pinacoteca Giuseppe De Nittis,,,,78.0,60.0
http://www.wikidata.org/entity/Q135089208,Serata elegante,Giuseppe De Nittis (maschio),1884,arte di genere,Palazzo della Marra,Pinacoteca Giuseppe De Nittis,,,,160.0,108.0
http://www.wikidata.org/entity/Q135089338,Studio di dama con busto,Giuseppe De Nittis (maschio),1884,ritratto,Palazzo della Marra,Pinacoteca Giuseppe De Nittis,notte; mobile; corsetto; gonna; scollo; contemplazione; soggiorno; disillusione; poltrona; interno; donna giovane; tavole su cui scrivere,,donna giovane,35.0,25.6
http://www.wikidata.org/entity/Q135089933,Ritratto del cardinale Federico Borromeo,,1656,ritratto,Pinacoteca Ambrosiana,Pinacoteca Ambrosiana,Federico Borromeo,,Federico Borromeo,68.0,55.0
http://www.wikidata.org/entity/Q135097382,Mazzo di crisantemi,Giuseppe De Nittis (maschio),1884,pittura floreale,Palazzo della Marra,Pinacoteca Giuseppe De Nittis,Chrysanthemum; bouquet di fiori,,Chrysanthemum; bouquet di fiori,92.0,51.0
http://www.wikidata.org/entity/Q134691464,Ritratto di Girolamo Muziano,Pier Leone Ghezzi (maschio),1695,ritratto,Accademia nazionale di San Luca,Accademia nazionale di San Luca,Girolamo Muziano,,Girolamo Muziano,133.0,99.0
http://www.wikidata.org/entity/Q135286600,"Madonna di Loreto, San Giovanni Battista e Santo Vescovo",,1700,arte religiosa,,,Giovanni Battista; vescovo cattolico; Madonna di Loreto,,Madonna di Loreto,220.0,130.0
http://www.wikidata.org/entity/Q135669652,angelo custode,Giacinto Brandi (maschio),,,basilica di San Gaudenzio,,diavolo; bambino; angelo custode,,,400.0,230.0
http://www.wikidata.org/entity/Q135761987,Ritratto di Pietro Francesco Visconti Borromeo,Francesco Hayez (maschio),1823,ritratto,Raccolte d'arte dell'Ospedale Maggiore di Milano,Raccolte d'arte dell'Ospedale Maggiore di Milano,,,,205.0,125.0
http://www.wikidata.org/entity/Q135972052,Annunciazione,,1600,arte religiosa,chiesa di Nostra Signora della Concordia,chiesa di Nostra Signora della Concordia,Maria; Gabriele,,Annunciazione,,
http://www.wikidata.org/entity/Q135971600,Lapidazione di Santo Stefano,Giulio Bruni (maschio),1700,arte religiosa,chiesa di Nostra Signora della Concordia,chiesa di Nostra Signora della Concordia,lapidazione di santo Stefano,,lapidazione di santo Stefano,300.0,170.0
http://www.wikidata.org/entity/Q135971947,"Santi Pietro, Erasmo, Chiara e Caterina d'Alessandria",Giovanni Andrea Ansaldo (maschio),1622,arte religiosa,chiesa di Nostra Signora della Concordia,chiesa di Nostra Signora della Concordia,Pietro; Caterina d'Alessandria; Chiara d'Assisi; Erasmo di Formia,,,320.0,220.0
http://www.wikidata.org/entity/Q135988557,Ritratto del cardinal Flavio Chigi,Jacob Ferdinand Voet (maschio),1670,ritratto,Palazzo Chigi,Collezione Chigi; Palazzo Chigi,Flavio Chigi,pittura fiamminga barocca,Flavio Chigi,133.0,97.0
http://www.wikidata.org/entity/Q135989185,Ritratto di Giovan Battista Borghese,Pietro Paolo Veglia (maschio),1673,ritratto,Palazzo Chigi,Palazzo Chigi,Giovanni Battista Borghese,,Giovanni Battista Borghese,70.0,50.0
http://www.wikidata.org/entity/Q137357477,Le tre età dell'uomo,Giovanni Battista Salvi (maschio),1682,allegoria,deposito del museo,Collezione Borghese; Galleria Borghese,,,,93.0,153.5
http://www.wikidata.org/entity/Q137395888,Visione di san Filippo Neri,Guercino (maschio),,,chiesa della Madonna di Galliera,,Filippo Neri,,,408.0,235.0
http://www.wikidata.org/entity/Q136468769,Ecce Homo,,1573,arte religiosa,Pinacoteca Ambrosiana,Pinacoteca Ambrosiana,Gesù; Ecce Homo; coronazione di spine,,Ecce Homo,52.0,44.0
http://www.wikidata.org/entity/Q136497894,Cristo portacroce,Giovanni Cariani (maschio),1510,arte religiosa,Accademia Carrara,Collezione Lochis; Accademia Carrara,Gesù; Vera Croce; Redentore,pittura veneta; Alto Rinascimento,Redentore,48.6,38.0
http://www.wikidata.org/entity/Q136419815,Pietà,Francesco Botti (maschio),1681,arte religiosa,chiesa di San Niccolò Oltrarno,,,,,76.0,116.0
http://www.wikidata.org/entity/Q136445881,Ritratto d'uomo,Tiziano Vecellio (maschio),1517,ritratto,Palazzo degli Uffizi; deposito del museo; Galleria Palatina,Palazzo degli Uffizi; Galleria Palatina,giovane uomo,pittura veneta; Alto Rinascimento,giovane uomo,88.8,70.1
http://www.wikidata.org/entity/Q136359717,Ritratto di re Umberto I,Vincenzo De Stefani (maschio),1904,ritratto,GAM Verona,GAM Verona,Umberto I di Savoia,,Umberto I di Savoia,138.0,96.0
http://www.wikidata.org/entity/Q136359850,Ritratto della regina Margherita di Savoia,Vincenzo De Stefani (maschio),1904,ritratto,GAM Verona,GAM Verona,Margherita di Savoia,,Margherita di Savoia,137.5,95.5
http://www.wikidata.org/entity/Q136446304,Ritratto di donna anziana,Orlando Flacco (maschio),1571,ritratto,Sala di Saturno,Galleria Palatina,donna anziana,pittura veneta,donna anziana,87.5,65.8
http://www.wikidata.org/entity/Q136452782,"Madonna col Bambino, San Giovannino e un angelo",Orazio Vecellio (maschio),1568,arte religiosa,deposito del museo,Collezione Borghese; Galleria Borghese,Maria; angelo; Bambino Gesù; San Giovannino; Madonna col Bambino,pittura veneta,Madonna col Bambino,78.0,72.5
http://www.wikidata.org/entity/Q136457064,Cena del Signore con gli Apostoli,,1561,arte religiosa,Pinacoteca di Brera,Pinacoteca di Brera,Gesù; Ultima cena; pernice,pittura veneta,Ultima cena,172.0,216.0
http://www.wikidata.org/entity/Q136488593,Ritratto di Marco Pasqualigo,Domenico Robusti (maschio),1588,ritratto,Museo di Castelvecchio,Museo di Castelvecchio,,pittura veneta,,48.0,40.0
http://www.wikidata.org/entity/Q136806465,Deposizione di Cristo nel sepolcro,,1600,arte religiosa,Museo Francesco Borgogna,Collezione Manfrin; Museo Francesco Borgogna,Gesù; Maria; capelli lunghi; sepoltura di Gesù; Maria Maddalena; Giovanni; Giuseppe di Arimatea; Nicodemo,pittura veneta,sepoltura di Gesù,132.0,215.0
http://www.wikidata.org/entity/Q136807706,Cristo e l'adultera,Giovanni Cariani (maschio),1520,arte religiosa,deposito del museo,Accademia Carrara,Gesù; paesaggio; pericope dell'adultera; gruppo di uomini,pittura veneta; Alto Rinascimento,pericope dell'adultera,149.0,219.0
http://www.wikidata.org/entity/Q136752887,Leda e il cigno,,1568,nudo artistico; pittura mitologica,Galleria Sabauda,Galleria Sabauda; Collezione Riccardo Gualino (1910-1930); Collezione Riccardo Gualino,cielo; Cupido; mammella; nudità; capelli lunghi; perla; ombelico; cigno; anello; tenda; Eros; orecchino; biondi; putto; faretra; Leda; braccialetto; mantello; Leda e il cigno; telaio della finestra; panneggio; chiambrana; vespaio; arco e freccie,pittura veneta,Leda e il cigno,124.0,107.0
http://www.wikidata.org/entity/Q136840231,Venere allo specchio,Tiziano Vecellio (maschio),1600,nudo artistico; pittura mitologica,Galleria Giorgio Franchetti alla Ca' d'Oro,Galleria Giorgio Franchetti alla Ca' d'Oro,mammella; capelli lunghi; perla; ombelico; Venere; anello; tenda; orecchino; biondi; braccialetto; mantello; panneggio; vespaio,pittura veneta,,115.0,84.0
http://www.wikidata.org/entity/Q137268771,Madonna orante,Giovanni Battista Salvi (maschio),1640,arte religiosa,deposito del museo,Collezione Lochis; Accademia Carrara,Maria; preghiera; aureola,,Maria,47.0,37.0
http://www.wikidata.org/entity/Q137040888,San Gerolamo penitente,Tiziano Vecellio (maschio),1600,arte religiosa,Accademia nazionale di San Luca,Accademia nazionale di San Luca,leone; libro; albero; crocifisso; cranio umano; Sofronio Eusebio Girolamo; paesaggio; clessidra; Wilderness (ecologia); mortificazione; roccia; San Girolamo nel deserto,pittura veneta,San Girolamo nel deserto,107.5,76.5
http://www.wikidata.org/entity/Q136934711,Venere e Satiro,Lambert Sustris (maschio),1600,nudo artistico; pittura mitologica,,,donna; uomo; nudità; barba; foglia; Venere; tenda; orecchino; satiro; panneggio; spogliare,,,102.0,131.0
http://www.wikidata.org/entity/Q136747345,Ritratto del cardinale Antonio Agliardi,Giuseppe Riva (pittore 1861-1948) (maschio),1898,ritratto,Palazzo Frizzoni,Accademia Carrara; Palazzo Frizzoni,Antonio Agliardi,,Antonio Agliardi,140.0,112.0
http://www.wikidata.org/entity/Q136789581,Scena amorosa,,1600,arte di genere,Casa Buonarroti,Casa Buonarroti,donna; uomo; partner,pittura veneta,,74.5,66.5
http://www.wikidata.org/entity/Q136849352,San Benedetto Revelli,,1700,arte religiosa,chiesa di Santa Maria in Fontibus,chiesa di Santa Maria in Fontibus,Benedetto Revelli,,Benedetto Revelli,220.0,150.0
http://www.wikidata.org/entity/Q137169658,"Ritratto di fanciulla, ""Violante""",Giovanni Cariani (maschio),1600,ritratto,Galleria Estense,Galleria Estense,parapetto; donna giovane,pittura veneta; Alto Rinascimento,donna giovane,90.0,65.0
