id,altezza
http://www.wikidata.org/entity/Q592551,
http://www.wikidata.org/entity/Q945625,
http://www.wikidata.org/entity/Q2551625,
http://www.wikidata.org/entity/Q3698204,
http://www.wikidata.org/entity/Q3714445,
http://www.wikidata.org/entity/Q3862624,
http://www.wikidata.org/entity/Q3877894,
http://www.wikidata.org/entity/Q3908184,
http://www.wikidata.org/entity/Q3945254,
http://www.wikidata.org/entity/Q3948034,
http://www.wikidata.org/entity/Q3948651,
http://www.wikidata.org/entity/Q3949208,
http://www.wikidata.org/entity/Q3949310,
http://www.wikidata.org/entity/Q3949373,
http://www.wikidata.org/entity/Q3949458,
http://www.wikidata.org/entity/Q3949459,
http://www.wikidata.org/entity/Q3974449,
http://www.wikidata.org/entity/Q3994163,
http://www.wikidata.org/entity/Q151047,172.5
http://www.wikidata.org/entity/Q180632,210
http://www.wikidata.org/entity/Q368788,168
http://www.wikidata.org/entity/Q428274,91
http://www.wikidata.org/entity/Q15157527,
http://www.wikidata.org/entity/Q488825,111
http://www.wikidata.org/entity/Q493792,115
http://www.wikidata.org/entity/Q532486,114
http://www.wikidata.org/entity/Q16585871,
http://www.wikidata.org/entity/Q546297,68
http://www.wikidata.org/entity/Q549847,207
http://www.wikidata.org/entity/Q580853,87
http://www.wikidata.org/entity/Q19390001,
http://www.wikidata.org/entity/Q20744065,
http://www.wikidata.org/entity/Q20744144,
http://www.wikidata.org/entity/Q20744173,
http://www.wikidata.org/entity/Q672817,278
http://www.wikidata.org/entity/Q21192549,
http://www.wikidata.org/entity/Q21666329,
http://www.wikidata.org/entity/Q732821,98
http://www.wikidata.org/entity/Q733017,223
http://www.wikidata.org/entity/Q734197,150
http://www.wikidata.org/entity/Q22917444,
http://www.wikidata.org/entity/Q22949778,
http://www.wikidata.org/entity/Q22949827,
http://www.wikidata.org/entity/Q22958240,
http://www.wikidata.org/entity/Q23006207,
http://www.wikidata.org/entity/Q742801,51
http://www.wikidata.org/entity/Q794077,118
http://www.wikidata.org/entity/Q24933808,
http://www.wikidata.org/entity/Q26256901,
http://www.wikidata.org/entity/Q26488380,
http://www.wikidata.org/entity/Q867678,136
http://www.wikidata.org/entity/Q27504416,
http://www.wikidata.org/entity/Q27507068,
http://www.wikidata.org/entity/Q28229077,
http://www.wikidata.org/entity/Q924655,398
http://www.wikidata.org/entity/Q29114098,
http://www.wikidata.org/entity/Q945250,52
http://www.wikidata.org/entity/Q948034,82
http://www.wikidata.org/entity/Q955295,61.9
http://www.wikidata.org/entity/Q959174,57.5
http://www.wikidata.org/entity/Q30605361,
http://www.wikidata.org/entity/Q1055111,95
http://www.wikidata.org/entity/Q1109340,167
http://www.wikidata.org/entity/Q1109475,202
http://www.wikidata.org/entity/Q1110146,380
http://www.wikidata.org/entity/Q1111232,69
http://www.wikidata.org/entity/Q1113938,67.7
http://www.wikidata.org/entity/Q1114823,41
http://www.wikidata.org/entity/Q1114856,65
http://www.wikidata.org/entity/Q1114881,211
http://www.wikidata.org/entity/Q1115413,85
http://www.wikidata.org/entity/Q1115423,106
http://www.wikidata.org/entity/Q1119008,175
http://www.wikidata.org/entity/Q1119782,230
http://www.wikidata.org/entity/Q1121644,21
http://www.wikidata.org/entity/Q1122002,275
http://www.wikidata.org/entity/Q1122537,300
http://www.wikidata.org/entity/Q1131263,378
http://www.wikidata.org/entity/Q1132486,154
http://www.wikidata.org/entity/Q1132479,408
http://www.wikidata.org/entity/Q1134060,94
http://www.wikidata.org/entity/Q37027223,
http://www.wikidata.org/entity/Q1195035,112
http://www.wikidata.org/entity/Q1212920,67.5
http://www.wikidata.org/entity/Q1215809,220
http://www.wikidata.org/entity/Q1217187,62
http://www.wikidata.org/entity/Q1237596,461
http://www.wikidata.org/entity/Q1240092,141
http://www.wikidata.org/entity/Q1328065,115
http://www.wikidata.org/entity/Q42189297,
http://www.wikidata.org/entity/Q1448203,237
http://www.wikidata.org/entity/Q1448701,178
http://www.wikidata.org/entity/Q1460271,203
http://www.wikidata.org/entity/Q46998093,
http://www.wikidata.org/entity/Q51212996,
http://www.wikidata.org/entity/Q51918916,
http://www.wikidata.org/entity/Q1751408,258
http://www.wikidata.org/entity/Q1761496,170
http://www.wikidata.org/entity/Q1762826,78
http://www.wikidata.org/entity/Q56258104,
http://www.wikidata.org/entity/Q56258413,
http://www.wikidata.org/entity/Q56318135,
http://www.wikidata.org/entity/Q56323639,
http://www.wikidata.org/entity/Q56599032,
http://www.wikidata.org/entity/Q56776954,
http://www.wikidata.org/entity/Q1863885,160
http://www.wikidata.org/entity/Q58177339,
http://www.wikidata.org/entity/Q58178579,
http://www.wikidata.org/entity/Q58181750,
http://www.wikidata.org/entity/Q58480176,
http://www.wikidata.org/entity/Q1899740,668
http://www.wikidata.org/entity/Q59914107,
http://www.wikidata.org/entity/Q2011510,95
http://www.wikidata.org/entity/Q2016193,325
http://www.wikidata.org/entity/Q2030685,175
http://www.wikidata.org/entity/Q2035209,84.4
http://www.wikidata.org/entity/Q2045726,42.8
http://www.wikidata.org/entity/Q63994924,
http://www.wikidata.org/entity/Q63995247,
http://www.wikidata.org/entity/Q2066739,480
http://www.wikidata.org/entity/Q2092566,187
http://www.wikidata.org/entity/Q2097931,141
http://www.wikidata.org/entity/Q2247307,273
http://www.wikidata.org/entity/Q69859246,
http://www.wikidata.org/entity/Q2264942,390
http://www.wikidata.org/entity/Q2267509,31
http://www.wikidata.org/entity/Q2268013,100
http://www.wikidata.org/entity/Q2269585,58
http://www.wikidata.org/entity/Q2269291,143.5
http://www.wikidata.org/entity/Q2270291,67.5
http://www.wikidata.org/entity/Q2273517,230
http://www.wikidata.org/entity/Q2275371,130
http://www.wikidata.org/entity/Q2275353,123
http://www.wikidata.org/entity/Q2277635,380
http://www.wikidata.org/entity/Q2284829,104
http://www.wikidata.org/entity/Q2293905,60
http://www.wikidata.org/entity/Q2293936,67
http://www.wikidata.org/entity/Q71126799,
http://www.wikidata.org/entity/Q2325834,128
http://www.wikidata.org/entity/Q2327715,314
http://www.wikidata.org/entity/Q2337873,292
http://www.wikidata.org/entity/Q2338404,43
http://www.wikidata.org/entity/Q2338417,323
http://www.wikidata.org/entity/Q2343939,43
http://www.wikidata.org/entity/Q2405771,61
http://www.wikidata.org/entity/Q2426058,205
http://www.wikidata.org/entity/Q2448678,268
http://www.wikidata.org/entity/Q2459887,75
http://www.wikidata.org/entity/Q2470123,145
http://www.wikidata.org/entity/Q2472983,365
http://www.wikidata.org/entity/Q2515309,65
http://www.wikidata.org/entity/Q78330040,
http://www.wikidata.org/entity/Q78756742,
http://www.wikidata.org/entity/Q78783346,
http://www.wikidata.org/entity/Q78799218,
http://www.wikidata.org/entity/Q78910398,
http://www.wikidata.org/entity/Q79020756,
http://www.wikidata.org/entity/Q79021962,
http://www.wikidata.org/entity/Q79022279,
http://www.wikidata.org/entity/Q79022528,
http://www.wikidata.org/entity/Q79022983,
http://www.wikidata.org/entity/Q79024730,
http://www.wikidata.org/entity/Q79026167,
http://www.wikidata.org/entity/Q2610936,70
http://www.wikidata.org/entity/Q2610729,155.5
http://www.wikidata.org/entity/Q2626595,390
http://www.wikidata.org/entity/Q2627056,125
http://www.wikidata.org/entity/Q2629715,46
http://www.wikidata.org/entity/Q2635552,139
http://www.wikidata.org/entity/Q2665840,352
http://www.wikidata.org/entity/Q2713203,260
http://www.wikidata.org/entity/Q2713823,48
http://www.wikidata.org/entity/Q2714237,150
http://www.wikidata.org/entity/Q2715177,112
http://www.wikidata.org/entity/Q2715302,292
http://www.wikidata.org/entity/Q2717478,72
http://www.wikidata.org/entity/Q2732274,122.5
http://www.wikidata.org/entity/Q2734111,124
http://www.wikidata.org/entity/Q2866382,500
http://www.wikidata.org/entity/Q88961191,
http://www.wikidata.org/entity/Q2872721,64
http://www.wikidata.org/entity/Q89697566,
http://www.wikidata.org/entity/Q90291195,
http://www.wikidata.org/entity/Q2920183,403
http://www.wikidata.org/entity/Q2929922,300
http://www.wikidata.org/entity/Q93520523,
http://www.wikidata.org/entity/Q93631317,
http://www.wikidata.org/entity/Q3044873,300
http://www.wikidata.org/entity/Q94634547,
http://www.wikidata.org/entity/Q97378803,
http://www.wikidata.org/entity/Q97669288,
http://www.wikidata.org/entity/Q97669846,
http://www.wikidata.org/entity/Q98108204,
http://www.wikidata.org/entity/Q98449585,
http://www.wikidata.org/entity/Q98557614,
http://www.wikidata.org/entity/Q98684801,
http://www.wikidata.org/entity/Q3185885,300
http://www.wikidata.org/entity/Q3201479,285
http://www.wikidata.org/entity/Q3207247,32
http://www.wikidata.org/entity/Q3207678,220
http://www.wikidata.org/entity/Q3207989,203
http://www.wikidata.org/entity/Q3210267,40
http://www.wikidata.org/entity/Q3213773,120
http://www.wikidata.org/entity/Q3213778,85
http://www.wikidata.org/entity/Q3213801,124
http://www.wikidata.org/entity/Q3220282,410
http://www.wikidata.org/entity/Q3223625,1290
http://www.wikidata.org/entity/Q99937752,
http://www.wikidata.org/entity/Q3276171,180
http://www.wikidata.org/entity/Q3276180,110
http://www.wikidata.org/entity/Q3276168,81.5
http://www.wikidata.org/entity/Q105025725,
http://www.wikidata.org/entity/Q3399438,59.5
http://www.wikidata.org/entity/Q105760555,
http://www.wikidata.org/entity/Q106575251,
http://www.wikidata.org/entity/Q106857023,
http://www.wikidata.org/entity/Q107311733,
http://www.wikidata.org/entity/Q3464027,50
http://www.wikidata.org/entity/Q3463871,165
http://www.wikidata.org/entity/Q107440131,
http://www.wikidata.org/entity/Q107467842,
http://www.wikidata.org/entity/Q107548658,
http://www.wikidata.org/entity/Q3471589,50
http://www.wikidata.org/entity/Q3472935,84
http://www.wikidata.org/entity/Q108314527,
http://www.wikidata.org/entity/Q108321038,
http://www.wikidata.org/entity/Q108321039,
http://www.wikidata.org/entity/Q3495790,90
http://www.wikidata.org/entity/Q108799898,
http://www.wikidata.org/entity/Q108816249,
http://www.wikidata.org/entity/Q108900483,
http://www.wikidata.org/entity/Q109913050,
http://www.wikidata.org/entity/Q110770118,
http://www.wikidata.org/entity/Q111041574,
http://www.wikidata.org/entity/Q111042707,
http://www.wikidata.org/entity/Q111485530,
http://www.wikidata.org/entity/Q111485979,
http://www.wikidata.org/entity/Q111486358,
http://www.wikidata.org/entity/Q111486756,
http://www.wikidata.org/entity/Q111486805,
http://www.wikidata.org/entity/Q111486873,
http://www.wikidata.org/entity/Q111738668,
http://www.wikidata.org/entity/Q3605530,420
http://www.wikidata.org/entity/Q3605568,140
http://www.wikidata.org/entity/Q3605532,258
http://www.wikidata.org/entity/Q111972094,
http://www.wikidata.org/entity/Q112034219,
http://www.wikidata.org/entity/Q112074870,
http://www.wikidata.org/entity/Q112125081,
http://www.wikidata.org/entity/Q112133371,
http://www.wikidata.org/entity/Q112133543,
http://www.wikidata.org/entity/Q3618188,96
http://www.wikidata.org/entity/Q3620765,800
http://www.wikidata.org/entity/Q3620766,210
http://www.wikidata.org/entity/Q3623738,26
http://www.wikidata.org/entity/Q3625842,74
http://www.wikidata.org/entity/Q3627401,385
http://www.wikidata.org/entity/Q3630726,32
http://www.wikidata.org/entity/Q3636748,115
http://www.wikidata.org/entity/Q3639064,244
http://www.wikidata.org/entity/Q3642142,110
http://www.wikidata.org/entity/Q3650885,116
http://www.wikidata.org/entity/Q113878786,
http://www.wikidata.org/entity/Q3685501,232
http://www.wikidata.org/entity/Q3686814,76.4
http://www.wikidata.org/entity/Q3697602,55
http://www.wikidata.org/entity/Q3697640,283
http://www.wikidata.org/entity/Q3697588,93.7
http://www.wikidata.org/entity/Q3698182,372
http://www.wikidata.org/entity/Q3704794,245
http://www.wikidata.org/entity/Q114869573,
http://www.wikidata.org/entity/Q3706331,386
http://www.wikidata.org/entity/Q3709306,58.4
http://www.wikidata.org/entity/Q115067483,
http://www.wikidata.org/entity/Q3711898,103
http://www.wikidata.org/entity/Q3725199,58.7
http://www.wikidata.org/entity/Q3725832,367
http://www.wikidata.org/entity/Q115680005,
http://www.wikidata.org/entity/Q3731103,123.5
http://www.wikidata.org/entity/Q3732905,268
http://www.wikidata.org/entity/Q115862528,
http://www.wikidata.org/entity/Q115898761,
http://www.wikidata.org/entity/Q3740793,168
http://www.wikidata.org/entity/Q3743879,172
http://www.wikidata.org/entity/Q3747239,144
http://www.wikidata.org/entity/Q116270130,
http://www.wikidata.org/entity/Q3752350,54
http://www.wikidata.org/entity/Q3752977,77
http://www.wikidata.org/entity/Q3766168,67
http://www.wikidata.org/entity/Q3769202,600
http://www.wikidata.org/entity/Q3771679,95
http://www.wikidata.org/entity/Q3771749,148
http://www.wikidata.org/entity/Q3771746,212
http://www.wikidata.org/entity/Q116990427,
http://www.wikidata.org/entity/Q117042320,
http://www.wikidata.org/entity/Q3775535,62
http://www.wikidata.org/entity/Q3778382,37
http://www.wikidata.org/entity/Q117304805,
http://www.wikidata.org/entity/Q3784272,58
http://www.wikidata.org/entity/Q3784247,89
http://www.wikidata.org/entity/Q117427024,
http://www.wikidata.org/entity/Q117447676,
http://www.wikidata.org/entity/Q117470090,
http://www.wikidata.org/entity/Q117715996,
http://www.wikidata.org/entity/Q3797482,37
http://www.wikidata.org/entity/Q117834449,
http://www.wikidata.org/entity/Q117834473,
http://www.wikidata.org/entity/Q117834509,
http://www.wikidata.org/entity/Q117834674,
http://www.wikidata.org/entity/Q117834758,
http://www.wikidata.org/entity/Q117834806,
http://www.wikidata.org/entity/Q117834885,
http://www.wikidata.org/entity/Q117848663,
http://www.wikidata.org/entity/Q117848759,
http://www.wikidata.org/entity/Q117848804,
http://www.wikidata.org/entity/Q117848843,
http://www.wikidata.org/entity/Q117848873,
http://www.wikidata.org/entity/Q117849453,
http://www.wikidata.org/entity/Q117849868,
http://www.wikidata.org/entity/Q117850467,
http://www.wikidata.org/entity/Q117949491,
http://www.wikidata.org/entity/Q117950829,
http://www.wikidata.org/entity/Q118287906,
http://www.wikidata.org/entity/Q3817178,371
http://www.wikidata.org/entity/Q118368958,
http://www.wikidata.org/entity/Q118398891,
http://www.wikidata.org/entity/Q118399101,
http://www.wikidata.org/entity/Q3821139,12
http://www.wikidata.org/entity/Q3821405,208
http://www.wikidata.org/entity/Q118522898,
http://www.wikidata.org/entity/Q3823990,66
http://www.wikidata.org/entity/Q118590751,
http://www.wikidata.org/entity/Q118601577,
http://www.wikidata.org/entity/Q118605466,
http://www.wikidata.org/entity/Q118606399,
http://www.wikidata.org/entity/Q118611138,
http://www.wikidata.org/entity/Q118641092,
http://www.wikidata.org/entity/Q118675903,
http://www.wikidata.org/entity/Q118678052,
http://www.wikidata.org/entity/Q118680631,
http://www.wikidata.org/entity/Q118724762,
http://www.wikidata.org/entity/Q118725088,
http://www.wikidata.org/entity/Q3831651,364
http://www.wikidata.org/entity/Q118822913,
http://www.wikidata.org/entity/Q118835177,
http://www.wikidata.org/entity/Q118868275,
http://www.wikidata.org/entity/Q118869818,
http://www.wikidata.org/entity/Q118873919,
http://www.wikidata.org/entity/Q3834971,107
http://www.wikidata.org/entity/Q118905108,
http://www.wikidata.org/entity/Q119010849,
http://www.wikidata.org/entity/Q3842413,38
http://www.wikidata.org/entity/Q3842424,32
http://www.wikidata.org/entity/Q3842472,80
http://www.wikidata.org/entity/Q3842438,47
http://www.wikidata.org/entity/Q3842439,89
http://www.wikidata.org/entity/Q3842484,47
http://www.wikidata.org/entity/Q3842533,41
http://www.wikidata.org/entity/Q3842522,89
http://www.wikidata.org/entity/Q3842575,710
http://www.wikidata.org/entity/Q3842594,58
http://www.wikidata.org/entity/Q3842521,134
http://www.wikidata.org/entity/Q3842577,112
http://www.wikidata.org/entity/Q3842706,21
http://www.wikidata.org/entity/Q3842700,69
http://www.wikidata.org/entity/Q3842725,71
http://www.wikidata.org/entity/Q3842673,143
http://www.wikidata.org/entity/Q3842530,29.5
http://www.wikidata.org/entity/Q3842713,127
http://www.wikidata.org/entity/Q3842412,47.4
http://www.wikidata.org/entity/Q3842543,119.5
http://www.wikidata.org/entity/Q119292565,
http://www.wikidata.org/entity/Q119353076,
http://www.wikidata.org/entity/Q119404568,
http://www.wikidata.org/entity/Q119443390,
http://www.wikidata.org/entity/Q119443609,
http://www.wikidata.org/entity/Q119493466,
http://www.wikidata.org/entity/Q119574411,
http://www.wikidata.org/entity/Q3863247,362
http://www.wikidata.org/entity/Q119819515,
http://www.wikidata.org/entity/Q119846277,
http://www.wikidata.org/entity/Q3873244,220
http://www.wikidata.org/entity/Q3879242,250
http://www.wikidata.org/entity/Q120311223,
http://www.wikidata.org/entity/Q120317949,
http://www.wikidata.org/entity/Q3884948,141
http://www.wikidata.org/entity/Q3885620,39
http://www.wikidata.org/entity/Q120488471,
http://www.wikidata.org/entity/Q120488611,
http://www.wikidata.org/entity/Q120488851,
http://www.wikidata.org/entity/Q120489814,
http://www.wikidata.org/entity/Q3889195,180
http://www.wikidata.org/entity/Q3889211,230
http://www.wikidata.org/entity/Q3889255,240
http://www.wikidata.org/entity/Q3889253,225
http://www.wikidata.org/entity/Q3889247,262
http://www.wikidata.org/entity/Q3889203,312
http://www.wikidata.org/entity/Q3889254,268
http://www.wikidata.org/entity/Q3889229,295
http://www.wikidata.org/entity/Q3889220,331
http://www.wikidata.org/entity/Q120598525,
http://www.wikidata.org/entity/Q120598716,
http://www.wikidata.org/entity/Q120884863,
http://www.wikidata.org/entity/Q120884895,
http://www.wikidata.org/entity/Q120900571,
http://www.wikidata.org/entity/Q120903815,
http://www.wikidata.org/entity/Q3904398,185
http://www.wikidata.org/entity/Q3904392,43.7
http://www.wikidata.org/entity/Q3907497,393
http://www.wikidata.org/entity/Q3907344,116.6
http://www.wikidata.org/entity/Q3910087,347
http://www.wikidata.org/entity/Q3910913,170
http://www.wikidata.org/entity/Q121546107,
http://www.wikidata.org/entity/Q3921705,115
http://www.wikidata.org/entity/Q3921912,207
http://www.wikidata.org/entity/Q3924389,89
http://www.wikidata.org/entity/Q121689728,
http://www.wikidata.org/entity/Q3925592,360
http://www.wikidata.org/entity/Q121735048,
http://www.wikidata.org/entity/Q121995915,
http://www.wikidata.org/entity/Q3937080,76
http://www.wikidata.org/entity/Q3937438,55
http://www.wikidata.org/entity/Q3937502,87
http://www.wikidata.org/entity/Q3937561,56
http://www.wikidata.org/entity/Q3937511,114
http://www.wikidata.org/entity/Q3937553,113
http://www.wikidata.org/entity/Q3937569,139
http://www.wikidata.org/entity/Q3937643,106
http://www.wikidata.org/entity/Q3937634,131
http://www.wikidata.org/entity/Q3937547,265
http://www.wikidata.org/entity/Q3937598,52.6
http://www.wikidata.org/entity/Q3944499,89
http://www.wikidata.org/entity/Q3944515,138
http://www.wikidata.org/entity/Q3945710,51
http://www.wikidata.org/entity/Q3946910,310
http://www.wikidata.org/entity/Q3947013,51
http://www.wikidata.org/entity/Q3947064,380
http://www.wikidata.org/entity/Q3947210,66
http://www.wikidata.org/entity/Q3947211,128
http://www.wikidata.org/entity/Q3947277,79
http://www.wikidata.org/entity/Q3947281,94
http://www.wikidata.org/entity/Q3947288,136
http://www.wikidata.org/entity/Q3947375,159
http://www.wikidata.org/entity/Q3947504,132
http://www.wikidata.org/entity/Q3947687,325
http://www.wikidata.org/entity/Q3947723,335
http://www.wikidata.org/entity/Q3947812,306
http://www.wikidata.org/entity/Q3948701,136
http://www.wikidata.org/entity/Q3954057,133
http://www.wikidata.org/entity/Q3967206,395
http://www.wikidata.org/entity/Q123036459,
http://www.wikidata.org/entity/Q3973584,281
http://www.wikidata.org/entity/Q3979950,260
http://www.wikidata.org/entity/Q3979952,228
http://www.wikidata.org/entity/Q3979961,307
http://www.wikidata.org/entity/Q123416461,
http://www.wikidata.org/entity/Q123416548,
http://www.wikidata.org/entity/Q123416954,
http://www.wikidata.org/entity/Q123416994,
http://www.wikidata.org/entity/Q123417018,
http://www.wikidata.org/entity/Q123418628,
http://www.wikidata.org/entity/Q123419057,
http://www.wikidata.org/entity/Q123419096,
http://www.wikidata.org/entity/Q123419116,
http://www.wikidata.org/entity/Q123419237,
http://www.wikidata.org/entity/Q123419285,
http://www.wikidata.org/entity/Q123419324,
http://www.wikidata.org/entity/Q123419384,
http://www.wikidata.org/entity/Q123419421,
http://www.wikidata.org/entity/Q3981174,132
http://www.wikidata.org/entity/Q3982379,610
http://www.wikidata.org/entity/Q3983114,168
http://www.wikidata.org/entity/Q3984830,118
http://www.wikidata.org/entity/Q3985169,40
http://www.wikidata.org/entity/Q3985186,250
http://www.wikidata.org/entity/Q3985472,137
http://www.wikidata.org/entity/Q3992111,96
http://www.wikidata.org/entity/Q3997723,115
http://www.wikidata.org/entity/Q3998940,560
http://www.wikidata.org/entity/Q3999094,210
http://www.wikidata.org/entity/Q3999095,184
http://www.wikidata.org/entity/Q4006302,123.6
http://www.wikidata.org/entity/Q124256182,
http://www.wikidata.org/entity/Q124287594,
http://www.wikidata.org/entity/Q4010476,560
http://www.wikidata.org/entity/Q4010941,407
http://www.wikidata.org/entity/Q4014547,57.3
http://www.wikidata.org/entity/Q4015932,141
http://www.wikidata.org/entity/Q4015931,364
http://www.wikidata.org/entity/Q124627974,
http://www.wikidata.org/entity/Q125189520,
http://www.wikidata.org/entity/Q125774997,
http://www.wikidata.org/entity/Q125775011,
http://www.wikidata.org/entity/Q125775038,
http://www.wikidata.org/entity/Q125775039,
http://www.wikidata.org/entity/Q125775114,
http://www.wikidata.org/entity/Q125775115,
http://www.wikidata.org/entity/Q125775113,
http://www.wikidata.org/entity/Q125775116,
http://www.wikidata.org/entity/Q125794511,
http://www.wikidata.org/entity/Q125809444,
http://www.wikidata.org/entity/Q126127358,
http://www.wikidata.org/entity/Q126208372,
http://www.wikidata.org/entity/Q126208398,
http://www.wikidata.org/entity/Q126208411,
http://www.wikidata.org/entity/Q126215082,
http://www.wikidata.org/entity/Q126260153,
http://www.wikidata.org/entity/Q126284178,
http://www.wikidata.org/entity/Q126329804,
http://www.wikidata.org/entity/Q126331546,
http://www.wikidata.org/entity/Q126331548,
http://www.wikidata.org/entity/Q126368575,
http://www.wikidata.org/entity/Q126371885,
http://www.wikidata.org/entity/Q126456502,
http://www.wikidata.org/entity/Q126456503,
http://www.wikidata.org/entity/Q126456506,
http://www.wikidata.org/entity/Q126456507,
http://www.wikidata.org/entity/Q126456505,
http://www.wikidata.org/entity/Q126456508,
http://www.wikidata.org/entity/Q126456514,
http://www.wikidata.org/entity/Q126456515,
http://www.wikidata.org/entity/Q126456516,
http://www.wikidata.org/entity/Q126456517,
http://www.wikidata.org/entity/Q126456555,
http://www.wikidata.org/entity/Q126513924,
http://www.wikidata.org/entity/Q126680509,
http://www.wikidata.org/entity/Q126727120,
http://www.wikidata.org/entity/Q126727184,
http://www.wikidata.org/entity/Q126727198,
http://www.wikidata.org/entity/Q126891336,
http://www.wikidata.org/entity/Q127790733,
http://www.wikidata.org/entity/Q127985981,
http://www.wikidata.org/entity/Q129500713,
http://www.wikidata.org/entity/Q129977163,
http://www.wikidata.org/entity/Q130335034,
http://www.wikidata.org/entity/Q130552524,
http://www.wikidata.org/entity/Q130999230,
http://www.wikidata.org/entity/Q131011027,
http://www.wikidata.org/entity/Q131325204,
http://www.wikidata.org/entity/Q131349567,
http://www.wikidata.org/entity/Q131362573,
http://www.wikidata.org/entity/Q131395036,
http://www.wikidata.org/entity/Q131414320,
http://www.wikidata.org/entity/Q131414321,
http://www.wikidata.org/entity/Q131414326,
http://www.wikidata.org/entity/Q131414433,
http://www.wikidata.org/entity/Q131421438,
http://www.wikidata.org/entity/Q131421566,
http://www.wikidata.org/entity/Q131421567,
http://www.wikidata.org/entity/Q131421565,
http://www.wikidata.org/entity/Q131421570,
http://www.wikidata.org/entity/Q131421571,
http://www.wikidata.org/entity/Q131422002,
http://www.wikidata.org/entity/Q131422003,
http://www.wikidata.org/entity/Q131422007,
http://www.wikidata.org/entity/Q131422004,
http://www.wikidata.org/entity/Q131422010,
http://www.wikidata.org/entity/Q131422011,
http://www.wikidata.org/entity/Q131422008,
http://www.wikidata.org/entity/Q131422009,
http://www.wikidata.org/entity/Q131422014,
http://www.wikidata.org/entity/Q131422015,
http://www.wikidata.org/entity/Q131422012,
http://www.wikidata.org/entity/Q131422013,
http://www.wikidata.org/entity/Q131422018,
http://www.wikidata.org/entity/Q131422019,
http://www.wikidata.org/entity/Q131422016,
http://www.wikidata.org/entity/Q131422017,
http://www.wikidata.org/entity/Q131422022,
http://www.wikidata.org/entity/Q131422020,
http://www.wikidata.org/entity/Q131422021,
http://www.wikidata.org/entity/Q131422030,
http://www.wikidata.org/entity/Q131422031,
http://www.wikidata.org/entity/Q131422028,
http://www.wikidata.org/entity/Q131422029,
http://www.wikidata.org/entity/Q131422036,
http://www.wikidata.org/entity/Q131449651,
http://www.wikidata.org/entity/Q131449654,
http://www.wikidata.org/entity/Q131449662,
http://www.wikidata.org/entity/Q131449660,
http://www.wikidata.org/entity/Q131449661,
http://www.wikidata.org/entity/Q131449667,
http://www.wikidata.org/entity/Q131449675,
http://www.wikidata.org/entity/Q131449678,
http://www.wikidata.org/entity/Q131449679,
http://www.wikidata.org/entity/Q131449676,
http://www.wikidata.org/entity/Q131449680,
http://www.wikidata.org/entity/Q131449695,
http://www.wikidata.org/entity/Q131449693,
http://www.wikidata.org/entity/Q131449700,
http://www.wikidata.org/entity/Q131449706,
http://www.wikidata.org/entity/Q131449707,
http://www.wikidata.org/entity/Q131449704,
http://www.wikidata.org/entity/Q131449705,
http://www.wikidata.org/entity/Q131450079,
http://www.wikidata.org/entity/Q131450082,
http://www.wikidata.org/entity/Q131450086,
http://www.wikidata.org/entity/Q131450087,
http://www.wikidata.org/entity/Q131450084,
http://www.wikidata.org/entity/Q131450085,
http://www.wikidata.org/entity/Q131450090,
http://www.wikidata.org/entity/Q131450089,
http://www.wikidata.org/entity/Q131450094,
http://www.wikidata.org/entity/Q131450095,
http://www.wikidata.org/entity/Q131450092,
http://www.wikidata.org/entity/Q131450093,
http://www.wikidata.org/entity/Q131450098,
http://www.wikidata.org/entity/Q131450099,
http://www.wikidata.org/entity/Q131450096,
http://www.wikidata.org/entity/Q131450103,
http://www.wikidata.org/entity/Q131450100,
http://www.wikidata.org/entity/Q131450107,
http://www.wikidata.org/entity/Q131450104,
http://www.wikidata.org/entity/Q131450111,
http://www.wikidata.org/entity/Q131450108,
http://www.wikidata.org/entity/Q131450109,
http://www.wikidata.org/entity/Q131450114,
http://www.wikidata.org/entity/Q131450115,
http://www.wikidata.org/entity/Q131450112,
http://www.wikidata.org/entity/Q131450118,
http://www.wikidata.org/entity/Q131450119,
http://www.wikidata.org/entity/Q131450116,
http://www.wikidata.org/entity/Q131450122,
http://www.wikidata.org/entity/Q131450123,
http://www.wikidata.org/entity/Q131450120,
http://www.wikidata.org/entity/Q131450126,
http://www.wikidata.org/entity/Q131450127,
http://www.wikidata.org/entity/Q131450124,
http://www.wikidata.org/entity/Q131450125,
http://www.wikidata.org/entity/Q131450134,
http://www.wikidata.org/entity/Q131450135,
http://www.wikidata.org/entity/Q131450132,
http://www.wikidata.org/entity/Q131450133,
http://www.wikidata.org/entity/Q131450138,
http://www.wikidata.org/entity/Q131450136,
http://www.wikidata.org/entity/Q131450142,
http://www.wikidata.org/entity/Q131450146,
http://www.wikidata.org/entity/Q131450144,
http://www.wikidata.org/entity/Q131450145,
http://www.wikidata.org/entity/Q131450151,
http://www.wikidata.org/entity/Q131450148,
http://www.wikidata.org/entity/Q131450149,
http://www.wikidata.org/entity/Q131450154,
http://www.wikidata.org/entity/Q131450152,
http://www.wikidata.org/entity/Q131450153,
http://www.wikidata.org/entity/Q131450161,
http://www.wikidata.org/entity/Q131501600,
http://www.wikidata.org/entity/Q131501606,
http://www.wikidata.org/entity/Q131501607,
http://www.wikidata.org/entity/Q131501608,
http://www.wikidata.org/entity/Q131501614,
http://www.wikidata.org/entity/Q131501612,
http://www.wikidata.org/entity/Q131501619,
http://www.wikidata.org/entity/Q131501617,
http://www.wikidata.org/entity/Q131501620,
http://www.wikidata.org/entity/Q131501633,
http://www.wikidata.org/entity/Q131501639,
http://www.wikidata.org/entity/Q131501643,
http://www.wikidata.org/entity/Q131501646,
http://www.wikidata.org/entity/Q131501645,
http://www.wikidata.org/entity/Q131501651,
http://www.wikidata.org/entity/Q131501649,
http://www.wikidata.org/entity/Q131501655,
http://www.wikidata.org/entity/Q131501653,
http://www.wikidata.org/entity/Q131501658,
http://www.wikidata.org/entity/Q131501663,
http://www.wikidata.org/entity/Q131501661,
http://www.wikidata.org/entity/Q131501666,
http://www.wikidata.org/entity/Q131501667,
http://www.wikidata.org/entity/Q131501671,
http://www.wikidata.org/entity/Q131501672,
http://www.wikidata.org/entity/Q131501678,
http://www.wikidata.org/entity/Q131501683,
http://www.wikidata.org/entity/Q131501690,
http://www.wikidata.org/entity/Q131501691,
http://www.wikidata.org/entity/Q131501711,
http://www.wikidata.org/entity/Q131501712,
http://www.wikidata.org/entity/Q131501724,
http://www.wikidata.org/entity/Q131501744,
http://www.wikidata.org/entity/Q131501750,
http://www.wikidata.org/entity/Q131501755,
http://www.wikidata.org/entity/Q131501753,
http://www.wikidata.org/entity/Q131501759,
http://www.wikidata.org/entity/Q131501756,
http://www.wikidata.org/entity/Q131501763,
http://www.wikidata.org/entity/Q131501770,
http://www.wikidata.org/entity/Q131501775,
http://www.wikidata.org/entity/Q131501773,
http://www.wikidata.org/entity/Q131501784,
http://www.wikidata.org/entity/Q131501791,
http://www.wikidata.org/entity/Q131501788,
http://www.wikidata.org/entity/Q131501793,
http://www.wikidata.org/entity/Q131501796,
http://www.wikidata.org/entity/Q131501797,
http://www.wikidata.org/entity/Q131501800,
http://www.wikidata.org/entity/Q131501801,
http://www.wikidata.org/entity/Q131501805,
http://www.wikidata.org/entity/Q131501811,
http://www.wikidata.org/entity/Q131501818,
http://www.wikidata.org/entity/Q131501816,
http://www.wikidata.org/entity/Q131501821,
http://www.wikidata.org/entity/Q131501826,
http://www.wikidata.org/entity/Q131501830,
http://www.wikidata.org/entity/Q131501842,
http://www.wikidata.org/entity/Q131501859,
http://www.wikidata.org/entity/Q131542580,
http://www.wikidata.org/entity/Q131542581,
http://www.wikidata.org/entity/Q131542585,
http://www.wikidata.org/entity/Q131542595,
http://www.wikidata.org/entity/Q131542596,
http://www.wikidata.org/entity/Q131542607,
http://www.wikidata.org/entity/Q131542610,
http://www.wikidata.org/entity/Q131542611,
http://www.wikidata.org/entity/Q131542609,
http://www.wikidata.org/entity/Q131542614,
http://www.wikidata.org/entity/Q131542615,
http://www.wikidata.org/entity/Q131543565,
http://www.wikidata.org/entity/Q131543603,
http://www.wikidata.org/entity/Q131543631,
http://www.wikidata.org/entity/Q131543629,
http://www.wikidata.org/entity/Q131543651,
http://www.wikidata.org/entity/Q131543648,
http://www.wikidata.org/entity/Q131543653,
http://www.wikidata.org/entity/Q131543680,
http://www.wikidata.org/entity/Q131546421,
http://www.wikidata.org/entity/Q131546426,
http://www.wikidata.org/entity/Q131546425,
http://www.wikidata.org/entity/Q131546428,
http://www.wikidata.org/entity/Q131546441,
http://www.wikidata.org/entity/Q131546444,
http://www.wikidata.org/entity/Q131546449,
http://www.wikidata.org/entity/Q131546458,
http://www.wikidata.org/entity/Q131546462,
http://www.wikidata.org/entity/Q131546463,
http://www.wikidata.org/entity/Q131546466,
http://www.wikidata.org/entity/Q131546465,
http://www.wikidata.org/entity/Q131546469,
http://www.wikidata.org/entity/Q131546475,
http://www.wikidata.org/entity/Q131546484,
http://www.wikidata.org/entity/Q131546485,
http://www.wikidata.org/entity/Q131546494,
http://www.wikidata.org/entity/Q131546493,
http://www.wikidata.org/entity/Q131546499,
http://www.wikidata.org/entity/Q131546506,
http://www.wikidata.org/entity/Q131546510,
http://www.wikidata.org/entity/Q131546508,
http://www.wikidata.org/entity/Q131546509,
http://www.wikidata.org/entity/Q131546515,
http://www.wikidata.org/entity/Q131546516,
http://www.wikidata.org/entity/Q131546517,
http://www.wikidata.org/entity/Q131546525,
http://www.wikidata.org/entity/Q131546551,
http://www.wikidata.org/entity/Q131546552,
http://www.wikidata.org/entity/Q131546553,
http://www.wikidata.org/entity/Q131546582,
http://www.wikidata.org/entity/Q131546581,
http://www.wikidata.org/entity/Q131546599,
http://www.wikidata.org/entity/Q131546603,
http://www.wikidata.org/entity/Q131557338,
http://www.wikidata.org/entity/Q131557340,
http://www.wikidata.org/entity/Q131557341,
http://www.wikidata.org/entity/Q131557374,
http://www.wikidata.org/entity/Q131557372,
http://www.wikidata.org/entity/Q131557373,
http://www.wikidata.org/entity/Q131557376,
http://www.wikidata.org/entity/Q131557436,
http://www.wikidata.org/entity/Q131557458,
http://www.wikidata.org/entity/Q131557464,
http://www.wikidata.org/entity/Q131557484,
http://www.wikidata.org/entity/Q131557662,
http://www.wikidata.org/entity/Q131557664,
http://www.wikidata.org/entity/Q131557854,
http://www.wikidata.org/entity/Q131557866,
http://www.wikidata.org/entity/Q131557871,
http://www.wikidata.org/entity/Q131557868,
http://www.wikidata.org/entity/Q131557880,
http://www.wikidata.org/entity/Q131557902,
http://www.wikidata.org/entity/Q131559178,
http://www.wikidata.org/entity/Q131559177,
http://www.wikidata.org/entity/Q131559182,
http://www.wikidata.org/entity/Q131559183,
http://www.wikidata.org/entity/Q131559181,
http://www.wikidata.org/entity/Q131559187,
http://www.wikidata.org/entity/Q131559184,
http://www.wikidata.org/entity/Q131559202,
http://www.wikidata.org/entity/Q131559216,
http://www.wikidata.org/entity/Q131561164,
http://www.wikidata.org/entity/Q131561170,
http://www.wikidata.org/entity/Q131561666,
http://www.wikidata.org/entity/Q131561678,
http://www.wikidata.org/entity/Q131561677,
http://www.wikidata.org/entity/Q131561688,
http://www.wikidata.org/entity/Q131561692,
http://www.wikidata.org/entity/Q131564617,
http://www.wikidata.org/entity/Q131564870,
http://www.wikidata.org/entity/Q131564871,
http://www.wikidata.org/entity/Q131576650,
http://www.wikidata.org/entity/Q131576651,
http://www.wikidata.org/entity/Q131576649,
http://www.wikidata.org/entity/Q131578331,
http://www.wikidata.org/entity/Q131578346,
http://www.wikidata.org/entity/Q131578347,
http://www.wikidata.org/entity/Q131579612,
http://www.wikidata.org/entity/Q131579620,
http://www.wikidata.org/entity/Q131579625,
http://www.wikidata.org/entity/Q131579630,
http://www.wikidata.org/entity/Q131579631,
http://www.wikidata.org/entity/Q131579646,
http://www.wikidata.org/entity/Q131579657,
http://www.wikidata.org/entity/Q131579667,
http://www.wikidata.org/entity/Q131579670,
http://www.wikidata.org/entity/Q131579671,
http://www.wikidata.org/entity/Q131579669,
http://www.wikidata.org/entity/Q131579674,
http://www.wikidata.org/entity/Q131579672,
http://www.wikidata.org/entity/Q131579673,
http://www.wikidata.org/entity/Q131579682,
http://www.wikidata.org/entity/Q131579687,
http://www.wikidata.org/entity/Q131579688,
http://www.wikidata.org/entity/Q131587694,
http://www.wikidata.org/entity/Q131587980,
http://www.wikidata.org/entity/Q131588009,
http://www.wikidata.org/entity/Q131588018,
http://www.wikidata.org/entity/Q131588032,
http://www.wikidata.org/entity/Q131588033,
http://www.wikidata.org/entity/Q131588054,
http://www.wikidata.org/entity/Q131588057,
http://www.wikidata.org/entity/Q131588060,
http://www.wikidata.org/entity/Q131604558,
http://www.wikidata.org/entity/Q131604557,
http://www.wikidata.org/entity/Q131604561,
http://www.wikidata.org/entity/Q131604568,
http://www.wikidata.org/entity/Q131604569,
http://www.wikidata.org/entity/Q131604582,
http://www.wikidata.org/entity/Q131604586,
http://www.wikidata.org/entity/Q131604589,
http://www.wikidata.org/entity/Q131604610,
http://www.wikidata.org/entity/Q131613579,
http://www.wikidata.org/entity/Q131613582,
http://www.wikidata.org/entity/Q131613581,
http://www.wikidata.org/entity/Q131613590,
http://www.wikidata.org/entity/Q131613591,
http://www.wikidata.org/entity/Q131613594,
http://www.wikidata.org/entity/Q131613592,
http://www.wikidata.org/entity/Q131613593,
http://www.wikidata.org/entity/Q131613596,
http://www.wikidata.org/entity/Q131613597,
http://www.wikidata.org/entity/Q131613607,
http://www.wikidata.org/entity/Q131613605,
http://www.wikidata.org/entity/Q131613610,
http://www.wikidata.org/entity/Q131613608,
http://www.wikidata.org/entity/Q131613615,
http://www.wikidata.org/entity/Q131613626,
http://www.wikidata.org/entity/Q131613627,
http://www.wikidata.org/entity/Q131613630,
http://www.wikidata.org/entity/Q131613631,
http://www.wikidata.org/entity/Q131613629,
http://www.wikidata.org/entity/Q131613632,
http://www.wikidata.org/entity/Q131613637,
http://www.wikidata.org/entity/Q131613648,
http://www.wikidata.org/entity/Q131613655,
http://www.wikidata.org/entity/Q131613659,
http://www.wikidata.org/entity/Q131613656,
http://www.wikidata.org/entity/Q131613657,
http://www.wikidata.org/entity/Q131613666,
http://www.wikidata.org/entity/Q131613667,
http://www.wikidata.org/entity/Q131613670,
http://www.wikidata.org/entity/Q131613671,
http://www.wikidata.org/entity/Q131613668,
http://www.wikidata.org/entity/Q131613669,
http://www.wikidata.org/entity/Q131613675,
http://www.wikidata.org/entity/Q131613679,
http://www.wikidata.org/entity/Q131613680,
http://www.wikidata.org/entity/Q131613706,
http://www.wikidata.org/entity/Q131613704,
http://www.wikidata.org/entity/Q131613705,
http://www.wikidata.org/entity/Q131613711,
http://www.wikidata.org/entity/Q131613714,
http://www.wikidata.org/entity/Q131613715,
http://www.wikidata.org/entity/Q131613713,
http://www.wikidata.org/entity/Q131613716,
http://www.wikidata.org/entity/Q131613717,
http://www.wikidata.org/entity/Q131613722,
http://www.wikidata.org/entity/Q131613723,
http://www.wikidata.org/entity/Q131613721,
http://www.wikidata.org/entity/Q131613731,
http://www.wikidata.org/entity/Q131613729,
http://www.wikidata.org/entity/Q131613734,
http://www.wikidata.org/entity/Q131613732,
http://www.wikidata.org/entity/Q131613739,
http://www.wikidata.org/entity/Q131613742,
http://www.wikidata.org/entity/Q131613743,
http://www.wikidata.org/entity/Q131613740,
http://www.wikidata.org/entity/Q131613741,
http://www.wikidata.org/entity/Q131613746,
http://www.wikidata.org/entity/Q131613745,
http://www.wikidata.org/entity/Q131613748,
http://www.wikidata.org/entity/Q131613786,
http://www.wikidata.org/entity/Q131613787,
http://www.wikidata.org/entity/Q131613797,
http://www.wikidata.org/entity/Q131613820,
http://www.wikidata.org/entity/Q131613821,
http://www.wikidata.org/entity/Q131613826,
http://www.wikidata.org/entity/Q131613825,
http://www.wikidata.org/entity/Q131613832,
http://www.wikidata.org/entity/Q131613833,
http://www.wikidata.org/entity/Q131613870,
http://www.wikidata.org/entity/Q131613868,
http://www.wikidata.org/entity/Q131613869,
http://www.wikidata.org/entity/Q131613875,
http://www.wikidata.org/entity/Q131613879,
http://www.wikidata.org/entity/Q131613880,
http://www.wikidata.org/entity/Q131613890,
http://www.wikidata.org/entity/Q131613891,
http://www.wikidata.org/entity/Q131613888,
http://www.wikidata.org/entity/Q131613892,
http://www.wikidata.org/entity/Q131613901,
http://www.wikidata.org/entity/Q131613904,
http://www.wikidata.org/entity/Q131613905,
http://www.wikidata.org/entity/Q131613914,
http://www.wikidata.org/entity/Q131613915,
http://www.wikidata.org/entity/Q131613912,
http://www.wikidata.org/entity/Q131613913,
http://www.wikidata.org/entity/Q131613916,
http://www.wikidata.org/entity/Q131613917,
http://www.wikidata.org/entity/Q131613922,
http://www.wikidata.org/entity/Q131613926,
http://www.wikidata.org/entity/Q131613927,
http://www.wikidata.org/entity/Q131613924,
http://www.wikidata.org/entity/Q131613925,
http://www.wikidata.org/entity/Q131613930,
http://www.wikidata.org/entity/Q131613928,
http://www.wikidata.org/entity/Q131613929,
http://www.wikidata.org/entity/Q131613939,
http://www.wikidata.org/entity/Q131613968,
http://www.wikidata.org/entity/Q131613974,
http://www.wikidata.org/entity/Q131613982,
http://www.wikidata.org/entity/Q131613980,
http://www.wikidata.org/entity/Q131617883,
http://www.wikidata.org/entity/Q131617881,
http://www.wikidata.org/entity/Q131617885,
http://www.wikidata.org/entity/Q131617890,
http://www.wikidata.org/entity/Q131617895,
http://www.wikidata.org/entity/Q131617893,
http://www.wikidata.org/entity/Q131617898,
http://www.wikidata.org/entity/Q131617899,
http://www.wikidata.org/entity/Q131617897,
http://www.wikidata.org/entity/Q131617902,
http://www.wikidata.org/entity/Q131617908,
http://www.wikidata.org/entity/Q131617909,
http://www.wikidata.org/entity/Q131617914,
http://www.wikidata.org/entity/Q131617915,
http://www.wikidata.org/entity/Q131617918,
http://www.wikidata.org/entity/Q131617919,
http://www.wikidata.org/entity/Q131617916,
http://www.wikidata.org/entity/Q131617917,
http://www.wikidata.org/entity/Q131617922,
http://www.wikidata.org/entity/Q131617921,
http://www.wikidata.org/entity/Q131627554,
http://www.wikidata.org/entity/Q131627552,
http://www.wikidata.org/entity/Q131627553,
http://www.wikidata.org/entity/Q131627556,
http://www.wikidata.org/entity/Q131627571,
http://www.wikidata.org/entity/Q131627574,
http://www.wikidata.org/entity/Q131627572,
http://www.wikidata.org/entity/Q131627588,
http://www.wikidata.org/entity/Q131628758,
http://www.wikidata.org/entity/Q131628765,
http://www.wikidata.org/entity/Q131628770,
http://www.wikidata.org/entity/Q131628769,
http://www.wikidata.org/entity/Q131628775,
http://www.wikidata.org/entity/Q131628772,
http://www.wikidata.org/entity/Q131628778,
http://www.wikidata.org/entity/Q131628776,
http://www.wikidata.org/entity/Q131628802,
http://www.wikidata.org/entity/Q131628803,
http://www.wikidata.org/entity/Q131628801,
http://www.wikidata.org/entity/Q131628814,
http://www.wikidata.org/entity/Q131628812,
http://www.wikidata.org/entity/Q131628813,
http://www.wikidata.org/entity/Q131628818,
http://www.wikidata.org/entity/Q131628819,
http://www.wikidata.org/entity/Q131628817,
http://www.wikidata.org/entity/Q131628822,
http://www.wikidata.org/entity/Q131628823,
http://www.wikidata.org/entity/Q131628820,
http://www.wikidata.org/entity/Q131628821,
http://www.wikidata.org/entity/Q131628824,
http://www.wikidata.org/entity/Q131629552,
http://www.wikidata.org/entity/Q131629558,
http://www.wikidata.org/entity/Q131629557,
http://www.wikidata.org/entity/Q131632037,
http://www.wikidata.org/entity/Q131632042,
http://www.wikidata.org/entity/Q131632047,
http://www.wikidata.org/entity/Q131674303,
http://www.wikidata.org/entity/Q131674300,
http://www.wikidata.org/entity/Q131674306,
http://www.wikidata.org/entity/Q131674307,
http://www.wikidata.org/entity/Q131674310,
http://www.wikidata.org/entity/Q131674311,
http://www.wikidata.org/entity/Q131674315,
http://www.wikidata.org/entity/Q131674312,
http://www.wikidata.org/entity/Q131674316,
http://www.wikidata.org/entity/Q131674317,
http://www.wikidata.org/entity/Q131674322,
http://www.wikidata.org/entity/Q131674323,
http://www.wikidata.org/entity/Q131674332,
http://www.wikidata.org/entity/Q131674346,
http://www.wikidata.org/entity/Q131674355,
http://www.wikidata.org/entity/Q131674352,
http://www.wikidata.org/entity/Q131674353,
http://www.wikidata.org/entity/Q131674361,
http://www.wikidata.org/entity/Q131674371,
http://www.wikidata.org/entity/Q131674368,
http://www.wikidata.org/entity/Q131674369,
http://www.wikidata.org/entity/Q131674373,
http://www.wikidata.org/entity/Q131674382,
http://www.wikidata.org/entity/Q131674390,
http://www.wikidata.org/entity/Q131674398,
http://www.wikidata.org/entity/Q131674399,
http://www.wikidata.org/entity/Q131674396,
http://www.wikidata.org/entity/Q131674401,
http://www.wikidata.org/entity/Q131674404,
http://www.wikidata.org/entity/Q131674405,
http://www.wikidata.org/entity/Q131674410,
http://www.wikidata.org/entity/Q131674411,
http://www.wikidata.org/entity/Q131674409,
http://www.wikidata.org/entity/Q131674412,
http://www.wikidata.org/entity/Q131675938,
http://www.wikidata.org/entity/Q131675939,
http://www.wikidata.org/entity/Q131675936,
http://www.wikidata.org/entity/Q131675937,
http://www.wikidata.org/entity/Q131675942,
http://www.wikidata.org/entity/Q131675943,
http://www.wikidata.org/entity/Q131675940,
http://www.wikidata.org/entity/Q131675941,
http://www.wikidata.org/entity/Q131675947,
http://www.wikidata.org/entity/Q131675944,
http://www.wikidata.org/entity/Q131675945,
http://www.wikidata.org/entity/Q131675948,
http://www.wikidata.org/entity/Q131675966,
http://www.wikidata.org/entity/Q131675969,
http://www.wikidata.org/entity/Q131675979,
http://www.wikidata.org/entity/Q131675983,
http://www.wikidata.org/entity/Q131675981,
http://www.wikidata.org/entity/Q131675990,
http://www.wikidata.org/entity/Q131675989,
http://www.wikidata.org/entity/Q131675995,
http://www.wikidata.org/entity/Q131675993,
http://www.wikidata.org/entity/Q131675998,
http://www.wikidata.org/entity/Q131676028,
http://www.wikidata.org/entity/Q131676029,
http://www.wikidata.org/entity/Q131676038,
http://www.wikidata.org/entity/Q131676039,
http://www.wikidata.org/entity/Q131676037,
http://www.wikidata.org/entity/Q131676041,
http://www.wikidata.org/entity/Q131676058,
http://www.wikidata.org/entity/Q131676064,
http://www.wikidata.org/entity/Q131676306,
http://www.wikidata.org/entity/Q131676307,
http://www.wikidata.org/entity/Q131676308,
http://www.wikidata.org/entity/Q131690475,
http://www.wikidata.org/entity/Q131690473,
http://www.wikidata.org/entity/Q131690478,
http://www.wikidata.org/entity/Q131690476,
http://www.wikidata.org/entity/Q131690495,
http://www.wikidata.org/entity/Q131690498,
http://www.wikidata.org/entity/Q131690499,
http://www.wikidata.org/entity/Q131690496,
http://www.wikidata.org/entity/Q131690497,
http://www.wikidata.org/entity/Q131690502,
http://www.wikidata.org/entity/Q131690503,
http://www.wikidata.org/entity/Q131690501,
http://www.wikidata.org/entity/Q131690504,
http://www.wikidata.org/entity/Q131690511,
http://www.wikidata.org/entity/Q131690509,
http://www.wikidata.org/entity/Q131690513,
http://www.wikidata.org/entity/Q131690516,
http://www.wikidata.org/entity/Q131690517,
http://www.wikidata.org/entity/Q131690522,
http://www.wikidata.org/entity/Q131690527,
http://www.wikidata.org/entity/Q131690524,
http://www.wikidata.org/entity/Q131690525,
http://www.wikidata.org/entity/Q131690530,
http://www.wikidata.org/entity/Q131690528,
http://www.wikidata.org/entity/Q131690529,
http://www.wikidata.org/entity/Q131690535,
http://www.wikidata.org/entity/Q131690532,
http://www.wikidata.org/entity/Q131690538,
http://www.wikidata.org/entity/Q131690539,
http://www.wikidata.org/entity/Q131690536,
http://www.wikidata.org/entity/Q131690537,
http://www.wikidata.org/entity/Q131690542,
http://www.wikidata.org/entity/Q131690543,
http://www.wikidata.org/entity/Q131690540,
http://www.wikidata.org/entity/Q131690546,
http://www.wikidata.org/entity/Q131690551,
http://www.wikidata.org/entity/Q131690548,
http://www.wikidata.org/entity/Q131690549,
http://www.wikidata.org/entity/Q131690555,
http://www.wikidata.org/entity/Q131690552,
http://www.wikidata.org/entity/Q131690553,
http://www.wikidata.org/entity/Q131690558,
http://www.wikidata.org/entity/Q131690556,
http://www.wikidata.org/entity/Q131690557,
http://www.wikidata.org/entity/Q131690562,
http://www.wikidata.org/entity/Q131690563,
http://www.wikidata.org/entity/Q131690561,
http://www.wikidata.org/entity/Q131690566,
http://www.wikidata.org/entity/Q131690564,
http://www.wikidata.org/entity/Q131690571,
http://www.wikidata.org/entity/Q131690568,
http://www.wikidata.org/entity/Q131690574,
http://www.wikidata.org/entity/Q131690575,
http://www.wikidata.org/entity/Q131690572,
http://www.wikidata.org/entity/Q131690573,
http://www.wikidata.org/entity/Q131690578,
http://www.wikidata.org/entity/Q131690579,
http://www.wikidata.org/entity/Q131690582,
http://www.wikidata.org/entity/Q131690583,
http://www.wikidata.org/entity/Q131690581,
http://www.wikidata.org/entity/Q131690586,
http://www.wikidata.org/entity/Q131690587,
http://www.wikidata.org/entity/Q131690584,
http://www.wikidata.org/entity/Q131690590,
http://www.wikidata.org/entity/Q131690591,
http://www.wikidata.org/entity/Q131690588,
http://www.wikidata.org/entity/Q131690589,
http://www.wikidata.org/entity/Q131690594,
http://www.wikidata.org/entity/Q131690592,
http://www.wikidata.org/entity/Q131690593,
http://www.wikidata.org/entity/Q131690599,
http://www.wikidata.org/entity/Q131690596,
http://www.wikidata.org/entity/Q131690602,
http://www.wikidata.org/entity/Q131690603,
http://www.wikidata.org/entity/Q131690601,
http://www.wikidata.org/entity/Q131690606,
http://www.wikidata.org/entity/Q131690605,
http://www.wikidata.org/entity/Q131690633,
http://www.wikidata.org/entity/Q131690639,
http://www.wikidata.org/entity/Q131690637,
http://www.wikidata.org/entity/Q131690641,
http://www.wikidata.org/entity/Q131690646,
http://www.wikidata.org/entity/Q131690652,
http://www.wikidata.org/entity/Q131690656,
http://www.wikidata.org/entity/Q131690663,
http://www.wikidata.org/entity/Q131690660,
http://www.wikidata.org/entity/Q131704134,
http://www.wikidata.org/entity/Q131704138,
http://www.wikidata.org/entity/Q131704142,
http://www.wikidata.org/entity/Q131704140,
http://www.wikidata.org/entity/Q131704145,
http://www.wikidata.org/entity/Q131704265,
http://www.wikidata.org/entity/Q131704274,
http://www.wikidata.org/entity/Q131704272,
http://www.wikidata.org/entity/Q131704273,
http://www.wikidata.org/entity/Q131704278,
http://www.wikidata.org/entity/Q131704279,
http://www.wikidata.org/entity/Q131704280,
http://www.wikidata.org/entity/Q131704281,
http://www.wikidata.org/entity/Q131704285,
http://www.wikidata.org/entity/Q131704288,
http://www.wikidata.org/entity/Q131704294,
http://www.wikidata.org/entity/Q131704298,
http://www.wikidata.org/entity/Q131704296,
http://www.wikidata.org/entity/Q131704297,
http://www.wikidata.org/entity/Q131704303,
http://www.wikidata.org/entity/Q131704304,
http://www.wikidata.org/entity/Q131704770,
http://www.wikidata.org/entity/Q131704783,
http://www.wikidata.org/entity/Q131704780,
http://www.wikidata.org/entity/Q131708783,
http://www.wikidata.org/entity/Q131719683,
http://www.wikidata.org/entity/Q131719684,
http://www.wikidata.org/entity/Q131719685,
http://www.wikidata.org/entity/Q131719730,
http://www.wikidata.org/entity/Q131719735,
http://www.wikidata.org/entity/Q131719732,
http://www.wikidata.org/entity/Q131719736,
http://www.wikidata.org/entity/Q131719743,
http://www.wikidata.org/entity/Q131719746,
http://www.wikidata.org/entity/Q131719744,
http://www.wikidata.org/entity/Q131719745,
http://www.wikidata.org/entity/Q131719750,
http://www.wikidata.org/entity/Q131719756,
http://www.wikidata.org/entity/Q131748785,
http://www.wikidata.org/entity/Q131753928,
http://www.wikidata.org/entity/Q131753929,
http://www.wikidata.org/entity/Q131753974,
http://www.wikidata.org/entity/Q131753985,
http://www.wikidata.org/entity/Q131754003,
http://www.wikidata.org/entity/Q131760459,
http://www.wikidata.org/entity/Q131760461,
http://www.wikidata.org/entity/Q131760474,
http://www.wikidata.org/entity/Q131760473,
http://www.wikidata.org/entity/Q131760479,
http://www.wikidata.org/entity/Q131760480,
http://www.wikidata.org/entity/Q131760481,
http://www.wikidata.org/entity/Q131766115,
http://www.wikidata.org/entity/Q131766119,
http://www.wikidata.org/entity/Q131766122,
http://www.wikidata.org/entity/Q131766120,
http://www.wikidata.org/entity/Q131766143,
http://www.wikidata.org/entity/Q131766147,
http://www.wikidata.org/entity/Q131766151,
http://www.wikidata.org/entity/Q131766148,
http://www.wikidata.org/entity/Q131766192,
http://www.wikidata.org/entity/Q131812877,
http://www.wikidata.org/entity/Q131812900,
http://www.wikidata.org/entity/Q131812901,
http://www.wikidata.org/entity/Q131812919,
http://www.wikidata.org/entity/Q131812917,
http://www.wikidata.org/entity/Q131812921,
http://www.wikidata.org/entity/Q131812935,
http://www.wikidata.org/entity/Q131812933,
http://www.wikidata.org/entity/Q131812937,
http://www.wikidata.org/entity/Q131813151,
http://www.wikidata.org/entity/Q131813148,
http://www.wikidata.org/entity/Q131813153,
http://www.wikidata.org/entity/Q131813192,
http://www.wikidata.org/entity/Q131813340,
http://www.wikidata.org/entity/Q131823355,
http://www.wikidata.org/entity/Q131823364,
http://www.wikidata.org/entity/Q131823365,
http://www.wikidata.org/entity/Q131825279,
http://www.wikidata.org/entity/Q131825292,
http://www.wikidata.org/entity/Q131825306,
http://www.wikidata.org/entity/Q131825307,
http://www.wikidata.org/entity/Q131825315,
http://www.wikidata.org/entity/Q131825319,
http://www.wikidata.org/entity/Q131825316,
http://www.wikidata.org/entity/Q131825317,
http://www.wikidata.org/entity/Q131825322,
http://www.wikidata.org/entity/Q131825323,
http://www.wikidata.org/entity/Q131825320,
http://www.wikidata.org/entity/Q131825326,
http://www.wikidata.org/entity/Q131825324,
http://www.wikidata.org/entity/Q131825329,
http://www.wikidata.org/entity/Q131825338,
http://www.wikidata.org/entity/Q131825360,
http://www.wikidata.org/entity/Q131825364,
http://www.wikidata.org/entity/Q131831531,
http://www.wikidata.org/entity/Q131831573,
http://www.wikidata.org/entity/Q131831783,
http://www.wikidata.org/entity/Q131832197,
http://www.wikidata.org/entity/Q131832227,
http://www.wikidata.org/entity/Q131851008,
http://www.wikidata.org/entity/Q131851009,
http://www.wikidata.org/entity/Q131851014,
http://www.wikidata.org/entity/Q131851015,
http://www.wikidata.org/entity/Q131851012,
http://www.wikidata.org/entity/Q131851013,
http://www.wikidata.org/entity/Q131851018,
http://www.wikidata.org/entity/Q131851016,
http://www.wikidata.org/entity/Q131851028,
http://www.wikidata.org/entity/Q131851035,
http://www.wikidata.org/entity/Q131851042,
http://www.wikidata.org/entity/Q131851041,
http://www.wikidata.org/entity/Q131851051,
http://www.wikidata.org/entity/Q131851094,
http://www.wikidata.org/entity/Q131851103,
http://www.wikidata.org/entity/Q131851100,
http://www.wikidata.org/entity/Q131851106,
http://www.wikidata.org/entity/Q131851108,
http://www.wikidata.org/entity/Q131851122,
http://www.wikidata.org/entity/Q131851126,
http://www.wikidata.org/entity/Q131851124,
http://www.wikidata.org/entity/Q131851125,
http://www.wikidata.org/entity/Q131851135,
http://www.wikidata.org/entity/Q131869926,
http://www.wikidata.org/entity/Q131869955,
http://www.wikidata.org/entity/Q131937025,
http://www.wikidata.org/entity/Q131937030,
http://www.wikidata.org/entity/Q131937031,
http://www.wikidata.org/entity/Q131937032,
http://www.wikidata.org/entity/Q131937036,
http://www.wikidata.org/entity/Q131937045,
http://www.wikidata.org/entity/Q131937061,
http://www.wikidata.org/entity/Q131937066,
http://www.wikidata.org/entity/Q131937070,
http://www.wikidata.org/entity/Q131937078,
http://www.wikidata.org/entity/Q131937079,
http://www.wikidata.org/entity/Q131937080,
http://www.wikidata.org/entity/Q131937094,
http://www.wikidata.org/entity/Q131937102,
http://www.wikidata.org/entity/Q131937109,
http://www.wikidata.org/entity/Q131937113,
http://www.wikidata.org/entity/Q131937118,
http://www.wikidata.org/entity/Q132147956,
http://www.wikidata.org/entity/Q132147979,
http://www.wikidata.org/entity/Q132147995,
http://www.wikidata.org/entity/Q132147993,
http://www.wikidata.org/entity/Q132147998,
http://www.wikidata.org/entity/Q132147996,
http://www.wikidata.org/entity/Q132148002,
http://www.wikidata.org/entity/Q132148006,
http://www.wikidata.org/entity/Q132148011,
http://www.wikidata.org/entity/Q132148015,
http://www.wikidata.org/entity/Q132148013,
http://www.wikidata.org/entity/Q132148016,
http://www.wikidata.org/entity/Q132148031,
http://www.wikidata.org/entity/Q132148039,
http://www.wikidata.org/entity/Q132148050,
http://www.wikidata.org/entity/Q132148051,
http://www.wikidata.org/entity/Q132148054,
http://www.wikidata.org/entity/Q132148052,
http://www.wikidata.org/entity/Q132148057,
http://www.wikidata.org/entity/Q132148061,
http://www.wikidata.org/entity/Q132148134,
http://www.wikidata.org/entity/Q132148137,
http://www.wikidata.org/entity/Q132166188,
http://www.wikidata.org/entity/Q132166238,
http://www.wikidata.org/entity/Q132166239,
http://www.wikidata.org/entity/Q132166241,
http://www.wikidata.org/entity/Q132166246,
http://www.wikidata.org/entity/Q132166245,
http://www.wikidata.org/entity/Q132166250,
http://www.wikidata.org/entity/Q132166251,
http://www.wikidata.org/entity/Q132166254,
http://www.wikidata.org/entity/Q132166252,
http://www.wikidata.org/entity/Q132166258,
http://www.wikidata.org/entity/Q132166259,
http://www.wikidata.org/entity/Q132166256,
http://www.wikidata.org/entity/Q132166257,
http://www.wikidata.org/entity/Q132166260,
http://www.wikidata.org/entity/Q132166261,
http://www.wikidata.org/entity/Q132166270,
http://www.wikidata.org/entity/Q132166271,
http://www.wikidata.org/entity/Q132166275,
http://www.wikidata.org/entity/Q132166272,
http://www.wikidata.org/entity/Q132166294,
http://www.wikidata.org/entity/Q132166295,
http://www.wikidata.org/entity/Q132166292,
http://www.wikidata.org/entity/Q132166293,
http://www.wikidata.org/entity/Q132166298,
http://www.wikidata.org/entity/Q132166296,
http://www.wikidata.org/entity/Q132166297,
http://www.wikidata.org/entity/Q132190189,
http://www.wikidata.org/entity/Q132247240,
http://www.wikidata.org/entity/Q132247244,
http://www.wikidata.org/entity/Q132247267,
http://www.wikidata.org/entity/Q132247310,
http://www.wikidata.org/entity/Q132247313,
http://www.wikidata.org/entity/Q132247316,
http://www.wikidata.org/entity/Q132247327,
http://www.wikidata.org/entity/Q132247331,
http://www.wikidata.org/entity/Q132247328,
http://www.wikidata.org/entity/Q132247334,
http://www.wikidata.org/entity/Q132247378,
http://www.wikidata.org/entity/Q132247376,
http://www.wikidata.org/entity/Q132247380,
http://www.wikidata.org/entity/Q132247451,
http://www.wikidata.org/entity/Q132397606,
http://www.wikidata.org/entity/Q132397607,
http://www.wikidata.org/entity/Q132397604,
http://www.wikidata.org/entity/Q132397610,
http://www.wikidata.org/entity/Q132397611,
http://www.wikidata.org/entity/Q132397614,
http://www.wikidata.org/entity/Q132397615,
http://www.wikidata.org/entity/Q132397613,
http://www.wikidata.org/entity/Q132397621,
http://www.wikidata.org/entity/Q132397631,
http://www.wikidata.org/entity/Q132397663,
http://www.wikidata.org/entity/Q132397660,
http://www.wikidata.org/entity/Q132397666,
http://www.wikidata.org/entity/Q132397667,
http://www.wikidata.org/entity/Q132397664,
http://www.wikidata.org/entity/Q132397665,
http://www.wikidata.org/entity/Q132397670,
http://www.wikidata.org/entity/Q132397668,
http://www.wikidata.org/entity/Q132397669,
http://www.wikidata.org/entity/Q132397673,
http://www.wikidata.org/entity/Q132397687,
http://www.wikidata.org/entity/Q132397698,
http://www.wikidata.org/entity/Q132397696,
http://www.wikidata.org/entity/Q132397700,
http://www.wikidata.org/entity/Q132397710,
http://www.wikidata.org/entity/Q132397711,
http://www.wikidata.org/entity/Q132397715,
http://www.wikidata.org/entity/Q132397712,
http://www.wikidata.org/entity/Q132397719,
http://www.wikidata.org/entity/Q132397716,
http://www.wikidata.org/entity/Q132397721,
http://www.wikidata.org/entity/Q132397728,
http://www.wikidata.org/entity/Q132397743,
http://www.wikidata.org/entity/Q132397741,
http://www.wikidata.org/entity/Q132397746,
http://www.wikidata.org/entity/Q132397744,
http://www.wikidata.org/entity/Q132397750,
http://www.wikidata.org/entity/Q132397751,
http://www.wikidata.org/entity/Q132397749,
http://www.wikidata.org/entity/Q132397755,
http://www.wikidata.org/entity/Q132397753,
http://www.wikidata.org/entity/Q132397758,
http://www.wikidata.org/entity/Q132397759,
http://www.wikidata.org/entity/Q132397756,
http://www.wikidata.org/entity/Q132397757,
http://www.wikidata.org/entity/Q132397761,
http://www.wikidata.org/entity/Q132861558,
http://www.wikidata.org/entity/Q133280987,
http://www.wikidata.org/entity/Q133280990,
http://www.wikidata.org/entity/Q133280991,
http://www.wikidata.org/entity/Q133280994,
http://www.wikidata.org/entity/Q133280993,
http://www.wikidata.org/entity/Q133280996,
http://www.wikidata.org/entity/Q133281000,
http://www.wikidata.org/entity/Q133281004,
http://www.wikidata.org/entity/Q133281008,
http://www.wikidata.org/entity/Q133281015,
http://www.wikidata.org/entity/Q133281013,
http://www.wikidata.org/entity/Q133281018,
http://www.wikidata.org/entity/Q133281019,
http://www.wikidata.org/entity/Q133281016,
http://www.wikidata.org/entity/Q133281023,
http://www.wikidata.org/entity/Q133281021,
http://www.wikidata.org/entity/Q133281027,
http://www.wikidata.org/entity/Q133281024,
http://www.wikidata.org/entity/Q133281030,
http://www.wikidata.org/entity/Q133281031,
http://www.wikidata.org/entity/Q133281028,
http://www.wikidata.org/entity/Q133281054,
http://www.wikidata.org/entity/Q133281058,
http://www.wikidata.org/entity/Q133281056,
http://www.wikidata.org/entity/Q133281062,
http://www.wikidata.org/entity/Q133281060,
http://www.wikidata.org/entity/Q133281064,
http://www.wikidata.org/entity/Q133281065,
http://www.wikidata.org/entity/Q133281074,
http://www.wikidata.org/entity/Q133281075,
http://www.wikidata.org/entity/Q133281073,
http://www.wikidata.org/entity/Q133281078,
http://www.wikidata.org/entity/Q133281079,
http://www.wikidata.org/entity/Q133281076,
http://www.wikidata.org/entity/Q133281091,
http://www.wikidata.org/entity/Q133281094,
http://www.wikidata.org/entity/Q133281103,
http://www.wikidata.org/entity/Q134486443,
http://www.wikidata.org/entity/Q134580708,
http://www.wikidata.org/entity/Q135111963,
http://www.wikidata.org/entity/Q135972052,
http://www.wikidata.org/entity/Q5659648,140
http://www.wikidata.org/entity/Q5954551,81.5
http://www.wikidata.org/entity/Q6696013,44
http://www.wikidata.org/entity/Q7232287,85
http://www.wikidata.org/entity/Q7232252,153
http://www.wikidata.org/entity/Q7232305,96.7
http://www.wikidata.org/entity/Q7401416,235
http://www.wikidata.org/entity/Q7401482,201
http://www.wikidata.org/entity/Q7720644,7200
http://www.wikidata.org/entity/Q7750471,493
http://www.wikidata.org/entity/Q7885787,31
http://www.wikidata.org/entity/Q7920573,118
http://www.wikidata.org/entity/Q9387722,377
http://www.wikidata.org/entity/Q11694943,365
http://www.wikidata.org/entity/Q11753618,167
http://www.wikidata.org/entity/Q11769022,425
http://www.wikidata.org/entity/Q12172990,76
http://www.wikidata.org/entity/Q15008032,170.2
http://www.wikidata.org/entity/Q15974347,255
http://www.wikidata.org/entity/Q15982437,38.2
http://www.wikidata.org/entity/Q16167039,443
http://www.wikidata.org/entity/Q16467999,76
http://www.wikidata.org/entity/Q16536592,60.5
http://www.wikidata.org/entity/Q16543332,76
http://www.wikidata.org/entity/Q16549203,412
http://www.wikidata.org/entity/Q16564738,136
http://www.wikidata.org/entity/Q16573223,90
http://www.wikidata.org/entity/Q16574865,142
http://www.wikidata.org/entity/Q16585848,223
http://www.wikidata.org/entity/Q16596967,133.5
http://www.wikidata.org/entity/Q16608187,310
http://www.wikidata.org/entity/Q16620779,77
http://www.wikidata.org/entity/Q16621939,40
http://www.wikidata.org/entity/Q17638342,150
http://www.wikidata.org/entity/Q17652075,118
http://www.wikidata.org/entity/Q18226128,74
http://www.wikidata.org/entity/Q18385026,200
http://www.wikidata.org/entity/Q18578019,36
http://www.wikidata.org/entity/Q18688370,199
http://www.wikidata.org/entity/Q19060568,180
http://www.wikidata.org/entity/Q19060621,72
http://www.wikidata.org/entity/Q19361572,100
http://www.wikidata.org/entity/Q19516146,107
http://www.wikidata.org/entity/Q19660300,61
http://www.wikidata.org/entity/Q19681559,42
http://www.wikidata.org/entity/Q19681664,84.5
http://www.wikidata.org/entity/Q19686414,55
http://www.wikidata.org/entity/Q19686409,97
http://www.wikidata.org/entity/Q19882485,67
http://www.wikidata.org/entity/Q19947640,58.1
http://www.wikidata.org/entity/Q19966565,60
http://www.wikidata.org/entity/Q19966608,74
http://www.wikidata.org/entity/Q19966606,214
http://www.wikidata.org/entity/Q20092785,119
http://www.wikidata.org/entity/Q20991673,97
http://www.wikidata.org/entity/Q21121896,247
http://www.wikidata.org/entity/Q22931136,49
http://www.wikidata.org/entity/Q22949398,268
http://www.wikidata.org/entity/Q23305501,38
http://www.wikidata.org/entity/Q24050695,35
http://www.wikidata.org/entity/Q24090614,90
http://www.wikidata.org/entity/Q24091089,70
http://www.wikidata.org/entity/Q24090610,49.5
http://www.wikidata.org/entity/Q24091047,49.5
http://www.wikidata.org/entity/Q24091112,59.8
http://www.wikidata.org/entity/Q24091066,89.7
http://www.wikidata.org/entity/Q24325684,126
http://www.wikidata.org/entity/Q24938224,35
http://www.wikidata.org/entity/Q24939660,34
http://www.wikidata.org/entity/Q24939839,70
http://www.wikidata.org/entity/Q24939843,101
http://www.wikidata.org/entity/Q24939884,102
http://www.wikidata.org/entity/Q24940870,35
http://www.wikidata.org/entity/Q25388274,77
http://www.wikidata.org/entity/Q25410567,51
http://www.wikidata.org/entity/Q25410292,119.5
http://www.wikidata.org/entity/Q25444052,240
http://www.wikidata.org/entity/Q27650796,159
http://www.wikidata.org/entity/Q27664456,360
http://www.wikidata.org/entity/Q27827425,150
http://www.wikidata.org/entity/Q27830737,150
http://www.wikidata.org/entity/Q27948860,117
http://www.wikidata.org/entity/Q27955751,87
http://www.wikidata.org/entity/Q28093447,303
http://www.wikidata.org/entity/Q28113318,125
http://www.wikidata.org/entity/Q28113316,64.5
http://www.wikidata.org/entity/Q28147005,133.2
http://www.wikidata.org/entity/Q28466203,51
http://www.wikidata.org/entity/Q28547106,36.2
http://www.wikidata.org/entity/Q28668222,289
http://www.wikidata.org/entity/Q28668544,84
http://www.wikidata.org/entity/Q28798137,213
http://www.wikidata.org/entity/Q28803514,147
http://www.wikidata.org/entity/Q28803484,2860
http://www.wikidata.org/entity/Q28803759,660
http://www.wikidata.org/entity/Q28803789,1010
http://www.wikidata.org/entity/Q28803486,124.5
http://www.wikidata.org/entity/Q28809144,2480
http://www.wikidata.org/entity/Q28860726,177
http://www.wikidata.org/entity/Q28952741,216
http://www.wikidata.org/entity/Q29015025,288
http://www.wikidata.org/entity/Q29654663,88
http://www.wikidata.org/entity/Q29997042,113
http://www.wikidata.org/entity/Q30031052,57
http://www.wikidata.org/entity/Q30032029,148
http://www.wikidata.org/entity/Q30135606,80.5
http://www.wikidata.org/entity/Q30880011,40.3
http://www.wikidata.org/entity/Q30880062,48.7
http://www.wikidata.org/entity/Q30880678,44.5
http://www.wikidata.org/entity/Q30880889,97.5
http://www.wikidata.org/entity/Q30887689,60
http://www.wikidata.org/entity/Q30887699,40
http://www.wikidata.org/entity/Q30887987,292
http://www.wikidata.org/entity/Q31559452,140
http://www.wikidata.org/entity/Q32904769,75
http://www.wikidata.org/entity/Q34215143,185
http://www.wikidata.org/entity/Q40669017,77
http://www.wikidata.org/entity/Q40691169,226
http://www.wikidata.org/entity/Q40695411,58.5
http://www.wikidata.org/entity/Q45361473,288
http://www.wikidata.org/entity/Q45381203,108
http://www.wikidata.org/entity/Q46833514,24
http://www.wikidata.org/entity/Q48388241,34
http://www.wikidata.org/entity/Q48808515,48
http://www.wikidata.org/entity/Q48814933,58
http://www.wikidata.org/entity/Q48917755,93.5
http://www.wikidata.org/entity/Q48927682,110
http://www.wikidata.org/entity/Q49167493,121
http://www.wikidata.org/entity/Q49167697,175
http://www.wikidata.org/entity/Q49167869,70
http://www.wikidata.org/entity/Q49167284,129.7
http://www.wikidata.org/entity/Q50378007,38.5
http://www.wikidata.org/entity/Q50378015,52.5
http://www.wikidata.org/entity/Q50384906,98
http://www.wikidata.org/entity/Q50399525,123
http://www.wikidata.org/entity/Q50422860,109.5
http://www.wikidata.org/entity/Q50474718,40
http://www.wikidata.org/entity/Q50752920,90
http://www.wikidata.org/entity/Q50840293,71
http://www.wikidata.org/entity/Q50846578,90
http://www.wikidata.org/entity/Q50880887,65
http://www.wikidata.org/entity/Q50884435,94
http://www.wikidata.org/entity/Q50894841,113
http://www.wikidata.org/entity/Q50939921,46.5
http://www.wikidata.org/entity/Q51726313,220
http://www.wikidata.org/entity/Q52084102,125.5
http://www.wikidata.org/entity/Q52155641,89
http://www.wikidata.org/entity/Q52155208,72.5
http://www.wikidata.org/entity/Q52157937,70
http://www.wikidata.org/entity/Q52217967,150
http://www.wikidata.org/entity/Q52329690,55.5
http://www.wikidata.org/entity/Q52735921,75
http://www.wikidata.org/entity/Q53560123,29.3
http://www.wikidata.org/entity/Q53940665,299
http://www.wikidata.org/entity/Q54086391,175
http://www.wikidata.org/entity/Q54625897,330
http://www.wikidata.org/entity/Q54811281,51
http://www.wikidata.org/entity/Q55177712,380
http://www.wikidata.org/entity/Q55814015,145
http://www.wikidata.org/entity/Q56043344,113
http://www.wikidata.org/entity/Q107496570,120
http://www.wikidata.org/entity/Q107522400,75
http://www.wikidata.org/entity/Q107720702,85
http://www.wikidata.org/entity/Q108123187,50
http://www.wikidata.org/entity/Q108123188,50
http://www.wikidata.org/entity/Q108292260,99
http://www.wikidata.org/entity/Q108335985,65
http://www.wikidata.org/entity/Q108584832,30
http://www.wikidata.org/entity/Q108783372,264
http://www.wikidata.org/entity/Q108873567,102
http://www.wikidata.org/entity/Q108917715,61
http://www.wikidata.org/entity/Q108917736,155.2
http://www.wikidata.org/entity/Q108921968,137
http://www.wikidata.org/entity/Q108922744,121
http://www.wikidata.org/entity/Q109798688,100
http://www.wikidata.org/entity/Q109913006,39.5
http://www.wikidata.org/entity/Q109914012,118
http://www.wikidata.org/entity/Q109928591,126
http://www.wikidata.org/entity/Q109937746,81
http://www.wikidata.org/entity/Q110009768,71
http://www.wikidata.org/entity/Q110015681,120
http://www.wikidata.org/entity/Q110039871,96.5
http://www.wikidata.org/entity/Q110062892,80
http://www.wikidata.org/entity/Q110227186,300
http://www.wikidata.org/entity/Q110312698,246
http://www.wikidata.org/entity/Q110382981,302
http://www.wikidata.org/entity/Q110384990,46.6
http://www.wikidata.org/entity/Q110546796,59
http://www.wikidata.org/entity/Q110619157,62
http://www.wikidata.org/entity/Q110626569,300
http://www.wikidata.org/entity/Q110634767,246
http://www.wikidata.org/entity/Q110681237,300
http://www.wikidata.org/entity/Q110714745,47.6
http://www.wikidata.org/entity/Q110865329,300
http://www.wikidata.org/entity/Q110866078,258
http://www.wikidata.org/entity/Q110868028,50
http://www.wikidata.org/entity/Q110867847,298
http://www.wikidata.org/entity/Q110868273,246
http://www.wikidata.org/entity/Q110872609,304
http://www.wikidata.org/entity/Q110872935,135
http://www.wikidata.org/entity/Q110884929,45
http://www.wikidata.org/entity/Q110907328,70
http://www.wikidata.org/entity/Q110907797,40
http://www.wikidata.org/entity/Q111159651,214
http://www.wikidata.org/entity/Q111160508,206
http://www.wikidata.org/entity/Q111255770,130
http://www.wikidata.org/entity/Q111255373,128.5
http://www.wikidata.org/entity/Q111256129,57.5
http://www.wikidata.org/entity/Q111257029,26
http://www.wikidata.org/entity/Q111308504,73
http://www.wikidata.org/entity/Q111509018,29
http://www.wikidata.org/entity/Q111508542,64.9
http://www.wikidata.org/entity/Q111512548,87
http://www.wikidata.org/entity/Q111577849,83
http://www.wikidata.org/entity/Q111593419,108
http://www.wikidata.org/entity/Q111718624,74
http://www.wikidata.org/entity/Q111803475,150
http://www.wikidata.org/entity/Q111976882,200
http://www.wikidata.org/entity/Q112007402,328
http://www.wikidata.org/entity/Q112034223,19
http://www.wikidata.org/entity/Q112075694,105.3
http://www.wikidata.org/entity/Q112110434,302
http://www.wikidata.org/entity/Q112109956,108.5
http://www.wikidata.org/entity/Q112122261,156
http://www.wikidata.org/entity/Q112228996,81
http://www.wikidata.org/entity/Q112675085,190
http://www.wikidata.org/entity/Q112798481,177
http://www.wikidata.org/entity/Q112958938,24
http://www.wikidata.org/entity/Q113005931,153
http://www.wikidata.org/entity/Q113006398,288
http://www.wikidata.org/entity/Q113016417,89.5
http://www.wikidata.org/entity/Q113328601,69
http://www.wikidata.org/entity/Q113328821,100
http://www.wikidata.org/entity/Q113444533,102
http://www.wikidata.org/entity/Q113465655,167
http://www.wikidata.org/entity/Q113465666,167
http://www.wikidata.org/entity/Q113550634,40
http://www.wikidata.org/entity/Q113825024,114
http://www.wikidata.org/entity/Q113988555,100
http://www.wikidata.org/entity/Q114065222,64.5
http://www.wikidata.org/entity/Q114241461,72
http://www.wikidata.org/entity/Q114417179,281
http://www.wikidata.org/entity/Q114417792,97
http://www.wikidata.org/entity/Q114601165,193
http://www.wikidata.org/entity/Q114647508,120.5
http://www.wikidata.org/entity/Q114647547,147.5
http://www.wikidata.org/entity/Q114770904,29.2
http://www.wikidata.org/entity/Q114772679,370
http://www.wikidata.org/entity/Q114775095,323
http://www.wikidata.org/entity/Q114793365,145
http://www.wikidata.org/entity/Q114807998,276
http://www.wikidata.org/entity/Q114811811,37
http://www.wikidata.org/entity/Q114825983,64
http://www.wikidata.org/entity/Q114857806,141
http://www.wikidata.org/entity/Q114859027,60
http://www.wikidata.org/entity/Q114863216,95.5
http://www.wikidata.org/entity/Q114937054,137
http://www.wikidata.org/entity/Q115041810,230
http://www.wikidata.org/entity/Q115102928,221
http://www.wikidata.org/entity/Q115110979,175
http://www.wikidata.org/entity/Q56062483,128
http://www.wikidata.org/entity/Q56149824,61.5
http://www.wikidata.org/entity/Q56323645,54
http://www.wikidata.org/entity/Q56323673,153
http://www.wikidata.org/entity/Q56417994,37
http://www.wikidata.org/entity/Q56417895,36.5
http://www.wikidata.org/entity/Q56538353,43.3
http://www.wikidata.org/entity/Q57530584,97
http://www.wikidata.org/entity/Q57623718,129
http://www.wikidata.org/entity/Q58184717,73
http://www.wikidata.org/entity/Q58185294,58
http://www.wikidata.org/entity/Q58231270,100
http://www.wikidata.org/entity/Q58956093,230
http://www.wikidata.org/entity/Q59185173,260
http://www.wikidata.org/entity/Q59185398,300
http://www.wikidata.org/entity/Q59442235,41
http://www.wikidata.org/entity/Q60838300,360
http://www.wikidata.org/entity/Q61767320,166
http://www.wikidata.org/entity/Q61816747,121
http://www.wikidata.org/entity/Q62014629,163
http://www.wikidata.org/entity/Q62272761,31.5
http://www.wikidata.org/entity/Q62476202,240
http://www.wikidata.org/entity/Q63476058,450
http://www.wikidata.org/entity/Q64766792,97
http://www.wikidata.org/entity/Q65610116,23.5
http://www.wikidata.org/entity/Q66098687,147
http://www.wikidata.org/entity/Q67203111,41
http://www.wikidata.org/entity/Q67203105,58
http://www.wikidata.org/entity/Q68704168,203
http://www.wikidata.org/entity/Q69658139,145
http://www.wikidata.org/entity/Q74717988,32
http://www.wikidata.org/entity/Q77310161,154
http://www.wikidata.org/entity/Q79021384,118
http://www.wikidata.org/entity/Q79023210,120
http://www.wikidata.org/entity/Q79023501,168
http://www.wikidata.org/entity/Q79024384,540
http://www.wikidata.org/entity/Q79025062,648
http://www.wikidata.org/entity/Q79151177,240
http://www.wikidata.org/entity/Q79859145,59
http://www.wikidata.org/entity/Q80824471,44
http://www.wikidata.org/entity/Q81089309,31
http://www.wikidata.org/entity/Q86674601,300
http://www.wikidata.org/entity/Q87469267,180
http://www.wikidata.org/entity/Q88164010,101
http://www.wikidata.org/entity/Q88416397,341
http://www.wikidata.org/entity/Q89034154,220
http://www.wikidata.org/entity/Q89035643,205
http://www.wikidata.org/entity/Q89039593,241
http://www.wikidata.org/entity/Q94636244,48
http://www.wikidata.org/entity/Q96025421,65
http://www.wikidata.org/entity/Q96192148,88
http://www.wikidata.org/entity/Q97065805,117
http://www.wikidata.org/entity/Q97463134,115
http://www.wikidata.org/entity/Q97933450,149.5
http://www.wikidata.org/entity/Q98545387,400
http://www.wikidata.org/entity/Q98925578,90
http://www.wikidata.org/entity/Q98925663,200
http://www.wikidata.org/entity/Q99323182,136.5
http://www.wikidata.org/entity/Q100273549,100
http://www.wikidata.org/entity/Q100502707,134.4
http://www.wikidata.org/entity/Q101853163,382
http://www.wikidata.org/entity/Q101984696,230
http://www.wikidata.org/entity/Q103823905,39
http://www.wikidata.org/entity/Q103847443,167
http://www.wikidata.org/entity/Q103884105,74.2
http://www.wikidata.org/entity/Q104117302,177
http://www.wikidata.org/entity/Q104832804,242
http://www.wikidata.org/entity/Q104902739,136.5
http://www.wikidata.org/entity/Q104963266,208
http://www.wikidata.org/entity/Q104966980,57
http://www.wikidata.org/entity/Q104999859,75.5
http://www.wikidata.org/entity/Q105001687,96
http://www.wikidata.org/entity/Q105001950,165
http://www.wikidata.org/entity/Q105002330,60.5
http://www.wikidata.org/entity/Q105005172,70
http://www.wikidata.org/entity/Q105009573,40
http://www.wikidata.org/entity/Q105010125,33
http://www.wikidata.org/entity/Q105010402,90
http://www.wikidata.org/entity/Q105070700,60
http://www.wikidata.org/entity/Q105070713,39
http://www.wikidata.org/entity/Q105070687,75
http://www.wikidata.org/entity/Q105544193,223
http://www.wikidata.org/entity/Q105754329,67
http://www.wikidata.org/entity/Q105773240,51
http://www.wikidata.org/entity/Q105882065,189
http://www.wikidata.org/entity/Q105906293,86
http://www.wikidata.org/entity/Q105942793,147
http://www.wikidata.org/entity/Q105942808,275
http://www.wikidata.org/entity/Q106172341,110.3
http://www.wikidata.org/entity/Q106547526,99.4
http://www.wikidata.org/entity/Q106570155,61
http://www.wikidata.org/entity/Q106649932,98
http://www.wikidata.org/entity/Q106684238,105
http://www.wikidata.org/entity/Q106766906,114
http://www.wikidata.org/entity/Q106766907,128
http://www.wikidata.org/entity/Q106863540,113.5
http://www.wikidata.org/entity/Q107132227,130
http://www.wikidata.org/entity/Q107171794,72.5
http://www.wikidata.org/entity/Q107254346,82.5
http://www.wikidata.org/entity/Q107273576,159
http://www.wikidata.org/entity/Q115153302,137
http://www.wikidata.org/entity/Q115153353,103
http://www.wikidata.org/entity/Q115192337,272
http://www.wikidata.org/entity/Q115193266,258
http://www.wikidata.org/entity/Q115206624,73.7
http://www.wikidata.org/entity/Q115249957,259
http://www.wikidata.org/entity/Q115326515,381
http://www.wikidata.org/entity/Q115327275,74.5
http://www.wikidata.org/entity/Q115329022,242
http://www.wikidata.org/entity/Q115350433,174
http://www.wikidata.org/entity/Q115363544,157
http://www.wikidata.org/entity/Q115380883,74
http://www.wikidata.org/entity/Q115382052,70
http://www.wikidata.org/entity/Q115390601,119
http://www.wikidata.org/entity/Q115430770,74
http://www.wikidata.org/entity/Q115431741,60
http://www.wikidata.org/entity/Q115434462,55
http://www.wikidata.org/entity/Q115452504,112
http://www.wikidata.org/entity/Q115453601,16
http://www.wikidata.org/entity/Q115456457,77.5
http://www.wikidata.org/entity/Q115470798,100
http://www.wikidata.org/entity/Q115484898,90
http://www.wikidata.org/entity/Q115512129,90
http://www.wikidata.org/entity/Q115522910,90
http://www.wikidata.org/entity/Q115555506,90
http://www.wikidata.org/entity/Q115589005,27.5
http://www.wikidata.org/entity/Q115589179,231
http://www.wikidata.org/entity/Q115652286,107.5
http://www.wikidata.org/entity/Q115659447,16
http://www.wikidata.org/entity/Q115662781,16
http://www.wikidata.org/entity/Q115669298,44
http://www.wikidata.org/entity/Q115707472,70
http://www.wikidata.org/entity/Q115727218,233
http://www.wikidata.org/entity/Q115770576,40
http://www.wikidata.org/entity/Q115776591,43
http://www.wikidata.org/entity/Q115783769,311
http://www.wikidata.org/entity/Q115787659,100
http://www.wikidata.org/entity/Q115788237,100
http://www.wikidata.org/entity/Q115789803,63
http://www.wikidata.org/entity/Q115798316,98
http://www.wikidata.org/entity/Q115796466,241.5
http://www.wikidata.org/entity/Q115821855,110
http://www.wikidata.org/entity/Q115821974,127
http://www.wikidata.org/entity/Q115839852,288
http://www.wikidata.org/entity/Q115863339,236
http://www.wikidata.org/entity/Q116259243,32
http://www.wikidata.org/entity/Q116259790,11.5
http://www.wikidata.org/entity/Q116414251,72.1
http://www.wikidata.org/entity/Q116734952,107
http://www.wikidata.org/entity/Q116771231,141
http://www.wikidata.org/entity/Q116771349,406
http://www.wikidata.org/entity/Q116771885,357
http://www.wikidata.org/entity/Q116772186,116
http://www.wikidata.org/entity/Q116779908,421
http://www.wikidata.org/entity/Q116780072,458
http://www.wikidata.org/entity/Q116780670,38
http://www.wikidata.org/entity/Q116786123,107
http://www.wikidata.org/entity/Q116802769,405
http://www.wikidata.org/entity/Q116804064,340
http://www.wikidata.org/entity/Q116804839,422
http://www.wikidata.org/entity/Q116805369,458
http://www.wikidata.org/entity/Q116806301,400
http://www.wikidata.org/entity/Q116807092,180
http://www.wikidata.org/entity/Q116875391,88
http://www.wikidata.org/entity/Q116912709,80
http://www.wikidata.org/entity/Q116912676,58
http://www.wikidata.org/entity/Q116912669,77
http://www.wikidata.org/entity/Q116912691,76
http://www.wikidata.org/entity/Q116912674,138
http://www.wikidata.org/entity/Q116912704,339
http://www.wikidata.org/entity/Q116912724,338.5
http://www.wikidata.org/entity/Q116920783,122
http://www.wikidata.org/entity/Q116920763,172
http://www.wikidata.org/entity/Q116938047,39
http://www.wikidata.org/entity/Q116943795,38
http://www.wikidata.org/entity/Q116943395,58.5
http://www.wikidata.org/entity/Q116943590,76.4
http://www.wikidata.org/entity/Q116944959,33
http://www.wikidata.org/entity/Q116944960,33
http://www.wikidata.org/entity/Q116945667,74.3
http://www.wikidata.org/entity/Q116955599,47.8
http://www.wikidata.org/entity/Q116956495,225
http://www.wikidata.org/entity/Q116957155,158.5
http://www.wikidata.org/entity/Q116968267,28
http://www.wikidata.org/entity/Q116968203,138
http://www.wikidata.org/entity/Q116984873,80
http://www.wikidata.org/entity/Q116985263,74
http://www.wikidata.org/entity/Q116985325,195
http://www.wikidata.org/entity/Q116985089,79.2
http://www.wikidata.org/entity/Q116985346,61.8
http://www.wikidata.org/entity/Q116984810,138.5
http://www.wikidata.org/entity/Q116989564,78.8
http://www.wikidata.org/entity/Q116991105,116.2
http://www.wikidata.org/entity/Q116992418,21.5
http://www.wikidata.org/entity/Q116991906,118.5
http://www.wikidata.org/entity/Q116993372,25.2
http://www.wikidata.org/entity/Q116993384,25.2
http://www.wikidata.org/entity/Q116993417,26.3
http://www.wikidata.org/entity/Q116994722,57
http://www.wikidata.org/entity/Q116994793,31
http://www.wikidata.org/entity/Q116995512,50
http://www.wikidata.org/entity/Q117005860,76
http://www.wikidata.org/entity/Q117005926,61
http://www.wikidata.org/entity/Q117005980,61
http://www.wikidata.org/entity/Q117023915,168
http://www.wikidata.org/entity/Q117024956,300
http://www.wikidata.org/entity/Q117034906,182
http://www.wikidata.org/entity/Q117035093,63
http://www.wikidata.org/entity/Q117034670,78.3
http://www.wikidata.org/entity/Q117034996,54.8
http://www.wikidata.org/entity/Q117035037,55.3
http://www.wikidata.org/entity/Q117040607,28
http://www.wikidata.org/entity/Q117041748,40
http://www.wikidata.org/entity/Q117041785,219
http://www.wikidata.org/entity/Q117042984,59
http://www.wikidata.org/entity/Q117043824,127
http://www.wikidata.org/entity/Q117043780,189
http://www.wikidata.org/entity/Q117044144,196
http://www.wikidata.org/entity/Q117051307,200
http://www.wikidata.org/entity/Q117051343,300
http://www.wikidata.org/entity/Q117051271,245
http://www.wikidata.org/entity/Q117051893,225
http://www.wikidata.org/entity/Q117052364,240
http://www.wikidata.org/entity/Q117086849,75
http://www.wikidata.org/entity/Q117086970,70
http://www.wikidata.org/entity/Q117086888,122
http://www.wikidata.org/entity/Q117086924,102.5
http://www.wikidata.org/entity/Q117161791,105
http://www.wikidata.org/entity/Q117162400,123
http://www.wikidata.org/entity/Q117164043,128
http://www.wikidata.org/entity/Q117188285,89.5
http://www.wikidata.org/entity/Q117323711,109.5
http://www.wikidata.org/entity/Q117338080,93
http://www.wikidata.org/entity/Q117382014,46
http://www.wikidata.org/entity/Q117408489,80
http://www.wikidata.org/entity/Q117408743,185
http://www.wikidata.org/entity/Q117408881,315
http://www.wikidata.org/entity/Q117428285,275
http://www.wikidata.org/entity/Q117428543,129
http://www.wikidata.org/entity/Q117430308,101
http://www.wikidata.org/entity/Q117430437,130
http://www.wikidata.org/entity/Q117428772,315.5
http://www.wikidata.org/entity/Q117615645,155
http://www.wikidata.org/entity/Q117708969,175
http://www.wikidata.org/entity/Q117753177,96
http://www.wikidata.org/entity/Q117756937,18.5
http://www.wikidata.org/entity/Q117797593,52
http://www.wikidata.org/entity/Q117803973,147
http://www.wikidata.org/entity/Q117826019,90
http://www.wikidata.org/entity/Q117832067,191
http://www.wikidata.org/entity/Q118121260,119
http://www.wikidata.org/entity/Q118138029,70
http://www.wikidata.org/entity/Q118140584,234
http://www.wikidata.org/entity/Q118273001,245
http://www.wikidata.org/entity/Q118277328,220
http://www.wikidata.org/entity/Q118383381,48
http://www.wikidata.org/entity/Q118384137,84
http://www.wikidata.org/entity/Q118383458,110.5
http://www.wikidata.org/entity/Q118522639,322
http://www.wikidata.org/entity/Q118725638,483
http://www.wikidata.org/entity/Q118898180,69
http://www.wikidata.org/entity/Q118978047,98.5
http://www.wikidata.org/entity/Q119008888,149
http://www.wikidata.org/entity/Q119157243,150
http://www.wikidata.org/entity/Q119164762,140
http://www.wikidata.org/entity/Q119169372,82
http://www.wikidata.org/entity/Q119398059,89.9
http://www.wikidata.org/entity/Q119406125,176
http://www.wikidata.org/entity/Q119496040,72.5
http://www.wikidata.org/entity/Q119702756,96
http://www.wikidata.org/entity/Q120401056,73
http://www.wikidata.org/entity/Q120509133,220
http://www.wikidata.org/entity/Q120509521,127
http://www.wikidata.org/entity/Q120509789,127
http://www.wikidata.org/entity/Q120763322,111
http://www.wikidata.org/entity/Q120766339,135
http://www.wikidata.org/entity/Q120793977,150
http://www.wikidata.org/entity/Q120822987,110
http://www.wikidata.org/entity/Q120968113,19.2
http://www.wikidata.org/entity/Q120968282,19.2
http://www.wikidata.org/entity/Q120968550,19.2
http://www.wikidata.org/entity/Q120968767,19.2
http://www.wikidata.org/entity/Q120968914,19.2
http://www.wikidata.org/entity/Q120985002,72
http://www.wikidata.org/entity/Q121050640,224
http://www.wikidata.org/entity/Q121064292,364
http://www.wikidata.org/entity/Q121064630,548
http://www.wikidata.org/entity/Q121065902,320
http://www.wikidata.org/entity/Q121066043,370
http://www.wikidata.org/entity/Q121450256,60
http://www.wikidata.org/entity/Q121462678,48.3
http://www.wikidata.org/entity/Q121504941,105
http://www.wikidata.org/entity/Q121678655,106
http://www.wikidata.org/entity/Q121685223,160
http://www.wikidata.org/entity/Q121692401,78
http://www.wikidata.org/entity/Q121780997,64
http://www.wikidata.org/entity/Q121811406,155
http://www.wikidata.org/entity/Q122227973,62
http://www.wikidata.org/entity/Q122615548,170
http://www.wikidata.org/entity/Q122617360,94.5
http://www.wikidata.org/entity/Q122730307,170
http://www.wikidata.org/entity/Q122733370,183.5
http://www.wikidata.org/entity/Q122740583,201
http://www.wikidata.org/entity/Q122764699,105
http://www.wikidata.org/entity/Q122912807,152
http://www.wikidata.org/entity/Q122948136,77
http://www.wikidata.org/entity/Q122965388,65
http://www.wikidata.org/entity/Q123052486,52
http://www.wikidata.org/entity/Q123052559,61
http://www.wikidata.org/entity/Q123055325,136.5
http://www.wikidata.org/entity/Q123146252,196.8
http://www.wikidata.org/entity/Q123178580,430
http://www.wikidata.org/entity/Q123200940,290
http://www.wikidata.org/entity/Q123200938,162
http://www.wikidata.org/entity/Q123200931,236
http://www.wikidata.org/entity/Q123201359,98
http://www.wikidata.org/entity/Q123258249,115
http://www.wikidata.org/entity/Q123260093,81
http://www.wikidata.org/entity/Q123301255,79
http://www.wikidata.org/entity/Q123314103,260
http://www.wikidata.org/entity/Q123313948,245.5
http://www.wikidata.org/entity/Q123328738,52.5
http://www.wikidata.org/entity/Q123338940,62.5
http://www.wikidata.org/entity/Q123375075,67
http://www.wikidata.org/entity/Q123416410,60
http://www.wikidata.org/entity/Q123419220,142
http://www.wikidata.org/entity/Q123422898,72.7
http://www.wikidata.org/entity/Q123457388,130
http://www.wikidata.org/entity/Q123457393,130
http://www.wikidata.org/entity/Q123457399,34
http://www.wikidata.org/entity/Q123457362,132
http://www.wikidata.org/entity/Q123457371,131.5
http://www.wikidata.org/entity/Q123458625,138
http://www.wikidata.org/entity/Q123462848,152.5
http://www.wikidata.org/entity/Q123480115,83
http://www.wikidata.org/entity/Q123562848,49
http://www.wikidata.org/entity/Q123671285,145
http://www.wikidata.org/entity/Q123709241,100
http://www.wikidata.org/entity/Q123709348,125
http://www.wikidata.org/entity/Q123741888,180
http://www.wikidata.org/entity/Q123751969,77
http://www.wikidata.org/entity/Q123753616,95
http://www.wikidata.org/entity/Q123754396,144
http://www.wikidata.org/entity/Q123912954,117.5
http://www.wikidata.org/entity/Q124038605,165
http://www.wikidata.org/entity/Q124039068,112
http://www.wikidata.org/entity/Q124039121,71
http://www.wikidata.org/entity/Q124039323,168
http://www.wikidata.org/entity/Q124043063,113
http://www.wikidata.org/entity/Q124056690,298
http://www.wikidata.org/entity/Q124069413,94
http://www.wikidata.org/entity/Q124069583,96
http://www.wikidata.org/entity/Q124069753,105
http://www.wikidata.org/entity/Q124079494,80
http://www.wikidata.org/entity/Q124083860,74
http://www.wikidata.org/entity/Q124084281,75
http://www.wikidata.org/entity/Q124086041,75
http://www.wikidata.org/entity/Q124086306,75
http://www.wikidata.org/entity/Q124086626,212
http://www.wikidata.org/entity/Q124087802,130
http://www.wikidata.org/entity/Q124091771,60
http://www.wikidata.org/entity/Q124092399,143
http://www.wikidata.org/entity/Q124092672,82
http://www.wikidata.org/entity/Q124097861,56
http://www.wikidata.org/entity/Q124098297,52
http://www.wikidata.org/entity/Q124100563,104
http://www.wikidata.org/entity/Q124101877,82
http://www.wikidata.org/entity/Q124101956,62
http://www.wikidata.org/entity/Q124150884,80
http://www.wikidata.org/entity/Q124151090,92
http://www.wikidata.org/entity/Q124152267,71
http://www.wikidata.org/entity/Q124154228,70
http://www.wikidata.org/entity/Q124154199,88
http://www.wikidata.org/entity/Q124210379,137
http://www.wikidata.org/entity/Q124218595,87
http://www.wikidata.org/entity/Q124246612,110
http://www.wikidata.org/entity/Q124248182,84
http://www.wikidata.org/entity/Q124286611,179
http://www.wikidata.org/entity/Q124287319,124
http://www.wikidata.org/entity/Q124288119,73
http://www.wikidata.org/entity/Q124307433,80
http://www.wikidata.org/entity/Q124307821,59
http://www.wikidata.org/entity/Q124316070,78
http://www.wikidata.org/entity/Q124321743,196
http://www.wikidata.org/entity/Q124348363,150
http://www.wikidata.org/entity/Q124348745,150
http://www.wikidata.org/entity/Q124349538,111
http://www.wikidata.org/entity/Q124369794,132
http://www.wikidata.org/entity/Q124498236,115
http://www.wikidata.org/entity/Q124499426,130
http://www.wikidata.org/entity/Q124537391,135
http://www.wikidata.org/entity/Q124538450,133
http://www.wikidata.org/entity/Q124629543,62
http://www.wikidata.org/entity/Q124630700,92
http://www.wikidata.org/entity/Q124652229,112
http://www.wikidata.org/entity/Q124652592,68
http://www.wikidata.org/entity/Q124662452,48
http://www.wikidata.org/entity/Q124662574,202
http://www.wikidata.org/entity/Q124663036,209
http://www.wikidata.org/entity/Q124664892,227
http://www.wikidata.org/entity/Q124686467,60
http://www.wikidata.org/entity/Q124719736,60
http://www.wikidata.org/entity/Q124721106,60
http://www.wikidata.org/entity/Q124723493,60
http://www.wikidata.org/entity/Q124724283,115
http://www.wikidata.org/entity/Q124726300,57
http://www.wikidata.org/entity/Q124726116,58.8
http://www.wikidata.org/entity/Q124736928,37
http://www.wikidata.org/entity/Q124738743,45
http://www.wikidata.org/entity/Q124801581,154.7
http://www.wikidata.org/entity/Q124884546,101
http://www.wikidata.org/entity/Q124902982,23.5
http://www.wikidata.org/entity/Q124922865,133
http://www.wikidata.org/entity/Q124962542,130
http://www.wikidata.org/entity/Q124981334,28
http://www.wikidata.org/entity/Q125102834,63.5
http://www.wikidata.org/entity/Q125107060,95.5
http://www.wikidata.org/entity/Q125116690,65
http://www.wikidata.org/entity/Q125144993,44.5
http://www.wikidata.org/entity/Q125170382,300.5
http://www.wikidata.org/entity/Q125176302,148
http://www.wikidata.org/entity/Q125208945,127
http://www.wikidata.org/entity/Q125266586,360
http://www.wikidata.org/entity/Q125293980,61
http://www.wikidata.org/entity/Q125298817,85
http://www.wikidata.org/entity/Q125387269,36
http://www.wikidata.org/entity/Q125399429,90
http://www.wikidata.org/entity/Q125490773,228
http://www.wikidata.org/entity/Q125599554,80
http://www.wikidata.org/entity/Q125678611,100
http://www.wikidata.org/entity/Q125679589,55
http://www.wikidata.org/entity/Q125692333,330
http://www.wikidata.org/entity/Q125704254,115
http://www.wikidata.org/entity/Q125728210,71
http://www.wikidata.org/entity/Q125811262,220
http://www.wikidata.org/entity/Q125811962,260
http://www.wikidata.org/entity/Q125811807,275
http://www.wikidata.org/entity/Q125812539,260
http://www.wikidata.org/entity/Q125813029,300
http://www.wikidata.org/entity/Q125813094,250
http://www.wikidata.org/entity/Q125813375,250
http://www.wikidata.org/entity/Q125813475,150
http://www.wikidata.org/entity/Q125813876,242
http://www.wikidata.org/entity/Q125863783,104
http://www.wikidata.org/entity/Q125938897,57.3
http://www.wikidata.org/entity/Q125973048,73
http://www.wikidata.org/entity/Q125973990,49
http://www.wikidata.org/entity/Q125974248,53
http://www.wikidata.org/entity/Q126093976,45
http://www.wikidata.org/entity/Q126127672,278
http://www.wikidata.org/entity/Q126284183,60
http://www.wikidata.org/entity/Q126284192,80
http://www.wikidata.org/entity/Q126284226,90
http://www.wikidata.org/entity/Q126284181,59
http://www.wikidata.org/entity/Q126284180,61
http://www.wikidata.org/entity/Q126284182,63
http://www.wikidata.org/entity/Q126284199,48
http://www.wikidata.org/entity/Q126284187,61
http://www.wikidata.org/entity/Q126284189,61
http://www.wikidata.org/entity/Q126284229,220
http://www.wikidata.org/entity/Q126284247,110
http://www.wikidata.org/entity/Q126284238,240
http://www.wikidata.org/entity/Q126284170,92
http://www.wikidata.org/entity/Q126284197,62
http://www.wikidata.org/entity/Q126284193,67
http://www.wikidata.org/entity/Q126284228,330
http://www.wikidata.org/entity/Q126284237,240
http://www.wikidata.org/entity/Q126284191,75
http://www.wikidata.org/entity/Q126284232,320
http://www.wikidata.org/entity/Q126284244,220
http://www.wikidata.org/entity/Q126284245,260
http://www.wikidata.org/entity/Q126284233,410
http://www.wikidata.org/entity/Q126284172,107
http://www.wikidata.org/entity/Q126284283,100
http://www.wikidata.org/entity/Q126284177,104
http://www.wikidata.org/entity/Q126284230,58
http://www.wikidata.org/entity/Q126284231,58
http://www.wikidata.org/entity/Q126284185,102
http://www.wikidata.org/entity/Q126284279,220
http://www.wikidata.org/entity/Q126284281,220
http://www.wikidata.org/entity/Q126284198,114
http://www.wikidata.org/entity/Q126284314,20
http://www.wikidata.org/entity/Q126284305,90
http://www.wikidata.org/entity/Q126284313,200
http://www.wikidata.org/entity/Q126284315,60
http://www.wikidata.org/entity/Q126284294,33
http://www.wikidata.org/entity/Q126284320,40
http://www.wikidata.org/entity/Q126284309,150
http://www.wikidata.org/entity/Q126284312,16
http://www.wikidata.org/entity/Q126284326,80
http://www.wikidata.org/entity/Q126284258,77
http://www.wikidata.org/entity/Q126284297,34
http://www.wikidata.org/entity/Q126284263,73
http://www.wikidata.org/entity/Q126284296,36
http://www.wikidata.org/entity/Q126284308,260
http://www.wikidata.org/entity/Q126284207,145
http://www.wikidata.org/entity/Q126284286,71
http://www.wikidata.org/entity/Q126284265,91
http://www.wikidata.org/entity/Q126284300,59
http://www.wikidata.org/entity/Q126284264,96
http://www.wikidata.org/entity/Q126284267,98
http://www.wikidata.org/entity/Q126284317,54
http://www.wikidata.org/entity/Q126284298,81
http://www.wikidata.org/entity/Q126284380,200
http://www.wikidata.org/entity/Q126284357,26
http://www.wikidata.org/entity/Q126284284,99
http://www.wikidata.org/entity/Q126284277,108
http://www.wikidata.org/entity/Q126284385,50
http://www.wikidata.org/entity/Q126284318,76
http://www.wikidata.org/entity/Q126284293,99
http://www.wikidata.org/entity/Q126284384,90
http://www.wikidata.org/entity/Q126284383,150
http://www.wikidata.org/entity/Q126284389,50
http://www.wikidata.org/entity/Q126284355,46
http://www.wikidata.org/entity/Q126284275,126
http://www.wikidata.org/entity/Q126284272,126
http://www.wikidata.org/entity/Q126284250,154
http://www.wikidata.org/entity/Q126284249,154
http://www.wikidata.org/entity/Q126284288,117
http://www.wikidata.org/entity/Q126284386,39
http://www.wikidata.org/entity/Q126284303,124
http://www.wikidata.org/entity/Q126284274,168
http://www.wikidata.org/entity/Q126284251,195
http://www.wikidata.org/entity/Q126284255,192
http://www.wikidata.org/entity/Q126284388,58
http://www.wikidata.org/entity/Q126284387,64
http://www.wikidata.org/entity/Q126284257,193
http://www.wikidata.org/entity/Q126284252,209
http://www.wikidata.org/entity/Q126284241,222
http://www.wikidata.org/entity/Q126284278,198
http://www.wikidata.org/entity/Q126284260,214
http://www.wikidata.org/entity/Q126284261,218
http://www.wikidata.org/entity/Q126284270,217
http://www.wikidata.org/entity/Q126284285,198
http://www.wikidata.org/entity/Q126284240,265
http://www.wikidata.org/entity/Q126284256,257
http://www.wikidata.org/entity/Q126284234,284
http://www.wikidata.org/entity/Q126284246,275
http://www.wikidata.org/entity/Q126284381,141
http://www.wikidata.org/entity/Q126284243,312
http://www.wikidata.org/entity/Q126284242,318
http://www.wikidata.org/entity/Q126284306,264
http://www.wikidata.org/entity/Q126284295,29.5
http://www.wikidata.org/entity/Q126284322,27.5
http://www.wikidata.org/entity/Q126284622,24
http://www.wikidata.org/entity/Q126284316,33.2
http://www.wikidata.org/entity/Q126284329,47.5
http://www.wikidata.org/entity/Q126284194,84.5
http://www.wikidata.org/entity/Q126284301,75.5
http://www.wikidata.org/entity/Q126284196,94.3
http://www.wikidata.org/entity/Q126284299,94.5
http://www.wikidata.org/entity/Q126284282,98.8
http://www.wikidata.org/entity/Q126284206,118.5
http://www.wikidata.org/entity/Q126284269,112.8
http://www.wikidata.org/entity/Q126310903,132
http://www.wikidata.org/entity/Q126456526,101.5
http://www.wikidata.org/entity/Q126633287,128.5
http://www.wikidata.org/entity/Q126709512,126
http://www.wikidata.org/entity/Q126721550,110
http://www.wikidata.org/entity/Q126918076,46.4
http://www.wikidata.org/entity/Q127327807,82
http://www.wikidata.org/entity/Q127433409,163
http://www.wikidata.org/entity/Q127442026,66.5
http://www.wikidata.org/entity/Q127564377,137
http://www.wikidata.org/entity/Q127695958,500
http://www.wikidata.org/entity/Q127985499,300
http://www.wikidata.org/entity/Q128124962,106
http://www.wikidata.org/entity/Q128495286,232.5
http://www.wikidata.org/entity/Q128783484,73
http://www.wikidata.org/entity/Q128810133,250
http://www.wikidata.org/entity/Q128941201,238
http://www.wikidata.org/entity/Q129199340,29.5
http://www.wikidata.org/entity/Q129487042,91
http://www.wikidata.org/entity/Q129507208,67
http://www.wikidata.org/entity/Q130212907,191
http://www.wikidata.org/entity/Q130213077,154
http://www.wikidata.org/entity/Q130213160,142
http://www.wikidata.org/entity/Q130214332,52
http://www.wikidata.org/entity/Q130221017,217
http://www.wikidata.org/entity/Q130234284,100
http://www.wikidata.org/entity/Q130369461,224
http://www.wikidata.org/entity/Q130375844,150
http://www.wikidata.org/entity/Q130394364,105
http://www.wikidata.org/entity/Q130467776,96
http://www.wikidata.org/entity/Q130492308,300
http://www.wikidata.org/entity/Q130515982,195
http://www.wikidata.org/entity/Q130536956,146
http://www.wikidata.org/entity/Q130537073,125
http://www.wikidata.org/entity/Q130642202,302
http://www.wikidata.org/entity/Q131100772,340
http://www.wikidata.org/entity/Q131154939,107.5
http://www.wikidata.org/entity/Q131340770,35
http://www.wikidata.org/entity/Q131350054,114
http://www.wikidata.org/entity/Q131351071,176
http://www.wikidata.org/entity/Q131354901,56.5
http://www.wikidata.org/entity/Q131356481,120
http://www.wikidata.org/entity/Q131367847,279
http://www.wikidata.org/entity/Q131450105,228
http://www.wikidata.org/entity/Q131463514,101.4
http://www.wikidata.org/entity/Q131501847,62
http://www.wikidata.org/entity/Q131501852,86
http://www.wikidata.org/entity/Q131543655,89
http://www.wikidata.org/entity/Q131543624,145
http://www.wikidata.org/entity/Q131543672,65.8
http://www.wikidata.org/entity/Q131546520,740
http://www.wikidata.org/entity/Q131546602,67.7
http://www.wikidata.org/entity/Q131546415,104.7
http://www.wikidata.org/entity/Q131563724,78.5
http://www.wikidata.org/entity/Q131564536,173.3
http://www.wikidata.org/entity/Q131574021,74
http://www.wikidata.org/entity/Q131579660,20
http://www.wikidata.org/entity/Q131588045,58
http://www.wikidata.org/entity/Q131604575,85
http://www.wikidata.org/entity/Q131604566,175
http://www.wikidata.org/entity/Q131613578,350
http://www.wikidata.org/entity/Q131613784,19
http://www.wikidata.org/entity/Q131613785,320
http://www.wikidata.org/entity/Q131613900,132
http://www.wikidata.org/entity/Q131613676,260.3
http://www.wikidata.org/entity/Q131617911,115
http://www.wikidata.org/entity/Q131627550,116
http://www.wikidata.org/entity/Q131627817,121
http://www.wikidata.org/entity/Q131628768,135.5
http://www.wikidata.org/entity/Q131675994,300
http://www.wikidata.org/entity/Q131690550,70
http://www.wikidata.org/entity/Q131690560,76
http://www.wikidata.org/entity/Q131702506,71.5
http://www.wikidata.org/entity/Q131704141,63.7
http://www.wikidata.org/entity/Q131721232,139
http://www.wikidata.org/entity/Q131760472,55
http://www.wikidata.org/entity/Q131760475,114
http://www.wikidata.org/entity/Q131760478,118
http://www.wikidata.org/entity/Q131760476,192
http://www.wikidata.org/entity/Q131760462,218
http://www.wikidata.org/entity/Q131813159,150
http://www.wikidata.org/entity/Q131823354,60
http://www.wikidata.org/entity/Q131823366,280
http://www.wikidata.org/entity/Q131825312,117
http://www.wikidata.org/entity/Q131829978,58
http://www.wikidata.org/entity/Q131830267,133
http://www.wikidata.org/entity/Q131830296,133
http://www.wikidata.org/entity/Q131830590,440
http://www.wikidata.org/entity/Q131840176,200
http://www.wikidata.org/entity/Q131851136,250
http://www.wikidata.org/entity/Q131856664,130
http://www.wikidata.org/entity/Q131856823,220
http://www.wikidata.org/entity/Q131856942,170
http://www.wikidata.org/entity/Q131857319,102
http://www.wikidata.org/entity/Q131857510,130
http://www.wikidata.org/entity/Q131859542,120
http://www.wikidata.org/entity/Q131859480,153
http://www.wikidata.org/entity/Q131859345,77.5
http://www.wikidata.org/entity/Q131860141,86
http://www.wikidata.org/entity/Q131860198,86
http://www.wikidata.org/entity/Q131861810,76
http://www.wikidata.org/entity/Q131861981,76.5
http://www.wikidata.org/entity/Q131868524,400
http://www.wikidata.org/entity/Q131919623,300
http://www.wikidata.org/entity/Q131937042,45
http://www.wikidata.org/entity/Q131937081,221
http://www.wikidata.org/entity/Q132147997,122
http://www.wikidata.org/entity/Q132148037,192
http://www.wikidata.org/entity/Q132188587,135
http://www.wikidata.org/entity/Q132247338,59
http://www.wikidata.org/entity/Q132247435,98
http://www.wikidata.org/entity/Q132397679,1.22
http://www.wikidata.org/entity/Q132655854,68.5
http://www.wikidata.org/entity/Q132732649,194
http://www.wikidata.org/entity/Q132732774,268.5
http://www.wikidata.org/entity/Q133269222,14
http://www.wikidata.org/entity/Q133269393,36
http://www.wikidata.org/entity/Q133269326,60.5
http://www.wikidata.org/entity/Q133272425,107
http://www.wikidata.org/entity/Q133273079,100
http://www.wikidata.org/entity/Q133273191,75.5
http://www.wikidata.org/entity/Q133281038,199
http://www.wikidata.org/entity/Q133281009,264
http://www.wikidata.org/entity/Q133377050,41.4
http://www.wikidata.org/entity/Q133460319,97
http://www.wikidata.org/entity/Q133520790,57.2
http://www.wikidata.org/entity/Q133538987,201
http://www.wikidata.org/entity/Q133572599,151
http://www.wikidata.org/entity/Q133580122,56.5
http://www.wikidata.org/entity/Q133663142,55.5
http://www.wikidata.org/entity/Q133756640,82
http://www.wikidata.org/entity/Q133806816,240
http://www.wikidata.org/entity/Q133832267,116
http://www.wikidata.org/entity/Q133838769,23.5
http://www.wikidata.org/entity/Q133853068,44
http://www.wikidata.org/entity/Q133853701,165
http://www.wikidata.org/entity/Q133857279,100
http://www.wikidata.org/entity/Q133871397,57.5
http://www.wikidata.org/entity/Q133878297,44
http://www.wikidata.org/entity/Q133877955,96.5
http://www.wikidata.org/entity/Q133878813,50.5
http://www.wikidata.org/entity/Q134006791,70
http://www.wikidata.org/entity/Q134475701,71
http://www.wikidata.org/entity/Q134691464,133
http://www.wikidata.org/entity/Q134699222,195
http://www.wikidata.org/entity/Q134820887,75
http://www.wikidata.org/entity/Q134960128,81
http://www.wikidata.org/entity/Q135088946,65
http://www.wikidata.org/entity/Q135089208,160
http://www.wikidata.org/entity/Q135089170,78
http://www.wikidata.org/entity/Q135089338,35
http://www.wikidata.org/entity/Q135089031,81.5
http://www.wikidata.org/entity/Q135089933,68
http://www.wikidata.org/entity/Q135097382,92
http://www.wikidata.org/entity/Q135098524,91
http://www.wikidata.org/entity/Q135213019,35
http://www.wikidata.org/entity/Q135213092,62.5
http://www.wikidata.org/entity/Q135216092,25
http://www.wikidata.org/entity/Q135216430,73
http://www.wikidata.org/entity/Q135219976,200
http://www.wikidata.org/entity/Q135286600,220
http://www.wikidata.org/entity/Q135669652,400
http://www.wikidata.org/entity/Q135761987,205
http://www.wikidata.org/entity/Q135971600,300
http://www.wikidata.org/entity/Q135971947,320
http://www.wikidata.org/entity/Q135988557,133
http://www.wikidata.org/entity/Q135989185,70
http://www.wikidata.org/entity/Q136359717,138
http://www.wikidata.org/entity/Q136359850,137.5
http://www.wikidata.org/entity/Q136419815,76
http://www.wikidata.org/entity/Q136445881,88.8
http://www.wikidata.org/entity/Q136446304,87.5
http://www.wikidata.org/entity/Q136452782,78
http://www.wikidata.org/entity/Q136457064,172
http://www.wikidata.org/entity/Q136468769,52
http://www.wikidata.org/entity/Q136488593,48
http://www.wikidata.org/entity/Q136497894,48.6
http://www.wikidata.org/entity/Q136747345,140
http://www.wikidata.org/entity/Q136752887,124
http://www.wikidata.org/entity/Q136789581,74.5
http://www.wikidata.org/entity/Q136806465,132
http://www.wikidata.org/entity/Q136807706,149
http://www.wikidata.org/entity/Q136840231,115
http://www.wikidata.org/entity/Q136849352,220
http://www.wikidata.org/entity/Q136934711,102
http://www.wikidata.org/entity/Q137040888,107.5
http://www.wikidata.org/entity/Q137169658,90
http://www.wikidata.org/entity/Q137268771,47
http://www.wikidata.org/entity/Q137357477,93
http://www.wikidata.org/entity/Q137395888,408
