id,artisti
http://www.wikidata.org/entity/Q1113938,
http://www.wikidata.org/entity/Q1119008,
http://www.wikidata.org/entity/Q3889229,
http://www.wikidata.org/entity/Q3889255,
http://www.wikidata.org/entity/Q3904398,
http://www.wikidata.org/entity/Q3907344,
http://www.wikidata.org/entity/Q3910913,
http://www.wikidata.org/entity/Q3937438,
http://www.wikidata.org/entity/Q3937598,
http://www.wikidata.org/entity/Q3947723,
http://www.wikidata.org/entity/Q3949458,
http://www.wikidata.org/entity/Q3949459,
http://www.wikidata.org/entity/Q4006302,
http://www.wikidata.org/entity/Q151047,Sandro Botticelli (maschio)
http://www.wikidata.org/entity/Q180632,Tiziano Vecellio (maschio)
http://www.wikidata.org/entity/Q368788,Perugino (maschio)
http://www.wikidata.org/entity/Q428274,Raffaello Sanzio (maschio)
http://www.wikidata.org/entity/Q488825,Sandro Botticelli (maschio)
http://www.wikidata.org/entity/Q15157527,
http://www.wikidata.org/entity/Q493792,Agnolo Bronzino (maschio)
http://www.wikidata.org/entity/Q532486,Artemisia Gentileschi (femmina)
http://www.wikidata.org/entity/Q16585871,
http://www.wikidata.org/entity/Q546297,Andrea Mantegna (maschio)
http://www.wikidata.org/entity/Q549847,Sandro Botticelli (maschio)
http://www.wikidata.org/entity/Q580853,Sandro Botticelli (maschio)
http://www.wikidata.org/entity/Q592551,Perugino (maschio)
http://www.wikidata.org/entity/Q672817,Perugino (maschio)
http://www.wikidata.org/entity/Q21192549,
http://www.wikidata.org/entity/Q732821,Jacopo de' Barbari (maschio)
http://www.wikidata.org/entity/Q733017,Pisanello (maschio)
http://www.wikidata.org/entity/Q734197,Giotto (maschio)
http://www.wikidata.org/entity/Q742801,Sandro Botticelli (maschio)
http://www.wikidata.org/entity/Q794077,Tiziano Vecellio (maschio)
http://www.wikidata.org/entity/Q867678,Parmigianino (maschio)
http://www.wikidata.org/entity/Q924655,Jacopo Tintoretto (maschio)
http://www.wikidata.org/entity/Q945250,Perugino (maschio)
http://www.wikidata.org/entity/Q945625,Michelangelo Buonarroti (maschio)
http://www.wikidata.org/entity/Q948034,Raffaello Sanzio (maschio)
http://www.wikidata.org/entity/Q955295,Carlo Crivelli (maschio)
http://www.wikidata.org/entity/Q959174,Sandro Botticelli (maschio)
http://www.wikidata.org/entity/Q1055111,Filippo Lippi (maschio)
http://www.wikidata.org/entity/Q32904769,
http://www.wikidata.org/entity/Q1109340,Sandro Botticelli (maschio)
http://www.wikidata.org/entity/Q1109475,Pontormo (maschio)
http://www.wikidata.org/entity/Q1110146,Il Moretto (maschio)
http://www.wikidata.org/entity/Q1111232,Jacopo Bellini (maschio)
http://www.wikidata.org/entity/Q1114823,Sandro Botticelli (maschio)
http://www.wikidata.org/entity/Q1114856,Sandro Botticelli (maschio)
http://www.wikidata.org/entity/Q1114881,Sandro Botticelli (maschio)
http://www.wikidata.org/entity/Q1115413,Sandro Botticelli (maschio)
http://www.wikidata.org/entity/Q1115423,Sandro Botticelli (maschio)
http://www.wikidata.org/entity/Q1119782,Filippino Lippi (maschio)
http://www.wikidata.org/entity/Q1121644,Giovanni Fattori (maschio)
http://www.wikidata.org/entity/Q1122002,Giovanni Bellini (maschio)
http://www.wikidata.org/entity/Q1122537,Caravaggio (maschio)
http://www.wikidata.org/entity/Q1131263,Sandro Botticelli (maschio)
http://www.wikidata.org/entity/Q1132479,Caravaggio (maschio)
http://www.wikidata.org/entity/Q1132486,Caravaggio (maschio)
http://www.wikidata.org/entity/Q1134060,Peter Paul Rubens (maschio)
http://www.wikidata.org/entity/Q1195035,Francesco Hayez (maschio)
http://www.wikidata.org/entity/Q1212920,Piero della Francesca (maschio)
http://www.wikidata.org/entity/Q1215809,Beato Angelico (maschio)
http://www.wikidata.org/entity/Q1217187,Sandro Botticelli (maschio)
http://www.wikidata.org/entity/Q1237596,Pontormo (maschio)
http://www.wikidata.org/entity/Q1240092,Diego Velázquez (maschio)
http://www.wikidata.org/entity/Q1328065,Agnolo Bronzino (maschio)
http://www.wikidata.org/entity/Q42189297,
http://www.wikidata.org/entity/Q1448203,Caravaggio (maschio)
http://www.wikidata.org/entity/Q1448701,Caravaggio (maschio)
http://www.wikidata.org/entity/Q1460271,Caravaggio (maschio)
http://www.wikidata.org/entity/Q45381203,
http://www.wikidata.org/entity/Q53940665,
http://www.wikidata.org/entity/Q1751408,Giovanni Bellini (maschio)
http://www.wikidata.org/entity/Q1761496,Sandro Botticelli (maschio)
http://www.wikidata.org/entity/Q1762826,Giovanni Bellini (maschio)
http://www.wikidata.org/entity/Q54811281,
http://www.wikidata.org/entity/Q56258104,
http://www.wikidata.org/entity/Q56258413,
http://www.wikidata.org/entity/Q56417895,
http://www.wikidata.org/entity/Q56417994,
http://www.wikidata.org/entity/Q56599032,
http://www.wikidata.org/entity/Q1863885,Rosso Fiorentino (maschio)
http://www.wikidata.org/entity/Q1899740,Tiziano Vecellio (maschio)
http://www.wikidata.org/entity/Q2011510,Caravaggio (maschio)
http://www.wikidata.org/entity/Q2016193,Giotto (maschio)
http://www.wikidata.org/entity/Q2030685,Raffaello Sanzio (maschio)
http://www.wikidata.org/entity/Q2035209,Raffaello Sanzio (maschio)
http://www.wikidata.org/entity/Q2045726,Leonardo da Vinci (maschio)
http://www.wikidata.org/entity/Q2066739,Andrea Mantegna (maschio)
http://www.wikidata.org/entity/Q2092566,Piero del Pollaiolo (maschio)
http://www.wikidata.org/entity/Q2097931,Caravaggio (maschio)
http://www.wikidata.org/entity/Q2247307,Piero della Francesca (maschio)
http://www.wikidata.org/entity/Q2264942,Caravaggio (maschio)
http://www.wikidata.org/entity/Q2267509,Sandro Botticelli (maschio)
http://www.wikidata.org/entity/Q2268013,Sandro Botticelli (maschio)
http://www.wikidata.org/entity/Q2269291,Sandro Botticelli (maschio)
http://www.wikidata.org/entity/Q2269585,Sandro Botticelli (maschio)
http://www.wikidata.org/entity/Q2270291,Caravaggio (maschio)
http://www.wikidata.org/entity/Q2273517,Caravaggio (maschio)
http://www.wikidata.org/entity/Q2275353,Caravaggio (maschio)
http://www.wikidata.org/entity/Q2275371,Caravaggio (maschio)
http://www.wikidata.org/entity/Q2277635,Caravaggio (maschio)
http://www.wikidata.org/entity/Q2284829,Caravaggio (maschio)
http://www.wikidata.org/entity/Q2293905,Caravaggio (maschio)
http://www.wikidata.org/entity/Q2293936,Caravaggio (maschio)
http://www.wikidata.org/entity/Q2325834,Caravaggio (maschio)
http://www.wikidata.org/entity/Q2327715,Caravaggio (maschio)
http://www.wikidata.org/entity/Q2337873,Caravaggio (maschio)
http://www.wikidata.org/entity/Q2338404,Leonardo da Vinci (maschio)
http://www.wikidata.org/entity/Q2338417,Caravaggio (maschio)
http://www.wikidata.org/entity/Q2343939,Raffaello Sanzio (maschio)
http://www.wikidata.org/entity/Q2405771,Sandro Botticelli (maschio)
http://www.wikidata.org/entity/Q2426058,Sandro Botticelli (maschio)
http://www.wikidata.org/entity/Q2448678,Guido Reni (maschio)
http://www.wikidata.org/entity/Q2459887,Tiziano Vecellio (maschio)
http://www.wikidata.org/entity/Q2470123,Caravaggio (maschio)
http://www.wikidata.org/entity/Q2472983,Jacopo Tintoretto (maschio)
http://www.wikidata.org/entity/Q2515309,Raffaello Sanzio (maschio)
http://www.wikidata.org/entity/Q78783346,
http://www.wikidata.org/entity/Q78799218,
http://www.wikidata.org/entity/Q78910398,
http://www.wikidata.org/entity/Q2551625,Sandro Botticelli (maschio)
http://www.wikidata.org/entity/Q2610729,Raffaello Sanzio (maschio)
http://www.wikidata.org/entity/Q2610936,Caravaggio (maschio)
http://www.wikidata.org/entity/Q2626595,Caravaggio (maschio)
http://www.wikidata.org/entity/Q2627056,Caravaggio (maschio)
http://www.wikidata.org/entity/Q2629715,Raffaello Sanzio (maschio)
http://www.wikidata.org/entity/Q2635552,Raffaello Sanzio (maschio)
http://www.wikidata.org/entity/Q2665840,Jacopo Palma il Giovane (maschio); Tiziano Vecellio (maschio)
http://www.wikidata.org/entity/Q2713203,Caravaggio (maschio)
http://www.wikidata.org/entity/Q2713823,Raffaello Sanzio (maschio)
http://www.wikidata.org/entity/Q2714237,Sandro Botticelli (maschio)
http://www.wikidata.org/entity/Q2715177,Caravaggio (maschio)
http://www.wikidata.org/entity/Q2715302,Caravaggio (maschio)
http://www.wikidata.org/entity/Q2717478,Sandro Botticelli (maschio)
http://www.wikidata.org/entity/Q2732274,Caravaggio (maschio)
http://www.wikidata.org/entity/Q2734111,Caravaggio (maschio)
http://www.wikidata.org/entity/Q2866382,Giotto (maschio)
http://www.wikidata.org/entity/Q88961191,
http://www.wikidata.org/entity/Q2872721,Jacques-Louis David (maschio)
http://www.wikidata.org/entity/Q2920183,Tiziano Vecellio (maschio)
http://www.wikidata.org/entity/Q2929922,Maestro d'Isacco (maschio)
http://www.wikidata.org/entity/Q3044873,Giotto (maschio)
http://www.wikidata.org/entity/Q97378803,
http://www.wikidata.org/entity/Q97669288,
http://www.wikidata.org/entity/Q97669846,
http://www.wikidata.org/entity/Q98108204,
http://www.wikidata.org/entity/Q98449585,
http://www.wikidata.org/entity/Q98557614,
http://www.wikidata.org/entity/Q98684801,
http://www.wikidata.org/entity/Q3185885,Giotto (maschio)
http://www.wikidata.org/entity/Q3201479,Domenico Ghirlandaio (maschio); Bartolomeo di Giovanni (maschio)
http://www.wikidata.org/entity/Q3207247,Umberto Boccioni (maschio)
http://www.wikidata.org/entity/Q3207678,Perugino (maschio)
http://www.wikidata.org/entity/Q3207989,Perugino (maschio); Luca Signorelli (maschio)
http://www.wikidata.org/entity/Q3210267,Sandro Botticelli (maschio)
http://www.wikidata.org/entity/Q3213773,Sandro Botticelli (maschio)
http://www.wikidata.org/entity/Q3213778,Sandro Botticelli (maschio)
http://www.wikidata.org/entity/Q3213801,Sandro Botticelli (maschio)
http://www.wikidata.org/entity/Q3220282,Giovanni Bellini (maschio)
http://www.wikidata.org/entity/Q3223625,Caravaggio (maschio)
http://www.wikidata.org/entity/Q3276171,Giotto (maschio)
http://www.wikidata.org/entity/Q3276168,Giotto (maschio)
http://www.wikidata.org/entity/Q3276180,Giotto (maschio)
http://www.wikidata.org/entity/Q105002330,
http://www.wikidata.org/entity/Q105009573,
http://www.wikidata.org/entity/Q105070687,
http://www.wikidata.org/entity/Q105070700,
http://www.wikidata.org/entity/Q3399438,Sandro Botticelli (maschio)
http://www.wikidata.org/entity/Q3463871,Raffaello Sanzio (maschio)
http://www.wikidata.org/entity/Q3464027,Giotto (maschio)
http://www.wikidata.org/entity/Q107548658,
http://www.wikidata.org/entity/Q3471589,Giotto (maschio)
http://www.wikidata.org/entity/Q3472935,Giotto (maschio)
http://www.wikidata.org/entity/Q108321038,
http://www.wikidata.org/entity/Q108321039,
http://www.wikidata.org/entity/Q3495790,Tiziano Vecellio (maschio)
http://www.wikidata.org/entity/Q108816249,
http://www.wikidata.org/entity/Q108873567,
http://www.wikidata.org/entity/Q110619157,
http://www.wikidata.org/entity/Q111486756,
http://www.wikidata.org/entity/Q111486873,
http://www.wikidata.org/entity/Q3605530,Giovanni Battista Pittoni (maschio)
http://www.wikidata.org/entity/Q3605532,Filippino Lippi (maschio)
http://www.wikidata.org/entity/Q3605568,Filippo Lippi (maschio)
http://www.wikidata.org/entity/Q112075694,
http://www.wikidata.org/entity/Q112109956,
http://www.wikidata.org/entity/Q112133371,
http://www.wikidata.org/entity/Q112133543,
http://www.wikidata.org/entity/Q3618188,Andrea del Sarto (maschio)
http://www.wikidata.org/entity/Q3620766,Giambattista Tiepolo (maschio)
http://www.wikidata.org/entity/Q3620765,Giambattista Tiepolo (maschio)
http://www.wikidata.org/entity/Q3623738,Il Bacchiacca (maschio)
http://www.wikidata.org/entity/Q3625842,Agnolo Bronzino (maschio)
http://www.wikidata.org/entity/Q3627401,Rosso Fiorentino (maschio)
http://www.wikidata.org/entity/Q3630726,Hans Holbein il Giovane (maschio)
http://www.wikidata.org/entity/Q3636748,Tiziano Vecellio (maschio)
http://www.wikidata.org/entity/Q3639064,Teofilo Patini (maschio)
http://www.wikidata.org/entity/Q3642142,Giotto (maschio)
http://www.wikidata.org/entity/Q3650885,Cosmè Tura (maschio)
http://www.wikidata.org/entity/Q126284199,
http://www.wikidata.org/entity/Q126284197,
http://www.wikidata.org/entity/Q126284206,
http://www.wikidata.org/entity/Q126284226,
http://www.wikidata.org/entity/Q126284230,
http://www.wikidata.org/entity/Q126284231,
http://www.wikidata.org/entity/Q126284234,
http://www.wikidata.org/entity/Q126284233,
http://www.wikidata.org/entity/Q126284247,
http://www.wikidata.org/entity/Q126284244,
http://www.wikidata.org/entity/Q126284245,
http://www.wikidata.org/entity/Q126284250,
http://www.wikidata.org/entity/Q126284249,
http://www.wikidata.org/entity/Q126284252,
http://www.wikidata.org/entity/Q126284263,
http://www.wikidata.org/entity/Q126284260,
http://www.wikidata.org/entity/Q126284261,
http://www.wikidata.org/entity/Q126284267,
http://www.wikidata.org/entity/Q126284270,
http://www.wikidata.org/entity/Q126284269,
http://www.wikidata.org/entity/Q126284274,
http://www.wikidata.org/entity/Q126284278,
http://www.wikidata.org/entity/Q126284277,
http://www.wikidata.org/entity/Q126284294,
http://www.wikidata.org/entity/Q126284293,
http://www.wikidata.org/entity/Q126284298,
http://www.wikidata.org/entity/Q126284299,
http://www.wikidata.org/entity/Q126284303,
http://www.wikidata.org/entity/Q126284300,
http://www.wikidata.org/entity/Q126284301,
http://www.wikidata.org/entity/Q126284305,
http://www.wikidata.org/entity/Q126456555,
http://www.wikidata.org/entity/Q126680509,
http://www.wikidata.org/entity/Q126727198,
http://www.wikidata.org/entity/Q126891336,
http://www.wikidata.org/entity/Q130221017,
http://www.wikidata.org/entity/Q130552524,
http://www.wikidata.org/entity/Q131350054,
http://www.wikidata.org/entity/Q131422012,
http://www.wikidata.org/entity/Q131422030,
http://www.wikidata.org/entity/Q131422031,
http://www.wikidata.org/entity/Q131422028,
http://www.wikidata.org/entity/Q131422029,
http://www.wikidata.org/entity/Q131449707,
http://www.wikidata.org/entity/Q131450134,
http://www.wikidata.org/entity/Q131450135,
http://www.wikidata.org/entity/Q131450138,
http://www.wikidata.org/entity/Q131450136,
http://www.wikidata.org/entity/Q131450154,
http://www.wikidata.org/entity/Q131450153,
http://www.wikidata.org/entity/Q131501712,
http://www.wikidata.org/entity/Q131501759,
http://www.wikidata.org/entity/Q131501830,
http://www.wikidata.org/entity/Q131542595,
http://www.wikidata.org/entity/Q131543565,
http://www.wikidata.org/entity/Q131543680,
http://www.wikidata.org/entity/Q131546466,
http://www.wikidata.org/entity/Q131557854,
http://www.wikidata.org/entity/Q131557902,
http://www.wikidata.org/entity/Q131561692,
http://www.wikidata.org/entity/Q131563724,
http://www.wikidata.org/entity/Q131576650,
http://www.wikidata.org/entity/Q131576651,
http://www.wikidata.org/entity/Q131579612,
http://www.wikidata.org/entity/Q131579625,
http://www.wikidata.org/entity/Q131579646,
http://www.wikidata.org/entity/Q131579667,
http://www.wikidata.org/entity/Q131579670,
http://www.wikidata.org/entity/Q131579671,
http://www.wikidata.org/entity/Q131579669,
http://www.wikidata.org/entity/Q131579674,
http://www.wikidata.org/entity/Q131579672,
http://www.wikidata.org/entity/Q131579673,
http://www.wikidata.org/entity/Q131579688,
http://www.wikidata.org/entity/Q131587980,
http://www.wikidata.org/entity/Q131604568,
http://www.wikidata.org/entity/Q131604582,
http://www.wikidata.org/entity/Q131613582,
http://www.wikidata.org/entity/Q131613592,
http://www.wikidata.org/entity/Q131613626,
http://www.wikidata.org/entity/Q131613637,
http://www.wikidata.org/entity/Q131613656,
http://www.wikidata.org/entity/Q131613666,
http://www.wikidata.org/entity/Q131613667,
http://www.wikidata.org/entity/Q131613670,
http://www.wikidata.org/entity/Q131613671,
http://www.wikidata.org/entity/Q131613668,
http://www.wikidata.org/entity/Q131613669,
http://www.wikidata.org/entity/Q131613743,
http://www.wikidata.org/entity/Q131613870,
http://www.wikidata.org/entity/Q131613869,
http://www.wikidata.org/entity/Q131617917,
http://www.wikidata.org/entity/Q131627574,
http://www.wikidata.org/entity/Q131627817,
http://www.wikidata.org/entity/Q131674346,
http://www.wikidata.org/entity/Q131674353,
http://www.wikidata.org/entity/Q131674382,
http://www.wikidata.org/entity/Q131675947,
http://www.wikidata.org/entity/Q131675966,
http://www.wikidata.org/entity/Q131675995,
http://www.wikidata.org/entity/Q114065222,
http://www.wikidata.org/entity/Q3685501,Luca Signorelli (maschio)
http://www.wikidata.org/entity/Q3686814,Albrecht Altdorfer (maschio)
http://www.wikidata.org/entity/Q3697588,Bramante (maschio)
http://www.wikidata.org/entity/Q3697602,Beato Angelico (maschio)
http://www.wikidata.org/entity/Q3697640,Andrea del Castagno (maschio)
http://www.wikidata.org/entity/Q3698182,Bramantino (maschio)
http://www.wikidata.org/entity/Q3698204,Giorgio Vasari (maschio)
http://www.wikidata.org/entity/Q3704794,Peter Paul Rubens (maschio)
http://www.wikidata.org/entity/Q3706331,Andrea del Sarto (maschio)
http://www.wikidata.org/entity/Q3709306,Dosso Dossi (maschio)
http://www.wikidata.org/entity/Q3711898,Bonaventura Berlinghieri (maschio)
http://www.wikidata.org/entity/Q3714445,Andrea del Sarto (maschio)
http://www.wikidata.org/entity/Q115153353,
http://www.wikidata.org/entity/Q115430770,
http://www.wikidata.org/entity/Q115453601,
http://www.wikidata.org/entity/Q115456457,
http://www.wikidata.org/entity/Q3725199,Dosso Dossi (maschio)
http://www.wikidata.org/entity/Q3725832,Peter Paul Rubens (maschio)
http://www.wikidata.org/entity/Q115589179,
http://www.wikidata.org/entity/Q115659447,
http://www.wikidata.org/entity/Q115662781,
http://www.wikidata.org/entity/Q3731103,Angelo Maccagnino (maschio)
http://www.wikidata.org/entity/Q3732905,Filippo Lippi (maschio)
http://www.wikidata.org/entity/Q115783769,
http://www.wikidata.org/entity/Q115789803,
http://www.wikidata.org/entity/Q115898761,
http://www.wikidata.org/entity/Q3740793,Piero del Pollaiolo (maschio)
http://www.wikidata.org/entity/Q3743879,Tiziano Vecellio (maschio)
http://www.wikidata.org/entity/Q3747239,Masolino da Panicale (maschio)
http://www.wikidata.org/entity/Q3752350,Giotto (maschio)
http://www.wikidata.org/entity/Q3752977,Giorgione (maschio)
http://www.wikidata.org/entity/Q3766168,Correggio (maschio)
http://www.wikidata.org/entity/Q116771231,
http://www.wikidata.org/entity/Q3769202,Buonamico Buffalmacco (maschio)
http://www.wikidata.org/entity/Q116912691,
http://www.wikidata.org/entity/Q3771679,Francesco Granacci (maschio)
http://www.wikidata.org/entity/Q3771746,Tiziano Vecellio (maschio)
http://www.wikidata.org/entity/Q3771749,Perin del Vaga (maschio)
http://www.wikidata.org/entity/Q116956495,
http://www.wikidata.org/entity/Q116968203,
http://www.wikidata.org/entity/Q3775535,Jan Brueghel il Vecchio (maschio)
http://www.wikidata.org/entity/Q117043780,
http://www.wikidata.org/entity/Q3778382,Beato Angelico (maschio)
http://www.wikidata.org/entity/Q3784247,Tiziano Vecellio (maschio)
http://www.wikidata.org/entity/Q3784272,Agnolo Bronzino (maschio)
http://www.wikidata.org/entity/Q117382014,
http://www.wikidata.org/entity/Q117615645,
http://www.wikidata.org/entity/Q3797482,Giovanni Fattori (maschio)
http://www.wikidata.org/entity/Q117756937,
http://www.wikidata.org/entity/Q117797593,
http://www.wikidata.org/entity/Q117848759,
http://www.wikidata.org/entity/Q3817178,Vittore Carpaccio (maschio)
http://www.wikidata.org/entity/Q3821139,Giovanni Fattori (maschio)
http://www.wikidata.org/entity/Q3821405,Gerolamo Induno (maschio)
http://www.wikidata.org/entity/Q3823990,Telemaco Signorini (maschio)
http://www.wikidata.org/entity/Q3831651,Andrea del Sarto (maschio)
http://www.wikidata.org/entity/Q3834971,Dosso Dossi (maschio)
http://www.wikidata.org/entity/Q3842412,Giovanni Bellini (maschio)
http://www.wikidata.org/entity/Q3842413,Tiziano Vecellio (maschio)
http://www.wikidata.org/entity/Q3842424,Carlo Crivelli (maschio)
http://www.wikidata.org/entity/Q3842438,Filippo Lippi (maschio)
http://www.wikidata.org/entity/Q3842439,Alonso Berruguete (maschio)
http://www.wikidata.org/entity/Q3842472,Filippo Lippi (maschio)
http://www.wikidata.org/entity/Q3842484,Giovanni Bellini (maschio)
http://www.wikidata.org/entity/Q3842522,Pontormo (maschio)
http://www.wikidata.org/entity/Q3842521,Sandro Botticelli (maschio)
http://www.wikidata.org/entity/Q3842530,Ludovico Mazzolino (maschio)
http://www.wikidata.org/entity/Q3842533,Vincenzo Foppa (maschio)
http://www.wikidata.org/entity/Q3842543,Maestro del Bigallo (maschio)
http://www.wikidata.org/entity/Q3842575,Jacopo Palma il Vecchio (maschio)
http://www.wikidata.org/entity/Q3842577,Luca Signorelli (maschio)
http://www.wikidata.org/entity/Q3842594,Giovanni Bellini (maschio)
http://www.wikidata.org/entity/Q3842673,Pinturicchio (maschio)
http://www.wikidata.org/entity/Q3842700,Tiziano Vecellio (maschio)
http://www.wikidata.org/entity/Q3842706,Carlo Crivelli (maschio)
http://www.wikidata.org/entity/Q3842713,Carlo Crivelli (maschio)
http://www.wikidata.org/entity/Q3842725,Carlo Crivelli (maschio)
http://www.wikidata.org/entity/Q119157243,
http://www.wikidata.org/entity/Q119406125,
http://www.wikidata.org/entity/Q3862624,Nanni di Bartolo (maschio); Pisanello (maschio)
http://www.wikidata.org/entity/Q3863247,Andrea del Sarto (maschio)
http://www.wikidata.org/entity/Q3873244,Maestro dell'Osservanza (maschio)
http://www.wikidata.org/entity/Q3877894,Michelangelo Buonarroti (maschio)
http://www.wikidata.org/entity/Q3879242,Giorgione (maschio)
http://www.wikidata.org/entity/Q3884948,Vittore Carpaccio (maschio)
http://www.wikidata.org/entity/Q3885620,Tiziano Vecellio (maschio)
http://www.wikidata.org/entity/Q120509133,
http://www.wikidata.org/entity/Q120509521,
http://www.wikidata.org/entity/Q120509789,
http://www.wikidata.org/entity/Q3889195,Gerolamo Giovenone (maschio)
http://www.wikidata.org/entity/Q3889203,Tiziano Vecellio (maschio)
http://www.wikidata.org/entity/Q3889211,Maestro della Pala Sforzesca (maschio)
http://www.wikidata.org/entity/Q3889220,Giusto di Gand (maschio)
http://www.wikidata.org/entity/Q3889247,Giovanni Bellini (maschio)
http://www.wikidata.org/entity/Q3889254,Sandro Botticelli (maschio)
http://www.wikidata.org/entity/Q3889253,Carlo Crivelli (maschio)
http://www.wikidata.org/entity/Q120763322,
http://www.wikidata.org/entity/Q120822987,
http://www.wikidata.org/entity/Q120900571,
http://www.wikidata.org/entity/Q120903815,
http://www.wikidata.org/entity/Q120968113,
http://www.wikidata.org/entity/Q120968282,
http://www.wikidata.org/entity/Q120968550,
http://www.wikidata.org/entity/Q120968767,
http://www.wikidata.org/entity/Q120968914,
http://www.wikidata.org/entity/Q3904392,Giovanni Bellini (maschio)
http://www.wikidata.org/entity/Q3907497,Luca Signorelli (maschio)
http://www.wikidata.org/entity/Q3908184,Gentile da Fabriano (maschio)
http://www.wikidata.org/entity/Q3910087,Giovanni Bellini (maschio); Gentile Bellini (maschio)
http://www.wikidata.org/entity/Q3921705,Francesco Filippini (maschio)
http://www.wikidata.org/entity/Q3921912,Carlo Crivelli (maschio)
http://www.wikidata.org/entity/Q3924389,Giorgione (maschio)
http://www.wikidata.org/entity/Q121678655,
http://www.wikidata.org/entity/Q3925592,Andrea del Sarto (maschio)
http://www.wikidata.org/entity/Q121780997,
http://www.wikidata.org/entity/Q3937080,Umberto Boccioni (maschio)
http://www.wikidata.org/entity/Q3937502,Pontormo (maschio)
http://www.wikidata.org/entity/Q3937511,Tiziano Vecellio (maschio)
http://www.wikidata.org/entity/Q3937547,Peter Paul Rubens (maschio)
http://www.wikidata.org/entity/Q3937553,Tiziano Vecellio (maschio)
http://www.wikidata.org/entity/Q3937561,El Greco (maschio)
http://www.wikidata.org/entity/Q3937569,Tiziano Vecellio (maschio)
http://www.wikidata.org/entity/Q3937634,Pompeo Mariani (maschio)
http://www.wikidata.org/entity/Q3937643,Tiziano Vecellio (maschio)
http://www.wikidata.org/entity/Q3944499,Luca Signorelli (maschio)
http://www.wikidata.org/entity/Q3944515,Tiziano Vecellio (maschio)
http://www.wikidata.org/entity/Q3945254,Gentile da Fabriano (maschio)
http://www.wikidata.org/entity/Q3945710,Bernardino Luini (maschio)
http://www.wikidata.org/entity/Q3946910,Tiziano Vecellio (maschio)
http://www.wikidata.org/entity/Q3947013,Cosmè Tura (maschio)
http://www.wikidata.org/entity/Q3947064,Andrea del Sarto (maschio)
http://www.wikidata.org/entity/Q3947210,Andrea Mantegna (maschio)
http://www.wikidata.org/entity/Q3947211,Tiziano Vecellio (maschio)
http://www.wikidata.org/entity/Q3947277,Correggio (maschio)
http://www.wikidata.org/entity/Q3947281,Andrea del Sarto (maschio)
http://www.wikidata.org/entity/Q3947288,Filippino Lippi (maschio)
http://www.wikidata.org/entity/Q3947375,Andrea del Sarto (maschio)
http://www.wikidata.org/entity/Q3947504,Maestro della Maddalena (maschio)
http://www.wikidata.org/entity/Q3947687,Marco dal Pino (maschio)
http://www.wikidata.org/entity/Q3947812,Fabrizio Santafede (maschio)
http://www.wikidata.org/entity/Q3948034,Parmigianino (maschio)
http://www.wikidata.org/entity/Q3948651,Parmigianino (maschio)
http://www.wikidata.org/entity/Q3948701,Jusepe de Ribera (maschio)
http://www.wikidata.org/entity/Q3949208,Francesco Botticini (maschio)
http://www.wikidata.org/entity/Q3949310,Parmigianino (maschio)
http://www.wikidata.org/entity/Q3949373,Parmigianino (maschio)
http://www.wikidata.org/entity/Q3954057,Carlo Crivelli (maschio)
http://www.wikidata.org/entity/Q122764699,
http://www.wikidata.org/entity/Q3967206,Franciabigio (maschio)
http://www.wikidata.org/entity/Q3973584,Tiziano Vecellio (maschio)
http://www.wikidata.org/entity/Q3974449,Paolo Uccello (maschio)
http://www.wikidata.org/entity/Q3979950,Beato Angelico (maschio); Lorenzo Ghiberti (maschio)
http://www.wikidata.org/entity/Q3979952,Donatello (maschio)
http://www.wikidata.org/entity/Q3979961,Pontormo (maschio)
http://www.wikidata.org/entity/Q3981174,Perin del Vaga (maschio)
http://www.wikidata.org/entity/Q3982379,Buonamico Buffalmacco (maschio)
http://www.wikidata.org/entity/Q3983114,Piero del Pollaiolo (maschio)
http://www.wikidata.org/entity/Q3984830,Angelo Maccagnino (maschio)
http://www.wikidata.org/entity/Q3985169,Leonardo da Vinci (maschio)
http://www.wikidata.org/entity/Q3985186,Giotto (maschio)
http://www.wikidata.org/entity/Q3985472,Michele Pannonio (maschio)
http://www.wikidata.org/entity/Q3992111,Giovanni Gerolamo Savoldo (maschio)
http://www.wikidata.org/entity/Q3994163,Pisanello (maschio)
http://www.wikidata.org/entity/Q3997723,Giovanni Bellini (maschio)
http://www.wikidata.org/entity/Q3998940,Buonamico Buffalmacco (maschio)
http://www.wikidata.org/entity/Q3999094,Gerolamo Giovenone (maschio)
http://www.wikidata.org/entity/Q3999095,Giovanni Bellini (maschio)
http://www.wikidata.org/entity/Q124038605,
http://www.wikidata.org/entity/Q124039121,
http://www.wikidata.org/entity/Q124039323,
http://www.wikidata.org/entity/Q124098297,
http://www.wikidata.org/entity/Q124154199,
http://www.wikidata.org/entity/Q124154228,
http://www.wikidata.org/entity/Q124321743,
http://www.wikidata.org/entity/Q4010476,Duccio di Buoninsegna (maschio)
http://www.wikidata.org/entity/Q4010941,Andrea del Sarto (maschio)
http://www.wikidata.org/entity/Q4014547,Antonello da Messina (maschio); Jaime Baço (maschio)
http://www.wikidata.org/entity/Q4015931,Cosimo Rosselli (maschio)
http://www.wikidata.org/entity/Q4015932,Vittore Carpaccio (maschio)
http://www.wikidata.org/entity/Q124962542,
http://www.wikidata.org/entity/Q125599554,
http://www.wikidata.org/entity/Q125794511,
http://www.wikidata.org/entity/Q125811262,
http://www.wikidata.org/entity/Q125811962,
http://www.wikidata.org/entity/Q125813029,
http://www.wikidata.org/entity/Q125813094,
http://www.wikidata.org/entity/Q125813375,
http://www.wikidata.org/entity/Q125813475,
http://www.wikidata.org/entity/Q125863783,
http://www.wikidata.org/entity/Q125938897,
http://www.wikidata.org/entity/Q126127358,
http://www.wikidata.org/entity/Q126284178,
http://www.wikidata.org/entity/Q126284183,
http://www.wikidata.org/entity/Q126284187,
http://www.wikidata.org/entity/Q126284185,
http://www.wikidata.org/entity/Q126284191,
http://www.wikidata.org/entity/Q126284189,
http://www.wikidata.org/entity/Q126284194,
http://www.wikidata.org/entity/Q126284192,
http://www.wikidata.org/entity/Q131690525,
http://www.wikidata.org/entity/Q131690546,
http://www.wikidata.org/entity/Q131690557,
http://www.wikidata.org/entity/Q131690560,
http://www.wikidata.org/entity/Q131690582,
http://www.wikidata.org/entity/Q131690637,
http://www.wikidata.org/entity/Q131702506,
http://www.wikidata.org/entity/Q131719684,
http://www.wikidata.org/entity/Q131719743,
http://www.wikidata.org/entity/Q131719750,
http://www.wikidata.org/entity/Q131766147,
http://www.wikidata.org/entity/Q131812937,
http://www.wikidata.org/entity/Q131825279,
http://www.wikidata.org/entity/Q131829978,
http://www.wikidata.org/entity/Q131831573,
http://www.wikidata.org/entity/Q131831783,
http://www.wikidata.org/entity/Q131832197,
http://www.wikidata.org/entity/Q131832227,
http://www.wikidata.org/entity/Q131851103,
http://www.wikidata.org/entity/Q131856942,
http://www.wikidata.org/entity/Q131859345,
http://www.wikidata.org/entity/Q131859542,
http://www.wikidata.org/entity/Q131860141,
http://www.wikidata.org/entity/Q131860198,
http://www.wikidata.org/entity/Q131861810,
http://www.wikidata.org/entity/Q131861981,
http://www.wikidata.org/entity/Q131869926,
http://www.wikidata.org/entity/Q131869955,
http://www.wikidata.org/entity/Q132147979,
http://www.wikidata.org/entity/Q132148015,
http://www.wikidata.org/entity/Q132166188,
http://www.wikidata.org/entity/Q132166238,
http://www.wikidata.org/entity/Q132166239,
http://www.wikidata.org/entity/Q132166241,
http://www.wikidata.org/entity/Q132166246,
http://www.wikidata.org/entity/Q132166245,
http://www.wikidata.org/entity/Q132166250,
http://www.wikidata.org/entity/Q132166251,
http://www.wikidata.org/entity/Q132166254,
http://www.wikidata.org/entity/Q132166252,
http://www.wikidata.org/entity/Q132166258,
http://www.wikidata.org/entity/Q132166259,
http://www.wikidata.org/entity/Q132166256,
http://www.wikidata.org/entity/Q132166257,
http://www.wikidata.org/entity/Q132166260,
http://www.wikidata.org/entity/Q132166261,
http://www.wikidata.org/entity/Q132166294,
http://www.wikidata.org/entity/Q132166295,
http://www.wikidata.org/entity/Q132166293,
http://www.wikidata.org/entity/Q132188587,
http://www.wikidata.org/entity/Q132397614,
http://www.wikidata.org/entity/Q132397615,
http://www.wikidata.org/entity/Q132397613,
http://www.wikidata.org/entity/Q132655854,
http://www.wikidata.org/entity/Q133280987,
http://www.wikidata.org/entity/Q133281000,
http://www.wikidata.org/entity/Q133281019,
http://www.wikidata.org/entity/Q134006791,
http://www.wikidata.org/entity/Q135089933,
http://www.wikidata.org/entity/Q135286600,
http://www.wikidata.org/entity/Q135972052,
http://www.wikidata.org/entity/Q136457064,
http://www.wikidata.org/entity/Q136468769,
http://www.wikidata.org/entity/Q136752887,
http://www.wikidata.org/entity/Q136789581,
http://www.wikidata.org/entity/Q136806465,
http://www.wikidata.org/entity/Q136849352,
http://www.wikidata.org/entity/Q5659648,Giambattista Tiepolo (maschio)
http://www.wikidata.org/entity/Q5954551,Sandro Botticelli (maschio)
http://www.wikidata.org/entity/Q6696013,Leonardo da Vinci (maschio)
http://www.wikidata.org/entity/Q7232252,Sebastiano del Piombo (maschio)
http://www.wikidata.org/entity/Q7232287,Tiziano Vecellio (maschio)
http://www.wikidata.org/entity/Q7232305,Tiziano Vecellio (maschio)
http://www.wikidata.org/entity/Q7401416,Tiziano Vecellio (maschio)
http://www.wikidata.org/entity/Q7401482,Tiziano Vecellio (maschio)
http://www.wikidata.org/entity/Q7720644,Guercino (maschio)
http://www.wikidata.org/entity/Q7750471,Tiziano Vecellio (maschio)
http://www.wikidata.org/entity/Q7885787,Sandro Botticelli (maschio)
http://www.wikidata.org/entity/Q7920573,Tiziano Vecellio (maschio)
http://www.wikidata.org/entity/Q9387722,Jacopo Tintoretto (maschio)
http://www.wikidata.org/entity/Q11694943,Tiziano Vecellio (maschio); Marco Vecellio (maschio)
http://www.wikidata.org/entity/Q11753618,Jacopo Tintoretto (maschio)
http://www.wikidata.org/entity/Q11769022,Jacopo Tintoretto (maschio)
http://www.wikidata.org/entity/Q12172990,Fra' Galgario (maschio)
http://www.wikidata.org/entity/Q15008032,Giovanni Bellini (maschio); Tiziano Vecellio (maschio)
http://www.wikidata.org/entity/Q15974347,Marco d'Oggiono (maschio)
http://www.wikidata.org/entity/Q15982437,Cima da Conegliano (maschio)
http://www.wikidata.org/entity/Q16167039,Il Moretto (maschio)
http://www.wikidata.org/entity/Q16467999,Tiziano Vecellio (maschio)
http://www.wikidata.org/entity/Q16536592,Canaletto (maschio)
http://www.wikidata.org/entity/Q16543332,Paolo Veronese (maschio)
http://www.wikidata.org/entity/Q16549203,Federico Barocci (maschio)
http://www.wikidata.org/entity/Q16564738,Battistello Caracciolo (maschio)
http://www.wikidata.org/entity/Q16573223,Giovanni Fattori (maschio)
http://www.wikidata.org/entity/Q16574865,Guido da Siena (maschio); Dietisalvi di Speme (maschio)
http://www.wikidata.org/entity/Q16585848,Paolo Veronese (maschio)
http://www.wikidata.org/entity/Q16596967,Francesco Hayez (maschio)
http://www.wikidata.org/entity/Q16608187,Domenico Beccafumi (maschio)
http://www.wikidata.org/entity/Q16620779,Giovanni Bellini (maschio)
http://www.wikidata.org/entity/Q16621939,El Greco (maschio)
http://www.wikidata.org/entity/Q37027223,Dosso Dossi (maschio); Battista Dossi (maschio)
http://www.wikidata.org/entity/Q40669017,Daniele Crespi (maschio)
http://www.wikidata.org/entity/Q40691169,Daniele Crespi (maschio)
http://www.wikidata.org/entity/Q40695411,Daniele Crespi (maschio)
http://www.wikidata.org/entity/Q45361473,Plautilla Nelli (femmina)
http://www.wikidata.org/entity/Q46833514,Jean Clouet (maschio)
http://www.wikidata.org/entity/Q46998093,Umberto Boccioni (maschio)
http://www.wikidata.org/entity/Q48388241,Giovanni Bellini (maschio)
http://www.wikidata.org/entity/Q48808515,Cosmè Tura (maschio)
http://www.wikidata.org/entity/Q48814933,Agnolo Bronzino (maschio)
http://www.wikidata.org/entity/Q48917755,Mattia Preti (maschio)
http://www.wikidata.org/entity/Q48927682,El Greco (maschio)
http://www.wikidata.org/entity/Q49167284,Francesco Rustici (maschio)
http://www.wikidata.org/entity/Q49167493,Francesco Rustici (maschio)
http://www.wikidata.org/entity/Q49167697,Francesco Rustici (maschio)
http://www.wikidata.org/entity/Q49167869,Jacopo Tintoretto (maschio)
http://www.wikidata.org/entity/Q50378007,Agnolo Bronzino (maschio)
http://www.wikidata.org/entity/Q50378015,Agnolo Bronzino (maschio)
http://www.wikidata.org/entity/Q50384906,Agnolo Bronzino (maschio)
http://www.wikidata.org/entity/Q50399525,Anton Domenico Gabbiani (maschio)
http://www.wikidata.org/entity/Q50422860,Tiziano Vecellio (maschio)
http://www.wikidata.org/entity/Q50474718,Agnolo Bronzino (maschio)
http://www.wikidata.org/entity/Q50752920,Jacopo Palma il Vecchio (maschio)
http://www.wikidata.org/entity/Q50840293,Giovan Battista Moroni (maschio)
http://www.wikidata.org/entity/Q50846578,Sebastiano Ricci (maschio)
http://www.wikidata.org/entity/Q50880887,Tiziano Vecellio (maschio)
http://www.wikidata.org/entity/Q50884435,Alessandro Allori (maschio)
http://www.wikidata.org/entity/Q50894841,Antonio Moro (maschio)
http://www.wikidata.org/entity/Q50939921,Giuseppe Maria Crespi (maschio)
http://www.wikidata.org/entity/Q51212996,Gian Lorenzo Bernini (maschio)
http://www.wikidata.org/entity/Q51726313,Joaquín Sorolla (maschio)
http://www.wikidata.org/entity/Q51918916,Camillo Filippi (maschio)
http://www.wikidata.org/entity/Q52084102,Francesco Hayez (maschio)
http://www.wikidata.org/entity/Q52155208,Carlo Maratta (maschio)
http://www.wikidata.org/entity/Q52155641,Elisabeth Chaplin (femmina)
http://www.wikidata.org/entity/Q52157937,John Singer Sargent (maschio)
http://www.wikidata.org/entity/Q52217967,Raffaello Gambogi (maschio)
http://www.wikidata.org/entity/Q52329690,Vittorio Matteo Corcos (maschio)
http://www.wikidata.org/entity/Q52735921,Vincenzo Cabianca (maschio)
http://www.wikidata.org/entity/Q53560123,Giusto de' Menabuoi (maschio)
http://www.wikidata.org/entity/Q54086391,Lodovico Cigoli (maschio)
http://www.wikidata.org/entity/Q54625897,Lattanzio Querena (maschio)
http://www.wikidata.org/entity/Q55177712,Antonio Ciseri (maschio)
http://www.wikidata.org/entity/Q55814015,Carlo Bazzi (maschio)
http://www.wikidata.org/entity/Q56043344,Federico Barocci (maschio)
http://www.wikidata.org/entity/Q56062483,Corrado Giaquinto (maschio)
http://www.wikidata.org/entity/Q56149824,Antonio Rotta (maschio)
http://www.wikidata.org/entity/Q56318135,Alessandro Sanquirico (maschio)
http://www.wikidata.org/entity/Q56323639,Giovanni Battista Pittoni (maschio)
http://www.wikidata.org/entity/Q56323645,Giovanni Battista Pittoni (maschio)
http://www.wikidata.org/entity/Q56323673,Giovanni Battista Pittoni (maschio)
http://www.wikidata.org/entity/Q56538353,Giovan Battista Moroni (maschio)
http://www.wikidata.org/entity/Q56776954,Pietro Bussolo (maschio); Giovanni Marinoni (maschio)
http://www.wikidata.org/entity/Q57530584,Tiziano Vecellio (maschio)
http://www.wikidata.org/entity/Q57623718,Giovan Francesco Caroto (maschio)
http://www.wikidata.org/entity/Q58177339,Biagio Bellotti (maschio)
http://www.wikidata.org/entity/Q58178579,Biagio Bellotti (maschio)
http://www.wikidata.org/entity/Q58181750,Biagio Bellotti (maschio)
http://www.wikidata.org/entity/Q58184717,Carlo Grossi (maschio)
http://www.wikidata.org/entity/Q58185294,Antonio Introini (maschio)
http://www.wikidata.org/entity/Q58231270,Teofilo Patini (maschio)
http://www.wikidata.org/entity/Q58480176,Felice Giani (maschio)
http://www.wikidata.org/entity/Q58956093,Antonio Vivarini (maschio); Giovanni d'Alemagna (maschio)
http://www.wikidata.org/entity/Q59185173,Enrico Castiglioni (maschio)
http://www.wikidata.org/entity/Q59185398,Enrico Castiglioni (maschio)
http://www.wikidata.org/entity/Q59442235,Vittoria Ligari (femmina)
http://www.wikidata.org/entity/Q59914107,Renato Guttuso (maschio)
http://www.wikidata.org/entity/Q60838300,Paolo da Visso (maschio)
http://www.wikidata.org/entity/Q61767320,Tiziano Vecellio (maschio)
http://www.wikidata.org/entity/Q61816747,Francesco Hayez (maschio)
http://www.wikidata.org/entity/Q62014629,Basilio Cascella (maschio)
http://www.wikidata.org/entity/Q62272761,Arturo Tosi (maschio)
http://www.wikidata.org/entity/Q62476202,Franz Xaver Winterhalter (maschio)
http://www.wikidata.org/entity/Q63476058,Jacopo Tintoretto (maschio)
http://www.wikidata.org/entity/Q63994924,Callisto Piazza (maschio)
http://www.wikidata.org/entity/Q63995247,Giovan Battista Trotti (maschio)
http://www.wikidata.org/entity/Q64766792,Tiziano Vecellio (maschio)
http://www.wikidata.org/entity/Q65610116,Giovanni Migliara (maschio)
http://www.wikidata.org/entity/Q66098687,Ambrogio Figino (maschio)
http://www.wikidata.org/entity/Q67203105,Giovanni Battista Pittoni (maschio)
http://www.wikidata.org/entity/Q67203111,Giovanni Battista Pittoni (maschio)
http://www.wikidata.org/entity/Q68704168,Giovanni Battista Pozzi (maschio); Il Morazzone (maschio)
http://www.wikidata.org/entity/Q69658139,Sebastiano del Piombo (maschio)
http://www.wikidata.org/entity/Q69859246,Federico Zandomeneghi (maschio)
http://www.wikidata.org/entity/Q71126799,Prospero Fontana (maschio)
http://www.wikidata.org/entity/Q74717988,Albrecht Dürer (maschio)
http://www.wikidata.org/entity/Q77310161,Andrea del Sarto (maschio)
http://www.wikidata.org/entity/Q78330040,Lorenzo di Credi (maschio)
http://www.wikidata.org/entity/Q78756742,Aurelio Luini (maschio)
http://www.wikidata.org/entity/Q79020756,Giovanni Battista Pittoni (maschio)
http://www.wikidata.org/entity/Q79021384,Giovanni Battista Pittoni (maschio)
http://www.wikidata.org/entity/Q79021962,Giovanni Battista Pittoni (maschio)
http://www.wikidata.org/entity/Q79022279,Giovanni Battista Pittoni (maschio)
http://www.wikidata.org/entity/Q79022528,Giovanni Battista Pittoni (maschio)
http://www.wikidata.org/entity/Q79022983,Battista Vicentino (maschio)
http://www.wikidata.org/entity/Q79023210,Giovanni Battista Pittoni (maschio)
http://www.wikidata.org/entity/Q79023501,Giovanni Battista Pittoni (maschio)
http://www.wikidata.org/entity/Q79024384,Giovanni Battista Pittoni (maschio)
http://www.wikidata.org/entity/Q79024730,Giovanni Battista Pittoni (maschio)
http://www.wikidata.org/entity/Q79025062,Giovanni Battista Pittoni (maschio)
http://www.wikidata.org/entity/Q17638342,Girolamo Mazzola Bedoli (maschio)
http://www.wikidata.org/entity/Q17652075,Bernardino Luini (maschio)
http://www.wikidata.org/entity/Q18226128,Rembrandt (maschio)
http://www.wikidata.org/entity/Q18385026,Giovanni Fattori (maschio)
http://www.wikidata.org/entity/Q18578019,Giuseppe Arcimboldo (maschio)
http://www.wikidata.org/entity/Q18688370,Pietro da Cortona (maschio)
http://www.wikidata.org/entity/Q19060568,Anton Raphael Mengs (maschio)
http://www.wikidata.org/entity/Q19060621,Antonio Joli (maschio)
http://www.wikidata.org/entity/Q19361572,Élisabeth Vigée Le Brun (femmina)
http://www.wikidata.org/entity/Q19390001,Lavinia Fontana (femmina)
http://www.wikidata.org/entity/Q19516146,Raffaello Sanzio (maschio)
http://www.wikidata.org/entity/Q19660300,Canaletto (maschio)
http://www.wikidata.org/entity/Q19681559,Bernardo Bellotto (maschio)
http://www.wikidata.org/entity/Q19681664,Bernardo Bellotto (maschio)
http://www.wikidata.org/entity/Q19686409,Francesco Guardi (maschio)
http://www.wikidata.org/entity/Q19686414,Michele Marieschi (maschio)
http://www.wikidata.org/entity/Q19882485,Gian Lorenzo Bernini (maschio)
http://www.wikidata.org/entity/Q19947640,Altobello Melone (maschio)
http://www.wikidata.org/entity/Q19966565,Annibale Carracci (maschio); Ludovico Carracci (maschio)
http://www.wikidata.org/entity/Q19966606,Romanino (maschio)
http://www.wikidata.org/entity/Q19966608,Parmigianino (maschio)
http://www.wikidata.org/entity/Q20092785,Jacopo Bassano (maschio)
http://www.wikidata.org/entity/Q20744065,Niccolò Musso (maschio)
http://www.wikidata.org/entity/Q20744144,Giuseppe Vermiglio (maschio)
http://www.wikidata.org/entity/Q20744173,Eleuterio Pagliano (maschio)
http://www.wikidata.org/entity/Q20991673,Biagio Bellotti (maschio)
http://www.wikidata.org/entity/Q21121896,Giambattista Tiepolo (maschio)
http://www.wikidata.org/entity/Q21666329,Liberato da Rieti (maschio)
http://www.wikidata.org/entity/Q22917444,Biagio Bellotti (maschio)
http://www.wikidata.org/entity/Q22931136,Peder Severin Krøyer (maschio)
http://www.wikidata.org/entity/Q22949398,Biagio Bellotti (maschio)
http://www.wikidata.org/entity/Q22949778,Biagio Bellotti (maschio)
http://www.wikidata.org/entity/Q22949827,Biagio Bellotti (maschio)
http://www.wikidata.org/entity/Q22958240,Biagio Bellotti (maschio)
http://www.wikidata.org/entity/Q23006207,Biagio Bellotti (maschio)
http://www.wikidata.org/entity/Q23305501,Giovanni Battista Salvi (maschio)
http://www.wikidata.org/entity/Q24050695,Beppe Ciardi (maschio)
http://www.wikidata.org/entity/Q24090610,Achille Cattaneo (maschio)
http://www.wikidata.org/entity/Q24090614,Achille Cattaneo (maschio)
http://www.wikidata.org/entity/Q24091047,Achille Cattaneo (maschio)
http://www.wikidata.org/entity/Q24091066,Achille Cattaneo (maschio)
http://www.wikidata.org/entity/Q24091089,Michele Cascella (maschio)
http://www.wikidata.org/entity/Q24091112,Aldo Carpi (maschio)
http://www.wikidata.org/entity/Q24325684,Juan Bautista Martínez del Mazo (maschio)
http://www.wikidata.org/entity/Q24933808,Antonio Solario (maschio)
http://www.wikidata.org/entity/Q24938224,Giovanni Segantini (maschio)
http://www.wikidata.org/entity/Q24939660,Mario Bazzi (maschio)
http://www.wikidata.org/entity/Q24939839,Leonardo Borgese (maschio)
http://www.wikidata.org/entity/Q24939843,Tiziano Vecellio (maschio)
http://www.wikidata.org/entity/Q24939884,Anselmo Bucci (maschio)
http://www.wikidata.org/entity/Q24940870,Adone Comboni (maschio)
http://www.wikidata.org/entity/Q25388274,Luigi Mussini (maschio)
http://www.wikidata.org/entity/Q25410292,Anselmo Bucci (maschio)
http://www.wikidata.org/entity/Q25410567,Gigi Comolli (maschio)
http://www.wikidata.org/entity/Q25444052,Jacopo Tintoretto (maschio)
http://www.wikidata.org/entity/Q26256901,Iacopino del Conte (maschio)
http://www.wikidata.org/entity/Q26488380,Biagio Bellotti (maschio)
http://www.wikidata.org/entity/Q27504416,Biagio Bellotti (maschio)
http://www.wikidata.org/entity/Q27507068,Biagio Bellotti (maschio)
http://www.wikidata.org/entity/Q27650796,Angelo Morbelli (maschio)
http://www.wikidata.org/entity/Q27664456,Giambattista Tiepolo (maschio)
http://www.wikidata.org/entity/Q27827425,Mario de' Fiori (maschio); Filippo Lauri (maschio)
http://www.wikidata.org/entity/Q27830737,Carlo Maratta (maschio); Mario de' Fiori (maschio)
http://www.wikidata.org/entity/Q27948860,Francesco Hayez (maschio)
http://www.wikidata.org/entity/Q27955751,Jacopo Palma il Vecchio (maschio)
http://www.wikidata.org/entity/Q28093447,Francesco Solimena (maschio)
http://www.wikidata.org/entity/Q28113318,Agnolo Bronzino (maschio)
http://www.wikidata.org/entity/Q28113316,Ginevra Cantofoli (femmina)
http://www.wikidata.org/entity/Q28147005,Tiziano Vecellio (maschio)
http://www.wikidata.org/entity/Q28229077,Jan Gossaert (maschio)
http://www.wikidata.org/entity/Q28466203,Daniele da Volterra (maschio)
http://www.wikidata.org/entity/Q28547106,Giovanni Fattori (maschio)
http://www.wikidata.org/entity/Q28668222,Tanzio da Varallo (maschio)
http://www.wikidata.org/entity/Q28668544,Frans Pourbus il Giovane (maschio)
http://www.wikidata.org/entity/Q28798137,Bonifacio Veronese (maschio)
http://www.wikidata.org/entity/Q28803486,Andrea Sacchi (maschio)
http://www.wikidata.org/entity/Q28803484,Antoon van Dyck (maschio)
http://www.wikidata.org/entity/Q28803514,Antoon van Dyck (maschio)
http://www.wikidata.org/entity/Q28803759,Guercino (maschio)
http://www.wikidata.org/entity/Q28803789,Hyacinthe Rigaud (maschio)
http://www.wikidata.org/entity/Q28809144,Mattia Preti (maschio)
http://www.wikidata.org/entity/Q28860726,Giovan Francesco Nagli (maschio)
http://www.wikidata.org/entity/Q28952741,Giovan Battista Moroni (maschio)
http://www.wikidata.org/entity/Q29015025,Artemisia Gentileschi (femmina)
http://www.wikidata.org/entity/Q29114098,Francesco de' Franceschi (maschio)
http://www.wikidata.org/entity/Q29654663,Fede Galizia (femmina)
http://www.wikidata.org/entity/Q29997042,Lavinia Fontana (femmina)
http://www.wikidata.org/entity/Q30031052,Innocente Salvini (maschio)
http://www.wikidata.org/entity/Q30032029,Emilio Magistretti (maschio)
http://www.wikidata.org/entity/Q30135606,Paris Bordon (maschio)
http://www.wikidata.org/entity/Q30605361,Onofrio Palumbo (maschio); Artemisia Gentileschi (femmina)
http://www.wikidata.org/entity/Q30880011,Guido Farina (maschio)
http://www.wikidata.org/entity/Q30880062,Giuseppe Ferrata (maschio)
http://www.wikidata.org/entity/Q30880678,Andrea Fossombrone (maschio)
http://www.wikidata.org/entity/Q30880889,Giovan Battista Moroni (maschio)
http://www.wikidata.org/entity/Q30887689,Adriano Spilimbergo (maschio)
http://www.wikidata.org/entity/Q30887699,Antonio Donghi (maschio)
http://www.wikidata.org/entity/Q30887987,Achille Funi (maschio)
http://www.wikidata.org/entity/Q31559452,Alvise Vivarini (maschio)
http://www.wikidata.org/entity/Q34215143,Salvatore Bianchi (maschio)
http://www.wikidata.org/entity/Q110312698,Giovanni Giorgi (maschio)
http://www.wikidata.org/entity/Q110382981,Giovan Gioseffo Dal Sole (maschio)
http://www.wikidata.org/entity/Q110384990,Telemaco Signorini (maschio)
http://www.wikidata.org/entity/Q110546796,Raffaele Postiglione (maschio)
http://www.wikidata.org/entity/Q110626569,Nicolò Bambini (maschio)
http://www.wikidata.org/entity/Q110634767,Marcantonio Franceschini (maschio)
http://www.wikidata.org/entity/Q110681237,Ponziano Loverini (maschio)
http://www.wikidata.org/entity/Q110714745,Sandro Botticelli (maschio)
http://www.wikidata.org/entity/Q110770118,Carlo Antonio Procaccini (maschio)
http://www.wikidata.org/entity/Q110865329,Gregorio Lazzarini (maschio)
http://www.wikidata.org/entity/Q110866078,Giuseppe Gambarini (maschio)
http://www.wikidata.org/entity/Q110867847,Luigi Garzi (maschio)
http://www.wikidata.org/entity/Q110868028,Luigi Garzi (maschio)
http://www.wikidata.org/entity/Q110868273,Paolo De Matteis (maschio)
http://www.wikidata.org/entity/Q110872609,Gregorio Lazzarini (maschio)
http://www.wikidata.org/entity/Q110872935,Francesco Mancini (maschio)
http://www.wikidata.org/entity/Q110884929,Federico Barocci (maschio)
http://www.wikidata.org/entity/Q110907328,Giuseppe Frascaroli (maschio)
http://www.wikidata.org/entity/Q110907797,Hyacinthe Rigaud (maschio)
http://www.wikidata.org/entity/Q111041574,Giotto (maschio)
http://www.wikidata.org/entity/Q111042707,Giotto (maschio); Maestro delle Vele (maschio)
http://www.wikidata.org/entity/Q111159651,Marie-Guillemine Benoist (femmina)
http://www.wikidata.org/entity/Q111160508,Marie-Guillemine Benoist (femmina)
http://www.wikidata.org/entity/Q111255373,Giuseppe Amisani (maschio)
http://www.wikidata.org/entity/Q111255770,Giuseppe Amisani (maschio)
http://www.wikidata.org/entity/Q111256129,Antonio Rotta (maschio)
http://www.wikidata.org/entity/Q111257029,Antonio Rotta (maschio)
http://www.wikidata.org/entity/Q111308504,Giuseppe De Nittis (maschio)
http://www.wikidata.org/entity/Q111485530,Francesco Guarini (maschio)
http://www.wikidata.org/entity/Q111485979,Francesco Guarini (maschio)
http://www.wikidata.org/entity/Q111486358,Francesco Guarini (maschio)
http://www.wikidata.org/entity/Q111486805,Giovan Tommaso Guarini (maschio)
http://www.wikidata.org/entity/Q111508542,Jacopo Bellini (maschio)
http://www.wikidata.org/entity/Q111509018,Jacopo Bellini (maschio)
http://www.wikidata.org/entity/Q111512548,Giuseppe Molteni (maschio)
http://www.wikidata.org/entity/Q111577849,Agnolo Bronzino (maschio)
http://www.wikidata.org/entity/Q111593419,Francesco Guardi (maschio)
http://www.wikidata.org/entity/Q111718624,Giovan Battista Gaulli (maschio)
http://www.wikidata.org/entity/Q111738668,Antonio Rossellino (maschio); Francesco Botticini (maschio)
http://www.wikidata.org/entity/Q111803475,Giuseppe De Nittis (maschio)
http://www.wikidata.org/entity/Q111972094,Luigi Russolo (maschio)
http://www.wikidata.org/entity/Q111976882,Benedetto Rusconi (maschio)
http://www.wikidata.org/entity/Q112007402,Teodoro Matteini (maschio)
http://www.wikidata.org/entity/Q112034219,Pietro Longhi (maschio)
http://www.wikidata.org/entity/Q112034223,Andrea Appiani (maschio)
http://www.wikidata.org/entity/Q112074870,Odoardo Borrani (maschio)
http://www.wikidata.org/entity/Q112110434,Ferdinando Cavalleri (maschio)
http://www.wikidata.org/entity/Q112122261,George Peter Alexander Healy (maschio)
http://www.wikidata.org/entity/Q112125081,Bartolomeo Passarotti (maschio)
http://www.wikidata.org/entity/Q112228996,Domenico Induno (maschio)
http://www.wikidata.org/entity/Q112675085,Giovanni Battista Torriglia (maschio)
http://www.wikidata.org/entity/Q112798481,Cavalier d'Arpino (maschio)
http://www.wikidata.org/entity/Q112958938,Johann Gottlieb Hackert (maschio)
http://www.wikidata.org/entity/Q113005931,Anton Raphael Mengs (maschio)
http://www.wikidata.org/entity/Q113006398,Jacopo Tintoretto (maschio)
http://www.wikidata.org/entity/Q113016417,Girolamo Siciolante da Sermoneta (maschio)
http://www.wikidata.org/entity/Q113328601,Giovanni Boldini (maschio)
http://www.wikidata.org/entity/Q113328821,Anton Raphael Mengs (maschio)
http://www.wikidata.org/entity/Q113444533,Giovanni Boldini (maschio)
http://www.wikidata.org/entity/Q113465655,Lucas Cranach il Vecchio (maschio)
http://www.wikidata.org/entity/Q113465666,Lucas Cranach il Vecchio (maschio)
http://www.wikidata.org/entity/Q113550634,Cesare Dell'Acqua (maschio)
http://www.wikidata.org/entity/Q113825024,Agnolo Bronzino (maschio)
http://www.wikidata.org/entity/Q113878786,Guercino (maschio)
http://www.wikidata.org/entity/Q113988555,Giuseppe Frascaroli (maschio)
http://www.wikidata.org/entity/Q114241461,Hyacinthe Rigaud (maschio)
http://www.wikidata.org/entity/Q114417179,Federico Barocci (maschio)
http://www.wikidata.org/entity/Q114417792,Federico Barocci (maschio)
http://www.wikidata.org/entity/Q114601165,Tiziano Vecellio (maschio)
http://www.wikidata.org/entity/Q114647508,Cipriano Cei (maschio)
http://www.wikidata.org/entity/Q114647547,Jacopo Tintoretto (maschio)
http://www.wikidata.org/entity/Q114770904,Jan van Eyck (maschio)
http://www.wikidata.org/entity/Q114772679,Guercino (maschio)
http://www.wikidata.org/entity/Q114775095,Alessandro Tiarini (maschio)
http://www.wikidata.org/entity/Q114793365,Umberto Moggioli (maschio)
http://www.wikidata.org/entity/Q114807998,Giovanni Fattori (maschio)
http://www.wikidata.org/entity/Q114811811,Pompeo Mariani (maschio)
http://www.wikidata.org/entity/Q114825983,Andrea Lilli (maschio)
http://www.wikidata.org/entity/Q114857806,Ludovico Buti (maschio)
http://www.wikidata.org/entity/Q114859027,Cristofano dell'Altissimo (maschio)
http://www.wikidata.org/entity/Q114863216,Giuseppe Maria Crespi (maschio)
http://www.wikidata.org/entity/Q114869573,Pietro Ricchi (maschio)
http://www.wikidata.org/entity/Q114937054,Francesco Podesti (maschio)
http://www.wikidata.org/entity/Q115041810,Pompeo Batoni (maschio)
http://www.wikidata.org/entity/Q115067483,Sandro Botticelli (maschio)
http://www.wikidata.org/entity/Q115102928,Protasio Girolamo Stambucchi (maschio)
http://www.wikidata.org/entity/Q115110979,Scipione Pulzone (maschio)
http://www.wikidata.org/entity/Q115153302,Bruno Tano (maschio)
http://www.wikidata.org/entity/Q115192337,Guido Reni (maschio)
http://www.wikidata.org/entity/Q115193266,Giovanni Lanfranco (maschio)
http://www.wikidata.org/entity/Q115206624,Francesco Solimena (maschio)
http://www.wikidata.org/entity/Q115249957,Guercino (maschio)
http://www.wikidata.org/entity/Q115326515,Federico Barocci (maschio)
http://www.wikidata.org/entity/Q115327275,Giovan Battista Gaulli (maschio)
http://www.wikidata.org/entity/Q115329022,Giovanni Maria Morandi (maschio)
http://www.wikidata.org/entity/Q115350433,Francesco Podesti (maschio)
http://www.wikidata.org/entity/Q115363544,Giuliano Bugiardini (maschio)
http://www.wikidata.org/entity/Q115380883,Clemente Alberi (maschio)
http://www.wikidata.org/entity/Q115382052,Clemente Alberi (maschio)
http://www.wikidata.org/entity/Q115390601,Pier Francesco Mola (maschio)
http://www.wikidata.org/entity/Q117052364,Bernardo Castello (maschio)
http://www.wikidata.org/entity/Q117086849,Jacob Ferdinand Voet (maschio)
http://www.wikidata.org/entity/Q117086888,Cesare Tallone (maschio)
http://www.wikidata.org/entity/Q117086924,Italo Josz (maschio)
http://www.wikidata.org/entity/Q117086970,Emilio Magistretti (maschio)
http://www.wikidata.org/entity/Q117161791,Giovanni Mazone (maschio)
http://www.wikidata.org/entity/Q117162400,Giuseppe Frascheri (maschio)
http://www.wikidata.org/entity/Q117164043,Lorenzo Fasolo (maschio)
http://www.wikidata.org/entity/Q117188285,Teodoro Matteini (maschio)
http://www.wikidata.org/entity/Q117304805,Guercino (maschio)
http://www.wikidata.org/entity/Q117323711,Fra' Galgario (maschio)
http://www.wikidata.org/entity/Q117338080,Fra' Galgario (maschio)
http://www.wikidata.org/entity/Q117408489,Annibale Gatti (maschio)
http://www.wikidata.org/entity/Q117408743,Lorenzo Fasolo (maschio)
http://www.wikidata.org/entity/Q117408881,Luciano Borzone (maschio)
http://www.wikidata.org/entity/Q117427024,Pontormo (maschio)
http://www.wikidata.org/entity/Q117428285,Nicolò Barabino (maschio)
http://www.wikidata.org/entity/Q117428543,Orazio De Ferrari (maschio)
http://www.wikidata.org/entity/Q117428772,Domenico Piola (maschio)
http://www.wikidata.org/entity/Q117430308,Taddeo di Bartolo (maschio)
http://www.wikidata.org/entity/Q117430437,Valerio Castello (maschio)
http://www.wikidata.org/entity/Q117447676,Pontormo (maschio)
http://www.wikidata.org/entity/Q117470090,Pontormo (maschio)
http://www.wikidata.org/entity/Q117708969,Pontormo (maschio)
http://www.wikidata.org/entity/Q117715996,Simone Martini (maschio)
http://www.wikidata.org/entity/Q117753177,Giuseppe Bazzani (maschio)
http://www.wikidata.org/entity/Q117803973,Pierre Subleyras (maschio)
http://www.wikidata.org/entity/Q117826019,Achille Boschi (maschio)
http://www.wikidata.org/entity/Q117832067,Guido Reni (maschio)
http://www.wikidata.org/entity/Q117834449,Margaritone d'Arezzo (maschio)
http://www.wikidata.org/entity/Q117834473,Margaritone d'Arezzo (maschio)
http://www.wikidata.org/entity/Q117834509,Il Bacchiacca (maschio)
http://www.wikidata.org/entity/Q117834674,Il Bacchiacca (maschio)
http://www.wikidata.org/entity/Q117834758,Pier Francesco Foschi (maschio)
http://www.wikidata.org/entity/Q117834806,Pier Francesco Foschi (maschio)
http://www.wikidata.org/entity/Q117834885,Agnolo Bronzino (maschio)
http://www.wikidata.org/entity/Q117848663,Francesco Salviati (maschio); Carlo Portelli (maschio)
http://www.wikidata.org/entity/Q117848804,Antonio di Donnino di Domenico (maschio)
http://www.wikidata.org/entity/Q117848843,Battista Franco (maschio)
http://www.wikidata.org/entity/Q117848873,Agnolo Bronzino (maschio)
http://www.wikidata.org/entity/Q117849453,Jacone (maschio)
http://www.wikidata.org/entity/Q117849868,Jacone (maschio)
http://www.wikidata.org/entity/Q117850467,Jacone (maschio)
http://www.wikidata.org/entity/Q117949491,Giovanni Antonio Sogliani (maschio)
http://www.wikidata.org/entity/Q117950829,Il Bacchiacca (maschio)
http://www.wikidata.org/entity/Q118121260,Scipione Pulzone (maschio)
http://www.wikidata.org/entity/Q118138029,Giovanni Domenico Porta (maschio)
http://www.wikidata.org/entity/Q118140584,Philip de László (maschio)
http://www.wikidata.org/entity/Q118273001,Paolo Gerolamo Brusco (maschio)
http://www.wikidata.org/entity/Q118277328,Andrea Semino (maschio)
http://www.wikidata.org/entity/Q118287906,Francesco Fracanzano (maschio)
http://www.wikidata.org/entity/Q118368958,Francesco Salviati (maschio)
http://www.wikidata.org/entity/Q118383381,Augusto Bastianini (maschio)
http://www.wikidata.org/entity/Q118383458,Augusto Bastianini (maschio)
http://www.wikidata.org/entity/Q118384137,Augusto Bastianini (maschio)
http://www.wikidata.org/entity/Q118398891,Lorenzo Costa (maschio)
http://www.wikidata.org/entity/Q118399101,Lorenzo Costa (maschio)
http://www.wikidata.org/entity/Q118522639,Francesco Salviati (maschio)
http://www.wikidata.org/entity/Q118522898,Francesco Salviati (maschio)
http://www.wikidata.org/entity/Q118590751,Francesco Salviati (maschio)
http://www.wikidata.org/entity/Q118601577,Iacopino del Conte (maschio)
http://www.wikidata.org/entity/Q118605466,Bartolomeo della Gatta (maschio)
http://www.wikidata.org/entity/Q118606399,Bartolomeo della Gatta (maschio)
http://www.wikidata.org/entity/Q118611138,Domenico Ghirlandaio (maschio)
http://www.wikidata.org/entity/Q118641092,Giorgio Vasari (maschio)
http://www.wikidata.org/entity/Q118675903,Domenico Ghirlandaio (maschio)
http://www.wikidata.org/entity/Q118678052,Pedro de Rubiales (maschio)
http://www.wikidata.org/entity/Q118680631,Francesco Vecellio (maschio)
http://www.wikidata.org/entity/Q118724762,Giuseppe Porta (maschio)
http://www.wikidata.org/entity/Q118725088,Giuseppe Porta (maschio)
http://www.wikidata.org/entity/Q118725638,Giuseppe Porta (maschio)
http://www.wikidata.org/entity/Q118822913,Cosimo Rosselli (maschio)
http://www.wikidata.org/entity/Q118835177,Taddeo Zuccari (maschio)
http://www.wikidata.org/entity/Q118868275,Francesco Salviati (maschio)
http://www.wikidata.org/entity/Q118869818,Domenico Ghirlandaio (maschio)
http://www.wikidata.org/entity/Q118873919,Sandro Botticelli (maschio); Piero del Pollaiolo (maschio)
http://www.wikidata.org/entity/Q118898180,Andrea Previtali (maschio)
http://www.wikidata.org/entity/Q118905108,Taddeo Zuccari (maschio)
http://www.wikidata.org/entity/Q118978047,Iacopino del Conte (maschio)
http://www.wikidata.org/entity/Q119008888,Iacopino del Conte (maschio)
http://www.wikidata.org/entity/Q119010849,Federico Zuccari (maschio)
http://www.wikidata.org/entity/Q119164762,Alessandro Allori (maschio)
http://www.wikidata.org/entity/Q119169372,Alessandro Lanfredini (maschio)
http://www.wikidata.org/entity/Q119292565,Perugino (maschio)
http://www.wikidata.org/entity/Q119353076,Andrea Mantegna (maschio)
http://www.wikidata.org/entity/Q119398059,Thomas Lawrence (maschio)
http://www.wikidata.org/entity/Q119404568,Federico Zuccari (maschio)
http://www.wikidata.org/entity/Q119443390,Filippino Lippi (maschio)
http://www.wikidata.org/entity/Q119443609,Filippino Lippi (maschio)
http://www.wikidata.org/entity/Q119493466,Pinturicchio (maschio)
http://www.wikidata.org/entity/Q119496040,Giovanni Maria Morandi (maschio)
http://www.wikidata.org/entity/Q119574411,Alesso Baldovinetti (maschio)
http://www.wikidata.org/entity/Q119702756,Francesco Alberi (maschio)
http://www.wikidata.org/entity/Q119819515,Francesco Francia (maschio)
http://www.wikidata.org/entity/Q119846277,Francesco Francia (maschio)
http://www.wikidata.org/entity/Q120311223,Perugino (maschio)
http://www.wikidata.org/entity/Q120317949,Perugino (maschio)
http://www.wikidata.org/entity/Q120401056,Agnolo Bronzino (maschio)
http://www.wikidata.org/entity/Q120488471,Vittore Carpaccio (maschio)
http://www.wikidata.org/entity/Q120488611,Vittore Carpaccio (maschio)
http://www.wikidata.org/entity/Q115431741,Cristofano dell'Altissimo (maschio)
http://www.wikidata.org/entity/Q115434462,Sebastiano del Piombo (maschio)
http://www.wikidata.org/entity/Q115452504,Andrea Lilli (maschio)
http://www.wikidata.org/entity/Q115470798,Giorgio Vasari (maschio)
http://www.wikidata.org/entity/Q115484898,Niccolò Ricciolini (maschio)
http://www.wikidata.org/entity/Q115512129,Niccolò Ricciolini (maschio)
http://www.wikidata.org/entity/Q115522910,Niccolò Ricciolini (maschio)
http://www.wikidata.org/entity/Q115555506,Niccolò Ricciolini (maschio)
http://www.wikidata.org/entity/Q115589005,Bergognone (maschio)
http://www.wikidata.org/entity/Q115652286,Sandro Botticelli (maschio)
http://www.wikidata.org/entity/Q115669298,Angelo Caroselli (maschio)
http://www.wikidata.org/entity/Q115680005,Fra Bartolomeo (maschio)
http://www.wikidata.org/entity/Q115707472,Giuseppe Frascaroli (maschio)
http://www.wikidata.org/entity/Q115727218,Salvator Rosa (maschio)
http://www.wikidata.org/entity/Q115770576,Guglielmo De Sanctis (maschio)
http://www.wikidata.org/entity/Q115776591,Nicolaos Tzafouris (maschio)
http://www.wikidata.org/entity/Q115787659,Tiziano Vecellio (maschio)
http://www.wikidata.org/entity/Q115788237,Giovanni Fattori (maschio)
http://www.wikidata.org/entity/Q115796466,Federico Barocci (maschio)
http://www.wikidata.org/entity/Q115798316,Prospero Fontana (maschio)
http://www.wikidata.org/entity/Q115821855,Federico Barocci (maschio)
http://www.wikidata.org/entity/Q115821974,Federico Barocci (maschio)
http://www.wikidata.org/entity/Q115839852,Federico Barocci (maschio)
http://www.wikidata.org/entity/Q115862528,Ercole Graziani (maschio)
http://www.wikidata.org/entity/Q115863339,Passignano (maschio)
http://www.wikidata.org/entity/Q116259243,Giovanni Boldini (maschio)
http://www.wikidata.org/entity/Q116259790,Giovanni Boldini (maschio)
http://www.wikidata.org/entity/Q116270130,Alessandro Varotari (maschio)
http://www.wikidata.org/entity/Q116414251,Philip de László (maschio)
http://www.wikidata.org/entity/Q116734952,Carlo Bonatto Minella (maschio)
http://www.wikidata.org/entity/Q116771349,Sebastiano Ricci (maschio)
http://www.wikidata.org/entity/Q116771885,Jacopo Tintoretto (maschio); Domenico Robusti (maschio)
http://www.wikidata.org/entity/Q116772186,Pedro Berruguete (maschio); Giusto di Gand (maschio)
http://www.wikidata.org/entity/Q116779908,Jacopo Bassano (maschio)
http://www.wikidata.org/entity/Q116780072,Jacopo Tintoretto (maschio)
http://www.wikidata.org/entity/Q116780670,Adeodato Malatesta (maschio)
http://www.wikidata.org/entity/Q116786123,Gaspare Mattioli (maschio)
http://www.wikidata.org/entity/Q116802769,Leandro Bassano (maschio)
http://www.wikidata.org/entity/Q116804064,Jacopo Palma il Giovane (maschio); Giuseppe Porta (maschio)
http://www.wikidata.org/entity/Q116804839,Domenico Robusti (maschio)
http://www.wikidata.org/entity/Q116805369,Domenico Robusti (maschio)
http://www.wikidata.org/entity/Q116806301,Matteo Ponzone (maschio)
http://www.wikidata.org/entity/Q116807092,Vittore Carpaccio (maschio)
http://www.wikidata.org/entity/Q116875391,Pontormo (maschio)
http://www.wikidata.org/entity/Q116912669,Justus Sustermans (maschio)
http://www.wikidata.org/entity/Q116912674,Gerard van Honthorst (maschio)
http://www.wikidata.org/entity/Q116912676,Cristofano dell'Altissimo (maschio)
http://www.wikidata.org/entity/Q116912704,Juan Bautista Martínez del Mazo (maschio)
http://www.wikidata.org/entity/Q116912709,Hyacinthe Rigaud (maschio)
http://www.wikidata.org/entity/Q116912724,Gerard van Honthorst (maschio)
http://www.wikidata.org/entity/Q116920763,Maestro di Badia a Isola (maschio)
http://www.wikidata.org/entity/Q116920783,Philip de László (maschio)
http://www.wikidata.org/entity/Q116938047,Beato Angelico (maschio)
http://www.wikidata.org/entity/Q116943395,Maestro di Santa Maria Primerana (maschio)
http://www.wikidata.org/entity/Q116943590,Niccolò di Segna (maschio)
http://www.wikidata.org/entity/Q116943795,Maestro del Polittico della Cappella Medici (maschio)
http://www.wikidata.org/entity/Q116944959,Taddeo Gaddi (maschio)
http://www.wikidata.org/entity/Q116944960,Taddeo Gaddi (maschio)
http://www.wikidata.org/entity/Q116945667,Bernardo Daddi (maschio)
http://www.wikidata.org/entity/Q116955599,Taddeo Gaddi (maschio)
http://www.wikidata.org/entity/Q116957155,Francesco di Neri da Volterra (maschio)
http://www.wikidata.org/entity/Q116968267,Guariento di Arpo (maschio)
http://www.wikidata.org/entity/Q116984810,Lorenzo di Niccolò di Martino (maschio)
http://www.wikidata.org/entity/Q116984873,Sassetta (maschio)
http://www.wikidata.org/entity/Q116985089,Sassetta (maschio)
http://www.wikidata.org/entity/Q116985263,Sano di Pietro (maschio)
http://www.wikidata.org/entity/Q116985325,Vecchietta (maschio)
http://www.wikidata.org/entity/Q116985346,Luca Signorelli (maschio)
http://www.wikidata.org/entity/Q116989564,Michele Ciampanti (maschio)
http://www.wikidata.org/entity/Q116990427,Domenico Ghirlandaio (maschio); Sebastiano Mainardi (maschio)
http://www.wikidata.org/entity/Q116991105,Piero di Cosimo (maschio)
http://www.wikidata.org/entity/Q116991906,Piero di Cosimo (maschio)
http://www.wikidata.org/entity/Q116992418,Cosmè Tura (maschio)
http://www.wikidata.org/entity/Q116993372,Ercole de' Roberti (maschio)
http://www.wikidata.org/entity/Q116993384,Ercole de' Roberti (maschio)
http://www.wikidata.org/entity/Q116993417,Ercole de' Roberti (maschio)
http://www.wikidata.org/entity/Q116994722,Lorenzo Costa (maschio)
http://www.wikidata.org/entity/Q116994793,Ludovico Mazzolino (maschio)
http://www.wikidata.org/entity/Q116995512,Battista Dossi (maschio)
http://www.wikidata.org/entity/Q117005860,Francesco del Prato (maschio)
http://www.wikidata.org/entity/Q117005926,Lorenzo Tiepolo (maschio)
http://www.wikidata.org/entity/Q117005980,Giambattista Tiepolo (maschio)
http://www.wikidata.org/entity/Q117023915,Defendente Ferrari (maschio)
http://www.wikidata.org/entity/Q117024956,Agostino Ratti (maschio)
http://www.wikidata.org/entity/Q117034670,Maestro del Bigallo (maschio)
http://www.wikidata.org/entity/Q117034906,Maestro del Trittico Horne (maschio)
http://www.wikidata.org/entity/Q117034996,Bartolomeo di Fruosino (maschio)
http://www.wikidata.org/entity/Q117035037,Pietro di Giovanni d'Ambrogio (maschio)
http://www.wikidata.org/entity/Q117035093,Matteo di Giovanni (maschio)
http://www.wikidata.org/entity/Q117040607,Michele Pannonio (maschio)
http://www.wikidata.org/entity/Q117041748,Marco Zoppo (maschio)
http://www.wikidata.org/entity/Q117041785,Antonio Semino (maschio)
http://www.wikidata.org/entity/Q117042320,Giovanni Battista Cavalletto (maschio)
http://www.wikidata.org/entity/Q117042984,Ludovico Mazzolino (maschio)
http://www.wikidata.org/entity/Q117043824,Ortolano (maschio)
http://www.wikidata.org/entity/Q117044144,Teramo Piaggio (maschio)
http://www.wikidata.org/entity/Q117051271,Orazio Borgianni (maschio)
http://www.wikidata.org/entity/Q117051307,Bernardo Castello (maschio)
http://www.wikidata.org/entity/Q117051343,Bernardo Castello (maschio)
http://www.wikidata.org/entity/Q117051893,Domenichino (maschio)
http://www.wikidata.org/entity/Q79026167,Giovanni Battista Pittoni (maschio)
http://www.wikidata.org/entity/Q79151177,Franz Xaver Winterhalter (maschio)
http://www.wikidata.org/entity/Q79859145,Cristofano dell'Altissimo (maschio)
http://www.wikidata.org/entity/Q80824471,Baldassarre d'Este (maschio)
http://www.wikidata.org/entity/Q81089309,Ludovico Mazzolino (maschio)
http://www.wikidata.org/entity/Q86674601,Tiziano Vecellio (maschio)
http://www.wikidata.org/entity/Q87469267,Bicci di Lorenzo (maschio)
http://www.wikidata.org/entity/Q88164010,Antoon van Dyck (maschio)
http://www.wikidata.org/entity/Q88416397,Jacopo Tintoretto (maschio)
http://www.wikidata.org/entity/Q89034154,Antoon van Dyck (maschio)
http://www.wikidata.org/entity/Q89035643,Antoon van Dyck (maschio)
http://www.wikidata.org/entity/Q89039593,Antoon van Dyck (maschio)
http://www.wikidata.org/entity/Q89697566,Antoon van Dyck (maschio)
http://www.wikidata.org/entity/Q90291195,Antoon van Dyck (maschio)
http://www.wikidata.org/entity/Q93520523,Biagio Bellotti (maschio)
http://www.wikidata.org/entity/Q93631317,Ambrogio Bellotti (maschio)
http://www.wikidata.org/entity/Q94634547,Cesare Fiori (maschio)
http://www.wikidata.org/entity/Q94636244,Ambrogio Figino (maschio)
http://www.wikidata.org/entity/Q96025421,Francesco Salemi (maschio); Francesco Salviati (maschio)
http://www.wikidata.org/entity/Q96192148,Francesco Filippini (maschio)
http://www.wikidata.org/entity/Q97065805,Bernardino Campi (maschio)
http://www.wikidata.org/entity/Q97463134,Francesco Palvisino (maschio)
http://www.wikidata.org/entity/Q97933450,Carlo Dolci (maschio)
http://www.wikidata.org/entity/Q98545387,Jusepe de Ribera (maschio)
http://www.wikidata.org/entity/Q98925578,Enrico Crespi (maschio)
http://www.wikidata.org/entity/Q98925663,Enrico Crespi (maschio)
http://www.wikidata.org/entity/Q99323182,Carlo Frithjof Smith (maschio)
http://www.wikidata.org/entity/Q99937752,Gino Severini (maschio)
http://www.wikidata.org/entity/Q100273549,Clemente Alberi (maschio)
http://www.wikidata.org/entity/Q100502707,Clemente Alberi (maschio)
http://www.wikidata.org/entity/Q101853163,Ercole Ramazzani (maschio)
http://www.wikidata.org/entity/Q101984696,Ercole Ramazzani (maschio)
http://www.wikidata.org/entity/Q103823905,Raffaello Sanzio (maschio)
http://www.wikidata.org/entity/Q103847443,Allegretto Nuzi (maschio)
http://www.wikidata.org/entity/Q103884105,Jacopo Ligozzi (maschio)
http://www.wikidata.org/entity/Q104117302,Marco Cardisco (maschio)
http://www.wikidata.org/entity/Q104832804,Vittore Carpaccio (maschio)
http://www.wikidata.org/entity/Q104902739,Emilio Magistretti (maschio)
http://www.wikidata.org/entity/Q104963266,Francesco Morone (maschio)
http://www.wikidata.org/entity/Q104966980,Giuseppe Abbati (maschio)
http://www.wikidata.org/entity/Q104999859,Mosè Bianchi (maschio)
http://www.wikidata.org/entity/Q105001687,Francesco Hayez (maschio)
http://www.wikidata.org/entity/Q105001950,Francesco Hayez (maschio)
http://www.wikidata.org/entity/Q105005172,Antonio Pasinetti (maschio)
http://www.wikidata.org/entity/Q105010125,Giulio Rossi (maschio)
http://www.wikidata.org/entity/Q105010402,Aldo Raimondi (maschio)
http://www.wikidata.org/entity/Q105025725,Rutilio Manetti (maschio)
http://www.wikidata.org/entity/Q105070713,Luigi Zago (maschio)
http://www.wikidata.org/entity/Q105544193,Girolamo Imparato (maschio)
http://www.wikidata.org/entity/Q105754329,Vittore Carpaccio (maschio)
http://www.wikidata.org/entity/Q105760555,Giuseppe Zais (maschio)
http://www.wikidata.org/entity/Q105773240,Perin del Vaga (maschio)
http://www.wikidata.org/entity/Q105882065,Francesco De Mura (maschio)
http://www.wikidata.org/entity/Q105906293,Ippolito Caffi (maschio)
http://www.wikidata.org/entity/Q105942793,Niccolò de Simone (maschio)
http://www.wikidata.org/entity/Q105942808,Leonardo Castellano (maschio)
http://www.wikidata.org/entity/Q106172341,Henriette Lorimier (femmina)
http://www.wikidata.org/entity/Q106547526,Giuseppe Amisani (maschio)
http://www.wikidata.org/entity/Q106570155,Jeanne-Elisabeth Chaudet (femmina)
http://www.wikidata.org/entity/Q106575251,Andrea del Sarto (maschio)
http://www.wikidata.org/entity/Q106649932,Tiziano Vecellio (maschio)
http://www.wikidata.org/entity/Q106684238,Tiziano Vecellio (maschio)
http://www.wikidata.org/entity/Q106766906,Tiziano Vecellio (maschio)
http://www.wikidata.org/entity/Q106766907,Tiziano Vecellio (maschio)
http://www.wikidata.org/entity/Q106857023,Jacopo Palma il Giovane (maschio)
http://www.wikidata.org/entity/Q106863540,Battista Dossi (maschio)
http://www.wikidata.org/entity/Q107132227,Adriaen van der Werff (maschio)
http://www.wikidata.org/entity/Q107171794,Louis Gauffier (maschio)
http://www.wikidata.org/entity/Q107254346,Hyacinthe Rigaud (maschio)
http://www.wikidata.org/entity/Q107273576,Andrea del Sarto (maschio)
http://www.wikidata.org/entity/Q107311733,Innocenzo Ansaldi (maschio)
http://www.wikidata.org/entity/Q107440131,Sebastiano Mazzoni (maschio)
http://www.wikidata.org/entity/Q107467842,Pietro della Vecchia (maschio)
http://www.wikidata.org/entity/Q107496570,Antoine Cécile Hortense Haudebourt-Lescot (femmina)
http://www.wikidata.org/entity/Q107522400,Umberto Boccioni (maschio)
http://www.wikidata.org/entity/Q107720702,Giovanni Fattori (maschio)
http://www.wikidata.org/entity/Q108123187,Jacopo Zucchi (maschio)
http://www.wikidata.org/entity/Q108123188,Jacopo Zucchi (maschio)
http://www.wikidata.org/entity/Q108292260,Alessandro Allori (maschio)
http://www.wikidata.org/entity/Q108314527,Agnolo Bronzino (maschio)
http://www.wikidata.org/entity/Q108335985,Tiziano Vecellio (maschio)
http://www.wikidata.org/entity/Q108584832,Spinello Aretino (maschio)
http://www.wikidata.org/entity/Q108783372,Giacomo Raibolini (maschio)
http://www.wikidata.org/entity/Q108799898,Margaritone d'Arezzo (maschio)
http://www.wikidata.org/entity/Q108900483,Pietro Lorenzetti (maschio)
http://www.wikidata.org/entity/Q108917715,Antonio Rotta (maschio)
http://www.wikidata.org/entity/Q108917736,Antonio Rotta (maschio)
http://www.wikidata.org/entity/Q108921968,Francesco Podesti (maschio)
http://www.wikidata.org/entity/Q108922744,Francesco Podesti (maschio)
http://www.wikidata.org/entity/Q109798688,Justus Sustermans (maschio)
http://www.wikidata.org/entity/Q109913006,Giuseppe Amisani (maschio)
http://www.wikidata.org/entity/Q109913050,Giuseppe Amisani (maschio)
http://www.wikidata.org/entity/Q109914012,Giuseppe Amisani (maschio)
http://www.wikidata.org/entity/Q109928591,Jacopo Palma il Vecchio (maschio); Tiziano Vecellio (maschio)
http://www.wikidata.org/entity/Q109937746,Giuseppe De Nittis (maschio)
http://www.wikidata.org/entity/Q110009768,Adriano Gajoni (maschio)
http://www.wikidata.org/entity/Q110015681,Agnolo Bronzino (maschio)
http://www.wikidata.org/entity/Q110039871,Luigi Bechi (maschio)
http://www.wikidata.org/entity/Q110062892,Antonio Mancini (maschio)
http://www.wikidata.org/entity/Q110227186,Antonio Balestra (maschio)
http://www.wikidata.org/entity/Q131604610,Domenico Beccafumi (maschio)
http://www.wikidata.org/entity/Q131613578,Paolo Veronese (maschio)
http://www.wikidata.org/entity/Q131613579,Tiziano Vecellio (maschio)
http://www.wikidata.org/entity/Q131613581,Guido Reni (maschio)
http://www.wikidata.org/entity/Q131613590,Pietro Longhi (maschio)
http://www.wikidata.org/entity/Q131613591,Marco Vinicio Carelli (maschio)
http://www.wikidata.org/entity/Q131613594,Franco Benevelli (maschio)
http://www.wikidata.org/entity/Q131613593,Luigi Montanarini (maschio)
http://www.wikidata.org/entity/Q131613596,Gianni Dova (maschio)
http://www.wikidata.org/entity/Q131613597,Aligi Sassu (maschio)
http://www.wikidata.org/entity/Q131613607,Luca Campano (maschio)
http://www.wikidata.org/entity/Q131613605,Fiorenzo Tomea (maschio)
http://www.wikidata.org/entity/Q131613610,Enzo Morelli (maschio)
http://www.wikidata.org/entity/Q131613608,Pier Ceresa (maschio)
http://www.wikidata.org/entity/Q131613615,Luigi Vittorio Lotesto (maschio)
http://www.wikidata.org/entity/Q131613627,Vittore Frattini (maschio)
http://www.wikidata.org/entity/Q131613630,Gianfranco Goberti (maschio)
http://www.wikidata.org/entity/Q131613631,Paolo Veronese (maschio)
http://www.wikidata.org/entity/Q131613629,Riccardo Trapani (maschio)
http://www.wikidata.org/entity/Q131613632,Raffaello Sanzio (maschio)
http://www.wikidata.org/entity/Q131613648,Giovanni Fattori (maschio)
http://www.wikidata.org/entity/Q131613655,Giacomo Grosso (maschio)
http://www.wikidata.org/entity/Q131613659,Giuseppe De Luca (maschio)
http://www.wikidata.org/entity/Q131613657,William Ottolini (maschio)
http://www.wikidata.org/entity/Q131613675,Jacob Ferdinand Voet (maschio)
http://www.wikidata.org/entity/Q131613679,Franco Ruspetti (maschio)
http://www.wikidata.org/entity/Q131613676,Guido Reni (maschio)
http://www.wikidata.org/entity/Q131613680,Giovanni Segantini (maschio)
http://www.wikidata.org/entity/Q131613706,Francesco Paolo Michetti (maschio)
http://www.wikidata.org/entity/Q131613704,Gioxe De Micheli (maschio)
http://www.wikidata.org/entity/Q131613705,Sante Monachesi (maschio)
http://www.wikidata.org/entity/Q131613711,Giovanni Segantini (maschio)
http://www.wikidata.org/entity/Q131613714,Giovanni Fattori (maschio)
http://www.wikidata.org/entity/Q131613715,Eugenio Tomiolo (maschio)
http://www.wikidata.org/entity/Q131613713,Giovanni Segantini (maschio)
http://www.wikidata.org/entity/Q131613716,Giovanni Fattori (maschio)
http://www.wikidata.org/entity/Q131613717,Giovanni Fattori (maschio)
http://www.wikidata.org/entity/Q131613722,Giovanni Segantini (maschio)
http://www.wikidata.org/entity/Q131613723,Giovanni Segantini (maschio)
http://www.wikidata.org/entity/Q131613721,Innocente Salvini (maschio)
http://www.wikidata.org/entity/Q131613731,Franciabigio (maschio)
http://www.wikidata.org/entity/Q131613729,Évariste Carpentier (maschio)
http://www.wikidata.org/entity/Q131613734,Perugino (maschio)
http://www.wikidata.org/entity/Q131613732,Jacopo Bellini (maschio)
http://www.wikidata.org/entity/Q131613739,Achille Funi (maschio)
http://www.wikidata.org/entity/Q131613742,Lorenzo Monaco (maschio)
http://www.wikidata.org/entity/Q131613740,Raffaello Sanzio (maschio)
http://www.wikidata.org/entity/Q131613741,Ercole de' Roberti (maschio)
http://www.wikidata.org/entity/Q131613746,Perin del Vaga (maschio)
http://www.wikidata.org/entity/Q131613745,Cristoforo De Amicis (maschio)
http://www.wikidata.org/entity/Q131613748,Umberto Faini (maschio)
http://www.wikidata.org/entity/Q131613786,Tiziano Vecellio (maschio)
http://www.wikidata.org/entity/Q131613787,Bruno Saetti (maschio)
http://www.wikidata.org/entity/Q131613784,Giovanni Fattori (maschio)
http://www.wikidata.org/entity/Q131613785,Guercino (maschio)
http://www.wikidata.org/entity/Q131613797,Luca Campano (maschio)
http://www.wikidata.org/entity/Q131613820,Giovanni Segantini (maschio)
http://www.wikidata.org/entity/Q131613821,Giovanni Segantini (maschio)
http://www.wikidata.org/entity/Q131613826,Nicolò dell'Abate (maschio)
http://www.wikidata.org/entity/Q131613825,Lorenzo Monaco (maschio)
http://www.wikidata.org/entity/Q131613832,Duccio di Buoninsegna (maschio)
http://www.wikidata.org/entity/Q131613833,Il Sodoma (maschio)
http://www.wikidata.org/entity/Q131613868,Niccolò Cassana (maschio)
http://www.wikidata.org/entity/Q131613875,"Massimo ""Antime"" Parietti (maschio)"
http://www.wikidata.org/entity/Q131613879,Augusto Alvini (maschio)
http://www.wikidata.org/entity/Q131613880,Giovanni Brancaccio (maschio)
http://www.wikidata.org/entity/Q131613890,Giovanni Fattori (maschio)
http://www.wikidata.org/entity/Q131613891,Jacopo Tintoretto (maschio)
http://www.wikidata.org/entity/Q131613888,Domenico Fiasella (maschio)
http://www.wikidata.org/entity/Q131613892,Francesco Hayez (maschio)
http://www.wikidata.org/entity/Q131613900,Caravaggio (maschio)
http://www.wikidata.org/entity/Q131613901,Raffaello Sanzio (maschio)
http://www.wikidata.org/entity/Q131613904,Guido Reni (maschio)
http://www.wikidata.org/entity/Q131613905,Liborio Coccetti (maschio)
http://www.wikidata.org/entity/Q131613914,Tiziano Vecellio (maschio)
http://www.wikidata.org/entity/Q131613915,Tiziano Vecellio (maschio)
http://www.wikidata.org/entity/Q131613912,Gianfilippo Usellini (maschio)
http://www.wikidata.org/entity/Q131613913,Tiziano Vecellio (maschio)
http://www.wikidata.org/entity/Q131613916,Tiziano Vecellio (maschio)
http://www.wikidata.org/entity/Q131613917,Umberto Boccioni (maschio)
http://www.wikidata.org/entity/Q131613922,Giacomo Ceruti (maschio)
http://www.wikidata.org/entity/Q131613926,Tommaso da Modena (maschio)
http://www.wikidata.org/entity/Q131613927,Tommaso da Modena (maschio)
http://www.wikidata.org/entity/Q131613924,Il Sodoma (maschio)
http://www.wikidata.org/entity/Q131613925,Tommaso da Modena (maschio)
http://www.wikidata.org/entity/Q131613930,Tommaso da Modena (maschio)
http://www.wikidata.org/entity/Q131613928,Tommaso da Modena (maschio)
http://www.wikidata.org/entity/Q131613929,Tommaso da Modena (maschio)
http://www.wikidata.org/entity/Q131613939,Jacopo del Casentino (maschio)
http://www.wikidata.org/entity/Q131613968,Gaetano Previati (maschio)
http://www.wikidata.org/entity/Q131613974,Giacomo Grosso (maschio)
http://www.wikidata.org/entity/Q131613982,Giovanni Fattori (maschio)
http://www.wikidata.org/entity/Q131613980,Franco Benevelli (maschio)
http://www.wikidata.org/entity/Q131617883,Volterrano (maschio)
http://www.wikidata.org/entity/Q131617881,Volterrano (maschio)
http://www.wikidata.org/entity/Q131617885,Perin del Vaga (maschio)
http://www.wikidata.org/entity/Q131617890,Volterrano (maschio)
http://www.wikidata.org/entity/Q131617895,Volterrano (maschio)
http://www.wikidata.org/entity/Q131617893,Francesco Hayez (maschio)
http://www.wikidata.org/entity/Q131617898,Volterrano (maschio)
http://www.wikidata.org/entity/Q131450118,Giorgio Vasari (maschio)
http://www.wikidata.org/entity/Q131450119,Ercole de' Roberti (maschio)
http://www.wikidata.org/entity/Q131450116,Andrea del Sarto (maschio)
http://www.wikidata.org/entity/Q131450122,Neri di Bicci (maschio)
http://www.wikidata.org/entity/Q131450123,Giovanni dal Ponte (maschio)
http://www.wikidata.org/entity/Q131450120,Giovanni Angelo d'Antonio (maschio)
http://www.wikidata.org/entity/Q131450126,Melozzo da Forlì (maschio); Antoniazzo Romano (maschio)
http://www.wikidata.org/entity/Q131450127,Antoniazzo Romano (maschio)
http://www.wikidata.org/entity/Q131450124,Giovanni Santi (maschio)
http://www.wikidata.org/entity/Q131450125,Girolamo Dente (maschio)
http://www.wikidata.org/entity/Q131450132,Paolo Veronese (maschio)
http://www.wikidata.org/entity/Q131450133,Teramo Piaggio (maschio)
http://www.wikidata.org/entity/Q131450142,Perugino (maschio)
http://www.wikidata.org/entity/Q131450146,Giovanni Benedetto Castiglione (maschio)
http://www.wikidata.org/entity/Q131450144,Beato Angelico (maschio)
http://www.wikidata.org/entity/Q131450145,Federico Tedesco (maschio)
http://www.wikidata.org/entity/Q131450151,Beato Angelico (maschio)
http://www.wikidata.org/entity/Q131450148,Domenico Beccafumi (maschio)
http://www.wikidata.org/entity/Q131450149,Giovanni Battista Naldini (maschio)
http://www.wikidata.org/entity/Q131450152,Girolamo Marchesi (maschio)
http://www.wikidata.org/entity/Q131450161,Antonello da Messina (maschio)
http://www.wikidata.org/entity/Q131463514,Agnolo Bronzino (maschio)
http://www.wikidata.org/entity/Q131501600,Anton Domenico Gabbiani (maschio)
http://www.wikidata.org/entity/Q131501606,Serafino de' Serafini (maschio)
http://www.wikidata.org/entity/Q131501607,Matteo di Giovanni (maschio)
http://www.wikidata.org/entity/Q131501608,Giovanni di Paolo (maschio); Matteo di Giovanni (maschio)
http://www.wikidata.org/entity/Q131501614,Sebastiano Filippi (maschio)
http://www.wikidata.org/entity/Q131501612,Annibale Carracci (maschio)
http://www.wikidata.org/entity/Q131501619,Daniele da Volterra (maschio)
http://www.wikidata.org/entity/Q131501617,Carlo Bononi (maschio)
http://www.wikidata.org/entity/Q131501620,Giuseppe Bezzuoli (maschio)
http://www.wikidata.org/entity/Q131501633,Alessandro Gherardini (maschio)
http://www.wikidata.org/entity/Q131501639,Vitale da Bologna (maschio)
http://www.wikidata.org/entity/Q131501643,Vittore Crivelli (maschio)
http://www.wikidata.org/entity/Q131501646,Cosimo Rosselli (maschio)
http://www.wikidata.org/entity/Q131501645,Cavalier d'Arpino (maschio)
http://www.wikidata.org/entity/Q131501651,Neri di Bicci (maschio)
http://www.wikidata.org/entity/Q131501649,Giovanni del Biondo (maschio)
http://www.wikidata.org/entity/Q131501655,Neri di Bicci (maschio)
http://www.wikidata.org/entity/Q131501653,Neri di Bicci (maschio)
http://www.wikidata.org/entity/Q131501658,Lorenzo d'Alessandro (maschio)
http://www.wikidata.org/entity/Q131501663,Michele Coltellini (maschio)
http://www.wikidata.org/entity/Q131501661,Ortolano (maschio)
http://www.wikidata.org/entity/Q131501666,Jacopo Palma il Giovane (maschio)
http://www.wikidata.org/entity/Q131501667,Taddeo di Bartolo (maschio)
http://www.wikidata.org/entity/Q131501671,Gentile da Fabriano (maschio)
http://www.wikidata.org/entity/Q131501672,Bartolomeo Vivarini (maschio); Antonio Vivarini (maschio)
http://www.wikidata.org/entity/Q131501678,Guido Reni (maschio)
http://www.wikidata.org/entity/Q131501683,Peter Paul Rubens (maschio)
http://www.wikidata.org/entity/Q131501690,Niccolò Circignani (maschio)
http://www.wikidata.org/entity/Q131501691,Giovanni Battista Salvi (maschio)
http://www.wikidata.org/entity/Q131501711,Rosso Fiorentino (maschio)
http://www.wikidata.org/entity/Q131501724,Gregorio di Cecco (maschio)
http://www.wikidata.org/entity/Q131501744,Sassetta (maschio)
http://www.wikidata.org/entity/Q131501750,Antonio Vivarini (maschio)
http://www.wikidata.org/entity/Q131501755,Pietro Lorenzetti (maschio)
http://www.wikidata.org/entity/Q131501753,Barnaba da Modena (maschio)
http://www.wikidata.org/entity/Q131501756,Lippo Memmi (maschio)
http://www.wikidata.org/entity/Q131501763,Francesco Traini (maschio)
http://www.wikidata.org/entity/Q131501770,Giovanni da Milano (maschio)
http://www.wikidata.org/entity/Q131501775,Daniele da Volterra (maschio)
http://www.wikidata.org/entity/Q131501773,Giovanni Andrea Sirani (maschio)
http://www.wikidata.org/entity/Q131501784,Andrea di Giusto (maschio)
http://www.wikidata.org/entity/Q131501791,Giuseppe Angeli (maschio)
http://www.wikidata.org/entity/Q131501788,Pietro di Miniato (maschio)
http://www.wikidata.org/entity/Q131501793,Nicolò Alunno (maschio)
http://www.wikidata.org/entity/Q131501796,Giovannino Veneziano (maschio); Paolo Veneziano (maschio)
http://www.wikidata.org/entity/Q131501797,Vittore Crivelli (maschio)
http://www.wikidata.org/entity/Q131501800,Altichiero (maschio)
http://www.wikidata.org/entity/Q131501801,Giovanni del Biondo (maschio); Niccolò di Pietro Gerini (maschio)
http://www.wikidata.org/entity/Q131501805,Gaudenzio Ferrari (maschio)
http://www.wikidata.org/entity/Q131501811,Pietro Lorenzetti (maschio)
http://www.wikidata.org/entity/Q131501818,Lorenzo Veneziano (maschio)
http://www.wikidata.org/entity/Q131501816,Mariotto di Nardo (maschio)
http://www.wikidata.org/entity/Q131501821,Piero della Francesca (maschio); Domenico Veneziano (maschio); Alesso Baldovinetti (maschio); Andrea del Castagno (maschio); Andrea di Giusto (maschio)
http://www.wikidata.org/entity/Q131501826,Jacopo Tintoretto (maschio)
http://www.wikidata.org/entity/Q131501842,Michele Giambono (maschio)
http://www.wikidata.org/entity/Q131501847,Benvenuto Tisi da Garofalo (maschio)
http://www.wikidata.org/entity/Q131501852,Jacobello del Fiore (maschio)
http://www.wikidata.org/entity/Q131501859,Paolo da Visso (maschio)
http://www.wikidata.org/entity/Q131542580,Volterrano (maschio)
http://www.wikidata.org/entity/Q131542581,Ridolfo del Ghirlandaio (maschio)
http://www.wikidata.org/entity/Q131542585,Peter Paul Rubens (maschio)
http://www.wikidata.org/entity/Q131542596,Ambrogio Lorenzetti (maschio)
http://www.wikidata.org/entity/Q131542607,Maestro dei Crocifissi francescani (maschio); Jacopo di Paolo (maschio)
http://www.wikidata.org/entity/Q131542610,Giovanni Antonio Sogliani (maschio)
http://www.wikidata.org/entity/Q131542611,Bernardo Strozzi (maschio)
http://www.wikidata.org/entity/Q131542609,Giovanni Battista Pittoni (maschio)
http://www.wikidata.org/entity/Q131542614,Perugino (maschio)
http://www.wikidata.org/entity/Q131542615,Giuseppe Montanari (maschio)
http://www.wikidata.org/entity/Q131543603,Domenico Maria Canuti (maschio)
http://www.wikidata.org/entity/Q131543624,Jacopo Tintoretto (maschio)
http://www.wikidata.org/entity/Q131543631,Luca Longhi (maschio)
http://www.wikidata.org/entity/Q131543629,Luca Longhi (maschio)
http://www.wikidata.org/entity/Q131543651,Andrea Vicentino (maschio)
http://www.wikidata.org/entity/Q131543648,Francesco Albani (maschio)
http://www.wikidata.org/entity/Q131543655,Bernardo Daddi (maschio)
http://www.wikidata.org/entity/Q131543653,Giovanni da San Giovanni (maschio)
http://www.wikidata.org/entity/Q131543672,Caravaggio (maschio)
http://www.wikidata.org/entity/Q131546415,Lazzaro Bastiani (maschio)
http://www.wikidata.org/entity/Q120488851,Vittore Belliniano (maschio)
http://www.wikidata.org/entity/Q120489814,Luca Signorelli (maschio)
http://www.wikidata.org/entity/Q120598525,Francesco Maffei (maschio)
http://www.wikidata.org/entity/Q120598716,Bonifacio Veronese (maschio)
http://www.wikidata.org/entity/Q120766339,Scipione Pulzone (maschio)
http://www.wikidata.org/entity/Q120793977,Iacopino del Conte (maschio)
http://www.wikidata.org/entity/Q120884863,Marco Ricci (maschio)
http://www.wikidata.org/entity/Q120884895,Giovanni Antonio Fumiani (maschio)
http://www.wikidata.org/entity/Q120985002,Giovan Battista Gaulli (maschio)
http://www.wikidata.org/entity/Q121050640,Giulio Benso (maschio)
http://www.wikidata.org/entity/Q121064292,Giulio Benso (maschio)
http://www.wikidata.org/entity/Q121064630,Giulio Benso (maschio)
http://www.wikidata.org/entity/Q121065902,Giulio Benso (maschio)
http://www.wikidata.org/entity/Q121066043,Giulio Benso (maschio)
http://www.wikidata.org/entity/Q121450256,Cristofano dell'Altissimo (maschio)
http://www.wikidata.org/entity/Q121462678,Jan Frans van Douven (maschio)
http://www.wikidata.org/entity/Q121504941,Jan Matsys (maschio)
http://www.wikidata.org/entity/Q121546107,Antoon van Dyck (maschio)
http://www.wikidata.org/entity/Q121685223,Jacopo Tintoretto (maschio)
http://www.wikidata.org/entity/Q121689728,Raffaello Sanzio (maschio)
http://www.wikidata.org/entity/Q121692401,Jan Matsys (maschio)
http://www.wikidata.org/entity/Q121735048,Carlo Antonio Rambaldi (maschio)
http://www.wikidata.org/entity/Q121811406,Sforza Compagnoni (maschio)
http://www.wikidata.org/entity/Q121995915,Bartolomeo Nazari (maschio)
http://www.wikidata.org/entity/Q122227973,Pietro Longhi (maschio)
http://www.wikidata.org/entity/Q122615548,Elisabeth Chaplin (femmina)
http://www.wikidata.org/entity/Q122617360,Elisabeth Chaplin (femmina)
http://www.wikidata.org/entity/Q122730307,Pietro da Cortona (maschio)
http://www.wikidata.org/entity/Q122733370,Tiziano Vecellio (maschio)
http://www.wikidata.org/entity/Q122740583,Francesco Francia (maschio)
http://www.wikidata.org/entity/Q122912807,Mario Bacchelli (maschio)
http://www.wikidata.org/entity/Q122948136,Orazio Riminaldi (maschio)
http://www.wikidata.org/entity/Q122965388,Vittorio Matteo Corcos (maschio)
http://www.wikidata.org/entity/Q123036459,Giovanni Bernardo Carbone (maschio)
http://www.wikidata.org/entity/Q123052486,Antonio Rotta (maschio)
http://www.wikidata.org/entity/Q123052559,Antonio Rotta (maschio)
http://www.wikidata.org/entity/Q123055325,Pompeo Batoni (maschio)
http://www.wikidata.org/entity/Q123146252,Simone dei Crocifissi (maschio)
http://www.wikidata.org/entity/Q123178580,Luca Giordano (maschio)
http://www.wikidata.org/entity/Q123200931,Francesco Morone (maschio)
http://www.wikidata.org/entity/Q123200938,Francesco Morone (maschio)
http://www.wikidata.org/entity/Q123200940,Francesco Morone (maschio)
http://www.wikidata.org/entity/Q123201359,Fabio Cipolla (maschio)
http://www.wikidata.org/entity/Q123258249,Francesco Hayez (maschio)
http://www.wikidata.org/entity/Q123260093,Philip de László (maschio)
http://www.wikidata.org/entity/Q123301255,Ferdinando Cavalleri (maschio)
http://www.wikidata.org/entity/Q123313948,Giuseppe Sogni (maschio)
http://www.wikidata.org/entity/Q123314103,Giuseppe Sogni (maschio)
http://www.wikidata.org/entity/Q123328738,Carlo Ferrari (maschio)
http://www.wikidata.org/entity/Q123338940,Franz Xaver Winterhalter (maschio)
http://www.wikidata.org/entity/Q123375075,Cristofano dell'Altissimo (maschio)
http://www.wikidata.org/entity/Q123416410,Francesco Gioli (maschio)
http://www.wikidata.org/entity/Q123416461,Eugenio Cecconi (maschio)
http://www.wikidata.org/entity/Q123416548,Giovanni Fattori (maschio)
http://www.wikidata.org/entity/Q123416954,Giovanni Costa (maschio)
http://www.wikidata.org/entity/Q123416994,Pietro Senno (maschio)
http://www.wikidata.org/entity/Q123417018,Giacinto Gigante (maschio)
http://www.wikidata.org/entity/Q123418628,Pietro Senno (maschio)
http://www.wikidata.org/entity/Q123419057,Francesco Gioli (maschio)
http://www.wikidata.org/entity/Q123419096,Ruggero Panerai (maschio)
http://www.wikidata.org/entity/Q123419116,Ruggero Panerai (maschio)
http://www.wikidata.org/entity/Q123419220,Ruggero Panerai (maschio)
http://www.wikidata.org/entity/Q123419237,Adolfo Tommasi (maschio)
http://www.wikidata.org/entity/Q123419285,Silvestro Lega (maschio)
http://www.wikidata.org/entity/Q123419324,Angiolo Tommasi (maschio)
http://www.wikidata.org/entity/Q123419384,Niccolò Cannicci (maschio)
http://www.wikidata.org/entity/Q123419421,Luigi Gioli (maschio)
http://www.wikidata.org/entity/Q123422898,Tizianello (maschio)
http://www.wikidata.org/entity/Q123457362,Francesco Zuccarelli (maschio)
http://www.wikidata.org/entity/Q123457371,Giulia Lama (femmina)
http://www.wikidata.org/entity/Q123457388,Giuseppe Moretti (maschio); Giuseppe Maria Moretti (maschio)
http://www.wikidata.org/entity/Q123457393,Antonio Joli (maschio)
http://www.wikidata.org/entity/Q123457399,Rosalba Carriera (femmina)
http://www.wikidata.org/entity/Q123458625,Ferdinando Cavalleri (maschio)
http://www.wikidata.org/entity/Q123462848,Howard Chandler Christy (maschio)
http://www.wikidata.org/entity/Q123480115,Frans Pourbus il Giovane (maschio)
http://www.wikidata.org/entity/Q123562848,Francesco Benaglio (maschio)
http://www.wikidata.org/entity/Q123671285,Tiziano Vecellio (maschio)
http://www.wikidata.org/entity/Q123709241,Tiziano Vecellio (maschio)
http://www.wikidata.org/entity/Q123709348,Sebastiano Ricci (maschio)
http://www.wikidata.org/entity/Q123741888,Tiziano Vecellio (maschio)
http://www.wikidata.org/entity/Q123751969,Tiziano Vecellio (maschio)
http://www.wikidata.org/entity/Q123753616,Tiziano Vecellio (maschio)
http://www.wikidata.org/entity/Q123754396,Tiziano Vecellio (maschio)
http://www.wikidata.org/entity/Q123912954,Tiziano Vecellio (maschio)
http://www.wikidata.org/entity/Q124039068,Jacopo Tintoretto (maschio)
http://www.wikidata.org/entity/Q124043063,Tiziano Vecellio (maschio)
http://www.wikidata.org/entity/Q124056690,Tiziano Vecellio (maschio)
http://www.wikidata.org/entity/Q124069413,Angelo Galloni (maschio)
http://www.wikidata.org/entity/Q124069583,Angelo Galloni (maschio)
http://www.wikidata.org/entity/Q124069753,Alessandro Pandolfi (maschio)
http://www.wikidata.org/entity/Q124079494,Alessandro Pandolfi (maschio)
http://www.wikidata.org/entity/Q124083860,Carlo Grossi (maschio)
http://www.wikidata.org/entity/Q124084281,Carlo Grossi (maschio)
http://www.wikidata.org/entity/Q124086041,Carlo Grossi (maschio)
http://www.wikidata.org/entity/Q124086306,Carlo Grossi (maschio)
http://www.wikidata.org/entity/Q124086626,Ugo Galvagni (maschio)
http://www.wikidata.org/entity/Q124087802,Ugo Galvagni (maschio)
http://www.wikidata.org/entity/Q124091771,Stefano Bersani (maschio)
http://www.wikidata.org/entity/Q124092399,Antonio Introini (maschio)
http://www.wikidata.org/entity/Q131546421,Girolamo Muziano (maschio)
http://www.wikidata.org/entity/Q131546426,Bartolomeo della Gatta (maschio)
http://www.wikidata.org/entity/Q131546425,Gian Domenico Cerrini (maschio)
http://www.wikidata.org/entity/Q131546428,Domenico di Michelino (maschio)
http://www.wikidata.org/entity/Q131546441,Guercino (maschio)
http://www.wikidata.org/entity/Q131546444,Paolo Uccello (maschio)
http://www.wikidata.org/entity/Q131546449,Luca Cambiaso (maschio)
http://www.wikidata.org/entity/Q131546458,Francesco Menzio (maschio)
http://www.wikidata.org/entity/Q131546462,Annibale Carracci (maschio)
http://www.wikidata.org/entity/Q131546463,Michele di Ridolfo del Ghirlandaio (maschio)
http://www.wikidata.org/entity/Q131546465,Domenico Fiasella (maschio)
http://www.wikidata.org/entity/Q131546469,Brescianino (maschio); Raffaello del Brescianino (maschio)
http://www.wikidata.org/entity/Q131546475,Girolamo Macchietti (maschio)
http://www.wikidata.org/entity/Q131546484,Lionello Balestrieri (maschio)
http://www.wikidata.org/entity/Q131546485,Amico Aspertini (maschio)
http://www.wikidata.org/entity/Q131546494,Francesco Hayez (maschio)
http://www.wikidata.org/entity/Q131546493,Bernardino Luini (maschio)
http://www.wikidata.org/entity/Q131546499,Sano di Pietro (maschio)
http://www.wikidata.org/entity/Q131546506,Filippo Lippi (maschio)
http://www.wikidata.org/entity/Q131546510,Sebastiano Ricci (maschio)
http://www.wikidata.org/entity/Q131546508,Giuliano Bugiardini (maschio)
http://www.wikidata.org/entity/Q131546509,Ludovico Carracci (maschio)
http://www.wikidata.org/entity/Q131546515,Ambrogio da Asti (maschio)
http://www.wikidata.org/entity/Q131546516,Ambrogio Lorenzetti (maschio)
http://www.wikidata.org/entity/Q131546517,Franciabigio (maschio)
http://www.wikidata.org/entity/Q131546520,Barbara Galbiati (femmina)
http://www.wikidata.org/entity/Q131546525,Giuseppe Maria Crespi (maschio)
http://www.wikidata.org/entity/Q131546551,Francesco Francia (maschio)
http://www.wikidata.org/entity/Q131546552,Amico Aspertini (maschio)
http://www.wikidata.org/entity/Q131546553,Paolo Veronese (maschio)
http://www.wikidata.org/entity/Q131546582,Jacopo Palma il Giovane (maschio)
http://www.wikidata.org/entity/Q131546581,Jacopo Palma il Giovane (maschio)
http://www.wikidata.org/entity/Q131546599,Lazzaro Bastiani (maschio)
http://www.wikidata.org/entity/Q131546602,Vittore Carpaccio (maschio)
http://www.wikidata.org/entity/Q131546603,Beato Angelico (maschio)
http://www.wikidata.org/entity/Q131557338,Guido Reni (maschio)
http://www.wikidata.org/entity/Q131557340,Giuseppe Cammarano (maschio)
http://www.wikidata.org/entity/Q131557341,Bernardo Strozzi (maschio)
http://www.wikidata.org/entity/Q131557374,Pier Francesco Fiorentino (maschio)
http://www.wikidata.org/entity/Q131557372,Domenico Beccafumi (maschio)
http://www.wikidata.org/entity/Q131557373,Niccolò di Pietro Gerini (maschio)
http://www.wikidata.org/entity/Q131557376,Coppo di Marcovaldo (maschio)
http://www.wikidata.org/entity/Q131557436,Francesco Francia (maschio)
http://www.wikidata.org/entity/Q131557458,Giovanni da San Giovanni (maschio)
http://www.wikidata.org/entity/Q131557464,Domenico Beccafumi (maschio)
http://www.wikidata.org/entity/Q131557484,Filippo Lippi (maschio)
http://www.wikidata.org/entity/Q131557662,Maestro di Tressa (maschio)
http://www.wikidata.org/entity/Q131557664,Domenico Beccafumi (maschio)
http://www.wikidata.org/entity/Q131557866,Tommaso da Modena (maschio)
http://www.wikidata.org/entity/Q131557871,Giovanni dal Ponte (maschio)
http://www.wikidata.org/entity/Q131557868,Giovanni Battista Naldini (maschio)
http://www.wikidata.org/entity/Q131557880,Jacopo Tintoretto (maschio)
http://www.wikidata.org/entity/Q131559178,Marianna Carlevarijs (femmina)
http://www.wikidata.org/entity/Q131559177,Marianna Carlevarijs (femmina)
http://www.wikidata.org/entity/Q131559182,Marco Ricci (maschio)
http://www.wikidata.org/entity/Q131559183,Bernardino Licinio (maschio)
http://www.wikidata.org/entity/Q131559181,Gianantonio Guardi (maschio)
http://www.wikidata.org/entity/Q131559187,Taddeo Zuccari (maschio)
http://www.wikidata.org/entity/Q131559184,Rosalba Carriera (femmina)
http://www.wikidata.org/entity/Q131559202,Anton von Maron (maschio)
http://www.wikidata.org/entity/Q131559216,Jacopo Zucchi (maschio)
http://www.wikidata.org/entity/Q131561164,Paolo Veronese (maschio)
http://www.wikidata.org/entity/Q131561170,William Berczy (maschio)
http://www.wikidata.org/entity/Q131561666,Lionello Spada (maschio)
http://www.wikidata.org/entity/Q131561678,Carlo Crivelli (maschio)
http://www.wikidata.org/entity/Q131561677,Andrea Mantegna (maschio)
http://www.wikidata.org/entity/Q131561688,Carlo Maratta (maschio)
http://www.wikidata.org/entity/Q131564536,Giuseppe De Nittis (maschio)
http://www.wikidata.org/entity/Q131564617,Duccio di Buoninsegna (maschio)
http://www.wikidata.org/entity/Q131564870,Volterrano (maschio)
http://www.wikidata.org/entity/Q131564871,Duccio di Buoninsegna (maschio)
http://www.wikidata.org/entity/Q131574021,Marco Basaiti (maschio)
http://www.wikidata.org/entity/Q131576649,Albino Reggiori (maschio)
http://www.wikidata.org/entity/Q131578331,Jacopo Zucchi (maschio)
http://www.wikidata.org/entity/Q131578346,Andrea Pozzo (maschio)
http://www.wikidata.org/entity/Q131578347,Orazio Fidani (maschio)
http://www.wikidata.org/entity/Q131579620,Giovanni Battista Piazzetta (maschio)
http://www.wikidata.org/entity/Q131579630,Bartolomeo Vivarini (maschio)
http://www.wikidata.org/entity/Q131579631,Paolo Veronese (maschio)
http://www.wikidata.org/entity/Q131579657,Jacopo Tintoretto (maschio)
http://www.wikidata.org/entity/Q131579660,Paolo Veronese (maschio)
http://www.wikidata.org/entity/Q131579682,Giambattista Tiepolo (maschio)
http://www.wikidata.org/entity/Q131579687,Anton Raphael Mengs (maschio); Giovanni Casanova (maschio)
http://www.wikidata.org/entity/Q131587694,Andrea da Bologna (maschio)
http://www.wikidata.org/entity/Q131588009,Dosso Dossi (maschio)
http://www.wikidata.org/entity/Q131588018,Dosso Dossi (maschio)
http://www.wikidata.org/entity/Q131588032,Dosso Dossi (maschio)
http://www.wikidata.org/entity/Q131588033,Dosso Dossi (maschio)
http://www.wikidata.org/entity/Q131588045,Dosso Dossi (maschio)
http://www.wikidata.org/entity/Q131588054,Dosso Dossi (maschio)
http://www.wikidata.org/entity/Q131588057,Tommaso da Modena (maschio)
http://www.wikidata.org/entity/Q131588060,Dosso Dossi (maschio)
http://www.wikidata.org/entity/Q131604558,Francesco Albani (maschio)
http://www.wikidata.org/entity/Q131604557,Poppi (maschio)
http://www.wikidata.org/entity/Q131604561,Giovanni Battista Zelotti (maschio)
http://www.wikidata.org/entity/Q131604566,Guercino (maschio)
http://www.wikidata.org/entity/Q131604569,Giovanni Battista Zelotti (maschio)
http://www.wikidata.org/entity/Q131604575,Jacopo Tintoretto (maschio)
http://www.wikidata.org/entity/Q131604586,Antonio Mosca (maschio)
http://www.wikidata.org/entity/Q131604589,Antonio Mosca (maschio)
http://www.wikidata.org/entity/Q131617899,Giovanni Lanfranco (maschio)
http://www.wikidata.org/entity/Q131617897,Fra Bartolomeo (maschio)
http://www.wikidata.org/entity/Q131617902,Francesco Hayez (maschio)
http://www.wikidata.org/entity/Q131617911,Agnolo Bronzino (maschio)
http://www.wikidata.org/entity/Q131617908,Baldassarre Peruzzi (maschio)
http://www.wikidata.org/entity/Q131617909,Francesco Hayez (maschio)
http://www.wikidata.org/entity/Q131617914,Gherardo Starnina (maschio)
http://www.wikidata.org/entity/Q131617915,Volterrano (maschio)
http://www.wikidata.org/entity/Q131617918,Volterrano (maschio)
http://www.wikidata.org/entity/Q131617919,Francesco Hayez (maschio)
http://www.wikidata.org/entity/Q131617916,Pompeo Batoni (maschio)
http://www.wikidata.org/entity/Q131617922,Jacopo Zucchi (maschio)
http://www.wikidata.org/entity/Q131617921,Jacopo Zucchi (maschio)
http://www.wikidata.org/entity/Q131627550,Girolamo da Carpi (maschio)
http://www.wikidata.org/entity/Q131627554,Jacopo Tintoretto (maschio)
http://www.wikidata.org/entity/Q131627552,Michele di Ridolfo del Ghirlandaio (maschio)
http://www.wikidata.org/entity/Q131627553,Benvenuto Tisi da Garofalo (maschio)
http://www.wikidata.org/entity/Q131627556,Michele di Ridolfo del Ghirlandaio (maschio)
http://www.wikidata.org/entity/Q131627571,Matteo Giovannetti (maschio)
http://www.wikidata.org/entity/Q131627572,Cesare Dandini (maschio)
http://www.wikidata.org/entity/Q131627588,Carlo Dolci (maschio)
http://www.wikidata.org/entity/Q131628758,Ludovico Dondi (maschio)
http://www.wikidata.org/entity/Q131628765,Paolo Veronese (maschio)
http://www.wikidata.org/entity/Q131628770,Niccolò Cannicci (maschio)
http://www.wikidata.org/entity/Q131628768,Bernardo Strozzi (maschio)
http://www.wikidata.org/entity/Q131628769,Gaetano Previati (maschio)
http://www.wikidata.org/entity/Q131628775,Spinello Aretino (maschio)
http://www.wikidata.org/entity/Q131628772,Giovanni Battista Piazzetta (maschio)
http://www.wikidata.org/entity/Q131628778,Neri di Bicci (maschio)
http://www.wikidata.org/entity/Q131628776,Teramo Piaggio (maschio)
http://www.wikidata.org/entity/Q131628802,Perugino (maschio)
http://www.wikidata.org/entity/Q131628803,Ludovico Carracci (maschio)
http://www.wikidata.org/entity/Q131628801,Giovanni Gerolamo Savoldo (maschio)
http://www.wikidata.org/entity/Q131628814,Bicci di Lorenzo (maschio)
http://www.wikidata.org/entity/Q131628812,Maestro della Leggenda di santa Lucia (maschio)
http://www.wikidata.org/entity/Q131628813,Bernardo Zenale (maschio)
http://www.wikidata.org/entity/Q131628818,Maestro di Beffi (maschio)
http://www.wikidata.org/entity/Q131628819,Maestro di Beffi (maschio)
http://www.wikidata.org/entity/Q131628817,Maestro di Beffi (maschio)
http://www.wikidata.org/entity/Q131628822,Antonio Rolli (maschio); Giuseppe Maria Rolli (maschio)
http://www.wikidata.org/entity/Q131628823,Giuseppe Maria Crespi (maschio)
http://www.wikidata.org/entity/Q131628820,Lorenzo Costa (maschio)
http://www.wikidata.org/entity/Q131628821,Zanobi Strozzi (maschio)
http://www.wikidata.org/entity/Q131628824,Sebastiano Ricci (maschio)
http://www.wikidata.org/entity/Q131629552,Cosimo Rosselli (maschio)
http://www.wikidata.org/entity/Q131629558,Giovanni Antonio Burrini (maschio)
http://www.wikidata.org/entity/Q131629557,Paolo Veronese (maschio)
http://www.wikidata.org/entity/Q131632037,Gaetano Previati (maschio)
http://www.wikidata.org/entity/Q131632042,Ambrogio di Baldese (maschio); Niccolò di Pietro Gerini (maschio)
http://www.wikidata.org/entity/Q131632047,Sebastiano Vini (maschio)
http://www.wikidata.org/entity/Q131674303,Giuseppe Angeli (maschio)
http://www.wikidata.org/entity/Q131674300,Giuseppe Borsato (maschio)
http://www.wikidata.org/entity/Q131674306,Ernesto Treccani (maschio)
http://www.wikidata.org/entity/Q131674307,Sebastiano Satta (maschio)
http://www.wikidata.org/entity/Q131674310,Jacopo Palma il Giovane (maschio)
http://www.wikidata.org/entity/Q131674311,Paolo Veronese (maschio)
http://www.wikidata.org/entity/Q131674315,Girolamo Mazzola Bedoli (maschio)
http://www.wikidata.org/entity/Q131674312,Pietro Longhi (maschio)
http://www.wikidata.org/entity/Q131674316,Ludovico Carracci (maschio)
http://www.wikidata.org/entity/Q131674317,Paolo Veronese (maschio)
http://www.wikidata.org/entity/Q131674322,Herri met de Bles (maschio)
http://www.wikidata.org/entity/Q131674323,Paolo Veronese (maschio)
http://www.wikidata.org/entity/Q131674332,Sano di Pietro (maschio)
http://www.wikidata.org/entity/Q131674355,Pietro Lorenzetti (maschio)
http://www.wikidata.org/entity/Q131674352,Rocco Marconi (maschio)
http://www.wikidata.org/entity/Q131674361,Francesco Hayez (maschio)
http://www.wikidata.org/entity/Q131674371,Giovanni Barbagelata (maschio)
http://www.wikidata.org/entity/Q131674368,Bernardo Strozzi (maschio)
http://www.wikidata.org/entity/Q131674369,Bonifacio Veronese (maschio)
http://www.wikidata.org/entity/Q131674373,Sebastiano Ricci (maschio)
http://www.wikidata.org/entity/Q131674390,Gaetano Previati (maschio)
http://www.wikidata.org/entity/Q131674398,Giorgio Vasari (maschio)
http://www.wikidata.org/entity/Q131674399,Jacopo Chimenti (maschio)
http://www.wikidata.org/entity/Q131674396,Nicola Malinconico (maschio)
http://www.wikidata.org/entity/Q131674401,Jacopo Chimenti (maschio)
http://www.wikidata.org/entity/Q131674404,Jacopo Palma il Giovane (maschio)
http://www.wikidata.org/entity/Q131674405,Lucio Massari (maschio)
http://www.wikidata.org/entity/Q131674410,Jacopo Tintoretto (maschio)
http://www.wikidata.org/entity/Q131674411,Jacopo Tintoretto (maschio)
http://www.wikidata.org/entity/Q131674409,Paolo Veronese (maschio)
http://www.wikidata.org/entity/Q131674412,Benvenuto Tisi da Garofalo (maschio)
http://www.wikidata.org/entity/Q131675938,David Ghirlandaio (maschio)
http://www.wikidata.org/entity/Q131675939,Simone Pignoni (maschio)
http://www.wikidata.org/entity/Q131675936,Carlo Portelli (maschio)
http://www.wikidata.org/entity/Q131675937,Pier Francesco Fiorentino (maschio)
http://www.wikidata.org/entity/Q131675942,Mariotto Albertinelli (maschio)
http://www.wikidata.org/entity/Q131675943,Maestro della Virgo inter Virgines (maschio)
http://www.wikidata.org/entity/Q131675940,Poppi (maschio)
http://www.wikidata.org/entity/Q131675941,Donato Montorfano (maschio)
http://www.wikidata.org/entity/Q131675944,Michele Giambono (maschio)
http://www.wikidata.org/entity/Q131675945,Neri di Bicci (maschio)
http://www.wikidata.org/entity/Q131675948,Giovanni del Biondo (maschio)
http://www.wikidata.org/entity/Q131675969,Giorgio Vasari (maschio)
http://www.wikidata.org/entity/Q131675979,Lorenzo Costa (maschio)
http://www.wikidata.org/entity/Q131675983,Ludovico Carracci (maschio)
http://www.wikidata.org/entity/Q131675981,Agnolo Bronzino (maschio)
http://www.wikidata.org/entity/Q131675990,Domenico di Bartolo (maschio)
http://www.wikidata.org/entity/Q131675989,Domenico Beccafumi (maschio)
http://www.wikidata.org/entity/Q131675994,Jacopo Tintoretto (maschio)
http://www.wikidata.org/entity/Q131675993,Guercino (maschio)
http://www.wikidata.org/entity/Q124092672,Ugo Galvagni (maschio)
http://www.wikidata.org/entity/Q124097861,Antonio Introini (maschio)
http://www.wikidata.org/entity/Q124100563,Iacopino del Conte (maschio)
http://www.wikidata.org/entity/Q124101877,Carlo Grossi (maschio)
http://www.wikidata.org/entity/Q124101956,Eugenio Bonzanini (maschio)
http://www.wikidata.org/entity/Q124150884,Carlo Grossi (maschio)
http://www.wikidata.org/entity/Q124151090,Luigi Brusatori (maschio)
http://www.wikidata.org/entity/Q124152267,Tiziano Vecellio (maschio)
http://www.wikidata.org/entity/Q124210379,Giuseppe Maria Crespi (maschio)
http://www.wikidata.org/entity/Q124218595,Tiziano Vecellio (maschio)
http://www.wikidata.org/entity/Q124246612,Jacopo Tintoretto (maschio)
http://www.wikidata.org/entity/Q124248182,Alessandro Allori (maschio)
http://www.wikidata.org/entity/Q124256182,Francesco Granacci (maschio)
http://www.wikidata.org/entity/Q124286611,Tiziano Vecellio (maschio)
http://www.wikidata.org/entity/Q124287319,Tiziano Vecellio (maschio)
http://www.wikidata.org/entity/Q124287594,Giorgio Vasari (maschio)
http://www.wikidata.org/entity/Q124288119,Gian Giacomo Caprotti (maschio)
http://www.wikidata.org/entity/Q124307433,Gaetano Previati (maschio)
http://www.wikidata.org/entity/Q124307821,Giulio Aristide Sartorio (maschio)
http://www.wikidata.org/entity/Q124316070,Giovanni Carnovali (maschio)
http://www.wikidata.org/entity/Q124348363,Giuseppe Gambarini (maschio)
http://www.wikidata.org/entity/Q124348745,Giuseppe Gambarini (maschio)
http://www.wikidata.org/entity/Q124349538,Anton von Maron (maschio)
http://www.wikidata.org/entity/Q124369794,Girolamo Mazzola Bedoli (maschio)
http://www.wikidata.org/entity/Q124498236,Giuseppe Amisani (maschio)
http://www.wikidata.org/entity/Q124499426,Giuseppe Amisani (maschio)
http://www.wikidata.org/entity/Q124537391,Antoine Chatelain (maschio)
http://www.wikidata.org/entity/Q124538450,Guido Ubaldo Abbatini (maschio)
http://www.wikidata.org/entity/Q124627974,Gentile da Rocca (maschio)
http://www.wikidata.org/entity/Q124629543,Cristofano dell'Altissimo (maschio)
http://www.wikidata.org/entity/Q124630700,Amedeo Modigliani (maschio)
http://www.wikidata.org/entity/Q124652229,Franz von Lenbach (maschio)
http://www.wikidata.org/entity/Q124652592,Franz von Lenbach (maschio)
http://www.wikidata.org/entity/Q124662452,Antonio Ambrogio Alciati (maschio)
http://www.wikidata.org/entity/Q124662574,Antonio Ambrogio Alciati (maschio)
http://www.wikidata.org/entity/Q124663036,Giuseppe Molteni (maschio)
http://www.wikidata.org/entity/Q124664892,Giuseppe Molteni (maschio)
http://www.wikidata.org/entity/Q124686467,Dosso Dossi (maschio)
http://www.wikidata.org/entity/Q124719736,Cristofano dell'Altissimo (maschio)
http://www.wikidata.org/entity/Q124721106,Cristofano dell'Altissimo (maschio)
http://www.wikidata.org/entity/Q124723493,Cristofano dell'Altissimo (maschio)
http://www.wikidata.org/entity/Q124724283,Sebastiano del Piombo (maschio)
http://www.wikidata.org/entity/Q124726116,Cristofano dell'Altissimo (maschio)
http://www.wikidata.org/entity/Q124726300,Cristofano dell'Altissimo (maschio)
http://www.wikidata.org/entity/Q124736928,Alessandro Allori (maschio)
http://www.wikidata.org/entity/Q124738743,Justus Sustermans (maschio)
http://www.wikidata.org/entity/Q124801581,Sebastiano Filippi (maschio)
http://www.wikidata.org/entity/Q124884546,Silvestro Lega (maschio)
http://www.wikidata.org/entity/Q124902982,Silvestro Lega (maschio)
http://www.wikidata.org/entity/Q124922865,Silvestro Lega (maschio)
http://www.wikidata.org/entity/Q124981334,Silvestro Lega (maschio)
http://www.wikidata.org/entity/Q125102834,Pietro Saltini (maschio)
http://www.wikidata.org/entity/Q125107060,Georgios Iakovidis (maschio)
http://www.wikidata.org/entity/Q125116690,Nicolas-Didier Boguet (maschio)
http://www.wikidata.org/entity/Q125144993,Amico Aspertini (maschio)
http://www.wikidata.org/entity/Q125170382,Jacopo Chimenti (maschio)
http://www.wikidata.org/entity/Q125176302,Augusto Tominz (maschio)
http://www.wikidata.org/entity/Q125189520,Francesco Podesti (maschio)
http://www.wikidata.org/entity/Q125208945,Raffaele Armenise (maschio)
http://www.wikidata.org/entity/Q125266586,Domenico Morelli (maschio)
http://www.wikidata.org/entity/Q125293980,Alvise Vivarini (maschio)
http://www.wikidata.org/entity/Q125298817,Dosso Dossi (maschio)
http://www.wikidata.org/entity/Q125387269,David Teniers il Giovane (maschio)
http://www.wikidata.org/entity/Q125399429,Ambrogio Lorenzetti (maschio)
http://www.wikidata.org/entity/Q125490773,Lino Selvatico (maschio)
http://www.wikidata.org/entity/Q125678611,Giuseppe De Nittis (maschio)
http://www.wikidata.org/entity/Q125679589,Giuseppe De Nittis (maschio)
http://www.wikidata.org/entity/Q125692333,Carlo Francesco Nuvolone (maschio)
http://www.wikidata.org/entity/Q125704254,Andrea del Sarto (maschio)
http://www.wikidata.org/entity/Q125728210,Giuseppe De Nittis (maschio)
http://www.wikidata.org/entity/Q125774997,Jan Provoost (maschio)
http://www.wikidata.org/entity/Q125775011,Jusepe de Ribera (maschio)
http://www.wikidata.org/entity/Q125775038,Domenico Piola (maschio)
http://www.wikidata.org/entity/Q125775039,Maestro della Leggenda di San Giovanni evangelista (maschio)
http://www.wikidata.org/entity/Q125775114,Maestro della Leggenda di San Giovanni evangelista (maschio)
http://www.wikidata.org/entity/Q125775115,Giuseppe Vermiglio (maschio)
http://www.wikidata.org/entity/Q125775113,Cornelis de Wael (maschio)
http://www.wikidata.org/entity/Q125775116,Antonio Travi (maschio)
http://www.wikidata.org/entity/Q125809444,Giovanni Bellini (maschio)
http://www.wikidata.org/entity/Q125811807,Giulio Benso (maschio)
http://www.wikidata.org/entity/Q125812539,Bernardo Castello (maschio)
http://www.wikidata.org/entity/Q125813876,Maurizio Carrega (maschio)
http://www.wikidata.org/entity/Q125973048,Fra' Galgario (maschio)
http://www.wikidata.org/entity/Q125973990,Giovanni Carnovali (maschio)
http://www.wikidata.org/entity/Q125974248,Fra' Galgario (maschio)
http://www.wikidata.org/entity/Q126093976,Jan Frans van Douven (maschio)
http://www.wikidata.org/entity/Q126127672,Annibale Carracci (maschio)
http://www.wikidata.org/entity/Q126208372,Pieter Coecke van Aelst (maschio)
http://www.wikidata.org/entity/Q126208398,Jan Provoost (maschio)
http://www.wikidata.org/entity/Q126208411,Gioacchino Assereto (maschio)
http://www.wikidata.org/entity/Q126215082,Giovanni Benedetto Castiglione (maschio)
http://www.wikidata.org/entity/Q126260153,Domenico Fiasella (maschio)
http://www.wikidata.org/entity/Q126284170,Giulio Campi (maschio)
http://www.wikidata.org/entity/Q126284172,Ambrogio Benzone (maschio)
http://www.wikidata.org/entity/Q126284177,Giovanni Domenico Caresana (maschio)
http://www.wikidata.org/entity/Q126284182,Brescianino (maschio)
http://www.wikidata.org/entity/Q126284180,Ridolfo del Ghirlandaio (maschio)
http://www.wikidata.org/entity/Q126284181,Agnolo Bronzino (maschio)
http://www.wikidata.org/entity/Q126284193,Amico Aspertini (maschio)
http://www.wikidata.org/entity/Q126284198,Bernardino Campi (maschio)
http://www.wikidata.org/entity/Q131675998,Jacopo del Sellaio (maschio)
http://www.wikidata.org/entity/Q131676028,Jacopo Chimenti (maschio)
http://www.wikidata.org/entity/Q131676029,Jacopo Chimenti (maschio)
http://www.wikidata.org/entity/Q131676038,Tommaso da Modena (maschio)
http://www.wikidata.org/entity/Q131676039,Tommaso da Modena (maschio)
http://www.wikidata.org/entity/Q131676037,Filippo Lippi (maschio)
http://www.wikidata.org/entity/Q131676041,Giuseppe Pellizza da Volpedo (maschio)
http://www.wikidata.org/entity/Q131676058,Lucio Massari (maschio)
http://www.wikidata.org/entity/Q131676064,Jacopo Tintoretto (maschio)
http://www.wikidata.org/entity/Q131676306,Bartolomeo di Giovanni (maschio)
http://www.wikidata.org/entity/Q131676307,Neroccio di Bartolomeo de' Landi (maschio)
http://www.wikidata.org/entity/Q131676308,Nicolò di Pietro (maschio)
http://www.wikidata.org/entity/Q131690475,Filippo Lippi (maschio)
http://www.wikidata.org/entity/Q131690473,Guido da Siena (maschio)
http://www.wikidata.org/entity/Q131690478,Raffaellino del Garbo (maschio)
http://www.wikidata.org/entity/Q131690476,Nicola Filotesio (maschio)
http://www.wikidata.org/entity/Q131690495,Bernardino Licinio (maschio)
http://www.wikidata.org/entity/Q131690498,Francesco Benaglio (maschio)
http://www.wikidata.org/entity/Q131690499,Ambrogio Lorenzetti (maschio)
http://www.wikidata.org/entity/Q131690496,Dieric Bouts (maschio)
http://www.wikidata.org/entity/Q131690497,Bernardino de Conti (maschio)
http://www.wikidata.org/entity/Q131690502,Pier Maria Pennacchi (maschio)
http://www.wikidata.org/entity/Q131690503,Annibale Carracci (maschio)
http://www.wikidata.org/entity/Q131690501,Carlo Maratta (maschio)
http://www.wikidata.org/entity/Q131690504,Leonardo Boldrini (maschio)
http://www.wikidata.org/entity/Q131690511,Giovanni Pagliarini (maschio)
http://www.wikidata.org/entity/Q131690509,Domenico Panetti (maschio)
http://www.wikidata.org/entity/Q131690513,Guercino (maschio)
http://www.wikidata.org/entity/Q131690516,Lorenzo Costa (maschio)
http://www.wikidata.org/entity/Q131690517,Luca Cambiaso (maschio)
http://www.wikidata.org/entity/Q131690522,Nicolò dell'Abate (maschio)
http://www.wikidata.org/entity/Q131690527,Domenico Panetti (maschio)
http://www.wikidata.org/entity/Q131690524,Stefano da Verona (maschio)
http://www.wikidata.org/entity/Q131690530,Guercino (maschio)
http://www.wikidata.org/entity/Q131690528,Agnolo Gaddi (maschio)
http://www.wikidata.org/entity/Q131690529,Ortolano (maschio)
http://www.wikidata.org/entity/Q131690535,Pier Francesco Sacchi (maschio)
http://www.wikidata.org/entity/Q131690532,Giacomo Cavedone (maschio)
http://www.wikidata.org/entity/Q131690538,Agnolo Gaddi (maschio)
http://www.wikidata.org/entity/Q131690539,Domenico di Michelino (maschio)
http://www.wikidata.org/entity/Q131690536,Sebastiano Conca (maschio)
http://www.wikidata.org/entity/Q131690537,Jacopo Palma il Vecchio (maschio)
http://www.wikidata.org/entity/Q131690542,Giovanni Bizzelli (maschio)
http://www.wikidata.org/entity/Q131690543,Rossello di Jacopo Franchi (maschio)
http://www.wikidata.org/entity/Q131690540,Domenico di Michelino (maschio)
http://www.wikidata.org/entity/Q131690550,Giovanni Bellini (maschio)
http://www.wikidata.org/entity/Q131690551,Michele Coltellini (maschio)
http://www.wikidata.org/entity/Q131690548,Bartolomeo della Gatta (maschio)
http://www.wikidata.org/entity/Q131690549,Matteo di Giovanni (maschio)
http://www.wikidata.org/entity/Q131690555,Luca Signorelli (maschio)
http://www.wikidata.org/entity/Q131690552,Agnolo Gaddi (maschio)
http://www.wikidata.org/entity/Q131690553,Jacopo del Sellaio (maschio)
http://www.wikidata.org/entity/Q131690558,Segna di Bonaventura (maschio)
http://www.wikidata.org/entity/Q131690556,Fra Bartolomeo (maschio)
http://www.wikidata.org/entity/Q131690562,Luca Signorelli (maschio)
http://www.wikidata.org/entity/Q131690563,Guido da Siena (maschio)
http://www.wikidata.org/entity/Q131690561,Nicolò Rondinelli (maschio)
http://www.wikidata.org/entity/Q131690566,Benozzo Gozzoli (maschio)
http://www.wikidata.org/entity/Q131690564,Francesco Curradi (maschio)
http://www.wikidata.org/entity/Q131690571,Beato Angelico (maschio)
http://www.wikidata.org/entity/Q131690568,Gaudenzio Ferrari (maschio)
http://www.wikidata.org/entity/Q131690574,Nardo di Cione (maschio)
http://www.wikidata.org/entity/Q131690575,Vitale da Bologna (maschio)
http://www.wikidata.org/entity/Q131690572,Barnaba da Modena (maschio)
http://www.wikidata.org/entity/Q131690573,Pontormo (maschio)
http://www.wikidata.org/entity/Q131690578,Poppi (maschio)
http://www.wikidata.org/entity/Q131690579,Giorgio di Andrea di Bartolo (maschio)
http://www.wikidata.org/entity/Q131690583,Matteo di Giovanni (maschio)
http://www.wikidata.org/entity/Q131690581,Bernardo di Antonio Detti (maschio)
http://www.wikidata.org/entity/Q131690586,Stefano di Sant'Agnese (maschio)
http://www.wikidata.org/entity/Q131690587,Domenico di Michelino (maschio)
http://www.wikidata.org/entity/Q131690584,Filippo Lippi (maschio)
http://www.wikidata.org/entity/Q131690590,Lorenzo Veneziano (maschio)
http://www.wikidata.org/entity/Q131690591,Neri di Bicci (maschio)
http://www.wikidata.org/entity/Q131690588,Ventura di Moro (maschio)
http://www.wikidata.org/entity/Q131690589,Maestro della Natività di Castello (maschio)
http://www.wikidata.org/entity/Q131690594,Ridolfo del Ghirlandaio (maschio)
http://www.wikidata.org/entity/Q131690592,Neri di Bicci (maschio)
http://www.wikidata.org/entity/Q131690593,Maestro di Memphis (maschio)
http://www.wikidata.org/entity/Q131690599,Giovanni Cambiaso (maschio)
http://www.wikidata.org/entity/Q131690596,Domenichino (maschio)
http://www.wikidata.org/entity/Q131690602,Antonello da Messina (maschio)
http://www.wikidata.org/entity/Q131690603,Sano di Pietro (maschio)
http://www.wikidata.org/entity/Q131690601,Giovanni Battista Paggi (maschio)
http://www.wikidata.org/entity/Q131690606,Giovanni Battista Salvi (maschio)
http://www.wikidata.org/entity/Q131690605,Giovanni Bernardo Carbone (maschio)
http://www.wikidata.org/entity/Q131690633,Bartolomeo Caporali (maschio)
http://www.wikidata.org/entity/Q131690639,Paolo di Giovanni Fei (maschio)
http://www.wikidata.org/entity/Q131690641,Vittore Crivelli (maschio)
http://www.wikidata.org/entity/Q131690646,Paolo Veronese (maschio)
http://www.wikidata.org/entity/Q131690652,Simone dei Crocifissi (maschio)
http://www.wikidata.org/entity/Q131690656,Agnolo Gaddi (maschio)
http://www.wikidata.org/entity/Q131690663,Sassetta (maschio)
http://www.wikidata.org/entity/Q131690660,Gino Rossi (maschio)
http://www.wikidata.org/entity/Q131704134,Paolo Veronese (maschio)
http://www.wikidata.org/entity/Q131704138,Gentile Bellini (maschio)
http://www.wikidata.org/entity/Q131704142,Mattia Preti (maschio)
http://www.wikidata.org/entity/Q131704140,Nicolò Barabino (maschio)
http://www.wikidata.org/entity/Q131704141,Ludovico Mazzolino (maschio)
http://www.wikidata.org/entity/Q131704145,Lorenzo Veneziano (maschio)
http://www.wikidata.org/entity/Q126284196,Francesco Salviati (maschio)
http://www.wikidata.org/entity/Q126284207,Giovanni Andrea De Magistris (maschio)
http://www.wikidata.org/entity/Q126284228,Il Morazzone (maschio)
http://www.wikidata.org/entity/Q126284229,Paolo Pagani (maschio)
http://www.wikidata.org/entity/Q126284232,Cristoforo Caresana (maschio)
http://www.wikidata.org/entity/Q126284238,Aurelio Luini (maschio)
http://www.wikidata.org/entity/Q126284237,Giovanni Pietro Gnocchi (maschio)
http://www.wikidata.org/entity/Q126284242,Giovanni Battista Recchi (maschio); Giovanni Paolo Recchi (maschio)
http://www.wikidata.org/entity/Q126284243,Giulio Cesare Procaccini (maschio)
http://www.wikidata.org/entity/Q126284240,Giovanni Pietro Gnocchi (maschio)
http://www.wikidata.org/entity/Q126284241,Bernardino Campi (maschio)
http://www.wikidata.org/entity/Q126284246,Antonio Maria Crespi Castoldi (maschio)
http://www.wikidata.org/entity/Q126284251,Giuseppe Nuvolone (maschio); Carlo Francesco Nuvolone (maschio)
http://www.wikidata.org/entity/Q126284255,Giovan Battista Costa (maschio)
http://www.wikidata.org/entity/Q126284258,Carlo Francesco Nuvolone (maschio)
http://www.wikidata.org/entity/Q126284256,Giuseppe Pinacci (maschio)
http://www.wikidata.org/entity/Q126284257,Agostino Santagostino (maschio)
http://www.wikidata.org/entity/Q126284264,Giuseppe Nuvolone (maschio)
http://www.wikidata.org/entity/Q126284265,Elisabetta Marchioni (femmina)
http://www.wikidata.org/entity/Q126284275,Mario de' Fiori (maschio)
http://www.wikidata.org/entity/Q126284272,Mario de' Fiori (maschio)
http://www.wikidata.org/entity/Q126284279,Antonio Calza (maschio)
http://www.wikidata.org/entity/Q126284282,Pompeo Batoni (maschio)
http://www.wikidata.org/entity/Q126284283,Alessandro Magnasco (maschio)
http://www.wikidata.org/entity/Q126284281,Antonio Calza (maschio)
http://www.wikidata.org/entity/Q126284286,Antonio Lucini (maschio)
http://www.wikidata.org/entity/Q126284284,Pietro Ligari (maschio)
http://www.wikidata.org/entity/Q126284285,Giovanni Paolo Pannini (maschio)
http://www.wikidata.org/entity/Q126284288,Ilario Spolverini (maschio)
http://www.wikidata.org/entity/Q126284295,Giuseppe Reina (maschio)
http://www.wikidata.org/entity/Q126284296,Francesco Capiaghi (maschio)
http://www.wikidata.org/entity/Q126284297,Francesco Capiaghi (maschio)
http://www.wikidata.org/entity/Q126284306,Cesare Mussini (maschio)
http://www.wikidata.org/entity/Q126284308,Giuliano Collina (maschio)
http://www.wikidata.org/entity/Q126284309,Ico Parisi (maschio)
http://www.wikidata.org/entity/Q126284314,Carla Prina (femmina)
http://www.wikidata.org/entity/Q126284315,Carla Prina (femmina)
http://www.wikidata.org/entity/Q126284312,Anselmo Bucci (maschio)
http://www.wikidata.org/entity/Q126284313,Fabrizio Musa (maschio)
http://www.wikidata.org/entity/Q126284318,Mario Radice (maschio)
http://www.wikidata.org/entity/Q126284316,Manlio Rho (maschio)
http://www.wikidata.org/entity/Q126284317,Manlio Rho (maschio)
http://www.wikidata.org/entity/Q126284322,Aldo Galli (maschio)
http://www.wikidata.org/entity/Q126284320,Mario Radice (maschio)
http://www.wikidata.org/entity/Q126284326,Aldo Galli (maschio)
http://www.wikidata.org/entity/Q126284329,Carla Badiali (femmina)
http://www.wikidata.org/entity/Q126284355,Mario Radice (maschio)
http://www.wikidata.org/entity/Q126284357,Mario Radice (maschio)
http://www.wikidata.org/entity/Q126284383,Giuliano Collina (maschio)
http://www.wikidata.org/entity/Q126284380,Giuliano Collina (maschio)
http://www.wikidata.org/entity/Q126284381,Giuliano Collina (maschio)
http://www.wikidata.org/entity/Q126284386,Donato Frisia (maschio)
http://www.wikidata.org/entity/Q126284387,Betto Lotti (maschio)
http://www.wikidata.org/entity/Q126284384,Virgilio Vairo (maschio)
http://www.wikidata.org/entity/Q126284385,Ugo Bernasconi (maschio)
http://www.wikidata.org/entity/Q126284388,Vincenzo Schiavio (maschio)
http://www.wikidata.org/entity/Q126284389,Sergio Tagliabue (maschio)
http://www.wikidata.org/entity/Q126284622,Aldo Galli (maschio)
http://www.wikidata.org/entity/Q126310903,Pietro Longhi (maschio)
http://www.wikidata.org/entity/Q126329804,Jan Provoost (maschio)
http://www.wikidata.org/entity/Q126331546,Maestro della Leggenda di San Giovanni evangelista (maschio)
http://www.wikidata.org/entity/Q126331548,Il Moretto (maschio)
http://www.wikidata.org/entity/Q126368575,Carletto Caliari (maschio)
http://www.wikidata.org/entity/Q126371885,Giambattista Tiepolo (maschio)
http://www.wikidata.org/entity/Q126456502,Domenico Piola (maschio)
http://www.wikidata.org/entity/Q126456503,Giorgio Vasari (maschio)
http://www.wikidata.org/entity/Q126456506,Matthias Stomer (maschio)
http://www.wikidata.org/entity/Q126456507,Lambert Sustris (maschio)
http://www.wikidata.org/entity/Q126456505,Giovanni Benedetto Castiglione (maschio)
http://www.wikidata.org/entity/Q126456508,Maestro della Leggenda di San Giovanni evangelista (maschio)
http://www.wikidata.org/entity/Q126456514,Il Morazzone (maschio)
http://www.wikidata.org/entity/Q126456515,Domenico Puligo (maschio)
http://www.wikidata.org/entity/Q126456516,Silvestro Chiesa (maschio)
http://www.wikidata.org/entity/Q126456517,Il Cerano (maschio)
http://www.wikidata.org/entity/Q126456526,Hyacinthe Rigaud (maschio)
http://www.wikidata.org/entity/Q126513924,Nicolò Semitecolo (maschio)
http://www.wikidata.org/entity/Q126633287,Giovan Battista Gaulli (maschio)
http://www.wikidata.org/entity/Q126709512,Jacopo Palma il Giovane (maschio)
http://www.wikidata.org/entity/Q126721550,Lambert Sustris (maschio)
http://www.wikidata.org/entity/Q126727120,Benedetto Bonfigli (maschio)
http://www.wikidata.org/entity/Q126727184,Bartolomé Esteban Murillo (maschio)
http://www.wikidata.org/entity/Q126918076,Cosmè Tura (maschio)
http://www.wikidata.org/entity/Q127327807,Vittorio Matteo Corcos (maschio)
http://www.wikidata.org/entity/Q127433409,Tiziano Vecellio (maschio)
http://www.wikidata.org/entity/Q127442026,Anton von Maron (maschio)
http://www.wikidata.org/entity/Q127564377,Mosè Bianchi (maschio)
http://www.wikidata.org/entity/Q127695958,Johann Carl Loth (maschio)
http://www.wikidata.org/entity/Q127790733,Antonio del Ceraiolo (maschio)
http://www.wikidata.org/entity/Q127985499,Antonio da Negroponte (maschio)
http://www.wikidata.org/entity/Q127985981,Antonio Vivarini (maschio)
http://www.wikidata.org/entity/Q128124962,Antonio Zoppi (maschio)
http://www.wikidata.org/entity/Q128495286,Antonio Mancini (maschio)
http://www.wikidata.org/entity/Q128783484,Giovanni Bellini (maschio)
http://www.wikidata.org/entity/Q128810133,Orazio De Ferrari (maschio)
http://www.wikidata.org/entity/Q128941201,Leonardo Massabò (maschio)
http://www.wikidata.org/entity/Q129199340,Alvise Vivarini (maschio)
http://www.wikidata.org/entity/Q129487042,Giuseppe Pennasilico (maschio)
http://www.wikidata.org/entity/Q129500713,Ludovico Mazzolino (maschio)
http://www.wikidata.org/entity/Q129507208,Gian Lorenzo Bernini (maschio)
http://www.wikidata.org/entity/Q129977163,Apollonio di Giovanni (maschio)
http://www.wikidata.org/entity/Q131704265,Tanzio da Varallo (maschio)
http://www.wikidata.org/entity/Q131704274,Pier Francesco Sacchi (maschio)
http://www.wikidata.org/entity/Q131704272,Francesco Salviati (maschio)
http://www.wikidata.org/entity/Q131704273,Luca Signorelli (maschio)
http://www.wikidata.org/entity/Q131704278,Giuseppe Mazzuoli (maschio)
http://www.wikidata.org/entity/Q131704279,Benozzo Gozzoli (maschio)
http://www.wikidata.org/entity/Q131704280,Giuseppe Porta (maschio)
http://www.wikidata.org/entity/Q131704281,Luca Cambiaso (maschio)
http://www.wikidata.org/entity/Q131704285,Jacopo Tintoretto (maschio)
http://www.wikidata.org/entity/Q131704288,Giovan Battista Langetti (maschio)
http://www.wikidata.org/entity/Q131704294,Francesco Francia (maschio)
http://www.wikidata.org/entity/Q131704298,Dietisalvi di Speme (maschio)
http://www.wikidata.org/entity/Q131704296,Carlo Portelli (maschio)
http://www.wikidata.org/entity/Q131704297,Dietisalvi di Speme (maschio)
http://www.wikidata.org/entity/Q131704303,Deodato Orlandi (maschio)
http://www.wikidata.org/entity/Q131704304,Dietisalvi di Speme (maschio); Guido da Siena (maschio)
http://www.wikidata.org/entity/Q131704770,Nicolò Barabino (maschio)
http://www.wikidata.org/entity/Q131704783,Guercino (maschio)
http://www.wikidata.org/entity/Q131704780,Guercino (maschio)
http://www.wikidata.org/entity/Q131708783,Antonio Pedretti (maschio)
http://www.wikidata.org/entity/Q131719683,Orazio Gentileschi (maschio)
http://www.wikidata.org/entity/Q131719685,Luca Saltarello (maschio)
http://www.wikidata.org/entity/Q131719730,Guido Reni (maschio)
http://www.wikidata.org/entity/Q131719735,Filippo Lippi (maschio)
http://www.wikidata.org/entity/Q131719732,Paolo Veronese (maschio)
http://www.wikidata.org/entity/Q131719736,Giovanni del Biondo (maschio)
http://www.wikidata.org/entity/Q131719746,Lorenzo Salimbeni (maschio)
http://www.wikidata.org/entity/Q131719744,Pietro Lorenzetti (maschio)
http://www.wikidata.org/entity/Q131719745,Francesco Salviati (maschio)
http://www.wikidata.org/entity/Q131719756,Maestro di Marradi (maschio)
http://www.wikidata.org/entity/Q131721232,Justus Sustermans (maschio)
http://www.wikidata.org/entity/Q131748785,Filippino Lippi (maschio)
http://www.wikidata.org/entity/Q131753928,Michele Koeck (maschio)
http://www.wikidata.org/entity/Q131753929,Giovanni Antonio Burrini (maschio)
http://www.wikidata.org/entity/Q131753974,Antonio Canova (maschio)
http://www.wikidata.org/entity/Q131753985,Cesare Tallone (maschio)
http://www.wikidata.org/entity/Q131754003,Michele di Matteo (maschio)
http://www.wikidata.org/entity/Q131760459,Angelo Maccagnino (maschio)
http://www.wikidata.org/entity/Q131760462,Mariano Fortuny y Madrazo (maschio)
http://www.wikidata.org/entity/Q131760461,Francesco Salviati (maschio)
http://www.wikidata.org/entity/Q131760474,Giotto (maschio)
http://www.wikidata.org/entity/Q131760475,Felice Schiavoni (maschio)
http://www.wikidata.org/entity/Q131760472,Alessandro Longhi (maschio)
http://www.wikidata.org/entity/Q131760473,Ridolfo del Ghirlandaio (maschio)
http://www.wikidata.org/entity/Q131760478,Francesco Hayez (maschio)
http://www.wikidata.org/entity/Q131760479,Henri Félix Emmanuel Philippoteaux (maschio)
http://www.wikidata.org/entity/Q131760476,François Clouet (maschio)
http://www.wikidata.org/entity/Q131760480,Vittore Carpaccio (maschio)
http://www.wikidata.org/entity/Q131760481,Innocenzo di Pietro Francucci da Imola (maschio)
http://www.wikidata.org/entity/Q131766115,Nicolò Barabino (maschio)
http://www.wikidata.org/entity/Q131766119,Giorgio Vasari (maschio)
http://www.wikidata.org/entity/Q131766122,Paolo Veronese (maschio)
http://www.wikidata.org/entity/Q131766120,Santi di Tito (maschio)
http://www.wikidata.org/entity/Q131766143,Pietro Liberi (maschio)
http://www.wikidata.org/entity/Q131766151,Poppi (maschio)
http://www.wikidata.org/entity/Q131766148,Ambrogio Figino (maschio)
http://www.wikidata.org/entity/Q131766192,Sebastiano del Piombo (maschio)
http://www.wikidata.org/entity/Q131812877,Maso da San Friano (maschio)
http://www.wikidata.org/entity/Q131812900,Filippo Lippi (maschio)
http://www.wikidata.org/entity/Q131812901,Ambrogio Lorenzetti (maschio)
http://www.wikidata.org/entity/Q131812919,Bernardo Strozzi (maschio)
http://www.wikidata.org/entity/Q131812917,Tommaso di Piero (maschio)
http://www.wikidata.org/entity/Q131812921,Aurelio Luini (maschio)
http://www.wikidata.org/entity/Q131812935,Francesco Albani (maschio)
http://www.wikidata.org/entity/Q131812933,Bartolomeo Cesi (maschio)
http://www.wikidata.org/entity/Q131813151,Jacopo Tintoretto (maschio)
http://www.wikidata.org/entity/Q131813148,Paolo Veronese (maschio)
http://www.wikidata.org/entity/Q131813153,Jacopo Tintoretto (maschio)
http://www.wikidata.org/entity/Q131813159,Jacopo Bassano (maschio)
http://www.wikidata.org/entity/Q131813192,Andrea Pozzo (maschio)
http://www.wikidata.org/entity/Q131813340,Francesco Salviati (maschio)
http://www.wikidata.org/entity/Q131823354,Giovanni Boldini (maschio)
http://www.wikidata.org/entity/Q131823355,Paolo Veronese (maschio)
http://www.wikidata.org/entity/Q131823366,Francesco Conti (maschio)
http://www.wikidata.org/entity/Q131823364,Matteo Rosselli (maschio)
http://www.wikidata.org/entity/Q131823365,Giovanni Balducci (maschio)
http://www.wikidata.org/entity/Q131825292,Gioacchino Assereto (maschio)
http://www.wikidata.org/entity/Q131825306,Santi di Tito (maschio)
http://www.wikidata.org/entity/Q131825307,Jacopo Zucchi (maschio)
http://www.wikidata.org/entity/Q131825315,Giovanni Martini (maschio)
http://www.wikidata.org/entity/Q131825312,Francesco Cairo (maschio)
http://www.wikidata.org/entity/Q131825319,Pieter de Witte (maschio)
http://www.wikidata.org/entity/Q131825316,Bartolomeo Montagna (maschio)
http://www.wikidata.org/entity/Q131825317,Girolamo da Carpi (maschio)
http://www.wikidata.org/entity/Q131825322,Perin del Vaga (maschio)
http://www.wikidata.org/entity/Q131825323,Carlo Bononi (maschio)
http://www.wikidata.org/entity/Q131825320,Giulio Cesare Procaccini (maschio)
http://www.wikidata.org/entity/Q131825326,Benvenuto Tisi da Garofalo (maschio)
http://www.wikidata.org/entity/Q131825324,Battista Dossi (maschio)
http://www.wikidata.org/entity/Q131825329,Umberto Boccioni (maschio)
http://www.wikidata.org/entity/Q131825338,Francesco Hayez (maschio)
http://www.wikidata.org/entity/Q131825360,Jacopo di Mino del Pellicciaio (maschio)
http://www.wikidata.org/entity/Q131825364,Gino Rossi (maschio)
http://www.wikidata.org/entity/Q131830267,Luca Baudo (maschio)
http://www.wikidata.org/entity/Q131830296,Luca Baudo (maschio)
http://www.wikidata.org/entity/Q131830590,Gaetano Gandolfi (maschio)
http://www.wikidata.org/entity/Q131831531,Giulio De Rossi (maschio)
http://www.wikidata.org/entity/Q131840176,Raffaello De Rossi (maschio)
http://www.wikidata.org/entity/Q131851008,Bonifacio Veronese (maschio)
http://www.wikidata.org/entity/Q131851009,Pietro Longhi (maschio)
http://www.wikidata.org/entity/Q130212907,Justus Sustermans (maschio)
http://www.wikidata.org/entity/Q130213077,Justus Sustermans (maschio)
http://www.wikidata.org/entity/Q130213160,Justus Sustermans (maschio)
http://www.wikidata.org/entity/Q130214332,Francesco Benaglio (maschio)
http://www.wikidata.org/entity/Q130234284,Giuseppe Vermiglio (maschio)
http://www.wikidata.org/entity/Q130335034,Girolamo di Benvenuto (maschio)
http://www.wikidata.org/entity/Q130369461,François Gérard (maschio)
http://www.wikidata.org/entity/Q130375844,Iacopino del Conte (maschio)
http://www.wikidata.org/entity/Q130394364,Luigi Brignoli (maschio)
http://www.wikidata.org/entity/Q130467776,Alessandro Vitali (maschio)
http://www.wikidata.org/entity/Q130492308,Federico Barocci (maschio)
http://www.wikidata.org/entity/Q130515982,Paolo Veronese (maschio)
http://www.wikidata.org/entity/Q130536956,Federico Barocci (maschio)
http://www.wikidata.org/entity/Q130537073,Federico Barocci (maschio)
http://www.wikidata.org/entity/Q130642202,Federico Barocci (maschio)
http://www.wikidata.org/entity/Q130999230,Aurelio Lomi (maschio)
http://www.wikidata.org/entity/Q131011027,Aurelio Luini (maschio)
http://www.wikidata.org/entity/Q131100772,Giambattista Tiepolo (maschio)
http://www.wikidata.org/entity/Q131154939,Giuseppe Mentessi (maschio)
http://www.wikidata.org/entity/Q131325204,Filippo Balbi (maschio)
http://www.wikidata.org/entity/Q131340770,Baldassarre Peruzzi (maschio)
http://www.wikidata.org/entity/Q131349567,Giovanni Antonio Sogliani (maschio)
http://www.wikidata.org/entity/Q131351071,Iacopino del Conte (maschio)
http://www.wikidata.org/entity/Q131354901,Jan Frans van Douven (maschio)
http://www.wikidata.org/entity/Q131356481,Bartolomeo Passarotti (maschio)
http://www.wikidata.org/entity/Q131362573,Benvenuto Tisi da Garofalo (maschio)
http://www.wikidata.org/entity/Q131367847,Perugino (maschio)
http://www.wikidata.org/entity/Q131395036,Federico Barocci (maschio)
http://www.wikidata.org/entity/Q131414320,Francesco Brina (maschio)
http://www.wikidata.org/entity/Q131414321,Giovanni Battista Perolli (maschio)
http://www.wikidata.org/entity/Q131414326,Jacopo Chimenti (maschio)
http://www.wikidata.org/entity/Q131414433,Ludovico Gallina (maschio)
http://www.wikidata.org/entity/Q131421438,Franciabigio (maschio)
http://www.wikidata.org/entity/Q131421566,Matteo di Giovanni (maschio)
http://www.wikidata.org/entity/Q131421567,Bernardino Fungai (maschio)
http://www.wikidata.org/entity/Q131421565,Durante Alberti (maschio)
http://www.wikidata.org/entity/Q131421570,Pseudo-Pier Francesco Fiorentino (maschio)
http://www.wikidata.org/entity/Q131421571,Bernardino Poccetti (maschio)
http://www.wikidata.org/entity/Q131422002,Jacopo Palma il Giovane (maschio)
http://www.wikidata.org/entity/Q131422003,Benvenuto Tisi da Garofalo (maschio)
http://www.wikidata.org/entity/Q131422007,Ortolano (maschio)
http://www.wikidata.org/entity/Q131422004,Cesare Nebbia (maschio)
http://www.wikidata.org/entity/Q131422010,Bartolomeo di Giovanni (maschio)
http://www.wikidata.org/entity/Q131422011,Ludovico Mazzolino (maschio)
http://www.wikidata.org/entity/Q131422008,Prospero Fontana (maschio)
http://www.wikidata.org/entity/Q131422009,Jacopo Tintoretto (maschio)
http://www.wikidata.org/entity/Q131422014,Camillo Procaccini (maschio)
http://www.wikidata.org/entity/Q131422015,Dono Doni (maschio)
http://www.wikidata.org/entity/Q131422013,Pietro di Giovanni d'Ambrogio (maschio)
http://www.wikidata.org/entity/Q131422018,Ludovico Mazzolino (maschio)
http://www.wikidata.org/entity/Q131422019,Sebastiano Vini (maschio)
http://www.wikidata.org/entity/Q131422016,Giovanni Battista Ramenghi (maschio)
http://www.wikidata.org/entity/Q131422017,Lavinia Fontana (femmina)
http://www.wikidata.org/entity/Q131422022,Domenico Robusti (maschio)
http://www.wikidata.org/entity/Q131422020,Girolamo Macchietti (maschio)
http://www.wikidata.org/entity/Q131422021,Francesco Salviati (maschio)
http://www.wikidata.org/entity/Q131422036,Aldo Carpi (maschio)
http://www.wikidata.org/entity/Q131449651,Volterrano (maschio)
http://www.wikidata.org/entity/Q131449654,Donato Creti (maschio)
http://www.wikidata.org/entity/Q131449662,Guido Cagnacci (maschio)
http://www.wikidata.org/entity/Q131449660,Sebastiano Ricci (maschio)
http://www.wikidata.org/entity/Q131449661,Umberto Faini (maschio)
http://www.wikidata.org/entity/Q131449667,Giorgio Vasari (maschio)
http://www.wikidata.org/entity/Q131449675,Giorgio Vasari (maschio)
http://www.wikidata.org/entity/Q131449678,Jacopo Ligozzi (maschio)
http://www.wikidata.org/entity/Q131449679,Gregorio Lazzarini (maschio)
http://www.wikidata.org/entity/Q131449676,Ambrogio Lorenzetti (maschio)
http://www.wikidata.org/entity/Q131449680,Sebastiano Ricci (maschio)
http://www.wikidata.org/entity/Q131449695,Ettore Tito (maschio)
http://www.wikidata.org/entity/Q131449693,Matteo di Giovanni (maschio)
http://www.wikidata.org/entity/Q131449700,Alessandro Varotari (maschio)
http://www.wikidata.org/entity/Q131449706,Perin del Vaga (maschio)
http://www.wikidata.org/entity/Q131449704,Giovanni Fattori (maschio)
http://www.wikidata.org/entity/Q131449705,Alessandro Allori (maschio)
http://www.wikidata.org/entity/Q131450079,Giovanni Bilivert (maschio)
http://www.wikidata.org/entity/Q131450082,Bonifacio Veronese (maschio)
http://www.wikidata.org/entity/Q131450086,Domenico Robusti (maschio)
http://www.wikidata.org/entity/Q131450087,Jacopo di Cione (maschio)
http://www.wikidata.org/entity/Q131450084,Salvi Castellucci (maschio)
http://www.wikidata.org/entity/Q131450085,Girolamo di Benvenuto (maschio)
http://www.wikidata.org/entity/Q131450090,Bartolomeo Caporali (maschio)
http://www.wikidata.org/entity/Q131450089,Annibale Carracci (maschio)
http://www.wikidata.org/entity/Q131450094,Camillo Filippi (maschio)
http://www.wikidata.org/entity/Q131450095,Cristoforo Scacco di Verona (maschio)
http://www.wikidata.org/entity/Q131450092,Giuseppe Mazzuoli (maschio)
http://www.wikidata.org/entity/Q131450093,Benvenuto Tisi da Garofalo (maschio)
http://www.wikidata.org/entity/Q131450098,Passignano (maschio)
http://www.wikidata.org/entity/Q131450099,Francesco Botticini (maschio)
http://www.wikidata.org/entity/Q131450096,Domenico Beccafumi (maschio)
http://www.wikidata.org/entity/Q131450103,Giovanni Bilivert (maschio)
http://www.wikidata.org/entity/Q131450100,Francesco Salviati (maschio)
http://www.wikidata.org/entity/Q131450107,Jacopo Chimenti (maschio)
http://www.wikidata.org/entity/Q131450104,Giovanni Domenico Ferretti (maschio)
http://www.wikidata.org/entity/Q131450105,Girolamo Mazzola Bedoli (maschio)
http://www.wikidata.org/entity/Q131450111,Pietro Faccini (maschio)
http://www.wikidata.org/entity/Q131450108,Ludovico Carracci (maschio)
http://www.wikidata.org/entity/Q131450109,Orazio Gentileschi (maschio)
http://www.wikidata.org/entity/Q131450114,Vittore Carpaccio (maschio)
http://www.wikidata.org/entity/Q131450115,Maestro di Barberino (maschio)
http://www.wikidata.org/entity/Q131450112,Pomponio Amalteo (maschio)
http://www.wikidata.org/entity/Q131851014,Piero di Cosimo (maschio)
http://www.wikidata.org/entity/Q131851015,Angelo Morbelli (maschio)
http://www.wikidata.org/entity/Q131851012,Bartolomeo di David (maschio)
http://www.wikidata.org/entity/Q131851013,Sebastiano Vini (maschio)
http://www.wikidata.org/entity/Q131851018,Giovanni Toscani (maschio)
http://www.wikidata.org/entity/Q131851016,Bernardo Strozzi (maschio)
http://www.wikidata.org/entity/Q131851028,Paolo Veronese (maschio)
http://www.wikidata.org/entity/Q131851035,Giovanni Benedetto Castiglione (maschio)
http://www.wikidata.org/entity/Q131851042,Paolo Veronese (maschio)
http://www.wikidata.org/entity/Q131851041,Paolo Veronese (maschio)
http://www.wikidata.org/entity/Q131851051,Paolo Veronese (maschio)
http://www.wikidata.org/entity/Q131851094,Sano di Pietro (maschio)
http://www.wikidata.org/entity/Q131851100,Jacopo Tintoretto (maschio)
http://www.wikidata.org/entity/Q131851106,Polidoro da Caravaggio (maschio)
http://www.wikidata.org/entity/Q131851108,David Ghirlandaio (maschio)
http://www.wikidata.org/entity/Q131851122,Giorgio Vasari (maschio)
http://www.wikidata.org/entity/Q131851126,Paolo Veronese (maschio)
http://www.wikidata.org/entity/Q131851124,Paolo Veronese (maschio)
http://www.wikidata.org/entity/Q131851125,Gherardo Starnina (maschio)
http://www.wikidata.org/entity/Q131851135,Jacopo Tintoretto (maschio)
http://www.wikidata.org/entity/Q131851136,Paolo Veronese (maschio)
http://www.wikidata.org/entity/Q131856664,Giovanni Andrea De Ferrari (maschio)
http://www.wikidata.org/entity/Q131856823,Domenico Fiasella (maschio)
http://www.wikidata.org/entity/Q131857319,Orazio De Ferrari (maschio)
http://www.wikidata.org/entity/Q131857510,Giovanni Andrea De Ferrari (maschio)
http://www.wikidata.org/entity/Q131859480,Giovanni Andrea De Ferrari (maschio)
http://www.wikidata.org/entity/Q131868524,Giulio Benso (maschio)
http://www.wikidata.org/entity/Q131919623,Benvenuto Tisi da Garofalo (maschio)
http://www.wikidata.org/entity/Q131937025,Maestro dei dodici apostoli (maschio)
http://www.wikidata.org/entity/Q131937030,Ludovico Mazzolino (maschio)
http://www.wikidata.org/entity/Q131937031,Santi di Tito (maschio)
http://www.wikidata.org/entity/Q131937032,Vittore Carpaccio (maschio)
http://www.wikidata.org/entity/Q131937036,Francesco Granacci (maschio)
http://www.wikidata.org/entity/Q131937042,Wolfgang Heimbach (maschio)
http://www.wikidata.org/entity/Q131937045,Ambrogio Lorenzetti (maschio)
http://www.wikidata.org/entity/Q131937061,Giuseppe Migneco (maschio)
http://www.wikidata.org/entity/Q131937066,Pieter de Witte (maschio)
http://www.wikidata.org/entity/Q131937070,Giuseppe Porta (maschio)
http://www.wikidata.org/entity/Q131937078,Andrea di Bartolo (maschio)
http://www.wikidata.org/entity/Q131937079,Antonio della Corna (maschio)
http://www.wikidata.org/entity/Q131937080,Giorgio Vasari (maschio)
http://www.wikidata.org/entity/Q131937081,Jacopo Tintoretto (maschio)
http://www.wikidata.org/entity/Q131937094,Carmelo Nino Trovato (maschio)
http://www.wikidata.org/entity/Q131937102,Gaudenzio Ferrari (maschio)
http://www.wikidata.org/entity/Q131937109,Lorenzo Lippi (maschio)
http://www.wikidata.org/entity/Q131937113,Carlo Levi (maschio)
http://www.wikidata.org/entity/Q131937118,Domenico Beccafumi (maschio)
http://www.wikidata.org/entity/Q132147956,Andrea da Bologna (maschio)
http://www.wikidata.org/entity/Q132147995,Antonio Semino (maschio); Teramo Piaggio (maschio)
http://www.wikidata.org/entity/Q132147993,Domenichino (maschio)
http://www.wikidata.org/entity/Q132147998,Giovanni Bizzelli (maschio)
http://www.wikidata.org/entity/Q132147996,Gioacchino Assereto (maschio)
http://www.wikidata.org/entity/Q132147997,Valentin de Boulogne (maschio)
http://www.wikidata.org/entity/Q132148002,Lodovico Cigoli (maschio)
http://www.wikidata.org/entity/Q132148006,Guercino (maschio)
http://www.wikidata.org/entity/Q132148011,Duccio di Buoninsegna (maschio)
http://www.wikidata.org/entity/Q132148013,Matteo di Giovanni (maschio)
http://www.wikidata.org/entity/Q132148016,Niccolò Cannicci (maschio)
http://www.wikidata.org/entity/Q132148031,Franciabigio (maschio)
http://www.wikidata.org/entity/Q132148039,Jacopo Chimenti (maschio)
http://www.wikidata.org/entity/Q132148037,Giovanni Maria Butteri (maschio)
http://www.wikidata.org/entity/Q132148050,Domenico Fetti (maschio)
http://www.wikidata.org/entity/Q132148051,Jacopo Tintoretto (maschio)
http://www.wikidata.org/entity/Q132148054,Alessandro Allori (maschio)
http://www.wikidata.org/entity/Q132148052,Sebastiano Vini (maschio)
http://www.wikidata.org/entity/Q132148057,Alessandro Allori (maschio)
http://www.wikidata.org/entity/Q132148061,Vittore Carpaccio (maschio)
http://www.wikidata.org/entity/Q132148134,Giorgio Vasari (maschio)
http://www.wikidata.org/entity/Q132148137,Cosmè Tura (maschio)
http://www.wikidata.org/entity/Q132166270,Antonello da Messina (maschio)
http://www.wikidata.org/entity/Q132166271,Benedetto Rusconi (maschio)
http://www.wikidata.org/entity/Q132166275,Leonardo Boldrini (maschio)
http://www.wikidata.org/entity/Q132166272,Santi Pacini (maschio)
http://www.wikidata.org/entity/Q132166292,Maestro di Castelsardo (maschio)
http://www.wikidata.org/entity/Q132166298,Joan Figueira (maschio)
http://www.wikidata.org/entity/Q132166296,Giovanni Bellini (maschio)
http://www.wikidata.org/entity/Q132166297,Bartolomeo Montagna (maschio)
http://www.wikidata.org/entity/Q132190189,Alessandro Varotari (maschio)
http://www.wikidata.org/entity/Q132247240,Benvenuto Tisi da Garofalo (maschio)
http://www.wikidata.org/entity/Q132247244,Passignano (maschio)
http://www.wikidata.org/entity/Q132247267,Giuseppe Maria Crespi (maschio)
http://www.wikidata.org/entity/Q132247310,Deodato Orlandi (maschio)
http://www.wikidata.org/entity/Q132247313,Angelo Caroselli (maschio)
http://www.wikidata.org/entity/Q132247316,Frans van Mieris il Vecchio (maschio)
http://www.wikidata.org/entity/Q132247327,Benozzo Gozzoli (maschio)
http://www.wikidata.org/entity/Q132247331,Andrea Mantegna (maschio)
http://www.wikidata.org/entity/Q132247328,Domenico Ghirlandaio (maschio)
http://www.wikidata.org/entity/Q132247334,Nicola di Ulisse da Siena (maschio)
http://www.wikidata.org/entity/Q132247338,Paolo Veneziano (maschio)
http://www.wikidata.org/entity/Q132247378,Domenico Beccafumi (maschio)
http://www.wikidata.org/entity/Q132247376,Domenico Beccafumi (maschio)
http://www.wikidata.org/entity/Q132247380,Il Sodoma (maschio)
http://www.wikidata.org/entity/Q132247435,Gaetano Previati (maschio)
http://www.wikidata.org/entity/Q132247451,Giovanni Battista Naldini (maschio)
http://www.wikidata.org/entity/Q132397606,Santi di Tito (maschio)
http://www.wikidata.org/entity/Q132397607,Sebastiano del Piombo (maschio)
http://www.wikidata.org/entity/Q132397604,Masolino da Panicale (maschio)
http://www.wikidata.org/entity/Q132397610,Santi Pacini (maschio)
http://www.wikidata.org/entity/Q132397611,Andrea di Mariotto del Minga (maschio); Carlo Portelli (maschio)
http://www.wikidata.org/entity/Q132397621,Francesco di Antonio di Bartolomeo (maschio)
http://www.wikidata.org/entity/Q132397631,Cecco di Pietro (maschio)
http://www.wikidata.org/entity/Q132397663,Ugolino di Nerio (maschio)
http://www.wikidata.org/entity/Q132397660,Lorenzo Monaco (maschio)
http://www.wikidata.org/entity/Q132397666,Biagio di Antonio Tucci (maschio)
http://www.wikidata.org/entity/Q132397667,Neri di Bicci (maschio)
http://www.wikidata.org/entity/Q132397664,Neri di Bicci (maschio)
http://www.wikidata.org/entity/Q132397665,Bartolomeo di Giovanni (maschio)
http://www.wikidata.org/entity/Q132397670,Giovanni del Biondo (maschio)
http://www.wikidata.org/entity/Q132397668,Neri di Bicci (maschio)
http://www.wikidata.org/entity/Q132397669,Antonio del Ceraiolo (maschio)
http://www.wikidata.org/entity/Q132397673,Cavalier d'Arpino (maschio)
http://www.wikidata.org/entity/Q132397679,Giovan Paolo Schor (maschio)
http://www.wikidata.org/entity/Q132397687,Sebastiano Ricci (maschio)
http://www.wikidata.org/entity/Q132397698,Luca Giordano (maschio)
http://www.wikidata.org/entity/Q132397696,Ludovico Mazzolino (maschio)
http://www.wikidata.org/entity/Q132397700,Luca Giordano (maschio)
http://www.wikidata.org/entity/Q132397710,Benvenuto Tisi da Garofalo (maschio)
http://www.wikidata.org/entity/Q132397711,Carlo Maratta (maschio)
http://www.wikidata.org/entity/Q132397715,Giovanni Lanfranco (maschio)
http://www.wikidata.org/entity/Q132397712,Liberale da Verona (maschio)
http://www.wikidata.org/entity/Q132397719,Giuseppe Porta (maschio)
http://www.wikidata.org/entity/Q132397716,Giovanni Lanfranco (maschio)
http://www.wikidata.org/entity/Q132397721,Cesare Dandini (maschio)
http://www.wikidata.org/entity/Q132397728,Battista Franco (maschio)
http://www.wikidata.org/entity/Q132397743,Il Sodoma (maschio)
http://www.wikidata.org/entity/Q132397741,Francesco Hayez (maschio)
http://www.wikidata.org/entity/Q132397746,Polidoro da Lanciano (maschio)
http://www.wikidata.org/entity/Q132397744,Francesco Botticini (maschio)
http://www.wikidata.org/entity/Q132397750,Carlo Bononi (maschio)
http://www.wikidata.org/entity/Q132397751,Annibale Carracci (maschio)
http://www.wikidata.org/entity/Q132397749,Sinibaldo Scorza (maschio)
http://www.wikidata.org/entity/Q132397755,Maestro di Figline (maschio)
http://www.wikidata.org/entity/Q132397753,Vicino da Ferrara (maschio)
http://www.wikidata.org/entity/Q132397758,Giuseppe Caletti (maschio)
http://www.wikidata.org/entity/Q132397759,Ambrogio Lorenzetti (maschio)
http://www.wikidata.org/entity/Q132397756,Guercino (maschio)
http://www.wikidata.org/entity/Q132397757,Domenico Beccafumi (maschio)
http://www.wikidata.org/entity/Q132397761,Guido Reni (maschio)
http://www.wikidata.org/entity/Q132732649,Ottavio Bizzozzero (maschio)
http://www.wikidata.org/entity/Q132732774,Ottavio Bizzozzero (maschio)
http://www.wikidata.org/entity/Q132861558,Bernardino Luini (maschio)
http://www.wikidata.org/entity/Q133269222,Maddalena Corvina (femmina)
http://www.wikidata.org/entity/Q133269326,Matilde Malenchini (femmina)
http://www.wikidata.org/entity/Q133269393,Emma Gaggiotti Richards (femmina)
http://www.wikidata.org/entity/Q133272425,Emma Gaggiotti Richards (femmina)
http://www.wikidata.org/entity/Q133273079,Rosa Mezzera (femmina)
http://www.wikidata.org/entity/Q133273191,Rosa Mezzera (femmina)
http://www.wikidata.org/entity/Q133280990,Bernardo Strozzi (maschio)
http://www.wikidata.org/entity/Q133280991,Matteo di Giovanni (maschio)
http://www.wikidata.org/entity/Q133280994,Nicola di Maestro Antonio d'Ancona (maschio)
http://www.wikidata.org/entity/Q133280993,Lorenzo di Credi (maschio)
http://www.wikidata.org/entity/Q133280996,Andrea Mantegna (maschio)
http://www.wikidata.org/entity/Q133281004,Cosmè Tura (maschio)
http://www.wikidata.org/entity/Q133281008,Bartolomeo di Giovanni (maschio)
http://www.wikidata.org/entity/Q133281009,Tiziano Vecellio (maschio)
http://www.wikidata.org/entity/Q133281015,Quirizio di Giovanni da Murano (maschio)
http://www.wikidata.org/entity/Q133281013,Giovanni del Biondo (maschio)
http://www.wikidata.org/entity/Q133281018,Cecco Bravo (maschio)
http://www.wikidata.org/entity/Q133281016,Annibale Carracci (maschio)
http://www.wikidata.org/entity/Q133281023,Giovanni Bellini (maschio)
http://www.wikidata.org/entity/Q133281021,Bernardo Strozzi (maschio)
http://www.wikidata.org/entity/Q133281027,Guercino (maschio)
http://www.wikidata.org/entity/Q133281024,Domenico Salvi (maschio)
http://www.wikidata.org/entity/Q133281030,El Greco (maschio)
http://www.wikidata.org/entity/Q133281031,Il Pordenone (maschio)
http://www.wikidata.org/entity/Q133281028,Vittore Carpaccio (maschio)
http://www.wikidata.org/entity/Q133281038,Michele Giambono (maschio)
http://www.wikidata.org/entity/Q133281054,Il Pordenone (maschio)
http://www.wikidata.org/entity/Q133281058,Lorenzo Salimbeni (maschio)
http://www.wikidata.org/entity/Q133281056,Jacopo Tintoretto (maschio)
http://www.wikidata.org/entity/Q133281062,Andrea Mantegna (maschio)
http://www.wikidata.org/entity/Q133281060,Aldo Carpi (maschio)
http://www.wikidata.org/entity/Q133281064,Gianfilippo Usellini (maschio)
http://www.wikidata.org/entity/Q133281065,Andrea Pozzo (maschio)
http://www.wikidata.org/entity/Q133281074,Carletto Caliari (maschio)
http://www.wikidata.org/entity/Q133281075,Luca Giordano (maschio)
http://www.wikidata.org/entity/Q133281073,Antonio Zanchi (maschio)
http://www.wikidata.org/entity/Q133281078,Girolamo Siciolante da Sermoneta (maschio)
http://www.wikidata.org/entity/Q133281079,Filippo Lippi (maschio)
http://www.wikidata.org/entity/Q133281076,Sebastiano Ricci (maschio)
http://www.wikidata.org/entity/Q133281091,Cecco Bravo (maschio)
http://www.wikidata.org/entity/Q133281094,Sebastiano del Piombo (maschio)
http://www.wikidata.org/entity/Q133281103,Umberto Boccioni (maschio)
http://www.wikidata.org/entity/Q133377050,Philip de László (maschio)
http://www.wikidata.org/entity/Q133460319,Giustiniana Guidotti (femmina)
http://www.wikidata.org/entity/Q133520790,Giulio Aristide Sartorio (maschio)
http://www.wikidata.org/entity/Q133538987,Justus Sustermans (maschio)
http://www.wikidata.org/entity/Q133572599,Mosè Bianchi (maschio)
http://www.wikidata.org/entity/Q133580122,Giulio Aristide Sartorio (maschio)
http://www.wikidata.org/entity/Q133663142,Giulio Aristide Sartorio (maschio)
http://www.wikidata.org/entity/Q133756640,Giovanni Cariani (maschio)
http://www.wikidata.org/entity/Q133806816,Guercino (maschio)
http://www.wikidata.org/entity/Q133832267,Jacopo Tintoretto (maschio)
http://www.wikidata.org/entity/Q133838769,Emanuel Amberger (maschio)
http://www.wikidata.org/entity/Q133853068,Perugino (maschio)
http://www.wikidata.org/entity/Q133853701,Gian Paolo Cavagna (maschio)
http://www.wikidata.org/entity/Q133857279,Tiziano Vecellio (maschio)
http://www.wikidata.org/entity/Q133871397,Giuseppe De Nittis (maschio)
http://www.wikidata.org/entity/Q133877955,Mariano Fortuny y Madrazo (maschio)
http://www.wikidata.org/entity/Q133878297,Mariano Fortuny y Madrazo (maschio)
http://www.wikidata.org/entity/Q133878813,Mariano Fortuny y Madrazo (maschio)
http://www.wikidata.org/entity/Q134475701,Giulio Aristide Sartorio (maschio)
http://www.wikidata.org/entity/Q134486443,Guercino (maschio)
http://www.wikidata.org/entity/Q134580708,Andrea Previtali (maschio)
http://www.wikidata.org/entity/Q134691464,Pier Leone Ghezzi (maschio)
http://www.wikidata.org/entity/Q134699222,Oscar Sorgato (maschio)
http://www.wikidata.org/entity/Q134820887,Marco Basaiti (maschio)
http://www.wikidata.org/entity/Q134960128,Agnolo Bronzino (maschio)
http://www.wikidata.org/entity/Q135088946,Giuseppe De Nittis (maschio)
http://www.wikidata.org/entity/Q135089031,Giuseppe De Nittis (maschio)
http://www.wikidata.org/entity/Q135089170,Giuseppe De Nittis (maschio)
http://www.wikidata.org/entity/Q135089208,Giuseppe De Nittis (maschio)
http://www.wikidata.org/entity/Q135089338,Giuseppe De Nittis (maschio)
http://www.wikidata.org/entity/Q135097382,Giuseppe De Nittis (maschio)
http://www.wikidata.org/entity/Q135098524,Giuseppe De Nittis (maschio)
http://www.wikidata.org/entity/Q135111963,Francesco Grandi (maschio)
http://www.wikidata.org/entity/Q135213019,Giuseppe De Nittis (maschio)
http://www.wikidata.org/entity/Q135213092,Giuseppe De Nittis (maschio)
http://www.wikidata.org/entity/Q135216092,Giuseppe De Nittis (maschio)
http://www.wikidata.org/entity/Q135216430,Giuseppe De Nittis (maschio)
http://www.wikidata.org/entity/Q135219976,Giulio Aristide Sartorio (maschio)
http://www.wikidata.org/entity/Q135669652,Giacinto Brandi (maschio)
http://www.wikidata.org/entity/Q135761987,Francesco Hayez (maschio)
http://www.wikidata.org/entity/Q135971600,Giulio Bruni (maschio)
http://www.wikidata.org/entity/Q135971947,Giovanni Andrea Ansaldo (maschio)
http://www.wikidata.org/entity/Q135988557,Jacob Ferdinand Voet (maschio)
http://www.wikidata.org/entity/Q135989185,Pietro Paolo Veglia (maschio)
http://www.wikidata.org/entity/Q136359717,Vincenzo De Stefani (maschio)
http://www.wikidata.org/entity/Q136359850,Vincenzo De Stefani (maschio)
http://www.wikidata.org/entity/Q136419815,Francesco Botti (maschio)
http://www.wikidata.org/entity/Q136445881,Tiziano Vecellio (maschio)
http://www.wikidata.org/entity/Q136446304,Orlando Flacco (maschio)
http://www.wikidata.org/entity/Q136452782,Orazio Vecellio (maschio)
http://www.wikidata.org/entity/Q136488593,Domenico Robusti (maschio)
http://www.wikidata.org/entity/Q136497894,Giovanni Cariani (maschio)
http://www.wikidata.org/entity/Q136747345,Giuseppe Riva (pittore 1861-1948) (maschio)
http://www.wikidata.org/entity/Q136807706,Giovanni Cariani (maschio)
http://www.wikidata.org/entity/Q136840231,Tiziano Vecellio (maschio)
http://www.wikidata.org/entity/Q136934711,Lambert Sustris (maschio)
http://www.wikidata.org/entity/Q137040888,Tiziano Vecellio (maschio)
http://www.wikidata.org/entity/Q137169658,Giovanni Cariani (maschio)
http://www.wikidata.org/entity/Q137268771,Giovanni Battista Salvi (maschio)
http://www.wikidata.org/entity/Q137357477,Giovanni Battista Salvi (maschio)
http://www.wikidata.org/entity/Q137395888,Guercino (maschio)
