id,data_creazione
http://www.wikidata.org/entity/Q151047,1485
http://www.wikidata.org/entity/Q180632,1546
http://www.wikidata.org/entity/Q368788,1483
http://www.wikidata.org/entity/Q428274,1510
http://www.wikidata.org/entity/Q488825,1475
http://www.wikidata.org/entity/Q493792,1545
http://www.wikidata.org/entity/Q532486,1610
http://www.wikidata.org/entity/Q546297,1483
http://www.wikidata.org/entity/Q549847,1480
http://www.wikidata.org/entity/Q580853,1465
http://www.wikidata.org/entity/Q592551,1477
http://www.wikidata.org/entity/Q672817,1501
http://www.wikidata.org/entity/Q732821,1497
http://www.wikidata.org/entity/Q733017,1435
http://www.wikidata.org/entity/Q734197,1306
http://www.wikidata.org/entity/Q742801,1470
http://www.wikidata.org/entity/Q794077,1514
http://www.wikidata.org/entity/Q867678,1535 | 1600
http://www.wikidata.org/entity/Q924655,1564
http://www.wikidata.org/entity/Q945250,1494
http://www.wikidata.org/entity/Q945625,1500
http://www.wikidata.org/entity/Q948034,1513
http://www.wikidata.org/entity/Q955295,1470
http://www.wikidata.org/entity/Q959174,1474
http://www.wikidata.org/entity/Q1055111,1460
http://www.wikidata.org/entity/Q1109340,1470
http://www.wikidata.org/entity/Q1109475,1528
http://www.wikidata.org/entity/Q1110146,1540
http://www.wikidata.org/entity/Q1111232,1450
http://www.wikidata.org/entity/Q1113938,1480
http://www.wikidata.org/entity/Q1114823,1490
http://www.wikidata.org/entity/Q1114856,1490
http://www.wikidata.org/entity/Q1114881,1484
http://www.wikidata.org/entity/Q1115413,1501
http://www.wikidata.org/entity/Q1115423,1490 | 1495
http://www.wikidata.org/entity/Q1119008,1506
http://www.wikidata.org/entity/Q1119782,1481
http://www.wikidata.org/entity/Q1121644,1873
http://www.wikidata.org/entity/Q1122002,1500
http://www.wikidata.org/entity/Q1122537,1599
http://www.wikidata.org/entity/Q1131263,1488 | 1490
http://www.wikidata.org/entity/Q1132479,1608
http://www.wikidata.org/entity/Q1132486,1610
http://www.wikidata.org/entity/Q1134060,1606
http://www.wikidata.org/entity/Q1195035,1859
http://www.wikidata.org/entity/Q1212920,1459
http://www.wikidata.org/entity/Q1215809,1500
http://www.wikidata.org/entity/Q1217187,1497
http://www.wikidata.org/entity/Q1237596,1519
http://www.wikidata.org/entity/Q1240092,1700
http://www.wikidata.org/entity/Q1328065,1544
http://www.wikidata.org/entity/Q1448203,1600
http://www.wikidata.org/entity/Q1448701,1604
http://www.wikidata.org/entity/Q1460271,1605
http://www.wikidata.org/entity/Q1751408,1487
http://www.wikidata.org/entity/Q1761496,1470
http://www.wikidata.org/entity/Q1762826,1475
http://www.wikidata.org/entity/Q1863885,1523
http://www.wikidata.org/entity/Q1899740,1517
http://www.wikidata.org/entity/Q2011510,1598
http://www.wikidata.org/entity/Q2016193,1300
http://www.wikidata.org/entity/Q2030685,1504
http://www.wikidata.org/entity/Q2035209,1506
http://www.wikidata.org/entity/Q2045726,1503
http://www.wikidata.org/entity/Q2066739,1457 | 1460
http://www.wikidata.org/entity/Q2092566,1500
http://www.wikidata.org/entity/Q2097931,1606
http://www.wikidata.org/entity/Q2247307,1460
http://www.wikidata.org/entity/Q2264942,1607
http://www.wikidata.org/entity/Q2267509,1470
http://www.wikidata.org/entity/Q2268013,1460
http://www.wikidata.org/entity/Q2269291,1487
http://www.wikidata.org/entity/Q2269585,1480
http://www.wikidata.org/entity/Q2270291,1600
http://www.wikidata.org/entity/Q2273517,1600 | 1604
http://www.wikidata.org/entity/Q2275353,1606
http://www.wikidata.org/entity/Q2275371,1606
http://www.wikidata.org/entity/Q2277635,1609
http://www.wikidata.org/entity/Q2284829,1603
http://www.wikidata.org/entity/Q2293905,1597
http://www.wikidata.org/entity/Q2293936,1595
http://www.wikidata.org/entity/Q2325834,1605
http://www.wikidata.org/entity/Q2327715,1609
http://www.wikidata.org/entity/Q2337873,1602
http://www.wikidata.org/entity/Q2338404,1485
http://www.wikidata.org/entity/Q2338417,1600
http://www.wikidata.org/entity/Q2343939,1501
http://www.wikidata.org/entity/Q2405771,1485
http://www.wikidata.org/entity/Q2426058,1482
http://www.wikidata.org/entity/Q2448678,1611
http://www.wikidata.org/entity/Q2459887,1516
http://www.wikidata.org/entity/Q2470123,1599
http://www.wikidata.org/entity/Q2472983,1593
http://www.wikidata.org/entity/Q2515309,1500
http://www.wikidata.org/entity/Q2551625,1483
http://www.wikidata.org/entity/Q2610729,1518
http://www.wikidata.org/entity/Q2610936,1594
http://www.wikidata.org/entity/Q2626595,1600 | 1607
http://www.wikidata.org/entity/Q2627056,1605
http://www.wikidata.org/entity/Q2629715,1503
http://www.wikidata.org/entity/Q3842594,1490
http://www.wikidata.org/entity/Q3842673,1490
http://www.wikidata.org/entity/Q3842700,1530
http://www.wikidata.org/entity/Q3842706,1480
http://www.wikidata.org/entity/Q3842713,1472
http://www.wikidata.org/entity/Q3842725,1472
http://www.wikidata.org/entity/Q3862624,1426
http://www.wikidata.org/entity/Q3863247,1510
http://www.wikidata.org/entity/Q3873244,1430
http://www.wikidata.org/entity/Q3877894,1531
http://www.wikidata.org/entity/Q3879242,1508
http://www.wikidata.org/entity/Q3884948,1502
http://www.wikidata.org/entity/Q3885620,1509
http://www.wikidata.org/entity/Q3889195,1514
http://www.wikidata.org/entity/Q3889203,1520
http://www.wikidata.org/entity/Q3889211,1494
http://www.wikidata.org/entity/Q3889220,1467 | 1474
http://www.wikidata.org/entity/Q3889229,1530
http://www.wikidata.org/entity/Q3889247,1471
http://www.wikidata.org/entity/Q3889254,1487
http://www.wikidata.org/entity/Q3889255,1526
http://www.wikidata.org/entity/Q3889253,1493
http://www.wikidata.org/entity/Q3904392,1455
http://www.wikidata.org/entity/Q3904398,1538
http://www.wikidata.org/entity/Q3907344,1457 | 1460
http://www.wikidata.org/entity/Q3907497,1507
http://www.wikidata.org/entity/Q3908184,1411
http://www.wikidata.org/entity/Q3910087,1500
http://www.wikidata.org/entity/Q3910913,1552
http://www.wikidata.org/entity/Q3921705,1889
http://www.wikidata.org/entity/Q3921912,1472
http://www.wikidata.org/entity/Q3924389,1505
http://www.wikidata.org/entity/Q3925592,1510
http://www.wikidata.org/entity/Q3937080,1910
http://www.wikidata.org/entity/Q3937438,1505
http://www.wikidata.org/entity/Q3937502,1510
http://www.wikidata.org/entity/Q3937511,1537
http://www.wikidata.org/entity/Q3937547,1606
http://www.wikidata.org/entity/Q3937553,1546
http://www.wikidata.org/entity/Q3937561,1571
http://www.wikidata.org/entity/Q3937569,1532
http://www.wikidata.org/entity/Q3937598,1520
http://www.wikidata.org/entity/Q3937634,1900
http://www.wikidata.org/entity/Q3937643,1543
http://www.wikidata.org/entity/Q3944499,1490
http://www.wikidata.org/entity/Q3944515,1513
http://www.wikidata.org/entity/Q3945254,1411
http://www.wikidata.org/entity/Q3945710,1527
http://www.wikidata.org/entity/Q3946910,1523
http://www.wikidata.org/entity/Q3947013,1475
http://www.wikidata.org/entity/Q3947064,1509
http://www.wikidata.org/entity/Q3947210,1460
http://www.wikidata.org/entity/Q3947211,1510
http://www.wikidata.org/entity/Q3947277,1520
http://www.wikidata.org/entity/Q3947281,1523
http://www.wikidata.org/entity/Q3947288,1493
http://www.wikidata.org/entity/Q3947375,1528
http://www.wikidata.org/entity/Q3947504,1300
http://www.wikidata.org/entity/Q3947687,1573
http://www.wikidata.org/entity/Q3947723,1527
http://www.wikidata.org/entity/Q3947812,1611
http://www.wikidata.org/entity/Q3948034,1523
http://www.wikidata.org/entity/Q3948651,1523
http://www.wikidata.org/entity/Q3948701,1620
http://www.wikidata.org/entity/Q3949208,1450 | 1475 | 1478
http://www.wikidata.org/entity/Q3949310,1523
http://www.wikidata.org/entity/Q3949373,1523
http://www.wikidata.org/entity/Q3949458,
http://www.wikidata.org/entity/Q3949459,
http://www.wikidata.org/entity/Q3954057,1472
http://www.wikidata.org/entity/Q3967206,1513
http://www.wikidata.org/entity/Q3973584,1525
http://www.wikidata.org/entity/Q3974449,1447
http://www.wikidata.org/entity/Q3979950,1433
http://www.wikidata.org/entity/Q3979952,1432
http://www.wikidata.org/entity/Q3979961,1521
http://www.wikidata.org/entity/Q3981174,1521
http://www.wikidata.org/entity/Q3982379,1336
http://www.wikidata.org/entity/Q3983114,1470
http://www.wikidata.org/entity/Q3984830,1460
http://www.wikidata.org/entity/Q3985169,1494
http://www.wikidata.org/entity/Q3985186,1315
http://www.wikidata.org/entity/Q3985472,1456
http://www.wikidata.org/entity/Q3992111,1542
http://www.wikidata.org/entity/Q3994163,1436
http://www.wikidata.org/entity/Q3997723,1478
http://www.wikidata.org/entity/Q3998940,1336
http://www.wikidata.org/entity/Q3999094,1516
http://www.wikidata.org/entity/Q3999095,1488
http://www.wikidata.org/entity/Q4006302,1450
http://www.wikidata.org/entity/Q4010476,1287
http://www.wikidata.org/entity/Q4010941,1511
http://www.wikidata.org/entity/Q4014547,1450
http://www.wikidata.org/entity/Q4015931,1476
http://www.wikidata.org/entity/Q4015932,1502
http://www.wikidata.org/entity/Q5659648,1730 | 1732
http://www.wikidata.org/entity/Q5954551,1486
http://www.wikidata.org/entity/Q6696013,1505
http://www.wikidata.org/entity/Q7232252,1526
http://www.wikidata.org/entity/Q7232287,1545
http://www.wikidata.org/entity/Q2635552,1509
http://www.wikidata.org/entity/Q2665840,1575
http://www.wikidata.org/entity/Q2713203,1605
http://www.wikidata.org/entity/Q2713823,1504
http://www.wikidata.org/entity/Q2714237,1489
http://www.wikidata.org/entity/Q2715177,1606
http://www.wikidata.org/entity/Q2715302,1605
http://www.wikidata.org/entity/Q2717478,1467
http://www.wikidata.org/entity/Q2732274,1593
http://www.wikidata.org/entity/Q2734111,1598
http://www.wikidata.org/entity/Q2866382,1291
http://www.wikidata.org/entity/Q2872721,1791
http://www.wikidata.org/entity/Q2920183,1564
http://www.wikidata.org/entity/Q2929922,1291
http://www.wikidata.org/entity/Q3044873,1291
http://www.wikidata.org/entity/Q3185885,1291
http://www.wikidata.org/entity/Q3201479,1485
http://www.wikidata.org/entity/Q3207247,1915
http://www.wikidata.org/entity/Q3207678,1495
http://www.wikidata.org/entity/Q3207989,1484
http://www.wikidata.org/entity/Q3210267,1470 | 1477
http://www.wikidata.org/entity/Q3213773,1469
http://www.wikidata.org/entity/Q3213778,1470
http://www.wikidata.org/entity/Q3213801,1469
http://www.wikidata.org/entity/Q3220282,1500
http://www.wikidata.org/entity/Q3223625,1602
http://www.wikidata.org/entity/Q3276171,1295
http://www.wikidata.org/entity/Q3276168,1290
http://www.wikidata.org/entity/Q3276180,1291
http://www.wikidata.org/entity/Q3399438,1479
http://www.wikidata.org/entity/Q3463871,1518
http://www.wikidata.org/entity/Q3464027,1291
http://www.wikidata.org/entity/Q3471589,1291
http://www.wikidata.org/entity/Q3472935,1320
http://www.wikidata.org/entity/Q3495790,1515
http://www.wikidata.org/entity/Q3605530,1740
http://www.wikidata.org/entity/Q3605532,1496
http://www.wikidata.org/entity/Q3605568,1463
http://www.wikidata.org/entity/Q3618188,1528
http://www.wikidata.org/entity/Q3620766,1757
http://www.wikidata.org/entity/Q3620765,1760
http://www.wikidata.org/entity/Q3623738,1515
http://www.wikidata.org/entity/Q3625842,1544
http://www.wikidata.org/entity/Q3627401,1517
http://www.wikidata.org/entity/Q3630726,1542
http://www.wikidata.org/entity/Q3636748,1511
http://www.wikidata.org/entity/Q3639064,1886
http://www.wikidata.org/entity/Q3642142,1300
http://www.wikidata.org/entity/Q3650885,1460
http://www.wikidata.org/entity/Q3685501,1512
http://www.wikidata.org/entity/Q3686814,1510
http://www.wikidata.org/entity/Q3697588,1487
http://www.wikidata.org/entity/Q3697602,1430
http://www.wikidata.org/entity/Q3697640,1445 | 1447
http://www.wikidata.org/entity/Q3698182,1600
http://www.wikidata.org/entity/Q3698204,1545
http://www.wikidata.org/entity/Q3704794,1638
http://www.wikidata.org/entity/Q3706331,1510
http://www.wikidata.org/entity/Q3709306,1520
http://www.wikidata.org/entity/Q3711898,1250
http://www.wikidata.org/entity/Q3714445,1528
http://www.wikidata.org/entity/Q3725199,1520
http://www.wikidata.org/entity/Q3725832,1627
http://www.wikidata.org/entity/Q3731103,1450
http://www.wikidata.org/entity/Q3732905,1452
http://www.wikidata.org/entity/Q3740793,1470
http://www.wikidata.org/entity/Q3743879,1518
http://www.wikidata.org/entity/Q3747239,1423
http://www.wikidata.org/entity/Q3752350,1300
http://www.wikidata.org/entity/Q3752977,1496
http://www.wikidata.org/entity/Q3766168,1522 | 1600
http://www.wikidata.org/entity/Q3769202,1336
http://www.wikidata.org/entity/Q3771679,1515
http://www.wikidata.org/entity/Q3771746,1500
http://www.wikidata.org/entity/Q3771749,1521
http://www.wikidata.org/entity/Q3775535,1604
http://www.wikidata.org/entity/Q3778382,1439
http://www.wikidata.org/entity/Q3784247,1537
http://www.wikidata.org/entity/Q3784272,1545
http://www.wikidata.org/entity/Q3797482,1872
http://www.wikidata.org/entity/Q3817178,1494
http://www.wikidata.org/entity/Q3821139,1866
http://www.wikidata.org/entity/Q3821405,1861
http://www.wikidata.org/entity/Q3823990,1865
http://www.wikidata.org/entity/Q3831651,1509
http://www.wikidata.org/entity/Q3834971,1520
http://www.wikidata.org/entity/Q3842412,1476
http://www.wikidata.org/entity/Q3842413,1507
http://www.wikidata.org/entity/Q3842424,1450
http://www.wikidata.org/entity/Q3842438,1432
http://www.wikidata.org/entity/Q3842439,1515
http://www.wikidata.org/entity/Q3842472,1450
http://www.wikidata.org/entity/Q3842484,1450
http://www.wikidata.org/entity/Q3842522,1529
http://www.wikidata.org/entity/Q3842521,1505
http://www.wikidata.org/entity/Q3842530,1522
http://www.wikidata.org/entity/Q3842533,1479
http://www.wikidata.org/entity/Q3842543,1230
http://www.wikidata.org/entity/Q3842575,1520
http://www.wikidata.org/entity/Q3842577,1492
http://www.wikidata.org/entity/Q125813094,1800
http://www.wikidata.org/entity/Q125813375,1700
http://www.wikidata.org/entity/Q125813475,1800
http://www.wikidata.org/entity/Q125813876,1800
http://www.wikidata.org/entity/Q125863783,1563
http://www.wikidata.org/entity/Q125938897,
http://www.wikidata.org/entity/Q125973048,1732
http://www.wikidata.org/entity/Q125973990,1835
http://www.wikidata.org/entity/Q125974248,1730
http://www.wikidata.org/entity/Q126093976,1699
http://www.wikidata.org/entity/Q126127358,
http://www.wikidata.org/entity/Q126127672,1550 | 1590
http://www.wikidata.org/entity/Q126208372,
http://www.wikidata.org/entity/Q126208398,
http://www.wikidata.org/entity/Q126208411,
http://www.wikidata.org/entity/Q126215082,
http://www.wikidata.org/entity/Q126260153,
http://www.wikidata.org/entity/Q126284170,
http://www.wikidata.org/entity/Q126284172,
http://www.wikidata.org/entity/Q126284178,
http://www.wikidata.org/entity/Q126284177,
http://www.wikidata.org/entity/Q126284182,
http://www.wikidata.org/entity/Q126284183,
http://www.wikidata.org/entity/Q126284180,
http://www.wikidata.org/entity/Q126284181,
http://www.wikidata.org/entity/Q126284187,
http://www.wikidata.org/entity/Q126284185,
http://www.wikidata.org/entity/Q126284191,
http://www.wikidata.org/entity/Q126284189,
http://www.wikidata.org/entity/Q126284194,
http://www.wikidata.org/entity/Q126284192,
http://www.wikidata.org/entity/Q126284193,
http://www.wikidata.org/entity/Q126284198,1550
http://www.wikidata.org/entity/Q126284199,
http://www.wikidata.org/entity/Q126284196,1549
http://www.wikidata.org/entity/Q126284197,
http://www.wikidata.org/entity/Q126284206,
http://www.wikidata.org/entity/Q126284207,
http://www.wikidata.org/entity/Q126284226,
http://www.wikidata.org/entity/Q126284230,
http://www.wikidata.org/entity/Q126284231,
http://www.wikidata.org/entity/Q126284228,
http://www.wikidata.org/entity/Q126284229,
http://www.wikidata.org/entity/Q126284234,
http://www.wikidata.org/entity/Q126284232,
http://www.wikidata.org/entity/Q126284233,
http://www.wikidata.org/entity/Q126284238,
http://www.wikidata.org/entity/Q126284237,
http://www.wikidata.org/entity/Q126284242,
http://www.wikidata.org/entity/Q126284243,
http://www.wikidata.org/entity/Q126284240,
http://www.wikidata.org/entity/Q126284241,
http://www.wikidata.org/entity/Q126284246,
http://www.wikidata.org/entity/Q126284247,
http://www.wikidata.org/entity/Q126284244,
http://www.wikidata.org/entity/Q126284245,
http://www.wikidata.org/entity/Q126284250,
http://www.wikidata.org/entity/Q126284251,
http://www.wikidata.org/entity/Q126284249,
http://www.wikidata.org/entity/Q126284255,
http://www.wikidata.org/entity/Q126284252,
http://www.wikidata.org/entity/Q126284258,
http://www.wikidata.org/entity/Q126284256,
http://www.wikidata.org/entity/Q126284257,
http://www.wikidata.org/entity/Q126284263,
http://www.wikidata.org/entity/Q126284260,
http://www.wikidata.org/entity/Q126284261,
http://www.wikidata.org/entity/Q126284267,
http://www.wikidata.org/entity/Q126284264,
http://www.wikidata.org/entity/Q126284265,
http://www.wikidata.org/entity/Q126284270,
http://www.wikidata.org/entity/Q126284269,
http://www.wikidata.org/entity/Q126284274,
http://www.wikidata.org/entity/Q126284275,
http://www.wikidata.org/entity/Q126284272,
http://www.wikidata.org/entity/Q126284278,
http://www.wikidata.org/entity/Q126284279,
http://www.wikidata.org/entity/Q126284277,
http://www.wikidata.org/entity/Q126284282,
http://www.wikidata.org/entity/Q126284283,
http://www.wikidata.org/entity/Q126284281,
http://www.wikidata.org/entity/Q126284286,
http://www.wikidata.org/entity/Q126284284,
http://www.wikidata.org/entity/Q126284285,
http://www.wikidata.org/entity/Q126284288,
http://www.wikidata.org/entity/Q126284294,
http://www.wikidata.org/entity/Q126284295,1850
http://www.wikidata.org/entity/Q126284293,
http://www.wikidata.org/entity/Q126284298,
http://www.wikidata.org/entity/Q126284299,
http://www.wikidata.org/entity/Q126284296,
http://www.wikidata.org/entity/Q126284297,
http://www.wikidata.org/entity/Q126284303,
http://www.wikidata.org/entity/Q126284300,
http://www.wikidata.org/entity/Q126284301,
http://www.wikidata.org/entity/Q126284306,
http://www.wikidata.org/entity/Q126284305,
http://www.wikidata.org/entity/Q126284308,
http://www.wikidata.org/entity/Q126284309,
http://www.wikidata.org/entity/Q126284314,
http://www.wikidata.org/entity/Q7232305,1545
http://www.wikidata.org/entity/Q7401416,1558
http://www.wikidata.org/entity/Q7401482,1540
http://www.wikidata.org/entity/Q7720644,1623
http://www.wikidata.org/entity/Q7750471,1558
http://www.wikidata.org/entity/Q7885787,1470
http://www.wikidata.org/entity/Q7920573,1565
http://www.wikidata.org/entity/Q9387722,1593
http://www.wikidata.org/entity/Q11694943,1555
http://www.wikidata.org/entity/Q11753618,1550
http://www.wikidata.org/entity/Q11769022,1580
http://www.wikidata.org/entity/Q12172990,1732
http://www.wikidata.org/entity/Q15008032,1514 | 1529
http://www.wikidata.org/entity/Q15157527,
http://www.wikidata.org/entity/Q15974347,1516
http://www.wikidata.org/entity/Q15982437,1504
http://www.wikidata.org/entity/Q16167039,1535
http://www.wikidata.org/entity/Q16467999,1541
http://www.wikidata.org/entity/Q16536592,1756 | 1759
http://www.wikidata.org/entity/Q16543332,1540
http://www.wikidata.org/entity/Q16549203,1568
http://www.wikidata.org/entity/Q16564738,1610
http://www.wikidata.org/entity/Q16573223,1880
http://www.wikidata.org/entity/Q16574865,1262
http://www.wikidata.org/entity/Q16585848,1548
http://www.wikidata.org/entity/Q16585871,
http://www.wikidata.org/entity/Q16596967,1858
http://www.wikidata.org/entity/Q16608187,1528
http://www.wikidata.org/entity/Q16620779,1475
http://www.wikidata.org/entity/Q16621939,1575
http://www.wikidata.org/entity/Q17638342,1556
http://www.wikidata.org/entity/Q17652075,1525
http://www.wikidata.org/entity/Q18226128,1669
http://www.wikidata.org/entity/Q18385026,1893
http://www.wikidata.org/entity/Q18578019,1587
http://www.wikidata.org/entity/Q18688370,1625
http://www.wikidata.org/entity/Q19060568,1759
http://www.wikidata.org/entity/Q19060621,1760
http://www.wikidata.org/entity/Q19361572,1790
http://www.wikidata.org/entity/Q19390001,1579
http://www.wikidata.org/entity/Q19516146,1512
http://www.wikidata.org/entity/Q19660300,1727
http://www.wikidata.org/entity/Q19681559,1740
http://www.wikidata.org/entity/Q19681664,1744
http://www.wikidata.org/entity/Q19686409,1767
http://www.wikidata.org/entity/Q19686414,1741
http://www.wikidata.org/entity/Q19882485,1631
http://www.wikidata.org/entity/Q19947640,1513
http://www.wikidata.org/entity/Q19966565,1596
http://www.wikidata.org/entity/Q19966606,1540
http://www.wikidata.org/entity/Q19966608,1524
http://www.wikidata.org/entity/Q20092785,1556
http://www.wikidata.org/entity/Q20744065,1700
http://www.wikidata.org/entity/Q20744144,
http://www.wikidata.org/entity/Q20744173,1866
http://www.wikidata.org/entity/Q20991673,1784
http://www.wikidata.org/entity/Q21121896,1752
http://www.wikidata.org/entity/Q21192549,
http://www.wikidata.org/entity/Q21666329,1441
http://www.wikidata.org/entity/Q22917444,1780
http://www.wikidata.org/entity/Q22931136,1888
http://www.wikidata.org/entity/Q22949398,1750
http://www.wikidata.org/entity/Q22949778,1740
http://www.wikidata.org/entity/Q22949827,1750
http://www.wikidata.org/entity/Q22958240,1760
http://www.wikidata.org/entity/Q23006207,1760
http://www.wikidata.org/entity/Q23305501,1646
http://www.wikidata.org/entity/Q24050695,1921
http://www.wikidata.org/entity/Q24090610,1920
http://www.wikidata.org/entity/Q24090614,1925
http://www.wikidata.org/entity/Q24091047,1920
http://www.wikidata.org/entity/Q24091066,1925
http://www.wikidata.org/entity/Q24091089,1966
http://www.wikidata.org/entity/Q24091112,1937
http://www.wikidata.org/entity/Q24325684,1635
http://www.wikidata.org/entity/Q24933808,
http://www.wikidata.org/entity/Q24938224,1889
http://www.wikidata.org/entity/Q24939660,1946
http://www.wikidata.org/entity/Q24939839,1957
http://www.wikidata.org/entity/Q24939843,1537
http://www.wikidata.org/entity/Q24939884,1932
http://www.wikidata.org/entity/Q24940870,1923
http://www.wikidata.org/entity/Q25388274,1883
http://www.wikidata.org/entity/Q25410292,1951
http://www.wikidata.org/entity/Q25410567,1960
http://www.wikidata.org/entity/Q25444052,1549
http://www.wikidata.org/entity/Q26256901,1541
http://www.wikidata.org/entity/Q26488380,1780
http://www.wikidata.org/entity/Q27504416,1767
http://www.wikidata.org/entity/Q27507068,1778
http://www.wikidata.org/entity/Q27650796,1884
http://www.wikidata.org/entity/Q27664456,1740
http://www.wikidata.org/entity/Q27827425,1659
http://www.wikidata.org/entity/Q27830737,1659
http://www.wikidata.org/entity/Q27948860,1841
http://www.wikidata.org/entity/Q27955751,1508 | 1512
http://www.wikidata.org/entity/Q28093447,1712
http://www.wikidata.org/entity/Q28113318,1546
http://www.wikidata.org/entity/Q28113316,1650
http://www.wikidata.org/entity/Q28147005,1511
http://www.wikidata.org/entity/Q28229077,1514
http://www.wikidata.org/entity/Q28466203,1557
http://www.wikidata.org/entity/Q28547106,1861
http://www.wikidata.org/entity/Q28668222,1614
http://www.wikidata.org/entity/Q28668544,1600
http://www.wikidata.org/entity/Q28798137,
http://www.wikidata.org/entity/Q28803486,1645
http://www.wikidata.org/entity/Q28803484,1627
http://www.wikidata.org/entity/Q28803514,1625
http://www.wikidata.org/entity/Q28803759,1620
http://www.wikidata.org/entity/Q28803789,1739
http://www.wikidata.org/entity/Q28809144,1646
http://www.wikidata.org/entity/Q28860726,1600
http://www.wikidata.org/entity/Q28952741,1560
http://www.wikidata.org/entity/Q29015025,1640 | 1645
http://www.wikidata.org/entity/Q29114098,1450
http://www.wikidata.org/entity/Q29654663,1593
http://www.wikidata.org/entity/Q29997042,1583
http://www.wikidata.org/entity/Q30031052,1914
http://www.wikidata.org/entity/Q30032029,1910
http://www.wikidata.org/entity/Q30135606,1527
http://www.wikidata.org/entity/Q30605361,1652
http://www.wikidata.org/entity/Q30880011,1925
http://www.wikidata.org/entity/Q30880062,1932
http://www.wikidata.org/entity/Q30880678,1963
http://www.wikidata.org/entity/Q30880889,1576
http://www.wikidata.org/entity/Q30887689,1950
http://www.wikidata.org/entity/Q30887699,1928
http://www.wikidata.org/entity/Q30887987,1940
http://www.wikidata.org/entity/Q31559452,1470
http://www.wikidata.org/entity/Q32904769,1550
http://www.wikidata.org/entity/Q34215143,1702
http://www.wikidata.org/entity/Q37027223,
http://www.wikidata.org/entity/Q40669017,1625
http://www.wikidata.org/entity/Q40691169,1622
http://www.wikidata.org/entity/Q40695411,1623
http://www.wikidata.org/entity/Q42189297,1556
http://www.wikidata.org/entity/Q45361473,1560
http://www.wikidata.org/entity/Q45381203,1559
http://www.wikidata.org/entity/Q46833514,1530
http://www.wikidata.org/entity/Q46998093,1912
http://www.wikidata.org/entity/Q48388241,1490
http://www.wikidata.org/entity/Q48808515,1460
http://www.wikidata.org/entity/Q48814933,1545
http://www.wikidata.org/entity/Q48917755,1650 | 1670
http://www.wikidata.org/entity/Q48927682,1600
http://www.wikidata.org/entity/Q49167284,1620
http://www.wikidata.org/entity/Q49167493,1624
http://www.wikidata.org/entity/Q49167697,1624 | 1625
http://www.wikidata.org/entity/Q49167869,1566
http://www.wikidata.org/entity/Q50378007,1551
http://www.wikidata.org/entity/Q50378015,1551
http://www.wikidata.org/entity/Q50384906,1532 | 1540
http://www.wikidata.org/entity/Q50399525,1700
http://www.wikidata.org/entity/Q50422860,1545
http://www.wikidata.org/entity/Q50474718,1567
http://www.wikidata.org/entity/Q50752920,1525 | 1528
http://www.wikidata.org/entity/Q50840293,1550 | 1553
http://www.wikidata.org/entity/Q50846578,1706 | 1707
http://www.wikidata.org/entity/Q50880887,1530
http://www.wikidata.org/entity/Q50884435,1601
http://www.wikidata.org/entity/Q50894841,1558
http://www.wikidata.org/entity/Q50939921,1710 | 1730
http://www.wikidata.org/entity/Q51212996,1668
http://www.wikidata.org/entity/Q51726313,1896
http://www.wikidata.org/entity/Q51918916,1555
http://www.wikidata.org/entity/Q52084102,1862
http://www.wikidata.org/entity/Q52155208,1682
http://www.wikidata.org/entity/Q52155641,1907
http://www.wikidata.org/entity/Q52157937,1906
http://www.wikidata.org/entity/Q52217967,1893
http://www.wikidata.org/entity/Q52329690,1913
http://www.wikidata.org/entity/Q52735921,1862
http://www.wikidata.org/entity/Q53560123,1363
http://www.wikidata.org/entity/Q53940665,1545
http://www.wikidata.org/entity/Q54086391,1607
http://www.wikidata.org/entity/Q54625897,1813
http://www.wikidata.org/entity/Q54811281,1516
http://www.wikidata.org/entity/Q55177712,1900
http://www.wikidata.org/entity/Q55814015,1900
http://www.wikidata.org/entity/Q56043344,1572
http://www.wikidata.org/entity/Q56062483,
http://www.wikidata.org/entity/Q56149824,1878
http://www.wikidata.org/entity/Q56258104,1617
http://www.wikidata.org/entity/Q56258413,
http://www.wikidata.org/entity/Q56318135,1813
http://www.wikidata.org/entity/Q56323639,
http://www.wikidata.org/entity/Q56323645,1743
http://www.wikidata.org/entity/Q56323673,1757
http://www.wikidata.org/entity/Q56417895,1529
http://www.wikidata.org/entity/Q56417994,1529
http://www.wikidata.org/entity/Q56538353,1570
http://www.wikidata.org/entity/Q56599032,
http://www.wikidata.org/entity/Q56776954,1500
http://www.wikidata.org/entity/Q57530584,1565
http://www.wikidata.org/entity/Q57623718,1550
http://www.wikidata.org/entity/Q58177339,1765
http://www.wikidata.org/entity/Q58178579,1760
http://www.wikidata.org/entity/Q58181750,1785
http://www.wikidata.org/entity/Q58184717,1927
http://www.wikidata.org/entity/Q131450154,
http://www.wikidata.org/entity/Q131450152,
http://www.wikidata.org/entity/Q131450153,
http://www.wikidata.org/entity/Q131450161,
http://www.wikidata.org/entity/Q131463514,1555
http://www.wikidata.org/entity/Q131501600,
http://www.wikidata.org/entity/Q131501606,
http://www.wikidata.org/entity/Q131501607,
http://www.wikidata.org/entity/Q131501608,
http://www.wikidata.org/entity/Q131501614,
http://www.wikidata.org/entity/Q131501612,
http://www.wikidata.org/entity/Q131501619,
http://www.wikidata.org/entity/Q131501617,
http://www.wikidata.org/entity/Q131501620,
http://www.wikidata.org/entity/Q131501633,
http://www.wikidata.org/entity/Q131501639,
http://www.wikidata.org/entity/Q131501643,
http://www.wikidata.org/entity/Q131501646,
http://www.wikidata.org/entity/Q131501645,
http://www.wikidata.org/entity/Q131501651,
http://www.wikidata.org/entity/Q131501649,
http://www.wikidata.org/entity/Q131501655,
http://www.wikidata.org/entity/Q131501653,
http://www.wikidata.org/entity/Q131501658,
http://www.wikidata.org/entity/Q131501663,
http://www.wikidata.org/entity/Q131501661,
http://www.wikidata.org/entity/Q131501666,
http://www.wikidata.org/entity/Q131501667,
http://www.wikidata.org/entity/Q131501671,
http://www.wikidata.org/entity/Q131501672,
http://www.wikidata.org/entity/Q131501678,
http://www.wikidata.org/entity/Q131501683,
http://www.wikidata.org/entity/Q131501690,
http://www.wikidata.org/entity/Q131501691,
http://www.wikidata.org/entity/Q131501711,
http://www.wikidata.org/entity/Q131501712,
http://www.wikidata.org/entity/Q131501724,
http://www.wikidata.org/entity/Q131501744,
http://www.wikidata.org/entity/Q131501750,
http://www.wikidata.org/entity/Q131501755,
http://www.wikidata.org/entity/Q131501753,
http://www.wikidata.org/entity/Q131501759,
http://www.wikidata.org/entity/Q131501756,
http://www.wikidata.org/entity/Q131501763,
http://www.wikidata.org/entity/Q131501770,
http://www.wikidata.org/entity/Q131501775,
http://www.wikidata.org/entity/Q131501773,
http://www.wikidata.org/entity/Q131501784,
http://www.wikidata.org/entity/Q131501791,
http://www.wikidata.org/entity/Q131501788,
http://www.wikidata.org/entity/Q131501793,
http://www.wikidata.org/entity/Q131501796,
http://www.wikidata.org/entity/Q131501797,
http://www.wikidata.org/entity/Q131501800,
http://www.wikidata.org/entity/Q131501801,
http://www.wikidata.org/entity/Q131501805,
http://www.wikidata.org/entity/Q131501811,
http://www.wikidata.org/entity/Q131501818,
http://www.wikidata.org/entity/Q131501816,
http://www.wikidata.org/entity/Q131501821,
http://www.wikidata.org/entity/Q131501826,
http://www.wikidata.org/entity/Q131501830,
http://www.wikidata.org/entity/Q131501842,
http://www.wikidata.org/entity/Q131501847,1524
http://www.wikidata.org/entity/Q131501852,1415
http://www.wikidata.org/entity/Q131501859,
http://www.wikidata.org/entity/Q131542580,
http://www.wikidata.org/entity/Q131542581,
http://www.wikidata.org/entity/Q131542585,
http://www.wikidata.org/entity/Q131542595,
http://www.wikidata.org/entity/Q131542596,
http://www.wikidata.org/entity/Q131542607,
http://www.wikidata.org/entity/Q131542610,
http://www.wikidata.org/entity/Q131542611,1620
http://www.wikidata.org/entity/Q131542609,
http://www.wikidata.org/entity/Q131542614,
http://www.wikidata.org/entity/Q131542615,1956
http://www.wikidata.org/entity/Q131543565,
http://www.wikidata.org/entity/Q131543603,
http://www.wikidata.org/entity/Q131543624,1580
http://www.wikidata.org/entity/Q131543631,
http://www.wikidata.org/entity/Q131543629,
http://www.wikidata.org/entity/Q131543651,
http://www.wikidata.org/entity/Q131543648,
http://www.wikidata.org/entity/Q131543655,1330
http://www.wikidata.org/entity/Q131543653,
http://www.wikidata.org/entity/Q131543672,1597
http://www.wikidata.org/entity/Q131543680,
http://www.wikidata.org/entity/Q131546415,1487
http://www.wikidata.org/entity/Q131546421,
http://www.wikidata.org/entity/Q131546426,
http://www.wikidata.org/entity/Q131546425,
http://www.wikidata.org/entity/Q131546428,
http://www.wikidata.org/entity/Q131546441,
http://www.wikidata.org/entity/Q131546444,
http://www.wikidata.org/entity/Q131546449,
http://www.wikidata.org/entity/Q131546458,1956
http://www.wikidata.org/entity/Q131546462,
http://www.wikidata.org/entity/Q131546463,
http://www.wikidata.org/entity/Q131546466,
http://www.wikidata.org/entity/Q131613912,1964
http://www.wikidata.org/entity/Q131613913,
http://www.wikidata.org/entity/Q131613916,
http://www.wikidata.org/entity/Q131613917,
http://www.wikidata.org/entity/Q131613922,1765
http://www.wikidata.org/entity/Q131613926,
http://www.wikidata.org/entity/Q131613927,
http://www.wikidata.org/entity/Q131613924,
http://www.wikidata.org/entity/Q131613925,
http://www.wikidata.org/entity/Q131613930,
http://www.wikidata.org/entity/Q131613928,
http://www.wikidata.org/entity/Q131613929,
http://www.wikidata.org/entity/Q131613939,
http://www.wikidata.org/entity/Q131613968,1905
http://www.wikidata.org/entity/Q131613974,1896
http://www.wikidata.org/entity/Q131613982,1868
http://www.wikidata.org/entity/Q131613980,1961
http://www.wikidata.org/entity/Q131617883,1637
http://www.wikidata.org/entity/Q131617881,
http://www.wikidata.org/entity/Q131617885,
http://www.wikidata.org/entity/Q131617890,
http://www.wikidata.org/entity/Q131617895,
http://www.wikidata.org/entity/Q131617893,
http://www.wikidata.org/entity/Q131617898,
http://www.wikidata.org/entity/Q131617899,
http://www.wikidata.org/entity/Q131617897,
http://www.wikidata.org/entity/Q131617902,1866
http://www.wikidata.org/entity/Q131617911,1545
http://www.wikidata.org/entity/Q131617908,
http://www.wikidata.org/entity/Q131617909,
http://www.wikidata.org/entity/Q131617914,
http://www.wikidata.org/entity/Q131617915,
http://www.wikidata.org/entity/Q131617918,
http://www.wikidata.org/entity/Q131617919,
http://www.wikidata.org/entity/Q131617916,
http://www.wikidata.org/entity/Q131617917,
http://www.wikidata.org/entity/Q131617922,
http://www.wikidata.org/entity/Q131617921,
http://www.wikidata.org/entity/Q131627550,1525
http://www.wikidata.org/entity/Q131627554,
http://www.wikidata.org/entity/Q131627552,
http://www.wikidata.org/entity/Q131627553,
http://www.wikidata.org/entity/Q131627556,
http://www.wikidata.org/entity/Q131627571,
http://www.wikidata.org/entity/Q131627574,
http://www.wikidata.org/entity/Q131627572,
http://www.wikidata.org/entity/Q131627588,
http://www.wikidata.org/entity/Q131627817,1550
http://www.wikidata.org/entity/Q131628758,
http://www.wikidata.org/entity/Q131628765,
http://www.wikidata.org/entity/Q131628770,
http://www.wikidata.org/entity/Q131628768,1636
http://www.wikidata.org/entity/Q131628769,1900
http://www.wikidata.org/entity/Q131628775,
http://www.wikidata.org/entity/Q131628772,
http://www.wikidata.org/entity/Q131628778,
http://www.wikidata.org/entity/Q131628776,
http://www.wikidata.org/entity/Q131628802,
http://www.wikidata.org/entity/Q131628803,
http://www.wikidata.org/entity/Q131628801,
http://www.wikidata.org/entity/Q131628814,1427
http://www.wikidata.org/entity/Q131628812,
http://www.wikidata.org/entity/Q131628813,
http://www.wikidata.org/entity/Q131628818,
http://www.wikidata.org/entity/Q131628819,
http://www.wikidata.org/entity/Q131628817,
http://www.wikidata.org/entity/Q131628822,
http://www.wikidata.org/entity/Q131628823,
http://www.wikidata.org/entity/Q131628820,
http://www.wikidata.org/entity/Q131628821,
http://www.wikidata.org/entity/Q131628824,
http://www.wikidata.org/entity/Q131629552,
http://www.wikidata.org/entity/Q131629558,
http://www.wikidata.org/entity/Q131629557,1501
http://www.wikidata.org/entity/Q131632037,
http://www.wikidata.org/entity/Q131632042,1386
http://www.wikidata.org/entity/Q131632047,
http://www.wikidata.org/entity/Q131674303,
http://www.wikidata.org/entity/Q131674300,
http://www.wikidata.org/entity/Q131674306,
http://www.wikidata.org/entity/Q131674307,
http://www.wikidata.org/entity/Q131674310,
http://www.wikidata.org/entity/Q131674311,1585
http://www.wikidata.org/entity/Q131674315,
http://www.wikidata.org/entity/Q131674312,
http://www.wikidata.org/entity/Q131674316,
http://www.wikidata.org/entity/Q131674317,
http://www.wikidata.org/entity/Q131674322,1525
http://www.wikidata.org/entity/Q131674323,
http://www.wikidata.org/entity/Q131674332,
http://www.wikidata.org/entity/Q131674346,
http://www.wikidata.org/entity/Q131674355,
http://www.wikidata.org/entity/Q131674352,
http://www.wikidata.org/entity/Q131674353,
http://www.wikidata.org/entity/Q131674361,
http://www.wikidata.org/entity/Q131674371,
http://www.wikidata.org/entity/Q131674368,
http://www.wikidata.org/entity/Q131674369,1530
http://www.wikidata.org/entity/Q131674373,1733
http://www.wikidata.org/entity/Q131674382,
http://www.wikidata.org/entity/Q131546465,1625
http://www.wikidata.org/entity/Q131546469,1524
http://www.wikidata.org/entity/Q131546475,
http://www.wikidata.org/entity/Q131546484,1900
http://www.wikidata.org/entity/Q131546485,
http://www.wikidata.org/entity/Q131546494,1845
http://www.wikidata.org/entity/Q131546493,
http://www.wikidata.org/entity/Q131546499,
http://www.wikidata.org/entity/Q131546506,
http://www.wikidata.org/entity/Q131546510,
http://www.wikidata.org/entity/Q131546508,
http://www.wikidata.org/entity/Q131546509,
http://www.wikidata.org/entity/Q131546515,
http://www.wikidata.org/entity/Q131546516,
http://www.wikidata.org/entity/Q131546517,
http://www.wikidata.org/entity/Q131546520,1994
http://www.wikidata.org/entity/Q131546525,
http://www.wikidata.org/entity/Q131546551,
http://www.wikidata.org/entity/Q131546552,
http://www.wikidata.org/entity/Q131546553,
http://www.wikidata.org/entity/Q131546582,
http://www.wikidata.org/entity/Q131546581,
http://www.wikidata.org/entity/Q131546599,
http://www.wikidata.org/entity/Q131546602,1502
http://www.wikidata.org/entity/Q131546603,
http://www.wikidata.org/entity/Q131557338,
http://www.wikidata.org/entity/Q131557340,
http://www.wikidata.org/entity/Q131557341,
http://www.wikidata.org/entity/Q131557374,
http://www.wikidata.org/entity/Q131557372,1514
http://www.wikidata.org/entity/Q131557373,
http://www.wikidata.org/entity/Q131557376,
http://www.wikidata.org/entity/Q131557436,
http://www.wikidata.org/entity/Q131557458,
http://www.wikidata.org/entity/Q131557464,
http://www.wikidata.org/entity/Q131557484,
http://www.wikidata.org/entity/Q131557662,
http://www.wikidata.org/entity/Q131557664,
http://www.wikidata.org/entity/Q131557854,
http://www.wikidata.org/entity/Q131557866,
http://www.wikidata.org/entity/Q131557871,
http://www.wikidata.org/entity/Q131557868,
http://www.wikidata.org/entity/Q131557880,
http://www.wikidata.org/entity/Q131557902,
http://www.wikidata.org/entity/Q131559178,
http://www.wikidata.org/entity/Q131559177,
http://www.wikidata.org/entity/Q131559182,
http://www.wikidata.org/entity/Q131559183,1600
http://www.wikidata.org/entity/Q131559181,
http://www.wikidata.org/entity/Q131559187,
http://www.wikidata.org/entity/Q131559184,1740
http://www.wikidata.org/entity/Q131559202,
http://www.wikidata.org/entity/Q131559216,
http://www.wikidata.org/entity/Q131561164,
http://www.wikidata.org/entity/Q131561170,1781
http://www.wikidata.org/entity/Q131561666,1613
http://www.wikidata.org/entity/Q131561678,1482
http://www.wikidata.org/entity/Q131561677,
http://www.wikidata.org/entity/Q131561688,
http://www.wikidata.org/entity/Q131561692,
http://www.wikidata.org/entity/Q131563724,1600
http://www.wikidata.org/entity/Q131564536,1879
http://www.wikidata.org/entity/Q131564617,
http://www.wikidata.org/entity/Q131564870,
http://www.wikidata.org/entity/Q131564871,
http://www.wikidata.org/entity/Q131574021,1550
http://www.wikidata.org/entity/Q131576650,
http://www.wikidata.org/entity/Q131576651,
http://www.wikidata.org/entity/Q131576649,2006
http://www.wikidata.org/entity/Q131578331,
http://www.wikidata.org/entity/Q131578346,
http://www.wikidata.org/entity/Q131578347,
http://www.wikidata.org/entity/Q131579612,
http://www.wikidata.org/entity/Q131579620,
http://www.wikidata.org/entity/Q131579625,
http://www.wikidata.org/entity/Q131579630,
http://www.wikidata.org/entity/Q131579631,
http://www.wikidata.org/entity/Q131579646,
http://www.wikidata.org/entity/Q131579657,1570
http://www.wikidata.org/entity/Q131579660,1580
http://www.wikidata.org/entity/Q131579667,
http://www.wikidata.org/entity/Q131579670,
http://www.wikidata.org/entity/Q131579671,
http://www.wikidata.org/entity/Q131579669,
http://www.wikidata.org/entity/Q131579674,
http://www.wikidata.org/entity/Q131579672,
http://www.wikidata.org/entity/Q131579673,
http://www.wikidata.org/entity/Q131579682,
http://www.wikidata.org/entity/Q131579687,1759
http://www.wikidata.org/entity/Q131579688,
http://www.wikidata.org/entity/Q131587694,
http://www.wikidata.org/entity/Q131587980,
http://www.wikidata.org/entity/Q131588009,
http://www.wikidata.org/entity/Q131588018,
http://www.wikidata.org/entity/Q131588032,
http://www.wikidata.org/entity/Q131588033,
http://www.wikidata.org/entity/Q131588045,1516
http://www.wikidata.org/entity/Q131588054,
http://www.wikidata.org/entity/Q131588057,
http://www.wikidata.org/entity/Q131588060,
http://www.wikidata.org/entity/Q131674390,
http://www.wikidata.org/entity/Q131674398,
http://www.wikidata.org/entity/Q131674399,
http://www.wikidata.org/entity/Q131674396,
http://www.wikidata.org/entity/Q131674401,
http://www.wikidata.org/entity/Q131674404,
http://www.wikidata.org/entity/Q131674405,
http://www.wikidata.org/entity/Q131674410,
http://www.wikidata.org/entity/Q131674411,
http://www.wikidata.org/entity/Q131674409,
http://www.wikidata.org/entity/Q131674412,
http://www.wikidata.org/entity/Q131675938,
http://www.wikidata.org/entity/Q131675939,
http://www.wikidata.org/entity/Q131675936,
http://www.wikidata.org/entity/Q131675937,
http://www.wikidata.org/entity/Q131675942,
http://www.wikidata.org/entity/Q131675943,
http://www.wikidata.org/entity/Q131675940,
http://www.wikidata.org/entity/Q131675941,
http://www.wikidata.org/entity/Q131675947,
http://www.wikidata.org/entity/Q131675944,
http://www.wikidata.org/entity/Q131675945,
http://www.wikidata.org/entity/Q131675948,
http://www.wikidata.org/entity/Q131675966,
http://www.wikidata.org/entity/Q131675969,
http://www.wikidata.org/entity/Q131675979,
http://www.wikidata.org/entity/Q131675983,
http://www.wikidata.org/entity/Q131675981,1529
http://www.wikidata.org/entity/Q131675990,
http://www.wikidata.org/entity/Q131675989,
http://www.wikidata.org/entity/Q131675994,1567
http://www.wikidata.org/entity/Q131675995,
http://www.wikidata.org/entity/Q131675993,
http://www.wikidata.org/entity/Q131675998,
http://www.wikidata.org/entity/Q131676028,1624
http://www.wikidata.org/entity/Q131676029,1621
http://www.wikidata.org/entity/Q131676038,
http://www.wikidata.org/entity/Q131676039,
http://www.wikidata.org/entity/Q131676037,
http://www.wikidata.org/entity/Q131676041,
http://www.wikidata.org/entity/Q131676058,
http://www.wikidata.org/entity/Q131676064,
http://www.wikidata.org/entity/Q131676306,
http://www.wikidata.org/entity/Q131676307,
http://www.wikidata.org/entity/Q131676308,
http://www.wikidata.org/entity/Q131690475,
http://www.wikidata.org/entity/Q131690473,
http://www.wikidata.org/entity/Q131690478,
http://www.wikidata.org/entity/Q131690476,
http://www.wikidata.org/entity/Q131690495,
http://www.wikidata.org/entity/Q131690498,
http://www.wikidata.org/entity/Q131690499,
http://www.wikidata.org/entity/Q131690496,
http://www.wikidata.org/entity/Q131690497,
http://www.wikidata.org/entity/Q131690502,
http://www.wikidata.org/entity/Q131690503,
http://www.wikidata.org/entity/Q131690501,
http://www.wikidata.org/entity/Q131690504,
http://www.wikidata.org/entity/Q131690511,
http://www.wikidata.org/entity/Q131690509,
http://www.wikidata.org/entity/Q131690513,
http://www.wikidata.org/entity/Q131690516,
http://www.wikidata.org/entity/Q131690517,
http://www.wikidata.org/entity/Q131690522,
http://www.wikidata.org/entity/Q131690527,
http://www.wikidata.org/entity/Q131690524,
http://www.wikidata.org/entity/Q131690525,
http://www.wikidata.org/entity/Q131690530,
http://www.wikidata.org/entity/Q131690528,
http://www.wikidata.org/entity/Q131690529,
http://www.wikidata.org/entity/Q131690535,
http://www.wikidata.org/entity/Q131690532,
http://www.wikidata.org/entity/Q131690538,
http://www.wikidata.org/entity/Q131690539,
http://www.wikidata.org/entity/Q131690536,
http://www.wikidata.org/entity/Q131690537,
http://www.wikidata.org/entity/Q131690542,
http://www.wikidata.org/entity/Q131690543,
http://www.wikidata.org/entity/Q131690540,
http://www.wikidata.org/entity/Q131690546,
http://www.wikidata.org/entity/Q131690550,1500
http://www.wikidata.org/entity/Q131690551,
http://www.wikidata.org/entity/Q131690548,1486
http://www.wikidata.org/entity/Q131690549,
http://www.wikidata.org/entity/Q131690555,
http://www.wikidata.org/entity/Q131690552,
http://www.wikidata.org/entity/Q131690553,
http://www.wikidata.org/entity/Q131690558,
http://www.wikidata.org/entity/Q131690556,
http://www.wikidata.org/entity/Q131690557,
http://www.wikidata.org/entity/Q131690562,
http://www.wikidata.org/entity/Q131690563,
http://www.wikidata.org/entity/Q131690560,1600
http://www.wikidata.org/entity/Q131690561,
http://www.wikidata.org/entity/Q131690566,
http://www.wikidata.org/entity/Q131690564,
http://www.wikidata.org/entity/Q131690571,
http://www.wikidata.org/entity/Q131690568,
http://www.wikidata.org/entity/Q131690574,
http://www.wikidata.org/entity/Q131690575,
http://www.wikidata.org/entity/Q58185294,1825
http://www.wikidata.org/entity/Q58231270,1880
http://www.wikidata.org/entity/Q58480176,
http://www.wikidata.org/entity/Q58956093,1444
http://www.wikidata.org/entity/Q59185173,1946
http://www.wikidata.org/entity/Q59185398,1953
http://www.wikidata.org/entity/Q59442235,1756
http://www.wikidata.org/entity/Q59914107,
http://www.wikidata.org/entity/Q60838300,
http://www.wikidata.org/entity/Q61767320,1535
http://www.wikidata.org/entity/Q61816747,1851
http://www.wikidata.org/entity/Q62014629,1903
http://www.wikidata.org/entity/Q62272761,1917
http://www.wikidata.org/entity/Q62476202,1853
http://www.wikidata.org/entity/Q63476058,1565
http://www.wikidata.org/entity/Q63994924,1600
http://www.wikidata.org/entity/Q63995247,
http://www.wikidata.org/entity/Q64766792,1545
http://www.wikidata.org/entity/Q65610116,1830
http://www.wikidata.org/entity/Q66098687,1590
http://www.wikidata.org/entity/Q67203105,1745
http://www.wikidata.org/entity/Q67203111,1723
http://www.wikidata.org/entity/Q68704168,1593
http://www.wikidata.org/entity/Q69658139,1526
http://www.wikidata.org/entity/Q69859246,1879
http://www.wikidata.org/entity/Q71126799,1548
http://www.wikidata.org/entity/Q74717988,1527
http://www.wikidata.org/entity/Q77310161,1517
http://www.wikidata.org/entity/Q78330040,1481
http://www.wikidata.org/entity/Q78756742,1560
http://www.wikidata.org/entity/Q78783346,1500
http://www.wikidata.org/entity/Q78799218,1400
http://www.wikidata.org/entity/Q78910398,
http://www.wikidata.org/entity/Q79020756,1763
http://www.wikidata.org/entity/Q79021384,1720
http://www.wikidata.org/entity/Q79021962,1764
http://www.wikidata.org/entity/Q79022279,
http://www.wikidata.org/entity/Q79022528,1717
http://www.wikidata.org/entity/Q79022983,1716
http://www.wikidata.org/entity/Q79023210,
http://www.wikidata.org/entity/Q79023501,1722 | 1725
http://www.wikidata.org/entity/Q79024384,1725
http://www.wikidata.org/entity/Q79024730,
http://www.wikidata.org/entity/Q79025062,1730
http://www.wikidata.org/entity/Q79026167,1687
http://www.wikidata.org/entity/Q79151177,1853
http://www.wikidata.org/entity/Q79859145,1600
http://www.wikidata.org/entity/Q80824471,1499
http://www.wikidata.org/entity/Q81089309,1510
http://www.wikidata.org/entity/Q86674601,1542
http://www.wikidata.org/entity/Q87469267,1414
http://www.wikidata.org/entity/Q88164010,1627
http://www.wikidata.org/entity/Q88416397,1568
http://www.wikidata.org/entity/Q88961191,
http://www.wikidata.org/entity/Q89034154,1624
http://www.wikidata.org/entity/Q89035643,1624
http://www.wikidata.org/entity/Q89039593,1627
http://www.wikidata.org/entity/Q89697566,1624
http://www.wikidata.org/entity/Q90291195,1625
http://www.wikidata.org/entity/Q93520523,1760
http://www.wikidata.org/entity/Q93631317,1661
http://www.wikidata.org/entity/Q94634547,1660
http://www.wikidata.org/entity/Q94636244,1587
http://www.wikidata.org/entity/Q96025421,1546
http://www.wikidata.org/entity/Q96192148,1890
http://www.wikidata.org/entity/Q97065805,1550
http://www.wikidata.org/entity/Q97378803,1530 | 1532
http://www.wikidata.org/entity/Q97463134,1550
http://www.wikidata.org/entity/Q97669288,
http://www.wikidata.org/entity/Q97669846,
http://www.wikidata.org/entity/Q97933450,1632
http://www.wikidata.org/entity/Q98108204,
http://www.wikidata.org/entity/Q98449585,
http://www.wikidata.org/entity/Q98545387,1651
http://www.wikidata.org/entity/Q98557614,
http://www.wikidata.org/entity/Q98684801,
http://www.wikidata.org/entity/Q98925578,1905
http://www.wikidata.org/entity/Q98925663,1883
http://www.wikidata.org/entity/Q99323182,1892
http://www.wikidata.org/entity/Q99937752,1947
http://www.wikidata.org/entity/Q100273549,1829
http://www.wikidata.org/entity/Q100502707,1829
http://www.wikidata.org/entity/Q101853163,1586
http://www.wikidata.org/entity/Q101984696,1575
http://www.wikidata.org/entity/Q103823905,1502
http://www.wikidata.org/entity/Q103847443,1372
http://www.wikidata.org/entity/Q103884105,1618
http://www.wikidata.org/entity/Q104117302,1527
http://www.wikidata.org/entity/Q104832804,1508
http://www.wikidata.org/entity/Q104902739,1921
http://www.wikidata.org/entity/Q104963266,
http://www.wikidata.org/entity/Q104966980,1866
http://www.wikidata.org/entity/Q104999859,1880
http://www.wikidata.org/entity/Q105001687,1835
http://www.wikidata.org/entity/Q105001950,1839
http://www.wikidata.org/entity/Q105002330,1988
http://www.wikidata.org/entity/Q105005172,1924
http://www.wikidata.org/entity/Q105009573,1929
http://www.wikidata.org/entity/Q105010125,1850
http://www.wikidata.org/entity/Q105010402,1964
http://www.wikidata.org/entity/Q131690572,
http://www.wikidata.org/entity/Q131690573,
http://www.wikidata.org/entity/Q131690578,
http://www.wikidata.org/entity/Q131690579,
http://www.wikidata.org/entity/Q131690582,
http://www.wikidata.org/entity/Q131690583,
http://www.wikidata.org/entity/Q131690581,
http://www.wikidata.org/entity/Q131690586,
http://www.wikidata.org/entity/Q131690587,
http://www.wikidata.org/entity/Q131690584,
http://www.wikidata.org/entity/Q131690590,
http://www.wikidata.org/entity/Q131690591,
http://www.wikidata.org/entity/Q131690588,
http://www.wikidata.org/entity/Q131690589,
http://www.wikidata.org/entity/Q131690594,
http://www.wikidata.org/entity/Q131690592,
http://www.wikidata.org/entity/Q131690593,
http://www.wikidata.org/entity/Q131690599,
http://www.wikidata.org/entity/Q131690596,
http://www.wikidata.org/entity/Q131690602,
http://www.wikidata.org/entity/Q131690603,
http://www.wikidata.org/entity/Q131690601,
http://www.wikidata.org/entity/Q131690606,
http://www.wikidata.org/entity/Q131690605,
http://www.wikidata.org/entity/Q131690633,1471
http://www.wikidata.org/entity/Q131690639,
http://www.wikidata.org/entity/Q131690637,
http://www.wikidata.org/entity/Q131690641,
http://www.wikidata.org/entity/Q131690646,
http://www.wikidata.org/entity/Q131690652,
http://www.wikidata.org/entity/Q131690656,
http://www.wikidata.org/entity/Q131690663,
http://www.wikidata.org/entity/Q131690660,
http://www.wikidata.org/entity/Q131702506,1700
http://www.wikidata.org/entity/Q131704134,
http://www.wikidata.org/entity/Q131704138,1460
http://www.wikidata.org/entity/Q131704142,
http://www.wikidata.org/entity/Q131704140,
http://www.wikidata.org/entity/Q131704141,1526
http://www.wikidata.org/entity/Q131704145,
http://www.wikidata.org/entity/Q131704265,1625
http://www.wikidata.org/entity/Q131704274,
http://www.wikidata.org/entity/Q131704272,
http://www.wikidata.org/entity/Q131704273,
http://www.wikidata.org/entity/Q131704278,
http://www.wikidata.org/entity/Q131704279,
http://www.wikidata.org/entity/Q131704280,
http://www.wikidata.org/entity/Q131704281,
http://www.wikidata.org/entity/Q131704285,1579
http://www.wikidata.org/entity/Q131704288,
http://www.wikidata.org/entity/Q131704294,
http://www.wikidata.org/entity/Q131704298,
http://www.wikidata.org/entity/Q131704296,
http://www.wikidata.org/entity/Q131704297,
http://www.wikidata.org/entity/Q131704303,
http://www.wikidata.org/entity/Q131704304,
http://www.wikidata.org/entity/Q131704770,
http://www.wikidata.org/entity/Q131704783,1638
http://www.wikidata.org/entity/Q131704780,
http://www.wikidata.org/entity/Q131708783,
http://www.wikidata.org/entity/Q131719683,
http://www.wikidata.org/entity/Q131719684,
http://www.wikidata.org/entity/Q131719685,
http://www.wikidata.org/entity/Q131719730,1614
http://www.wikidata.org/entity/Q131719735,1452
http://www.wikidata.org/entity/Q131719732,
http://www.wikidata.org/entity/Q131719736,1361
http://www.wikidata.org/entity/Q131719743,
http://www.wikidata.org/entity/Q131719746,
http://www.wikidata.org/entity/Q131719744,
http://www.wikidata.org/entity/Q131719745,
http://www.wikidata.org/entity/Q131719750,
http://www.wikidata.org/entity/Q131719756,
http://www.wikidata.org/entity/Q131721232,1670
http://www.wikidata.org/entity/Q131748785,1501
http://www.wikidata.org/entity/Q131753928,
http://www.wikidata.org/entity/Q131753929,
http://www.wikidata.org/entity/Q131753974,
http://www.wikidata.org/entity/Q131753985,
http://www.wikidata.org/entity/Q131754003,
http://www.wikidata.org/entity/Q131760459,
http://www.wikidata.org/entity/Q131760462,1935
http://www.wikidata.org/entity/Q131760461,1543
http://www.wikidata.org/entity/Q131760474,
http://www.wikidata.org/entity/Q131760475,1841
http://www.wikidata.org/entity/Q131760472,1758
http://www.wikidata.org/entity/Q131760473,
http://www.wikidata.org/entity/Q131760478,1860
http://www.wikidata.org/entity/Q131760479,
http://www.wikidata.org/entity/Q131760476,1547
http://www.wikidata.org/entity/Q131760480,
http://www.wikidata.org/entity/Q131760481,1530
http://www.wikidata.org/entity/Q131766115,1885
http://www.wikidata.org/entity/Q131766119,
http://www.wikidata.org/entity/Q131766122,
http://www.wikidata.org/entity/Q131766120,
http://www.wikidata.org/entity/Q131766143,1665
http://www.wikidata.org/entity/Q131766147,
http://www.wikidata.org/entity/Q131766151,
http://www.wikidata.org/entity/Q131766148,
http://www.wikidata.org/entity/Q126284315,1987
http://www.wikidata.org/entity/Q126284312,
http://www.wikidata.org/entity/Q126284313,2016
http://www.wikidata.org/entity/Q126284318,
http://www.wikidata.org/entity/Q126284316,1939
http://www.wikidata.org/entity/Q126284317,1950
http://www.wikidata.org/entity/Q126284322,
http://www.wikidata.org/entity/Q126284320,
http://www.wikidata.org/entity/Q126284326,
http://www.wikidata.org/entity/Q126284329,
http://www.wikidata.org/entity/Q126284355,
http://www.wikidata.org/entity/Q126284357,
http://www.wikidata.org/entity/Q126284383,
http://www.wikidata.org/entity/Q126284380,
http://www.wikidata.org/entity/Q126284381,
http://www.wikidata.org/entity/Q126284386,
http://www.wikidata.org/entity/Q126284387,
http://www.wikidata.org/entity/Q126284384,
http://www.wikidata.org/entity/Q126284385,
http://www.wikidata.org/entity/Q126284388,
http://www.wikidata.org/entity/Q126284389,
http://www.wikidata.org/entity/Q126284622,
http://www.wikidata.org/entity/Q126310903,1764
http://www.wikidata.org/entity/Q126329804,
http://www.wikidata.org/entity/Q126331546,
http://www.wikidata.org/entity/Q126331548,
http://www.wikidata.org/entity/Q126368575,
http://www.wikidata.org/entity/Q126371885,1737
http://www.wikidata.org/entity/Q126456502,
http://www.wikidata.org/entity/Q126456503,
http://www.wikidata.org/entity/Q126456506,
http://www.wikidata.org/entity/Q126456507,
http://www.wikidata.org/entity/Q126456505,
http://www.wikidata.org/entity/Q126456508,
http://www.wikidata.org/entity/Q126456514,1612
http://www.wikidata.org/entity/Q126456515,
http://www.wikidata.org/entity/Q126456516,
http://www.wikidata.org/entity/Q126456517,
http://www.wikidata.org/entity/Q126456526,1739
http://www.wikidata.org/entity/Q126456555,
http://www.wikidata.org/entity/Q126513924,1367
http://www.wikidata.org/entity/Q126633287,1667
http://www.wikidata.org/entity/Q126680509,
http://www.wikidata.org/entity/Q126709512,1580
http://www.wikidata.org/entity/Q126721550,1564
http://www.wikidata.org/entity/Q126727120,
http://www.wikidata.org/entity/Q126727184,
http://www.wikidata.org/entity/Q126727198,
http://www.wikidata.org/entity/Q126891336,
http://www.wikidata.org/entity/Q126918076,1477
http://www.wikidata.org/entity/Q127327807,1900
http://www.wikidata.org/entity/Q127433409,1543
http://www.wikidata.org/entity/Q127442026,1791
http://www.wikidata.org/entity/Q127564377,1865
http://www.wikidata.org/entity/Q127695958,1691
http://www.wikidata.org/entity/Q127790733,
http://www.wikidata.org/entity/Q127985499,1455
http://www.wikidata.org/entity/Q127985981,
http://www.wikidata.org/entity/Q128124962,1915
http://www.wikidata.org/entity/Q128495286,1909
http://www.wikidata.org/entity/Q128783484,1600
http://www.wikidata.org/entity/Q128810133,1638
http://www.wikidata.org/entity/Q128941201,1800
http://www.wikidata.org/entity/Q129199340,1480
http://www.wikidata.org/entity/Q129487042,1920
http://www.wikidata.org/entity/Q129500713,
http://www.wikidata.org/entity/Q129507208,1661
http://www.wikidata.org/entity/Q129977163,1440
http://www.wikidata.org/entity/Q130212907,1678
http://www.wikidata.org/entity/Q130213077,1653
http://www.wikidata.org/entity/Q130213160,1653
http://www.wikidata.org/entity/Q130214332,1483
http://www.wikidata.org/entity/Q130221017,1613
http://www.wikidata.org/entity/Q130234284,
http://www.wikidata.org/entity/Q130335034,1550
http://www.wikidata.org/entity/Q130369461,1807
http://www.wikidata.org/entity/Q130375844,1550
http://www.wikidata.org/entity/Q130394364,1946
http://www.wikidata.org/entity/Q130467776,1607
http://www.wikidata.org/entity/Q130492308,1584
http://www.wikidata.org/entity/Q130515982,1580
http://www.wikidata.org/entity/Q130536956,
http://www.wikidata.org/entity/Q130537073,1579
http://www.wikidata.org/entity/Q130552524,1375
http://www.wikidata.org/entity/Q130642202,1580
http://www.wikidata.org/entity/Q130999230,
http://www.wikidata.org/entity/Q131011027,1556
http://www.wikidata.org/entity/Q131100772,1747
http://www.wikidata.org/entity/Q131154939,1895
http://www.wikidata.org/entity/Q131325204,1855
http://www.wikidata.org/entity/Q131340770,1518
http://www.wikidata.org/entity/Q131349567,1525
http://www.wikidata.org/entity/Q131350054,1540
http://www.wikidata.org/entity/Q131351071,1532
http://www.wikidata.org/entity/Q131354901,1695
http://www.wikidata.org/entity/Q131356481,1575
http://www.wikidata.org/entity/Q131362573,
http://www.wikidata.org/entity/Q131367847,1497
http://www.wikidata.org/entity/Q131395036,1572
http://www.wikidata.org/entity/Q131414320,
http://www.wikidata.org/entity/Q120793977,1555
http://www.wikidata.org/entity/Q120822987,1518
http://www.wikidata.org/entity/Q120884863,1741
http://www.wikidata.org/entity/Q120884895,1700
http://www.wikidata.org/entity/Q120900571,
http://www.wikidata.org/entity/Q120903815,
http://www.wikidata.org/entity/Q120968113,1586
http://www.wikidata.org/entity/Q120968282,1586
http://www.wikidata.org/entity/Q120968550,1586
http://www.wikidata.org/entity/Q120968767,1586
http://www.wikidata.org/entity/Q120968914,1586
http://www.wikidata.org/entity/Q120985002,1665
http://www.wikidata.org/entity/Q121050640,1640
http://www.wikidata.org/entity/Q121064292,1700
http://www.wikidata.org/entity/Q121064630,1656
http://www.wikidata.org/entity/Q121065902,1646
http://www.wikidata.org/entity/Q121066043,1700
http://www.wikidata.org/entity/Q121450256,1560
http://www.wikidata.org/entity/Q121462678,1700
http://www.wikidata.org/entity/Q121504941,1550
http://www.wikidata.org/entity/Q121546107,1633
http://www.wikidata.org/entity/Q121678655,1553
http://www.wikidata.org/entity/Q121685223,1545
http://www.wikidata.org/entity/Q121689728,1517
http://www.wikidata.org/entity/Q121692401,1552
http://www.wikidata.org/entity/Q121735048,1716
http://www.wikidata.org/entity/Q121780997,1625
http://www.wikidata.org/entity/Q121811406,1640
http://www.wikidata.org/entity/Q121995915,1730
http://www.wikidata.org/entity/Q122227973,1757
http://www.wikidata.org/entity/Q122615548,1910
http://www.wikidata.org/entity/Q122617360,1910
http://www.wikidata.org/entity/Q122730307,1624
http://www.wikidata.org/entity/Q122733370,1554
http://www.wikidata.org/entity/Q122740583,1510
http://www.wikidata.org/entity/Q122764699,1548
http://www.wikidata.org/entity/Q122912807,1930
http://www.wikidata.org/entity/Q122948136,1625
http://www.wikidata.org/entity/Q122965388,1923
http://www.wikidata.org/entity/Q123036459,1683
http://www.wikidata.org/entity/Q123052486,1869
http://www.wikidata.org/entity/Q123052559,1861
http://www.wikidata.org/entity/Q123055325,1760
http://www.wikidata.org/entity/Q123146252,1375
http://www.wikidata.org/entity/Q123178580,1685
http://www.wikidata.org/entity/Q123200931,
http://www.wikidata.org/entity/Q123200938,
http://www.wikidata.org/entity/Q123200940,
http://www.wikidata.org/entity/Q123201359,1878
http://www.wikidata.org/entity/Q123258249,1872
http://www.wikidata.org/entity/Q123260093,1906
http://www.wikidata.org/entity/Q123301255,1858
http://www.wikidata.org/entity/Q123313948,1854
http://www.wikidata.org/entity/Q123314103,1854
http://www.wikidata.org/entity/Q123328738,1944
http://www.wikidata.org/entity/Q123338940,1868
http://www.wikidata.org/entity/Q123375075,1582
http://www.wikidata.org/entity/Q123416410,1879
http://www.wikidata.org/entity/Q123416461,1879
http://www.wikidata.org/entity/Q123416548,1886
http://www.wikidata.org/entity/Q123416954,1850
http://www.wikidata.org/entity/Q123416994,1860
http://www.wikidata.org/entity/Q123417018,1900
http://www.wikidata.org/entity/Q123418628,1861
http://www.wikidata.org/entity/Q123419057,1891
http://www.wikidata.org/entity/Q123419096,1883
http://www.wikidata.org/entity/Q123419116,1885
http://www.wikidata.org/entity/Q123419220,1885
http://www.wikidata.org/entity/Q123419237,1884
http://www.wikidata.org/entity/Q123419285,1892
http://www.wikidata.org/entity/Q123419324,1892
http://www.wikidata.org/entity/Q123419384,1896
http://www.wikidata.org/entity/Q123419421,1896
http://www.wikidata.org/entity/Q123422898,1700
http://www.wikidata.org/entity/Q123457362,1765
http://www.wikidata.org/entity/Q123457371,
http://www.wikidata.org/entity/Q123457388,1776
http://www.wikidata.org/entity/Q123457393,1756
http://www.wikidata.org/entity/Q123457399,1726
http://www.wikidata.org/entity/Q123458625,1829
http://www.wikidata.org/entity/Q123462848,1927
http://www.wikidata.org/entity/Q123480115,1605
http://www.wikidata.org/entity/Q123562848,
http://www.wikidata.org/entity/Q123671285,1543
http://www.wikidata.org/entity/Q123709241,1543
http://www.wikidata.org/entity/Q123709348,1686
http://www.wikidata.org/entity/Q123741888,1538
http://www.wikidata.org/entity/Q123751969,1533
http://www.wikidata.org/entity/Q123753616,1532
http://www.wikidata.org/entity/Q123754396,1573
http://www.wikidata.org/entity/Q123912954,1552
http://www.wikidata.org/entity/Q124038605,1520
http://www.wikidata.org/entity/Q124039068,1550
http://www.wikidata.org/entity/Q124039121,1900
http://www.wikidata.org/entity/Q124039323,1534
http://www.wikidata.org/entity/Q124043063,1600
http://www.wikidata.org/entity/Q124056690,1561
http://www.wikidata.org/entity/Q124069413,1934
http://www.wikidata.org/entity/Q124069583,1945
http://www.wikidata.org/entity/Q124069753,1928
http://www.wikidata.org/entity/Q131414321,
http://www.wikidata.org/entity/Q131414326,1603
http://www.wikidata.org/entity/Q131414433,
http://www.wikidata.org/entity/Q131421438,
http://www.wikidata.org/entity/Q131421566,
http://www.wikidata.org/entity/Q131421567,
http://www.wikidata.org/entity/Q131421565,
http://www.wikidata.org/entity/Q131421570,
http://www.wikidata.org/entity/Q131421571,1597
http://www.wikidata.org/entity/Q131422002,
http://www.wikidata.org/entity/Q131422003,
http://www.wikidata.org/entity/Q131422007,
http://www.wikidata.org/entity/Q131422004,
http://www.wikidata.org/entity/Q131422010,1488
http://www.wikidata.org/entity/Q131422011,
http://www.wikidata.org/entity/Q131422008,
http://www.wikidata.org/entity/Q131422009,
http://www.wikidata.org/entity/Q131422014,
http://www.wikidata.org/entity/Q131422015,
http://www.wikidata.org/entity/Q131422012,
http://www.wikidata.org/entity/Q131422013,
http://www.wikidata.org/entity/Q131422018,
http://www.wikidata.org/entity/Q131422019,
http://www.wikidata.org/entity/Q131422016,
http://www.wikidata.org/entity/Q131422017,
http://www.wikidata.org/entity/Q131422022,
http://www.wikidata.org/entity/Q131422020,
http://www.wikidata.org/entity/Q131422021,
http://www.wikidata.org/entity/Q131422030,
http://www.wikidata.org/entity/Q131422031,
http://www.wikidata.org/entity/Q131422028,
http://www.wikidata.org/entity/Q131422029,
http://www.wikidata.org/entity/Q131422036,1960
http://www.wikidata.org/entity/Q131449651,
http://www.wikidata.org/entity/Q131449654,
http://www.wikidata.org/entity/Q131449662,
http://www.wikidata.org/entity/Q131449660,
http://www.wikidata.org/entity/Q131449661,
http://www.wikidata.org/entity/Q131449667,1543
http://www.wikidata.org/entity/Q131449675,
http://www.wikidata.org/entity/Q131449678,
http://www.wikidata.org/entity/Q131449679,
http://www.wikidata.org/entity/Q131449676,
http://www.wikidata.org/entity/Q131449680,
http://www.wikidata.org/entity/Q131449695,1906
http://www.wikidata.org/entity/Q131449693,
http://www.wikidata.org/entity/Q131449700,
http://www.wikidata.org/entity/Q131449706,
http://www.wikidata.org/entity/Q131449707,
http://www.wikidata.org/entity/Q131449704,1885
http://www.wikidata.org/entity/Q131449705,
http://www.wikidata.org/entity/Q131450079,
http://www.wikidata.org/entity/Q131450082,
http://www.wikidata.org/entity/Q131450086,
http://www.wikidata.org/entity/Q131450087,
http://www.wikidata.org/entity/Q131450084,
http://www.wikidata.org/entity/Q131450085,
http://www.wikidata.org/entity/Q131450090,
http://www.wikidata.org/entity/Q131450089,
http://www.wikidata.org/entity/Q131450094,
http://www.wikidata.org/entity/Q131450095,
http://www.wikidata.org/entity/Q131450092,
http://www.wikidata.org/entity/Q131450093,
http://www.wikidata.org/entity/Q131450098,
http://www.wikidata.org/entity/Q131450099,
http://www.wikidata.org/entity/Q131450096,
http://www.wikidata.org/entity/Q131450103,
http://www.wikidata.org/entity/Q131450100,
http://www.wikidata.org/entity/Q131450107,1614
http://www.wikidata.org/entity/Q131450104,
http://www.wikidata.org/entity/Q131450105,1557
http://www.wikidata.org/entity/Q131450111,
http://www.wikidata.org/entity/Q131450108,
http://www.wikidata.org/entity/Q131450109,1639
http://www.wikidata.org/entity/Q131450114,
http://www.wikidata.org/entity/Q131450115,
http://www.wikidata.org/entity/Q131450112,
http://www.wikidata.org/entity/Q131450118,
http://www.wikidata.org/entity/Q131450119,
http://www.wikidata.org/entity/Q131450116,
http://www.wikidata.org/entity/Q131450122,
http://www.wikidata.org/entity/Q131450123,
http://www.wikidata.org/entity/Q131450120,
http://www.wikidata.org/entity/Q131450126,
http://www.wikidata.org/entity/Q131450127,
http://www.wikidata.org/entity/Q131450124,
http://www.wikidata.org/entity/Q131450125,1068
http://www.wikidata.org/entity/Q131450134,
http://www.wikidata.org/entity/Q131450135,
http://www.wikidata.org/entity/Q131450132,
http://www.wikidata.org/entity/Q131450133,
http://www.wikidata.org/entity/Q131450138,
http://www.wikidata.org/entity/Q131450136,
http://www.wikidata.org/entity/Q131450142,
http://www.wikidata.org/entity/Q131450146,
http://www.wikidata.org/entity/Q131450144,
http://www.wikidata.org/entity/Q131450145,
http://www.wikidata.org/entity/Q131450151,
http://www.wikidata.org/entity/Q131450148,1600
http://www.wikidata.org/entity/Q131450149,
http://www.wikidata.org/entity/Q131604558,
http://www.wikidata.org/entity/Q131604557,
http://www.wikidata.org/entity/Q131604561,
http://www.wikidata.org/entity/Q131604566,1632
http://www.wikidata.org/entity/Q131604568,1600
http://www.wikidata.org/entity/Q131604569,
http://www.wikidata.org/entity/Q131604575,1550
http://www.wikidata.org/entity/Q131604582,
http://www.wikidata.org/entity/Q131604586,
http://www.wikidata.org/entity/Q131604589,
http://www.wikidata.org/entity/Q131604610,
http://www.wikidata.org/entity/Q131613578,1558
http://www.wikidata.org/entity/Q131613579,
http://www.wikidata.org/entity/Q131613582,1278
http://www.wikidata.org/entity/Q131613581,
http://www.wikidata.org/entity/Q131613590,
http://www.wikidata.org/entity/Q131613591,1964
http://www.wikidata.org/entity/Q131613594,1961
http://www.wikidata.org/entity/Q131613592,1964
http://www.wikidata.org/entity/Q131613593,1959
http://www.wikidata.org/entity/Q131613596,1964
http://www.wikidata.org/entity/Q131613597,1957
http://www.wikidata.org/entity/Q131613607,1961
http://www.wikidata.org/entity/Q131613605,1956
http://www.wikidata.org/entity/Q131613610,1956
http://www.wikidata.org/entity/Q131613608,1964
http://www.wikidata.org/entity/Q131613615,1961
http://www.wikidata.org/entity/Q131613626,
http://www.wikidata.org/entity/Q131613627,1961
http://www.wikidata.org/entity/Q131613630,1964
http://www.wikidata.org/entity/Q131613631,
http://www.wikidata.org/entity/Q131613629,1961
http://www.wikidata.org/entity/Q131613632,
http://www.wikidata.org/entity/Q131613637,
http://www.wikidata.org/entity/Q131613648,1890
http://www.wikidata.org/entity/Q131613655,1915
http://www.wikidata.org/entity/Q131613659,1961
http://www.wikidata.org/entity/Q131613656,
http://www.wikidata.org/entity/Q131613657,1961
http://www.wikidata.org/entity/Q131613666,
http://www.wikidata.org/entity/Q131613667,
http://www.wikidata.org/entity/Q131613670,
http://www.wikidata.org/entity/Q131613671,
http://www.wikidata.org/entity/Q131613668,
http://www.wikidata.org/entity/Q131613669,
http://www.wikidata.org/entity/Q131613675,
http://www.wikidata.org/entity/Q131613679,1961
http://www.wikidata.org/entity/Q131613676,1636
http://www.wikidata.org/entity/Q131613680,
http://www.wikidata.org/entity/Q131613706,1883
http://www.wikidata.org/entity/Q131613704,1991
http://www.wikidata.org/entity/Q131613705,1959
http://www.wikidata.org/entity/Q131613711,
http://www.wikidata.org/entity/Q131613714,
http://www.wikidata.org/entity/Q131613715,1956
http://www.wikidata.org/entity/Q131613713,
http://www.wikidata.org/entity/Q131613716,
http://www.wikidata.org/entity/Q131613717,1876
http://www.wikidata.org/entity/Q131613722,
http://www.wikidata.org/entity/Q131613723,
http://www.wikidata.org/entity/Q131613721,1971
http://www.wikidata.org/entity/Q131613731,
http://www.wikidata.org/entity/Q131613729,1886
http://www.wikidata.org/entity/Q131613734,
http://www.wikidata.org/entity/Q131613732,
http://www.wikidata.org/entity/Q131613739,1956
http://www.wikidata.org/entity/Q131613742,
http://www.wikidata.org/entity/Q131613743,1603
http://www.wikidata.org/entity/Q131613740,
http://www.wikidata.org/entity/Q131613741,
http://www.wikidata.org/entity/Q131613746,1534
http://www.wikidata.org/entity/Q131613745,1958
http://www.wikidata.org/entity/Q131613748,1961
http://www.wikidata.org/entity/Q131613786,
http://www.wikidata.org/entity/Q131613787,1956
http://www.wikidata.org/entity/Q131613784,1890
http://www.wikidata.org/entity/Q131613785,1618
http://www.wikidata.org/entity/Q131613797,1961
http://www.wikidata.org/entity/Q131613820,
http://www.wikidata.org/entity/Q131613821,1880
http://www.wikidata.org/entity/Q131613826,
http://www.wikidata.org/entity/Q131613825,1890
http://www.wikidata.org/entity/Q131613832,1314
http://www.wikidata.org/entity/Q131613833,
http://www.wikidata.org/entity/Q131613870,
http://www.wikidata.org/entity/Q131613868,1694
http://www.wikidata.org/entity/Q131613869,
http://www.wikidata.org/entity/Q131613875,1996
http://www.wikidata.org/entity/Q131613879,1961
http://www.wikidata.org/entity/Q131613880,1957
http://www.wikidata.org/entity/Q131613890,1888
http://www.wikidata.org/entity/Q131613891,1546
http://www.wikidata.org/entity/Q131613888,1625
http://www.wikidata.org/entity/Q131613892,1874
http://www.wikidata.org/entity/Q131613900,1602
http://www.wikidata.org/entity/Q131613901,
http://www.wikidata.org/entity/Q131613904,
http://www.wikidata.org/entity/Q131613905,
http://www.wikidata.org/entity/Q131613914,
http://www.wikidata.org/entity/Q131613915,
http://www.wikidata.org/entity/Q135089031,1884
http://www.wikidata.org/entity/Q135089170,1884
http://www.wikidata.org/entity/Q135089208,1884
http://www.wikidata.org/entity/Q135089338,1884
http://www.wikidata.org/entity/Q135089933,1656
http://www.wikidata.org/entity/Q135097382,1884
http://www.wikidata.org/entity/Q135098524,1884
http://www.wikidata.org/entity/Q135111963,1881
http://www.wikidata.org/entity/Q135213019,1884
http://www.wikidata.org/entity/Q135213092,1883
http://www.wikidata.org/entity/Q135216092,1883
http://www.wikidata.org/entity/Q135216430,1883
http://www.wikidata.org/entity/Q135219976,1927
http://www.wikidata.org/entity/Q135286600,1700
http://www.wikidata.org/entity/Q135669652,
http://www.wikidata.org/entity/Q135761987,1823
http://www.wikidata.org/entity/Q135971600,1700
http://www.wikidata.org/entity/Q135971947,1622
http://www.wikidata.org/entity/Q135972052,1600
http://www.wikidata.org/entity/Q135988557,1670
http://www.wikidata.org/entity/Q135989185,1673
http://www.wikidata.org/entity/Q136359717,1904
http://www.wikidata.org/entity/Q136359850,1904
http://www.wikidata.org/entity/Q136419815,1681
http://www.wikidata.org/entity/Q136445881,1517
http://www.wikidata.org/entity/Q136446304,1571
http://www.wikidata.org/entity/Q136452782,1568
http://www.wikidata.org/entity/Q136457064,1561
http://www.wikidata.org/entity/Q136468769,1573
http://www.wikidata.org/entity/Q136488593,1588
http://www.wikidata.org/entity/Q136497894,1510
http://www.wikidata.org/entity/Q136747345,1898
http://www.wikidata.org/entity/Q136752887,1568
http://www.wikidata.org/entity/Q136789581,1600
http://www.wikidata.org/entity/Q136806465,1600
http://www.wikidata.org/entity/Q136807706,1520
http://www.wikidata.org/entity/Q136840231,1600
http://www.wikidata.org/entity/Q136849352,1700
http://www.wikidata.org/entity/Q136934711,1600
http://www.wikidata.org/entity/Q137040888,1600
http://www.wikidata.org/entity/Q137169658,1600
http://www.wikidata.org/entity/Q137268771,1640
http://www.wikidata.org/entity/Q137357477,1682
http://www.wikidata.org/entity/Q137395888,
http://www.wikidata.org/entity/Q131766192,
http://www.wikidata.org/entity/Q131812877,
http://www.wikidata.org/entity/Q131812900,
http://www.wikidata.org/entity/Q131812901,
http://www.wikidata.org/entity/Q131812919,
http://www.wikidata.org/entity/Q131812917,1490
http://www.wikidata.org/entity/Q131812921,
http://www.wikidata.org/entity/Q131812935,
http://www.wikidata.org/entity/Q131812933,
http://www.wikidata.org/entity/Q131812937,
http://www.wikidata.org/entity/Q131813151,
http://www.wikidata.org/entity/Q131813148,
http://www.wikidata.org/entity/Q131813153,
http://www.wikidata.org/entity/Q131813159,1580
http://www.wikidata.org/entity/Q131813192,
http://www.wikidata.org/entity/Q131813340,
http://www.wikidata.org/entity/Q131823354,1885
http://www.wikidata.org/entity/Q131823355,
http://www.wikidata.org/entity/Q131823366,1737
http://www.wikidata.org/entity/Q131823364,1616
http://www.wikidata.org/entity/Q131823365,1584
http://www.wikidata.org/entity/Q131825279,
http://www.wikidata.org/entity/Q131825292,
http://www.wikidata.org/entity/Q131825306,
http://www.wikidata.org/entity/Q131825307,
http://www.wikidata.org/entity/Q131825315,
http://www.wikidata.org/entity/Q131825312,1634
http://www.wikidata.org/entity/Q131825319,
http://www.wikidata.org/entity/Q131825316,
http://www.wikidata.org/entity/Q131825317,
http://www.wikidata.org/entity/Q131825322,
http://www.wikidata.org/entity/Q131825323,
http://www.wikidata.org/entity/Q131825320,
http://www.wikidata.org/entity/Q131825326,
http://www.wikidata.org/entity/Q131825324,
http://www.wikidata.org/entity/Q131825329,1913
http://www.wikidata.org/entity/Q131825338,
http://www.wikidata.org/entity/Q131825360,
http://www.wikidata.org/entity/Q131825364,
http://www.wikidata.org/entity/Q131829978,1600
http://www.wikidata.org/entity/Q131830267,1501
http://www.wikidata.org/entity/Q131830296,1501
http://www.wikidata.org/entity/Q131830590,1784
http://www.wikidata.org/entity/Q131831531,1600
http://www.wikidata.org/entity/Q131831573,1500
http://www.wikidata.org/entity/Q131831783,1500
http://www.wikidata.org/entity/Q131832197,1400
http://www.wikidata.org/entity/Q131832227,1600
http://www.wikidata.org/entity/Q131840176,1600
http://www.wikidata.org/entity/Q131851008,
http://www.wikidata.org/entity/Q131851009,
http://www.wikidata.org/entity/Q131851014,
http://www.wikidata.org/entity/Q131851015,1901
http://www.wikidata.org/entity/Q131851012,
http://www.wikidata.org/entity/Q131851013,
http://www.wikidata.org/entity/Q131851018,
http://www.wikidata.org/entity/Q131851016,1644
http://www.wikidata.org/entity/Q131851028,
http://www.wikidata.org/entity/Q131851035,
http://www.wikidata.org/entity/Q131851042,
http://www.wikidata.org/entity/Q131851041,
http://www.wikidata.org/entity/Q131851051,
http://www.wikidata.org/entity/Q131851094,
http://www.wikidata.org/entity/Q131851103,
http://www.wikidata.org/entity/Q131851100,1576
http://www.wikidata.org/entity/Q131851106,
http://www.wikidata.org/entity/Q131851108,
http://www.wikidata.org/entity/Q131851122,
http://www.wikidata.org/entity/Q131851126,
http://www.wikidata.org/entity/Q131851124,
http://www.wikidata.org/entity/Q131851125,
http://www.wikidata.org/entity/Q131851135,
http://www.wikidata.org/entity/Q131851136,1575
http://www.wikidata.org/entity/Q131856664,1700
http://www.wikidata.org/entity/Q131856823,1700
http://www.wikidata.org/entity/Q131856942,1700
http://www.wikidata.org/entity/Q131857319,1700
http://www.wikidata.org/entity/Q131857510,1700
http://www.wikidata.org/entity/Q131859345,1636
http://www.wikidata.org/entity/Q131859480,1700
http://www.wikidata.org/entity/Q131859542,1700
http://www.wikidata.org/entity/Q131860141,1800
http://www.wikidata.org/entity/Q131860198,1700
http://www.wikidata.org/entity/Q131861810,1700
http://www.wikidata.org/entity/Q131861981,1700
http://www.wikidata.org/entity/Q131868524,1628
http://www.wikidata.org/entity/Q131869926,1600
http://www.wikidata.org/entity/Q131869955,1600
http://www.wikidata.org/entity/Q131919623,1527
http://www.wikidata.org/entity/Q131937025,
http://www.wikidata.org/entity/Q131937030,
http://www.wikidata.org/entity/Q131937031,
http://www.wikidata.org/entity/Q131937032,
http://www.wikidata.org/entity/Q131937036,
http://www.wikidata.org/entity/Q131937042,1645
http://www.wikidata.org/entity/Q131937045,
http://www.wikidata.org/entity/Q131937061,
http://www.wikidata.org/entity/Q131937066,
http://www.wikidata.org/entity/Q131937070,
http://www.wikidata.org/entity/Q131937078,
http://www.wikidata.org/entity/Q131937079,
http://www.wikidata.org/entity/Q131937080,
http://www.wikidata.org/entity/Q131937081,1566
http://www.wikidata.org/entity/Q131937094,
http://www.wikidata.org/entity/Q131937102,
http://www.wikidata.org/entity/Q131937109,
http://www.wikidata.org/entity/Q131937113,1961
http://www.wikidata.org/entity/Q131937118,
http://www.wikidata.org/entity/Q132147956,1350
http://www.wikidata.org/entity/Q132147979,1298
http://www.wikidata.org/entity/Q132147995,
http://www.wikidata.org/entity/Q132147993,
http://www.wikidata.org/entity/Q132147998,
http://www.wikidata.org/entity/Q132147996,
http://www.wikidata.org/entity/Q132147997,1617
http://www.wikidata.org/entity/Q132148002,
http://www.wikidata.org/entity/Q132148006,
http://www.wikidata.org/entity/Q132148011,
http://www.wikidata.org/entity/Q132148015,1350
http://www.wikidata.org/entity/Q132148013,
http://www.wikidata.org/entity/Q132148016,1887
http://www.wikidata.org/entity/Q132148031,1518
http://www.wikidata.org/entity/Q132148039,
http://www.wikidata.org/entity/Q132148037,1575
http://www.wikidata.org/entity/Q132148050,
http://www.wikidata.org/entity/Q132148051,
http://www.wikidata.org/entity/Q132148054,
http://www.wikidata.org/entity/Q132148052,
http://www.wikidata.org/entity/Q132148057,
http://www.wikidata.org/entity/Q132148061,
http://www.wikidata.org/entity/Q132148134,
http://www.wikidata.org/entity/Q132148137,
http://www.wikidata.org/entity/Q132166188,
http://www.wikidata.org/entity/Q132166238,
http://www.wikidata.org/entity/Q132166239,
http://www.wikidata.org/entity/Q132166241,
http://www.wikidata.org/entity/Q132166246,
http://www.wikidata.org/entity/Q132166245,
http://www.wikidata.org/entity/Q132166250,
http://www.wikidata.org/entity/Q132166251,
http://www.wikidata.org/entity/Q132166254,
http://www.wikidata.org/entity/Q132166252,
http://www.wikidata.org/entity/Q132166258,
http://www.wikidata.org/entity/Q132166259,
http://www.wikidata.org/entity/Q132166256,
http://www.wikidata.org/entity/Q132166257,
http://www.wikidata.org/entity/Q132166260,
http://www.wikidata.org/entity/Q132166261,
http://www.wikidata.org/entity/Q132166270,1470
http://www.wikidata.org/entity/Q132166271,1501
http://www.wikidata.org/entity/Q132166275,
http://www.wikidata.org/entity/Q132166272,1783
http://www.wikidata.org/entity/Q132166294,
http://www.wikidata.org/entity/Q132166295,
http://www.wikidata.org/entity/Q132166292,
http://www.wikidata.org/entity/Q132166293,1510
http://www.wikidata.org/entity/Q132166298,
http://www.wikidata.org/entity/Q132166296,
http://www.wikidata.org/entity/Q132166297,
http://www.wikidata.org/entity/Q132188587,1771
http://www.wikidata.org/entity/Q132190189,
http://www.wikidata.org/entity/Q132247240,
http://www.wikidata.org/entity/Q132247244,
http://www.wikidata.org/entity/Q132247267,
http://www.wikidata.org/entity/Q132247310,
http://www.wikidata.org/entity/Q132247313,
http://www.wikidata.org/entity/Q132247316,
http://www.wikidata.org/entity/Q132247327,
http://www.wikidata.org/entity/Q132247331,
http://www.wikidata.org/entity/Q132247328,
http://www.wikidata.org/entity/Q132247334,
http://www.wikidata.org/entity/Q132247338,1345
http://www.wikidata.org/entity/Q132247378,
http://www.wikidata.org/entity/Q132247376,
http://www.wikidata.org/entity/Q132247380,
http://www.wikidata.org/entity/Q132247435,1887
http://www.wikidata.org/entity/Q132247451,
http://www.wikidata.org/entity/Q132397606,
http://www.wikidata.org/entity/Q132397607,
http://www.wikidata.org/entity/Q132397604,
http://www.wikidata.org/entity/Q132397610,1783
http://www.wikidata.org/entity/Q132397611,
http://www.wikidata.org/entity/Q132397614,
http://www.wikidata.org/entity/Q132397615,
http://www.wikidata.org/entity/Q132397613,
http://www.wikidata.org/entity/Q132397621,1429
http://www.wikidata.org/entity/Q132397631,1386
http://www.wikidata.org/entity/Q132397663,
http://www.wikidata.org/entity/Q132397660,
http://www.wikidata.org/entity/Q132397666,
http://www.wikidata.org/entity/Q132397667,
http://www.wikidata.org/entity/Q132397664,
http://www.wikidata.org/entity/Q132397665,
http://www.wikidata.org/entity/Q132397670,
http://www.wikidata.org/entity/Q132397668,
http://www.wikidata.org/entity/Q132397669,
http://www.wikidata.org/entity/Q132397673,
http://www.wikidata.org/entity/Q132397679,1664
http://www.wikidata.org/entity/Q132397687,
http://www.wikidata.org/entity/Q132397698,
http://www.wikidata.org/entity/Q132397696,
http://www.wikidata.org/entity/Q132397700,
http://www.wikidata.org/entity/Q132397710,1515
http://www.wikidata.org/entity/Q132397711,
http://www.wikidata.org/entity/Q132397715,
http://www.wikidata.org/entity/Q132397712,
http://www.wikidata.org/entity/Q132397719,
http://www.wikidata.org/entity/Q132397716,
http://www.wikidata.org/entity/Q132397721,
http://www.wikidata.org/entity/Q132397728,1552
http://www.wikidata.org/entity/Q132397743,
http://www.wikidata.org/entity/Q132397741,
http://www.wikidata.org/entity/Q132397746,
http://www.wikidata.org/entity/Q132397744,
http://www.wikidata.org/entity/Q132397750,
http://www.wikidata.org/entity/Q132397751,
http://www.wikidata.org/entity/Q132397749,
http://www.wikidata.org/entity/Q132397755,
http://www.wikidata.org/entity/Q132397753,
http://www.wikidata.org/entity/Q132397758,
http://www.wikidata.org/entity/Q132397759,
http://www.wikidata.org/entity/Q132397756,
http://www.wikidata.org/entity/Q132397757,
http://www.wikidata.org/entity/Q132397761,
http://www.wikidata.org/entity/Q132655854,1600
http://www.wikidata.org/entity/Q132732649,1680
http://www.wikidata.org/entity/Q132732774,1680
http://www.wikidata.org/entity/Q132861558,1515
http://www.wikidata.org/entity/Q133269222,1639
http://www.wikidata.org/entity/Q133269326,1813
http://www.wikidata.org/entity/Q133269393,1860 | 1865
http://www.wikidata.org/entity/Q133272425,1867
http://www.wikidata.org/entity/Q133273079,1810
http://www.wikidata.org/entity/Q133273191,1806
http://www.wikidata.org/entity/Q133280987,
http://www.wikidata.org/entity/Q133280990,1625
http://www.wikidata.org/entity/Q133280991,
http://www.wikidata.org/entity/Q133280994,
http://www.wikidata.org/entity/Q133280993,
http://www.wikidata.org/entity/Q133280996,
http://www.wikidata.org/entity/Q133281000,
http://www.wikidata.org/entity/Q133281004,
http://www.wikidata.org/entity/Q133281008,
http://www.wikidata.org/entity/Q133281009,1545
http://www.wikidata.org/entity/Q133281015,
http://www.wikidata.org/entity/Q133281013,
http://www.wikidata.org/entity/Q133281018,
http://www.wikidata.org/entity/Q133281019,
http://www.wikidata.org/entity/Q133281016,
http://www.wikidata.org/entity/Q133281023,
http://www.wikidata.org/entity/Q133281021,
http://www.wikidata.org/entity/Q133281027,1700
http://www.wikidata.org/entity/Q133281024,
http://www.wikidata.org/entity/Q133281030,
http://www.wikidata.org/entity/Q133281031,
http://www.wikidata.org/entity/Q133281028,
http://www.wikidata.org/entity/Q133281038,1450
http://www.wikidata.org/entity/Q133281054,
http://www.wikidata.org/entity/Q133281058,
http://www.wikidata.org/entity/Q133281056,
http://www.wikidata.org/entity/Q133281062,
http://www.wikidata.org/entity/Q133281060,1966
http://www.wikidata.org/entity/Q133281064,
http://www.wikidata.org/entity/Q133281065,
http://www.wikidata.org/entity/Q133281074,1650
http://www.wikidata.org/entity/Q133281075,
http://www.wikidata.org/entity/Q133281073,
http://www.wikidata.org/entity/Q133281078,
http://www.wikidata.org/entity/Q133281079,
http://www.wikidata.org/entity/Q133281076,
http://www.wikidata.org/entity/Q133281091,
http://www.wikidata.org/entity/Q133281094,
http://www.wikidata.org/entity/Q133281103,
http://www.wikidata.org/entity/Q133377050,1928
http://www.wikidata.org/entity/Q133460319,1629
http://www.wikidata.org/entity/Q133520790,1918
http://www.wikidata.org/entity/Q133538987,1627
http://www.wikidata.org/entity/Q133572599,1865
http://www.wikidata.org/entity/Q133580122,1918
http://www.wikidata.org/entity/Q133663142,1918
http://www.wikidata.org/entity/Q133756640,1519
http://www.wikidata.org/entity/Q133806816,1618
http://www.wikidata.org/entity/Q133832267,1577
http://www.wikidata.org/entity/Q133838769,1575
http://www.wikidata.org/entity/Q133853068,1515
http://www.wikidata.org/entity/Q133853701,1591
http://www.wikidata.org/entity/Q133857279,1544
http://www.wikidata.org/entity/Q133871397,1868
http://www.wikidata.org/entity/Q133877955,1895
http://www.wikidata.org/entity/Q133878297,1947
http://www.wikidata.org/entity/Q133878813,1915
http://www.wikidata.org/entity/Q134006791,1482
http://www.wikidata.org/entity/Q134475701,1893
http://www.wikidata.org/entity/Q134486443,
http://www.wikidata.org/entity/Q134580708,1520
http://www.wikidata.org/entity/Q134691464,1695
http://www.wikidata.org/entity/Q134699222,1927
http://www.wikidata.org/entity/Q134820887,1477
http://www.wikidata.org/entity/Q134960128,1566
http://www.wikidata.org/entity/Q135088946,1884
http://www.wikidata.org/entity/Q105025725,1630
http://www.wikidata.org/entity/Q105070687,1800
http://www.wikidata.org/entity/Q105070700,1800
http://www.wikidata.org/entity/Q105070713,1933
http://www.wikidata.org/entity/Q105544193,1592
http://www.wikidata.org/entity/Q105754329,1501
http://www.wikidata.org/entity/Q105760555,
http://www.wikidata.org/entity/Q105773240,1546
http://www.wikidata.org/entity/Q105882065,
http://www.wikidata.org/entity/Q105906293,1844
http://www.wikidata.org/entity/Q105942793,
http://www.wikidata.org/entity/Q105942808,
http://www.wikidata.org/entity/Q106172341,1809
http://www.wikidata.org/entity/Q106547526,1920
http://www.wikidata.org/entity/Q106570155,1802
http://www.wikidata.org/entity/Q106575251,
http://www.wikidata.org/entity/Q106649932,1549
http://www.wikidata.org/entity/Q106684238,1545
http://www.wikidata.org/entity/Q106766906,1545
http://www.wikidata.org/entity/Q106766907,1550
http://www.wikidata.org/entity/Q106857023,1578
http://www.wikidata.org/entity/Q106863540,1535
http://www.wikidata.org/entity/Q107132227,1705
http://www.wikidata.org/entity/Q107171794,1793
http://www.wikidata.org/entity/Q107254346,1697
http://www.wikidata.org/entity/Q107273576,1525
http://www.wikidata.org/entity/Q107311733,
http://www.wikidata.org/entity/Q107440131,
http://www.wikidata.org/entity/Q107467842,
http://www.wikidata.org/entity/Q107496570,1828
http://www.wikidata.org/entity/Q107522400,1909
http://www.wikidata.org/entity/Q107548658,
http://www.wikidata.org/entity/Q107720702,1905
http://www.wikidata.org/entity/Q108123187,
http://www.wikidata.org/entity/Q108123188,
http://www.wikidata.org/entity/Q108292260,1565
http://www.wikidata.org/entity/Q108314527,1553
http://www.wikidata.org/entity/Q108321038,
http://www.wikidata.org/entity/Q108321039,
http://www.wikidata.org/entity/Q108335985,1511
http://www.wikidata.org/entity/Q108584832,
http://www.wikidata.org/entity/Q108783372,1544
http://www.wikidata.org/entity/Q108799898,1240 | 1250
http://www.wikidata.org/entity/Q108816249,1400
http://www.wikidata.org/entity/Q108873567,1650
http://www.wikidata.org/entity/Q108900483,
http://www.wikidata.org/entity/Q108917715,1871
http://www.wikidata.org/entity/Q108917736,1858
http://www.wikidata.org/entity/Q108921968,1840
http://www.wikidata.org/entity/Q108922744,1844
http://www.wikidata.org/entity/Q109798688,1634
http://www.wikidata.org/entity/Q109913006,1890
http://www.wikidata.org/entity/Q109913050,1910
http://www.wikidata.org/entity/Q109914012,1930
http://www.wikidata.org/entity/Q109928591,1525
http://www.wikidata.org/entity/Q109937746,1884
http://www.wikidata.org/entity/Q110009768,1961
http://www.wikidata.org/entity/Q110015681,1560
http://www.wikidata.org/entity/Q110039871,1875
http://www.wikidata.org/entity/Q110062892,1883
http://www.wikidata.org/entity/Q110227186,1713
http://www.wikidata.org/entity/Q110312698,1712
http://www.wikidata.org/entity/Q110382981,1714
http://www.wikidata.org/entity/Q110384990,1867
http://www.wikidata.org/entity/Q110546796,1868
http://www.wikidata.org/entity/Q110619157,1751
http://www.wikidata.org/entity/Q110626569,1712
http://www.wikidata.org/entity/Q110634767,1714
http://www.wikidata.org/entity/Q110681237,
http://www.wikidata.org/entity/Q110714745,1500
http://www.wikidata.org/entity/Q110770118,1600
http://www.wikidata.org/entity/Q110865329,1714
http://www.wikidata.org/entity/Q110866078,1712
http://www.wikidata.org/entity/Q110867847,1712
http://www.wikidata.org/entity/Q110868028,1711
http://www.wikidata.org/entity/Q110868273,1712
http://www.wikidata.org/entity/Q110872609,1712
http://www.wikidata.org/entity/Q110872935,1712
http://www.wikidata.org/entity/Q110884929,1570
http://www.wikidata.org/entity/Q110907328,2014
http://www.wikidata.org/entity/Q110907797,1800
http://www.wikidata.org/entity/Q111041574,1328
http://www.wikidata.org/entity/Q111042707,1334
http://www.wikidata.org/entity/Q111159651,1806
http://www.wikidata.org/entity/Q111160508,1806
http://www.wikidata.org/entity/Q111255373,1925
http://www.wikidata.org/entity/Q111255770,1907
http://www.wikidata.org/entity/Q111256129,
http://www.wikidata.org/entity/Q111257029,1900
http://www.wikidata.org/entity/Q111308504,1883
http://www.wikidata.org/entity/Q111485530,1637
http://www.wikidata.org/entity/Q111485979,1640
http://www.wikidata.org/entity/Q111486358,1632
http://www.wikidata.org/entity/Q111486756,
http://www.wikidata.org/entity/Q111486805,
http://www.wikidata.org/entity/Q111486873,
http://www.wikidata.org/entity/Q111508542,1440
http://www.wikidata.org/entity/Q111509018,1460
http://www.wikidata.org/entity/Q111512548,1832
http://www.wikidata.org/entity/Q111577849,1529
http://www.wikidata.org/entity/Q124079494,1900
http://www.wikidata.org/entity/Q124083860,1927
http://www.wikidata.org/entity/Q124084281,1900
http://www.wikidata.org/entity/Q124086041,1900
http://www.wikidata.org/entity/Q124086306,1925
http://www.wikidata.org/entity/Q124086626,1895
http://www.wikidata.org/entity/Q124087802,1897
http://www.wikidata.org/entity/Q124091771,1900
http://www.wikidata.org/entity/Q124092399,1870
http://www.wikidata.org/entity/Q124092672,1900
http://www.wikidata.org/entity/Q124097861,1825
http://www.wikidata.org/entity/Q124098297,1890
http://www.wikidata.org/entity/Q124100563,1550
http://www.wikidata.org/entity/Q124101877,1919
http://www.wikidata.org/entity/Q124101956,1902
http://www.wikidata.org/entity/Q124150884,1915
http://www.wikidata.org/entity/Q124151090,1941
http://www.wikidata.org/entity/Q124152267,1565
http://www.wikidata.org/entity/Q124154199,1900
http://www.wikidata.org/entity/Q124154228,1910
http://www.wikidata.org/entity/Q124210379,1710
http://www.wikidata.org/entity/Q124218595,1568
http://www.wikidata.org/entity/Q124246612,1554
http://www.wikidata.org/entity/Q124248182,1583
http://www.wikidata.org/entity/Q124256182,1550
http://www.wikidata.org/entity/Q124286611,1545
http://www.wikidata.org/entity/Q124287319,1560
http://www.wikidata.org/entity/Q124287594,1558
http://www.wikidata.org/entity/Q124288119,1520
http://www.wikidata.org/entity/Q124307433,1887
http://www.wikidata.org/entity/Q124307821,1895
http://www.wikidata.org/entity/Q124316070,1850
http://www.wikidata.org/entity/Q124321743,1550
http://www.wikidata.org/entity/Q124348363,1710
http://www.wikidata.org/entity/Q124348745,1710
http://www.wikidata.org/entity/Q124349538,1790
http://www.wikidata.org/entity/Q124369794,1547
http://www.wikidata.org/entity/Q124498236,1927
http://www.wikidata.org/entity/Q124499426,1922
http://www.wikidata.org/entity/Q124537391,1848
http://www.wikidata.org/entity/Q124538450,1633
http://www.wikidata.org/entity/Q124627974,1283
http://www.wikidata.org/entity/Q124629543,1560
http://www.wikidata.org/entity/Q124630700,1918
http://www.wikidata.org/entity/Q124652229,1886
http://www.wikidata.org/entity/Q124652592,1885
http://www.wikidata.org/entity/Q124662452,1916
http://www.wikidata.org/entity/Q124662574,1920
http://www.wikidata.org/entity/Q124663036,1848
http://www.wikidata.org/entity/Q124664892,1837
http://www.wikidata.org/entity/Q124686467,1520
http://www.wikidata.org/entity/Q124719736,1560
http://www.wikidata.org/entity/Q124721106,1567
http://www.wikidata.org/entity/Q124723493,1560
http://www.wikidata.org/entity/Q124724283,1517
http://www.wikidata.org/entity/Q124726116,1587
http://www.wikidata.org/entity/Q124726300,1560
http://www.wikidata.org/entity/Q124736928,1578
http://www.wikidata.org/entity/Q124738743,1626
http://www.wikidata.org/entity/Q124801581,1556
http://www.wikidata.org/entity/Q124884546,1850
http://www.wikidata.org/entity/Q124902982,1852
http://www.wikidata.org/entity/Q124922865,1852
http://www.wikidata.org/entity/Q124962542,1545
http://www.wikidata.org/entity/Q124981334,1857
http://www.wikidata.org/entity/Q125102834,1875
http://www.wikidata.org/entity/Q125107060,1886
http://www.wikidata.org/entity/Q125116690,1900
http://www.wikidata.org/entity/Q125144993,1530
http://www.wikidata.org/entity/Q125170382,1614
http://www.wikidata.org/entity/Q125176302,1868
http://www.wikidata.org/entity/Q125189520,1877
http://www.wikidata.org/entity/Q125208945,1884
http://www.wikidata.org/entity/Q125266586,1876
http://www.wikidata.org/entity/Q125293980,1480
http://www.wikidata.org/entity/Q125298817,1521
http://www.wikidata.org/entity/Q125387269,1638
http://www.wikidata.org/entity/Q125399429,1330
http://www.wikidata.org/entity/Q125490773,1908
http://www.wikidata.org/entity/Q125599554,1625
http://www.wikidata.org/entity/Q125678611,1883
http://www.wikidata.org/entity/Q125679589,1884
http://www.wikidata.org/entity/Q125692333,1630
http://www.wikidata.org/entity/Q125704254,1518
http://www.wikidata.org/entity/Q125728210,1880
http://www.wikidata.org/entity/Q125774997,
http://www.wikidata.org/entity/Q125775011,
http://www.wikidata.org/entity/Q125775038,
http://www.wikidata.org/entity/Q125775039,
http://www.wikidata.org/entity/Q125775114,
http://www.wikidata.org/entity/Q125775115,1700
http://www.wikidata.org/entity/Q125775113,
http://www.wikidata.org/entity/Q125775116,
http://www.wikidata.org/entity/Q125794511,
http://www.wikidata.org/entity/Q125809444,
http://www.wikidata.org/entity/Q125811262,1600
http://www.wikidata.org/entity/Q125811807,1650
http://www.wikidata.org/entity/Q125811962,1700
http://www.wikidata.org/entity/Q125812539,1700
http://www.wikidata.org/entity/Q125813029,1738
http://www.wikidata.org/entity/Q111593419,1750
http://www.wikidata.org/entity/Q111718624,1667
http://www.wikidata.org/entity/Q111738668,1476
http://www.wikidata.org/entity/Q111803475,1878
http://www.wikidata.org/entity/Q111972094,1910
http://www.wikidata.org/entity/Q111976882,1515
http://www.wikidata.org/entity/Q112007402,1801
http://www.wikidata.org/entity/Q112034219,
http://www.wikidata.org/entity/Q112034223,1790
http://www.wikidata.org/entity/Q112074870,1869
http://www.wikidata.org/entity/Q112075694,1558
http://www.wikidata.org/entity/Q112109956,1615
http://www.wikidata.org/entity/Q112110434,1832
http://www.wikidata.org/entity/Q112122261,1871
http://www.wikidata.org/entity/Q112125081,1579
http://www.wikidata.org/entity/Q112133371,1601
http://www.wikidata.org/entity/Q112133543,1601
http://www.wikidata.org/entity/Q112228996,1853
http://www.wikidata.org/entity/Q112675085,1918
http://www.wikidata.org/entity/Q112798481,1598
http://www.wikidata.org/entity/Q112958938,1782
http://www.wikidata.org/entity/Q113005931,1758
http://www.wikidata.org/entity/Q113006398,1590
http://www.wikidata.org/entity/Q113016417,1550
http://www.wikidata.org/entity/Q113328601,1878
http://www.wikidata.org/entity/Q113328821,1758
http://www.wikidata.org/entity/Q113444533,1880
http://www.wikidata.org/entity/Q113465655,1528
http://www.wikidata.org/entity/Q113465666,1528
http://www.wikidata.org/entity/Q113550634,1851
http://www.wikidata.org/entity/Q113825024,1531
http://www.wikidata.org/entity/Q113878786,1641
http://www.wikidata.org/entity/Q113988555,2016
http://www.wikidata.org/entity/Q114065222,1700
http://www.wikidata.org/entity/Q114241461,1698
http://www.wikidata.org/entity/Q114417179,1567
http://www.wikidata.org/entity/Q114417792,1600
http://www.wikidata.org/entity/Q114601165,1530
http://www.wikidata.org/entity/Q114647508,1909
http://www.wikidata.org/entity/Q114647547,1553
http://www.wikidata.org/entity/Q114770904,1434
http://www.wikidata.org/entity/Q114772679,1658
http://www.wikidata.org/entity/Q114775095,1617
http://www.wikidata.org/entity/Q114793365,1918
http://www.wikidata.org/entity/Q114807998,1900
http://www.wikidata.org/entity/Q114811811,1891
http://www.wikidata.org/entity/Q114825983,1597
http://www.wikidata.org/entity/Q114857806,1585
http://www.wikidata.org/entity/Q114859027,1560
http://www.wikidata.org/entity/Q114863216,1720
http://www.wikidata.org/entity/Q114869573,1653
http://www.wikidata.org/entity/Q114937054,1825
http://www.wikidata.org/entity/Q115041810,1780
http://www.wikidata.org/entity/Q115067483,1480
http://www.wikidata.org/entity/Q115102928,1811
http://www.wikidata.org/entity/Q115110979,1570
http://www.wikidata.org/entity/Q115153302,1931
http://www.wikidata.org/entity/Q115153353,1905
http://www.wikidata.org/entity/Q115192337,1606
http://www.wikidata.org/entity/Q115193266,1610
http://www.wikidata.org/entity/Q115206624,1712
http://www.wikidata.org/entity/Q115249957,1650
http://www.wikidata.org/entity/Q115326515,1600
http://www.wikidata.org/entity/Q115327275,1668
http://www.wikidata.org/entity/Q115329022,1667
http://www.wikidata.org/entity/Q115350433,1832
http://www.wikidata.org/entity/Q115363544,1519
http://www.wikidata.org/entity/Q115380883,1845
http://www.wikidata.org/entity/Q115382052,1831
http://www.wikidata.org/entity/Q115390601,1659
http://www.wikidata.org/entity/Q115430770,1700
http://www.wikidata.org/entity/Q115431741,1563
http://www.wikidata.org/entity/Q115434462,1529
http://www.wikidata.org/entity/Q115452504,1574
http://www.wikidata.org/entity/Q115453601,1567
http://www.wikidata.org/entity/Q115456457,1547
http://www.wikidata.org/entity/Q115470798,1559
http://www.wikidata.org/entity/Q115484898,1715
http://www.wikidata.org/entity/Q115512129,1715
http://www.wikidata.org/entity/Q115522910,1715
http://www.wikidata.org/entity/Q115555506,1715
http://www.wikidata.org/entity/Q115589005,1490
http://www.wikidata.org/entity/Q115589179,
http://www.wikidata.org/entity/Q115652286,1500
http://www.wikidata.org/entity/Q115659447,1567
http://www.wikidata.org/entity/Q115662781,1567
http://www.wikidata.org/entity/Q115669298,1649
http://www.wikidata.org/entity/Q115680005,1515
http://www.wikidata.org/entity/Q115707472,2014
http://www.wikidata.org/entity/Q115727218,1641
http://www.wikidata.org/entity/Q115770576,1860
http://www.wikidata.org/entity/Q115776591,1500
http://www.wikidata.org/entity/Q115783769,1715
http://www.wikidata.org/entity/Q115787659,1540
http://www.wikidata.org/entity/Q115788237,1889
http://www.wikidata.org/entity/Q115789803,1800
http://www.wikidata.org/entity/Q115796466,1606
http://www.wikidata.org/entity/Q115798316,1540
http://www.wikidata.org/entity/Q115821855,1580
http://www.wikidata.org/entity/Q115821974,1564
http://www.wikidata.org/entity/Q115839852,1566
http://www.wikidata.org/entity/Q115862528,1737
http://www.wikidata.org/entity/Q115863339,1618
http://www.wikidata.org/entity/Q115898761,1596
http://www.wikidata.org/entity/Q116259243,1911
http://www.wikidata.org/entity/Q116259790,1867
http://www.wikidata.org/entity/Q116270130,1620
http://www.wikidata.org/entity/Q116414251,1905
http://www.wikidata.org/entity/Q116734952,
http://www.wikidata.org/entity/Q116771231,1722
http://www.wikidata.org/entity/Q116771349,1708
http://www.wikidata.org/entity/Q116771885,1584
http://www.wikidata.org/entity/Q116772186,1474
http://www.wikidata.org/entity/Q116779908,1593
http://www.wikidata.org/entity/Q116780072,1593
http://www.wikidata.org/entity/Q116780670,1881
http://www.wikidata.org/entity/Q116786123,1836
http://www.wikidata.org/entity/Q116802769,1596
http://www.wikidata.org/entity/Q116804064,1575
http://www.wikidata.org/entity/Q116804839,1592
http://www.wikidata.org/entity/Q116805369,1594
http://www.wikidata.org/entity/Q116806301,1640
http://www.wikidata.org/entity/Q116807092,1516
http://www.wikidata.org/entity/Q116875391,1523
http://www.wikidata.org/entity/Q116912669,1655
http://www.wikidata.org/entity/Q116912674,1617
http://www.wikidata.org/entity/Q116912676,1562
http://www.wikidata.org/entity/Q116912691,1713
http://www.wikidata.org/entity/Q116912704,1645
http://www.wikidata.org/entity/Q116912709,1716
http://www.wikidata.org/entity/Q116912724,1619
http://www.wikidata.org/entity/Q116920763,1315
http://www.wikidata.org/entity/Q116920783,1911
http://www.wikidata.org/entity/Q116938047,1438 | 1439
http://www.wikidata.org/entity/Q116943395,1250
http://www.wikidata.org/entity/Q116943590,1335
http://www.wikidata.org/entity/Q116943795,1320
http://www.wikidata.org/entity/Q116944959,1353
http://www.wikidata.org/entity/Q116944960,1353
http://www.wikidata.org/entity/Q116945667,1340
http://www.wikidata.org/entity/Q116955599,1320
http://www.wikidata.org/entity/Q116956495,1370
http://www.wikidata.org/entity/Q116957155,1357
http://www.wikidata.org/entity/Q116968203,1335
http://www.wikidata.org/entity/Q116968267,1330
http://www.wikidata.org/entity/Q116984810,1404
http://www.wikidata.org/entity/Q116984873,1437
http://www.wikidata.org/entity/Q116985089,1430
http://www.wikidata.org/entity/Q116985263,1442
http://www.wikidata.org/entity/Q116985325,1460
http://www.wikidata.org/entity/Q116985346,1470
http://www.wikidata.org/entity/Q116989564,1475
http://www.wikidata.org/entity/Q116990427,1490
http://www.wikidata.org/entity/Q116991105,1507
http://www.wikidata.org/entity/Q116991906,1517
http://www.wikidata.org/entity/Q116992418,1475
http://www.wikidata.org/entity/Q116993372,1470
http://www.wikidata.org/entity/Q116993384,1470
http://www.wikidata.org/entity/Q116993417,1470
http://www.wikidata.org/entity/Q116994722,1505
http://www.wikidata.org/entity/Q116994793,1522
http://www.wikidata.org/entity/Q116995512,1540
http://www.wikidata.org/entity/Q117005860,1520
http://www.wikidata.org/entity/Q117005926,1754
http://www.wikidata.org/entity/Q117005980,1754
http://www.wikidata.org/entity/Q117023915,1600
http://www.wikidata.org/entity/Q117024956,1749
http://www.wikidata.org/entity/Q117034670,1250
http://www.wikidata.org/entity/Q117034906,1310
http://www.wikidata.org/entity/Q117034996,1410
http://www.wikidata.org/entity/Q117035037,1444
http://www.wikidata.org/entity/Q117035093,1470
http://www.wikidata.org/entity/Q117040607,1447
http://www.wikidata.org/entity/Q117041748,1475
http://www.wikidata.org/entity/Q117041785,1535
http://www.wikidata.org/entity/Q117042320,1490
http://www.wikidata.org/entity/Q117042984,1525
http://www.wikidata.org/entity/Q117043780,1600
http://www.wikidata.org/entity/Q117043824,1601
http://www.wikidata.org/entity/Q117044144,1536
http://www.wikidata.org/entity/Q117051271,1700
http://www.wikidata.org/entity/Q117051307,1593
http://www.wikidata.org/entity/Q117051343,1609
http://www.wikidata.org/entity/Q117051893,1624
http://www.wikidata.org/entity/Q117052364,1610
http://www.wikidata.org/entity/Q117086849,1684
http://www.wikidata.org/entity/Q117086888,1901
http://www.wikidata.org/entity/Q117086924,1925
http://www.wikidata.org/entity/Q117086970,1899
http://www.wikidata.org/entity/Q117161791,1480
http://www.wikidata.org/entity/Q117162400,1850
http://www.wikidata.org/entity/Q117164043,1490
http://www.wikidata.org/entity/Q117188285,1800
http://www.wikidata.org/entity/Q117304805,1617
http://www.wikidata.org/entity/Q117323711,1740
http://www.wikidata.org/entity/Q117338080,1737
http://www.wikidata.org/entity/Q117382014,1565
http://www.wikidata.org/entity/Q117408489,1856
http://www.wikidata.org/entity/Q117408743,1600
http://www.wikidata.org/entity/Q117408881,1700
http://www.wikidata.org/entity/Q117427024,1514
http://www.wikidata.org/entity/Q117428285,1859
http://www.wikidata.org/entity/Q117428543,1700
http://www.wikidata.org/entity/Q117428772,1675
http://www.wikidata.org/entity/Q117430308,1390
http://www.wikidata.org/entity/Q117430437,1600
http://www.wikidata.org/entity/Q117447676,
http://www.wikidata.org/entity/Q117470090,1600
http://www.wikidata.org/entity/Q117615645,1697
http://www.wikidata.org/entity/Q117708969,
http://www.wikidata.org/entity/Q117715996,
http://www.wikidata.org/entity/Q117753177,1727
http://www.wikidata.org/entity/Q117756937,1901
http://www.wikidata.org/entity/Q117797593,1600
http://www.wikidata.org/entity/Q117803973,1740
http://www.wikidata.org/entity/Q117826019,1876
http://www.wikidata.org/entity/Q117832067,1620
http://www.wikidata.org/entity/Q117834449,
http://www.wikidata.org/entity/Q117834473,
http://www.wikidata.org/entity/Q117834509,1539
http://www.wikidata.org/entity/Q117834674,1539
http://www.wikidata.org/entity/Q117834758,1539
http://www.wikidata.org/entity/Q117834806,1539
http://www.wikidata.org/entity/Q117834885,1539
http://www.wikidata.org/entity/Q117848663,1539
http://www.wikidata.org/entity/Q117848759,
http://www.wikidata.org/entity/Q117848804,1539
http://www.wikidata.org/entity/Q117848843,1539
http://www.wikidata.org/entity/Q117848873,1539
http://www.wikidata.org/entity/Q117849453,1523
http://www.wikidata.org/entity/Q117849868,1600
http://www.wikidata.org/entity/Q117850467,1600
http://www.wikidata.org/entity/Q117949491,1521
http://www.wikidata.org/entity/Q117950829,1521
http://www.wikidata.org/entity/Q118121260,1586
http://www.wikidata.org/entity/Q118138029,1769
http://www.wikidata.org/entity/Q118140584,1924
http://www.wikidata.org/entity/Q118273001,1800
http://www.wikidata.org/entity/Q118277328,1585
http://www.wikidata.org/entity/Q118287906,
http://www.wikidata.org/entity/Q118368958,1600
http://www.wikidata.org/entity/Q118383381,1930
http://www.wikidata.org/entity/Q118383458,1900
http://www.wikidata.org/entity/Q118384137,1926
http://www.wikidata.org/entity/Q118398891,1484
http://www.wikidata.org/entity/Q118399101,1497
http://www.wikidata.org/entity/Q118522639,1540
http://www.wikidata.org/entity/Q118522898,1540
http://www.wikidata.org/entity/Q118590751,1547
http://www.wikidata.org/entity/Q118601577,1546
http://www.wikidata.org/entity/Q118605466,1479
http://www.wikidata.org/entity/Q118606399,1479
http://www.wikidata.org/entity/Q118611138,1484
http://www.wikidata.org/entity/Q118641092,1551
http://www.wikidata.org/entity/Q118675903,1479
http://www.wikidata.org/entity/Q118678052,1545
http://www.wikidata.org/entity/Q118680631,1549
http://www.wikidata.org/entity/Q118724762,1556
http://www.wikidata.org/entity/Q118725088,1555
http://www.wikidata.org/entity/Q118725638,1550
http://www.wikidata.org/entity/Q118822913,1400
http://www.wikidata.org/entity/Q118835177,1600
http://www.wikidata.org/entity/Q118868275,1549
http://www.wikidata.org/entity/Q118869818,1400
http://www.wikidata.org/entity/Q118873919,1400
http://www.wikidata.org/entity/Q118898180,1512
http://www.wikidata.org/entity/Q118905108,1557
http://www.wikidata.org/entity/Q118978047,1535
http://www.wikidata.org/entity/Q119008888,1530
http://www.wikidata.org/entity/Q119010849,1564
http://www.wikidata.org/entity/Q119157243,1590
http://www.wikidata.org/entity/Q119164762,1585
http://www.wikidata.org/entity/Q119169372,1875
http://www.wikidata.org/entity/Q119292565,1500
http://www.wikidata.org/entity/Q119353076,
http://www.wikidata.org/entity/Q119398059,1818
http://www.wikidata.org/entity/Q119404568,1575
http://www.wikidata.org/entity/Q119406125,1597
http://www.wikidata.org/entity/Q119443390,1500
http://www.wikidata.org/entity/Q119443609,1498
http://www.wikidata.org/entity/Q119493466,1500
http://www.wikidata.org/entity/Q119496040,1675
http://www.wikidata.org/entity/Q119574411,1400
http://www.wikidata.org/entity/Q119702756,1818
http://www.wikidata.org/entity/Q119819515,1494
http://www.wikidata.org/entity/Q119846277,
http://www.wikidata.org/entity/Q120311223,1500
http://www.wikidata.org/entity/Q120317949,1500
http://www.wikidata.org/entity/Q120401056,1555
http://www.wikidata.org/entity/Q120488471,1515
http://www.wikidata.org/entity/Q120488611,1510
http://www.wikidata.org/entity/Q120488851,1526
http://www.wikidata.org/entity/Q120489814,1500
http://www.wikidata.org/entity/Q120509133,
http://www.wikidata.org/entity/Q120509521,1800
http://www.wikidata.org/entity/Q120509789,1800
http://www.wikidata.org/entity/Q120598525,1650
http://www.wikidata.org/entity/Q120598716,1531
http://www.wikidata.org/entity/Q120763322,1555
http://www.wikidata.org/entity/Q120766339,1579
