id,generi
http://www.wikidata.org/entity/Q151047,nudo artistico; pittura mitologica
http://www.wikidata.org/entity/Q180632,ritratto; ritratto di gruppo
http://www.wikidata.org/entity/Q368788,arte religiosa
http://www.wikidata.org/entity/Q428274,ritratto
http://www.wikidata.org/entity/Q488825,arte religiosa
http://www.wikidata.org/entity/Q493792,nudo artistico; allegoria; portrait historié
http://www.wikidata.org/entity/Q532486,arte religiosa
http://www.wikidata.org/entity/Q546297,arte religiosa
http://www.wikidata.org/entity/Q549847,allegoria; pittura mitologica
http://www.wikidata.org/entity/Q580853,arte religiosa
http://www.wikidata.org/entity/Q592551,arte religiosa
http://www.wikidata.org/entity/Q672817,arte religiosa
http://www.wikidata.org/entity/Q732821,ritratto
http://www.wikidata.org/entity/Q733017,arte religiosa
http://www.wikidata.org/entity/Q734197,arte religiosa
http://www.wikidata.org/entity/Q742801,ritratto
http://www.wikidata.org/entity/Q794077,allegoria
http://www.wikidata.org/entity/Q867678,ritratto
http://www.wikidata.org/entity/Q924655,arte religiosa
http://www.wikidata.org/entity/Q945250,ritratto
http://www.wikidata.org/entity/Q945625,arte religiosa
http://www.wikidata.org/entity/Q948034,ritratto
http://www.wikidata.org/entity/Q955295,arte religiosa
http://www.wikidata.org/entity/Q959174,ritratto
http://www.wikidata.org/entity/Q1055111,arte religiosa
http://www.wikidata.org/entity/Q1109340,allegoria
http://www.wikidata.org/entity/Q1109475,arte religiosa
http://www.wikidata.org/entity/Q1110146,arte religiosa
http://www.wikidata.org/entity/Q1111232,arte religiosa
http://www.wikidata.org/entity/Q1113938,paesaggio urbano
http://www.wikidata.org/entity/Q1114823,arte religiosa
http://www.wikidata.org/entity/Q1114856,arte religiosa
http://www.wikidata.org/entity/Q1114881,pittura mitologica
http://www.wikidata.org/entity/Q1115413,pittura mitologica
http://www.wikidata.org/entity/Q1115423,arte religiosa
http://www.wikidata.org/entity/Q1119008,arte religiosa
http://www.wikidata.org/entity/Q1119782,arte religiosa
http://www.wikidata.org/entity/Q1121644,arte di genere
http://www.wikidata.org/entity/Q1122002,arte religiosa
http://www.wikidata.org/entity/Q1122537,pittura mitologica
http://www.wikidata.org/entity/Q1131263,arte religiosa
http://www.wikidata.org/entity/Q1132479,arte religiosa
http://www.wikidata.org/entity/Q1132486,arte religiosa
http://www.wikidata.org/entity/Q1134060,nudo artistico; arte religiosa
http://www.wikidata.org/entity/Q1195035,arte di genere
http://www.wikidata.org/entity/Q1212920,arte religiosa
http://www.wikidata.org/entity/Q1215809,arte religiosa
http://www.wikidata.org/entity/Q1217187,pittura mitologica
http://www.wikidata.org/entity/Q1237596,pittura mitologica
http://www.wikidata.org/entity/Q1240092,ritratto
http://www.wikidata.org/entity/Q1328065,ritratto
http://www.wikidata.org/entity/Q1448203,arte religiosa
http://www.wikidata.org/entity/Q1448701,arte religiosa
http://www.wikidata.org/entity/Q1460271,ritratto
http://www.wikidata.org/entity/Q1751408,arte religiosa
http://www.wikidata.org/entity/Q1761496,arte religiosa
http://www.wikidata.org/entity/Q1762826,arte religiosa
http://www.wikidata.org/entity/Q1863885,arte religiosa
http://www.wikidata.org/entity/Q1899740,arte religiosa
http://www.wikidata.org/entity/Q2011510,pittura mitologica
http://www.wikidata.org/entity/Q2016193,arte religiosa
http://www.wikidata.org/entity/Q2030685,arte religiosa
http://www.wikidata.org/entity/Q2035209,arte religiosa
http://www.wikidata.org/entity/Q2045726,pittura storica; dipinti di battaglie
http://www.wikidata.org/entity/Q2066739,arte religiosa
http://www.wikidata.org/entity/Q2092566,arte religiosa
http://www.wikidata.org/entity/Q2097931,arte religiosa
http://www.wikidata.org/entity/Q2247307,arte religiosa
http://www.wikidata.org/entity/Q2264942,arte religiosa
http://www.wikidata.org/entity/Q2267509,arte religiosa
http://www.wikidata.org/entity/Q2268013,arte religiosa
http://www.wikidata.org/entity/Q2269291,arte religiosa
http://www.wikidata.org/entity/Q2269585,arte religiosa
http://www.wikidata.org/entity/Q2270291,natura morta
http://www.wikidata.org/entity/Q2273517,arte religiosa
http://www.wikidata.org/entity/Q2275353,arte religiosa
http://www.wikidata.org/entity/Q2275371,arte religiosa
http://www.wikidata.org/entity/Q2277635,arte religiosa
http://www.wikidata.org/entity/Q2284829,arte religiosa
http://www.wikidata.org/entity/Q2293905,pittura mitologica
http://www.wikidata.org/entity/Q2293936,autoritratto; pittura mitologica; portrait historié
http://www.wikidata.org/entity/Q2325834,arte religiosa
http://www.wikidata.org/entity/Q2327715,arte religiosa
http://www.wikidata.org/entity/Q2337873,arte religiosa
http://www.wikidata.org/entity/Q2338404,ritratto
http://www.wikidata.org/entity/Q2338417,arte religiosa
http://www.wikidata.org/entity/Q2343939,arte religiosa
http://www.wikidata.org/entity/Q2405771,ritratto
http://www.wikidata.org/entity/Q2426058,pittura mitologica
http://www.wikidata.org/entity/Q2448678,arte religiosa
http://www.wikidata.org/entity/Q2459887,arte religiosa
http://www.wikidata.org/entity/Q2470123,arte religiosa
http://www.wikidata.org/entity/Q2472983,arte religiosa
http://www.wikidata.org/entity/Q2515309,ritratto
http://www.wikidata.org/entity/Q2551625,arte religiosa
http://www.wikidata.org/entity/Q2610729,ritratto
http://www.wikidata.org/entity/Q2610936,ritratto
http://www.wikidata.org/entity/Q2626595,arte religiosa
http://www.wikidata.org/entity/Q2627056,autoritratto; arte religiosa
http://www.wikidata.org/entity/Q2629715,ritratto
http://www.wikidata.org/entity/Q2635552,ritratto
http://www.wikidata.org/entity/Q2665840,arte religiosa
http://www.wikidata.org/entity/Q2713203,arte religiosa
http://www.wikidata.org/entity/Q2713823,ritratto
http://www.wikidata.org/entity/Q2714237,arte religiosa
http://www.wikidata.org/entity/Q2715177,arte religiosa
http://www.wikidata.org/entity/Q2715302,arte religiosa
http://www.wikidata.org/entity/Q2717478,arte religiosa
http://www.wikidata.org/entity/Q2732274,arte religiosa
http://www.wikidata.org/entity/Q2734111,ritratto
http://www.wikidata.org/entity/Q2866382,arte religiosa
http://www.wikidata.org/entity/Q2872721,autoritratto
http://www.wikidata.org/entity/Q2920183,arte religiosa
http://www.wikidata.org/entity/Q2929922,arte religiosa
http://www.wikidata.org/entity/Q3044873,arte religiosa
http://www.wikidata.org/entity/Q3185885,arte religiosa
http://www.wikidata.org/entity/Q3201479,arte religiosa
http://www.wikidata.org/entity/Q3207247,
http://www.wikidata.org/entity/Q3207678,arte religiosa
http://www.wikidata.org/entity/Q3207989,arte religiosa
http://www.wikidata.org/entity/Q3210267,arte religiosa
http://www.wikidata.org/entity/Q3213773,arte religiosa
http://www.wikidata.org/entity/Q3213778,arte religiosa
http://www.wikidata.org/entity/Q3213801,arte religiosa
http://www.wikidata.org/entity/Q3220282,arte religiosa
http://www.wikidata.org/entity/Q3223625,nudo artistico; arte religiosa
http://www.wikidata.org/entity/Q3276171,arte religiosa
http://www.wikidata.org/entity/Q3276168,arte religiosa
http://www.wikidata.org/entity/Q3276180,arte religiosa
http://www.wikidata.org/entity/Q3399438,ritratto
http://www.wikidata.org/entity/Q3463871,arte religiosa
http://www.wikidata.org/entity/Q3464027,arte religiosa
http://www.wikidata.org/entity/Q3471589,arte religiosa
http://www.wikidata.org/entity/Q3472935,arte religiosa
http://www.wikidata.org/entity/Q3495790,arte religiosa
http://www.wikidata.org/entity/Q3605530,arte religiosa
http://www.wikidata.org/entity/Q3605532,arte religiosa
http://www.wikidata.org/entity/Q3605568,arte religiosa
http://www.wikidata.org/entity/Q3618188,arte religiosa
http://www.wikidata.org/entity/Q3620766,arte religiosa
http://www.wikidata.org/entity/Q3620765,arte religiosa
http://www.wikidata.org/entity/Q3623738,arte religiosa
http://www.wikidata.org/entity/Q3625842,ritratto
http://www.wikidata.org/entity/Q3627401,arte religiosa
http://www.wikidata.org/entity/Q3630726,autoritratto
http://www.wikidata.org/entity/Q3636748,arte religiosa
http://www.wikidata.org/entity/Q3639064,arte di genere
http://www.wikidata.org/entity/Q3642142,ritratto
http://www.wikidata.org/entity/Q3650885,pittura mitologica
http://www.wikidata.org/entity/Q3685501,arte religiosa
http://www.wikidata.org/entity/Q3686814,arte religiosa
http://www.wikidata.org/entity/Q3697588,arte religiosa
http://www.wikidata.org/entity/Q3697602,arte religiosa
http://www.wikidata.org/entity/Q3697640,arte religiosa
http://www.wikidata.org/entity/Q3698182,arte religiosa
http://www.wikidata.org/entity/Q3698204,arte religiosa
http://www.wikidata.org/entity/Q3704794,pittura mitologica
http://www.wikidata.org/entity/Q3706331,arte religiosa
http://www.wikidata.org/entity/Q3709306,pittura mitologica
http://www.wikidata.org/entity/Q3711898,arte religiosa
http://www.wikidata.org/entity/Q3714445,arte religiosa
http://www.wikidata.org/entity/Q3725199,pittura mitologica
http://www.wikidata.org/entity/Q3725832,dipinti di battaglie
http://www.wikidata.org/entity/Q3731103,pittura mitologica
http://www.wikidata.org/entity/Q3732905,arte religiosa
http://www.wikidata.org/entity/Q3740793,allegoria
http://www.wikidata.org/entity/Q3743879,ritratto; pittura mitologica
http://www.wikidata.org/entity/Q3747239,arte religiosa
http://www.wikidata.org/entity/Q3752350,arte religiosa
http://www.wikidata.org/entity/Q3752977,natura morta
http://www.wikidata.org/entity/Q3766168,nudo artistico; arte religiosa
http://www.wikidata.org/entity/Q3769202,arte religiosa
http://www.wikidata.org/entity/Q3771679,arte religiosa
http://www.wikidata.org/entity/Q3771746,allegoria; arte religiosa
http://www.wikidata.org/entity/Q3771749,
http://www.wikidata.org/entity/Q3775535,arte religiosa
http://www.wikidata.org/entity/Q3778382,arte religiosa
http://www.wikidata.org/entity/Q3784247,ritratto
http://www.wikidata.org/entity/Q3784272,ritratto
http://www.wikidata.org/entity/Q3797482,
http://www.wikidata.org/entity/Q3817178,arte religiosa
http://www.wikidata.org/entity/Q3821139,arte di genere
http://www.wikidata.org/entity/Q3821405,
http://www.wikidata.org/entity/Q3823990,arte di genere
http://www.wikidata.org/entity/Q3831651,arte religiosa
http://www.wikidata.org/entity/Q3834971,allegoria
http://www.wikidata.org/entity/Q3842412,arte religiosa
http://www.wikidata.org/entity/Q3842413,arte religiosa
http://www.wikidata.org/entity/Q3842424,arte religiosa
http://www.wikidata.org/entity/Q3842438,arte religiosa
http://www.wikidata.org/entity/Q3842439,arte religiosa
http://www.wikidata.org/entity/Q3842472,arte religiosa
http://www.wikidata.org/entity/Q3842484,arte religiosa
http://www.wikidata.org/entity/Q3842522,arte religiosa
http://www.wikidata.org/entity/Q3842521,arte religiosa
http://www.wikidata.org/entity/Q3842530,arte religiosa
http://www.wikidata.org/entity/Q3842533,arte religiosa
http://www.wikidata.org/entity/Q3842543,arte religiosa
http://www.wikidata.org/entity/Q3842575,arte religiosa
http://www.wikidata.org/entity/Q3842577,arte religiosa
http://www.wikidata.org/entity/Q3842594,arte religiosa
http://www.wikidata.org/entity/Q3842673,arte religiosa
http://www.wikidata.org/entity/Q3842700,arte religiosa
http://www.wikidata.org/entity/Q3842706,arte religiosa
http://www.wikidata.org/entity/Q3842713,arte religiosa
http://www.wikidata.org/entity/Q3842725,arte religiosa
http://www.wikidata.org/entity/Q3862624,
http://www.wikidata.org/entity/Q3863247,arte religiosa
http://www.wikidata.org/entity/Q3873244,arte religiosa
http://www.wikidata.org/entity/Q3877894,arte religiosa
http://www.wikidata.org/entity/Q3879242,nudo artistico
http://www.wikidata.org/entity/Q3884948,arte religiosa
http://www.wikidata.org/entity/Q3885620,pittura mitologica
http://www.wikidata.org/entity/Q3889195,arte religiosa
http://www.wikidata.org/entity/Q3889203,arte religiosa
http://www.wikidata.org/entity/Q3889211,arte religiosa
http://www.wikidata.org/entity/Q3889220,arte religiosa
http://www.wikidata.org/entity/Q3889229,arte religiosa
http://www.wikidata.org/entity/Q3889247,arte religiosa
http://www.wikidata.org/entity/Q3889254,arte religiosa
http://www.wikidata.org/entity/Q3889255,arte religiosa
http://www.wikidata.org/entity/Q3889253,arte religiosa
http://www.wikidata.org/entity/Q3904392,arte religiosa
http://www.wikidata.org/entity/Q3904398,arte religiosa
http://www.wikidata.org/entity/Q3907344,pittura mitologica
http://www.wikidata.org/entity/Q3907497,arte religiosa
http://www.wikidata.org/entity/Q3908184,
http://www.wikidata.org/entity/Q3910087,arte religiosa
http://www.wikidata.org/entity/Q3910913,arte religiosa
http://www.wikidata.org/entity/Q3921705,pittura paesaggistica
http://www.wikidata.org/entity/Q3921912,arte religiosa
http://www.wikidata.org/entity/Q3924389,arte religiosa
http://www.wikidata.org/entity/Q3925592,
http://www.wikidata.org/entity/Q3937080,arte di genere
http://www.wikidata.org/entity/Q3937438,ritratto
http://www.wikidata.org/entity/Q3937502,ritratto
http://www.wikidata.org/entity/Q3937511,ritratto
http://www.wikidata.org/entity/Q3937547,ritratto equestre
http://www.wikidata.org/entity/Q3937553,ritratto
http://www.wikidata.org/entity/Q3937561,ritratto
http://www.wikidata.org/entity/Q3937569,ritratto
http://www.wikidata.org/entity/Q3937598,ritratto
http://www.wikidata.org/entity/Q3937634,ritratto
http://www.wikidata.org/entity/Q3937643,ritratto
http://www.wikidata.org/entity/Q3944499,arte religiosa
http://www.wikidata.org/entity/Q3944515,arte religiosa
http://www.wikidata.org/entity/Q3945254,
http://www.wikidata.org/entity/Q3945710,arte religiosa
http://www.wikidata.org/entity/Q3946910,arte religiosa
http://www.wikidata.org/entity/Q3947013,arte religiosa
http://www.wikidata.org/entity/Q3947064,arte religiosa
http://www.wikidata.org/entity/Q3947210,arte religiosa
http://www.wikidata.org/entity/Q3947211,arte religiosa
http://www.wikidata.org/entity/Q3947277,arte religiosa
http://www.wikidata.org/entity/Q3947281,arte religiosa
http://www.wikidata.org/entity/Q3947288,arte religiosa
http://www.wikidata.org/entity/Q3947375,arte religiosa
http://www.wikidata.org/entity/Q3947504,arte religiosa
http://www.wikidata.org/entity/Q3947687,arte religiosa
http://www.wikidata.org/entity/Q3947723,arte religiosa
http://www.wikidata.org/entity/Q3947812,arte religiosa
http://www.wikidata.org/entity/Q3948034,arte religiosa
http://www.wikidata.org/entity/Q3948651,arte religiosa
http://www.wikidata.org/entity/Q3948701,arte religiosa
http://www.wikidata.org/entity/Q3949208,arte religiosa
http://www.wikidata.org/entity/Q3949310,arte religiosa
http://www.wikidata.org/entity/Q3949373,arte religiosa
http://www.wikidata.org/entity/Q3949458,
http://www.wikidata.org/entity/Q3949459,
http://www.wikidata.org/entity/Q3954057,arte religiosa
http://www.wikidata.org/entity/Q3967206,arte religiosa
http://www.wikidata.org/entity/Q3973584,arte religiosa
http://www.wikidata.org/entity/Q3974449,arte religiosa
http://www.wikidata.org/entity/Q3979950,arte religiosa
http://www.wikidata.org/entity/Q3979952,arte religiosa
http://www.wikidata.org/entity/Q3979961,arte religiosa
http://www.wikidata.org/entity/Q3981174,
http://www.wikidata.org/entity/Q3982379,arte religiosa
http://www.wikidata.org/entity/Q3983114,allegoria
http://www.wikidata.org/entity/Q3984830,pittura mitologica
http://www.wikidata.org/entity/Q3985169,arte religiosa
http://www.wikidata.org/entity/Q3985186,ritratto
http://www.wikidata.org/entity/Q3985472,pittura mitologica
http://www.wikidata.org/entity/Q3992111,arte religiosa
http://www.wikidata.org/entity/Q3994163,
http://www.wikidata.org/entity/Q3997723,arte religiosa
http://www.wikidata.org/entity/Q3998940,arte religiosa
http://www.wikidata.org/entity/Q3999094,arte religiosa
http://www.wikidata.org/entity/Q3999095,arte religiosa
http://www.wikidata.org/entity/Q4006302,pittura mitologica
http://www.wikidata.org/entity/Q4010476,arte religiosa
http://www.wikidata.org/entity/Q4010941,arte religiosa
http://www.wikidata.org/entity/Q4014547,arte religiosa
http://www.wikidata.org/entity/Q4015931,arte religiosa
http://www.wikidata.org/entity/Q4015932,arte religiosa
http://www.wikidata.org/entity/Q5659648,arte religiosa
http://www.wikidata.org/entity/Q5954551,pittura mitologica
http://www.wikidata.org/entity/Q6696013,ritratto; autoritratto
http://www.wikidata.org/entity/Q7232252,ritratto
http://www.wikidata.org/entity/Q7232287,ritratto
http://www.wikidata.org/entity/Q7232305,ritratto
http://www.wikidata.org/entity/Q7401416,arte religiosa
http://www.wikidata.org/entity/Q7401482,arte religiosa
http://www.wikidata.org/entity/Q7720644,arte religiosa
http://www.wikidata.org/entity/Q7750471,arte religiosa
http://www.wikidata.org/entity/Q7885787,arte religiosa
http://www.wikidata.org/entity/Q7920573,pittura mitologica
http://www.wikidata.org/entity/Q9387722,arte religiosa
http://www.wikidata.org/entity/Q11694943,arte religiosa
http://www.wikidata.org/entity/Q11753618,nudo artistico; pittura mitologica
http://www.wikidata.org/entity/Q11769022,arte religiosa
http://www.wikidata.org/entity/Q12172990,ritratto
http://www.wikidata.org/entity/Q15008032,pittura mitologica
http://www.wikidata.org/entity/Q15157527,arte religiosa
http://www.wikidata.org/entity/Q15974347,arte religiosa
http://www.wikidata.org/entity/Q15982437,pittura mitologica
http://www.wikidata.org/entity/Q16167039,
http://www.wikidata.org/entity/Q16467999,ritratto
http://www.wikidata.org/entity/Q16536592,capriccio
http://www.wikidata.org/entity/Q16543332,arte religiosa
http://www.wikidata.org/entity/Q16549203,arte religiosa
http://www.wikidata.org/entity/Q16564738,arte religiosa
http://www.wikidata.org/entity/Q16573223,
http://www.wikidata.org/entity/Q16574865,arte religiosa
http://www.wikidata.org/entity/Q16585848,arte religiosa
http://www.wikidata.org/entity/Q16585871,
http://www.wikidata.org/entity/Q16596967,ritratto
http://www.wikidata.org/entity/Q16608187,arte religiosa
http://www.wikidata.org/entity/Q16620779,arte religiosa
http://www.wikidata.org/entity/Q16621939,arte religiosa
http://www.wikidata.org/entity/Q17638342,
http://www.wikidata.org/entity/Q17652075,arte religiosa
http://www.wikidata.org/entity/Q18226128,autoritratto
http://www.wikidata.org/entity/Q18385026,
http://www.wikidata.org/entity/Q18578019,
http://www.wikidata.org/entity/Q18688370,ritratto
http://www.wikidata.org/entity/Q19060568,ritratto
http://www.wikidata.org/entity/Q19060621,pittura storica
http://www.wikidata.org/entity/Q19361572,autoritratto
http://www.wikidata.org/entity/Q19390001,autoritratto
http://www.wikidata.org/entity/Q19516146,ritratto
http://www.wikidata.org/entity/Q19660300,vedutismo
http://www.wikidata.org/entity/Q19681559,vedutismo
http://www.wikidata.org/entity/Q19681664,vedutismo; pittura paesaggistica
http://www.wikidata.org/entity/Q19686409,capriccio
http://www.wikidata.org/entity/Q19686414,capriccio
http://www.wikidata.org/entity/Q19882485,ritratto
http://www.wikidata.org/entity/Q19947640,ritratto
http://www.wikidata.org/entity/Q19966565,arte religiosa
http://www.wikidata.org/entity/Q19966606,arte religiosa
http://www.wikidata.org/entity/Q19966608,arte religiosa
http://www.wikidata.org/entity/Q20092785,arte religiosa
http://www.wikidata.org/entity/Q20744065,autoritratto
http://www.wikidata.org/entity/Q20744144,
http://www.wikidata.org/entity/Q20744173,ritratto
http://www.wikidata.org/entity/Q20991673,autoritratto
http://www.wikidata.org/entity/Q21121896,arte religiosa
http://www.wikidata.org/entity/Q21192549,
http://www.wikidata.org/entity/Q21666329,arte religiosa
http://www.wikidata.org/entity/Q22917444,arte religiosa
http://www.wikidata.org/entity/Q22931136,autoritratto
http://www.wikidata.org/entity/Q22949398,arte religiosa
http://www.wikidata.org/entity/Q22949778,arte religiosa
http://www.wikidata.org/entity/Q22949827,arte religiosa
http://www.wikidata.org/entity/Q22958240,arte religiosa
http://www.wikidata.org/entity/Q23006207,arte religiosa
http://www.wikidata.org/entity/Q23305501,autoritratto
http://www.wikidata.org/entity/Q24050695,pittura paesaggistica
http://www.wikidata.org/entity/Q24090610,pittura paesaggistica
http://www.wikidata.org/entity/Q24090614,pittura paesaggistica
http://www.wikidata.org/entity/Q24091047,paesaggio urbano
http://www.wikidata.org/entity/Q24091066,
http://www.wikidata.org/entity/Q24091089,paesaggio urbano
http://www.wikidata.org/entity/Q24091112,pittura paesaggistica
http://www.wikidata.org/entity/Q24325684,ritratto equestre
http://www.wikidata.org/entity/Q24933808,
http://www.wikidata.org/entity/Q24938224,pittura paesaggistica
http://www.wikidata.org/entity/Q24939660,paesaggio urbano
http://www.wikidata.org/entity/Q24939839,natura morta
http://www.wikidata.org/entity/Q24939843,ritratto
http://www.wikidata.org/entity/Q24939884,ritratto
http://www.wikidata.org/entity/Q24940870,pittura paesaggistica
http://www.wikidata.org/entity/Q25388274,pittura storica; purismo
http://www.wikidata.org/entity/Q25410292,pittura paesaggistica
http://www.wikidata.org/entity/Q25410567,pittura paesaggistica
http://www.wikidata.org/entity/Q25444052,arte religiosa
http://www.wikidata.org/entity/Q26256901,arte religiosa
http://www.wikidata.org/entity/Q26488380,
http://www.wikidata.org/entity/Q27504416,arte religiosa
http://www.wikidata.org/entity/Q27507068,arte religiosa
http://www.wikidata.org/entity/Q27650796,
http://www.wikidata.org/entity/Q27664456,arte religiosa
http://www.wikidata.org/entity/Q27827425,allegoria
http://www.wikidata.org/entity/Q27830737,allegoria
http://www.wikidata.org/entity/Q27948860,ritratto
http://www.wikidata.org/entity/Q27955751,arte religiosa
http://www.wikidata.org/entity/Q28093447,pittura mitologica
http://www.wikidata.org/entity/Q28113318,ritratto
http://www.wikidata.org/entity/Q28113316,ritratto
http://www.wikidata.org/entity/Q28147005,arte religiosa
http://www.wikidata.org/entity/Q28229077,arte religiosa
http://www.wikidata.org/entity/Q28466203,arte religiosa
http://www.wikidata.org/entity/Q28547106,ritratto
http://www.wikidata.org/entity/Q28668222,arte religiosa
http://www.wikidata.org/entity/Q28668544,ritratto
http://www.wikidata.org/entity/Q28798137,arte religiosa
http://www.wikidata.org/entity/Q28803486,pittura mitologica
http://www.wikidata.org/entity/Q28803484,ritratto
http://www.wikidata.org/entity/Q28803514,arte religiosa
http://www.wikidata.org/entity/Q28803759,arte religiosa
http://www.wikidata.org/entity/Q28803789,ritratto
http://www.wikidata.org/entity/Q28809144,
http://www.wikidata.org/entity/Q28860726,arte religiosa
http://www.wikidata.org/entity/Q28952741,ritratto
http://www.wikidata.org/entity/Q29015025,nudo artistico; arte di genere; arte religiosa
http://www.wikidata.org/entity/Q29114098,arte religiosa
http://www.wikidata.org/entity/Q29654663,ritratto
http://www.wikidata.org/entity/Q29997042,ritratto
http://www.wikidata.org/entity/Q30031052,autoritratto
http://www.wikidata.org/entity/Q30032029,
http://www.wikidata.org/entity/Q30135606,arte di genere
http://www.wikidata.org/entity/Q30605361,arte religiosa
http://www.wikidata.org/entity/Q30880011,paesaggio urbano
http://www.wikidata.org/entity/Q30880062,pittura paesaggistica
http://www.wikidata.org/entity/Q30880678,
http://www.wikidata.org/entity/Q30880889,ritratto
http://www.wikidata.org/entity/Q30887689,paesaggio urbano
http://www.wikidata.org/entity/Q30887699,
http://www.wikidata.org/entity/Q30887987,pittura mitologica
http://www.wikidata.org/entity/Q31559452,
http://www.wikidata.org/entity/Q32904769,arte religiosa
http://www.wikidata.org/entity/Q34215143,ritratto
http://www.wikidata.org/entity/Q37027223,arte religiosa
http://www.wikidata.org/entity/Q40669017,arte religiosa
http://www.wikidata.org/entity/Q40691169,arte religiosa
http://www.wikidata.org/entity/Q40695411,arte religiosa
http://www.wikidata.org/entity/Q42189297,ritratto
http://www.wikidata.org/entity/Q45361473,arte religiosa
http://www.wikidata.org/entity/Q45381203,ritratto; autoritratto
http://www.wikidata.org/entity/Q46833514,ritratto
http://www.wikidata.org/entity/Q46998093,
http://www.wikidata.org/entity/Q48388241,ritratto
http://www.wikidata.org/entity/Q48808515,arte religiosa
http://www.wikidata.org/entity/Q48814933,ritratto
http://www.wikidata.org/entity/Q48917755,arte religiosa
http://www.wikidata.org/entity/Q48927682,arte religiosa
http://www.wikidata.org/entity/Q49167284,allegoria
http://www.wikidata.org/entity/Q49167493,arte religiosa
http://www.wikidata.org/entity/Q49167697,pittura storica
http://www.wikidata.org/entity/Q49167869,ritratto
http://www.wikidata.org/entity/Q50378007,ritratto
http://www.wikidata.org/entity/Q50378015,ritratto
http://www.wikidata.org/entity/Q50384906,ritratto
http://www.wikidata.org/entity/Q50399525,pittura mitologica
http://www.wikidata.org/entity/Q50422860,ritratto
http://www.wikidata.org/entity/Q50474718,allegoria
http://www.wikidata.org/entity/Q50752920,arte religiosa
http://www.wikidata.org/entity/Q50840293,ritratto
http://www.wikidata.org/entity/Q50846578,allegoria
http://www.wikidata.org/entity/Q50880887,ritratto
http://www.wikidata.org/entity/Q50884435,arte religiosa
http://www.wikidata.org/entity/Q50894841,autoritratto
http://www.wikidata.org/entity/Q50939921,ritratto
http://www.wikidata.org/entity/Q51212996,ritratto
http://www.wikidata.org/entity/Q51726313,arte di genere
http://www.wikidata.org/entity/Q51918916,
http://www.wikidata.org/entity/Q52084102,autoritratto
http://www.wikidata.org/entity/Q52155208,autoritratto
http://www.wikidata.org/entity/Q52155641,autoritratto
http://www.wikidata.org/entity/Q52157937,autoritratto
http://www.wikidata.org/entity/Q52217967,
http://www.wikidata.org/entity/Q52329690,autoritratto
http://www.wikidata.org/entity/Q52735921,arte di genere
http://www.wikidata.org/entity/Q53560123,arte religiosa
http://www.wikidata.org/entity/Q53940665,arte religiosa
http://www.wikidata.org/entity/Q54086391,arte religiosa
http://www.wikidata.org/entity/Q54625897,
http://www.wikidata.org/entity/Q54811281,arte religiosa
http://www.wikidata.org/entity/Q55177712,arte religiosa
http://www.wikidata.org/entity/Q55814015,paesaggio marino; pittura paesaggistica
http://www.wikidata.org/entity/Q56043344,ritratto
http://www.wikidata.org/entity/Q56062483,pittura mitologica
http://www.wikidata.org/entity/Q56149824,arte di genere
http://www.wikidata.org/entity/Q56258104,
http://www.wikidata.org/entity/Q56258413,
http://www.wikidata.org/entity/Q56318135,
http://www.wikidata.org/entity/Q56323639,pittura mitologica
http://www.wikidata.org/entity/Q56323645,
http://www.wikidata.org/entity/Q56323673,arte religiosa
http://www.wikidata.org/entity/Q56417895,ritratto
http://www.wikidata.org/entity/Q56417994,ritratto
http://www.wikidata.org/entity/Q56538353,ritratto
http://www.wikidata.org/entity/Q56599032,
http://www.wikidata.org/entity/Q56776954,arte religiosa
http://www.wikidata.org/entity/Q57530584,arte religiosa
http://www.wikidata.org/entity/Q57623718,arte religiosa
http://www.wikidata.org/entity/Q58177339,arte religiosa
http://www.wikidata.org/entity/Q58178579,arte religiosa
http://www.wikidata.org/entity/Q58181750,arte religiosa
http://www.wikidata.org/entity/Q58184717,ritratto
http://www.wikidata.org/entity/Q58185294,ritratto
http://www.wikidata.org/entity/Q58231270,
http://www.wikidata.org/entity/Q58480176,
http://www.wikidata.org/entity/Q58956093,arte religiosa
http://www.wikidata.org/entity/Q59185173,arte religiosa
http://www.wikidata.org/entity/Q59185398,
http://www.wikidata.org/entity/Q59442235,arte religiosa
http://www.wikidata.org/entity/Q59914107,
http://www.wikidata.org/entity/Q60838300,arte religiosa
http://www.wikidata.org/entity/Q61767320,arte religiosa
http://www.wikidata.org/entity/Q61816747,ritratto
http://www.wikidata.org/entity/Q62014629,nudo artistico; pastorale
http://www.wikidata.org/entity/Q62272761,
http://www.wikidata.org/entity/Q62476202,ritratto
http://www.wikidata.org/entity/Q63476058,arte religiosa
http://www.wikidata.org/entity/Q63994924,arte religiosa
http://www.wikidata.org/entity/Q63995247,arte religiosa
http://www.wikidata.org/entity/Q64766792,ritratto
http://www.wikidata.org/entity/Q65610116,paesaggio urbano
http://www.wikidata.org/entity/Q66098687,arte religiosa
http://www.wikidata.org/entity/Q67203105,arte religiosa
http://www.wikidata.org/entity/Q67203111,pittura storica
http://www.wikidata.org/entity/Q68704168,arte religiosa
http://www.wikidata.org/entity/Q69658139,ritratto
http://www.wikidata.org/entity/Q69859246,ritratto
http://www.wikidata.org/entity/Q71126799,arte religiosa
http://www.wikidata.org/entity/Q74717988,arte religiosa
http://www.wikidata.org/entity/Q77310161,arte religiosa
http://www.wikidata.org/entity/Q78330040,
http://www.wikidata.org/entity/Q78756742,arte religiosa
http://www.wikidata.org/entity/Q78783346,arte religiosa
http://www.wikidata.org/entity/Q78799218,arte religiosa
http://www.wikidata.org/entity/Q78910398,arte religiosa
http://www.wikidata.org/entity/Q79020756,
http://www.wikidata.org/entity/Q79021384,arte religiosa
http://www.wikidata.org/entity/Q79021962,
http://www.wikidata.org/entity/Q79022279,
http://www.wikidata.org/entity/Q79022528,
http://www.wikidata.org/entity/Q79022983,
http://www.wikidata.org/entity/Q79023210,
http://www.wikidata.org/entity/Q79023501,
http://www.wikidata.org/entity/Q79024384,arte religiosa
http://www.wikidata.org/entity/Q79024730,
http://www.wikidata.org/entity/Q79025062,
http://www.wikidata.org/entity/Q79026167,arte religiosa
http://www.wikidata.org/entity/Q79151177,ritratto
http://www.wikidata.org/entity/Q79859145,ritratto
http://www.wikidata.org/entity/Q80824471,ritratto
http://www.wikidata.org/entity/Q81089309,arte religiosa
http://www.wikidata.org/entity/Q86674601,arte religiosa
http://www.wikidata.org/entity/Q87469267,arte religiosa
http://www.wikidata.org/entity/Q88164010,ritratto
http://www.wikidata.org/entity/Q88416397,arte religiosa
http://www.wikidata.org/entity/Q88961191,
http://www.wikidata.org/entity/Q89034154,ritratto
http://www.wikidata.org/entity/Q89035643,ritratto
http://www.wikidata.org/entity/Q89039593,ritratto
http://www.wikidata.org/entity/Q89697566,ritratto
http://www.wikidata.org/entity/Q90291195,ritratto
http://www.wikidata.org/entity/Q93520523,arte religiosa
http://www.wikidata.org/entity/Q93631317,arte religiosa
http://www.wikidata.org/entity/Q94634547,arte religiosa
http://www.wikidata.org/entity/Q94636244,ritratto
http://www.wikidata.org/entity/Q96025421,ritratto
http://www.wikidata.org/entity/Q96192148,
http://www.wikidata.org/entity/Q97065805,ritratto
http://www.wikidata.org/entity/Q97378803,pittura mitologica
http://www.wikidata.org/entity/Q97463134,arte religiosa
http://www.wikidata.org/entity/Q97669288,
http://www.wikidata.org/entity/Q97669846,
http://www.wikidata.org/entity/Q97933450,ritratto
http://www.wikidata.org/entity/Q98108204,
http://www.wikidata.org/entity/Q98449585,arte religiosa
http://www.wikidata.org/entity/Q98545387,
http://www.wikidata.org/entity/Q98557614,
http://www.wikidata.org/entity/Q98684801,
http://www.wikidata.org/entity/Q98925578,ritratto
http://www.wikidata.org/entity/Q98925663,ritratto
http://www.wikidata.org/entity/Q99323182,
http://www.wikidata.org/entity/Q99937752,
http://www.wikidata.org/entity/Q100273549,ritratto
http://www.wikidata.org/entity/Q100502707,ritratto
http://www.wikidata.org/entity/Q101853163,arte religiosa
http://www.wikidata.org/entity/Q101984696,arte religiosa
http://www.wikidata.org/entity/Q103823905,arte religiosa
http://www.wikidata.org/entity/Q103847443,arte religiosa
http://www.wikidata.org/entity/Q103884105,ritratto
http://www.wikidata.org/entity/Q104117302,
http://www.wikidata.org/entity/Q104832804,arte religiosa
http://www.wikidata.org/entity/Q104902739,
http://www.wikidata.org/entity/Q104963266,arte religiosa
http://www.wikidata.org/entity/Q104966980,arte di genere
http://www.wikidata.org/entity/Q104999859,arte di genere
http://www.wikidata.org/entity/Q105001687,
http://www.wikidata.org/entity/Q105001950,
http://www.wikidata.org/entity/Q105002330,ritratto
http://www.wikidata.org/entity/Q105005172,pittura paesaggistica
http://www.wikidata.org/entity/Q105009573,paesaggio urbano
http://www.wikidata.org/entity/Q105010125,paesaggio urbano
http://www.wikidata.org/entity/Q105010402,paesaggio urbano
http://www.wikidata.org/entity/Q105025725,arte religiosa
http://www.wikidata.org/entity/Q105070687,paesaggio urbano
http://www.wikidata.org/entity/Q105070700,
http://www.wikidata.org/entity/Q105070713,paesaggio urbano
http://www.wikidata.org/entity/Q105544193,
http://www.wikidata.org/entity/Q105754329,ritratto
http://www.wikidata.org/entity/Q105760555,paesaggio marino
http://www.wikidata.org/entity/Q105773240,ritratto
http://www.wikidata.org/entity/Q105882065,
http://www.wikidata.org/entity/Q105906293,arte di genere; paesaggio urbano
http://www.wikidata.org/entity/Q105942793,
http://www.wikidata.org/entity/Q105942808,
http://www.wikidata.org/entity/Q106172341,ritratto
http://www.wikidata.org/entity/Q106547526,ritratto
http://www.wikidata.org/entity/Q106570155,ritratto
http://www.wikidata.org/entity/Q106575251,
http://www.wikidata.org/entity/Q106649932,ritratto
http://www.wikidata.org/entity/Q106684238,ritratto
http://www.wikidata.org/entity/Q106766906,ritratto
http://www.wikidata.org/entity/Q106766907,arte religiosa
http://www.wikidata.org/entity/Q106857023,
http://www.wikidata.org/entity/Q106863540,ritratto
http://www.wikidata.org/entity/Q107132227,ritratto
http://www.wikidata.org/entity/Q107171794,autoritratto
http://www.wikidata.org/entity/Q107254346,ritratto
http://www.wikidata.org/entity/Q107273576,ritratto
http://www.wikidata.org/entity/Q107311733,arte religiosa
http://www.wikidata.org/entity/Q107440131,arte religiosa
http://www.wikidata.org/entity/Q107467842,
http://www.wikidata.org/entity/Q107496570,ritratto
http://www.wikidata.org/entity/Q107522400,
http://www.wikidata.org/entity/Q107548658,
http://www.wikidata.org/entity/Q107720702,ritratto
http://www.wikidata.org/entity/Q108123187,
http://www.wikidata.org/entity/Q108123188,pittura mitologica
http://www.wikidata.org/entity/Q108292260,ritratto
http://www.wikidata.org/entity/Q108314527,ritratto
http://www.wikidata.org/entity/Q108321038,
http://www.wikidata.org/entity/Q108321039,
http://www.wikidata.org/entity/Q108335985,ritratto
http://www.wikidata.org/entity/Q108584832,arte religiosa
http://www.wikidata.org/entity/Q108783372,arte religiosa
http://www.wikidata.org/entity/Q108799898,arte religiosa
http://www.wikidata.org/entity/Q108816249,arte religiosa
http://www.wikidata.org/entity/Q108873567,ritratto
http://www.wikidata.org/entity/Q108900483,
http://www.wikidata.org/entity/Q108917715,arte di genere
http://www.wikidata.org/entity/Q108917736,arte di genere
http://www.wikidata.org/entity/Q108921968,ritratto
http://www.wikidata.org/entity/Q108922744,ritratto
http://www.wikidata.org/entity/Q109798688,ritratto di gruppo
http://www.wikidata.org/entity/Q109913006,ritratto
http://www.wikidata.org/entity/Q109913050,arte religiosa
http://www.wikidata.org/entity/Q109914012,autoritratto
http://www.wikidata.org/entity/Q109928591,arte religiosa
http://www.wikidata.org/entity/Q109937746,arte di genere
http://www.wikidata.org/entity/Q110009768,ritratto
http://www.wikidata.org/entity/Q110015681,arte religiosa
http://www.wikidata.org/entity/Q110039871,arte di genere
http://www.wikidata.org/entity/Q110062892,ritratto
http://www.wikidata.org/entity/Q110227186,pittura mitologica
http://www.wikidata.org/entity/Q110312698,pittura mitologica
http://www.wikidata.org/entity/Q110382981,pittura mitologica
http://www.wikidata.org/entity/Q110384990,arte di genere
http://www.wikidata.org/entity/Q110546796,neoclassicismo
http://www.wikidata.org/entity/Q110619157,arte di genere
http://www.wikidata.org/entity/Q110626569,pittura mitologica
http://www.wikidata.org/entity/Q110634767,pittura mitologica
http://www.wikidata.org/entity/Q110681237,arte religiosa
http://www.wikidata.org/entity/Q110714745,arte religiosa
http://www.wikidata.org/entity/Q110770118,nudo artistico; pittura mitologica
http://www.wikidata.org/entity/Q110865329,pittura mitologica
http://www.wikidata.org/entity/Q110866078,pittura mitologica
http://www.wikidata.org/entity/Q110867847,pittura mitologica
http://www.wikidata.org/entity/Q110868028,pittura mitologica
http://www.wikidata.org/entity/Q110868273,pittura mitologica
http://www.wikidata.org/entity/Q110872609,pittura mitologica
http://www.wikidata.org/entity/Q110872935,allegoria
http://www.wikidata.org/entity/Q110884929,ritratto
http://www.wikidata.org/entity/Q110907328,ritratto
http://www.wikidata.org/entity/Q110907797,ritratto
http://www.wikidata.org/entity/Q111041574,arte religiosa
http://www.wikidata.org/entity/Q111042707,arte religiosa
http://www.wikidata.org/entity/Q111159651,ritratto
http://www.wikidata.org/entity/Q111160508,ritratto
http://www.wikidata.org/entity/Q111255373,ritratto
http://www.wikidata.org/entity/Q111255770,ritratto
http://www.wikidata.org/entity/Q111256129,
http://www.wikidata.org/entity/Q111257029,arte di genere
http://www.wikidata.org/entity/Q111308504,arte di genere
http://www.wikidata.org/entity/Q111485530,
http://www.wikidata.org/entity/Q111485979,arte religiosa
http://www.wikidata.org/entity/Q111486358,
http://www.wikidata.org/entity/Q111486756,
http://www.wikidata.org/entity/Q111486805,
http://www.wikidata.org/entity/Q111486873,
http://www.wikidata.org/entity/Q111508542,arte religiosa
http://www.wikidata.org/entity/Q111509018,arte religiosa
http://www.wikidata.org/entity/Q111512548,ritratto
http://www.wikidata.org/entity/Q111577849,pittura mitologica
http://www.wikidata.org/entity/Q111593419,
http://www.wikidata.org/entity/Q111718624,ritratto
http://www.wikidata.org/entity/Q111738668,
http://www.wikidata.org/entity/Q111803475,arte di genere
http://www.wikidata.org/entity/Q111972094,
http://www.wikidata.org/entity/Q111976882,arte religiosa
http://www.wikidata.org/entity/Q112007402,ritratto
http://www.wikidata.org/entity/Q112034219,
http://www.wikidata.org/entity/Q112034223,autoritratto
http://www.wikidata.org/entity/Q112074870,pittura storica; arte di genere
http://www.wikidata.org/entity/Q112075694,ritratto
http://www.wikidata.org/entity/Q112109956,arte religiosa
http://www.wikidata.org/entity/Q112110434,ritratto
http://www.wikidata.org/entity/Q112122261,ritratto
http://www.wikidata.org/entity/Q112125081,ritratto
http://www.wikidata.org/entity/Q112133371,
http://www.wikidata.org/entity/Q112133543,arte religiosa
http://www.wikidata.org/entity/Q112228996,arte di genere
http://www.wikidata.org/entity/Q112675085,ritratto
http://www.wikidata.org/entity/Q112798481,ritratto
http://www.wikidata.org/entity/Q112958938,
http://www.wikidata.org/entity/Q113005931,ritratto
http://www.wikidata.org/entity/Q113006398,arte religiosa
http://www.wikidata.org/entity/Q113016417,ritratto
http://www.wikidata.org/entity/Q113328601,ritratto
http://www.wikidata.org/entity/Q113328821,ritratto
http://www.wikidata.org/entity/Q113444533,ritratto
http://www.wikidata.org/entity/Q113465655,nudo artistico; arte religiosa
http://www.wikidata.org/entity/Q113465666,nudo artistico; arte religiosa
http://www.wikidata.org/entity/Q113550634,autoritratto
http://www.wikidata.org/entity/Q113825024,ritratto
http://www.wikidata.org/entity/Q113878786,
http://www.wikidata.org/entity/Q113988555,ritratto
http://www.wikidata.org/entity/Q114065222,ritratto
http://www.wikidata.org/entity/Q114241461,ritratto
http://www.wikidata.org/entity/Q114417179,arte religiosa
http://www.wikidata.org/entity/Q114417792,arte religiosa
http://www.wikidata.org/entity/Q114601165,arte religiosa
http://www.wikidata.org/entity/Q114647508,ritratto
http://www.wikidata.org/entity/Q114647547,nudo artistico; pittura mitologica
http://www.wikidata.org/entity/Q114770904,arte religiosa
http://www.wikidata.org/entity/Q114772679,arte religiosa
http://www.wikidata.org/entity/Q114775095,arte religiosa
http://www.wikidata.org/entity/Q114793365,arte di genere
http://www.wikidata.org/entity/Q114807998,
http://www.wikidata.org/entity/Q114811811,
http://www.wikidata.org/entity/Q114825983,vedutismo; arte religiosa
http://www.wikidata.org/entity/Q114857806,ritratto
http://www.wikidata.org/entity/Q114859027,ritratto
http://www.wikidata.org/entity/Q114863216,autoritratto
http://www.wikidata.org/entity/Q114869573,arte religiosa
http://www.wikidata.org/entity/Q114937054,ritratto
http://www.wikidata.org/entity/Q115041810,ritratto
http://www.wikidata.org/entity/Q115067483,arte religiosa
http://www.wikidata.org/entity/Q115102928,ritratto
http://www.wikidata.org/entity/Q115110979,ritratto
http://www.wikidata.org/entity/Q115153302,aeropittura
http://www.wikidata.org/entity/Q115153353,ritratto
http://www.wikidata.org/entity/Q115192337,arte religiosa
http://www.wikidata.org/entity/Q115193266,arte religiosa
http://www.wikidata.org/entity/Q115206624,pittura mitologica
http://www.wikidata.org/entity/Q115249957,arte religiosa
http://www.wikidata.org/entity/Q115326515,arte religiosa
http://www.wikidata.org/entity/Q115327275,ritratto
http://www.wikidata.org/entity/Q115329022,ritratto
http://www.wikidata.org/entity/Q115350433,ritratto
http://www.wikidata.org/entity/Q115363544,ritratto
http://www.wikidata.org/entity/Q115380883,ritratto
http://www.wikidata.org/entity/Q115382052,ritratto
http://www.wikidata.org/entity/Q115390601,ritratto
http://www.wikidata.org/entity/Q115430770,ritratto
http://www.wikidata.org/entity/Q115431741,ritratto
http://www.wikidata.org/entity/Q115434462,ritratto
http://www.wikidata.org/entity/Q115452504,arte religiosa
http://www.wikidata.org/entity/Q115453601,ritratto
http://www.wikidata.org/entity/Q115456457,ritratto
http://www.wikidata.org/entity/Q115470798,pittura storica
http://www.wikidata.org/entity/Q115484898,
http://www.wikidata.org/entity/Q115512129,
http://www.wikidata.org/entity/Q115522910,
http://www.wikidata.org/entity/Q115555506,
http://www.wikidata.org/entity/Q115589005,arte religiosa
http://www.wikidata.org/entity/Q115589179,
http://www.wikidata.org/entity/Q115652286,arte religiosa
http://www.wikidata.org/entity/Q115659447,ritratto
http://www.wikidata.org/entity/Q115662781,ritratto; miniatura
http://www.wikidata.org/entity/Q115669298,ritratto
http://www.wikidata.org/entity/Q115680005,
http://www.wikidata.org/entity/Q115707472,ritratto; arte religiosa
http://www.wikidata.org/entity/Q115727218,paesaggio marino
http://www.wikidata.org/entity/Q115770576,ritratto
http://www.wikidata.org/entity/Q115776591,arte religiosa
http://www.wikidata.org/entity/Q115783769,pittura mitologica
http://www.wikidata.org/entity/Q115787659,ritratto
http://www.wikidata.org/entity/Q115788237,ritratto
http://www.wikidata.org/entity/Q115789803,ritratto
http://www.wikidata.org/entity/Q115796466,arte religiosa
http://www.wikidata.org/entity/Q115798316,ritratto
http://www.wikidata.org/entity/Q115821855,arte religiosa
http://www.wikidata.org/entity/Q115821974,arte religiosa
http://www.wikidata.org/entity/Q115839852,arte religiosa
http://www.wikidata.org/entity/Q115862528,arte religiosa
http://www.wikidata.org/entity/Q115863339,pittura storica
http://www.wikidata.org/entity/Q115898761,
http://www.wikidata.org/entity/Q116259243,paesaggio urbano
http://www.wikidata.org/entity/Q116259790,arte di genere
http://www.wikidata.org/entity/Q116270130,
http://www.wikidata.org/entity/Q116414251,ritratto
http://www.wikidata.org/entity/Q116734952,pittura mitologica
http://www.wikidata.org/entity/Q116771231,ritratto
http://www.wikidata.org/entity/Q116771349,arte religiosa
http://www.wikidata.org/entity/Q116771885,arte religiosa
http://www.wikidata.org/entity/Q116772186,ritratto
http://www.wikidata.org/entity/Q116779908,arte religiosa
http://www.wikidata.org/entity/Q116780072,arte religiosa
http://www.wikidata.org/entity/Q116780670,ritratto
http://www.wikidata.org/entity/Q116786123,ritratto
http://www.wikidata.org/entity/Q116802769,arte religiosa
http://www.wikidata.org/entity/Q116804064,arte religiosa
http://www.wikidata.org/entity/Q116804839,arte religiosa
http://www.wikidata.org/entity/Q116805369,arte religiosa
http://www.wikidata.org/entity/Q116806301,arte religiosa
http://www.wikidata.org/entity/Q116807092,arte religiosa
http://www.wikidata.org/entity/Q116875391,ritratto
http://www.wikidata.org/entity/Q116912669,autoritratto
http://www.wikidata.org/entity/Q116912674,arte di genere
http://www.wikidata.org/entity/Q116912676,ritratto
http://www.wikidata.org/entity/Q116912691,ritratto
http://www.wikidata.org/entity/Q116912704,ritratto equestre
http://www.wikidata.org/entity/Q116912709,autoritratto
http://www.wikidata.org/entity/Q116912724,arte religiosa
http://www.wikidata.org/entity/Q116920763,arte religiosa
http://www.wikidata.org/entity/Q116920783,autoritratto
http://www.wikidata.org/entity/Q116938047,arte religiosa
http://www.wikidata.org/entity/Q116943395,arte religiosa
http://www.wikidata.org/entity/Q116943590,arte religiosa
http://www.wikidata.org/entity/Q116943795,arte religiosa
http://www.wikidata.org/entity/Q116944959,arte religiosa
http://www.wikidata.org/entity/Q116944960,arte religiosa
http://www.wikidata.org/entity/Q116945667,arte religiosa
http://www.wikidata.org/entity/Q116955599,arte religiosa
http://www.wikidata.org/entity/Q116956495,arte religiosa
http://www.wikidata.org/entity/Q116957155,arte religiosa
http://www.wikidata.org/entity/Q116968203,arte religiosa
http://www.wikidata.org/entity/Q116968267,arte religiosa
http://www.wikidata.org/entity/Q116984810,arte religiosa
http://www.wikidata.org/entity/Q116984873,arte religiosa
http://www.wikidata.org/entity/Q116985089,arte religiosa
http://www.wikidata.org/entity/Q116985263,arte religiosa
http://www.wikidata.org/entity/Q116985325,arte religiosa
http://www.wikidata.org/entity/Q116985346,arte religiosa
http://www.wikidata.org/entity/Q116989564,arte religiosa
http://www.wikidata.org/entity/Q116990427,arte religiosa
http://www.wikidata.org/entity/Q116991105,arte religiosa
http://www.wikidata.org/entity/Q116991906,arte religiosa
http://www.wikidata.org/entity/Q116992418,arte religiosa
http://www.wikidata.org/entity/Q116993372,arte religiosa
http://www.wikidata.org/entity/Q116993384,arte religiosa
http://www.wikidata.org/entity/Q116993417,arte religiosa
http://www.wikidata.org/entity/Q116994722,arte religiosa
http://www.wikidata.org/entity/Q116994793,arte religiosa
http://www.wikidata.org/entity/Q116995512,arte religiosa
http://www.wikidata.org/entity/Q117005860,ritratto
http://www.wikidata.org/entity/Q117005926,ritratto
http://www.wikidata.org/entity/Q117005980,ritratto
http://www.wikidata.org/entity/Q117023915,arte religiosa
http://www.wikidata.org/entity/Q117024956,arte religiosa
http://www.wikidata.org/entity/Q117034670,arte religiosa
http://www.wikidata.org/entity/Q117034906,arte religiosa
http://www.wikidata.org/entity/Q117034996,arte religiosa
http://www.wikidata.org/entity/Q117035037,arte religiosa
http://www.wikidata.org/entity/Q117035093,arte religiosa
http://www.wikidata.org/entity/Q117040607,arte religiosa
http://www.wikidata.org/entity/Q117041748,arte religiosa
http://www.wikidata.org/entity/Q117041785,arte religiosa
http://www.wikidata.org/entity/Q117042320,arte religiosa
http://www.wikidata.org/entity/Q117042984,arte religiosa
http://www.wikidata.org/entity/Q117043780,arte religiosa
http://www.wikidata.org/entity/Q117043824,arte religiosa
http://www.wikidata.org/entity/Q117044144,arte religiosa
http://www.wikidata.org/entity/Q117051271,arte religiosa
http://www.wikidata.org/entity/Q117051307,arte religiosa
http://www.wikidata.org/entity/Q117051343,arte religiosa
http://www.wikidata.org/entity/Q117051893,arte religiosa
http://www.wikidata.org/entity/Q117052364,arte religiosa
http://www.wikidata.org/entity/Q117086849,ritratto
http://www.wikidata.org/entity/Q117086888,ritratto
http://www.wikidata.org/entity/Q117086924,ritratto
http://www.wikidata.org/entity/Q117086970,ritratto
http://www.wikidata.org/entity/Q117161791,arte religiosa
http://www.wikidata.org/entity/Q117162400,pittura mitologica
http://www.wikidata.org/entity/Q117164043,arte religiosa
http://www.wikidata.org/entity/Q117188285,ritratto
http://www.wikidata.org/entity/Q117304805,arte religiosa
http://www.wikidata.org/entity/Q117323711,ritratto
http://www.wikidata.org/entity/Q117338080,ritratto
http://www.wikidata.org/entity/Q117382014,ritratto
http://www.wikidata.org/entity/Q117408489,pittura storica
http://www.wikidata.org/entity/Q117408743,arte religiosa
http://www.wikidata.org/entity/Q117408881,arte religiosa
http://www.wikidata.org/entity/Q117427024,
http://www.wikidata.org/entity/Q117428285,arte religiosa
http://www.wikidata.org/entity/Q117428543,arte religiosa
http://www.wikidata.org/entity/Q117428772,arte religiosa
http://www.wikidata.org/entity/Q117430308,arte religiosa
http://www.wikidata.org/entity/Q117430437,arte religiosa
http://www.wikidata.org/entity/Q117447676,arte religiosa
http://www.wikidata.org/entity/Q117470090,arte religiosa
http://www.wikidata.org/entity/Q117615645,ritratto
http://www.wikidata.org/entity/Q117708969,
http://www.wikidata.org/entity/Q117715996,
http://www.wikidata.org/entity/Q117753177,ritratto
http://www.wikidata.org/entity/Q117756937,
http://www.wikidata.org/entity/Q117797593,ritratto
http://www.wikidata.org/entity/Q117803973,ritratto
http://www.wikidata.org/entity/Q117826019,pittura storica
http://www.wikidata.org/entity/Q117832067,pittura mitologica
http://www.wikidata.org/entity/Q117834449,
http://www.wikidata.org/entity/Q117834473,
http://www.wikidata.org/entity/Q117834509,
http://www.wikidata.org/entity/Q117834674,
http://www.wikidata.org/entity/Q117834758,
http://www.wikidata.org/entity/Q117834806,
http://www.wikidata.org/entity/Q117834885,
http://www.wikidata.org/entity/Q117848663,
http://www.wikidata.org/entity/Q117848759,
http://www.wikidata.org/entity/Q117848804,
http://www.wikidata.org/entity/Q117848843,
http://www.wikidata.org/entity/Q117848873,
http://www.wikidata.org/entity/Q117849453,
http://www.wikidata.org/entity/Q117849868,
http://www.wikidata.org/entity/Q117850467,
http://www.wikidata.org/entity/Q117949491,
http://www.wikidata.org/entity/Q117950829,
http://www.wikidata.org/entity/Q118121260,ritratto
http://www.wikidata.org/entity/Q118138029,ritratto
http://www.wikidata.org/entity/Q118140584,ritratto
http://www.wikidata.org/entity/Q118273001,arte religiosa
http://www.wikidata.org/entity/Q118277328,arte religiosa
http://www.wikidata.org/entity/Q118287906,
http://www.wikidata.org/entity/Q118368958,
http://www.wikidata.org/entity/Q118383381,autoritratto
http://www.wikidata.org/entity/Q118383458,autoritratto
http://www.wikidata.org/entity/Q118384137,ritratto
http://www.wikidata.org/entity/Q118398891,arte religiosa
http://www.wikidata.org/entity/Q118399101,
http://www.wikidata.org/entity/Q118522639,arte religiosa
http://www.wikidata.org/entity/Q118522898,arte religiosa
http://www.wikidata.org/entity/Q118590751,
http://www.wikidata.org/entity/Q118601577,arte religiosa
http://www.wikidata.org/entity/Q118605466,
http://www.wikidata.org/entity/Q118606399,
http://www.wikidata.org/entity/Q118611138,arte religiosa
http://www.wikidata.org/entity/Q118641092,
http://www.wikidata.org/entity/Q118675903,arte religiosa
http://www.wikidata.org/entity/Q118678052,arte religiosa
http://www.wikidata.org/entity/Q118680631,arte religiosa
http://www.wikidata.org/entity/Q118724762,
http://www.wikidata.org/entity/Q118725088,arte religiosa
http://www.wikidata.org/entity/Q118725638,arte religiosa
http://www.wikidata.org/entity/Q118822913,
http://www.wikidata.org/entity/Q118835177,
http://www.wikidata.org/entity/Q118868275,arte religiosa
http://www.wikidata.org/entity/Q118869818,
http://www.wikidata.org/entity/Q118873919,
http://www.wikidata.org/entity/Q118898180,arte religiosa
http://www.wikidata.org/entity/Q118905108,
http://www.wikidata.org/entity/Q118978047,ritratto
http://www.wikidata.org/entity/Q119008888,arte religiosa
http://www.wikidata.org/entity/Q119010849,arte religiosa
http://www.wikidata.org/entity/Q119157243,ritratto
http://www.wikidata.org/entity/Q119164762,ritratto
http://www.wikidata.org/entity/Q119169372,ritratto
http://www.wikidata.org/entity/Q119292565,arte religiosa
http://www.wikidata.org/entity/Q119353076,arte religiosa
http://www.wikidata.org/entity/Q119398059,ritratto
http://www.wikidata.org/entity/Q119404568,arte religiosa
http://www.wikidata.org/entity/Q119406125,ritratto
http://www.wikidata.org/entity/Q119443390,
http://www.wikidata.org/entity/Q119443609,
http://www.wikidata.org/entity/Q119493466,
http://www.wikidata.org/entity/Q119496040,autoritratto
http://www.wikidata.org/entity/Q119574411,
http://www.wikidata.org/entity/Q119702756,ritratto
http://www.wikidata.org/entity/Q119819515,arte religiosa
http://www.wikidata.org/entity/Q119846277,
http://www.wikidata.org/entity/Q120311223,
http://www.wikidata.org/entity/Q120317949,
http://www.wikidata.org/entity/Q120401056,ritratto
http://www.wikidata.org/entity/Q120488471,
http://www.wikidata.org/entity/Q120488611,
http://www.wikidata.org/entity/Q120488851,
http://www.wikidata.org/entity/Q120489814,arte religiosa
http://www.wikidata.org/entity/Q120509133,arte religiosa
http://www.wikidata.org/entity/Q120509521,arte religiosa
http://www.wikidata.org/entity/Q120509789,arte religiosa
http://www.wikidata.org/entity/Q120598525,
http://www.wikidata.org/entity/Q120598716,
http://www.wikidata.org/entity/Q120763322,ritratto
http://www.wikidata.org/entity/Q120766339,ritratto
http://www.wikidata.org/entity/Q120793977,ritratto
http://www.wikidata.org/entity/Q120822987,ritratto
http://www.wikidata.org/entity/Q120884863,vedutismo
http://www.wikidata.org/entity/Q120884895,arte religiosa
http://www.wikidata.org/entity/Q120900571,arte religiosa
http://www.wikidata.org/entity/Q120903815,arte religiosa
http://www.wikidata.org/entity/Q120968113,ritratto
http://www.wikidata.org/entity/Q120968282,ritratto
http://www.wikidata.org/entity/Q120968550,ritratto
http://www.wikidata.org/entity/Q120968767,ritratto
http://www.wikidata.org/entity/Q120968914,ritratto
http://www.wikidata.org/entity/Q120985002,ritratto
http://www.wikidata.org/entity/Q121050640,arte religiosa
http://www.wikidata.org/entity/Q121064292,arte religiosa
http://www.wikidata.org/entity/Q121064630,arte religiosa
http://www.wikidata.org/entity/Q121065902,arte religiosa
http://www.wikidata.org/entity/Q121066043,arte religiosa
http://www.wikidata.org/entity/Q121450256,ritratto
http://www.wikidata.org/entity/Q121462678,ritratto
http://www.wikidata.org/entity/Q121504941,ritratto
http://www.wikidata.org/entity/Q121546107,arte religiosa
http://www.wikidata.org/entity/Q121678655,ritratto
http://www.wikidata.org/entity/Q121685223,arte religiosa
http://www.wikidata.org/entity/Q121689728,pittura mitologica
http://www.wikidata.org/entity/Q121692401,arte religiosa
http://www.wikidata.org/entity/Q121735048,arte religiosa
http://www.wikidata.org/entity/Q121780997,distintivo araldico
http://www.wikidata.org/entity/Q121811406,
http://www.wikidata.org/entity/Q121995915,ritratto
http://www.wikidata.org/entity/Q122227973,arte di genere
http://www.wikidata.org/entity/Q122615548,arte di genere
http://www.wikidata.org/entity/Q122617360,autoritratto
http://www.wikidata.org/entity/Q122730307,pittura mitologica
http://www.wikidata.org/entity/Q122733370,ritratto
http://www.wikidata.org/entity/Q122740583,arte religiosa
http://www.wikidata.org/entity/Q122764699,ritratto
http://www.wikidata.org/entity/Q122912807,arte religiosa
http://www.wikidata.org/entity/Q122948136,autoritratto
http://www.wikidata.org/entity/Q122965388,ritratto
http://www.wikidata.org/entity/Q123036459,
http://www.wikidata.org/entity/Q123052486,ritratto
http://www.wikidata.org/entity/Q123052559,arte di genere
http://www.wikidata.org/entity/Q123055325,ritratto
http://www.wikidata.org/entity/Q123146252,ritratto
http://www.wikidata.org/entity/Q123178580,arte religiosa
http://www.wikidata.org/entity/Q123200931,arte religiosa
http://www.wikidata.org/entity/Q123200938,arte religiosa
http://www.wikidata.org/entity/Q123200940,arte religiosa
http://www.wikidata.org/entity/Q123201359,ritratto
http://www.wikidata.org/entity/Q123258249,ritratto
http://www.wikidata.org/entity/Q123260093,ritratto
http://www.wikidata.org/entity/Q123301255,ritratto
http://www.wikidata.org/entity/Q123313948,ritratto
http://www.wikidata.org/entity/Q123314103,ritratto
http://www.wikidata.org/entity/Q123328738,autoritratto
http://www.wikidata.org/entity/Q123338940,autoritratto
http://www.wikidata.org/entity/Q123375075,ritratto
http://www.wikidata.org/entity/Q123416410,arte di genere
http://www.wikidata.org/entity/Q123416461,arte di genere
http://www.wikidata.org/entity/Q123416548,
http://www.wikidata.org/entity/Q123416954,vedutismo
http://www.wikidata.org/entity/Q123416994,pittura paesaggistica
http://www.wikidata.org/entity/Q123417018,vedutismo
http://www.wikidata.org/entity/Q123418628,vedutismo; pittura storica
http://www.wikidata.org/entity/Q123419057,ritratto
http://www.wikidata.org/entity/Q123419096,arte di genere; paesaggio urbano
http://www.wikidata.org/entity/Q123419116,paesaggio urbano
http://www.wikidata.org/entity/Q123419220,arte di genere; paesaggio urbano
http://www.wikidata.org/entity/Q123419237,pittura paesaggistica; arte di genere
http://www.wikidata.org/entity/Q123419285,ritratto
http://www.wikidata.org/entity/Q123419324,arte di genere
http://www.wikidata.org/entity/Q123419384,arte di genere
http://www.wikidata.org/entity/Q123419421,arte di genere
http://www.wikidata.org/entity/Q123422898,allegoria
http://www.wikidata.org/entity/Q123457362,
http://www.wikidata.org/entity/Q123457371,arte religiosa
http://www.wikidata.org/entity/Q123457388,
http://www.wikidata.org/entity/Q123457393,
http://www.wikidata.org/entity/Q123457399,ritratto
http://www.wikidata.org/entity/Q123458625,ritratto
http://www.wikidata.org/entity/Q123462848,ritratto
http://www.wikidata.org/entity/Q123480115,ritratto
http://www.wikidata.org/entity/Q123562848,arte religiosa
http://www.wikidata.org/entity/Q123671285,arte religiosa
http://www.wikidata.org/entity/Q123709241,ritratto
http://www.wikidata.org/entity/Q123709348,pittura storica
http://www.wikidata.org/entity/Q123741888,ritratto
http://www.wikidata.org/entity/Q123751969,arte religiosa
http://www.wikidata.org/entity/Q123753616,arte religiosa
http://www.wikidata.org/entity/Q123754396,arte religiosa
http://www.wikidata.org/entity/Q123912954,ritratto
http://www.wikidata.org/entity/Q124038605,arte religiosa
http://www.wikidata.org/entity/Q124039068,ritratto
http://www.wikidata.org/entity/Q124039121,ritratto
http://www.wikidata.org/entity/Q124039323,arte religiosa
http://www.wikidata.org/entity/Q124043063,ritratto
http://www.wikidata.org/entity/Q124056690,arte religiosa
http://www.wikidata.org/entity/Q124069413,ritratto
http://www.wikidata.org/entity/Q124069583,ritratto
http://www.wikidata.org/entity/Q124069753,ritratto
http://www.wikidata.org/entity/Q124079494,ritratto
http://www.wikidata.org/entity/Q124083860,ritratto
http://www.wikidata.org/entity/Q124084281,ritratto
http://www.wikidata.org/entity/Q124086041,ritratto
http://www.wikidata.org/entity/Q124086306,ritratto
http://www.wikidata.org/entity/Q124086626,ritratto
http://www.wikidata.org/entity/Q124087802,ritratto
http://www.wikidata.org/entity/Q124091771,ritratto
http://www.wikidata.org/entity/Q124092399,ritratto
http://www.wikidata.org/entity/Q124092672,ritratto
http://www.wikidata.org/entity/Q124097861,ritratto
http://www.wikidata.org/entity/Q124098297,ritratto
http://www.wikidata.org/entity/Q124100563,ritratto
http://www.wikidata.org/entity/Q124101877,ritratto
http://www.wikidata.org/entity/Q124101956,ritratto
http://www.wikidata.org/entity/Q124150884,ritratto
http://www.wikidata.org/entity/Q124151090,ritratto
http://www.wikidata.org/entity/Q124152267,arte religiosa
http://www.wikidata.org/entity/Q124154199,ritratto
http://www.wikidata.org/entity/Q124154228,ritratto
http://www.wikidata.org/entity/Q124210379,pittura mitologica
http://www.wikidata.org/entity/Q124218595,arte religiosa
http://www.wikidata.org/entity/Q124246612,ritratto
http://www.wikidata.org/entity/Q124248182,ritratto
http://www.wikidata.org/entity/Q124256182,arte religiosa
http://www.wikidata.org/entity/Q124286611,ritratto
http://www.wikidata.org/entity/Q124287319,arte religiosa
http://www.wikidata.org/entity/Q124287594,ritratto
http://www.wikidata.org/entity/Q124288119,arte religiosa
http://www.wikidata.org/entity/Q124307433,
http://www.wikidata.org/entity/Q124307821,pittura mitologica
http://www.wikidata.org/entity/Q124316070,autoritratto
http://www.wikidata.org/entity/Q124321743,ritratto
http://www.wikidata.org/entity/Q124348363,pittura mitologica
http://www.wikidata.org/entity/Q124348745,pittura mitologica
http://www.wikidata.org/entity/Q124349538,ritratto
http://www.wikidata.org/entity/Q124369794,ritratto
http://www.wikidata.org/entity/Q124498236,ritratto
http://www.wikidata.org/entity/Q124499426,ritratto
http://www.wikidata.org/entity/Q124537391,ritratto
http://www.wikidata.org/entity/Q124538450,ritratto
http://www.wikidata.org/entity/Q124627974,arte religiosa
http://www.wikidata.org/entity/Q124629543,ritratto
http://www.wikidata.org/entity/Q124630700,ritratto
http://www.wikidata.org/entity/Q124652229,ritratto
http://www.wikidata.org/entity/Q124652592,ritratto
http://www.wikidata.org/entity/Q124662452,ritratto
http://www.wikidata.org/entity/Q124662574,ritratto
http://www.wikidata.org/entity/Q124663036,ritratto
http://www.wikidata.org/entity/Q124664892,ritratto
http://www.wikidata.org/entity/Q124686467,ritratto
http://www.wikidata.org/entity/Q124719736,ritratto
http://www.wikidata.org/entity/Q124721106,ritratto
http://www.wikidata.org/entity/Q124723493,ritratto
http://www.wikidata.org/entity/Q124724283,ritratto
http://www.wikidata.org/entity/Q124726116,ritratto
http://www.wikidata.org/entity/Q124726300,ritratto
http://www.wikidata.org/entity/Q124736928,ritratto
http://www.wikidata.org/entity/Q124738743,ritratto
http://www.wikidata.org/entity/Q124801581,ritratto
http://www.wikidata.org/entity/Q124884546,arte religiosa
http://www.wikidata.org/entity/Q124902982,arte religiosa
http://www.wikidata.org/entity/Q124922865,arte religiosa
http://www.wikidata.org/entity/Q124962542,ritratto
http://www.wikidata.org/entity/Q124981334,ritratto
http://www.wikidata.org/entity/Q125102834,arte di genere
http://www.wikidata.org/entity/Q125107060,arte di genere
http://www.wikidata.org/entity/Q125116690,vedutismo
http://www.wikidata.org/entity/Q125144993,arte religiosa
http://www.wikidata.org/entity/Q125170382,arte religiosa
http://www.wikidata.org/entity/Q125176302,ritratto
http://www.wikidata.org/entity/Q125189520,
http://www.wikidata.org/entity/Q125208945,pittura storica; arte di genere
http://www.wikidata.org/entity/Q125266586,arte religiosa
http://www.wikidata.org/entity/Q125293980,arte religiosa
http://www.wikidata.org/entity/Q125298817,ritratto
http://www.wikidata.org/entity/Q125387269,pittura mitologica
http://www.wikidata.org/entity/Q125399429,arte religiosa
http://www.wikidata.org/entity/Q125490773,ritratto
http://www.wikidata.org/entity/Q125599554,ritratto
http://www.wikidata.org/entity/Q125678611,ritratto
http://www.wikidata.org/entity/Q125679589,pittura paesaggistica
http://www.wikidata.org/entity/Q125692333,arte religiosa
http://www.wikidata.org/entity/Q125704254,arte religiosa
http://www.wikidata.org/entity/Q125728210,ritratto
http://www.wikidata.org/entity/Q125774997,arte religiosa
http://www.wikidata.org/entity/Q125775011,
http://www.wikidata.org/entity/Q125775038,
http://www.wikidata.org/entity/Q125775039,arte religiosa
http://www.wikidata.org/entity/Q125775114,
http://www.wikidata.org/entity/Q125775115,arte religiosa
http://www.wikidata.org/entity/Q125775113,
http://www.wikidata.org/entity/Q125775116,arte religiosa
http://www.wikidata.org/entity/Q125794511,
http://www.wikidata.org/entity/Q125809444,
http://www.wikidata.org/entity/Q125811262,arte religiosa
http://www.wikidata.org/entity/Q125811807,arte religiosa
http://www.wikidata.org/entity/Q125811962,arte religiosa
http://www.wikidata.org/entity/Q125812539,arte religiosa
http://www.wikidata.org/entity/Q125813029,arte religiosa
http://www.wikidata.org/entity/Q125813094,arte religiosa
http://www.wikidata.org/entity/Q125813375,arte religiosa
http://www.wikidata.org/entity/Q125813475,arte religiosa
http://www.wikidata.org/entity/Q125813876,arte religiosa
http://www.wikidata.org/entity/Q125863783,arte religiosa
http://www.wikidata.org/entity/Q125938897,
http://www.wikidata.org/entity/Q125973048,autoritratto
http://www.wikidata.org/entity/Q125973990,ritratto
http://www.wikidata.org/entity/Q125974248,autoritratto
http://www.wikidata.org/entity/Q126093976,ritratto
http://www.wikidata.org/entity/Q126127358,arte religiosa
http://www.wikidata.org/entity/Q126127672,
http://www.wikidata.org/entity/Q126208372,arte religiosa
http://www.wikidata.org/entity/Q126208398,ritratto
http://www.wikidata.org/entity/Q126208411,
http://www.wikidata.org/entity/Q126215082,
http://www.wikidata.org/entity/Q126260153,arte religiosa
http://www.wikidata.org/entity/Q126284170,ritratto
http://www.wikidata.org/entity/Q126284172,
http://www.wikidata.org/entity/Q126284178,ritratto
http://www.wikidata.org/entity/Q126284177,
http://www.wikidata.org/entity/Q126284182,ritratto
http://www.wikidata.org/entity/Q126284183,ritratto
http://www.wikidata.org/entity/Q126284180,
http://www.wikidata.org/entity/Q126284181,ritratto
http://www.wikidata.org/entity/Q126284187,ritratto
http://www.wikidata.org/entity/Q126284185,ritratto
http://www.wikidata.org/entity/Q126284191,ritratto
http://www.wikidata.org/entity/Q126284189,ritratto
http://www.wikidata.org/entity/Q126284194,ritratto
http://www.wikidata.org/entity/Q126284192,ritratto
http://www.wikidata.org/entity/Q126284193,ritratto
http://www.wikidata.org/entity/Q126284198,ritratto
http://www.wikidata.org/entity/Q126284199,ritratto
http://www.wikidata.org/entity/Q126284196,ritratto
http://www.wikidata.org/entity/Q126284197,ritratto
http://www.wikidata.org/entity/Q126284206,
http://www.wikidata.org/entity/Q126284207,arte religiosa
http://www.wikidata.org/entity/Q126284226,arte religiosa
http://www.wikidata.org/entity/Q126284230,
http://www.wikidata.org/entity/Q126284231,
http://www.wikidata.org/entity/Q126284228,
http://www.wikidata.org/entity/Q126284229,
http://www.wikidata.org/entity/Q126284234,
http://www.wikidata.org/entity/Q126284232,
http://www.wikidata.org/entity/Q126284233,
http://www.wikidata.org/entity/Q126284238,
http://www.wikidata.org/entity/Q126284237,
http://www.wikidata.org/entity/Q126284242,
http://www.wikidata.org/entity/Q126284243,
http://www.wikidata.org/entity/Q126284240,
http://www.wikidata.org/entity/Q126284241,
http://www.wikidata.org/entity/Q126284246,arte religiosa
http://www.wikidata.org/entity/Q126284247,
http://www.wikidata.org/entity/Q126284244,
http://www.wikidata.org/entity/Q126284245,
http://www.wikidata.org/entity/Q126284250,
http://www.wikidata.org/entity/Q126284251,
http://www.wikidata.org/entity/Q126284249,
http://www.wikidata.org/entity/Q126284255,
http://www.wikidata.org/entity/Q126284252,
http://www.wikidata.org/entity/Q126284258,
http://www.wikidata.org/entity/Q126284256,
http://www.wikidata.org/entity/Q126284257,
http://www.wikidata.org/entity/Q126284263,ritratto
http://www.wikidata.org/entity/Q126284260,ritratto
http://www.wikidata.org/entity/Q126284261,ritratto
http://www.wikidata.org/entity/Q126284267,ritratto
http://www.wikidata.org/entity/Q126284264,ritratto
http://www.wikidata.org/entity/Q126284265,ritratto
http://www.wikidata.org/entity/Q126284270,ritratto
http://www.wikidata.org/entity/Q126284269,ritratto
http://www.wikidata.org/entity/Q126284274,
http://www.wikidata.org/entity/Q126284275,
http://www.wikidata.org/entity/Q126284272,
http://www.wikidata.org/entity/Q126284278,allegoria
http://www.wikidata.org/entity/Q126284279,
http://www.wikidata.org/entity/Q126284277,
http://www.wikidata.org/entity/Q126284282,
http://www.wikidata.org/entity/Q126284283,ritratto
http://www.wikidata.org/entity/Q126284281,
http://www.wikidata.org/entity/Q126284286,ritratto
http://www.wikidata.org/entity/Q126284284,
http://www.wikidata.org/entity/Q126284285,
http://www.wikidata.org/entity/Q126284288,
http://www.wikidata.org/entity/Q126284294,
http://www.wikidata.org/entity/Q126284295,
http://www.wikidata.org/entity/Q126284293,ritratto
http://www.wikidata.org/entity/Q126284298,ritratto
http://www.wikidata.org/entity/Q126284299,ritratto
http://www.wikidata.org/entity/Q126284296,
http://www.wikidata.org/entity/Q126284297,
http://www.wikidata.org/entity/Q126284303,
http://www.wikidata.org/entity/Q126284300,ritratto
http://www.wikidata.org/entity/Q126284301,ritratto
http://www.wikidata.org/entity/Q126284306,
http://www.wikidata.org/entity/Q126284305,
http://www.wikidata.org/entity/Q126284308,
http://www.wikidata.org/entity/Q126284309,
http://www.wikidata.org/entity/Q126284314,
http://www.wikidata.org/entity/Q126284315,
http://www.wikidata.org/entity/Q126284312,ritratto
http://www.wikidata.org/entity/Q126284313,
http://www.wikidata.org/entity/Q126284318,
http://www.wikidata.org/entity/Q126284316,
http://www.wikidata.org/entity/Q126284317,
http://www.wikidata.org/entity/Q126284322,
http://www.wikidata.org/entity/Q126284320,
http://www.wikidata.org/entity/Q126284326,
http://www.wikidata.org/entity/Q126284329,
http://www.wikidata.org/entity/Q126284355,
http://www.wikidata.org/entity/Q126284357,
http://www.wikidata.org/entity/Q126284383,
http://www.wikidata.org/entity/Q126284380,
http://www.wikidata.org/entity/Q126284381,
http://www.wikidata.org/entity/Q126284386,
http://www.wikidata.org/entity/Q126284387,
http://www.wikidata.org/entity/Q126284384,
http://www.wikidata.org/entity/Q126284385,
http://www.wikidata.org/entity/Q126284388,
http://www.wikidata.org/entity/Q126284389,
http://www.wikidata.org/entity/Q126284622,
http://www.wikidata.org/entity/Q126310903,ritratto
http://www.wikidata.org/entity/Q126329804,arte religiosa
http://www.wikidata.org/entity/Q126331546,arte religiosa
http://www.wikidata.org/entity/Q126331548,arte religiosa
http://www.wikidata.org/entity/Q126368575,arte religiosa
http://www.wikidata.org/entity/Q126371885,arte religiosa
http://www.wikidata.org/entity/Q126456502,arte religiosa
http://www.wikidata.org/entity/Q126456503,ritratto
http://www.wikidata.org/entity/Q126456506,
http://www.wikidata.org/entity/Q126456507,
http://www.wikidata.org/entity/Q126456505,ritratto
http://www.wikidata.org/entity/Q126456508,
http://www.wikidata.org/entity/Q126456514,arte religiosa
http://www.wikidata.org/entity/Q126456515,
http://www.wikidata.org/entity/Q126456516,
http://www.wikidata.org/entity/Q126456517,arte religiosa
http://www.wikidata.org/entity/Q126456526,ritratto
http://www.wikidata.org/entity/Q126456555,
http://www.wikidata.org/entity/Q126513924,arte religiosa
http://www.wikidata.org/entity/Q126633287,nudo artistico; arte religiosa
http://www.wikidata.org/entity/Q126680509,
http://www.wikidata.org/entity/Q126709512,autoritratto
http://www.wikidata.org/entity/Q126721550,ritratto
http://www.wikidata.org/entity/Q126727120,
http://www.wikidata.org/entity/Q126727184,arte religiosa
http://www.wikidata.org/entity/Q126727198,
http://www.wikidata.org/entity/Q126891336,
http://www.wikidata.org/entity/Q126918076,arte religiosa
http://www.wikidata.org/entity/Q127327807,ritratto
http://www.wikidata.org/entity/Q127433409,arte religiosa
http://www.wikidata.org/entity/Q127442026,ritratto
http://www.wikidata.org/entity/Q127564377,pittura storica
http://www.wikidata.org/entity/Q127695958,arte religiosa
http://www.wikidata.org/entity/Q127790733,arte religiosa
http://www.wikidata.org/entity/Q127985499,arte religiosa
http://www.wikidata.org/entity/Q127985981,arte religiosa
http://www.wikidata.org/entity/Q128124962,ritratto
http://www.wikidata.org/entity/Q128495286,ritratto
http://www.wikidata.org/entity/Q128783484,arte religiosa
http://www.wikidata.org/entity/Q128810133,arte religiosa
http://www.wikidata.org/entity/Q128941201,arte religiosa
http://www.wikidata.org/entity/Q129199340,arte religiosa
http://www.wikidata.org/entity/Q129487042,ritratto
http://www.wikidata.org/entity/Q129500713,
http://www.wikidata.org/entity/Q129507208,ritratto
http://www.wikidata.org/entity/Q129977163,
http://www.wikidata.org/entity/Q130212907,ritratto
http://www.wikidata.org/entity/Q130213077,ritratto
http://www.wikidata.org/entity/Q130213160,ritratto
http://www.wikidata.org/entity/Q130214332,arte religiosa
http://www.wikidata.org/entity/Q130221017,ritratto
http://www.wikidata.org/entity/Q130234284,arte religiosa
http://www.wikidata.org/entity/Q130335034,pittura storica; arte religiosa
http://www.wikidata.org/entity/Q130369461,ritratto
http://www.wikidata.org/entity/Q130375844,ritratto
http://www.wikidata.org/entity/Q130394364,ritratto
http://www.wikidata.org/entity/Q130467776,ritratto
http://www.wikidata.org/entity/Q130492308,arte religiosa
http://www.wikidata.org/entity/Q130515982,arte religiosa
http://www.wikidata.org/entity/Q130536956,arte religiosa
http://www.wikidata.org/entity/Q130537073,arte religiosa
http://www.wikidata.org/entity/Q130552524,arte religiosa
http://www.wikidata.org/entity/Q130642202,arte religiosa
http://www.wikidata.org/entity/Q130999230,arte religiosa
http://www.wikidata.org/entity/Q131011027,
http://www.wikidata.org/entity/Q131100772,arte religiosa
http://www.wikidata.org/entity/Q131154939,
http://www.wikidata.org/entity/Q131325204,
http://www.wikidata.org/entity/Q131340770,pittura mitologica
http://www.wikidata.org/entity/Q131349567,arte religiosa
http://www.wikidata.org/entity/Q131350054,ritratto
http://www.wikidata.org/entity/Q131351071,ritratto
http://www.wikidata.org/entity/Q131354901,ritratto; ritratto doppio
http://www.wikidata.org/entity/Q131356481,pittura mitologica
http://www.wikidata.org/entity/Q131362573,arte religiosa
http://www.wikidata.org/entity/Q131367847,arte religiosa
http://www.wikidata.org/entity/Q131395036,ritratto
http://www.wikidata.org/entity/Q131414320,arte religiosa
http://www.wikidata.org/entity/Q131414321,arte religiosa
http://www.wikidata.org/entity/Q131414326,arte religiosa
http://www.wikidata.org/entity/Q131414433,ritratto
http://www.wikidata.org/entity/Q131421438,ritratto
http://www.wikidata.org/entity/Q131421566,
http://www.wikidata.org/entity/Q131421567,
http://www.wikidata.org/entity/Q131421565,arte religiosa
http://www.wikidata.org/entity/Q131421570,
http://www.wikidata.org/entity/Q131421571,arte religiosa
http://www.wikidata.org/entity/Q131422002,
http://www.wikidata.org/entity/Q131422003,arte religiosa
http://www.wikidata.org/entity/Q131422007,arte religiosa
http://www.wikidata.org/entity/Q131422004,arte religiosa
http://www.wikidata.org/entity/Q131422010,
http://www.wikidata.org/entity/Q131422011,
http://www.wikidata.org/entity/Q131422008,arte religiosa
http://www.wikidata.org/entity/Q131422009,arte religiosa
http://www.wikidata.org/entity/Q131422014,arte religiosa
http://www.wikidata.org/entity/Q131422015,arte religiosa
http://www.wikidata.org/entity/Q131422012,arte religiosa
http://www.wikidata.org/entity/Q131422013,
http://www.wikidata.org/entity/Q131422018,arte religiosa
http://www.wikidata.org/entity/Q131422019,arte religiosa
http://www.wikidata.org/entity/Q131422016,arte religiosa
http://www.wikidata.org/entity/Q131422017,arte religiosa
http://www.wikidata.org/entity/Q131422022,arte religiosa
http://www.wikidata.org/entity/Q131422020,
http://www.wikidata.org/entity/Q131422021,arte religiosa
http://www.wikidata.org/entity/Q131422030,
http://www.wikidata.org/entity/Q131422031,
http://www.wikidata.org/entity/Q131422028,
http://www.wikidata.org/entity/Q131422029,
http://www.wikidata.org/entity/Q131422036,
http://www.wikidata.org/entity/Q131449651,
http://www.wikidata.org/entity/Q131449654,
http://www.wikidata.org/entity/Q131449662,
http://www.wikidata.org/entity/Q131449660,
http://www.wikidata.org/entity/Q131449661,
http://www.wikidata.org/entity/Q131449667,
http://www.wikidata.org/entity/Q131449675,
http://www.wikidata.org/entity/Q131449678,
http://www.wikidata.org/entity/Q131449679,
http://www.wikidata.org/entity/Q131449676,
http://www.wikidata.org/entity/Q131449680,
http://www.wikidata.org/entity/Q131449695,
http://www.wikidata.org/entity/Q131449693,
http://www.wikidata.org/entity/Q131449700,
http://www.wikidata.org/entity/Q131449706,
http://www.wikidata.org/entity/Q131449707,
http://www.wikidata.org/entity/Q131449704,
http://www.wikidata.org/entity/Q131449705,ritratto
http://www.wikidata.org/entity/Q131450079,
http://www.wikidata.org/entity/Q131450082,
http://www.wikidata.org/entity/Q131450086,
http://www.wikidata.org/entity/Q131450087,
http://www.wikidata.org/entity/Q131450084,arte religiosa
http://www.wikidata.org/entity/Q131450085,
http://www.wikidata.org/entity/Q131450090,arte religiosa
http://www.wikidata.org/entity/Q131450089,arte religiosa
http://www.wikidata.org/entity/Q131450094,arte religiosa
http://www.wikidata.org/entity/Q131450095,arte religiosa
http://www.wikidata.org/entity/Q131450092,arte religiosa
http://www.wikidata.org/entity/Q131450093,arte religiosa
http://www.wikidata.org/entity/Q131450098,arte religiosa
http://www.wikidata.org/entity/Q131450099,arte religiosa
http://www.wikidata.org/entity/Q131450096,arte religiosa
http://www.wikidata.org/entity/Q131450103,arte religiosa
http://www.wikidata.org/entity/Q131450100,arte religiosa
http://www.wikidata.org/entity/Q131450107,arte religiosa
http://www.wikidata.org/entity/Q131450104,arte religiosa
http://www.wikidata.org/entity/Q131450105,arte religiosa
http://www.wikidata.org/entity/Q131450111,arte religiosa
http://www.wikidata.org/entity/Q131450108,arte religiosa
http://www.wikidata.org/entity/Q131450109,arte religiosa
http://www.wikidata.org/entity/Q131450114,arte religiosa
http://www.wikidata.org/entity/Q131450115,arte religiosa
http://www.wikidata.org/entity/Q131450112,arte religiosa
http://www.wikidata.org/entity/Q131450118,
http://www.wikidata.org/entity/Q131450119,
http://www.wikidata.org/entity/Q131450116,
http://www.wikidata.org/entity/Q131450122,
http://www.wikidata.org/entity/Q131450123,
http://www.wikidata.org/entity/Q131450120,
http://www.wikidata.org/entity/Q131450126,arte religiosa
http://www.wikidata.org/entity/Q131450127,
http://www.wikidata.org/entity/Q131450124,arte religiosa
http://www.wikidata.org/entity/Q131450125,arte religiosa
http://www.wikidata.org/entity/Q131450134,
http://www.wikidata.org/entity/Q131450135,
http://www.wikidata.org/entity/Q131450132,
http://www.wikidata.org/entity/Q131450133,
http://www.wikidata.org/entity/Q131450138,
http://www.wikidata.org/entity/Q131450136,
http://www.wikidata.org/entity/Q131450142,
http://www.wikidata.org/entity/Q131450146,arte religiosa
http://www.wikidata.org/entity/Q131450144,
http://www.wikidata.org/entity/Q131450145,arte religiosa
http://www.wikidata.org/entity/Q131450151,
http://www.wikidata.org/entity/Q131450148,arte religiosa
http://www.wikidata.org/entity/Q131450149,arte religiosa
http://www.wikidata.org/entity/Q131450154,
http://www.wikidata.org/entity/Q131450152,
http://www.wikidata.org/entity/Q131450153,
http://www.wikidata.org/entity/Q131450161,
http://www.wikidata.org/entity/Q131463514,ritratto
http://www.wikidata.org/entity/Q131501600,
http://www.wikidata.org/entity/Q131501606,arte religiosa
http://www.wikidata.org/entity/Q131501607,
http://www.wikidata.org/entity/Q131501608,
http://www.wikidata.org/entity/Q131501614,arte religiosa
http://www.wikidata.org/entity/Q131501612,arte religiosa
http://www.wikidata.org/entity/Q131501619,arte religiosa
http://www.wikidata.org/entity/Q131501617,arte religiosa
http://www.wikidata.org/entity/Q131501620,arte religiosa
http://www.wikidata.org/entity/Q131501633,
http://www.wikidata.org/entity/Q131501639,
http://www.wikidata.org/entity/Q131501643,
http://www.wikidata.org/entity/Q131501646,arte religiosa
http://www.wikidata.org/entity/Q131501645,arte religiosa
http://www.wikidata.org/entity/Q131501651,arte religiosa
http://www.wikidata.org/entity/Q131501649,arte religiosa
http://www.wikidata.org/entity/Q131501655,
http://www.wikidata.org/entity/Q131501653,arte religiosa
http://www.wikidata.org/entity/Q131501658,
http://www.wikidata.org/entity/Q131501663,arte religiosa
http://www.wikidata.org/entity/Q131501661,
http://www.wikidata.org/entity/Q131501666,
http://www.wikidata.org/entity/Q131501667,arte religiosa
http://www.wikidata.org/entity/Q131501671,
http://www.wikidata.org/entity/Q131501672,
http://www.wikidata.org/entity/Q131501678,
http://www.wikidata.org/entity/Q131501683,
http://www.wikidata.org/entity/Q131501690,
http://www.wikidata.org/entity/Q131501691,arte religiosa
http://www.wikidata.org/entity/Q131501711,arte religiosa
http://www.wikidata.org/entity/Q131501712,
http://www.wikidata.org/entity/Q131501724,
http://www.wikidata.org/entity/Q131501744,
http://www.wikidata.org/entity/Q131501750,
http://www.wikidata.org/entity/Q131501755,
http://www.wikidata.org/entity/Q131501753,
http://www.wikidata.org/entity/Q131501759,
http://www.wikidata.org/entity/Q131501756,
http://www.wikidata.org/entity/Q131501763,
http://www.wikidata.org/entity/Q131501770,
http://www.wikidata.org/entity/Q131501775,
http://www.wikidata.org/entity/Q131501773,
http://www.wikidata.org/entity/Q131501784,
http://www.wikidata.org/entity/Q131501791,arte religiosa
http://www.wikidata.org/entity/Q131501788,
http://www.wikidata.org/entity/Q131501793,
http://www.wikidata.org/entity/Q131501796,
http://www.wikidata.org/entity/Q131501797,
http://www.wikidata.org/entity/Q131501800,
http://www.wikidata.org/entity/Q131501801,
http://www.wikidata.org/entity/Q131501805,arte religiosa
http://www.wikidata.org/entity/Q131501811,
http://www.wikidata.org/entity/Q131501818,
http://www.wikidata.org/entity/Q131501816,
http://www.wikidata.org/entity/Q131501821,
http://www.wikidata.org/entity/Q131501826,arte religiosa
http://www.wikidata.org/entity/Q131501830,
http://www.wikidata.org/entity/Q131501842,arte religiosa
http://www.wikidata.org/entity/Q131501847,arte religiosa
http://www.wikidata.org/entity/Q131501852,arte religiosa
http://www.wikidata.org/entity/Q131501859,
http://www.wikidata.org/entity/Q131542580,
http://www.wikidata.org/entity/Q131542581,
http://www.wikidata.org/entity/Q131542585,
http://www.wikidata.org/entity/Q131542595,
http://www.wikidata.org/entity/Q131542596,
http://www.wikidata.org/entity/Q131542607,
http://www.wikidata.org/entity/Q131542610,
http://www.wikidata.org/entity/Q131542611,
http://www.wikidata.org/entity/Q131542609,ritratto
http://www.wikidata.org/entity/Q131542614,arte religiosa
http://www.wikidata.org/entity/Q131542615,
http://www.wikidata.org/entity/Q131543565,
http://www.wikidata.org/entity/Q131543603,
http://www.wikidata.org/entity/Q131543624,pittura mitologica
http://www.wikidata.org/entity/Q131543631,arte religiosa
http://www.wikidata.org/entity/Q131543629,arte religiosa
http://www.wikidata.org/entity/Q131543651,
http://www.wikidata.org/entity/Q131543648,
http://www.wikidata.org/entity/Q131543655,
http://www.wikidata.org/entity/Q131543653,
http://www.wikidata.org/entity/Q131543672,arte di genere
http://www.wikidata.org/entity/Q131543680,
http://www.wikidata.org/entity/Q131546415,
http://www.wikidata.org/entity/Q131546421,arte religiosa
http://www.wikidata.org/entity/Q131546426,arte religiosa
http://www.wikidata.org/entity/Q131546425,arte religiosa
http://www.wikidata.org/entity/Q131546428,
http://www.wikidata.org/entity/Q131546441,
http://www.wikidata.org/entity/Q131546444,
http://www.wikidata.org/entity/Q131546449,
http://www.wikidata.org/entity/Q131546458,
http://www.wikidata.org/entity/Q131546462,arte religiosa
http://www.wikidata.org/entity/Q131546463,arte religiosa
http://www.wikidata.org/entity/Q131546466,
http://www.wikidata.org/entity/Q131546465,arte religiosa
http://www.wikidata.org/entity/Q131546469,arte religiosa
http://www.wikidata.org/entity/Q131546475,
http://www.wikidata.org/entity/Q131546484,
http://www.wikidata.org/entity/Q131546485,
http://www.wikidata.org/entity/Q131546494,arte religiosa
http://www.wikidata.org/entity/Q131546493,
http://www.wikidata.org/entity/Q131546499,
http://www.wikidata.org/entity/Q131546506,
http://www.wikidata.org/entity/Q131546510,
http://www.wikidata.org/entity/Q131546508,
http://www.wikidata.org/entity/Q131546509,
http://www.wikidata.org/entity/Q131546515,arte religiosa
http://www.wikidata.org/entity/Q131546516,
http://www.wikidata.org/entity/Q131546517,
http://www.wikidata.org/entity/Q131546520,
http://www.wikidata.org/entity/Q131546525,
http://www.wikidata.org/entity/Q131546551,
http://www.wikidata.org/entity/Q131546552,
http://www.wikidata.org/entity/Q131546553,
http://www.wikidata.org/entity/Q131546582,
http://www.wikidata.org/entity/Q131546581,
http://www.wikidata.org/entity/Q131546599,ritratto
http://www.wikidata.org/entity/Q131546602,ritratto
http://www.wikidata.org/entity/Q131546603,
http://www.wikidata.org/entity/Q131557338,arte religiosa
http://www.wikidata.org/entity/Q131557340,
http://www.wikidata.org/entity/Q131557341,
http://www.wikidata.org/entity/Q131557374,arte religiosa
http://www.wikidata.org/entity/Q131557372,arte religiosa
http://www.wikidata.org/entity/Q131557373,arte religiosa
http://www.wikidata.org/entity/Q131557376,
http://www.wikidata.org/entity/Q131557436,
http://www.wikidata.org/entity/Q131557458,
http://www.wikidata.org/entity/Q131557464,
http://www.wikidata.org/entity/Q131557484,
http://www.wikidata.org/entity/Q131557662,arte religiosa
http://www.wikidata.org/entity/Q131557664,
http://www.wikidata.org/entity/Q131557854,ritratto
http://www.wikidata.org/entity/Q131557866,
http://www.wikidata.org/entity/Q131557871,
http://www.wikidata.org/entity/Q131557868,
http://www.wikidata.org/entity/Q131557880,
http://www.wikidata.org/entity/Q131557902,
http://www.wikidata.org/entity/Q131559178,ritratto
http://www.wikidata.org/entity/Q131559177,ritratto
http://www.wikidata.org/entity/Q131559182,
http://www.wikidata.org/entity/Q131559183,ritratto
http://www.wikidata.org/entity/Q131559181,
http://www.wikidata.org/entity/Q131559187,
http://www.wikidata.org/entity/Q131559184,ritratto
http://www.wikidata.org/entity/Q131559202,ritratto
http://www.wikidata.org/entity/Q131559216,
http://www.wikidata.org/entity/Q131561164,
http://www.wikidata.org/entity/Q131561170,ritratto; ritratto di gruppo
http://www.wikidata.org/entity/Q131561666,
http://www.wikidata.org/entity/Q131561678,
http://www.wikidata.org/entity/Q131561677,
http://www.wikidata.org/entity/Q131561688,
http://www.wikidata.org/entity/Q131561692,
http://www.wikidata.org/entity/Q131563724,ritratto
http://www.wikidata.org/entity/Q131564536,arte di genere
http://www.wikidata.org/entity/Q131564617,
http://www.wikidata.org/entity/Q131564870,
http://www.wikidata.org/entity/Q131564871,
http://www.wikidata.org/entity/Q131574021,arte religiosa
http://www.wikidata.org/entity/Q131576650,
http://www.wikidata.org/entity/Q131576651,
http://www.wikidata.org/entity/Q131576649,
http://www.wikidata.org/entity/Q131578331,
http://www.wikidata.org/entity/Q131578346,
http://www.wikidata.org/entity/Q131578347,
http://www.wikidata.org/entity/Q131579612,
http://www.wikidata.org/entity/Q131579620,
http://www.wikidata.org/entity/Q131579625,
http://www.wikidata.org/entity/Q131579630,arte religiosa
http://www.wikidata.org/entity/Q131579631,
http://www.wikidata.org/entity/Q131579646,
http://www.wikidata.org/entity/Q131579657,ritratto
http://www.wikidata.org/entity/Q131579660,arte religiosa
http://www.wikidata.org/entity/Q131579667,
http://www.wikidata.org/entity/Q131579670,
http://www.wikidata.org/entity/Q131579671,
http://www.wikidata.org/entity/Q131579669,
http://www.wikidata.org/entity/Q131579674,
http://www.wikidata.org/entity/Q131579672,
http://www.wikidata.org/entity/Q131579673,
http://www.wikidata.org/entity/Q131579682,
http://www.wikidata.org/entity/Q131579687,nudo artistico; pittura mitologica
http://www.wikidata.org/entity/Q131579688,
http://www.wikidata.org/entity/Q131587694,
http://www.wikidata.org/entity/Q131587980,
http://www.wikidata.org/entity/Q131588009,arte religiosa
http://www.wikidata.org/entity/Q131588018,
http://www.wikidata.org/entity/Q131588032,
http://www.wikidata.org/entity/Q131588033,
http://www.wikidata.org/entity/Q131588045,pittura mitologica
http://www.wikidata.org/entity/Q131588054,
http://www.wikidata.org/entity/Q131588057,
http://www.wikidata.org/entity/Q131588060,
http://www.wikidata.org/entity/Q131604558,
http://www.wikidata.org/entity/Q131604557,
http://www.wikidata.org/entity/Q131604561,
http://www.wikidata.org/entity/Q131604566,nudo artistico; pittura mitologica
http://www.wikidata.org/entity/Q131604568,pittura mitologica
http://www.wikidata.org/entity/Q131604569,
http://www.wikidata.org/entity/Q131604575,pittura mitologica
http://www.wikidata.org/entity/Q131604582,
http://www.wikidata.org/entity/Q131604586,
http://www.wikidata.org/entity/Q131604589,
http://www.wikidata.org/entity/Q131604610,
http://www.wikidata.org/entity/Q131613578,arte religiosa
http://www.wikidata.org/entity/Q131613579,
http://www.wikidata.org/entity/Q131613582,
http://www.wikidata.org/entity/Q131613581,arte religiosa
http://www.wikidata.org/entity/Q131613590,
http://www.wikidata.org/entity/Q131613591,
http://www.wikidata.org/entity/Q131613594,
http://www.wikidata.org/entity/Q131613592,
http://www.wikidata.org/entity/Q131613593,
http://www.wikidata.org/entity/Q131613596,
http://www.wikidata.org/entity/Q131613597,
http://www.wikidata.org/entity/Q131613607,
http://www.wikidata.org/entity/Q131613605,arte religiosa
http://www.wikidata.org/entity/Q131613610,arte religiosa
http://www.wikidata.org/entity/Q131613608,
http://www.wikidata.org/entity/Q131613615,
http://www.wikidata.org/entity/Q131613626,
http://www.wikidata.org/entity/Q131613627,
http://www.wikidata.org/entity/Q131613630,
http://www.wikidata.org/entity/Q131613631,
http://www.wikidata.org/entity/Q131613629,
http://www.wikidata.org/entity/Q131613632,
http://www.wikidata.org/entity/Q131613637,
http://www.wikidata.org/entity/Q131613648,
http://www.wikidata.org/entity/Q131613655,
http://www.wikidata.org/entity/Q131613659,
http://www.wikidata.org/entity/Q131613656,
http://www.wikidata.org/entity/Q131613657,
http://www.wikidata.org/entity/Q131613666,
http://www.wikidata.org/entity/Q131613667,
http://www.wikidata.org/entity/Q131613670,
http://www.wikidata.org/entity/Q131613671,
http://www.wikidata.org/entity/Q131613668,
http://www.wikidata.org/entity/Q131613669,
http://www.wikidata.org/entity/Q131613675,
http://www.wikidata.org/entity/Q131613679,
http://www.wikidata.org/entity/Q131613676,arte religiosa
http://www.wikidata.org/entity/Q131613680,
http://www.wikidata.org/entity/Q131613706,
http://www.wikidata.org/entity/Q131613704,
http://www.wikidata.org/entity/Q131613705,
http://www.wikidata.org/entity/Q131613711,
http://www.wikidata.org/entity/Q131613714,
http://www.wikidata.org/entity/Q131613715,
http://www.wikidata.org/entity/Q131613713,
http://www.wikidata.org/entity/Q131613716,
http://www.wikidata.org/entity/Q131613717,
http://www.wikidata.org/entity/Q131613722,
http://www.wikidata.org/entity/Q131613723,
http://www.wikidata.org/entity/Q131613721,
http://www.wikidata.org/entity/Q131613731,arte religiosa
http://www.wikidata.org/entity/Q131613729,
http://www.wikidata.org/entity/Q131613734,
http://www.wikidata.org/entity/Q131613732,arte religiosa
http://www.wikidata.org/entity/Q131613739,arte religiosa
http://www.wikidata.org/entity/Q131613742,
http://www.wikidata.org/entity/Q131613743,
http://www.wikidata.org/entity/Q131613740,
http://www.wikidata.org/entity/Q131613741,
http://www.wikidata.org/entity/Q131613746,
http://www.wikidata.org/entity/Q131613745,
http://www.wikidata.org/entity/Q131613748,
http://www.wikidata.org/entity/Q131613786,
http://www.wikidata.org/entity/Q131613787,
http://www.wikidata.org/entity/Q131613784,paesaggio marino
http://www.wikidata.org/entity/Q131613785,arte religiosa
http://www.wikidata.org/entity/Q131613797,
http://www.wikidata.org/entity/Q131613820,natura morta
http://www.wikidata.org/entity/Q131613821,
http://www.wikidata.org/entity/Q131613826,
http://www.wikidata.org/entity/Q131613825,arte religiosa
http://www.wikidata.org/entity/Q131613832,
http://www.wikidata.org/entity/Q131613833,
http://www.wikidata.org/entity/Q131613870,
http://www.wikidata.org/entity/Q131613868,ritratto
http://www.wikidata.org/entity/Q131613869,
http://www.wikidata.org/entity/Q131613875,
http://www.wikidata.org/entity/Q131613879,
http://www.wikidata.org/entity/Q131613880,
http://www.wikidata.org/entity/Q131613890,
http://www.wikidata.org/entity/Q131613891,ritratto
http://www.wikidata.org/entity/Q131613888,
http://www.wikidata.org/entity/Q131613892,ritratto
http://www.wikidata.org/entity/Q131613900,nudo artistico; arte religiosa
http://www.wikidata.org/entity/Q131613901,arte religiosa
http://www.wikidata.org/entity/Q131613904,
http://www.wikidata.org/entity/Q131613905,
http://www.wikidata.org/entity/Q131613914,
http://www.wikidata.org/entity/Q131613915,
http://www.wikidata.org/entity/Q131613912,
http://www.wikidata.org/entity/Q131613913,
http://www.wikidata.org/entity/Q131613916,
http://www.wikidata.org/entity/Q131613917,
http://www.wikidata.org/entity/Q131613922,
http://www.wikidata.org/entity/Q131613926,
http://www.wikidata.org/entity/Q131613927,
http://www.wikidata.org/entity/Q131613924,
http://www.wikidata.org/entity/Q131613925,
http://www.wikidata.org/entity/Q131613930,
http://www.wikidata.org/entity/Q131613928,
http://www.wikidata.org/entity/Q131613929,
http://www.wikidata.org/entity/Q131613939,
http://www.wikidata.org/entity/Q131613968,
http://www.wikidata.org/entity/Q131613974,nudo artistico
http://www.wikidata.org/entity/Q131613982,
http://www.wikidata.org/entity/Q131613980,
http://www.wikidata.org/entity/Q131617883,
http://www.wikidata.org/entity/Q131617881,
http://www.wikidata.org/entity/Q131617885,
http://www.wikidata.org/entity/Q131617890,
http://www.wikidata.org/entity/Q131617895,
http://www.wikidata.org/entity/Q131617893,
http://www.wikidata.org/entity/Q131617898,
http://www.wikidata.org/entity/Q131617899,
http://www.wikidata.org/entity/Q131617897,
http://www.wikidata.org/entity/Q131617902,
http://www.wikidata.org/entity/Q131617911,nudo artistico; allegoria; portrait historié
http://www.wikidata.org/entity/Q131617908,
http://www.wikidata.org/entity/Q131617909,
http://www.wikidata.org/entity/Q131617914,
http://www.wikidata.org/entity/Q131617915,
http://www.wikidata.org/entity/Q131617918,
http://www.wikidata.org/entity/Q131617919,
http://www.wikidata.org/entity/Q131617916,
http://www.wikidata.org/entity/Q131617917,
http://www.wikidata.org/entity/Q131617922,
http://www.wikidata.org/entity/Q131617921,
http://www.wikidata.org/entity/Q131627550,
http://www.wikidata.org/entity/Q131627554,arte religiosa
http://www.wikidata.org/entity/Q131627552,
http://www.wikidata.org/entity/Q131627553,arte religiosa
http://www.wikidata.org/entity/Q131627556,
http://www.wikidata.org/entity/Q131627571,
http://www.wikidata.org/entity/Q131627574,
http://www.wikidata.org/entity/Q131627572,
http://www.wikidata.org/entity/Q131627588,
http://www.wikidata.org/entity/Q131627817,pittura storica
http://www.wikidata.org/entity/Q131628758,
http://www.wikidata.org/entity/Q131628765,
http://www.wikidata.org/entity/Q131628770,
http://www.wikidata.org/entity/Q131628768,
http://www.wikidata.org/entity/Q131628769,
http://www.wikidata.org/entity/Q131628775,
http://www.wikidata.org/entity/Q131628772,
http://www.wikidata.org/entity/Q131628778,
http://www.wikidata.org/entity/Q131628776,
http://www.wikidata.org/entity/Q131628802,arte religiosa
http://www.wikidata.org/entity/Q131628803,
http://www.wikidata.org/entity/Q131628801,arte religiosa
http://www.wikidata.org/entity/Q131628814,arte religiosa
http://www.wikidata.org/entity/Q131628812,
http://www.wikidata.org/entity/Q131628813,
http://www.wikidata.org/entity/Q131628818,
http://www.wikidata.org/entity/Q131628819,
http://www.wikidata.org/entity/Q131628817,
http://www.wikidata.org/entity/Q131628822,
http://www.wikidata.org/entity/Q131628823,
http://www.wikidata.org/entity/Q131628820,
http://www.wikidata.org/entity/Q131628821,
http://www.wikidata.org/entity/Q131628824,
http://www.wikidata.org/entity/Q131629552,
http://www.wikidata.org/entity/Q131629558,arte religiosa
http://www.wikidata.org/entity/Q131629557,
http://www.wikidata.org/entity/Q131632037,arte religiosa
http://www.wikidata.org/entity/Q131632042,
http://www.wikidata.org/entity/Q131632047,
http://www.wikidata.org/entity/Q131674303,
http://www.wikidata.org/entity/Q131674300,
http://www.wikidata.org/entity/Q131674306,
http://www.wikidata.org/entity/Q131674307,
http://www.wikidata.org/entity/Q131674310,
http://www.wikidata.org/entity/Q131674311,
http://www.wikidata.org/entity/Q131674315,arte religiosa
http://www.wikidata.org/entity/Q131674312,
http://www.wikidata.org/entity/Q131674316,arte religiosa
http://www.wikidata.org/entity/Q131674317,
http://www.wikidata.org/entity/Q131674322,
http://www.wikidata.org/entity/Q131674323,
http://www.wikidata.org/entity/Q131674332,arte religiosa
http://www.wikidata.org/entity/Q131674346,
http://www.wikidata.org/entity/Q131674355,arte religiosa
http://www.wikidata.org/entity/Q131674352,arte religiosa
http://www.wikidata.org/entity/Q131674353,arte religiosa
http://www.wikidata.org/entity/Q131674361,
http://www.wikidata.org/entity/Q131674371,
http://www.wikidata.org/entity/Q131674368,arte religiosa
http://www.wikidata.org/entity/Q131674369,
http://www.wikidata.org/entity/Q131674373,arte religiosa
http://www.wikidata.org/entity/Q131674382,
http://www.wikidata.org/entity/Q131674390,
http://www.wikidata.org/entity/Q131674398,arte religiosa
http://www.wikidata.org/entity/Q131674399,arte religiosa
http://www.wikidata.org/entity/Q131674396,arte religiosa
http://www.wikidata.org/entity/Q131674401,
http://www.wikidata.org/entity/Q131674404,arte religiosa
http://www.wikidata.org/entity/Q131674405,arte religiosa
http://www.wikidata.org/entity/Q131674410,
http://www.wikidata.org/entity/Q131674411,arte religiosa
http://www.wikidata.org/entity/Q131674409,
http://www.wikidata.org/entity/Q131674412,
http://www.wikidata.org/entity/Q131675938,
http://www.wikidata.org/entity/Q131675939,
http://www.wikidata.org/entity/Q131675936,
http://www.wikidata.org/entity/Q131675937,
http://www.wikidata.org/entity/Q131675942,arte religiosa
http://www.wikidata.org/entity/Q131675943,arte religiosa
http://www.wikidata.org/entity/Q131675940,arte religiosa
http://www.wikidata.org/entity/Q131675941,arte religiosa
http://www.wikidata.org/entity/Q131675947,
http://www.wikidata.org/entity/Q131675944,arte religiosa
http://www.wikidata.org/entity/Q131675945,arte religiosa
http://www.wikidata.org/entity/Q131675948,
http://www.wikidata.org/entity/Q131675966,
http://www.wikidata.org/entity/Q131675969,
http://www.wikidata.org/entity/Q131675979,
http://www.wikidata.org/entity/Q131675983,
http://www.wikidata.org/entity/Q131675981,
http://www.wikidata.org/entity/Q131675990,
http://www.wikidata.org/entity/Q131675989,
http://www.wikidata.org/entity/Q131675994,
http://www.wikidata.org/entity/Q131675995,
http://www.wikidata.org/entity/Q131675993,
http://www.wikidata.org/entity/Q131675998,
http://www.wikidata.org/entity/Q131676028,natura morta
http://www.wikidata.org/entity/Q131676029,natura morta
http://www.wikidata.org/entity/Q131676038,
http://www.wikidata.org/entity/Q131676039,
http://www.wikidata.org/entity/Q131676037,arte religiosa
http://www.wikidata.org/entity/Q131676041,
http://www.wikidata.org/entity/Q131676058,arte religiosa
http://www.wikidata.org/entity/Q131676064,
http://www.wikidata.org/entity/Q131676306,
http://www.wikidata.org/entity/Q131676307,
http://www.wikidata.org/entity/Q131676308,
http://www.wikidata.org/entity/Q131690475,
http://www.wikidata.org/entity/Q131690473,
http://www.wikidata.org/entity/Q131690478,
http://www.wikidata.org/entity/Q131690476,
http://www.wikidata.org/entity/Q131690495,
http://www.wikidata.org/entity/Q131690498,
http://www.wikidata.org/entity/Q131690499,arte religiosa
http://www.wikidata.org/entity/Q131690496,
http://www.wikidata.org/entity/Q131690497,arte religiosa
http://www.wikidata.org/entity/Q131690502,
http://www.wikidata.org/entity/Q131690503,arte religiosa
http://www.wikidata.org/entity/Q131690501,
http://www.wikidata.org/entity/Q131690504,
http://www.wikidata.org/entity/Q131690511,arte religiosa
http://www.wikidata.org/entity/Q131690509,arte religiosa
http://www.wikidata.org/entity/Q131690513,arte religiosa
http://www.wikidata.org/entity/Q131690516,arte religiosa
http://www.wikidata.org/entity/Q131690517,arte religiosa
http://www.wikidata.org/entity/Q131690522,arte religiosa
http://www.wikidata.org/entity/Q131690527,
http://www.wikidata.org/entity/Q131690524,arte religiosa
http://www.wikidata.org/entity/Q131690525,
http://www.wikidata.org/entity/Q131690530,
http://www.wikidata.org/entity/Q131690528,
http://www.wikidata.org/entity/Q131690529,
http://www.wikidata.org/entity/Q131690535,
http://www.wikidata.org/entity/Q131690532,
http://www.wikidata.org/entity/Q131690538,arte religiosa
http://www.wikidata.org/entity/Q131690539,arte religiosa
http://www.wikidata.org/entity/Q131690536,
http://www.wikidata.org/entity/Q131690537,
http://www.wikidata.org/entity/Q131690542,arte religiosa
http://www.wikidata.org/entity/Q131690543,arte religiosa
http://www.wikidata.org/entity/Q131690540,arte religiosa
http://www.wikidata.org/entity/Q131690546,arte religiosa
http://www.wikidata.org/entity/Q131690550,arte religiosa
http://www.wikidata.org/entity/Q131690551,
http://www.wikidata.org/entity/Q131690548,arte religiosa
http://www.wikidata.org/entity/Q131690549,
http://www.wikidata.org/entity/Q131690555,
http://www.wikidata.org/entity/Q131690552,arte religiosa
http://www.wikidata.org/entity/Q131690553,arte religiosa
http://www.wikidata.org/entity/Q131690558,
http://www.wikidata.org/entity/Q131690556,
http://www.wikidata.org/entity/Q131690557,
http://www.wikidata.org/entity/Q131690562,
http://www.wikidata.org/entity/Q131690563,arte religiosa
http://www.wikidata.org/entity/Q131690560,arte religiosa
http://www.wikidata.org/entity/Q131690561,arte religiosa
http://www.wikidata.org/entity/Q131690566,
http://www.wikidata.org/entity/Q131690564,
http://www.wikidata.org/entity/Q131690571,
http://www.wikidata.org/entity/Q131690568,arte religiosa
http://www.wikidata.org/entity/Q131690574,
http://www.wikidata.org/entity/Q131690575,
http://www.wikidata.org/entity/Q131690572,
http://www.wikidata.org/entity/Q131690573,arte religiosa
http://www.wikidata.org/entity/Q131690578,
http://www.wikidata.org/entity/Q131690579,arte religiosa
http://www.wikidata.org/entity/Q131690582,
http://www.wikidata.org/entity/Q131690583,
http://www.wikidata.org/entity/Q131690581,arte religiosa
http://www.wikidata.org/entity/Q131690586,
http://www.wikidata.org/entity/Q131690587,arte religiosa
http://www.wikidata.org/entity/Q131690584,
http://www.wikidata.org/entity/Q131690590,
http://www.wikidata.org/entity/Q131690591,
http://www.wikidata.org/entity/Q131690588,arte religiosa
http://www.wikidata.org/entity/Q131690589,arte religiosa
http://www.wikidata.org/entity/Q131690594,
http://www.wikidata.org/entity/Q131690592,
http://www.wikidata.org/entity/Q131690593,
http://www.wikidata.org/entity/Q131690599,
http://www.wikidata.org/entity/Q131690596,arte religiosa
http://www.wikidata.org/entity/Q131690602,
http://www.wikidata.org/entity/Q131690603,
http://www.wikidata.org/entity/Q131690601,
http://www.wikidata.org/entity/Q131690606,
http://www.wikidata.org/entity/Q131690605,
http://www.wikidata.org/entity/Q131690633,
http://www.wikidata.org/entity/Q131690639,
http://www.wikidata.org/entity/Q131690637,arte religiosa
http://www.wikidata.org/entity/Q131690641,
http://www.wikidata.org/entity/Q131690646,
http://www.wikidata.org/entity/Q131690652,
http://www.wikidata.org/entity/Q131690656,
http://www.wikidata.org/entity/Q131690663,
http://www.wikidata.org/entity/Q131690660,
http://www.wikidata.org/entity/Q131702506,ritratto
http://www.wikidata.org/entity/Q131704134,
http://www.wikidata.org/entity/Q131704138,arte religiosa
http://www.wikidata.org/entity/Q131704142,
http://www.wikidata.org/entity/Q131704140,
http://www.wikidata.org/entity/Q131704141,arte religiosa
http://www.wikidata.org/entity/Q131704145,
http://www.wikidata.org/entity/Q131704265,
http://www.wikidata.org/entity/Q131704274,arte religiosa
http://www.wikidata.org/entity/Q131704272,arte religiosa
http://www.wikidata.org/entity/Q131704273,arte religiosa
http://www.wikidata.org/entity/Q131704278,arte religiosa
http://www.wikidata.org/entity/Q131704279,arte religiosa
http://www.wikidata.org/entity/Q131704280,arte religiosa
http://www.wikidata.org/entity/Q131704281,arte religiosa
http://www.wikidata.org/entity/Q131704285,
http://www.wikidata.org/entity/Q131704288,
http://www.wikidata.org/entity/Q131704294,
http://www.wikidata.org/entity/Q131704298,
http://www.wikidata.org/entity/Q131704296,
http://www.wikidata.org/entity/Q131704297,
http://www.wikidata.org/entity/Q131704303,
http://www.wikidata.org/entity/Q131704304,
http://www.wikidata.org/entity/Q131704770,
http://www.wikidata.org/entity/Q131704783,
http://www.wikidata.org/entity/Q131704780,arte religiosa
http://www.wikidata.org/entity/Q131708783,
http://www.wikidata.org/entity/Q131719683,arte religiosa
http://www.wikidata.org/entity/Q131719684,
http://www.wikidata.org/entity/Q131719685,
http://www.wikidata.org/entity/Q131719730,arte religiosa
http://www.wikidata.org/entity/Q131719735,
http://www.wikidata.org/entity/Q131719732,
http://www.wikidata.org/entity/Q131719736,
http://www.wikidata.org/entity/Q131719743,
http://www.wikidata.org/entity/Q131719746,
http://www.wikidata.org/entity/Q131719744,
http://www.wikidata.org/entity/Q131719745,
http://www.wikidata.org/entity/Q131719750,
http://www.wikidata.org/entity/Q131719756,arte religiosa
http://www.wikidata.org/entity/Q131721232,ritratto
http://www.wikidata.org/entity/Q131748785,
http://www.wikidata.org/entity/Q131753928,arte religiosa
http://www.wikidata.org/entity/Q131753929,
http://www.wikidata.org/entity/Q131753974,
http://www.wikidata.org/entity/Q131753985,ritratto
http://www.wikidata.org/entity/Q131754003,
http://www.wikidata.org/entity/Q131760459,
http://www.wikidata.org/entity/Q131760462,ritratto
http://www.wikidata.org/entity/Q131760461,ritratto
http://www.wikidata.org/entity/Q131760474,ritratto
http://www.wikidata.org/entity/Q131760475,ritratto
http://www.wikidata.org/entity/Q131760472,ritratto
http://www.wikidata.org/entity/Q131760473,ritratto
http://www.wikidata.org/entity/Q131760478,ritratto
http://www.wikidata.org/entity/Q131760479,ritratto
http://www.wikidata.org/entity/Q131760476,ritratto
http://www.wikidata.org/entity/Q131760480,ritratto
http://www.wikidata.org/entity/Q131760481,ritratto
http://www.wikidata.org/entity/Q131766115,
http://www.wikidata.org/entity/Q131766119,
http://www.wikidata.org/entity/Q131766122,
http://www.wikidata.org/entity/Q131766120,
http://www.wikidata.org/entity/Q131766143,
http://www.wikidata.org/entity/Q131766147,
http://www.wikidata.org/entity/Q131766151,
http://www.wikidata.org/entity/Q131766148,
http://www.wikidata.org/entity/Q131766192,arte religiosa
http://www.wikidata.org/entity/Q131812877,
http://www.wikidata.org/entity/Q131812900,
http://www.wikidata.org/entity/Q131812901,
http://www.wikidata.org/entity/Q131812919,arte religiosa
http://www.wikidata.org/entity/Q131812917,ritratto
http://www.wikidata.org/entity/Q131812921,
http://www.wikidata.org/entity/Q131812935,
http://www.wikidata.org/entity/Q131812933,
http://www.wikidata.org/entity/Q131812937,
http://www.wikidata.org/entity/Q131813151,
http://www.wikidata.org/entity/Q131813148,
http://www.wikidata.org/entity/Q131813153,
http://www.wikidata.org/entity/Q131813159,arte religiosa
http://www.wikidata.org/entity/Q131813192,
http://www.wikidata.org/entity/Q131813340,
http://www.wikidata.org/entity/Q131823354,ritratto
http://www.wikidata.org/entity/Q131823355,
http://www.wikidata.org/entity/Q131823366,
http://www.wikidata.org/entity/Q131823364,
http://www.wikidata.org/entity/Q131823365,
http://www.wikidata.org/entity/Q131825279,
http://www.wikidata.org/entity/Q131825292,
http://www.wikidata.org/entity/Q131825306,
http://www.wikidata.org/entity/Q131825307,
http://www.wikidata.org/entity/Q131825315,arte religiosa
http://www.wikidata.org/entity/Q131825312,arte religiosa
http://www.wikidata.org/entity/Q131825319,
http://www.wikidata.org/entity/Q131825316,arte religiosa
http://www.wikidata.org/entity/Q131825317,
http://www.wikidata.org/entity/Q131825322,
http://www.wikidata.org/entity/Q131825323,
http://www.wikidata.org/entity/Q131825320,
http://www.wikidata.org/entity/Q131825326,
http://www.wikidata.org/entity/Q131825324,
http://www.wikidata.org/entity/Q131825329,
http://www.wikidata.org/entity/Q131825338,
http://www.wikidata.org/entity/Q131825360,
http://www.wikidata.org/entity/Q131825364,
http://www.wikidata.org/entity/Q131829978,arte religiosa
http://www.wikidata.org/entity/Q131830267,arte religiosa
http://www.wikidata.org/entity/Q131830296,arte religiosa
http://www.wikidata.org/entity/Q131830590,arte religiosa
http://www.wikidata.org/entity/Q131831531,arte religiosa
http://www.wikidata.org/entity/Q131831573,arte religiosa
http://www.wikidata.org/entity/Q131831783,arte religiosa
http://www.wikidata.org/entity/Q131832197,arte religiosa
http://www.wikidata.org/entity/Q131832227,arte religiosa
http://www.wikidata.org/entity/Q131840176,arte religiosa
http://www.wikidata.org/entity/Q131851008,
http://www.wikidata.org/entity/Q131851009,
http://www.wikidata.org/entity/Q131851014,
http://www.wikidata.org/entity/Q131851015,
http://www.wikidata.org/entity/Q131851012,arte religiosa
http://www.wikidata.org/entity/Q131851013,arte religiosa
http://www.wikidata.org/entity/Q131851018,
http://www.wikidata.org/entity/Q131851016,arte religiosa
http://www.wikidata.org/entity/Q131851028,
http://www.wikidata.org/entity/Q131851035,
http://www.wikidata.org/entity/Q131851042,pittura mitologica
http://www.wikidata.org/entity/Q131851041,
http://www.wikidata.org/entity/Q131851051,
http://www.wikidata.org/entity/Q131851094,
http://www.wikidata.org/entity/Q131851103,arte religiosa
http://www.wikidata.org/entity/Q131851100,arte religiosa
http://www.wikidata.org/entity/Q131851106,
http://www.wikidata.org/entity/Q131851108,
http://www.wikidata.org/entity/Q131851122,arte religiosa
http://www.wikidata.org/entity/Q131851126,
http://www.wikidata.org/entity/Q131851124,
http://www.wikidata.org/entity/Q131851125,arte religiosa
http://www.wikidata.org/entity/Q131851135,
http://www.wikidata.org/entity/Q131851136,allegoria
http://www.wikidata.org/entity/Q131856664,arte religiosa
http://www.wikidata.org/entity/Q131856823,arte religiosa
http://www.wikidata.org/entity/Q131856942,arte religiosa
http://www.wikidata.org/entity/Q131857319,arte religiosa
http://www.wikidata.org/entity/Q131857510,arte religiosa
http://www.wikidata.org/entity/Q131859345,pittura paesaggistica
http://www.wikidata.org/entity/Q131859480,arte religiosa
http://www.wikidata.org/entity/Q131859542,arte religiosa
http://www.wikidata.org/entity/Q131860141,ritratto
http://www.wikidata.org/entity/Q131860198,ritratto
http://www.wikidata.org/entity/Q131861810,arte religiosa
http://www.wikidata.org/entity/Q131861981,arte religiosa
http://www.wikidata.org/entity/Q131868524,arte religiosa
http://www.wikidata.org/entity/Q131869926,arte religiosa
http://www.wikidata.org/entity/Q131869955,arte religiosa
http://www.wikidata.org/entity/Q131919623,arte religiosa
http://www.wikidata.org/entity/Q131937025,
http://www.wikidata.org/entity/Q131937030,
http://www.wikidata.org/entity/Q131937031,arte religiosa
http://www.wikidata.org/entity/Q131937032,
http://www.wikidata.org/entity/Q131937036,
http://www.wikidata.org/entity/Q131937042,arte di genere
http://www.wikidata.org/entity/Q131937045,
http://www.wikidata.org/entity/Q131937061,
http://www.wikidata.org/entity/Q131937066,arte religiosa
http://www.wikidata.org/entity/Q131937070,
http://www.wikidata.org/entity/Q131937078,arte religiosa
http://www.wikidata.org/entity/Q131937079,arte religiosa
http://www.wikidata.org/entity/Q131937080,arte religiosa
http://www.wikidata.org/entity/Q131937081,arte religiosa
http://www.wikidata.org/entity/Q131937094,
http://www.wikidata.org/entity/Q131937102,
http://www.wikidata.org/entity/Q131937109,arte religiosa
http://www.wikidata.org/entity/Q131937113,
http://www.wikidata.org/entity/Q131937118,
http://www.wikidata.org/entity/Q132147956,
http://www.wikidata.org/entity/Q132147979,
http://www.wikidata.org/entity/Q132147995,
http://www.wikidata.org/entity/Q132147993,
http://www.wikidata.org/entity/Q132147998,
http://www.wikidata.org/entity/Q132147996,
http://www.wikidata.org/entity/Q132147997,arte religiosa
http://www.wikidata.org/entity/Q132148002,
http://www.wikidata.org/entity/Q132148006,
http://www.wikidata.org/entity/Q132148011,
http://www.wikidata.org/entity/Q132148015,
http://www.wikidata.org/entity/Q132148013,arte religiosa
http://www.wikidata.org/entity/Q132148016,
http://www.wikidata.org/entity/Q132148031,
http://www.wikidata.org/entity/Q132148039,
http://www.wikidata.org/entity/Q132148037,
http://www.wikidata.org/entity/Q132148050,
http://www.wikidata.org/entity/Q132148051,
http://www.wikidata.org/entity/Q132148054,
http://www.wikidata.org/entity/Q132148052,
http://www.wikidata.org/entity/Q132148057,
http://www.wikidata.org/entity/Q132148061,
http://www.wikidata.org/entity/Q132148134,
http://www.wikidata.org/entity/Q132148137,
http://www.wikidata.org/entity/Q132166188,
http://www.wikidata.org/entity/Q132166238,
http://www.wikidata.org/entity/Q132166239,
http://www.wikidata.org/entity/Q132166241,
http://www.wikidata.org/entity/Q132166246,
http://www.wikidata.org/entity/Q132166245,
http://www.wikidata.org/entity/Q132166250,
http://www.wikidata.org/entity/Q132166251,
http://www.wikidata.org/entity/Q132166254,
http://www.wikidata.org/entity/Q132166252,
http://www.wikidata.org/entity/Q132166258,
http://www.wikidata.org/entity/Q132166259,
http://www.wikidata.org/entity/Q132166256,
http://www.wikidata.org/entity/Q132166257,
http://www.wikidata.org/entity/Q132166260,
http://www.wikidata.org/entity/Q132166261,
http://www.wikidata.org/entity/Q132166270,arte religiosa
http://www.wikidata.org/entity/Q132166271,arte religiosa
http://www.wikidata.org/entity/Q132166275,arte religiosa
http://www.wikidata.org/entity/Q132166272,
http://www.wikidata.org/entity/Q132166294,
http://www.wikidata.org/entity/Q132166295,
http://www.wikidata.org/entity/Q132166292,
http://www.wikidata.org/entity/Q132166293,
http://www.wikidata.org/entity/Q132166298,
http://www.wikidata.org/entity/Q132166296,
http://www.wikidata.org/entity/Q132166297,
http://www.wikidata.org/entity/Q132188587,ritratto
http://www.wikidata.org/entity/Q132190189,
http://www.wikidata.org/entity/Q132247240,arte religiosa
http://www.wikidata.org/entity/Q132247244,arte religiosa
http://www.wikidata.org/entity/Q132247267,
http://www.wikidata.org/entity/Q132247310,
http://www.wikidata.org/entity/Q132247313,natura morta
http://www.wikidata.org/entity/Q132247316,
http://www.wikidata.org/entity/Q132247327,
http://www.wikidata.org/entity/Q132247331,
http://www.wikidata.org/entity/Q132247328,
http://www.wikidata.org/entity/Q132247334,
http://www.wikidata.org/entity/Q132247338,
http://www.wikidata.org/entity/Q132247378,
http://www.wikidata.org/entity/Q132247376,
http://www.wikidata.org/entity/Q132247380,
http://www.wikidata.org/entity/Q132247435,pittura storica; pittura mitologica; Narrative art
http://www.wikidata.org/entity/Q132247451,
http://www.wikidata.org/entity/Q132397606,arte religiosa
http://www.wikidata.org/entity/Q132397607,arte religiosa
http://www.wikidata.org/entity/Q132397604,arte religiosa
http://www.wikidata.org/entity/Q132397610,
http://www.wikidata.org/entity/Q132397611,
http://www.wikidata.org/entity/Q132397614,
http://www.wikidata.org/entity/Q132397615,
http://www.wikidata.org/entity/Q132397613,
http://www.wikidata.org/entity/Q132397621,
http://www.wikidata.org/entity/Q132397631,
http://www.wikidata.org/entity/Q132397663,
http://www.wikidata.org/entity/Q132397660,
http://www.wikidata.org/entity/Q132397666,arte religiosa
http://www.wikidata.org/entity/Q132397667,
http://www.wikidata.org/entity/Q132397664,
http://www.wikidata.org/entity/Q132397665,
http://www.wikidata.org/entity/Q132397670,
http://www.wikidata.org/entity/Q132397668,
http://www.wikidata.org/entity/Q132397669,
http://www.wikidata.org/entity/Q132397673,arte religiosa
http://www.wikidata.org/entity/Q132397679,vedutismo
http://www.wikidata.org/entity/Q132397687,
http://www.wikidata.org/entity/Q132397698,
http://www.wikidata.org/entity/Q135089031,arte di genere
http://www.wikidata.org/entity/Q135089170,arte di genere
http://www.wikidata.org/entity/Q135089208,arte di genere
http://www.wikidata.org/entity/Q135089338,ritratto
http://www.wikidata.org/entity/Q135089933,ritratto
http://www.wikidata.org/entity/Q135097382,pittura floreale
http://www.wikidata.org/entity/Q135098524,pittura floreale
http://www.wikidata.org/entity/Q135111963,
http://www.wikidata.org/entity/Q135213019,arte di genere
http://www.wikidata.org/entity/Q135213092,arte di genere
http://www.wikidata.org/entity/Q135216092,arte di genere
http://www.wikidata.org/entity/Q135216430,natura morta
http://www.wikidata.org/entity/Q135219976,ritratto
http://www.wikidata.org/entity/Q135286600,arte religiosa
http://www.wikidata.org/entity/Q135669652,
http://www.wikidata.org/entity/Q135761987,ritratto
http://www.wikidata.org/entity/Q135971600,arte religiosa
http://www.wikidata.org/entity/Q135971947,arte religiosa
http://www.wikidata.org/entity/Q135972052,arte religiosa
http://www.wikidata.org/entity/Q135988557,ritratto
http://www.wikidata.org/entity/Q135989185,ritratto
http://www.wikidata.org/entity/Q136359717,ritratto
http://www.wikidata.org/entity/Q136359850,ritratto
http://www.wikidata.org/entity/Q136419815,arte religiosa
http://www.wikidata.org/entity/Q136445881,ritratto
http://www.wikidata.org/entity/Q136446304,ritratto
http://www.wikidata.org/entity/Q136452782,arte religiosa
http://www.wikidata.org/entity/Q136457064,arte religiosa
http://www.wikidata.org/entity/Q136468769,arte religiosa
http://www.wikidata.org/entity/Q136488593,ritratto
http://www.wikidata.org/entity/Q136497894,arte religiosa
http://www.wikidata.org/entity/Q136747345,ritratto
http://www.wikidata.org/entity/Q136752887,nudo artistico; pittura mitologica
http://www.wikidata.org/entity/Q136789581,arte di genere
http://www.wikidata.org/entity/Q136806465,arte religiosa
http://www.wikidata.org/entity/Q136807706,arte religiosa
http://www.wikidata.org/entity/Q136840231,nudo artistico; pittura mitologica
http://www.wikidata.org/entity/Q136849352,arte religiosa
http://www.wikidata.org/entity/Q136934711,nudo artistico; pittura mitologica
http://www.wikidata.org/entity/Q137040888,arte religiosa
http://www.wikidata.org/entity/Q137169658,ritratto
http://www.wikidata.org/entity/Q137268771,arte religiosa
http://www.wikidata.org/entity/Q137357477,allegoria
http://www.wikidata.org/entity/Q137395888,
http://www.wikidata.org/entity/Q132397696,arte religiosa
http://www.wikidata.org/entity/Q132397700,
http://www.wikidata.org/entity/Q132397710,arte religiosa
http://www.wikidata.org/entity/Q132397711,arte religiosa
http://www.wikidata.org/entity/Q132397715,arte religiosa
http://www.wikidata.org/entity/Q132397712,
http://www.wikidata.org/entity/Q132397719,arte religiosa
http://www.wikidata.org/entity/Q132397716,arte religiosa
http://www.wikidata.org/entity/Q132397721,
http://www.wikidata.org/entity/Q132397728,
http://www.wikidata.org/entity/Q132397743,
http://www.wikidata.org/entity/Q132397741,
http://www.wikidata.org/entity/Q132397746,arte religiosa
http://www.wikidata.org/entity/Q132397744,
http://www.wikidata.org/entity/Q132397750,
http://www.wikidata.org/entity/Q132397751,
http://www.wikidata.org/entity/Q132397749,
http://www.wikidata.org/entity/Q132397755,arte religiosa
http://www.wikidata.org/entity/Q132397753,arte religiosa
http://www.wikidata.org/entity/Q132397758,
http://www.wikidata.org/entity/Q132397759,
http://www.wikidata.org/entity/Q132397756,arte religiosa
http://www.wikidata.org/entity/Q132397757,
http://www.wikidata.org/entity/Q132397761,
http://www.wikidata.org/entity/Q132655854,ritratto
http://www.wikidata.org/entity/Q132732649,ritratto
http://www.wikidata.org/entity/Q132732774,ritratto
http://www.wikidata.org/entity/Q132861558,arte religiosa
http://www.wikidata.org/entity/Q133269222,
http://www.wikidata.org/entity/Q133269326,ritratto
http://www.wikidata.org/entity/Q133269393,autoritratto
http://www.wikidata.org/entity/Q133272425,
http://www.wikidata.org/entity/Q133273079,
http://www.wikidata.org/entity/Q133273191,pittura paesaggistica
http://www.wikidata.org/entity/Q133280987,
http://www.wikidata.org/entity/Q133280990,
http://www.wikidata.org/entity/Q133280991,
http://www.wikidata.org/entity/Q133280994,
http://www.wikidata.org/entity/Q133280993,
http://www.wikidata.org/entity/Q133280996,
http://www.wikidata.org/entity/Q133281000,
http://www.wikidata.org/entity/Q133281004,
http://www.wikidata.org/entity/Q133281008,
http://www.wikidata.org/entity/Q133281009,arte religiosa
http://www.wikidata.org/entity/Q133281015,
http://www.wikidata.org/entity/Q133281013,
http://www.wikidata.org/entity/Q133281018,
http://www.wikidata.org/entity/Q133281019,
http://www.wikidata.org/entity/Q133281016,
http://www.wikidata.org/entity/Q133281023,arte religiosa
http://www.wikidata.org/entity/Q133281021,
http://www.wikidata.org/entity/Q133281027,arte religiosa
http://www.wikidata.org/entity/Q133281024,
http://www.wikidata.org/entity/Q133281030,
http://www.wikidata.org/entity/Q133281031,
http://www.wikidata.org/entity/Q133281028,
http://www.wikidata.org/entity/Q133281038,
http://www.wikidata.org/entity/Q133281054,arte religiosa
http://www.wikidata.org/entity/Q133281058,
http://www.wikidata.org/entity/Q133281056,
http://www.wikidata.org/entity/Q133281062,
http://www.wikidata.org/entity/Q133281060,
http://www.wikidata.org/entity/Q133281064,
http://www.wikidata.org/entity/Q133281065,
http://www.wikidata.org/entity/Q133281074,
http://www.wikidata.org/entity/Q133281075,
http://www.wikidata.org/entity/Q133281073,
http://www.wikidata.org/entity/Q133281078,
http://www.wikidata.org/entity/Q133281079,
http://www.wikidata.org/entity/Q133281076,
http://www.wikidata.org/entity/Q133281091,
http://www.wikidata.org/entity/Q133281094,
http://www.wikidata.org/entity/Q133281103,
http://www.wikidata.org/entity/Q133377050,
http://www.wikidata.org/entity/Q133460319,ritratto
http://www.wikidata.org/entity/Q133520790,pittura storica
http://www.wikidata.org/entity/Q133538987,ritratto
http://www.wikidata.org/entity/Q133572599,ritratto; pittura storica
http://www.wikidata.org/entity/Q133580122,pittura storica
http://www.wikidata.org/entity/Q133663142,pittura storica
http://www.wikidata.org/entity/Q133756640,ritratto
http://www.wikidata.org/entity/Q133806816,arte religiosa
http://www.wikidata.org/entity/Q133832267,ritratto
http://www.wikidata.org/entity/Q133838769,ritratto
http://www.wikidata.org/entity/Q133853068,arte religiosa
http://www.wikidata.org/entity/Q133853701,
http://www.wikidata.org/entity/Q133857279,ritratto
http://www.wikidata.org/entity/Q133871397,pittura paesaggistica
http://www.wikidata.org/entity/Q133877955,autoritratto
http://www.wikidata.org/entity/Q133878297,autoritratto
http://www.wikidata.org/entity/Q133878813,ritratto
http://www.wikidata.org/entity/Q134006791,arte religiosa
http://www.wikidata.org/entity/Q134475701,pittura mitologica
http://www.wikidata.org/entity/Q134486443,
http://www.wikidata.org/entity/Q134580708,arte religiosa
http://www.wikidata.org/entity/Q134691464,ritratto
http://www.wikidata.org/entity/Q134699222,nudo artistico; arte religiosa
http://www.wikidata.org/entity/Q134820887,arte religiosa
http://www.wikidata.org/entity/Q134960128,ritratto
http://www.wikidata.org/entity/Q135088946,arte di genere
