id,luoghi
http://www.wikidata.org/entity/Q151047,
http://www.wikidata.org/entity/Q180632,Museo nazionale di Capodimonte
http://www.wikidata.org/entity/Q368788,Palazzo degli Uffizi
http://www.wikidata.org/entity/Q428274,Galleria Palatina
http://www.wikidata.org/entity/Q488825,Palazzo degli Uffizi
http://www.wikidata.org/entity/Q493792,Pinacoteca di Brera
http://www.wikidata.org/entity/Q532486,Palazzo Pitti
http://www.wikidata.org/entity/Q546297,Pinacoteca di Brera
http://www.wikidata.org/entity/Q549847,Palazzo Medici Riccardi; Galleria delle pitture e delle statue degli Uffizi
http://www.wikidata.org/entity/Q580853,Spedale degli Innocenti
http://www.wikidata.org/entity/Q592551,Pinacoteca comunale
http://www.wikidata.org/entity/Q672817,Galleria nazionale dell'Umbria
http://www.wikidata.org/entity/Q732821,Museo nazionale di Capodimonte
http://www.wikidata.org/entity/Q733017,cappella Pellegrini
http://www.wikidata.org/entity/Q734197,cappella degli Scrovegni
http://www.wikidata.org/entity/Q742801,Galleria Palatina
http://www.wikidata.org/entity/Q794077,Galleria Borghese
http://www.wikidata.org/entity/Q867678,Museo nazionale di Capodimonte
http://www.wikidata.org/entity/Q924655,Gallerie dell'Accademia
http://www.wikidata.org/entity/Q945250,Palazzo degli Uffizi
http://www.wikidata.org/entity/Q945625,
http://www.wikidata.org/entity/Q948034,Sala di Giove
http://www.wikidata.org/entity/Q955295,Musei civici di Palazzo Buonaccorsi
http://www.wikidata.org/entity/Q959174,Palazzo degli Uffizi
http://www.wikidata.org/entity/Q1055111,
http://www.wikidata.org/entity/Q1109340,Palazzo degli Uffizi
http://www.wikidata.org/entity/Q1109475,propositura dei Santi Michele e Francesco
http://www.wikidata.org/entity/Q1110146,collegiata dei Santi Nazaro e Celso
http://www.wikidata.org/entity/Q1111232,Palazzo degli Uffizi
http://www.wikidata.org/entity/Q1113938,Galleria nazionale delle Marche; Ex monastero di Santa Chiara
http://www.wikidata.org/entity/Q1114823,Palazzo degli Uffizi; casa di Bernardo Vecchietti
http://www.wikidata.org/entity/Q1114856,Pinacoteca Ambrosiana
http://www.wikidata.org/entity/Q1114881,Museo del Louvre; Villa Lemmi
http://www.wikidata.org/entity/Q1115413,Accademia Carrara
http://www.wikidata.org/entity/Q1115423,Museo Poldi Pezzoli; chiesa di Santa Maria Maggiore
http://www.wikidata.org/entity/Q1119008,duomo di Asolo
http://www.wikidata.org/entity/Q1119782,cappella Brancacci
http://www.wikidata.org/entity/Q1121644,Palazzo Pitti
http://www.wikidata.org/entity/Q1122002,basilica dei Santi Giovanni e Paolo
http://www.wikidata.org/entity/Q1122537,Villa Ludovisi
http://www.wikidata.org/entity/Q1131263,Palazzo degli Uffizi; basilica di San Marco
http://www.wikidata.org/entity/Q1132479,Italia; santuario di Santa Lucia al Sepolcro
http://www.wikidata.org/entity/Q1132486,Gallerie d'Italia
http://www.wikidata.org/entity/Q1134060,Galleria Borghese
http://www.wikidata.org/entity/Q1195035,Pinacoteca di Brera
http://www.wikidata.org/entity/Q1212920,Galleria nazionale delle Marche
http://www.wikidata.org/entity/Q1215809,Museo di San Marco
http://www.wikidata.org/entity/Q1217187,Palazzo degli Uffizi
http://www.wikidata.org/entity/Q1237596,Villa medicea di Poggio a Caiano
http://www.wikidata.org/entity/Q1240092,Galleria Doria Pamphilj
http://www.wikidata.org/entity/Q1328065,Palazzo degli Uffizi
http://www.wikidata.org/entity/Q1448203,Roma
http://www.wikidata.org/entity/Q1448701,Palazzo degli Alberti
http://www.wikidata.org/entity/Q1460271,Galleria Borghese
http://www.wikidata.org/entity/Q1751408,Gallerie dell'Accademia
http://www.wikidata.org/entity/Q1761496,Palazzo degli Uffizi; chiesa di Sant'Ambrogio
http://www.wikidata.org/entity/Q1762826,Gallerie dell'Accademia
http://www.wikidata.org/entity/Q1863885,
http://www.wikidata.org/entity/Q1899740,Basilica di Santa Maria Gloriosa dei Frari
http://www.wikidata.org/entity/Q2011510,Sala 90 di Caravaggio
http://www.wikidata.org/entity/Q2016193,Sala A4 Giotto — Cimabue
http://www.wikidata.org/entity/Q2030685,Pinacoteca di Brera
http://www.wikidata.org/entity/Q2035209,Galleria Palatina
http://www.wikidata.org/entity/Q2045726,Gabinetto dei disegni e delle stampe
http://www.wikidata.org/entity/Q2066739,Italia; basilica di San Zeno
http://www.wikidata.org/entity/Q2092566,Galleria Sabauda
http://www.wikidata.org/entity/Q2097931,Pinacoteca di Brera
http://www.wikidata.org/entity/Q2247307,Italia; Sansepolcro; Museo civico
http://www.wikidata.org/entity/Q2264942,deposito del museo
http://www.wikidata.org/entity/Q2267509,Palazzo degli Uffizi
http://www.wikidata.org/entity/Q2268013,Museo nazionale di Capodimonte
http://www.wikidata.org/entity/Q2269291,Palazzo degli Uffizi
http://www.wikidata.org/entity/Q2269585,Museo Poldi Pezzoli
http://www.wikidata.org/entity/Q2270291,Pinacoteca Ambrosiana
http://www.wikidata.org/entity/Q2273517,cappella Cerasi
http://www.wikidata.org/entity/Q2275353,chiesa di Santa Maria Immacolata a via Veneto
http://www.wikidata.org/entity/Q2275371,Museo civico Ala Ponzone
http://www.wikidata.org/entity/Q2277635,Museo regionale di Messina
http://www.wikidata.org/entity/Q2284829,Palazzo degli Uffizi
http://www.wikidata.org/entity/Q2293905,Palazzo degli Uffizi
http://www.wikidata.org/entity/Q2293936,
http://www.wikidata.org/entity/Q2325834,palazzo Bianco
http://www.wikidata.org/entity/Q2327715,Museo regionale di Messina
http://www.wikidata.org/entity/Q2337873,cappella Contarelli
http://www.wikidata.org/entity/Q2338404,Pinacoteca Ambrosiana
http://www.wikidata.org/entity/Q2338417,chiesa di San Luigi dei Francesi
http://www.wikidata.org/entity/Q2343939,Accademia Carrara
http://www.wikidata.org/entity/Q2405771,Galleria Palatina
http://www.wikidata.org/entity/Q2426058,Palazzo degli Uffizi
http://www.wikidata.org/entity/Q2448678,Pinacoteca Nazionale di Bologna
http://www.wikidata.org/entity/Q2459887,Gemäldegalerie Alte Meister
http://www.wikidata.org/entity/Q2470123,Palazzo Barberini
http://www.wikidata.org/entity/Q2472983,basilica di San Giorgio Maggiore
http://www.wikidata.org/entity/Q2515309,Palazzo degli Uffizi
http://www.wikidata.org/entity/Q2551625,
http://www.wikidata.org/entity/Q2610729,Galleria Palatina
http://www.wikidata.org/entity/Q2610936,Galleria Borghese
http://www.wikidata.org/entity/Q2626595,Pio Monte della Misericordia
http://www.wikidata.org/entity/Q2627056,Galleria Borghese
http://www.wikidata.org/entity/Q2629715,Galleria Borghese
http://www.wikidata.org/entity/Q2635552,Museo nazionale di Capodimonte
http://www.wikidata.org/entity/Q2665840,Gallerie dell'Accademia
http://www.wikidata.org/entity/Q2713203,basilica di Sant'Agostino in Campo Marzio
http://www.wikidata.org/entity/Q2713823,Sala di Saturno
http://www.wikidata.org/entity/Q2714237,Palazzo degli Uffizi
http://www.wikidata.org/entity/Q2715177,Galleria Borghese
http://www.wikidata.org/entity/Q2715302,Galleria Borghese
http://www.wikidata.org/entity/Q2717478,Palazzo degli Uffizi
http://www.wikidata.org/entity/Q2732274,Galleria Doria Pamphilj
http://www.wikidata.org/entity/Q2734111,Firenze
http://www.wikidata.org/entity/Q2866382,basilica superiore di San Francesco d'Assisi
http://www.wikidata.org/entity/Q2872721,Palazzo degli Uffizi
http://www.wikidata.org/entity/Q2920183,chiesa di San Salvador
http://www.wikidata.org/entity/Q2929922,basilica superiore di San Francesco d'Assisi
http://www.wikidata.org/entity/Q3044873,basilica superiore di San Francesco d'Assisi
http://www.wikidata.org/entity/Q3185885,basilica superiore di San Francesco d'Assisi
http://www.wikidata.org/entity/Q3201479,Spedale degli Innocenti
http://www.wikidata.org/entity/Q3207247,Museo del Novecento
http://www.wikidata.org/entity/Q3207678,Galleria Palatina
http://www.wikidata.org/entity/Q3207989,Palazzo degli Uffizi
http://www.wikidata.org/entity/Q3210267,chiesa di Santa Felicita; Galleria dell'Accademia
http://www.wikidata.org/entity/Q3213773,Palazzo degli Uffizi
http://www.wikidata.org/entity/Q3213778,Ospedale di Santa Maria Nuova; Galleria dell'Accademia
http://www.wikidata.org/entity/Q3213801,Palazzo degli Uffizi
http://www.wikidata.org/entity/Q3220282,chiesa di Santa Corona
http://www.wikidata.org/entity/Q3223625,Musei capitolini
http://www.wikidata.org/entity/Q3276171,Museo diocesano di Santo Stefano al Ponte
http://www.wikidata.org/entity/Q3276168,Pieve di San Lorenzo
http://www.wikidata.org/entity/Q3276180,basilica superiore di San Francesco d'Assisi
http://www.wikidata.org/entity/Q3399438,Accademia Carrara
http://www.wikidata.org/entity/Q3463871,Tribuna degli Uffizi
http://www.wikidata.org/entity/Q3464027,basilica superiore di San Francesco d'Assisi
http://www.wikidata.org/entity/Q3471589,basilica superiore di San Francesco d'Assisi
http://www.wikidata.org/entity/Q3472935,Museo Horne
http://www.wikidata.org/entity/Q3495790,Galleria Doria Pamphilj
http://www.wikidata.org/entity/Q3605530,collegiata dei Santi Nazaro e Celso
http://www.wikidata.org/entity/Q3605532,
http://www.wikidata.org/entity/Q3605568,Palazzo degli Uffizi
http://www.wikidata.org/entity/Q3618188,Galleria Palatina
http://www.wikidata.org/entity/Q3620766,chiesa di Santa Maria Maddalena
http://www.wikidata.org/entity/Q3620765,Palazzo Pozzobonelli-Isimbardi
http://www.wikidata.org/entity/Q3623738,Galleria Borghese
http://www.wikidata.org/entity/Q3625842,Palazzo degli Uffizi
http://www.wikidata.org/entity/Q3627401,chiostrino dei Voti
http://www.wikidata.org/entity/Q3630726,Palazzo degli Uffizi
http://www.wikidata.org/entity/Q3636748,Musei capitolini
http://www.wikidata.org/entity/Q3639064,Palazzo della Prefettura
http://www.wikidata.org/entity/Q3642142,basilica di San Giovanni in Laterano
http://www.wikidata.org/entity/Q3650885,National Gallery
http://www.wikidata.org/entity/Q3685501,Museo diocesano di Cortona
http://www.wikidata.org/entity/Q3686814,"Pitture fiaminghe e tedesche, sala 22"
http://www.wikidata.org/entity/Q3697588,Pinacoteca di Brera
http://www.wikidata.org/entity/Q3697602,duomo di Livorno
http://www.wikidata.org/entity/Q3697640,Museo del Cenacolo di Sant'Apollonia; Museo del Cenacolo di Sant'Apollonia
http://www.wikidata.org/entity/Q3698182,Pinacoteca di Brera
http://www.wikidata.org/entity/Q3698204,chiesa di San Giovanni a Carbonara
http://www.wikidata.org/entity/Q3704794,Galleria Sabauda
http://www.wikidata.org/entity/Q3706331,chiostrino dei Voti
http://www.wikidata.org/entity/Q3709306,National Gallery of Canada
http://www.wikidata.org/entity/Q3711898,A3 Pittura del Duecento
http://www.wikidata.org/entity/Q3714445,Palazzo degli Uffizi
http://www.wikidata.org/entity/Q3725199,National Gallery of Art
http://www.wikidata.org/entity/Q3725832,Palazzo degli Uffizi; Galleria delle pitture e delle statue degli Uffizi
http://www.wikidata.org/entity/Q3731103,Palazzo dei Diamanti
http://www.wikidata.org/entity/Q3732905,Museo dell'Opera del Duomo
http://www.wikidata.org/entity/Q3740793,"Pollaiolo, Sala A10"
http://www.wikidata.org/entity/Q3743879,Museo del Prado; Palazzo reale di Madrid
http://www.wikidata.org/entity/Q3747239,Museo nazionale di Capodimonte
http://www.wikidata.org/entity/Q3752350,Villa I Tatti
http://www.wikidata.org/entity/Q3752977,Casa Giorgione
http://www.wikidata.org/entity/Q3766168,Galleria nazionale di Parma
http://www.wikidata.org/entity/Q3769202,Camposanto monumentale
http://www.wikidata.org/entity/Q3771679,Palazzo degli Uffizi
http://www.wikidata.org/entity/Q3771746,Galleria Giorgio Franchetti alla Ca' d'Oro
http://www.wikidata.org/entity/Q3771749,Palazzo degli Uffizi; Galleria delle pitture e delle statue degli Uffizi
http://www.wikidata.org/entity/Q3775535,Palazzo degli Uffizi
http://www.wikidata.org/entity/Q3778382,Pala di San Marco; Museo nazionale di San Matteo; basilica di San Marco; Museo di San Marco
http://www.wikidata.org/entity/Q3784247,Sala di Venere
http://www.wikidata.org/entity/Q3784272,Palazzo degli Uffizi
http://www.wikidata.org/entity/Q3797482,Valdagno
http://www.wikidata.org/entity/Q3817178,
http://www.wikidata.org/entity/Q3821139,Galleria d'arte moderna di Firenze
http://www.wikidata.org/entity/Q3821405,Museo del Risorgimento
http://www.wikidata.org/entity/Q3823990,Ca' Pesaro
http://www.wikidata.org/entity/Q3831651,chiostrino dei Voti
http://www.wikidata.org/entity/Q3834971,Castello di Alnwick; Castello Estense; Palazzo Cini
http://www.wikidata.org/entity/Q3842412,Accademia Carrara
http://www.wikidata.org/entity/Q3842413,Accademia Carrara
http://www.wikidata.org/entity/Q3842424,Venezia
http://www.wikidata.org/entity/Q3842438,Palazzo Cini
http://www.wikidata.org/entity/Q3842439,Palazzo degli Uffizi
http://www.wikidata.org/entity/Q3842472,Fondazione Magnani-Rocca
http://www.wikidata.org/entity/Q3842484,Pinacoteca Malaspina
http://www.wikidata.org/entity/Q3842522,Palazzo degli Uffizi
http://www.wikidata.org/entity/Q3842521,Galleria Palatina
http://www.wikidata.org/entity/Q3842530,Palazzo degli Uffizi
http://www.wikidata.org/entity/Q3842533,Pinacoteca del Castello Sforzesco
http://www.wikidata.org/entity/Q3842543,A3 Pittura del Duecento
http://www.wikidata.org/entity/Q3842575,Palazzo Rosso
http://www.wikidata.org/entity/Q3842577,Palazzo Corsini al Parione
http://www.wikidata.org/entity/Q7232305,Sala di Venere
http://www.wikidata.org/entity/Q7401416,Pinacoteca di Brera
http://www.wikidata.org/entity/Q7401482,
http://www.wikidata.org/entity/Q7720644,Musei capitolini
http://www.wikidata.org/entity/Q7750471,chiesa di Santa Maria Assunta detta I Gesuiti
http://www.wikidata.org/entity/Q7885787,Palazzo degli Uffizi
http://www.wikidata.org/entity/Q7920573,Galleria Borghese
http://www.wikidata.org/entity/Q9387722,basilica di San Giorgio Maggiore
http://www.wikidata.org/entity/Q11694943,Sala delle Quattro Porte
http://www.wikidata.org/entity/Q11753618,Palazzo degli Uffizi
http://www.wikidata.org/entity/Q11769022,Scuola Grande di San Rocco
http://www.wikidata.org/entity/Q12172990,Accademia Carrara
http://www.wikidata.org/entity/Q15008032,National Gallery of Art
http://www.wikidata.org/entity/Q15157527,basilica di San Clemente al Laterano
http://www.wikidata.org/entity/Q15974347,Pinacoteca di Brera
http://www.wikidata.org/entity/Q15982437,Museo Poldi Pezzoli
http://www.wikidata.org/entity/Q16167039,chiesa di San Giovanni Evangelista
http://www.wikidata.org/entity/Q16467999,Pinacoteca del Castello Sforzesco
http://www.wikidata.org/entity/Q16536592,Galleria nazionale di Parma
http://www.wikidata.org/entity/Q16543332,Museo di Castelvecchio
http://www.wikidata.org/entity/Q16549203,cattedrale di San Lorenzo
http://www.wikidata.org/entity/Q16564738,Quadreria dei Girolamini
http://www.wikidata.org/entity/Q16573223,Galleria d'arte moderna di Firenze
http://www.wikidata.org/entity/Q16574865,Pinacoteca nazionale di Siena
http://www.wikidata.org/entity/Q16585848,Museo di Castelvecchio
http://www.wikidata.org/entity/Q16585871,
http://www.wikidata.org/entity/Q16596967,Galleria d'arte moderna di Milano
http://www.wikidata.org/entity/Q16608187,Palazzo Chigi-Saracini
http://www.wikidata.org/entity/Q16620779,Museo di Castelvecchio
http://www.wikidata.org/entity/Q16621939,Accademia Carrara
http://www.wikidata.org/entity/Q17638342,Galleria nazionale di Parma
http://www.wikidata.org/entity/Q17652075,Pinacoteca Ambrosiana
http://www.wikidata.org/entity/Q18226128,Palazzo degli Uffizi
http://www.wikidata.org/entity/Q18385026,"Museo civico ""Giovanni Fattori"""
http://www.wikidata.org/entity/Q18578019,Museo civico Ala Ponzone
http://www.wikidata.org/entity/Q18688370,Musei capitolini
http://www.wikidata.org/entity/Q19060568,Museo nazionale di Capodimonte
http://www.wikidata.org/entity/Q19060621,Museo nazionale di Capodimonte
http://www.wikidata.org/entity/Q19361572,Palazzo degli Uffizi
http://www.wikidata.org/entity/Q19390001,Corridoio Vasariano
http://www.wikidata.org/entity/Q19516146,Palazzo degli Uffizi
http://www.wikidata.org/entity/Q19660300,Accademia Carrara
http://www.wikidata.org/entity/Q19681559,
http://www.wikidata.org/entity/Q19681664,Pinacoteca di Brera
http://www.wikidata.org/entity/Q19686409,Palazzo Cini
http://www.wikidata.org/entity/Q19686414,Gallerie dell'Accademia
http://www.wikidata.org/entity/Q19882485,Palazzo Barberini
http://www.wikidata.org/entity/Q19947640,Accademia Carrara
http://www.wikidata.org/entity/Q19966565,Pinacoteca Nazionale di Bologna
http://www.wikidata.org/entity/Q19966606,Collezione d'arte del Banco di Brescia
http://www.wikidata.org/entity/Q19966608,Galleria nazionale di Parma
http://www.wikidata.org/entity/Q20092785,Gallerie dell'Accademia
http://www.wikidata.org/entity/Q20744065,Museo civico di Casale Monferrato
http://www.wikidata.org/entity/Q20744144,Museo civico di Casale Monferrato
http://www.wikidata.org/entity/Q20744173,Museo civico di Casale Monferrato
http://www.wikidata.org/entity/Q20991673,Padiglione Centrale dell'Ospedale di Busto Arsizio
http://www.wikidata.org/entity/Q21121896,Galleria nazionale di Parma
http://www.wikidata.org/entity/Q21192549,catacombe di Commodilla
http://www.wikidata.org/entity/Q21666329,Museo civico di Rieti
http://www.wikidata.org/entity/Q22917444,basilica di San Giovanni Battista
http://www.wikidata.org/entity/Q22931136,Palazzo degli Uffizi
http://www.wikidata.org/entity/Q22949398,battistero San Filippo Neri
http://www.wikidata.org/entity/Q22949778,chiesa di San Gregorio Magno in Camposanto
http://www.wikidata.org/entity/Q22949827,battistero San Filippo Neri
http://www.wikidata.org/entity/Q22958240,basilica di San Giovanni Battista
http://www.wikidata.org/entity/Q23006207,Museo di arte sacra di San Michele Arcangelo
http://www.wikidata.org/entity/Q23305501,Palazzo degli Uffizi
http://www.wikidata.org/entity/Q24050695,Gallerie d'Italia – Milano
http://www.wikidata.org/entity/Q24090610,Gallerie d'Italia – Milano
http://www.wikidata.org/entity/Q24090614,Gallerie d'Italia – Milano
http://www.wikidata.org/entity/Q24091047,Gallerie d'Italia – Milano
http://www.wikidata.org/entity/Q24091066,Gallerie d'Italia – Milano
http://www.wikidata.org/entity/Q24091089,Quadronno; Gallerie d'Italia – Milano
http://www.wikidata.org/entity/Q24091112,Gallerie d'Italia – Milano
http://www.wikidata.org/entity/Q24325684,Galleria Palatina
http://www.wikidata.org/entity/Q24933808,chiostri del monastero dei Santi Severino e Sossio
http://www.wikidata.org/entity/Q24938224,
http://www.wikidata.org/entity/Q24939660,Gallerie d'Italia – Milano
http://www.wikidata.org/entity/Q24939839,Gallerie d'Italia – Milano
http://www.wikidata.org/entity/Q24939843,Palazzo Te
http://www.wikidata.org/entity/Q24939884,Gallerie d'Italia – Milano
http://www.wikidata.org/entity/Q24940870,Gallerie d'Italia – Milano
http://www.wikidata.org/entity/Q25388274,Siena
http://www.wikidata.org/entity/Q25410292,Gallerie d'Italia – Milano
http://www.wikidata.org/entity/Q25410567,Gallerie d'Italia – Milano
http://www.wikidata.org/entity/Q25444052,Pinacoteca Nazionale di Bologna
http://www.wikidata.org/entity/Q26256901,
http://www.wikidata.org/entity/Q26488380,basilica di San Giovanni Battista
http://www.wikidata.org/entity/Q27504416,chiesa di Sant'Alessandro
http://www.wikidata.org/entity/Q27507068,
http://www.wikidata.org/entity/Q27650796,Galleria civica d'arte moderna e contemporanea di Torino
http://www.wikidata.org/entity/Q27664456,Camerino
http://www.wikidata.org/entity/Q27827425,Ariccia
http://www.wikidata.org/entity/Q27830737,Ariccia
http://www.wikidata.org/entity/Q27948860,Pinacoteca di Brera
http://www.wikidata.org/entity/Q27955751,Palazzo degli Uffizi
http://www.wikidata.org/entity/Q28093447,Galleria dell'Eneide; Houston Museum of Fine Arts
http://www.wikidata.org/entity/Q28113318,Galleria nazionale d'arte antica
http://www.wikidata.org/entity/Q28113316,Galleria nazionale d'arte antica
http://www.wikidata.org/entity/Q28147005,
http://www.wikidata.org/entity/Q28229077,Galleria Regionale
http://www.wikidata.org/entity/Q28466203,Palazzo degli Uffizi
http://www.wikidata.org/entity/Q28547106,Galleria d'arte moderna di Firenze
http://www.wikidata.org/entity/Q28668222,basilica di Santa Maria del Colle
http://www.wikidata.org/entity/Q28668544,Galleria Palatina
http://www.wikidata.org/entity/Q28798137,Palazzo Rosso
http://www.wikidata.org/entity/Q28803486,Palazzo Rosso
http://www.wikidata.org/entity/Q28803484,Palazzo Rosso
http://www.wikidata.org/entity/Q28803514,Musei di Strada Nuova
http://www.wikidata.org/entity/Q28803759,Musei di Strada Nuova
http://www.wikidata.org/entity/Q28803789,Palazzo Rosso
http://www.wikidata.org/entity/Q28809144,Musei di Strada Nuova; Palazzo Rosso
http://www.wikidata.org/entity/Q28860726,Museo di Saludecio e del beato Amato
http://www.wikidata.org/entity/Q28952741,Palazzo Moroni
http://www.wikidata.org/entity/Q29015025,Italia
http://www.wikidata.org/entity/Q29114098,Museo Correr
http://www.wikidata.org/entity/Q29654663,Pinacoteca Ambrosiana
http://www.wikidata.org/entity/Q29997042,Pinacoteca Nazionale di Bologna
http://www.wikidata.org/entity/Q30031052,palazzo Marliani-Cicogna
http://www.wikidata.org/entity/Q30032029,Palazzo Gilardoni
http://www.wikidata.org/entity/Q30135606,Pinacoteca di Brera
http://www.wikidata.org/entity/Q30605361,Pinacoteca Nazionale di Bologna
http://www.wikidata.org/entity/Q30880011,Gallerie d'Italia – Milano
http://www.wikidata.org/entity/Q30880062,Gallerie d'Italia – Milano
http://www.wikidata.org/entity/Q30880678,Gallerie d'Italia – Milano
http://www.wikidata.org/entity/Q30880889,Accademia Carrara
http://www.wikidata.org/entity/Q30887689,Gallerie d'Italia – Milano
http://www.wikidata.org/entity/Q30887699,Gallerie d'Italia – Milano
http://www.wikidata.org/entity/Q30887987,Gallerie d'Italia – Milano
http://www.wikidata.org/entity/Q31559452,
http://www.wikidata.org/entity/Q32904769,Palazzo degli Uffizi
http://www.wikidata.org/entity/Q34215143,Padiglione Centrale dell'Ospedale di Busto Arsizio
http://www.wikidata.org/entity/Q37027223,Galleria Estense
http://www.wikidata.org/entity/Q40669017,Pinacoteca del Castello Sforzesco
http://www.wikidata.org/entity/Q40691169,Pinacoteca del Castello Sforzesco
http://www.wikidata.org/entity/Q40695411,Italia
http://www.wikidata.org/entity/Q42189297,Museo Bardini
http://www.wikidata.org/entity/Q45361473,Museo di San Marco
http://www.wikidata.org/entity/Q45381203,Pinacoteca nazionale di Siena
http://www.wikidata.org/entity/Q46833514,Accademia Carrara
http://www.wikidata.org/entity/Q46998093,Museo del Novecento
http://www.wikidata.org/entity/Q48388241,Pinacoteca capitolina
http://www.wikidata.org/entity/Q48808515,Museo Correr
http://www.wikidata.org/entity/Q48814933,
http://www.wikidata.org/entity/Q48917755,Palazzo degli Uffizi
http://www.wikidata.org/entity/Q48927682,Palazzo degli Uffizi
http://www.wikidata.org/entity/Q49167284,Palazzo degli Uffizi
http://www.wikidata.org/entity/Q49167493,Palazzo degli Uffizi
http://www.wikidata.org/entity/Q49167697,Palazzo degli Uffizi
http://www.wikidata.org/entity/Q49167869,Palazzo degli Uffizi
http://www.wikidata.org/entity/Q50378007,Palazzo degli Uffizi
http://www.wikidata.org/entity/Q50378015,Palazzo degli Uffizi
http://www.wikidata.org/entity/Q50384906,Palazzo degli Uffizi
http://www.wikidata.org/entity/Q50399525,Palazzo degli Uffizi
http://www.wikidata.org/entity/Q50422860,Palazzo degli Uffizi
http://www.wikidata.org/entity/Q50474718,Palazzo degli Uffizi
http://www.wikidata.org/entity/Q50752920,Palazzo degli Uffizi
http://www.wikidata.org/entity/Q50840293,Palazzo degli Uffizi
http://www.wikidata.org/entity/Q50846578,Palazzo degli Uffizi
http://www.wikidata.org/entity/Q50880887,Pinacoteca Ambrosiana
http://www.wikidata.org/entity/Q50884435,Palazzo degli Uffizi
http://www.wikidata.org/entity/Q50894841,Palazzo degli Uffizi
http://www.wikidata.org/entity/Q50939921,Palazzo degli Uffizi
http://www.wikidata.org/entity/Q51212996,Milano
http://www.wikidata.org/entity/Q51726313,Galleria internazionale d'arte moderna
http://www.wikidata.org/entity/Q51918916,Palazzo Municipale
http://www.wikidata.org/entity/Q52084102,Corridoio Vasariano
http://www.wikidata.org/entity/Q52155208,Palazzo degli Uffizi
http://www.wikidata.org/entity/Q52155641,Galleria d'arte moderna di Firenze
http://www.wikidata.org/entity/Q52157937,Corridoio Vasariano
http://www.wikidata.org/entity/Q52217967,"Museo civico ""Giovanni Fattori"""
http://www.wikidata.org/entity/Q52329690,deposito del museo
http://www.wikidata.org/entity/Q52735921,Livorno
http://www.wikidata.org/entity/Q53560123,Pinacoteca Nazionale di Bologna
http://www.wikidata.org/entity/Q53940665,chiesa di Santo Spirito
http://www.wikidata.org/entity/Q54086391,Galleria Palatina; Sala di Ulisse
http://www.wikidata.org/entity/Q54625897,chiesa di San Luigi Gonzaga
http://www.wikidata.org/entity/Q54811281,Accademia Carrara
http://www.wikidata.org/entity/Q55177712,Galleria d'arte moderna di Firenze
http://www.wikidata.org/entity/Q55814015,
http://www.wikidata.org/entity/Q56043344,Palazzo degli Uffizi
http://www.wikidata.org/entity/Q56062483,Pinacoteca metropolitana di Bari
http://www.wikidata.org/entity/Q56149824,Museo d'arte moderna e contemporanea di Trento e Rovereto
http://www.wikidata.org/entity/Q56258104,
http://www.wikidata.org/entity/Q56258413,
http://www.wikidata.org/entity/Q56318135,Teatro Sociale
http://www.wikidata.org/entity/Q56323639,Palazzo Madama
http://www.wikidata.org/entity/Q56323645,Gallerie dell'Accademia
http://www.wikidata.org/entity/Q56323673,Gallerie dell'Accademia
http://www.wikidata.org/entity/Q56417895,
http://www.wikidata.org/entity/Q56417994,Palazzo degli Uffizi
http://www.wikidata.org/entity/Q56538353,Accademia Carrara
http://www.wikidata.org/entity/Q56599032,
http://www.wikidata.org/entity/Q56776954,chiesa di San Pietro
http://www.wikidata.org/entity/Q57530584,Galleria Borghese
http://www.wikidata.org/entity/Q57623718,Museo di Castelvecchio
http://www.wikidata.org/entity/Q58177339,chiesa di San Martino
http://www.wikidata.org/entity/Q58178579,chiesa di San Martino
http://www.wikidata.org/entity/Q58181750,chiesa di San Giuseppe
http://www.wikidata.org/entity/Q58184717,ospedale di Circolo di Busto Arsizio
http://www.wikidata.org/entity/Q3842594,
http://www.wikidata.org/entity/Q3842673,Pinacoteca civica Tacchi-Venturi
http://www.wikidata.org/entity/Q3842700,Palazzo degli Uffizi
http://www.wikidata.org/entity/Q3842706,chiesa di San Francesco ad Alto; Pinacoteca civica Francesco Podesti
http://www.wikidata.org/entity/Q3842713,Museo parrocchiale di Corridonia
http://www.wikidata.org/entity/Q3842725,Museo diocesano (Ascoli Piceno)
http://www.wikidata.org/entity/Q3862624,chiesa di San Fermo
http://www.wikidata.org/entity/Q3863247,chiostrino dei Voti
http://www.wikidata.org/entity/Q3873244,Museo Civico Archeologico e d'Arte Sacra Palazzo Corboli
http://www.wikidata.org/entity/Q3877894,
http://www.wikidata.org/entity/Q3879242,Gallerie dell'Accademia
http://www.wikidata.org/entity/Q3884948,Scuola di San Giorgio degli Schiavoni
http://www.wikidata.org/entity/Q3885620,Accademia Carrara
http://www.wikidata.org/entity/Q3889195,Galleria Sabauda
http://www.wikidata.org/entity/Q3889203,chiesa di San Francesco ad Alto; Pinacoteca civica Francesco Podesti
http://www.wikidata.org/entity/Q3889211,Pinacoteca di Brera
http://www.wikidata.org/entity/Q3889220,Galleria nazionale delle Marche
http://www.wikidata.org/entity/Q3889229,Palazzo Bosdari
http://www.wikidata.org/entity/Q3889247,musei civici di Pesaro
http://www.wikidata.org/entity/Q3889254,Palazzo degli Uffizi; chiesa di San Barnaba
http://www.wikidata.org/entity/Q3889255,Palazzo Pianetti
http://www.wikidata.org/entity/Q3889253,Pinacoteca di Brera
http://www.wikidata.org/entity/Q3904392,Accademia Carrara
http://www.wikidata.org/entity/Q3904398,Pinacoteca di Brera
http://www.wikidata.org/entity/Q3907344,Gemäldegalerie
http://www.wikidata.org/entity/Q3907497,Pinacoteca di Brera; collegiata di San Medardo
http://www.wikidata.org/entity/Q3908184,Palazzo Trinci
http://www.wikidata.org/entity/Q3910087,Pinacoteca di Brera
http://www.wikidata.org/entity/Q3910913,Palazzo Apostolico; Museo pontificio della Santa Casa
http://www.wikidata.org/entity/Q3921705,Gallerie d'Italia – Milano
http://www.wikidata.org/entity/Q3921912,pinacoteca civica
http://www.wikidata.org/entity/Q3924389,Palazzo degli Uffizi
http://www.wikidata.org/entity/Q3925592,chiostrino dei Voti
http://www.wikidata.org/entity/Q3937080,Pinacoteca di Brera
http://www.wikidata.org/entity/Q3937438,Museo nazionale di Capodimonte
http://www.wikidata.org/entity/Q3937502,
http://www.wikidata.org/entity/Q3937511,
http://www.wikidata.org/entity/Q3937547,Führermuseum; Gallerie Nazionali di Palazzo Spinola; Munich Central Collecting Point
http://www.wikidata.org/entity/Q3937553,Galleria Palatina
http://www.wikidata.org/entity/Q3937561,Museo nazionale di Capodimonte
http://www.wikidata.org/entity/Q3937569,Sala di Marte
http://www.wikidata.org/entity/Q3937598,Accademia Carrara
http://www.wikidata.org/entity/Q3937634,Musei Civici di Monza
http://www.wikidata.org/entity/Q3937643,Museo nazionale di Capodimonte
http://www.wikidata.org/entity/Q3944499,Galleria Palatina
http://www.wikidata.org/entity/Q3944515,Fondazione Magnani-Rocca
http://www.wikidata.org/entity/Q3945254,Palazzo Trinci
http://www.wikidata.org/entity/Q3945710,Palazzo degli Uffizi
http://www.wikidata.org/entity/Q3946910,Palazzo Ducale
http://www.wikidata.org/entity/Q3947013,Palazzo degli Uffizi
http://www.wikidata.org/entity/Q3947064,chiostrino dei Voti
http://www.wikidata.org/entity/Q3947210,Gallerie dell'Accademia
http://www.wikidata.org/entity/Q3947211,Palazzo Cini
http://www.wikidata.org/entity/Q3947277,abbazia di San Giovanni Evangelista
http://www.wikidata.org/entity/Q3947281,Sala di Giove
http://www.wikidata.org/entity/Q3947288,Palazzo degli Uffizi
http://www.wikidata.org/entity/Q3947375,Palazzo degli Uffizi
http://www.wikidata.org/entity/Q3947504,A3 Pittura del Duecento
http://www.wikidata.org/entity/Q3947687,chiesa di Sant'Angelo a Nilo
http://www.wikidata.org/entity/Q3947723,chiesa di Santa Maria dei Carmini
http://www.wikidata.org/entity/Q3947812,Pio Monte della Misericordia
http://www.wikidata.org/entity/Q3948034,abbazia di San Giovanni Evangelista
http://www.wikidata.org/entity/Q3948651,abbazia di San Giovanni Evangelista
http://www.wikidata.org/entity/Q3948701,Quadreria dei Girolamini
http://www.wikidata.org/entity/Q3949208,basilica di Santo Spirito; cappella Bini-Capponi
http://www.wikidata.org/entity/Q3949310,abbazia di San Giovanni Evangelista
http://www.wikidata.org/entity/Q3949373,abbazia di San Giovanni Evangelista
http://www.wikidata.org/entity/Q3949458,chiesa della Santissima Trinità
http://www.wikidata.org/entity/Q3949459,
http://www.wikidata.org/entity/Q3954057,pinacoteca civica
http://www.wikidata.org/entity/Q3967206,chiostrino dei Voti
http://www.wikidata.org/entity/Q3973584,Museo regionale Agostino Pepoli
http://www.wikidata.org/entity/Q3974449,basilica di San Miniato al Monte
http://www.wikidata.org/entity/Q3979950,Palazzo degli Uffizi; Museo di San Marco; Residenza dell'Arte dei Linaioli e Rigattieri
http://www.wikidata.org/entity/Q3979952,basilica di San Pietro
http://www.wikidata.org/entity/Q3979961,Accademia delle arti del disegno
http://www.wikidata.org/entity/Q3981174,Palazzo degli Uffizi; Galleria delle pitture e delle statue degli Uffizi
http://www.wikidata.org/entity/Q3982379,Camposanto monumentale
http://www.wikidata.org/entity/Q3983114,"Pollaiolo, Sala A10"
http://www.wikidata.org/entity/Q3984830,Museo Poldi Pezzoli
http://www.wikidata.org/entity/Q3985169,Pinacoteca di Brera
http://www.wikidata.org/entity/Q3985186,Galleria dell'Accademia
http://www.wikidata.org/entity/Q3985472,Museo di Belle Arti di Budapest
http://www.wikidata.org/entity/Q3992111,Galleria Borghese
http://www.wikidata.org/entity/Q3994163,Palazzo Ducale
http://www.wikidata.org/entity/Q3997723,Museo nazionale di Capodimonte
http://www.wikidata.org/entity/Q3998940,Camposanto monumentale
http://www.wikidata.org/entity/Q3999094,chiesa di San Bartolomeo
http://www.wikidata.org/entity/Q3999095,Basilica di Santa Maria Gloriosa dei Frari
http://www.wikidata.org/entity/Q4006302,Palazzo dei Diamanti
http://www.wikidata.org/entity/Q4010476,Museo dell'Opera del Duomo
http://www.wikidata.org/entity/Q4010941,chiostrino dei Voti
http://www.wikidata.org/entity/Q4014547,sala 0.11 della Pinacoteca Civica di palazzo Volpi
http://www.wikidata.org/entity/Q4015931,chiostrino dei Voti
http://www.wikidata.org/entity/Q4015932,Scuola di San Giorgio degli Schiavoni
http://www.wikidata.org/entity/Q5659648,Scuola Grande di San Rocco
http://www.wikidata.org/entity/Q5954551,Palazzo Cini
http://www.wikidata.org/entity/Q6696013,Vaglio Basilicata
http://www.wikidata.org/entity/Q7232252,Villa del Principe
http://www.wikidata.org/entity/Q7232287,Museo nazionale di Capodimonte
http://www.wikidata.org/entity/Q58185294,Padiglione Centrale dell'Ospedale di Busto Arsizio
http://www.wikidata.org/entity/Q58231270,Roma
http://www.wikidata.org/entity/Q58480176,
http://www.wikidata.org/entity/Q58956093,chiesa di San Pantalon
http://www.wikidata.org/entity/Q59185173,palazzo Marliani-Cicogna
http://www.wikidata.org/entity/Q59185398,palazzo Marliani-Cicogna
http://www.wikidata.org/entity/Q59442235,Museo valtellinese di storia e arte
http://www.wikidata.org/entity/Q59914107,Gemäldegalerie Alte Meister
http://www.wikidata.org/entity/Q60838300,
http://www.wikidata.org/entity/Q61767320,Scuola Grande di San Rocco
http://www.wikidata.org/entity/Q61816747,Galleria d'arte moderna di Milano
http://www.wikidata.org/entity/Q62014629,"museo civico ""Basilio Cascella"""
http://www.wikidata.org/entity/Q62272761,palazzo Marliani-Cicogna
http://www.wikidata.org/entity/Q62476202,Museo napoleonico di Roma
http://www.wikidata.org/entity/Q63476058,chiesa di San Cassiano
http://www.wikidata.org/entity/Q63994924,tempio Civico della Beata Vergine Incoronata
http://www.wikidata.org/entity/Q63995247,chiesa di San Francesco
http://www.wikidata.org/entity/Q64766792,Museo nazionale di Capodimonte
http://www.wikidata.org/entity/Q65610116,Gallerie d'Italia – Milano
http://www.wikidata.org/entity/Q66098687,palazzo Marliani-Cicogna
http://www.wikidata.org/entity/Q67203105,Gallerie dell'Accademia
http://www.wikidata.org/entity/Q67203111,Pinacoteca di Brera
http://www.wikidata.org/entity/Q68704168,palazzo Marliani-Cicogna
http://www.wikidata.org/entity/Q69658139,Museo nazionale di Capodimonte
http://www.wikidata.org/entity/Q69859246,Galleria d'arte moderna di Firenze
http://www.wikidata.org/entity/Q71126799,Pinacoteca Nazionale di Bologna
http://www.wikidata.org/entity/Q74717988,Accademia Carrara
http://www.wikidata.org/entity/Q77310161,Galleria Borghese
http://www.wikidata.org/entity/Q78330040,Pinacoteca civica di Forlì
http://www.wikidata.org/entity/Q78756742,monastero di Santa Maria Assunta
http://www.wikidata.org/entity/Q78783346,monastero di Santa Maria Assunta
http://www.wikidata.org/entity/Q78799218,monastero di Santa Maria Assunta
http://www.wikidata.org/entity/Q78910398,monastero di Santa Maria Assunta
http://www.wikidata.org/entity/Q79020756,chiesa di San Cassiano
http://www.wikidata.org/entity/Q79021384,chiesa di San Francesco della Vigna
http://www.wikidata.org/entity/Q79021962,chiesa di San Giacomo da l'Orio
http://www.wikidata.org/entity/Q79022279,chiesa di San Giovanni Elemosinario
http://www.wikidata.org/entity/Q79022528,chiesa di San Giovanni Elemosinario
http://www.wikidata.org/entity/Q79022983,chiesa dell'Ospedaletto
http://www.wikidata.org/entity/Q79023210,chiesa di San Stae
http://www.wikidata.org/entity/Q79023501,chiesa di San Stae
http://www.wikidata.org/entity/Q79024384,Gallerie dell'Accademia; Fondazione Giorgio Cini; chiesa dei Santi Cosma e Damiano
http://www.wikidata.org/entity/Q79024730,Ca' Rezzonico
http://www.wikidata.org/entity/Q79025062,Ca' Pesaro
http://www.wikidata.org/entity/Q79026167,sagrestia; Basilica di Santa Maria Gloriosa dei Frari
http://www.wikidata.org/entity/Q79151177,Museo napoleonico di Roma
http://www.wikidata.org/entity/Q79859145,Palazzo degli Uffizi
http://www.wikidata.org/entity/Q80824471,Doughty House; Palazzo Cini
http://www.wikidata.org/entity/Q81089309,Doughty House; Palazzo Cini
http://www.wikidata.org/entity/Q86674601,basilica di Santa Maria della Salute
http://www.wikidata.org/entity/Q87469267,pieve di Santa Maria Assunta
http://www.wikidata.org/entity/Q88164010,Musei capitolini
http://www.wikidata.org/entity/Q88416397,chiesa di San Cassiano
http://www.wikidata.org/entity/Q88961191,
http://www.wikidata.org/entity/Q89034154,Palazzo Reale di Genova
http://www.wikidata.org/entity/Q89035643,Galleria Giorgio Franchetti alla Ca' d'Oro
http://www.wikidata.org/entity/Q89039593,Palazzo Rosso
http://www.wikidata.org/entity/Q89697566,Palazzo Rosso
http://www.wikidata.org/entity/Q90291195,Palazzo Rosso
http://www.wikidata.org/entity/Q93520523,chiesa della Santissima Trinità
http://www.wikidata.org/entity/Q93631317,chiesa di Sant'Edoardo; antica chiesa di Santa Croce
http://www.wikidata.org/entity/Q94634547,
http://www.wikidata.org/entity/Q94636244,Pinacoteca Ambrosiana
http://www.wikidata.org/entity/Q96025421,Palazzo degli Uffizi; Galleria Palatina
http://www.wikidata.org/entity/Q96192148,Palazzo di Brera
http://www.wikidata.org/entity/Q97065805,sala 1.7 della Pinacoteca Civica di palazzo Volpi
http://www.wikidata.org/entity/Q97378803,Palazzo Te
http://www.wikidata.org/entity/Q97463134,concattedrale di Acquaviva delle Fonti
http://www.wikidata.org/entity/Q97669288,
http://www.wikidata.org/entity/Q97669846,
http://www.wikidata.org/entity/Q97933450,Palazzo degli Uffizi
http://www.wikidata.org/entity/Q98108204,pieve di San Giovanni Evangelista
http://www.wikidata.org/entity/Q98449585,tempietto di Santa Maria di Colledestro
http://www.wikidata.org/entity/Q98545387,Certosa di San Martino; chiesa della Certosa di San Martino
http://www.wikidata.org/entity/Q98557614,cimitero di Chiusi
http://www.wikidata.org/entity/Q98684801,
http://www.wikidata.org/entity/Q98925578,palazzo Marliani-Cicogna
http://www.wikidata.org/entity/Q98925663,Raccolte d'arte dell'Ospedale Maggiore di Milano
http://www.wikidata.org/entity/Q99323182,Museo Revoltella
http://www.wikidata.org/entity/Q99937752,Cortona
http://www.wikidata.org/entity/Q100273549,Pinacoteca civica di Forlì
http://www.wikidata.org/entity/Q100502707,Palazzo d'Accursio
http://www.wikidata.org/entity/Q101853163,chiesa di San Francesco (Matelica)
http://www.wikidata.org/entity/Q101984696,Galleria nazionale delle Marche
http://www.wikidata.org/entity/Q103823905,Galleria nazionale delle Marche
http://www.wikidata.org/entity/Q103847443,Galleria nazionale delle Marche
http://www.wikidata.org/entity/Q103884105,Sala di Apollo
http://www.wikidata.org/entity/Q104117302,chiesa di Santa Maria delle Grazie
http://www.wikidata.org/entity/Q104832804,Palazzo dei Diamanti; chiesa di Santa Maria in Vado
http://www.wikidata.org/entity/Q104902739,Gallerie d'Italia – Milano
http://www.wikidata.org/entity/Q104963266,Collezione Contini Bonacossi
http://www.wikidata.org/entity/Q104966980,Palazzo Pitti
http://www.wikidata.org/entity/Q104999859,Gallerie d'Italia – Milano
http://www.wikidata.org/entity/Q105001687,Gallerie d'Italia – Milano
http://www.wikidata.org/entity/Q105001950,Gallerie d'Italia – Milano
http://www.wikidata.org/entity/Q105002330,Gallerie d'Italia – Milano
http://www.wikidata.org/entity/Q105005172,Gallerie d'Italia – Milano
http://www.wikidata.org/entity/Q105009573,Gallerie d'Italia – Milano
http://www.wikidata.org/entity/Q105010125,Gallerie d'Italia – Milano
http://www.wikidata.org/entity/Q105010402,Gallerie d'Italia – Milano
http://www.wikidata.org/entity/Q105025725,chiesa di Sant'Agostino
http://www.wikidata.org/entity/Q105070687,Gallerie d'Italia – Milano
http://www.wikidata.org/entity/Q105070700,Gallerie d'Italia – Milano
http://www.wikidata.org/entity/Q105070713,Gallerie d'Italia – Milano
http://www.wikidata.org/entity/Q105544193,chiesa di Santa Maria delle Grazie
http://www.wikidata.org/entity/Q105754329,Museo Correr
http://www.wikidata.org/entity/Q105760555,Ca' Rezzonico; Museo del settecento veneziano
http://www.wikidata.org/entity/Q105773240,Galleria nazionale di Palazzo Corsini
http://www.wikidata.org/entity/Q105882065,chiesa di Santa Maria delle Grazie
http://www.wikidata.org/entity/Q105906293,Museo di Roma a palazzo Braschi
http://www.wikidata.org/entity/Q105942793,chiesa di Santa Maria delle Grazie
http://www.wikidata.org/entity/Q105942808,chiesa di Santa Maria delle Grazie
http://www.wikidata.org/entity/Q106172341,Museo Mario Praz
http://www.wikidata.org/entity/Q106547526,Galleria d'arte moderna di Firenze
http://www.wikidata.org/entity/Q106570155,Palazzo degli Uffizi
http://www.wikidata.org/entity/Q106575251,duomo di Pisa
http://www.wikidata.org/entity/Q106649932,Museo nazionale di Capodimonte
http://www.wikidata.org/entity/Q106684238,Museo nazionale di Capodimonte
http://www.wikidata.org/entity/Q106766906,Museo nazionale di Capodimonte
http://www.wikidata.org/entity/Q106766907,Museo nazionale di Capodimonte
http://www.wikidata.org/entity/Q106857023,Palazzo Ducale
http://www.wikidata.org/entity/Q106863540,Galleria Estense
http://www.wikidata.org/entity/Q107132227,Galleria Palatina
http://www.wikidata.org/entity/Q107171794,Galleria d'arte moderna di Firenze
http://www.wikidata.org/entity/Q107254346,Pinacoteca del Castello Sforzesco
http://www.wikidata.org/entity/Q107273576,Museo nazionale di Capodimonte
http://www.wikidata.org/entity/Q107311733,chiesa di Santa Maria in Selva
http://www.wikidata.org/entity/Q107440131,Ca' Rezzonico
http://www.wikidata.org/entity/Q107467842,Ca' Rezzonico
http://www.wikidata.org/entity/Q107496570,Rocca Estense
http://www.wikidata.org/entity/Q107522400,Gallerie d'Italia – Milano
http://www.wikidata.org/entity/Q107548658,
http://www.wikidata.org/entity/Q107720702,"Museo civico ""Giovanni Fattori"""
http://www.wikidata.org/entity/Q108123187,Palazzo degli Uffizi
http://www.wikidata.org/entity/Q108123188,Palazzo degli Uffizi
http://www.wikidata.org/entity/Q108292260,Galleria Palatina
http://www.wikidata.org/entity/Q108314527,Sala di Apollo
http://www.wikidata.org/entity/Q108321038,Capizzo
http://www.wikidata.org/entity/Q108321039,Magliano Nuovo
http://www.wikidata.org/entity/Q108335985,Collezione Koelliker
http://www.wikidata.org/entity/Q108584832,
http://www.wikidata.org/entity/Q108783372,battistero San Filippo Neri
http://www.wikidata.org/entity/Q108799898,Museo nazionale d'arte medievale e moderna
http://www.wikidata.org/entity/Q108816249,
http://www.wikidata.org/entity/Q108873567,
http://www.wikidata.org/entity/Q108900483,
http://www.wikidata.org/entity/Q108917715,Museo Revoltella
http://www.wikidata.org/entity/Q108917736,Palazzo Reale di Torino
http://www.wikidata.org/entity/Q108921968,Palazzo Bosdari
http://www.wikidata.org/entity/Q108922744,Palazzo Bosdari
http://www.wikidata.org/entity/Q109798688,Palazzo degli Uffizi
http://www.wikidata.org/entity/Q109913006,Villa Necchi Campiglio
http://www.wikidata.org/entity/Q109913050,Galleria d'arte moderna e contemporanea
http://www.wikidata.org/entity/Q109914012,deposito del museo
http://www.wikidata.org/entity/Q109928591,Gallerie dell'Accademia
http://www.wikidata.org/entity/Q109937746,Palazzo della Marra
http://www.wikidata.org/entity/Q110009768,Pinacoteca Ambrosiana
http://www.wikidata.org/entity/Q110015681,Sala di Didone
http://www.wikidata.org/entity/Q110039871,Firenze
http://www.wikidata.org/entity/Q110062892,Raccolte Frugone
http://www.wikidata.org/entity/Q110227186,Galleria dell'Eneide
http://www.wikidata.org/entity/Q110312698,Galleria dell'Eneide
http://www.wikidata.org/entity/Q110382981,Galleria dell'Eneide
http://www.wikidata.org/entity/Q110384990,Gallerie d'Italia – Milano
http://www.wikidata.org/entity/Q110546796,Casa d’Aste Vincent
http://www.wikidata.org/entity/Q110619157,Museo del settecento veneziano
http://www.wikidata.org/entity/Q110626569,Galleria dell'Eneide
http://www.wikidata.org/entity/Q110634767,Galleria dell'Eneide
http://www.wikidata.org/entity/Q110681237,basilica di Sant'Alessandro in Colonna
http://www.wikidata.org/entity/Q110714745,Accademia Carrara
http://www.wikidata.org/entity/Q110770118,Accademia Carrara
http://www.wikidata.org/entity/Q110865329,Galleria dell'Eneide
http://www.wikidata.org/entity/Q110866078,Galleria dell'Eneide
http://www.wikidata.org/entity/Q110867847,Galleria dell'Eneide
http://www.wikidata.org/entity/Q110868028,Roma
http://www.wikidata.org/entity/Q110868273,Galleria dell'Eneide
http://www.wikidata.org/entity/Q110872609,Galleria dell'Eneide
http://www.wikidata.org/entity/Q110872935,Galleria dell'Eneide
http://www.wikidata.org/entity/Q110884929,Palazzo degli Uffizi
http://www.wikidata.org/entity/Q110907328,chiesa di Santa Maria delle Grazie
http://www.wikidata.org/entity/Q110907797,Museo Glauco Lombardi
http://www.wikidata.org/entity/Q111041574,cappella Baroncelli
http://www.wikidata.org/entity/Q111042707,basilica inferiore di San Francesco d'Assisi
http://www.wikidata.org/entity/Q111159651,Museo di palazzo Mansi
http://www.wikidata.org/entity/Q111160508,Museo napoleonico di Roma
http://www.wikidata.org/entity/Q111255373,palazzo della Farnesina
http://www.wikidata.org/entity/Q111255770,Collezione Farnesina Experimenta
http://www.wikidata.org/entity/Q111256129,
http://www.wikidata.org/entity/Q111257029,Palazzo della Ragione
http://www.wikidata.org/entity/Q111308504,Palazzo della Marra
http://www.wikidata.org/entity/Q111485530,
http://www.wikidata.org/entity/Q111485979,chiesa di Sant'Agata Irpina
http://www.wikidata.org/entity/Q111486358,collegiata di San Michele arcangelo
http://www.wikidata.org/entity/Q111486756,collegiata di San Michele Arcangelo
http://www.wikidata.org/entity/Q111486805,collegiata di San Michele Arcangelo
http://www.wikidata.org/entity/Q111486873,collegiata di San Michele Arcangelo
http://www.wikidata.org/entity/Q111508542,Accademia Carrara
http://www.wikidata.org/entity/Q111509018,Pinacoteca nazionale di Ferrara
http://www.wikidata.org/entity/Q111512548,Padiglione Centrale dell'Ospedale di Busto Arsizio
http://www.wikidata.org/entity/Q111577849,
http://www.wikidata.org/entity/Q115839852,Galleria nazionale delle Marche
http://www.wikidata.org/entity/Q115862528,cattedrale di San Giorgio
http://www.wikidata.org/entity/Q115863339,Casa Buonarroti
http://www.wikidata.org/entity/Q115898761,chiesa di Madonna di Campagna
http://www.wikidata.org/entity/Q116259243,
http://www.wikidata.org/entity/Q116259790,Palazzo della Provincia
http://www.wikidata.org/entity/Q116270130,Museo del settecento veneziano
http://www.wikidata.org/entity/Q116414251,Museo Boncompagni Ludovisi per le arti decorative
http://www.wikidata.org/entity/Q116734952,Torino
http://www.wikidata.org/entity/Q116771231,Palazzo degli Uffizi
http://www.wikidata.org/entity/Q116771349,basilica di San Giorgio Maggiore
http://www.wikidata.org/entity/Q116771885,basilica di San Giorgio Maggiore
http://www.wikidata.org/entity/Q116772186,Studiolo di Federico da Montefeltro
http://www.wikidata.org/entity/Q116779908,basilica di San Giorgio Maggiore
http://www.wikidata.org/entity/Q116780072,basilica di San Giorgio Maggiore
http://www.wikidata.org/entity/Q116780670,Museo civico di Modena
http://www.wikidata.org/entity/Q116786123,museo civico delle Cappuccine
http://www.wikidata.org/entity/Q116802769,basilica di San Giorgio Maggiore
http://www.wikidata.org/entity/Q116804064,basilica di San Giorgio Maggiore
http://www.wikidata.org/entity/Q116804839,basilica di San Giorgio Maggiore
http://www.wikidata.org/entity/Q116805369,basilica di San Giorgio Maggiore
http://www.wikidata.org/entity/Q116806301,basilica di San Giorgio Maggiore
http://www.wikidata.org/entity/Q116807092,basilica di San Giorgio Maggiore
http://www.wikidata.org/entity/Q116875391,Palazzo Cini
http://www.wikidata.org/entity/Q116912669,Palazzo degli Uffizi
http://www.wikidata.org/entity/Q116912674,Palazzo degli Uffizi
http://www.wikidata.org/entity/Q116912676,Palazzo degli Uffizi
http://www.wikidata.org/entity/Q116912691,Palazzo degli Uffizi
http://www.wikidata.org/entity/Q116912704,Palazzo degli Uffizi
http://www.wikidata.org/entity/Q116912709,Corridoio Vasariano
http://www.wikidata.org/entity/Q116912724,Palazzo degli Uffizi
http://www.wikidata.org/entity/Q116920763,Palazzo Cini
http://www.wikidata.org/entity/Q116920783,Corridoio Vasariano
http://www.wikidata.org/entity/Q116938047,basilica di San Marco; Pala di San Marco; Fondazione Magnani-Rocca; Palazzo Cini
http://www.wikidata.org/entity/Q116943395,Palazzo Cini
http://www.wikidata.org/entity/Q116943590,chiesa di San Francesco; Palazzo Cini
http://www.wikidata.org/entity/Q116943795,Palazzo Cini
http://www.wikidata.org/entity/Q116944959,Palazzo Cini
http://www.wikidata.org/entity/Q116944960,Palazzo Cini
http://www.wikidata.org/entity/Q116945667,Palazzo Cini
http://www.wikidata.org/entity/Q116955599,Palazzo Cini
http://www.wikidata.org/entity/Q116956495,Castello di Monselice; Palazzo Cini
http://www.wikidata.org/entity/Q116957155,Palazzo Cini
http://www.wikidata.org/entity/Q116968203,Palazzo Cini
http://www.wikidata.org/entity/Q116968267,Castello di Monselice; Palazzo Cini
http://www.wikidata.org/entity/Q116984810,Castello di Monselice; Villa Le Corti; Palazzo Cini
http://www.wikidata.org/entity/Q116984873,chiesa di San Francesco; Palazzo Cini
http://www.wikidata.org/entity/Q116985089,Palazzo Cini
http://www.wikidata.org/entity/Q116985263,Minneapolis Institute of Art; Galleria di Palazzo Cini
http://www.wikidata.org/entity/Q116985325,Palazzo Cini
http://www.wikidata.org/entity/Q116985346,Palazzo Cini
http://www.wikidata.org/entity/Q116989564,Palazzo Cini
http://www.wikidata.org/entity/Q116990427,Palazzo Cini
http://www.wikidata.org/entity/Q116991105,Palazzo Cini
http://www.wikidata.org/entity/Q116991906,Palazzo Cini
http://www.wikidata.org/entity/Q116992418,Palazzo Cini
http://www.wikidata.org/entity/Q116993372,Galleria di Palazzo Cini
http://www.wikidata.org/entity/Q116993384,basilica di San Petronio; Palazzo Cini
http://www.wikidata.org/entity/Q116993417,basilica di San Petronio; Palazzo Cini
http://www.wikidata.org/entity/Q116994722,Palazzo Cini
http://www.wikidata.org/entity/Q116994793,Palazzo Cini
http://www.wikidata.org/entity/Q116995512,Augusteum; Frederik Muller & Co; Palazzo Cini
http://www.wikidata.org/entity/Q117005860,Palazzo Cini
http://www.wikidata.org/entity/Q117005926,Palazzo Cini
http://www.wikidata.org/entity/Q117005980,Palazzo Cini
http://www.wikidata.org/entity/Q117023915,chiesa di Sant'Andrea Apostolo
http://www.wikidata.org/entity/Q117024956,chiesa di Sant'Andrea Apostolo
http://www.wikidata.org/entity/Q117034670,Palazzo Cini
http://www.wikidata.org/entity/Q117034906,Palazzo Cini
http://www.wikidata.org/entity/Q117034996,Palazzo Cini
http://www.wikidata.org/entity/Q117035037,Palazzo Cini
http://www.wikidata.org/entity/Q117035093,Palazzo Cini
http://www.wikidata.org/entity/Q117040607,Palazzo Cini
http://www.wikidata.org/entity/Q117041748,Castello di Monselice; Galleria di Palazzo Cini
http://www.wikidata.org/entity/Q117041785,chiesa di San Giovanni Battista in San Domenico
http://www.wikidata.org/entity/Q117042320,Palazzo Cini
http://www.wikidata.org/entity/Q117042984,Palazzo Cini
http://www.wikidata.org/entity/Q117043780,chiesa di San Giovanni Battista in San Domenico
http://www.wikidata.org/entity/Q117043824,Palazzo Cini
http://www.wikidata.org/entity/Q117044144,chiesa di San Giovanni Battista in San Domenico
http://www.wikidata.org/entity/Q117051271,santuario di Nostra Signora della Misericordia
http://www.wikidata.org/entity/Q117051307,santuario di Nostra Signora della Misericordia
http://www.wikidata.org/entity/Q117051343,Cattedrale di Nostra Signora Assunta
http://www.wikidata.org/entity/Q117051893,santuario di Nostra Signora della Misericordia
http://www.wikidata.org/entity/Q117052364,santuario di Nostra Signora della Misericordia
http://www.wikidata.org/entity/Q117086849,Palazzo Pallavicini Rospigliosi
http://www.wikidata.org/entity/Q117086888,Collezioni d'arte della Fondazione Cariplo
http://www.wikidata.org/entity/Q117086924,Collezioni d'arte della Fondazione Cariplo
http://www.wikidata.org/entity/Q117086970,Ospedale San Gerardo vecchio (Monza)
http://www.wikidata.org/entity/Q117161791,Museo d'arte di Palazzo Gavotti
http://www.wikidata.org/entity/Q117162400,Museo d'arte di Palazzo Gavotti
http://www.wikidata.org/entity/Q117164043,Museo d'arte di Palazzo Gavotti
http://www.wikidata.org/entity/Q117188285,Museo Correr
http://www.wikidata.org/entity/Q117304805,Galleria Sabauda
http://www.wikidata.org/entity/Q117323711,Museo Poldi Pezzoli
http://www.wikidata.org/entity/Q117338080,Accademia Carrara
http://www.wikidata.org/entity/Q117382014,Galleria Palatina
http://www.wikidata.org/entity/Q117408489,Palazzo Pitti
http://www.wikidata.org/entity/Q117408743,Museo d'arte di Palazzo Gavotti
http://www.wikidata.org/entity/Q117408881,Museo d'arte di Palazzo Gavotti
http://www.wikidata.org/entity/Q117427024,Palazzo Vecchio
http://www.wikidata.org/entity/Q117428285,Museo d'arte di Palazzo Gavotti
http://www.wikidata.org/entity/Q117428543,Museo d'arte di Palazzo Gavotti
http://www.wikidata.org/entity/Q117428772,Museo d'arte di Palazzo Gavotti
http://www.wikidata.org/entity/Q117430308,Museo d'arte di Palazzo Gavotti
http://www.wikidata.org/entity/Q117430437,Museo d'arte di Palazzo Gavotti
http://www.wikidata.org/entity/Q117447676,monastero di San Clemente
http://www.wikidata.org/entity/Q117470090,certosa di Firenze
http://www.wikidata.org/entity/Q117615645,pinacoteca civica
http://www.wikidata.org/entity/Q117708969,Casa Buonarroti
http://www.wikidata.org/entity/Q117715996,basilica di Santa Maria Novella
http://www.wikidata.org/entity/Q117753177,Palazzo d'Arco
http://www.wikidata.org/entity/Q117756937,Musei civici di Palazzo Buonaccorsi
http://www.wikidata.org/entity/Q117797593,Corridoio Vasariano
http://www.wikidata.org/entity/Q117803973,Pinacoteca nazionale di Ferrara
http://www.wikidata.org/entity/Q117826019,Museo civico di Modena
http://www.wikidata.org/entity/Q117832067,Museo nazionale di Capodimonte
http://www.wikidata.org/entity/Q117834449,Museo nazionale d'arte medievale e moderna
http://www.wikidata.org/entity/Q117834473,Museo nazionale d'arte medievale e moderna
http://www.wikidata.org/entity/Q117834509,Palazzo Medici Riccardi
http://www.wikidata.org/entity/Q117834674,Palazzo Medici Riccardi
http://www.wikidata.org/entity/Q117834758,Palazzo Medici Riccardi
http://www.wikidata.org/entity/Q117834806,Palazzo Medici Riccardi
http://www.wikidata.org/entity/Q117834885,Palazzo Medici Riccardi
http://www.wikidata.org/entity/Q117848663,Palazzo Medici Riccardi
http://www.wikidata.org/entity/Q117848759,Palazzo Medici Riccardi
http://www.wikidata.org/entity/Q117848804,Palazzo Medici Riccardi
http://www.wikidata.org/entity/Q117848843,Palazzo Medici Riccardi
http://www.wikidata.org/entity/Q117848873,Palazzo Medici Riccardi
http://www.wikidata.org/entity/Q117849453,chiesa di Santa Lucia dei Magnoli
http://www.wikidata.org/entity/Q117849868,
http://www.wikidata.org/entity/Q117850467,chiesa di San Remigio
http://www.wikidata.org/entity/Q117949491,basilica di San Lorenzo
http://www.wikidata.org/entity/Q117950829,Palazzo degli Uffizi
http://www.wikidata.org/entity/Q118121260,Palazzo Spada
http://www.wikidata.org/entity/Q118138029,museo della città di Acquapendente
http://www.wikidata.org/entity/Q118140584,Museo Boncompagni Ludovisi per le arti decorative
http://www.wikidata.org/entity/Q118273001,santuario di Nostra Signora della Misericordia
http://www.wikidata.org/entity/Q118277328,santuario di Nostra Signora della Misericordia
http://www.wikidata.org/entity/Q118287906,Palazzo Rosso
http://www.wikidata.org/entity/Q118368958,Palazzo Grimani di Santa Maria Formosa
http://www.wikidata.org/entity/Q118383381,Palazzo degli Uffizi
http://www.wikidata.org/entity/Q118383458,Palazzo degli Uffizi
http://www.wikidata.org/entity/Q118384137,convento delle Oblate Ospitaliere Francescane di Monna Tessa
http://www.wikidata.org/entity/Q118398891,basilica di San Petronio
http://www.wikidata.org/entity/Q118399101,chiesa di San Giovanni in Monte
http://www.wikidata.org/entity/Q118522639,Palazzo di Brera
http://www.wikidata.org/entity/Q118522898,complesso di Santa Cristina della Fondazza
http://www.wikidata.org/entity/Q118590751,basilica di Santa Croce
http://www.wikidata.org/entity/Q118601577,chiesa di San Giovanni Decollato
http://www.wikidata.org/entity/Q118605466,Museo nazionale d'arte medievale e moderna
http://www.wikidata.org/entity/Q118606399,Museo nazionale d'arte medievale e moderna
http://www.wikidata.org/entity/Q118611138,Palazzo degli Uffizi
http://www.wikidata.org/entity/Q118641092,badia delle Sante Flora e Lucilla
http://www.wikidata.org/entity/Q118675903,cattedrale di San Martino
http://www.wikidata.org/entity/Q118678052,chiesa di Santo Spirito in Sassia
http://www.wikidata.org/entity/Q118680631,Museo di Castelvecchio
http://www.wikidata.org/entity/Q118724762,basilica di Santa Maria della Salute
http://www.wikidata.org/entity/Q118725088,chiesa di San Francesco della Vigna
http://www.wikidata.org/entity/Q118725638,Basilica di Santa Maria Gloriosa dei Frari
http://www.wikidata.org/entity/Q118822913,Galleria dell'Accademia
http://www.wikidata.org/entity/Q118835177,Palazzo Ducale
http://www.wikidata.org/entity/Q118868275,chiesa di Santa Maria dell'Anima
http://www.wikidata.org/entity/Q118869818,
http://www.wikidata.org/entity/Q118873919,Galleria delle pitture e delle statue degli Uffizi
http://www.wikidata.org/entity/Q118898180,Museo Adriano Bernareggi
http://www.wikidata.org/entity/Q118905108,Palazzo Barberini; casino Del Bufalo
http://www.wikidata.org/entity/Q118978047,Casa Buonarroti
http://www.wikidata.org/entity/Q119008888,Spedale degli Innocenti
http://www.wikidata.org/entity/Q119010849,cappella Grimani
http://www.wikidata.org/entity/Q119157243,Palazzo Vecchio
http://www.wikidata.org/entity/Q119164762,Palazzo degli Uffizi
http://www.wikidata.org/entity/Q119169372,Galleria d'arte moderna di Firenze
http://www.wikidata.org/entity/Q119292565,cattedrale di Napoli
http://www.wikidata.org/entity/Q119353076,Pinacoteca di Brera
http://www.wikidata.org/entity/Q119398059,Gipsoteca canoviana
http://www.wikidata.org/entity/Q119404568,basilica di San Lorenzo in Damaso
http://www.wikidata.org/entity/Q119406125,tesoro dei Granduchi
http://www.wikidata.org/entity/Q119443390,Museo di Palazzo Pretorio
http://www.wikidata.org/entity/Q119443609,Museo di Palazzo Pretorio
http://www.wikidata.org/entity/Q119493466,Museo nazionale di Capodimonte
http://www.wikidata.org/entity/Q119496040,Corridoio Vasariano
http://www.wikidata.org/entity/Q119574411,Museo di San Marco
http://www.wikidata.org/entity/Q119702756,Pinacoteca Nazionale di Bologna; deposito del museo
http://www.wikidata.org/entity/Q119819515,basilica di San Giacomo Maggiore; cappella Bentivoglio
http://www.wikidata.org/entity/Q119846277,
http://www.wikidata.org/entity/Q120311223,Galleria nazionale dell'Umbria
http://www.wikidata.org/entity/Q120317949,Galleria nazionale dell'Umbria
http://www.wikidata.org/entity/Q120401056,tesoro dei Granduchi
http://www.wikidata.org/entity/Q120488471,Gallerie dell'Accademia
http://www.wikidata.org/entity/Q120488611,Gallerie dell'Accademia
http://www.wikidata.org/entity/Q120488851,Gallerie dell'Accademia
http://www.wikidata.org/entity/Q120489814,Museo diocesano di Cortona
http://www.wikidata.org/entity/Q120509133,chiesa dei frati cappuccini
http://www.wikidata.org/entity/Q120509521,chiesa dei frati cappuccini
http://www.wikidata.org/entity/Q120509789,chiesa dei frati cappuccini
http://www.wikidata.org/entity/Q120598525,Gallerie dell'Accademia
http://www.wikidata.org/entity/Q120598716,Gallerie dell'Accademia
http://www.wikidata.org/entity/Q120763322,Palazzo Barberini
http://www.wikidata.org/entity/Q120766339,Palazzo Barberini
http://www.wikidata.org/entity/Q124079494,Padiglione Centrale dell'Ospedale di Busto Arsizio
http://www.wikidata.org/entity/Q124083860,Padiglione Centrale dell'Ospedale di Busto Arsizio
http://www.wikidata.org/entity/Q124084281,Padiglione Centrale dell'Ospedale di Busto Arsizio
http://www.wikidata.org/entity/Q124086041,Padiglione Centrale dell'Ospedale di Busto Arsizio
http://www.wikidata.org/entity/Q124086306,Padiglione Centrale dell'Ospedale di Busto Arsizio
http://www.wikidata.org/entity/Q124086626,Padiglione Centrale dell'Ospedale di Busto Arsizio
http://www.wikidata.org/entity/Q124087802,Padiglione Centrale dell'Ospedale di Busto Arsizio
http://www.wikidata.org/entity/Q124091771,Padiglione Centrale dell'Ospedale di Busto Arsizio
http://www.wikidata.org/entity/Q124092399,Padiglione Centrale dell'Ospedale di Busto Arsizio
http://www.wikidata.org/entity/Q124092672,Padiglione Centrale dell'Ospedale di Busto Arsizio
http://www.wikidata.org/entity/Q124097861,Padiglione Centrale dell'Ospedale di Busto Arsizio
http://www.wikidata.org/entity/Q124098297,Padiglione Centrale dell'Ospedale di Busto Arsizio
http://www.wikidata.org/entity/Q124100563,Galleria Borghese
http://www.wikidata.org/entity/Q124101877,Padiglione Centrale dell'Ospedale di Busto Arsizio
http://www.wikidata.org/entity/Q124101956,Padiglione Centrale dell'Ospedale di Busto Arsizio
http://www.wikidata.org/entity/Q124150884,Padiglione Centrale dell'Ospedale di Busto Arsizio
http://www.wikidata.org/entity/Q124151090,Padiglione Centrale dell'Ospedale di Busto Arsizio
http://www.wikidata.org/entity/Q124152267,Sala di Venere
http://www.wikidata.org/entity/Q124154199,Padiglione Centrale dell'Ospedale di Busto Arsizio
http://www.wikidata.org/entity/Q124154228,Padiglione Centrale dell'Ospedale di Busto Arsizio
http://www.wikidata.org/entity/Q124210379,Palazzo Buonaccorsi; Palazzo Barberini
http://www.wikidata.org/entity/Q124218595,Galleria Borghese
http://www.wikidata.org/entity/Q124246612,Collezione Contini Bonacossi
http://www.wikidata.org/entity/Q124248182,Galleria Borghese
http://www.wikidata.org/entity/Q124256182,Accademia delle arti del disegno
http://www.wikidata.org/entity/Q124286611,Galleria Palatina
http://www.wikidata.org/entity/Q124287319,
http://www.wikidata.org/entity/Q124287594,
http://www.wikidata.org/entity/Q124288119,Pinacoteca Ambrosiana
http://www.wikidata.org/entity/Q124307433,Galleria d'arte moderna Ricci Oddi
http://www.wikidata.org/entity/Q124307821,Galleria d'arte moderna Ricci Oddi
http://www.wikidata.org/entity/Q124316070,Accademia Carrara
http://www.wikidata.org/entity/Q124321743,deposito del museo
http://www.wikidata.org/entity/Q124348363,Palazzo Buonaccorsi
http://www.wikidata.org/entity/Q124348745,Palazzo Buonaccorsi
http://www.wikidata.org/entity/Q124349538,Villa Buonaccorsi
http://www.wikidata.org/entity/Q124369794,palazzo della Pilotta
http://www.wikidata.org/entity/Q124498236,Raccolte d'arte dell'Ospedale Maggiore di Milano
http://www.wikidata.org/entity/Q124499426,Raccolte d'arte dell'Ospedale Maggiore di Milano
http://www.wikidata.org/entity/Q124537391,deposito del museo
http://www.wikidata.org/entity/Q124538450,Galleria nazionale di Palazzo Corsini
http://www.wikidata.org/entity/Q124627974,Museo nazionale d'Abruzzo
http://www.wikidata.org/entity/Q124629543,Palazzo degli Uffizi
http://www.wikidata.org/entity/Q124630700,Museo d'arte contemporanea del castello di Rivoli
http://www.wikidata.org/entity/Q124652229,Galleria internazionale d'arte moderna
http://www.wikidata.org/entity/Q124652592,Galleria d'arte moderna di Firenze
http://www.wikidata.org/entity/Q124662452,Museo nazionale della scienza e della tecnologia Leonardo da Vinci
http://www.wikidata.org/entity/Q124662574,Raccolte d'arte dell'Ospedale Maggiore di Milano
http://www.wikidata.org/entity/Q124663036,Raccolte d'arte dell'Ospedale Maggiore di Milano
http://www.wikidata.org/entity/Q124664892,Accademia di belle arti di Brera
http://www.wikidata.org/entity/Q124686467,Il Cardello Casa Oriani
http://www.wikidata.org/entity/Q124719736,Palazzo degli Uffizi
http://www.wikidata.org/entity/Q124721106,Palazzo degli Uffizi
http://www.wikidata.org/entity/Q124723493,Palazzo degli Uffizi
http://www.wikidata.org/entity/Q124724283,Palazzo Colonna
http://www.wikidata.org/entity/Q124726116,Palazzo degli Uffizi
http://www.wikidata.org/entity/Q124726300,Palazzo degli Uffizi
http://www.wikidata.org/entity/Q124736928,Palazzo degli Uffizi
http://www.wikidata.org/entity/Q124738743,Galleria Palatina
http://www.wikidata.org/entity/Q124801581,Galleria Palatina
http://www.wikidata.org/entity/Q124884546,palazzo pretorio
http://www.wikidata.org/entity/Q124902982,Palazzo Pitti
http://www.wikidata.org/entity/Q124922865,Galleria dell'Accademia
http://www.wikidata.org/entity/Q124962542,Galleria Palatina
http://www.wikidata.org/entity/Q124981334,Palazzo Pitti
http://www.wikidata.org/entity/Q125102834,Museo Revoltella
http://www.wikidata.org/entity/Q125107060,Museo Revoltella
http://www.wikidata.org/entity/Q125116690,Museo Revoltella
http://www.wikidata.org/entity/Q125144993,Palazzo degli Uffizi
http://www.wikidata.org/entity/Q125170382,Palazzo degli Uffizi
http://www.wikidata.org/entity/Q125176302,Museo Revoltella
http://www.wikidata.org/entity/Q125189520,
http://www.wikidata.org/entity/Q125208945,Museo Revoltella
http://www.wikidata.org/entity/Q125266586,cattedrale di Santa Maria Assunta
http://www.wikidata.org/entity/Q125293980,Museo di Castelvecchio
http://www.wikidata.org/entity/Q125298817,sala 0.12 della Pinacoteca Civica di palazzo Volpi
http://www.wikidata.org/entity/Q125387269,Galleria Palatina
http://www.wikidata.org/entity/Q125399429,Siena
http://www.wikidata.org/entity/Q125490773,Museo Fortuny
http://www.wikidata.org/entity/Q125599554,Museo nazionale di San Martino
http://www.wikidata.org/entity/Q125678611,Palazzo della Marra
http://www.wikidata.org/entity/Q125679589,Palazzo della Marra
http://www.wikidata.org/entity/Q125692333,sala 1.1 della Pinacoteca Civica di palazzo Volpi
http://www.wikidata.org/entity/Q125704254,Museo nazionale di Capodimonte
http://www.wikidata.org/entity/Q125728210,Palazzo della Marra
http://www.wikidata.org/entity/Q125774997,palazzo Bianco
http://www.wikidata.org/entity/Q125775011,palazzo Bianco
http://www.wikidata.org/entity/Q125775038,
http://www.wikidata.org/entity/Q125775039,palazzo Bianco
http://www.wikidata.org/entity/Q125775114,palazzo Bianco
http://www.wikidata.org/entity/Q125775115,palazzo Bianco
http://www.wikidata.org/entity/Q125775113,palazzo Bianco
http://www.wikidata.org/entity/Q125775116,
http://www.wikidata.org/entity/Q125794511,palazzo Bianco
http://www.wikidata.org/entity/Q125809444,chiesa di San Francesco della Vigna
http://www.wikidata.org/entity/Q125811262,chiesa di Sant'Ambrogio
http://www.wikidata.org/entity/Q125811807,chiesa di Sant'Ambrogio
http://www.wikidata.org/entity/Q125811962,chiesa di Sant'Ambrogio
http://www.wikidata.org/entity/Q125812539,chiesa di Sant'Ambrogio
http://www.wikidata.org/entity/Q125813029,chiesa di Sant'Ambrogio
http://www.wikidata.org/entity/Q125813094,chiesa di Sant'Ambrogio
http://www.wikidata.org/entity/Q125813375,chiesa di Sant'Ambrogio
http://www.wikidata.org/entity/Q125813475,chiesa di Sant'Ambrogio
http://www.wikidata.org/entity/Q125813876,chiesa di Sant'Ambrogio
http://www.wikidata.org/entity/Q125863783,Roma; Busto Arsizio
http://www.wikidata.org/entity/Q125938897,sala 0.11 della Pinacoteca Civica di palazzo Volpi
http://www.wikidata.org/entity/Q125973048,Accademia Carrara
http://www.wikidata.org/entity/Q125973990,Accademia Carrara
http://www.wikidata.org/entity/Q125974248,Pinacoteca del Castello Sforzesco
http://www.wikidata.org/entity/Q126093976,Galleria Palatina
http://www.wikidata.org/entity/Q126127358,
http://www.wikidata.org/entity/Q126127672,Pinacoteca Nazionale di Bologna
http://www.wikidata.org/entity/Q126208372,palazzo Bianco
http://www.wikidata.org/entity/Q126208398,palazzo Bianco
http://www.wikidata.org/entity/Q126208411,palazzo Bianco
http://www.wikidata.org/entity/Q126215082,palazzo Bianco
http://www.wikidata.org/entity/Q126260153,basilica di Santa Maria di Nazareth
http://www.wikidata.org/entity/Q126284170,sala 0.11 della Pinacoteca Civica di palazzo Volpi
http://www.wikidata.org/entity/Q126284172,sala 0.11 della Pinacoteca Civica di palazzo Volpi
http://www.wikidata.org/entity/Q126284178,sala 0.12 della Pinacoteca Civica di palazzo Volpi
http://www.wikidata.org/entity/Q126284177,sala 0.12 della Pinacoteca Civica di palazzo Volpi
http://www.wikidata.org/entity/Q126284182,sala 0.12 della Pinacoteca Civica di palazzo Volpi
http://www.wikidata.org/entity/Q126284183,sala 0.12 della Pinacoteca Civica di palazzo Volpi
http://www.wikidata.org/entity/Q126284180,sala 0.12 della Pinacoteca Civica di palazzo Volpi
http://www.wikidata.org/entity/Q126284181,sala 0.12 della Pinacoteca Civica di palazzo Volpi
http://www.wikidata.org/entity/Q126284187,sala 0.12 della Pinacoteca Civica di palazzo Volpi
http://www.wikidata.org/entity/Q126284185,sala 0.12 della Pinacoteca Civica di palazzo Volpi
http://www.wikidata.org/entity/Q126284191,sala 0.12 della Pinacoteca Civica di palazzo Volpi
http://www.wikidata.org/entity/Q126284189,sala 0.12 della Pinacoteca Civica di palazzo Volpi
http://www.wikidata.org/entity/Q126284194,sala 0.12 della Pinacoteca Civica di palazzo Volpi
http://www.wikidata.org/entity/Q126284192,sala 0.12 della Pinacoteca Civica di palazzo Volpi
http://www.wikidata.org/entity/Q126284193,sala 0.12 della Pinacoteca Civica di palazzo Volpi
http://www.wikidata.org/entity/Q126284198,sala 0.12 della Pinacoteca Civica di palazzo Volpi
http://www.wikidata.org/entity/Q126284199,sala 0.12 della Pinacoteca Civica di palazzo Volpi
http://www.wikidata.org/entity/Q126284196,sala 0.12 della Pinacoteca Civica di palazzo Volpi
http://www.wikidata.org/entity/Q126284197,sala 0.12 della Pinacoteca Civica di palazzo Volpi
http://www.wikidata.org/entity/Q126284206,sala 0.13 della Pinacoteca Civica di palazzo Volpi
http://www.wikidata.org/entity/Q126284207,sala 0.13 della Pinacoteca Civica di palazzo Volpi
http://www.wikidata.org/entity/Q126284226,sala 0.13 della Pinacoteca Civica di palazzo Volpi
http://www.wikidata.org/entity/Q126284230,sala 1.2 della Pinacoteca Civica di palazzo Volpi
http://www.wikidata.org/entity/Q126284231,sala 1.2 della Pinacoteca Civica di palazzo Volpi
http://www.wikidata.org/entity/Q126284228,sala 1.1 della Pinacoteca Civica di palazzo Volpi
http://www.wikidata.org/entity/Q126284229,sala 1.1 della Pinacoteca Civica di palazzo Volpi
http://www.wikidata.org/entity/Q126284234,sala 1.2 della Pinacoteca Civica di palazzo Volpi
http://www.wikidata.org/entity/Q126284232,sala 1.2 della Pinacoteca Civica di palazzo Volpi
http://www.wikidata.org/entity/Q126284233,sala 1.2 della Pinacoteca Civica di palazzo Volpi
http://www.wikidata.org/entity/Q126284238,sala 1.3 della Pinacoteca Civica di palazzo Volpi
http://www.wikidata.org/entity/Q126284237,sala 1.3 della Pinacoteca Civica di palazzo Volpi
http://www.wikidata.org/entity/Q126284242,sala 1.4 della Pinacoteca Civica di palazzo Volpi
http://www.wikidata.org/entity/Q126284243,sala 1.4 della Pinacoteca Civica di palazzo Volpi
http://www.wikidata.org/entity/Q126284240,sala 1.3 della Pinacoteca Civica di palazzo Volpi
http://www.wikidata.org/entity/Q126284241,sala 1.3 della Pinacoteca Civica di palazzo Volpi
http://www.wikidata.org/entity/Q126284246,sala 1.4 della Pinacoteca Civica di palazzo Volpi
http://www.wikidata.org/entity/Q126284247,sala 1.4 della Pinacoteca Civica di palazzo Volpi
http://www.wikidata.org/entity/Q126284244,sala 1.4 della Pinacoteca Civica di palazzo Volpi
http://www.wikidata.org/entity/Q126284245,sala 1.4 della Pinacoteca Civica di palazzo Volpi
http://www.wikidata.org/entity/Q126284250,sala 1.5 della Pinacoteca Civica di palazzo Volpi
http://www.wikidata.org/entity/Q126284251,sala 1.5 della Pinacoteca Civica di palazzo Volpi
http://www.wikidata.org/entity/Q126284249,sala 1.5 della Pinacoteca Civica di palazzo Volpi
http://www.wikidata.org/entity/Q126284255,sala 1.6 della Pinacoteca Civica di palazzo Volpi
http://www.wikidata.org/entity/Q126284252,sala 1.5 della Pinacoteca Civica di palazzo Volpi
http://www.wikidata.org/entity/Q126284258,sala 1.6 della Pinacoteca Civica di palazzo Volpi
http://www.wikidata.org/entity/Q126284256,sala 1.6 della Pinacoteca Civica di palazzo Volpi
http://www.wikidata.org/entity/Q126284257,sala 1.6 della Pinacoteca Civica di palazzo Volpi
http://www.wikidata.org/entity/Q126284263,sala 1.7 della Pinacoteca Civica di palazzo Volpi
http://www.wikidata.org/entity/Q126284260,sala 1.7 della Pinacoteca Civica di palazzo Volpi
http://www.wikidata.org/entity/Q126284261,sala 1.7 della Pinacoteca Civica di palazzo Volpi
http://www.wikidata.org/entity/Q126284267,sala 1.7 della Pinacoteca Civica di palazzo Volpi
http://www.wikidata.org/entity/Q126284264,sala 1.7 della Pinacoteca Civica di palazzo Volpi
http://www.wikidata.org/entity/Q126284265,sala 1.7 della Pinacoteca Civica di palazzo Volpi
http://www.wikidata.org/entity/Q126284270,sala 1.7 della Pinacoteca Civica di palazzo Volpi
http://www.wikidata.org/entity/Q126284269,sala 1.7 della Pinacoteca Civica di palazzo Volpi
http://www.wikidata.org/entity/Q126284274,sala 1.8 della Pinacoteca Civica di palazzo Volpi
http://www.wikidata.org/entity/Q126284275,sala 1.8 della Pinacoteca Civica di palazzo Volpi
http://www.wikidata.org/entity/Q126284272,sala 1.8 della Pinacoteca Civica di palazzo Volpi
http://www.wikidata.org/entity/Q126284278,sala 1.8 della Pinacoteca Civica di palazzo Volpi
http://www.wikidata.org/entity/Q126284279,sala 1.8 della Pinacoteca Civica di palazzo Volpi
http://www.wikidata.org/entity/Q126284277,sala 1.8 della Pinacoteca Civica di palazzo Volpi
http://www.wikidata.org/entity/Q126284282,sala 1.9 della Pinacoteca Civica di palazzo Volpi
http://www.wikidata.org/entity/Q126284283,sala 1.9 della Pinacoteca Civica di palazzo Volpi
http://www.wikidata.org/entity/Q126284281,sala 1.8 della Pinacoteca Civica di palazzo Volpi
http://www.wikidata.org/entity/Q126284286,sala 1.9 della Pinacoteca Civica di palazzo Volpi
http://www.wikidata.org/entity/Q126284284,sala 1.9 della Pinacoteca Civica di palazzo Volpi
http://www.wikidata.org/entity/Q126284285,sala 1.9 della Pinacoteca Civica di palazzo Volpi
http://www.wikidata.org/entity/Q126284288,sala 1.9 della Pinacoteca Civica di palazzo Volpi
http://www.wikidata.org/entity/Q126284294,sala 1.10 della Pinacoteca Civica di palazzo Volpi
http://www.wikidata.org/entity/Q126284295,sala 1.10 della Pinacoteca Civica di palazzo Volpi
http://www.wikidata.org/entity/Q126284293,sala 1.9 della Pinacoteca Civica di palazzo Volpi
http://www.wikidata.org/entity/Q126284298,sala 1.10 della Pinacoteca Civica di palazzo Volpi
http://www.wikidata.org/entity/Q126284299,sala 1.10 della Pinacoteca Civica di palazzo Volpi
http://www.wikidata.org/entity/Q126284296,sala 1.10 della Pinacoteca Civica di palazzo Volpi
http://www.wikidata.org/entity/Q126284297,sala 1.10 della Pinacoteca Civica di palazzo Volpi
http://www.wikidata.org/entity/Q126284303,sala 1.10 della Pinacoteca Civica di palazzo Volpi
http://www.wikidata.org/entity/Q126284300,sala 1.10 della Pinacoteca Civica di palazzo Volpi
http://www.wikidata.org/entity/Q126284301,sala 1.10 della Pinacoteca Civica di palazzo Volpi
http://www.wikidata.org/entity/Q126284306,sala 1.10 della Pinacoteca Civica di palazzo Volpi
http://www.wikidata.org/entity/Q126284305,sala 1.10 della Pinacoteca Civica di palazzo Volpi
http://www.wikidata.org/entity/Q126284308,scalone della Pinacoteca Civica di palazzo Volpi
http://www.wikidata.org/entity/Q126284309,corridoio del secondo piano della Pinacoteca Civica di palazzo Volpi
http://www.wikidata.org/entity/Q126284314,sala 2.4 della Pinacoteca Civica di palazzo Volpi
http://www.wikidata.org/entity/Q120793977,Palazzo Vecchio
http://www.wikidata.org/entity/Q120822987,deposito del museo
http://www.wikidata.org/entity/Q120884863,
http://www.wikidata.org/entity/Q120884895,Gallerie dell'Accademia
http://www.wikidata.org/entity/Q120900571,chiesa del Sacro Cuore e San Giacomo di Carignano
http://www.wikidata.org/entity/Q120903815,pieve di Sant'Andrea
http://www.wikidata.org/entity/Q120968113,palazzo della Pilotta
http://www.wikidata.org/entity/Q120968282,palazzo della Pilotta
http://www.wikidata.org/entity/Q120968550,palazzo della Pilotta
http://www.wikidata.org/entity/Q120968767,palazzo della Pilotta
http://www.wikidata.org/entity/Q120968914,palazzo della Pilotta
http://www.wikidata.org/entity/Q120985002,Palazzo Barberini
http://www.wikidata.org/entity/Q121050640,oratorio di Nostra Signora Assunta
http://www.wikidata.org/entity/Q121064292,complesso della Madonna della Ripa
http://www.wikidata.org/entity/Q121064630,complesso della Madonna della Ripa
http://www.wikidata.org/entity/Q121065902,complesso della Madonna della Ripa
http://www.wikidata.org/entity/Q121066043,complesso della Madonna della Ripa
http://www.wikidata.org/entity/Q121450256,Palazzo degli Uffizi
http://www.wikidata.org/entity/Q121462678,Galleria Palatina
http://www.wikidata.org/entity/Q121504941,palazzo Bianco
http://www.wikidata.org/entity/Q121546107,Monastero dell'Escorial
http://www.wikidata.org/entity/Q121678655,Galleria nazionale di Palazzo Corsini
http://www.wikidata.org/entity/Q121685223,Pinacoteca Egidio Martini
http://www.wikidata.org/entity/Q121689728,Villa Farnesina
http://www.wikidata.org/entity/Q121692401,palazzo Bianco
http://www.wikidata.org/entity/Q121735048,Cappella di Palazzo Buonaccorsi
http://www.wikidata.org/entity/Q121780997,Palazzo Buonaccorsi
http://www.wikidata.org/entity/Q121811406,Palazzo Buonaccorsi
http://www.wikidata.org/entity/Q121995915,Ca' Rezzonico
http://www.wikidata.org/entity/Q122227973,Museo del settecento veneziano
http://www.wikidata.org/entity/Q122615548,Galleria d'arte moderna di Firenze
http://www.wikidata.org/entity/Q122617360,deposito del museo
http://www.wikidata.org/entity/Q122730307,Accademia nazionale di San Luca
http://www.wikidata.org/entity/Q122733370,Galleria Palatina
http://www.wikidata.org/entity/Q122740583,abbazia di Santa Maria del Monte
http://www.wikidata.org/entity/Q122764699,tesoro dei Granduchi
http://www.wikidata.org/entity/Q122912807,Galleria d'arte moderna di Firenze
http://www.wikidata.org/entity/Q122948136,Corridoio Vasariano
http://www.wikidata.org/entity/Q122965388,Galleria d'arte moderna di Firenze
http://www.wikidata.org/entity/Q123036459,Albergo dei Poveri
http://www.wikidata.org/entity/Q123052486,Museo Revoltella
http://www.wikidata.org/entity/Q123052559,Museo Revoltella
http://www.wikidata.org/entity/Q123055325,Palazzo Barberini
http://www.wikidata.org/entity/Q123146252,Pinacoteca Nazionale di Bologna
http://www.wikidata.org/entity/Q123178580,Museo nazionale di Capodimonte
http://www.wikidata.org/entity/Q123200931,Museo di Castelvecchio
http://www.wikidata.org/entity/Q123200938,Museo di Castelvecchio
http://www.wikidata.org/entity/Q123200940,Museo di Castelvecchio
http://www.wikidata.org/entity/Q123201359,Museo di Roma a palazzo Braschi
http://www.wikidata.org/entity/Q123258249,Galleria d'arte moderna di Milano
http://www.wikidata.org/entity/Q123260093,Galleria d'arte moderna di Firenze
http://www.wikidata.org/entity/Q123301255,Collezioni comunali d'arte di Bologna
http://www.wikidata.org/entity/Q123313948,Galleria d'arte moderna di Firenze
http://www.wikidata.org/entity/Q123314103,Galleria d'arte moderna di Firenze
http://www.wikidata.org/entity/Q123328738,Galleria d'arte moderna di Firenze
http://www.wikidata.org/entity/Q123338940,Corridoio Vasariano
http://www.wikidata.org/entity/Q123375075,Palazzo degli Uffizi
http://www.wikidata.org/entity/Q123416410,Firenze
http://www.wikidata.org/entity/Q123416461,Firenze
http://www.wikidata.org/entity/Q123416548,Firenze
http://www.wikidata.org/entity/Q123416954,Firenze
http://www.wikidata.org/entity/Q123416994,Firenze
http://www.wikidata.org/entity/Q123417018,Firenze
http://www.wikidata.org/entity/Q123418628,Firenze
http://www.wikidata.org/entity/Q123419057,Firenze
http://www.wikidata.org/entity/Q123419096,Firenze
http://www.wikidata.org/entity/Q123419116,Firenze
http://www.wikidata.org/entity/Q123419220,Firenze
http://www.wikidata.org/entity/Q123419237,Firenze
http://www.wikidata.org/entity/Q123419285,Firenze
http://www.wikidata.org/entity/Q123419324,Firenze
http://www.wikidata.org/entity/Q123419384,Firenze; Fondazione Cassa di Risparmio di Firenze
http://www.wikidata.org/entity/Q123419421,Firenze
http://www.wikidata.org/entity/Q123422898,
http://www.wikidata.org/entity/Q123457362,Gallerie dell'Accademia
http://www.wikidata.org/entity/Q123457371,Gallerie dell'Accademia
http://www.wikidata.org/entity/Q123457388,Gallerie dell'Accademia
http://www.wikidata.org/entity/Q123457393,Gallerie dell'Accademia
http://www.wikidata.org/entity/Q123457399,Gallerie dell'Accademia
http://www.wikidata.org/entity/Q123458625,Palazzo Castiglioni
http://www.wikidata.org/entity/Q123462848,Castello Reale di Racconigi
http://www.wikidata.org/entity/Q123480115,Galleria Palatina
http://www.wikidata.org/entity/Q123562848,Museo di Castelvecchio
http://www.wikidata.org/entity/Q123671285,Galleria nazionale delle Marche
http://www.wikidata.org/entity/Q123709241,Palazzo Reale
http://www.wikidata.org/entity/Q123709348,Museo civico di Piacenza
http://www.wikidata.org/entity/Q123741888,Collezione BPER Banca
http://www.wikidata.org/entity/Q123751969,Galleria Palatina
http://www.wikidata.org/entity/Q123753616,Galleria Palatina
http://www.wikidata.org/entity/Q123754396,Sala di Apollo
http://www.wikidata.org/entity/Q123912954,Palazzo degli Uffizi
http://www.wikidata.org/entity/Q124038605,palazzo del Quirinale
http://www.wikidata.org/entity/Q124039068,Palazzo Colonna
http://www.wikidata.org/entity/Q124039121,Biblioteca comunale Classense
http://www.wikidata.org/entity/Q124039323,Pinacoteca Nazionale di Bologna
http://www.wikidata.org/entity/Q124043063,Accademia nazionale di San Luca
http://www.wikidata.org/entity/Q124056690,pinacoteca civica
http://www.wikidata.org/entity/Q124069413,Padiglione Centrale dell'Ospedale di Busto Arsizio
http://www.wikidata.org/entity/Q124069583,Padiglione Centrale dell'Ospedale di Busto Arsizio
http://www.wikidata.org/entity/Q124069753,Padiglione Centrale dell'Ospedale di Busto Arsizio
http://www.wikidata.org/entity/Q111593419,Ca' Rezzonico; Museo del settecento veneziano
http://www.wikidata.org/entity/Q111718624,Palazzo Chigi
http://www.wikidata.org/entity/Q111738668,Pinacoteca Museo della Collegiata di Sant'Andrea
http://www.wikidata.org/entity/Q111803475,Museo Revoltella
http://www.wikidata.org/entity/Q111972094,Galleria Nazionale d'Arte Moderna e Contemporanea
http://www.wikidata.org/entity/Q111976882,
http://www.wikidata.org/entity/Q112007402,basilica di San Giorgio Maggiore
http://www.wikidata.org/entity/Q112034219,Pinacoteca di Brera
http://www.wikidata.org/entity/Q112034223,Pinacoteca di Brera
http://www.wikidata.org/entity/Q112074870,sede storica della Cassa di Risparmio di Firenze
http://www.wikidata.org/entity/Q112075694,Palazzo Ducale
http://www.wikidata.org/entity/Q112109956,Palazzo degli Uffizi
http://www.wikidata.org/entity/Q112110434,Castello Reale di Racconigi
http://www.wikidata.org/entity/Q112122261,Museo Pio IX
http://www.wikidata.org/entity/Q112125081,Spoleto
http://www.wikidata.org/entity/Q112133371,chiesa di Santa Maria Assunta in Cielo
http://www.wikidata.org/entity/Q112133543,chiesa di Santa Maria Assunta in Cielo
http://www.wikidata.org/entity/Q112228996,Palazzo Pitti
http://www.wikidata.org/entity/Q112675085,basilica di Santa Maria delle Vigne
http://www.wikidata.org/entity/Q112798481,Museo diocesano di Senigallia
http://www.wikidata.org/entity/Q112958938,Accademia Carrara
http://www.wikidata.org/entity/Q113005931,Pinacoteca Nazionale di Bologna
http://www.wikidata.org/entity/Q113006398,basilica di San Giorgio Maggiore
http://www.wikidata.org/entity/Q113016417,Galleria Spada
http://www.wikidata.org/entity/Q113328601,Galleria d'arte moderna di Milano
http://www.wikidata.org/entity/Q113328821,Museo del settecento veneziano
http://www.wikidata.org/entity/Q113444533,collezione privata
http://www.wikidata.org/entity/Q113465655,
http://www.wikidata.org/entity/Q113465666,
http://www.wikidata.org/entity/Q113550634,Museo Revoltella
http://www.wikidata.org/entity/Q113825024,Sala di Giove
http://www.wikidata.org/entity/Q113878786,Palazzo Rosso
http://www.wikidata.org/entity/Q113988555,Molo
http://www.wikidata.org/entity/Q114065222,duomo di Fidenza
http://www.wikidata.org/entity/Q114241461,Corridoio Vasariano
http://www.wikidata.org/entity/Q114417179,Galleria nazionale delle Marche; Convento di San Francesco
http://www.wikidata.org/entity/Q114417792,Galleria Borghese
http://www.wikidata.org/entity/Q114601165,chiesa della Madonna dell'Orto
http://www.wikidata.org/entity/Q114647508,Castello Reale di Racconigi
http://www.wikidata.org/entity/Q114647547,Palazzo degli Uffizi; Munich Central Collecting Point
http://www.wikidata.org/entity/Q114770904,Galleria Sabauda
http://www.wikidata.org/entity/Q114772679,Basilica cattedrale di San Ciriaco; convento di Santa Palazia; Palazzo Bosdari
http://www.wikidata.org/entity/Q114775095,Pinacoteca Nazionale di Bologna
http://www.wikidata.org/entity/Q114793365,Ca' Pesaro; Galleria internazionale d'arte moderna
http://www.wikidata.org/entity/Q114807998,Novara
http://www.wikidata.org/entity/Q114811811,Novara
http://www.wikidata.org/entity/Q114825983,Palazzo Bosdari
http://www.wikidata.org/entity/Q114857806,Palazzo degli Uffizi
http://www.wikidata.org/entity/Q114859027,Palazzo degli Uffizi
http://www.wikidata.org/entity/Q114863216,Pinacoteca Nazionale di Bologna
http://www.wikidata.org/entity/Q114869573,MAG Museo Alto Garda
http://www.wikidata.org/entity/Q114937054,Palazzo Bosdari
http://www.wikidata.org/entity/Q115041810,Pinacoteca comunale di Cesena
http://www.wikidata.org/entity/Q115067483,
http://www.wikidata.org/entity/Q115102928,Raccolte d'arte dell'Ospedale Maggiore di Milano
http://www.wikidata.org/entity/Q115110979,Palazzo Colonna
http://www.wikidata.org/entity/Q115153302,Musei civici di Palazzo Buonaccorsi
http://www.wikidata.org/entity/Q115153353,Musei civici di Palazzo Buonaccorsi
http://www.wikidata.org/entity/Q115192337,Museo diocesano
http://www.wikidata.org/entity/Q115193266,Museo diocesano
http://www.wikidata.org/entity/Q115206624,Musei civici di Palazzo Buonaccorsi
http://www.wikidata.org/entity/Q115249957,Palazzo Bosdari
http://www.wikidata.org/entity/Q115326515,chiesa di Santa Maria in Vallicella
http://www.wikidata.org/entity/Q115327275,Palazzo Barberini
http://www.wikidata.org/entity/Q115329022,Palazzo Barberini
http://www.wikidata.org/entity/Q115350433,Palazzo Bosdari
http://www.wikidata.org/entity/Q115363544,Palazzo Barberini
http://www.wikidata.org/entity/Q115380883,musei civici di Pesaro
http://www.wikidata.org/entity/Q115382052,Palazzo Malatestiano
http://www.wikidata.org/entity/Q115390601,Milano
http://www.wikidata.org/entity/Q115430770,Galleria Palatina
http://www.wikidata.org/entity/Q115431741,Galleria Palatina
http://www.wikidata.org/entity/Q115434462,Museo nazionale di Capodimonte
http://www.wikidata.org/entity/Q115452504,Palazzo Bosdari
http://www.wikidata.org/entity/Q115453601,Corridoio Vasariano
http://www.wikidata.org/entity/Q115456457,Sala di Prometeo
http://www.wikidata.org/entity/Q115470798,Sala di Clemente VII
http://www.wikidata.org/entity/Q115484898,Galleria dell'Eneide
http://www.wikidata.org/entity/Q115512129,Galleria dell'Eneide
http://www.wikidata.org/entity/Q115522910,Galleria dell'Eneide
http://www.wikidata.org/entity/Q115555506,Galleria dell'Eneide
http://www.wikidata.org/entity/Q115589005,Castello Sforzesco
http://www.wikidata.org/entity/Q115589179,santuario di Montevergine
http://www.wikidata.org/entity/Q115652286,Palazzo degli Uffizi
http://www.wikidata.org/entity/Q115659447,Corridoio Vasariano
http://www.wikidata.org/entity/Q115662781,Corridoio Vasariano
http://www.wikidata.org/entity/Q115669298,Palazzo Bosdari
http://www.wikidata.org/entity/Q115680005,Museo nazionale di Villa Guinigi
http://www.wikidata.org/entity/Q115707472,chiesa di Santa Maria delle Grazie
http://www.wikidata.org/entity/Q115727218,Palazzo Pitti; Palazzo Venturi Ginori
http://www.wikidata.org/entity/Q115770576,Spedale degli Innocenti
http://www.wikidata.org/entity/Q115776591,Palazzo Toschi Mosca
http://www.wikidata.org/entity/Q115783769,Galleria dell'Eneide
http://www.wikidata.org/entity/Q115787659,Sala di Venere
http://www.wikidata.org/entity/Q115788237,Galleria d'arte moderna di Firenze
http://www.wikidata.org/entity/Q115789803,palazzo Bossi Bocchi
http://www.wikidata.org/entity/Q115796466,Galleria nazionale delle Marche
http://www.wikidata.org/entity/Q115798316,Palazzo Rosso
http://www.wikidata.org/entity/Q115821855,Galleria nazionale delle Marche
http://www.wikidata.org/entity/Q115821974,Galleria nazionale delle Marche
http://www.wikidata.org/entity/Q126284315,sala 2.4 della Pinacoteca Civica di palazzo Volpi
http://www.wikidata.org/entity/Q126284312,sala 2.3 della Pinacoteca Civica di palazzo Volpi
http://www.wikidata.org/entity/Q126284313,sala 2.3 della Pinacoteca Civica di palazzo Volpi
http://www.wikidata.org/entity/Q126284318,sala 2.4 della Pinacoteca Civica di palazzo Volpi
http://www.wikidata.org/entity/Q126284316,sala 2.4 della Pinacoteca Civica di palazzo Volpi
http://www.wikidata.org/entity/Q126284317,sala 2.4 della Pinacoteca Civica di palazzo Volpi
http://www.wikidata.org/entity/Q126284322,sala 2.4 della Pinacoteca Civica di palazzo Volpi
http://www.wikidata.org/entity/Q126284320,sala 2.4 della Pinacoteca Civica di palazzo Volpi
http://www.wikidata.org/entity/Q126284326,sala 2.4 della Pinacoteca Civica di palazzo Volpi
http://www.wikidata.org/entity/Q126284329,sala 2.4 della Pinacoteca Civica di palazzo Volpi
http://www.wikidata.org/entity/Q126284355,sala 2.7 della Pinacoteca Civica di palazzo Volpi
http://www.wikidata.org/entity/Q126284357,sala 2.7 della Pinacoteca Civica di palazzo Volpi
http://www.wikidata.org/entity/Q126284383,sala 2.8 della Pinacoteca Civica di palazzo Volpi
http://www.wikidata.org/entity/Q126284380,sala 2.8 della Pinacoteca Civica di palazzo Volpi
http://www.wikidata.org/entity/Q126284381,sala 2.8 della Pinacoteca Civica di palazzo Volpi
http://www.wikidata.org/entity/Q126284386,sala 2.8 della Pinacoteca Civica di palazzo Volpi
http://www.wikidata.org/entity/Q126284387,sala 2.8 della Pinacoteca Civica di palazzo Volpi
http://www.wikidata.org/entity/Q126284384,sala 2.8 della Pinacoteca Civica di palazzo Volpi
http://www.wikidata.org/entity/Q126284385,sala 2.8 della Pinacoteca Civica di palazzo Volpi
http://www.wikidata.org/entity/Q126284388,sala 2.8 della Pinacoteca Civica di palazzo Volpi
http://www.wikidata.org/entity/Q126284389,sala 2.8 della Pinacoteca Civica di palazzo Volpi
http://www.wikidata.org/entity/Q126284622,sala 2.4 della Pinacoteca Civica di palazzo Volpi
http://www.wikidata.org/entity/Q126310903,Museo del settecento veneziano
http://www.wikidata.org/entity/Q126329804,palazzo Bianco
http://www.wikidata.org/entity/Q126331546,palazzo Bianco
http://www.wikidata.org/entity/Q126331548,palazzo Bianco
http://www.wikidata.org/entity/Q126368575,Palazzo Rosso
http://www.wikidata.org/entity/Q126371885,
http://www.wikidata.org/entity/Q126456502,palazzo Bianco
http://www.wikidata.org/entity/Q126456503,palazzo Bianco
http://www.wikidata.org/entity/Q126456506,palazzo Bianco
http://www.wikidata.org/entity/Q126456507,palazzo Bianco
http://www.wikidata.org/entity/Q126456505,
http://www.wikidata.org/entity/Q126456508,palazzo Bianco
http://www.wikidata.org/entity/Q126456514,palazzo Bianco
http://www.wikidata.org/entity/Q126456515,palazzo Bianco
http://www.wikidata.org/entity/Q126456516,palazzo Bianco
http://www.wikidata.org/entity/Q126456517,palazzo Bianco
http://www.wikidata.org/entity/Q126456526,Palazzo Rosso
http://www.wikidata.org/entity/Q126456555,chiesa dei frati cappuccini
http://www.wikidata.org/entity/Q126513924,Museo diocesano di Padova
http://www.wikidata.org/entity/Q126633287,Palazzo Rosso
http://www.wikidata.org/entity/Q126680509,palazzo Bianco
http://www.wikidata.org/entity/Q126709512,deposito del museo
http://www.wikidata.org/entity/Q126721550,Pinacoteca di Brera
http://www.wikidata.org/entity/Q126727120,oratorio di San Bernardino
http://www.wikidata.org/entity/Q126727184,palazzo Bianco
http://www.wikidata.org/entity/Q126727198,tomba di Archimede
http://www.wikidata.org/entity/Q126891336,Il Liberty e la rivoluzione europea delle arti
http://www.wikidata.org/entity/Q126918076,Accademia Carrara
http://www.wikidata.org/entity/Q127327807,collezione privata
http://www.wikidata.org/entity/Q127433409,Galleria nazionale delle Marche
http://www.wikidata.org/entity/Q127442026,Accademia nazionale di San Luca
http://www.wikidata.org/entity/Q127564377,Galleria d'arte moderna di Milano
http://www.wikidata.org/entity/Q127695958,basilica dei Santi Giovanni e Paolo
http://www.wikidata.org/entity/Q127790733,Museo dell'Accademia Etrusca e della città di Cortona
http://www.wikidata.org/entity/Q127985499,chiesa di San Francesco della Vigna
http://www.wikidata.org/entity/Q127985981,Pinacoteca Nazionale di Bologna
http://www.wikidata.org/entity/Q128124962,Castello Reale di Racconigi
http://www.wikidata.org/entity/Q128495286,Galleria Nazionale d'Arte Moderna e Contemporanea
http://www.wikidata.org/entity/Q128783484,Museo di Castelvecchio
http://www.wikidata.org/entity/Q128810133,chiesa di Santa Maria in Fontibus
http://www.wikidata.org/entity/Q128941201,santuario di Nostra Signora di Pontelungo
http://www.wikidata.org/entity/Q129199340,Museo Correr
http://www.wikidata.org/entity/Q129487042,Galleria comunale d'arte moderna e contemporanea
http://www.wikidata.org/entity/Q129500713,Pinacoteca Nazionale di Bologna
http://www.wikidata.org/entity/Q129507208,Palazzo Corsini alla Lungara
http://www.wikidata.org/entity/Q129977163,Galleria Estense
http://www.wikidata.org/entity/Q130212907,Galleria nazionale di Parma
http://www.wikidata.org/entity/Q130213077,Palazzo degli Uffizi
http://www.wikidata.org/entity/Q130213160,Palazzo degli Uffizi
http://www.wikidata.org/entity/Q130214332,Museo di Castelvecchio
http://www.wikidata.org/entity/Q130221017,deposito del museo
http://www.wikidata.org/entity/Q130234284,Certosa di Pavia
http://www.wikidata.org/entity/Q130335034,Museo della Società di esecutori di pie disposizioni
http://www.wikidata.org/entity/Q130369461,Reggia di Capodimonte
http://www.wikidata.org/entity/Q130375844,Palazzo Vecchio
http://www.wikidata.org/entity/Q130394364,Gallerie d'Italia – Milano
http://www.wikidata.org/entity/Q130467776,Museo di palazzo Mansi
http://www.wikidata.org/entity/Q130492308,chiesa di Santa Maria in Vallicella
http://www.wikidata.org/entity/Q130515982,Sala dell'Iliade
http://www.wikidata.org/entity/Q130536956,Pinacoteca civica
http://www.wikidata.org/entity/Q130537073,Galleria nazionale delle Marche
http://www.wikidata.org/entity/Q130552524,Museo nazionale di Capodimonte
http://www.wikidata.org/entity/Q130642202,Pinacoteca di Brera; basilica di San Vitale
http://www.wikidata.org/entity/Q130999230,Museo diocesano (Genova)
http://www.wikidata.org/entity/Q131011027,chiesa di San Maurizio al Monastero Maggiore
http://www.wikidata.org/entity/Q131100772,chiesa dei Gesuati
http://www.wikidata.org/entity/Q131154939,Museo dell'Ottocento (Ferrara); Palazzo Massari
http://www.wikidata.org/entity/Q131325204,Museo delle Terme di Diocleziano
http://www.wikidata.org/entity/Q131340770,Galleria Palatina
http://www.wikidata.org/entity/Q131349567,Museo del Cenacolo di Andrea del Sarto
http://www.wikidata.org/entity/Q131350054,Palazzo Colonna
http://www.wikidata.org/entity/Q131351071,Palazzo Colonna
http://www.wikidata.org/entity/Q131354901,Galleria Palatina
http://www.wikidata.org/entity/Q131356481,deposito del museo
http://www.wikidata.org/entity/Q131362573,Pinacoteca nazionale di Ferrara
http://www.wikidata.org/entity/Q131367847,Santa Maria delle Grazie
http://www.wikidata.org/entity/Q131395036,Palazzo degli Uffizi
http://www.wikidata.org/entity/Q131414320,Museo del Cenacolo di Andrea del Sarto
http://www.wikidata.org/entity/Q131414321,Museo diocesano (Genova)
http://www.wikidata.org/entity/Q131414326,basilica di Santa Trinita
http://www.wikidata.org/entity/Q131414433,Museo del settecento veneziano
http://www.wikidata.org/entity/Q131421438,Galleria Giorgio Franchetti alla Ca' d'Oro
http://www.wikidata.org/entity/Q131421566,convento presso la Basilica di San Domenico
http://www.wikidata.org/entity/Q131421567,convento presso la Basilica di San Domenico
http://www.wikidata.org/entity/Q131421565,chiesa di Santa Maria in Vallicella
http://www.wikidata.org/entity/Q131421570,cappella dei Magi
http://www.wikidata.org/entity/Q131421571,Museo del Cenacolo di Andrea del Sarto
http://www.wikidata.org/entity/Q131422002,sacrestia della basilica dei Santi Giovanni e Paolo
http://www.wikidata.org/entity/Q131422003,Pinacoteca nazionale di Ferrara
http://www.wikidata.org/entity/Q131422007,Fondazione Magnani-Rocca
http://www.wikidata.org/entity/Q131422004,chiesa di Santa Maria in Vallicella
http://www.wikidata.org/entity/Q131422010,Spedale degli Innocenti
http://www.wikidata.org/entity/Q131422011,Fondazione Magnani-Rocca
http://www.wikidata.org/entity/Q131422008,Pinacoteca Nazionale di Bologna
http://www.wikidata.org/entity/Q131422009,Scuola Grande di San Rocco
http://www.wikidata.org/entity/Q131422014,Pinacoteca Nazionale di Bologna
http://www.wikidata.org/entity/Q131422015,Museo della città di Bettona
http://www.wikidata.org/entity/Q131422012,chiesa di Santa Croce al Pino
http://www.wikidata.org/entity/Q131422013,Museo Civico Archeologico e d'Arte Sacra Palazzo Corboli
http://www.wikidata.org/entity/Q131422018,Pinacoteca Nazionale di Bologna
http://www.wikidata.org/entity/Q131422019,ex chiesa di San Giovanni Battista
http://www.wikidata.org/entity/Q131422016,"Civica Pinacoteca ""il Guercino"""
http://www.wikidata.org/entity/Q131422017,Museo di San Domenico
http://www.wikidata.org/entity/Q131422022,chiesa di San Trovaso
http://www.wikidata.org/entity/Q131422020,basilica di San Lorenzo
http://www.wikidata.org/entity/Q131422021,Galleria delle pitture e delle statue degli Uffizi
http://www.wikidata.org/entity/Q131422030,Museo nazionale romano di palazzo Massimo
http://www.wikidata.org/entity/Q131422031,Museo nazionale romano di palazzo Massimo
http://www.wikidata.org/entity/Q131422028,Museo nazionale romano di palazzo Massimo
http://www.wikidata.org/entity/Q131422029,Museo nazionale romano di palazzo Massimo
http://www.wikidata.org/entity/Q131422036,Galleria all'aperto dell'affresco di Arcumeggia
http://www.wikidata.org/entity/Q131449651,Villa La Petraia
http://www.wikidata.org/entity/Q131449654,Palazzo Pepoli Campogrande
http://www.wikidata.org/entity/Q131449662,Fondazione Elisabetta Sgarbi
http://www.wikidata.org/entity/Q131449660,Pinacoteca Querini Stampalia
http://www.wikidata.org/entity/Q131449661,Galleria all'aperto dell'affresco di Arcumeggia
http://www.wikidata.org/entity/Q131449667,
http://www.wikidata.org/entity/Q131449675,Galleria Palatina
http://www.wikidata.org/entity/Q131449678,Galleria delle pitture e delle statue degli Uffizi
http://www.wikidata.org/entity/Q131449679,Museo Correr
http://www.wikidata.org/entity/Q131449676,Pinacoteca nazionale di Siena
http://www.wikidata.org/entity/Q131449680,Palazzo Colonna
http://www.wikidata.org/entity/Q131449695,Raccolte Frugone
http://www.wikidata.org/entity/Q131449693,Museo diocesano d'arte sacra
http://www.wikidata.org/entity/Q131449700,Biblioteca nazionale Marciana
http://www.wikidata.org/entity/Q131449706,Villa del Principe
http://www.wikidata.org/entity/Q131449707,museo di Casa Romei
http://www.wikidata.org/entity/Q131449704,Raccolte Frugone
http://www.wikidata.org/entity/Q131449705,Galleria delle pitture e delle statue degli Uffizi
http://www.wikidata.org/entity/Q131450079,Galleria delle pitture e delle statue degli Uffizi
http://www.wikidata.org/entity/Q131450082,Gallerie dell'Accademia
http://www.wikidata.org/entity/Q131450086,Palazzo Ducale
http://www.wikidata.org/entity/Q131450087,Museo di San Marco
http://www.wikidata.org/entity/Q131450084,Museo dell'Accademia Etrusca e della città di Cortona
http://www.wikidata.org/entity/Q131450085,Museo di arte sacra della Val d'Arbia
http://www.wikidata.org/entity/Q131450090,Galleria nazionale dell'Umbria
http://www.wikidata.org/entity/Q131450089,Pinacoteca Nazionale di Bologna
http://www.wikidata.org/entity/Q131450094,chiesa di Santa Maria in Vado
http://www.wikidata.org/entity/Q131450095,Museo diocesano di Nola
http://www.wikidata.org/entity/Q131450092,chiesa di San Michele del Gesù
http://www.wikidata.org/entity/Q131450093,Galleria delle pitture e delle statue degli Uffizi
http://www.wikidata.org/entity/Q131450098,chiesa di Santa Maria in Vallicella
http://www.wikidata.org/entity/Q131450099,Pinacoteca Museo della Collegiata di Sant'Andrea
http://www.wikidata.org/entity/Q131450096,Museo dell'Opera del Duomo
http://www.wikidata.org/entity/Q131450103,Museo di Palazzo Pretorio
http://www.wikidata.org/entity/Q131450100,chiesa di San Francesco a Ripa
http://www.wikidata.org/entity/Q131450107,chiesa di Santa Maria Nuova
http://www.wikidata.org/entity/Q131450104,Museo di Palazzo Pretorio
http://www.wikidata.org/entity/Q131450105,Museo nazionale di Capodimonte
http://www.wikidata.org/entity/Q131450111,Pinacoteca Nazionale di Bologna
http://www.wikidata.org/entity/Q131450108,Pinacoteca Nazionale di Bologna
http://www.wikidata.org/entity/Q131450109,basilica di San Siro
http://www.wikidata.org/entity/Q131450114,Galleria Giorgio Franchetti alla Ca' d'Oro
http://www.wikidata.org/entity/Q131450115,chiesa di Ognissanti
http://www.wikidata.org/entity/Q131450112,duomo di Cividale
http://www.wikidata.org/entity/Q131450118,Galleria Napoletana del Museo di Capodimonte
http://www.wikidata.org/entity/Q131450119,villa Cagnola
http://www.wikidata.org/entity/Q131450116,Museo del Cenacolo di Andrea del Sarto
http://www.wikidata.org/entity/Q131450122,museo civico di Pescia
http://www.wikidata.org/entity/Q131450123,chiesa di Santa Maria a Poppiena
http://www.wikidata.org/entity/Q131450120,Pinacoteca e Museo civico di Camerino
http://www.wikidata.org/entity/Q131450126,Pantheon
http://www.wikidata.org/entity/Q131450127,basilica di Santa Maria sopra Minerva
http://www.wikidata.org/entity/Q131450124,Galleria nazionale delle Marche
http://www.wikidata.org/entity/Q131450125,Gallerie dell'Accademia
http://www.wikidata.org/entity/Q131450134,Museo nazionale di Ravenna
http://www.wikidata.org/entity/Q131450135,Museo nazionale di Ravenna
http://www.wikidata.org/entity/Q131450132,cappella del Rosario
http://www.wikidata.org/entity/Q131450133,Museo diocesano (Genova)
http://www.wikidata.org/entity/Q131450138,Museo Poldi Pezzoli
http://www.wikidata.org/entity/Q131450136,pinacoteca civica e galleria d'arte contemporanea
http://www.wikidata.org/entity/Q131450142,Galleria nazionale dell'Umbria
http://www.wikidata.org/entity/Q131450146,Palazzo Rosso
http://www.wikidata.org/entity/Q131450144,Pinacoteca civica di Forlì
http://www.wikidata.org/entity/Q131450145,Pinacoteca civica di Forlì
http://www.wikidata.org/entity/Q131450151,
http://www.wikidata.org/entity/Q131450148,chiesa di San Martino
http://www.wikidata.org/entity/Q131450149,basilica di Santa Maria Novella
http://www.wikidata.org/entity/Q131604558,Pinacoteca Nazionale di Bologna
http://www.wikidata.org/entity/Q131604557,Museo di Palazzo Pretorio
http://www.wikidata.org/entity/Q131604561,Palazzo Ducale
http://www.wikidata.org/entity/Q131604566,Accademia nazionale di San Luca
http://www.wikidata.org/entity/Q131604568,Palazzo Te
http://www.wikidata.org/entity/Q131604569,Palazzo Ducale
http://www.wikidata.org/entity/Q131604575,Sala di Venere
http://www.wikidata.org/entity/Q131604582,Villa La Petraia
http://www.wikidata.org/entity/Q131604586,Villa Baldi
http://www.wikidata.org/entity/Q131604589,Villa Gandino
http://www.wikidata.org/entity/Q131604610,Quadreria di Casa Martelli
http://www.wikidata.org/entity/Q131613578,cappella del Rosario
http://www.wikidata.org/entity/Q131613579,Gallerie dell'Accademia
http://www.wikidata.org/entity/Q131613582,Museo diocesano (Genova)
http://www.wikidata.org/entity/Q131613581,Pinacoteca Nazionale di Bologna
http://www.wikidata.org/entity/Q131613590,Ca' Rezzonico
http://www.wikidata.org/entity/Q131613591,Galleria all'aperto dell'affresco di Arcumeggia
http://www.wikidata.org/entity/Q131613594,Galleria all'aperto dell'affresco di Arcumeggia
http://www.wikidata.org/entity/Q131613592,Galleria all'aperto dell'affresco di Arcumeggia
http://www.wikidata.org/entity/Q131613593,Galleria all'aperto dell'affresco di Arcumeggia
http://www.wikidata.org/entity/Q131613596,Galleria all'aperto dell'affresco di Arcumeggia
http://www.wikidata.org/entity/Q131613597,Galleria all'aperto dell'affresco di Arcumeggia
http://www.wikidata.org/entity/Q131613607,Galleria all'aperto dell'affresco di Arcumeggia
http://www.wikidata.org/entity/Q131613605,Galleria all'aperto dell'affresco di Arcumeggia
http://www.wikidata.org/entity/Q131613610,Galleria all'aperto dell'affresco di Arcumeggia
http://www.wikidata.org/entity/Q131613608,Galleria all'aperto dell'affresco di Arcumeggia
http://www.wikidata.org/entity/Q131613615,Galleria all'aperto dell'affresco di Arcumeggia
http://www.wikidata.org/entity/Q131613626,Gabinetto segreto
http://www.wikidata.org/entity/Q131613627,Galleria all'aperto dell'affresco di Arcumeggia
http://www.wikidata.org/entity/Q131613630,Galleria all'aperto dell'affresco di Arcumeggia
http://www.wikidata.org/entity/Q131613631,Galleria Estense
http://www.wikidata.org/entity/Q131613629,Galleria all'aperto dell'affresco di Arcumeggia
http://www.wikidata.org/entity/Q131613632,Palazzo degli Uffizi
http://www.wikidata.org/entity/Q131613637,Reggia di Venaria Reale
http://www.wikidata.org/entity/Q131613648,Galleria Nazionale d'Arte Moderna e Contemporanea
http://www.wikidata.org/entity/Q131613655,Accademia Albertina
http://www.wikidata.org/entity/Q131613659,Galleria all'aperto dell'affresco di Arcumeggia
http://www.wikidata.org/entity/Q131613656,Museo archeologico nazionale di Paestum
http://www.wikidata.org/entity/Q131613657,Galleria all'aperto dell'affresco di Arcumeggia
http://www.wikidata.org/entity/Q131613666,Museo nazionale di Ravenna
http://www.wikidata.org/entity/Q131613667,Museo nazionale di Ravenna
http://www.wikidata.org/entity/Q131613670,Museo nazionale di Ravenna
http://www.wikidata.org/entity/Q131613671,Museo nazionale di Ravenna
http://www.wikidata.org/entity/Q131613668,Museo nazionale di Ravenna
http://www.wikidata.org/entity/Q131613669,Museo nazionale di Ravenna
http://www.wikidata.org/entity/Q131613675,Palazzo Chigi
http://www.wikidata.org/entity/Q131613679,Galleria all'aperto dell'affresco di Arcumeggia
http://www.wikidata.org/entity/Q131613676,Galleria Estense
http://www.wikidata.org/entity/Q131613680,Galleria d'arte moderna di Milano
http://www.wikidata.org/entity/Q131613706,Galleria Nazionale d'Arte Moderna e Contemporanea
http://www.wikidata.org/entity/Q131613704,Galleria all'aperto dell'affresco di Arcumeggia
http://www.wikidata.org/entity/Q131613705,Galleria all'aperto dell'affresco di Arcumeggia
http://www.wikidata.org/entity/Q131613711,Galleria d'arte moderna di Milano
http://www.wikidata.org/entity/Q131613714,"Museo civico ""Giovanni Fattori"""
http://www.wikidata.org/entity/Q131613715,Galleria all'aperto dell'affresco di Arcumeggia
http://www.wikidata.org/entity/Q131613713,Galleria d'arte moderna di Milano
http://www.wikidata.org/entity/Q131613716,"Museo civico ""Giovanni Fattori"""
http://www.wikidata.org/entity/Q131613717,Galleria Nazionale d'Arte Moderna e Contemporanea
http://www.wikidata.org/entity/Q131613722,Galleria d'arte moderna di Milano
http://www.wikidata.org/entity/Q131613723,Galleria d'arte moderna di Milano
http://www.wikidata.org/entity/Q131613721,Galleria all'aperto dell'affresco di Arcumeggia
http://www.wikidata.org/entity/Q131613731,Pinacoteca Nazionale di Bologna
http://www.wikidata.org/entity/Q131613729,Museo Revoltella
http://www.wikidata.org/entity/Q131613734,Pinacoteca Nazionale di Bologna
http://www.wikidata.org/entity/Q131613732,Gallerie dell'Accademia
http://www.wikidata.org/entity/Q131613739,Galleria all'aperto dell'affresco di Arcumeggia
http://www.wikidata.org/entity/Q131613742,Galleria dell'Accademia
http://www.wikidata.org/entity/Q131613743,Museo Poldi Pezzoli
http://www.wikidata.org/entity/Q131613740,Palazzo degli Uffizi
http://www.wikidata.org/entity/Q131613741,Pinacoteca nazionale di Ferrara
http://www.wikidata.org/entity/Q131613746,Museo diocesano (Genova)
http://www.wikidata.org/entity/Q131613745,Galleria all'aperto dell'affresco di Arcumeggia
http://www.wikidata.org/entity/Q131613748,Galleria all'aperto dell'affresco di Arcumeggia
http://www.wikidata.org/entity/Q131613786,Gallerie dell'Accademia
http://www.wikidata.org/entity/Q131613787,Galleria all'aperto dell'affresco di Arcumeggia
http://www.wikidata.org/entity/Q131613784,Galleria d'arte moderna di Firenze
http://www.wikidata.org/entity/Q131613785,Galleria Estense
http://www.wikidata.org/entity/Q131613797,Galleria all'aperto dell'affresco di Arcumeggia
http://www.wikidata.org/entity/Q131613820,Galleria d'arte moderna di Milano
http://www.wikidata.org/entity/Q131613821,Museo d'arte moderna e contemporanea di Trento e Rovereto
http://www.wikidata.org/entity/Q131613826,Pinacoteca Nazionale di Bologna
http://www.wikidata.org/entity/Q131613825,Galleria dell'Accademia
http://www.wikidata.org/entity/Q131613832,Palazzo Pubblico
http://www.wikidata.org/entity/Q131613833,Palazzo Pubblico
http://www.wikidata.org/entity/Q131613870,Castello Reale di Racconigi
http://www.wikidata.org/entity/Q131613868,Pinacoteca Querini Stampalia
http://www.wikidata.org/entity/Q131613869,Castello Reale di Racconigi
http://www.wikidata.org/entity/Q131613875,Galleria all'aperto dell'affresco di Arcumeggia
http://www.wikidata.org/entity/Q131613879,Galleria all'aperto dell'affresco di Arcumeggia
http://www.wikidata.org/entity/Q131613880,Galleria all'aperto dell'affresco di Arcumeggia
http://www.wikidata.org/entity/Q131613890,Pinacoteca metropolitana di Bari
http://www.wikidata.org/entity/Q131613891,Palazzo degli Uffizi
http://www.wikidata.org/entity/Q131613888,museo di Sant'Agostino
http://www.wikidata.org/entity/Q131613892,Galleria d'arte moderna di Milano
http://www.wikidata.org/entity/Q131613900,Galleria Doria Pamphilj
http://www.wikidata.org/entity/Q131613901,Palazzo degli Uffizi
http://www.wikidata.org/entity/Q131613904,Galleria Estense
http://www.wikidata.org/entity/Q131613905,chiesa di Santa Maria Immacolata a via Veneto
http://www.wikidata.org/entity/Q131613914,Gallerie dell'Accademia
http://www.wikidata.org/entity/Q131613915,Gallerie dell'Accademia
http://www.wikidata.org/entity/Q131450154,Pinacoteca nazionale di Cagliari
http://www.wikidata.org/entity/Q131450152,Pinacoteca Nazionale di Bologna
http://www.wikidata.org/entity/Q131450153,Pinacoteca nazionale di Cagliari
http://www.wikidata.org/entity/Q131450161,Pinacoteca Malaspina
http://www.wikidata.org/entity/Q131463514,Sala di Marte
http://www.wikidata.org/entity/Q131501600,Villa medicea di Poggio a Caiano
http://www.wikidata.org/entity/Q131501606,museo di Casa Romei
http://www.wikidata.org/entity/Q131501607,chiesa di Santa Maria dei Servi
http://www.wikidata.org/entity/Q131501608,Museo Civico Archeologico e d'Arte Sacra Palazzo Corboli
http://www.wikidata.org/entity/Q131501614,Pinacoteca nazionale di Ferrara
http://www.wikidata.org/entity/Q131501612,Pinacoteca Nazionale di Bologna
http://www.wikidata.org/entity/Q131501619,chiesa della Trinità dei Monti
http://www.wikidata.org/entity/Q131501617,Pinacoteca nazionale di Ferrara
http://www.wikidata.org/entity/Q131501620,Museo dell'Opera di Santa Croce
http://www.wikidata.org/entity/Q131501633,Museo Civico di Pistoia
http://www.wikidata.org/entity/Q131501639,chiesa del Santissimo Salvatore
http://www.wikidata.org/entity/Q131501643,pinacoteca civica Vittore Crivelli
http://www.wikidata.org/entity/Q131501646,chiesa di Santa Maria Maddalena dei Pazzi
http://www.wikidata.org/entity/Q131501645,chiesa di Santa Maria in Vallicella
http://www.wikidata.org/entity/Q131501651,Spedale degli Innocenti
http://www.wikidata.org/entity/Q131501649,chiesa di San Lorenzo
http://www.wikidata.org/entity/Q131501655,Museo del Cenacolo di Sant'Apollonia
http://www.wikidata.org/entity/Q131501653,museo civico di Pescia
http://www.wikidata.org/entity/Q131501658,Museo parrocchiale di Corridonia
http://www.wikidata.org/entity/Q131501663,Pinacoteca Nazionale di Bologna
http://www.wikidata.org/entity/Q131501661,Pinacoteca di Brera
http://www.wikidata.org/entity/Q131501666,Palazzo Ducale
http://www.wikidata.org/entity/Q131501667,duomo di Montepulciano
http://www.wikidata.org/entity/Q131501671,Galleria delle pitture e delle statue degli Uffizi
http://www.wikidata.org/entity/Q131501672,Museo archeologico provinciale Sigismondo Castromediano
http://www.wikidata.org/entity/Q131501678,Pinacoteca Nazionale di Bologna
http://www.wikidata.org/entity/Q131501683,Galleria delle pitture e delle statue degli Uffizi
http://www.wikidata.org/entity/Q131501690,
http://www.wikidata.org/entity/Q131501691,basilica di Santa Sabina
http://www.wikidata.org/entity/Q131501711,basilica di San Lorenzo
http://www.wikidata.org/entity/Q131501712,Palazzo degli Uffizi
http://www.wikidata.org/entity/Q131501724,Museo dell'Opera del Duomo
http://www.wikidata.org/entity/Q131501744,Pinacoteca nazionale di Siena
http://www.wikidata.org/entity/Q131501750,Museo parrocchiale di Corridonia
http://www.wikidata.org/entity/Q131501755,Pinacoteca nazionale di Siena
http://www.wikidata.org/entity/Q131501753,Museo diocesano (Genova)
http://www.wikidata.org/entity/Q131501759,Museo diocesano (Genova)
http://www.wikidata.org/entity/Q131501756,Museo nazionale di San Matteo
http://www.wikidata.org/entity/Q131501763,Museo nazionale di San Matteo
http://www.wikidata.org/entity/Q131501770,Museo di Palazzo Pretorio
http://www.wikidata.org/entity/Q131501775,chiesa della Trinità dei Monti
http://www.wikidata.org/entity/Q131501773,Pinacoteca Nazionale di Bologna
http://www.wikidata.org/entity/Q131501784,Museo di Palazzo Pretorio
http://www.wikidata.org/entity/Q131501791,Ca' Rezzonico
http://www.wikidata.org/entity/Q131501788,Museo di Palazzo Pretorio
http://www.wikidata.org/entity/Q131501793,Pinacoteca civica Tacchi-Venturi
http://www.wikidata.org/entity/Q131501796,Pinacoteca civica Tacchi-Venturi
http://www.wikidata.org/entity/Q131501797,Pinacoteca civica Tacchi-Venturi
http://www.wikidata.org/entity/Q131501800,chiesa di Sant'Anastasia
http://www.wikidata.org/entity/Q131501801,basilica di Santa Croce
http://www.wikidata.org/entity/Q131501805,santuario della Beata Vergine dei Miracoli
http://www.wikidata.org/entity/Q131501811,Pinacoteca nazionale di Siena
http://www.wikidata.org/entity/Q131501818,Museo archeologico provinciale Sigismondo Castromediano
http://www.wikidata.org/entity/Q131501816,Museo di Palazzo Pretorio
http://www.wikidata.org/entity/Q131501821,Museo del Cenacolo di Sant'Apollonia
http://www.wikidata.org/entity/Q131501826,Scuola Grande di San Rocco
http://www.wikidata.org/entity/Q131501830,Museo diocesano (Genova)
http://www.wikidata.org/entity/Q131501842,Museo Correr
http://www.wikidata.org/entity/Q131501847,Galleria Borghese
http://www.wikidata.org/entity/Q131501852,Sala I
http://www.wikidata.org/entity/Q131501859,Museo civico diocesano di Visso
http://www.wikidata.org/entity/Q131542580,Villa La Petraia
http://www.wikidata.org/entity/Q131542581,Galleria delle pitture e delle statue degli Uffizi
http://www.wikidata.org/entity/Q131542585,Galleria delle pitture e delle statue degli Uffizi
http://www.wikidata.org/entity/Q131542595,Pinacoteca civica di Forlì
http://www.wikidata.org/entity/Q131542596,Archivio di Stato di Siena
http://www.wikidata.org/entity/Q131542607,
http://www.wikidata.org/entity/Q131542610,Museo di San Marco
http://www.wikidata.org/entity/Q131542611,Accademia ligustica di belle arti
http://www.wikidata.org/entity/Q131542609,Accademia dei Concordi di Rovigo
http://www.wikidata.org/entity/Q131542614,Cenacolo di Fuligno
http://www.wikidata.org/entity/Q131542615,Galleria all'aperto dell'affresco di Arcumeggia
http://www.wikidata.org/entity/Q131543565,Antiquarium del Palatino
http://www.wikidata.org/entity/Q131543603,Palazzo Pepoli Campogrande
http://www.wikidata.org/entity/Q131543624,Palazzo degli Uffizi; Collezione Contini Bonacossi
http://www.wikidata.org/entity/Q131543631,cappella Arcivescovile
http://www.wikidata.org/entity/Q131543629,cappella Arcivescovile
http://www.wikidata.org/entity/Q131543651,Museo Correr
http://www.wikidata.org/entity/Q131543648,Pinacoteca Nazionale di Bologna
http://www.wikidata.org/entity/Q131543655,Museo del Bigallo
http://www.wikidata.org/entity/Q131543653,
http://www.wikidata.org/entity/Q131543672,Fondazione di Studi di Storia dell'Arte Roberto Longhi
http://www.wikidata.org/entity/Q131543680,Pinacoteca di Brera
http://www.wikidata.org/entity/Q131546415,Museo Correr
http://www.wikidata.org/entity/Q131546421,chiesa di Santa Maria in Vallicella
http://www.wikidata.org/entity/Q131546426,Museo diocesano di Cortona
http://www.wikidata.org/entity/Q131546425,chiesa di Santa Maria in Vallicella
http://www.wikidata.org/entity/Q131546428,Museo di Palazzo Pretorio
http://www.wikidata.org/entity/Q131546441,Casino dell'Aurora Ludovisi
http://www.wikidata.org/entity/Q131546444,Museo di San Marco
http://www.wikidata.org/entity/Q131546449,Palazzo Rosso
http://www.wikidata.org/entity/Q131546458,Galleria all'aperto dell'affresco di Arcumeggia
http://www.wikidata.org/entity/Q131546462,
http://www.wikidata.org/entity/Q131546463,Pinacoteca nazionale di Ferrara
http://www.wikidata.org/entity/Q131546466,Museo pontificio della Santa Casa
http://www.wikidata.org/entity/Q131613912,Galleria all'aperto dell'affresco di Arcumeggia
http://www.wikidata.org/entity/Q131613913,Gallerie dell'Accademia
http://www.wikidata.org/entity/Q131613916,Gallerie dell'Accademia
http://www.wikidata.org/entity/Q131613917,Galleria Nazionale d'Arte Moderna e Contemporanea
http://www.wikidata.org/entity/Q131613922,Pinacoteca del Castello Sforzesco
http://www.wikidata.org/entity/Q131613926,Musei civici di Treviso
http://www.wikidata.org/entity/Q131613927,Musei civici di Treviso
http://www.wikidata.org/entity/Q131613924,Palazzo degli Uffizi
http://www.wikidata.org/entity/Q131613925,Musei civici di Treviso
http://www.wikidata.org/entity/Q131613930,Musei civici di Treviso
http://www.wikidata.org/entity/Q131613928,Musei civici di Treviso
http://www.wikidata.org/entity/Q131613929,Musei civici di Treviso
http://www.wikidata.org/entity/Q131613939,Palazzo dell'Arte della Lana
http://www.wikidata.org/entity/Q131613968,Museo Revoltella
http://www.wikidata.org/entity/Q131613974,Galleria civica d'arte moderna e contemporanea di Torino
http://www.wikidata.org/entity/Q131613982,"Museo civico ""Giovanni Fattori"""
http://www.wikidata.org/entity/Q131613980,Galleria all'aperto dell'affresco di Arcumeggia
http://www.wikidata.org/entity/Q131617883,Villa La Petraia
http://www.wikidata.org/entity/Q131617881,Villa La Petraia
http://www.wikidata.org/entity/Q131617885,Villa del Principe
http://www.wikidata.org/entity/Q131617890,Villa La Petraia
http://www.wikidata.org/entity/Q131617895,Villa La Petraia
http://www.wikidata.org/entity/Q131617893,Villa Carlotta
http://www.wikidata.org/entity/Q131617898,Villa La Petraia
http://www.wikidata.org/entity/Q131617899,Museo nazionale di Villa Guinigi
http://www.wikidata.org/entity/Q131617897,Museo nazionale di Villa Guinigi
http://www.wikidata.org/entity/Q131617902,Villa Carlotta
http://www.wikidata.org/entity/Q131617911,Villa del Principe
http://www.wikidata.org/entity/Q131617908,Villa Farnesina
http://www.wikidata.org/entity/Q131617909,Villa Carlotta
http://www.wikidata.org/entity/Q131617914,Museo nazionale di Villa Guinigi
http://www.wikidata.org/entity/Q131617915,Villa La Petraia
http://www.wikidata.org/entity/Q131617918,Villa La Petraia
http://www.wikidata.org/entity/Q131617919,Villa Carlotta
http://www.wikidata.org/entity/Q131617916,Museo nazionale di Villa Guinigi
http://www.wikidata.org/entity/Q131617917,Villa di Poppea
http://www.wikidata.org/entity/Q131617922,Villa Medici
http://www.wikidata.org/entity/Q131617921,Villa Medici
http://www.wikidata.org/entity/Q131627550,Galleria Borghese
http://www.wikidata.org/entity/Q131627554,Scuola Grande di San Rocco
http://www.wikidata.org/entity/Q131627552,Museo del Cenacolo di Andrea del Sarto
http://www.wikidata.org/entity/Q131627553,Pinacoteca nazionale di Ferrara
http://www.wikidata.org/entity/Q131627556,Palazzo Colonna
http://www.wikidata.org/entity/Q131627571,Museo Correr
http://www.wikidata.org/entity/Q131627574,Galleria delle pitture e delle statue degli Uffizi
http://www.wikidata.org/entity/Q131627572,Galleria delle pitture e delle statue degli Uffizi
http://www.wikidata.org/entity/Q131627588,Galleria delle pitture e delle statue degli Uffizi
http://www.wikidata.org/entity/Q131627817,deposito del museo
http://www.wikidata.org/entity/Q131628758,Museo della città di palazzo San Sebastiano
http://www.wikidata.org/entity/Q131628765,Palazzo Ducale
http://www.wikidata.org/entity/Q131628770,Galleria d'arte moderna di Firenze
http://www.wikidata.org/entity/Q131628768,Accademia ligustica di belle arti
http://www.wikidata.org/entity/Q131628769,Museo diocesano a Milano
http://www.wikidata.org/entity/Q131628775,
http://www.wikidata.org/entity/Q131628772,chiesa dei Gesuati
http://www.wikidata.org/entity/Q131628778,Museo dell'Opera di Santa Croce
http://www.wikidata.org/entity/Q131628776,Museo diocesano (Genova)
http://www.wikidata.org/entity/Q131628802,Collegio del Cambio
http://www.wikidata.org/entity/Q131628803,Pinacoteca Nazionale di Bologna
http://www.wikidata.org/entity/Q131628801,Galleria delle pitture e delle statue degli Uffizi
http://www.wikidata.org/entity/Q131628814,Museo dell'Accademia Etrusca e della città di Cortona
http://www.wikidata.org/entity/Q131628812,
http://www.wikidata.org/entity/Q131628813,Museo della Basilica di Sant'Ambrogio
http://www.wikidata.org/entity/Q131628818,Museo nazionale d'Abruzzo
http://www.wikidata.org/entity/Q131628819,Museo nazionale d'Abruzzo
http://www.wikidata.org/entity/Q131628817,Museo nazionale d'Abruzzo
http://www.wikidata.org/entity/Q131628822,Palazzo Pepoli Campogrande
http://www.wikidata.org/entity/Q131628823,Palazzo Pepoli Campogrande
http://www.wikidata.org/entity/Q131628820,cappella Bentivoglio
http://www.wikidata.org/entity/Q131628821,Pinacoteca Nazionale di Bologna
http://www.wikidata.org/entity/Q131628824,Palazzo Fenzi
http://www.wikidata.org/entity/Q131629552,Museo del Cenacolo di Andrea del Sarto
http://www.wikidata.org/entity/Q131629558,Pinacoteca Nazionale di Bologna
http://www.wikidata.org/entity/Q131629557,Museo del Santuario di Monte Berico
http://www.wikidata.org/entity/Q131632037,Museo dell'Ottocento (Ferrara)
http://www.wikidata.org/entity/Q131632042,Museo del Bigallo
http://www.wikidata.org/entity/Q131632047,pieve di San Paolo
http://www.wikidata.org/entity/Q131674303,Ca' Rezzonico
http://www.wikidata.org/entity/Q131674300,Museo Correr
http://www.wikidata.org/entity/Q131674306,Galleria all'aperto dell'affresco di Arcumeggia
http://www.wikidata.org/entity/Q131674307,Galleria all'aperto dell'affresco di Arcumeggia
http://www.wikidata.org/entity/Q131674310,Palazzo Ducale
http://www.wikidata.org/entity/Q131674311,Palazzo Ducale
http://www.wikidata.org/entity/Q131674315,Palazzo Ducale
http://www.wikidata.org/entity/Q131674312,Pinacoteca Querini Stampalia
http://www.wikidata.org/entity/Q131674316,Pinacoteca Nazionale di Bologna
http://www.wikidata.org/entity/Q131674317,chiesa di San Pantalon
http://www.wikidata.org/entity/Q131674322,Galleria delle pitture e delle statue degli Uffizi
http://www.wikidata.org/entity/Q131674323,Pinacoteca di Brera
http://www.wikidata.org/entity/Q131674332,Museo di arte sacra della Val d'Arbia
http://www.wikidata.org/entity/Q131674346,Galleria all'aperto dell'affresco di Arcumeggia
http://www.wikidata.org/entity/Q131674355,Pinacoteca nazionale di Siena
http://www.wikidata.org/entity/Q131674352,Gallerie dell'Accademia
http://www.wikidata.org/entity/Q131674353,
http://www.wikidata.org/entity/Q131674361,Museo diocesano a Milano
http://www.wikidata.org/entity/Q131674371,Museo diocesano (Genova)
http://www.wikidata.org/entity/Q131674368,Pinacoteca Egidio Martini
http://www.wikidata.org/entity/Q131674369,basilica dei Santi Giovanni e Paolo
http://www.wikidata.org/entity/Q131674373,chiesa dei Gesuati
http://www.wikidata.org/entity/Q131674382,Palazzo Te
http://www.wikidata.org/entity/Q131546465,museo di Sant'Agostino
http://www.wikidata.org/entity/Q131546469,battistero di San Giovanni
http://www.wikidata.org/entity/Q131546475,Studiolo di Francesco I
http://www.wikidata.org/entity/Q131546484,Museo Revoltella
http://www.wikidata.org/entity/Q131546485,oratorio dei Santi Cecilia e Valeriano
http://www.wikidata.org/entity/Q131546494,Pinacoteca di Brera
http://www.wikidata.org/entity/Q131546493,chiesa di San Maurizio al Monastero Maggiore
http://www.wikidata.org/entity/Q131546499,Archivio di Stato di Siena
http://www.wikidata.org/entity/Q131546506,duomo di Prato
http://www.wikidata.org/entity/Q131546510,Pinacoteca Nazionale di Bologna
http://www.wikidata.org/entity/Q131546508,Galleria Estense
http://www.wikidata.org/entity/Q131546509,Pinacoteca Nazionale di Bologna
http://www.wikidata.org/entity/Q131546515,
http://www.wikidata.org/entity/Q131546516,Museo diocesano d'arte sacra
http://www.wikidata.org/entity/Q131546517,chiostro dello Scalzo
http://www.wikidata.org/entity/Q131546520,Galleria all'aperto dell'affresco di Arcumeggia
http://www.wikidata.org/entity/Q131546525,Museo internazionale e biblioteca della musica
http://www.wikidata.org/entity/Q131546551,oratorio dei Santi Cecilia e Valeriano
http://www.wikidata.org/entity/Q131546552,oratorio dei Santi Cecilia e Valeriano
http://www.wikidata.org/entity/Q131546553,Villa medicea di Poggio a Caiano
http://www.wikidata.org/entity/Q131546582,Palazzo Ducale
http://www.wikidata.org/entity/Q131546581,Palazzo Ducale
http://www.wikidata.org/entity/Q131546599,Museo Correr
http://www.wikidata.org/entity/Q131546602,deposito del museo
http://www.wikidata.org/entity/Q131546603,
http://www.wikidata.org/entity/Q131557338,Pinacoteca Nazionale di Bologna
http://www.wikidata.org/entity/Q131557340,reggia di Caserta
http://www.wikidata.org/entity/Q131557341,Palazzo Rosso
http://www.wikidata.org/entity/Q131557374,Pinacoteca Museo della Collegiata di Sant'Andrea
http://www.wikidata.org/entity/Q131557372,Pinacoteca nazionale di Siena
http://www.wikidata.org/entity/Q131557373,Pinacoteca Museo della Collegiata di Sant'Andrea
http://www.wikidata.org/entity/Q131557376,Museo dell'Opera del Duomo
http://www.wikidata.org/entity/Q131557436,oratorio dei Santi Cecilia e Valeriano
http://www.wikidata.org/entity/Q131557458,Palazzo degli Uffizi
http://www.wikidata.org/entity/Q131557464,Palazzo Pubblico
http://www.wikidata.org/entity/Q131557484,duomo di Prato
http://www.wikidata.org/entity/Q131557662,Museo dell'Opera del Duomo
http://www.wikidata.org/entity/Q131557664,Palazzo Pubblico
http://www.wikidata.org/entity/Q131557854,Pinacoteca civica
http://www.wikidata.org/entity/Q131557866,Musei civici di Treviso
http://www.wikidata.org/entity/Q131557871,Galleria delle pitture e delle statue degli Uffizi
http://www.wikidata.org/entity/Q131557868,Museo del Cenacolo di Andrea del Sarto
http://www.wikidata.org/entity/Q131557880,chiesa della Madonna dell'Orto
http://www.wikidata.org/entity/Q131557902,Museo nazionale romano di palazzo Massimo
http://www.wikidata.org/entity/Q131559178,Ca' Rezzonico
http://www.wikidata.org/entity/Q131559177,Ca' Rezzonico
http://www.wikidata.org/entity/Q131559182,Ca' Rezzonico
http://www.wikidata.org/entity/Q131559183,Ca' Rezzonico
http://www.wikidata.org/entity/Q131559181,Ca' Rezzonico
http://www.wikidata.org/entity/Q131559187,Palazzo Farnese
http://www.wikidata.org/entity/Q131559184,Ca' Rezzonico
http://www.wikidata.org/entity/Q131559202,Palazzo Schifanoia
http://www.wikidata.org/entity/Q131559216,Villa Medici
http://www.wikidata.org/entity/Q131561164,chiesa di San Francesco della Vigna
http://www.wikidata.org/entity/Q131561170,Galleria d'arte moderna di Firenze
http://www.wikidata.org/entity/Q131561666,Museo nazionale di Capodimonte
http://www.wikidata.org/entity/Q131561678,Pinacoteca di Brera
http://www.wikidata.org/entity/Q131561677,Camera degli Sposi
http://www.wikidata.org/entity/Q131561688,basilica di Santa Maria del Popolo
http://www.wikidata.org/entity/Q131561692,Cappella di Piazza
http://www.wikidata.org/entity/Q131563724,Corridoio Vasariano
http://www.wikidata.org/entity/Q131564536,Galleria d'arte moderna di Milano
http://www.wikidata.org/entity/Q131564617,duomo di Siena
http://www.wikidata.org/entity/Q131564870,Villa La Petraia
http://www.wikidata.org/entity/Q131564871,duomo di Siena
http://www.wikidata.org/entity/Q131574021,Museo Correr
http://www.wikidata.org/entity/Q131576650,Museo archeologico nazionale di Napoli
http://www.wikidata.org/entity/Q131576651,Complesso di Santa Caterina
http://www.wikidata.org/entity/Q131576649,Galleria all'aperto dell'affresco di Arcumeggia
http://www.wikidata.org/entity/Q131578331,Villa Medici
http://www.wikidata.org/entity/Q131578346,chiesa del Gesù e dei Santi Ambrogio e Andrea
http://www.wikidata.org/entity/Q131578347,Museo di Palazzo Pretorio
http://www.wikidata.org/entity/Q131579612,Museo nazionale romano di palazzo Massimo
http://www.wikidata.org/entity/Q131579620,Accademia nazionale di San Luca
http://www.wikidata.org/entity/Q131579625,Museo nazionale romano di palazzo Massimo
http://www.wikidata.org/entity/Q131579630,Museo Correr
http://www.wikidata.org/entity/Q131579631,Palazzo degli Uffizi
http://www.wikidata.org/entity/Q131579646,Museo nazionale romano di palazzo Massimo
http://www.wikidata.org/entity/Q131579657,Palazzo degli Uffizi
http://www.wikidata.org/entity/Q131579660,Palazzo degli Uffizi
http://www.wikidata.org/entity/Q131579667,Museo nazionale romano di palazzo Massimo
http://www.wikidata.org/entity/Q131579670,Museo nazionale romano di palazzo Massimo
http://www.wikidata.org/entity/Q131579671,Museo nazionale romano di palazzo Massimo
http://www.wikidata.org/entity/Q131579669,Museo nazionale romano di palazzo Massimo
http://www.wikidata.org/entity/Q131579674,Museo nazionale romano di palazzo Massimo
http://www.wikidata.org/entity/Q131579672,Museo nazionale romano di palazzo Massimo
http://www.wikidata.org/entity/Q131579673,Museo nazionale romano di palazzo Massimo
http://www.wikidata.org/entity/Q131579682,Ca' Rezzonico
http://www.wikidata.org/entity/Q131579687,Galleria nazionale di Palazzo Corsini
http://www.wikidata.org/entity/Q131579688,Palazzo Te
http://www.wikidata.org/entity/Q131587694,Museo della città di Rimini
http://www.wikidata.org/entity/Q131587980,Museo del paesaggio
http://www.wikidata.org/entity/Q131588009,Musei capitolini
http://www.wikidata.org/entity/Q131588018,Pinacoteca nazionale di Ferrara
http://www.wikidata.org/entity/Q131588032,Galleria Estense
http://www.wikidata.org/entity/Q131588033,
http://www.wikidata.org/entity/Q131588045,Sala di Apollo
http://www.wikidata.org/entity/Q131588054,Galleria Borghese
http://www.wikidata.org/entity/Q131588057,Musei civici di Treviso
http://www.wikidata.org/entity/Q131588060,Camerini d'alabastro
http://www.wikidata.org/entity/Q131690572,Museo nazionale di San Matteo
http://www.wikidata.org/entity/Q131690573,Accademia delle arti del disegno
http://www.wikidata.org/entity/Q131690578,casa natale del Pontormo
http://www.wikidata.org/entity/Q131690579,Pinacoteca comunale di Città di Castello
http://www.wikidata.org/entity/Q131690582,Museo diocesano (Genova)
http://www.wikidata.org/entity/Q131690583,duomo di Grosseto
http://www.wikidata.org/entity/Q131690581,Museo Civico di Pistoia
http://www.wikidata.org/entity/Q131690586,Museo Correr
http://www.wikidata.org/entity/Q131690587,Museo del Bigallo
http://www.wikidata.org/entity/Q131690584,Museo di arte sacra
http://www.wikidata.org/entity/Q131690590,
http://www.wikidata.org/entity/Q131690591,chiesa di San Leonardo in Arcetri
http://www.wikidata.org/entity/Q131690588,museo civico di Pescia
http://www.wikidata.org/entity/Q131690589,
http://www.wikidata.org/entity/Q131690594,duomo di Prato
http://www.wikidata.org/entity/Q131690592,Museo diocesano d'arte sacra (San Miniato)
http://www.wikidata.org/entity/Q131690593,Museo del Cenacolo di Andrea del Sarto
http://www.wikidata.org/entity/Q131690599,Museo diocesano (Genova)
http://www.wikidata.org/entity/Q131690596,Pinacoteca Nazionale di Bologna
http://www.wikidata.org/entity/Q131690602,Palazzo degli Uffizi
http://www.wikidata.org/entity/Q131690603,Museo di arte sacra della Val d'Arbia
http://www.wikidata.org/entity/Q131690601,Museo del Cenacolo di Andrea del Sarto
http://www.wikidata.org/entity/Q131690606,Palazzo Rosso
http://www.wikidata.org/entity/Q131690605,Palazzo Rosso
http://www.wikidata.org/entity/Q131690633,Galleria nazionale dell'Umbria
http://www.wikidata.org/entity/Q131690639,Complesso museale di Santa Maria della Scala
http://www.wikidata.org/entity/Q131690637,chiesa di Santa Caterina d'Alessandria
http://www.wikidata.org/entity/Q131690641,pinacoteca civica
http://www.wikidata.org/entity/Q131690646,Palazzo Ducale
http://www.wikidata.org/entity/Q131690652,Pinacoteca Nazionale di Bologna
http://www.wikidata.org/entity/Q131690656,Museo di pittura murale
http://www.wikidata.org/entity/Q131690663,Collezione Chigi Saracini
http://www.wikidata.org/entity/Q131690660,Galleria internazionale d'arte moderna
http://www.wikidata.org/entity/Q131702506,Museo Leone
http://www.wikidata.org/entity/Q131704134,cappella del Rosario
http://www.wikidata.org/entity/Q131704138,Galleria nazionale di Cosenza
http://www.wikidata.org/entity/Q131704142,Galleria delle pitture e delle statue degli Uffizi
http://www.wikidata.org/entity/Q131704140,Museo dell'Opera del Duomo
http://www.wikidata.org/entity/Q131704141,Sala di Apollo
http://www.wikidata.org/entity/Q131704145,Museo Correr
http://www.wikidata.org/entity/Q131704265,pinacoteca di Varallo
http://www.wikidata.org/entity/Q131704274,Museo diocesano (Genova)
http://www.wikidata.org/entity/Q131704272,cappella Medici
http://www.wikidata.org/entity/Q131704273,chiesa - museo di Santa Croce
http://www.wikidata.org/entity/Q131704278,Pinacoteca nazionale di Ferrara
http://www.wikidata.org/entity/Q131704279,Museo Horne
http://www.wikidata.org/entity/Q131704280,chiesa di San Pietro martire
http://www.wikidata.org/entity/Q131704281,Palazzo Rosso
http://www.wikidata.org/entity/Q131704285,Galleria delle pitture e delle statue degli Uffizi
http://www.wikidata.org/entity/Q131704288,Pinacoteca Querini Stampalia
http://www.wikidata.org/entity/Q131704294,Museo nazionale di Villa Guinigi
http://www.wikidata.org/entity/Q131704298,Pinacoteca nazionale di Siena
http://www.wikidata.org/entity/Q131704296,Galleria dell'Accademia
http://www.wikidata.org/entity/Q131704297,Pinacoteca nazionale di Siena
http://www.wikidata.org/entity/Q131704303,Museo nazionale di San Matteo
http://www.wikidata.org/entity/Q131704304,Pinacoteca nazionale di Siena
http://www.wikidata.org/entity/Q131704770,Museo dell'Opera del Duomo
http://www.wikidata.org/entity/Q131704783,Pinacoteca nazionale di Ferrara
http://www.wikidata.org/entity/Q131704780,Palazzo Rosso
http://www.wikidata.org/entity/Q131708783,Galleria all'aperto dell'affresco di Arcumeggia
http://www.wikidata.org/entity/Q131719683,Galleria Spada
http://www.wikidata.org/entity/Q131719684,Museo nazionale romano di palazzo Massimo
http://www.wikidata.org/entity/Q131719685,Accademia ligustica di belle arti
http://www.wikidata.org/entity/Q131719730,chiesa di Santa Maria in Vallicella
http://www.wikidata.org/entity/Q131719735,duomo di Prato
http://www.wikidata.org/entity/Q131719732,chiesa di San Pietro martire
http://www.wikidata.org/entity/Q131719736,Galleria delle pitture e delle statue degli Uffizi
http://www.wikidata.org/entity/Q131719743,Museo dei Mobili e delle Sculture Lignee
http://www.wikidata.org/entity/Q131719746,Pinacoteca civica Tacchi-Venturi
http://www.wikidata.org/entity/Q131719744,convento di San Clemente in Santa Maria dei Servi
http://www.wikidata.org/entity/Q131719745,Palazzo Vecchio
http://www.wikidata.org/entity/Q131719750,Palazzo Davanzati
http://www.wikidata.org/entity/Q131719756,Galleria delle pitture e delle statue degli Uffizi
http://www.wikidata.org/entity/Q131721232,deposito del museo
http://www.wikidata.org/entity/Q131748785,Museo di Palazzo Pretorio
http://www.wikidata.org/entity/Q131753928,chiesa di Santa Maria in Vallicella
http://www.wikidata.org/entity/Q131753929,Pinacoteca Nazionale di Bologna
http://www.wikidata.org/entity/Q131753974,Gipsoteca canoviana
http://www.wikidata.org/entity/Q131753985,Raccolte Frugone
http://www.wikidata.org/entity/Q131754003,museo di Santo Stefano
http://www.wikidata.org/entity/Q131760459,Museo Correr
http://www.wikidata.org/entity/Q131760462,Museo Fortuny
http://www.wikidata.org/entity/Q131760461,Museo Poldi Pezzoli
http://www.wikidata.org/entity/Q131760474,cappella del Podestà
http://www.wikidata.org/entity/Q131760475,Gallerie dell'Accademia
http://www.wikidata.org/entity/Q131760472,Pinacoteca Querini Stampalia
http://www.wikidata.org/entity/Q131760473,Galata − Museo del mare
http://www.wikidata.org/entity/Q131760478,Pinacoteca di Brera
http://www.wikidata.org/entity/Q131760479,Museo Correr
http://www.wikidata.org/entity/Q131760476,Galleria Palatina
http://www.wikidata.org/entity/Q131760480,Museo Correr
http://www.wikidata.org/entity/Q131760481,Galleria Borghese
http://www.wikidata.org/entity/Q131766115,Museo dell'Opera del Duomo
http://www.wikidata.org/entity/Q131766119,Museo nazionale d'arte medievale e moderna
http://www.wikidata.org/entity/Q131766122,Palazzo Ducale
http://www.wikidata.org/entity/Q131766120,chiesa dei Santi Gervasio e Protasio
http://www.wikidata.org/entity/Q131766143,Fondazione Elisabetta Sgarbi
http://www.wikidata.org/entity/Q131766147,Museo pontificio della Santa Casa
http://www.wikidata.org/entity/Q131766151,Museo del Cenacolo di Andrea del Sarto
http://www.wikidata.org/entity/Q131766148,Pinacoteca Malaspina
http://www.wikidata.org/entity/Q135089031,Palazzo della Marra
http://www.wikidata.org/entity/Q135089170,Palazzo della Marra
http://www.wikidata.org/entity/Q135089208,Palazzo della Marra
http://www.wikidata.org/entity/Q135089338,Palazzo della Marra
http://www.wikidata.org/entity/Q135089933,Pinacoteca Ambrosiana
http://www.wikidata.org/entity/Q135097382,Palazzo della Marra
http://www.wikidata.org/entity/Q135098524,Palazzo della Marra
http://www.wikidata.org/entity/Q135111963,
http://www.wikidata.org/entity/Q135213019,Galleria civica d'arte moderna e contemporanea di Torino
http://www.wikidata.org/entity/Q135213092,Palazzo della Marra
http://www.wikidata.org/entity/Q135216092,Palazzo della Marra
http://www.wikidata.org/entity/Q135216430,Palazzo della Marra
http://www.wikidata.org/entity/Q135219976,collezione privata
http://www.wikidata.org/entity/Q135286600,
http://www.wikidata.org/entity/Q135669652,basilica di San Gaudenzio
http://www.wikidata.org/entity/Q135761987,Raccolte d'arte dell'Ospedale Maggiore di Milano
http://www.wikidata.org/entity/Q135971600,chiesa di Nostra Signora della Concordia
http://www.wikidata.org/entity/Q135971947,chiesa di Nostra Signora della Concordia
http://www.wikidata.org/entity/Q135972052,chiesa di Nostra Signora della Concordia
http://www.wikidata.org/entity/Q135988557,Palazzo Chigi
http://www.wikidata.org/entity/Q135989185,Palazzo Chigi
http://www.wikidata.org/entity/Q136359717,GAM Verona
http://www.wikidata.org/entity/Q136359850,GAM Verona
http://www.wikidata.org/entity/Q136419815,chiesa di San Niccolò Oltrarno
http://www.wikidata.org/entity/Q136445881,Palazzo degli Uffizi; deposito del museo; Galleria Palatina
http://www.wikidata.org/entity/Q136446304,Sala di Saturno
http://www.wikidata.org/entity/Q136452782,deposito del museo
http://www.wikidata.org/entity/Q136457064,Pinacoteca di Brera
http://www.wikidata.org/entity/Q136468769,Pinacoteca Ambrosiana
http://www.wikidata.org/entity/Q136488593,Museo di Castelvecchio
http://www.wikidata.org/entity/Q136497894,Accademia Carrara
http://www.wikidata.org/entity/Q136747345,Palazzo Frizzoni
http://www.wikidata.org/entity/Q136752887,Galleria Sabauda
http://www.wikidata.org/entity/Q136789581,Casa Buonarroti
http://www.wikidata.org/entity/Q136806465,Museo Francesco Borgogna
http://www.wikidata.org/entity/Q136807706,deposito del museo
http://www.wikidata.org/entity/Q136840231,Galleria Giorgio Franchetti alla Ca' d'Oro
http://www.wikidata.org/entity/Q136849352,chiesa di Santa Maria in Fontibus
http://www.wikidata.org/entity/Q136934711,
http://www.wikidata.org/entity/Q137040888,Accademia nazionale di San Luca
http://www.wikidata.org/entity/Q137169658,Galleria Estense
http://www.wikidata.org/entity/Q137268771,deposito del museo
http://www.wikidata.org/entity/Q137357477,deposito del museo
http://www.wikidata.org/entity/Q137395888,chiesa della Madonna di Galliera
http://www.wikidata.org/entity/Q131674390,Museo dell'Ottocento (Ferrara)
http://www.wikidata.org/entity/Q131674398,basilica di Santa Croce
http://www.wikidata.org/entity/Q131674399,Pinacoteca Museo della Collegiata di Sant'Andrea
http://www.wikidata.org/entity/Q131674396,Museo di Palazzo Pretorio
http://www.wikidata.org/entity/Q131674401,Museo Civico di Pistoia
http://www.wikidata.org/entity/Q131674404,Palazzo Ducale
http://www.wikidata.org/entity/Q131674405,Pinacoteca nazionale di Ferrara
http://www.wikidata.org/entity/Q131674410,chiesa della Madonna dell'Orto
http://www.wikidata.org/entity/Q131674411,Scuola Grande di San Rocco
http://www.wikidata.org/entity/Q131674409,Palazzo Ducale
http://www.wikidata.org/entity/Q131674412,Pinacoteca nazionale di Ferrara
http://www.wikidata.org/entity/Q131675938,Museo del Cenacolo di Andrea del Sarto
http://www.wikidata.org/entity/Q131675939,pieve di Santa Maria
http://www.wikidata.org/entity/Q131675936,Museo del Cenacolo di Andrea del Sarto
http://www.wikidata.org/entity/Q131675937,chiesa dei Santi Girolamo e Francesco alla Costa
http://www.wikidata.org/entity/Q131675942,Pinacoteca della Certosa di Firenze
http://www.wikidata.org/entity/Q131675943,Galleria delle pitture e delle statue degli Uffizi
http://www.wikidata.org/entity/Q131675940,Museo del Cenacolo di Andrea del Sarto
http://www.wikidata.org/entity/Q131675941,Museo del Cenacolo Vinciano
http://www.wikidata.org/entity/Q131675947,Museo diocesano (Genova)
http://www.wikidata.org/entity/Q131675944,Pinacoteca Querini Stampalia
http://www.wikidata.org/entity/Q131675945,Museo della Collegiata
http://www.wikidata.org/entity/Q131675948,chiesa di San Francesco
http://www.wikidata.org/entity/Q131675966,Museo delle Terme di Diocleziano
http://www.wikidata.org/entity/Q131675969,Galleria Regionale
http://www.wikidata.org/entity/Q131675979,Pinacoteca Nazionale di Bologna
http://www.wikidata.org/entity/Q131675983,Pinacoteca Nazionale di Bologna
http://www.wikidata.org/entity/Q131675981,Palazzo degli Uffizi
http://www.wikidata.org/entity/Q131675990,Pellegrinaio di Santa Maria della Scala
http://www.wikidata.org/entity/Q131675989,Palazzo Pubblico
http://www.wikidata.org/entity/Q131675994,Scuola Grande di San Rocco
http://www.wikidata.org/entity/Q131675995,Museo nazionale di San Matteo
http://www.wikidata.org/entity/Q131675993,Pinacoteca Nazionale di Bologna
http://www.wikidata.org/entity/Q131675998,Galleria delle pitture e delle statue degli Uffizi
http://www.wikidata.org/entity/Q131676028,Galleria delle pitture e delle statue degli Uffizi
http://www.wikidata.org/entity/Q131676029,Galleria delle pitture e delle statue degli Uffizi
http://www.wikidata.org/entity/Q131676038,Musei civici di Treviso
http://www.wikidata.org/entity/Q131676039,Musei civici di Treviso
http://www.wikidata.org/entity/Q131676037,duomo di Prato
http://www.wikidata.org/entity/Q131676041,Galleria d'arte moderna di Milano
http://www.wikidata.org/entity/Q131676058,Pinacoteca Nazionale di Bologna
http://www.wikidata.org/entity/Q131676064,chiesa di San Trovaso
http://www.wikidata.org/entity/Q131676306,Galleria delle pitture e delle statue degli Uffizi
http://www.wikidata.org/entity/Q131676307,Galleria delle pitture e delle statue degli Uffizi
http://www.wikidata.org/entity/Q131676308,Galleria delle pitture e delle statue degli Uffizi
http://www.wikidata.org/entity/Q131690475,Pinacoteca Museo della Collegiata di Sant'Andrea
http://www.wikidata.org/entity/Q131690473,Pinacoteca nazionale di Siena
http://www.wikidata.org/entity/Q131690478,Museo del Cenacolo di Andrea del Sarto
http://www.wikidata.org/entity/Q131690476,Museo diocesano (Ascoli Piceno)
http://www.wikidata.org/entity/Q131690495,chiesa di San Pietro martire
http://www.wikidata.org/entity/Q131690498,Museo Correr
http://www.wikidata.org/entity/Q131690499,Palazzo Pubblico
http://www.wikidata.org/entity/Q131690496,Museo Correr
http://www.wikidata.org/entity/Q131690497,Museo Poldi Pezzoli
http://www.wikidata.org/entity/Q131690502,Galleria Giorgio Franchetti alla Ca' d'Oro
http://www.wikidata.org/entity/Q131690503,Pinacoteca Nazionale di Bologna
http://www.wikidata.org/entity/Q131690501,chiesa di Santa Maria in Vallicella
http://www.wikidata.org/entity/Q131690504,Museo Correr
http://www.wikidata.org/entity/Q131690511,Museo dell'Ottocento (Ferrara)
http://www.wikidata.org/entity/Q131690509,Galleria Estense
http://www.wikidata.org/entity/Q131690513,"Civica Pinacoteca ""il Guercino"""
http://www.wikidata.org/entity/Q131690516,Galleria di Palazzo Cini
http://www.wikidata.org/entity/Q131690517,Palazzo Rosso
http://www.wikidata.org/entity/Q131690522,Galleria Estense
http://www.wikidata.org/entity/Q131690527,Museo della cattedrale
http://www.wikidata.org/entity/Q131690524,Palazzo Colonna
http://www.wikidata.org/entity/Q131690525,Museo Correr
http://www.wikidata.org/entity/Q131690530,Pinacoteca Nazionale di Bologna
http://www.wikidata.org/entity/Q131690528,Museo di Palazzo Pretorio
http://www.wikidata.org/entity/Q131690529,Pinacoteca Nazionale di Bologna
http://www.wikidata.org/entity/Q131690535,Museo diocesano (Genova)
http://www.wikidata.org/entity/Q131690532,Pinacoteca Nazionale di Bologna
http://www.wikidata.org/entity/Q131690538,Pinacoteca Museo della Collegiata di Sant'Andrea
http://www.wikidata.org/entity/Q131690539,Museo diocesano d'arte sacra (Volterra)
http://www.wikidata.org/entity/Q131690536,Galleria Borghese
http://www.wikidata.org/entity/Q131690537,Pinacoteca Querini Stampalia
http://www.wikidata.org/entity/Q131690542,Museo del Cenacolo di Andrea del Sarto
http://www.wikidata.org/entity/Q131690543,Pinacoteca Museo della Collegiata di Sant'Andrea
http://www.wikidata.org/entity/Q131690540,
http://www.wikidata.org/entity/Q131690546,Museo diocesano (Genova)
http://www.wikidata.org/entity/Q131690550,Galleria nazionale delle Marche
http://www.wikidata.org/entity/Q131690551,Pinacoteca nazionale di Ferrara
http://www.wikidata.org/entity/Q131690548,collegiata di San Giuliano
http://www.wikidata.org/entity/Q131690549,Museo Civico Archeologico e d'Arte Sacra Palazzo Corboli
http://www.wikidata.org/entity/Q131690555,duomo di Prato
http://www.wikidata.org/entity/Q131690552,Galleria delle pitture e delle statue degli Uffizi
http://www.wikidata.org/entity/Q131690553,Palazzo Vecchio
http://www.wikidata.org/entity/Q131690558,Pinacoteca nazionale di Siena
http://www.wikidata.org/entity/Q131690556,basilica di San Marco
http://www.wikidata.org/entity/Q131690557,convento di San Domenico
http://www.wikidata.org/entity/Q131690562,Museo dell'Accademia Etrusca e della città di Cortona
http://www.wikidata.org/entity/Q131690563,Pinacoteca nazionale di Siena
http://www.wikidata.org/entity/Q131690560,Pinacoteca Querini Stampalia
http://www.wikidata.org/entity/Q131690561,Accademia dei Concordi di Rovigo
http://www.wikidata.org/entity/Q131690566,basilica di Santa Maria sopra Minerva
http://www.wikidata.org/entity/Q131690564,chiesa di San Lino
http://www.wikidata.org/entity/Q131690571,Museo nazionale di San Matteo
http://www.wikidata.org/entity/Q131690568,chiesa di San Cristoforo
http://www.wikidata.org/entity/Q131690574,Museo Bandini
http://www.wikidata.org/entity/Q131690575,Palazzo Fava
http://www.wikidata.org/entity/Q131766192,
http://www.wikidata.org/entity/Q131812877,Galleria dell'Accademia
http://www.wikidata.org/entity/Q131812900,duomo di Prato
http://www.wikidata.org/entity/Q131812901,Museo dell'Opera del Duomo
http://www.wikidata.org/entity/Q131812919,Palazzo Rosso
http://www.wikidata.org/entity/Q131812917,Museo di Palazzo Pretorio
http://www.wikidata.org/entity/Q131812921,chiesa di San Maurizio al Monastero Maggiore
http://www.wikidata.org/entity/Q131812935,Palazzo Fava
http://www.wikidata.org/entity/Q131812933,Palazzo Fava
http://www.wikidata.org/entity/Q131812937,Palazzo Fava
http://www.wikidata.org/entity/Q131813151,Palazzo Ducale
http://www.wikidata.org/entity/Q131813148,Palazzo Ducale
http://www.wikidata.org/entity/Q131813153,Palazzo Ducale
http://www.wikidata.org/entity/Q131813159,Sala dell'Anticollegio
http://www.wikidata.org/entity/Q131813192,chiesa di Sant'Ignazio di Loyola in Campo Marzio
http://www.wikidata.org/entity/Q131813340,Palazzo Grimani di Santa Maria Formosa
http://www.wikidata.org/entity/Q131823354,Galleria d'arte moderna di Firenze
http://www.wikidata.org/entity/Q131823355,Palazzo Ducale
http://www.wikidata.org/entity/Q131823366,Museo di Palazzo Pretorio
http://www.wikidata.org/entity/Q131823364,chiesa di San Carlo dei Lombardi
http://www.wikidata.org/entity/Q131823365,Museo del Cenacolo di Andrea del Sarto
http://www.wikidata.org/entity/Q131825279,Museo archeologico nazionale di Napoli
http://www.wikidata.org/entity/Q131825292,Palazzo Rosso
http://www.wikidata.org/entity/Q131825306,Studiolo di Francesco I
http://www.wikidata.org/entity/Q131825307,Galleria delle pitture e delle statue degli Uffizi
http://www.wikidata.org/entity/Q131825315,Museo Correr
http://www.wikidata.org/entity/Q131825312,Museo civico di Palazzo Chiericati
http://www.wikidata.org/entity/Q131825319,Museo del Cenacolo di Andrea del Sarto
http://www.wikidata.org/entity/Q131825316,Museo Correr
http://www.wikidata.org/entity/Q131825317,Pinacoteca nazionale di Ferrara
http://www.wikidata.org/entity/Q131825322,Palazzo Rosso
http://www.wikidata.org/entity/Q131825323,Galleria Estense
http://www.wikidata.org/entity/Q131825320,Palazzo Rosso
http://www.wikidata.org/entity/Q131825326,Palazzo Rosso
http://www.wikidata.org/entity/Q131825324,Galleria di Palazzo Cini
http://www.wikidata.org/entity/Q131825329,Galleria Nazionale d'Arte Moderna e Contemporanea
http://www.wikidata.org/entity/Q131825338,Palazzo Ducale
http://www.wikidata.org/entity/Q131825360,Museo diocesano d'arte sacra (San Miniato)
http://www.wikidata.org/entity/Q131825364,Galleria internazionale d'arte moderna
http://www.wikidata.org/entity/Q131829978,Museo diocesano
http://www.wikidata.org/entity/Q131830267,Museo diocesano
http://www.wikidata.org/entity/Q131830296,Museo diocesano
http://www.wikidata.org/entity/Q131830590,duomo di Vercelli
http://www.wikidata.org/entity/Q131831531,Museo diocesano
http://www.wikidata.org/entity/Q131831573,Museo diocesano
http://www.wikidata.org/entity/Q131831783,Museo diocesano
http://www.wikidata.org/entity/Q131832197,Museo diocesano
http://www.wikidata.org/entity/Q131832227,Museo diocesano
http://www.wikidata.org/entity/Q131840176,Museo diocesano
http://www.wikidata.org/entity/Q131851008,Gallerie dell'Accademia
http://www.wikidata.org/entity/Q131851009,Museo di Castelvecchio
http://www.wikidata.org/entity/Q131851014,convento di San Francesco
http://www.wikidata.org/entity/Q131851015,Gallerie d'Italia – Milano
http://www.wikidata.org/entity/Q131851012,Museo di arte sacra della Val d'Arbia
http://www.wikidata.org/entity/Q131851013,duomo di Prato
http://www.wikidata.org/entity/Q131851018,Museo degli innocenti
http://www.wikidata.org/entity/Q131851016,Palazzo Rosso
http://www.wikidata.org/entity/Q131851028,Palazzo Ducale
http://www.wikidata.org/entity/Q131851035,Museo Poldi Pezzoli
http://www.wikidata.org/entity/Q131851042,Palazzo Ducale
http://www.wikidata.org/entity/Q131851041,Palazzo Ducale
http://www.wikidata.org/entity/Q131851051,Palazzo Ducale
http://www.wikidata.org/entity/Q131851094,Museo dell'Opera del Duomo
http://www.wikidata.org/entity/Q131851103,Palazzo Ducale
http://www.wikidata.org/entity/Q131851100,Palazzo Ducale
http://www.wikidata.org/entity/Q131851106,Museo civico d'arte antica
http://www.wikidata.org/entity/Q131851108,Museo di arte sacra di San Donnino
http://www.wikidata.org/entity/Q131851122,Galleria Napoletana del Museo di Capodimonte
http://www.wikidata.org/entity/Q131851126,Palazzo Ducale
http://www.wikidata.org/entity/Q131851124,Palazzo Ducale
http://www.wikidata.org/entity/Q131851125,Museo dell'Opera di Santa Croce
http://www.wikidata.org/entity/Q131851135,Palazzo Ducale
http://www.wikidata.org/entity/Q131851136,Palazzo Ducale
http://www.wikidata.org/entity/Q131856664,Museo diocesano
http://www.wikidata.org/entity/Q131856823,Museo diocesano
http://www.wikidata.org/entity/Q131856942,Museo diocesano
http://www.wikidata.org/entity/Q131857319,Museo diocesano
http://www.wikidata.org/entity/Q131857510,Museo diocesano
http://www.wikidata.org/entity/Q131859345,Museo diocesano
http://www.wikidata.org/entity/Q131859480,Museo diocesano
http://www.wikidata.org/entity/Q131859542,Museo diocesano
http://www.wikidata.org/entity/Q131860141,Museo diocesano
http://www.wikidata.org/entity/Q131860198,Museo diocesano
http://www.wikidata.org/entity/Q131861810,Museo diocesano
http://www.wikidata.org/entity/Q131861981,Museo diocesano
http://www.wikidata.org/entity/Q131868524,oratorio di San Sebastiano e della Vergine Assunta
http://www.wikidata.org/entity/Q131869926,Museo diocesano; oratorio di San Giovanni Battista
http://www.wikidata.org/entity/Q131869955,Museo diocesano
http://www.wikidata.org/entity/Q131919623,Pinacoteca di Brera
http://www.wikidata.org/entity/Q131937025,Pinacoteca nazionale di Ferrara
http://www.wikidata.org/entity/Q131937030,Galleria Doria Pamphilj
http://www.wikidata.org/entity/Q131937031,chiesa di Santa Maria Maddalena dei Pazzi
http://www.wikidata.org/entity/Q131937032,Scuola di San Giorgio degli Schiavoni
http://www.wikidata.org/entity/Q131937036,Galleria delle pitture e delle statue degli Uffizi
http://www.wikidata.org/entity/Q131937042,Galleria Borghese
http://www.wikidata.org/entity/Q131937045,Museo diocesano d'arte sacra
http://www.wikidata.org/entity/Q131937061,Galleria all'aperto dell'affresco di Arcumeggia
http://www.wikidata.org/entity/Q131937066,
http://www.wikidata.org/entity/Q131937070,chiesa di San Pietro martire
http://www.wikidata.org/entity/Q131937078,Pinacoteca Nazionale di Bologna
http://www.wikidata.org/entity/Q131937079,basilica di San Lorenzo
http://www.wikidata.org/entity/Q131937080,
http://www.wikidata.org/entity/Q131937081,chiesa di San Trovaso
http://www.wikidata.org/entity/Q131937094,Galleria all'aperto dell'affresco di Arcumeggia
http://www.wikidata.org/entity/Q131937102,chiesa di Santa Maria delle Grazie
http://www.wikidata.org/entity/Q131937109,Galleria delle pitture e delle statue degli Uffizi
http://www.wikidata.org/entity/Q131937113,Palazzo Lanfranchi
http://www.wikidata.org/entity/Q131937118,Quadreria di Casa Martelli
http://www.wikidata.org/entity/Q132147956,Museo dell'Abbazia di Pomposa
http://www.wikidata.org/entity/Q132147979,Museo diocesano di Cortona
http://www.wikidata.org/entity/Q132147995,Museo diocesano (Genova)
http://www.wikidata.org/entity/Q132147993,Pinacoteca Nazionale di Bologna
http://www.wikidata.org/entity/Q132147998,chiesa di Santa Maria Maddalena dei Pazzi
http://www.wikidata.org/entity/Q132147996,Accademia ligustica di belle arti
http://www.wikidata.org/entity/Q132147997,
http://www.wikidata.org/entity/Q132148002,raccolta d’arte sacra della Collegiata di Santa Maria Assunta
http://www.wikidata.org/entity/Q132148006,Pinacoteca nazionale di Ferrara
http://www.wikidata.org/entity/Q132148011,cattedrale di San Cerbone
http://www.wikidata.org/entity/Q132148015,Museo nazionale d'arte medievale e moderna della Basilicata
http://www.wikidata.org/entity/Q132148013,basilica di San Clemente in Santa Maria dei Servi
http://www.wikidata.org/entity/Q132148016,Galleria d'arte moderna di Firenze
http://www.wikidata.org/entity/Q132148031,chiostro dello Scalzo
http://www.wikidata.org/entity/Q132148039,Casa Buonarroti
http://www.wikidata.org/entity/Q132148037,Museo del Cenacolo di Andrea del Sarto
http://www.wikidata.org/entity/Q132148050,Palazzo Ducale
http://www.wikidata.org/entity/Q132148051,chiesa della Madonna dell'Orto
http://www.wikidata.org/entity/Q132148054,Museo di Palazzo Pretorio
http://www.wikidata.org/entity/Q132148052,chiesa di San Bartolomeo
http://www.wikidata.org/entity/Q132148057,Museo di Palazzo Pretorio
http://www.wikidata.org/entity/Q132148061,Scuola di San Giorgio degli Schiavoni
http://www.wikidata.org/entity/Q132148134,cenacolo di Santa Croce
http://www.wikidata.org/entity/Q132148137,Pinacoteca nazionale di Ferrara
http://www.wikidata.org/entity/Q132166188,Civico museo archeologico di Milano
http://www.wikidata.org/entity/Q132166238,Museo archeologico nazionale di Napoli
http://www.wikidata.org/entity/Q132166239,Museo archeologico nazionale di Napoli
http://www.wikidata.org/entity/Q132166241,Museo archeologico nazionale di Napoli
http://www.wikidata.org/entity/Q132166246,Museo archeologico nazionale di Napoli
http://www.wikidata.org/entity/Q132166245,Museo archeologico nazionale di Napoli
http://www.wikidata.org/entity/Q132166250,Museo archeologico nazionale di Napoli
http://www.wikidata.org/entity/Q132166251,Museo archeologico nazionale di Napoli
http://www.wikidata.org/entity/Q132166254,Museo archeologico nazionale di Napoli
http://www.wikidata.org/entity/Q132166252,Museo archeologico nazionale di Napoli
http://www.wikidata.org/entity/Q132166258,Museo archeologico nazionale di Napoli
http://www.wikidata.org/entity/Q132166259,Museo archeologico nazionale di Napoli
http://www.wikidata.org/entity/Q132166256,Museo archeologico nazionale di Napoli
http://www.wikidata.org/entity/Q132166257,Museo archeologico nazionale di Napoli
http://www.wikidata.org/entity/Q132166260,Museo archeologico nazionale di Napoli
http://www.wikidata.org/entity/Q132166261,Museo archeologico nazionale di Napoli
http://www.wikidata.org/entity/Q132166270,Museo Correr
http://www.wikidata.org/entity/Q132166271,Museo Correr
http://www.wikidata.org/entity/Q132166275,Museo Correr
http://www.wikidata.org/entity/Q132166272,ex convento di San Pietro a Luco
http://www.wikidata.org/entity/Q132166294,Pinacoteca nazionale di Cagliari
http://www.wikidata.org/entity/Q132166295,Pinacoteca nazionale di Cagliari
http://www.wikidata.org/entity/Q132166292,Pinacoteca nazionale di Cagliari
http://www.wikidata.org/entity/Q132166293,Pinacoteca nazionale di Cagliari
http://www.wikidata.org/entity/Q132166298,Pinacoteca nazionale di Cagliari
http://www.wikidata.org/entity/Q132166296,Museo Correr
http://www.wikidata.org/entity/Q132166297,Museo Correr
http://www.wikidata.org/entity/Q132188587,Palazzo Cenci
http://www.wikidata.org/entity/Q132190189,Museo del settecento veneziano
http://www.wikidata.org/entity/Q132247240,Pinacoteca nazionale di Ferrara
http://www.wikidata.org/entity/Q132247244,chiesa di San Francesco
http://www.wikidata.org/entity/Q132247267,Palazzo Pepoli Campogrande
http://www.wikidata.org/entity/Q132247310,Museo nazionale di Villa Guinigi
http://www.wikidata.org/entity/Q132247313,Museo Mandralisca
http://www.wikidata.org/entity/Q132247316,Museo Mandralisca
http://www.wikidata.org/entity/Q132247327,Galleria nazionale dell'Umbria
http://www.wikidata.org/entity/Q132247331,basilica di San Zeno
http://www.wikidata.org/entity/Q132247328,Museo della città di Rimini
http://www.wikidata.org/entity/Q132247334,Museo e pinacoteca Scipione Gentili
http://www.wikidata.org/entity/Q132247338,Tesoro di San Marco
http://www.wikidata.org/entity/Q132247378,Palazzo Pubblico
http://www.wikidata.org/entity/Q132247376,Palazzo Pubblico
http://www.wikidata.org/entity/Q132247380,Palazzo Pubblico
http://www.wikidata.org/entity/Q132247435,Accademia Carrara
http://www.wikidata.org/entity/Q132247451,Museo di Palazzo Pretorio
http://www.wikidata.org/entity/Q132397606,Museo Masaccio
http://www.wikidata.org/entity/Q132397607,museo civico di Viterbo
http://www.wikidata.org/entity/Q132397604,Pinacoteca Museo della Collegiata di Sant'Andrea
http://www.wikidata.org/entity/Q132397610,ex convento di San Pietro a Luco
http://www.wikidata.org/entity/Q132397611,ex convento di San Pietro a Luco
http://www.wikidata.org/entity/Q132397614,Pinacoteca nazionale di Siena
http://www.wikidata.org/entity/Q132397615,Pinacoteca Querini Stampalia
http://www.wikidata.org/entity/Q132397613,Pinacoteca nazionale di Ferrara
http://www.wikidata.org/entity/Q132397621,Accademia delle arti del disegno
http://www.wikidata.org/entity/Q132397631,Museo nazionale di San Matteo
http://www.wikidata.org/entity/Q132397663,Museo nazionale di Villa Guinigi
http://www.wikidata.org/entity/Q132397660,Museo di Palazzo Pretorio
http://www.wikidata.org/entity/Q132397666,Museo dell'Accademia Etrusca e della città di Cortona
http://www.wikidata.org/entity/Q132397667,Museo dell'Accademia Etrusca e della città di Cortona
http://www.wikidata.org/entity/Q132397664,Museo dell'Accademia Etrusca e della città di Cortona
http://www.wikidata.org/entity/Q132397665,Galleria delle pitture e delle statue degli Uffizi
http://www.wikidata.org/entity/Q132397670,chiesa di Santa Felicita
http://www.wikidata.org/entity/Q132397668,Museo dell'Accademia Etrusca e della città di Cortona
http://www.wikidata.org/entity/Q132397669,Museo dell'Accademia Etrusca e della città di Cortona
http://www.wikidata.org/entity/Q132397673,chiesa di Santa Maria in Vallicella
http://www.wikidata.org/entity/Q132397679,deposito del museo
http://www.wikidata.org/entity/Q132397687,Palazzo Fenzi
http://www.wikidata.org/entity/Q132397698,Gallerie Nazionali di Palazzo Spinola
http://www.wikidata.org/entity/Q132397696,Pinacoteca di Brera
http://www.wikidata.org/entity/Q132397700,Palazzo Zevallos
http://www.wikidata.org/entity/Q132397710,Pinacoteca nazionale di Ferrara
http://www.wikidata.org/entity/Q132397711,Palazzo Rosso
http://www.wikidata.org/entity/Q132397715,chiesa di San Leone
http://www.wikidata.org/entity/Q132397712,cattedrale di San Lorenzo
http://www.wikidata.org/entity/Q132397719,Galleria di Palazzo Cini
http://www.wikidata.org/entity/Q132397716,Palazzo Rosso
http://www.wikidata.org/entity/Q132397721,Galleria delle pitture e delle statue degli Uffizi
http://www.wikidata.org/entity/Q132397728,Palazzo degli Uffizi
http://www.wikidata.org/entity/Q132397743,Museo Francesco Borgogna
http://www.wikidata.org/entity/Q132397741,Musei civici di Asti - Raccolte in Palazzo Mazzetti
http://www.wikidata.org/entity/Q132397746,Pinacoteca Querini Stampalia
http://www.wikidata.org/entity/Q132397744,Museo di Palazzo Pretorio
http://www.wikidata.org/entity/Q132397750,Pinacoteca nazionale di Ferrara
http://www.wikidata.org/entity/Q132397751,Pinacoteca Nazionale di Bologna
http://www.wikidata.org/entity/Q132397749,Palazzo Rosso
http://www.wikidata.org/entity/Q132397755,Pinacoteca nazionale di Ferrara
http://www.wikidata.org/entity/Q132397753,Pinacoteca nazionale di Ferrara
http://www.wikidata.org/entity/Q132397758,Pinacoteca nazionale di Ferrara
http://www.wikidata.org/entity/Q132397759,Pinacoteca nazionale di Siena
http://www.wikidata.org/entity/Q132397756,Pinacoteca Nazionale di Bologna
http://www.wikidata.org/entity/Q132397757,Pinacoteca nazionale di Siena
http://www.wikidata.org/entity/Q132397761,Pinacoteca Nazionale di Bologna
http://www.wikidata.org/entity/Q132655854,deposito del museo
http://www.wikidata.org/entity/Q132732649,Raccolte d'arte dell'Ospedale Maggiore di Milano
http://www.wikidata.org/entity/Q132732774,Raccolte d'arte dell'Ospedale Maggiore di Milano
http://www.wikidata.org/entity/Q132861558,Museo nazionale di Capodimonte
http://www.wikidata.org/entity/Q133269222,Ferrara
http://www.wikidata.org/entity/Q133269326,Ferrara
http://www.wikidata.org/entity/Q133269393,Firenze
http://www.wikidata.org/entity/Q133272425,Firenze
http://www.wikidata.org/entity/Q133273079,Milano
http://www.wikidata.org/entity/Q133273191,Milano
http://www.wikidata.org/entity/Q133280987,Museo pontificio della Santa Casa
http://www.wikidata.org/entity/Q133280990,Accademia ligustica di belle arti
http://www.wikidata.org/entity/Q133280991,convento presso la Basilica di San Domenico
http://www.wikidata.org/entity/Q133280994,Museo civico Amedeo Lia
http://www.wikidata.org/entity/Q133280993,Museo di Orsanmichele
http://www.wikidata.org/entity/Q133280996,Pinacoteca di Brera
http://www.wikidata.org/entity/Q133281000,Museo Civico di Pistoia
http://www.wikidata.org/entity/Q133281004,Galleria di Palazzo Cini
http://www.wikidata.org/entity/Q133281008,Museo del Cenacolo di Andrea del Sarto
http://www.wikidata.org/entity/Q133281009,chiesa di San Giovanni Elemosinario
http://www.wikidata.org/entity/Q133281015,Accademia dei Concordi di Rovigo
http://www.wikidata.org/entity/Q133281013,Galleria dell'Accademia
http://www.wikidata.org/entity/Q133281018,pieve di Santa Maria
http://www.wikidata.org/entity/Q133281019,Museo pontificio della Santa Casa
http://www.wikidata.org/entity/Q133281016,chiesa di Santa Caterina dei Funari
http://www.wikidata.org/entity/Q133281023,Pinacoteca metropolitana di Bari
http://www.wikidata.org/entity/Q133281021,Palazzo Rosso
http://www.wikidata.org/entity/Q133281027,museo di San Domenico di Bologna
http://www.wikidata.org/entity/Q133281024,Museo di Palazzo Pretorio
http://www.wikidata.org/entity/Q133281030,Galleria delle pitture e delle statue degli Uffizi
http://www.wikidata.org/entity/Q133281031,Scuola Grande di San Rocco
http://www.wikidata.org/entity/Q133281028,chiesa di San Vidal
http://www.wikidata.org/entity/Q133281038,chiesa di San Trovaso
http://www.wikidata.org/entity/Q133281054,Scuola Grande di San Rocco
http://www.wikidata.org/entity/Q133281058,Pinacoteca civica Tacchi-Venturi
http://www.wikidata.org/entity/Q133281056,Scuola Grande di San Rocco
http://www.wikidata.org/entity/Q133281062,basilica di Sant'Antonio di Padova
http://www.wikidata.org/entity/Q133281060,Galleria all'aperto dell'affresco di Arcumeggia
http://www.wikidata.org/entity/Q133281064,Galleria all'aperto dell'affresco di Arcumeggia
http://www.wikidata.org/entity/Q133281065,chiesa di Sant'Ignazio di Loyola in Campo Marzio
http://www.wikidata.org/entity/Q133281074,basilica di Santa Giustina
http://www.wikidata.org/entity/Q133281075,basilica di Santa Giustina
http://www.wikidata.org/entity/Q133281073,basilica di Santa Giustina
http://www.wikidata.org/entity/Q133281078,basilica di Santa Maria sopra Minerva
http://www.wikidata.org/entity/Q133281079,Museo di Palazzo Pretorio
http://www.wikidata.org/entity/Q133281076,basilica di Santa Giustina
http://www.wikidata.org/entity/Q133281091,Museo di Palazzo Pretorio
http://www.wikidata.org/entity/Q133281094,chiesa di San Bartolomeo
http://www.wikidata.org/entity/Q133281103,Galleria Nazionale d'Arte Moderna e Contemporanea
http://www.wikidata.org/entity/Q133377050,Castello Reale di Racconigi
http://www.wikidata.org/entity/Q133460319,Milano
http://www.wikidata.org/entity/Q133520790,palazzo della Farnesina
http://www.wikidata.org/entity/Q133538987,Salotto Celeste di Palazzo Pitti
http://www.wikidata.org/entity/Q133572599,villa Reale di Milano
http://www.wikidata.org/entity/Q133580122,palazzo della Farnesina
http://www.wikidata.org/entity/Q133663142,palazzo della Farnesina
http://www.wikidata.org/entity/Q133756640,Accademia Carrara
http://www.wikidata.org/entity/Q133806816,"Civica Pinacoteca ""il Guercino"""
http://www.wikidata.org/entity/Q133832267,Gallerie dell'Accademia
http://www.wikidata.org/entity/Q133838769,Museo Civico di Bassano
http://www.wikidata.org/entity/Q133853068,Sala di Didone
http://www.wikidata.org/entity/Q133853701,chiesa di San Rocco
http://www.wikidata.org/entity/Q133857279,Complesso di Santa Caterina
http://www.wikidata.org/entity/Q133871397,Palazzo della Marra
http://www.wikidata.org/entity/Q133877955,Museo Fortuny
http://www.wikidata.org/entity/Q133878297,Museo Fortuny
http://www.wikidata.org/entity/Q133878813,Museo Fortuny
http://www.wikidata.org/entity/Q134006791,santuario della Madonna della Pace
http://www.wikidata.org/entity/Q134475701,Galleria civica d'arte moderna e contemporanea di Torino
http://www.wikidata.org/entity/Q134486443,Pinacoteca Nazionale di Bologna
http://www.wikidata.org/entity/Q134580708,Accademia Carrara
http://www.wikidata.org/entity/Q134691464,Accademia nazionale di San Luca
http://www.wikidata.org/entity/Q134699222,Museo civico di Modena
http://www.wikidata.org/entity/Q134820887,I Tatti
http://www.wikidata.org/entity/Q134960128,Galleria Sabauda
http://www.wikidata.org/entity/Q135088946,Raccolte Frugone
