id,larghezza
http://www.wikidata.org/entity/Q592551,
http://www.wikidata.org/entity/Q945625,
http://www.wikidata.org/entity/Q2045726,
http://www.wikidata.org/entity/Q2551625,
http://www.wikidata.org/entity/Q3698204,
http://www.wikidata.org/entity/Q3862624,
http://www.wikidata.org/entity/Q3877894,
http://www.wikidata.org/entity/Q3908184,
http://www.wikidata.org/entity/Q3945254,
http://www.wikidata.org/entity/Q3948034,
http://www.wikidata.org/entity/Q3948651,
http://www.wikidata.org/entity/Q3949208,
http://www.wikidata.org/entity/Q3949310,
http://www.wikidata.org/entity/Q3949373,
http://www.wikidata.org/entity/Q3949458,
http://www.wikidata.org/entity/Q3949459,
http://www.wikidata.org/entity/Q3974449,
http://www.wikidata.org/entity/Q3979952,
http://www.wikidata.org/entity/Q3994163,
http://www.wikidata.org/entity/Q151047,278.5
http://www.wikidata.org/entity/Q180632,176
http://www.wikidata.org/entity/Q368788,176
http://www.wikidata.org/entity/Q428274,61
http://www.wikidata.org/entity/Q15157527,
http://www.wikidata.org/entity/Q488825,134
http://www.wikidata.org/entity/Q493792,53
http://www.wikidata.org/entity/Q532486,93.5
http://www.wikidata.org/entity/Q16585871,
http://www.wikidata.org/entity/Q546297,81
http://www.wikidata.org/entity/Q549847,319
http://www.wikidata.org/entity/Q580853,60
http://www.wikidata.org/entity/Q19390001,
http://www.wikidata.org/entity/Q20744065,
http://www.wikidata.org/entity/Q20744144,
http://www.wikidata.org/entity/Q20744173,
http://www.wikidata.org/entity/Q672817,138
http://www.wikidata.org/entity/Q21192549,
http://www.wikidata.org/entity/Q21666329,
http://www.wikidata.org/entity/Q732821,108
http://www.wikidata.org/entity/Q733017,430
http://www.wikidata.org/entity/Q734197,140
http://www.wikidata.org/entity/Q22917444,
http://www.wikidata.org/entity/Q22949778,
http://www.wikidata.org/entity/Q22949827,
http://www.wikidata.org/entity/Q22958240,
http://www.wikidata.org/entity/Q23006207,
http://www.wikidata.org/entity/Q742801,33.7
http://www.wikidata.org/entity/Q794077,279
http://www.wikidata.org/entity/Q24933808,
http://www.wikidata.org/entity/Q26256901,
http://www.wikidata.org/entity/Q26488380,
http://www.wikidata.org/entity/Q867678,86
http://www.wikidata.org/entity/Q27504416,
http://www.wikidata.org/entity/Q27507068,
http://www.wikidata.org/entity/Q28229077,
http://www.wikidata.org/entity/Q924655,315
http://www.wikidata.org/entity/Q29114098,
http://www.wikidata.org/entity/Q945250,44
http://www.wikidata.org/entity/Q948034,61
http://www.wikidata.org/entity/Q955295,41
http://www.wikidata.org/entity/Q959174,44
http://www.wikidata.org/entity/Q30605361,
http://www.wikidata.org/entity/Q1055111,62
http://www.wikidata.org/entity/Q1109340,87
http://www.wikidata.org/entity/Q1109475,156
http://www.wikidata.org/entity/Q1110146,320
http://www.wikidata.org/entity/Q1111232,49
http://www.wikidata.org/entity/Q1114823,27
http://www.wikidata.org/entity/Q1114856,65
http://www.wikidata.org/entity/Q1114881,284
http://www.wikidata.org/entity/Q1115423,71
http://www.wikidata.org/entity/Q1115413,165
http://www.wikidata.org/entity/Q1113938,239.4
http://www.wikidata.org/entity/Q1119008,162
http://www.wikidata.org/entity/Q1119782,598
http://www.wikidata.org/entity/Q1121644,31
http://www.wikidata.org/entity/Q1122002,31
http://www.wikidata.org/entity/Q1122537,180
http://www.wikidata.org/entity/Q1131263,258
http://www.wikidata.org/entity/Q1132479,300
http://www.wikidata.org/entity/Q1132486,178
http://www.wikidata.org/entity/Q1134060,66
http://www.wikidata.org/entity/Q37027223,
http://www.wikidata.org/entity/Q1195035,88
http://www.wikidata.org/entity/Q1212920,91
http://www.wikidata.org/entity/Q1215809,227
http://www.wikidata.org/entity/Q1217187,91
http://www.wikidata.org/entity/Q1237596,990
http://www.wikidata.org/entity/Q1240092,119
http://www.wikidata.org/entity/Q1328065,96
http://www.wikidata.org/entity/Q42189297,
http://www.wikidata.org/entity/Q1448203,189
http://www.wikidata.org/entity/Q1448701,125
http://www.wikidata.org/entity/Q1460271,119
http://www.wikidata.org/entity/Q46998093,
http://www.wikidata.org/entity/Q51212996,
http://www.wikidata.org/entity/Q51918916,
http://www.wikidata.org/entity/Q1751408,471
http://www.wikidata.org/entity/Q1761496,194
http://www.wikidata.org/entity/Q1762826,56
http://www.wikidata.org/entity/Q56258104,
http://www.wikidata.org/entity/Q56258413,
http://www.wikidata.org/entity/Q56318135,
http://www.wikidata.org/entity/Q56323639,
http://www.wikidata.org/entity/Q56599032,
http://www.wikidata.org/entity/Q56776954,
http://www.wikidata.org/entity/Q1863885,117
http://www.wikidata.org/entity/Q58177339,
http://www.wikidata.org/entity/Q58178579,
http://www.wikidata.org/entity/Q58181750,
http://www.wikidata.org/entity/Q58480176,
http://www.wikidata.org/entity/Q1899740,344
http://www.wikidata.org/entity/Q59914107,
http://www.wikidata.org/entity/Q60838300,
http://www.wikidata.org/entity/Q2011510,85
http://www.wikidata.org/entity/Q2016193,204
http://www.wikidata.org/entity/Q2030685,118
http://www.wikidata.org/entity/Q2035209,55.9
http://www.wikidata.org/entity/Q63994924,
http://www.wikidata.org/entity/Q63995247,
http://www.wikidata.org/entity/Q2066739,450
http://www.wikidata.org/entity/Q2092566,118
http://www.wikidata.org/entity/Q2097931,175
http://www.wikidata.org/entity/Q2247307,330
http://www.wikidata.org/entity/Q69859246,
http://www.wikidata.org/entity/Q2264942,260
http://www.wikidata.org/entity/Q2267509,24
http://www.wikidata.org/entity/Q2268013,71
http://www.wikidata.org/entity/Q2269585,39.5
http://www.wikidata.org/entity/Q2269291,143.5
http://www.wikidata.org/entity/Q2270291,54.5
http://www.wikidata.org/entity/Q2273517,175
http://www.wikidata.org/entity/Q2275371,90
http://www.wikidata.org/entity/Q2275353,92.5
http://www.wikidata.org/entity/Q2277635,275
http://www.wikidata.org/entity/Q2284829,135
http://www.wikidata.org/entity/Q2293905,55
http://www.wikidata.org/entity/Q2293936,53
http://www.wikidata.org/entity/Q71126799,
http://www.wikidata.org/entity/Q2325834,103
http://www.wikidata.org/entity/Q2327715,211
http://www.wikidata.org/entity/Q2337873,186
http://www.wikidata.org/entity/Q2338404,31
http://www.wikidata.org/entity/Q2338417,343
http://www.wikidata.org/entity/Q2343939,34
http://www.wikidata.org/entity/Q2405771,40.5
http://www.wikidata.org/entity/Q2426058,147.5
http://www.wikidata.org/entity/Q2448678,170
http://www.wikidata.org/entity/Q2459887,56
http://www.wikidata.org/entity/Q2470123,195
http://www.wikidata.org/entity/Q2472983,568
http://www.wikidata.org/entity/Q2515309,45
http://www.wikidata.org/entity/Q78330040,
http://www.wikidata.org/entity/Q78756742,
http://www.wikidata.org/entity/Q78783346,
http://www.wikidata.org/entity/Q78799218,
http://www.wikidata.org/entity/Q78910398,
http://www.wikidata.org/entity/Q79020756,
http://www.wikidata.org/entity/Q79021962,
http://www.wikidata.org/entity/Q79022279,
http://www.wikidata.org/entity/Q79022528,
http://www.wikidata.org/entity/Q79022983,
http://www.wikidata.org/entity/Q79023210,
http://www.wikidata.org/entity/Q79023501,
http://www.wikidata.org/entity/Q79024730,
http://www.wikidata.org/entity/Q79025062,
http://www.wikidata.org/entity/Q79026167,
http://www.wikidata.org/entity/Q2610936,67
http://www.wikidata.org/entity/Q2610729,119.5
http://www.wikidata.org/entity/Q2626595,260
http://www.wikidata.org/entity/Q2627056,101
http://www.wikidata.org/entity/Q2629715,31
http://www.wikidata.org/entity/Q2635552,91
http://www.wikidata.org/entity/Q2665840,349
http://www.wikidata.org/entity/Q2713203,150
http://www.wikidata.org/entity/Q2713823,35.5
http://www.wikidata.org/entity/Q2714237,156
http://www.wikidata.org/entity/Q2715177,157
http://www.wikidata.org/entity/Q2715302,211
http://www.wikidata.org/entity/Q2717478,5454
http://www.wikidata.org/entity/Q2732274,30
http://www.wikidata.org/entity/Q2734111,90
http://www.wikidata.org/entity/Q86674601,
http://www.wikidata.org/entity/Q2866382,400
http://www.wikidata.org/entity/Q88961191,
http://www.wikidata.org/entity/Q2872721,53
http://www.wikidata.org/entity/Q89697566,
http://www.wikidata.org/entity/Q90291195,
http://www.wikidata.org/entity/Q2920183,235
http://www.wikidata.org/entity/Q2929922,300
http://www.wikidata.org/entity/Q93520523,
http://www.wikidata.org/entity/Q93631317,
http://www.wikidata.org/entity/Q3044873,300
http://www.wikidata.org/entity/Q94634547,
http://www.wikidata.org/entity/Q96192148,
http://www.wikidata.org/entity/Q97378803,
http://www.wikidata.org/entity/Q97669288,
http://www.wikidata.org/entity/Q97669846,
http://www.wikidata.org/entity/Q98108204,
http://www.wikidata.org/entity/Q98449585,
http://www.wikidata.org/entity/Q98545387,
http://www.wikidata.org/entity/Q98557614,
http://www.wikidata.org/entity/Q98684801,
http://www.wikidata.org/entity/Q3185885,300
http://www.wikidata.org/entity/Q3201479,240
http://www.wikidata.org/entity/Q3207247,50
http://www.wikidata.org/entity/Q3207678,195
http://www.wikidata.org/entity/Q3207989,180
http://www.wikidata.org/entity/Q3210267,28
http://www.wikidata.org/entity/Q3213778,62
http://www.wikidata.org/entity/Q3213773,65
http://www.wikidata.org/entity/Q3213801,65
http://www.wikidata.org/entity/Q3220282,265
http://www.wikidata.org/entity/Q3223625,950
http://www.wikidata.org/entity/Q99937752,
http://www.wikidata.org/entity/Q3276171,90
http://www.wikidata.org/entity/Q3276180,110
http://www.wikidata.org/entity/Q3276168,41
http://www.wikidata.org/entity/Q105025725,
http://www.wikidata.org/entity/Q3399438,39.3
http://www.wikidata.org/entity/Q105760555,
http://www.wikidata.org/entity/Q106575251,
http://www.wikidata.org/entity/Q106857023,
http://www.wikidata.org/entity/Q107311733,
http://www.wikidata.org/entity/Q3463871,147
http://www.wikidata.org/entity/Q3464027,50
http://www.wikidata.org/entity/Q107440131,
http://www.wikidata.org/entity/Q107467842,
http://www.wikidata.org/entity/Q107548658,
http://www.wikidata.org/entity/Q3471589,50
http://www.wikidata.org/entity/Q3472935,54
http://www.wikidata.org/entity/Q108123187,
http://www.wikidata.org/entity/Q108123188,
http://www.wikidata.org/entity/Q108314527,
http://www.wikidata.org/entity/Q108321038,
http://www.wikidata.org/entity/Q108321039,
http://www.wikidata.org/entity/Q3495790,72
http://www.wikidata.org/entity/Q108799898,
http://www.wikidata.org/entity/Q108816249,
http://www.wikidata.org/entity/Q108900483,
http://www.wikidata.org/entity/Q109913050,
http://www.wikidata.org/entity/Q109928591,
http://www.wikidata.org/entity/Q110770118,
http://www.wikidata.org/entity/Q111041574,
http://www.wikidata.org/entity/Q111042707,
http://www.wikidata.org/entity/Q111485530,
http://www.wikidata.org/entity/Q111485979,
http://www.wikidata.org/entity/Q111486358,
http://www.wikidata.org/entity/Q111486756,
http://www.wikidata.org/entity/Q111486805,
http://www.wikidata.org/entity/Q111486873,
http://www.wikidata.org/entity/Q111738668,
http://www.wikidata.org/entity/Q3605530,260
http://www.wikidata.org/entity/Q3605568,130
http://www.wikidata.org/entity/Q3605532,243
http://www.wikidata.org/entity/Q111972094,
http://www.wikidata.org/entity/Q112034219,
http://www.wikidata.org/entity/Q112074870,
http://www.wikidata.org/entity/Q112125081,
http://www.wikidata.org/entity/Q112133371,
http://www.wikidata.org/entity/Q112133543,
http://www.wikidata.org/entity/Q3618188,189
http://www.wikidata.org/entity/Q3620765,600
http://www.wikidata.org/entity/Q3620766,119
http://www.wikidata.org/entity/Q3623738,14
http://www.wikidata.org/entity/Q3625842,58
http://www.wikidata.org/entity/Q3627401,337
http://www.wikidata.org/entity/Q3630726,26
http://www.wikidata.org/entity/Q3636748,89
http://www.wikidata.org/entity/Q3639064,416
http://www.wikidata.org/entity/Q3642142,110
http://www.wikidata.org/entity/Q3650885,71
http://www.wikidata.org/entity/Q113878786,
http://www.wikidata.org/entity/Q3685501,220
http://www.wikidata.org/entity/Q3686814,67.2
http://www.wikidata.org/entity/Q3697602,39
http://www.wikidata.org/entity/Q3697640,330
http://www.wikidata.org/entity/Q3698182,270
http://www.wikidata.org/entity/Q3697588,62.5
http://www.wikidata.org/entity/Q3704794,168
http://www.wikidata.org/entity/Q114869573,
http://www.wikidata.org/entity/Q3706331,380
http://www.wikidata.org/entity/Q3709306,167.8
http://www.wikidata.org/entity/Q115067483,
http://www.wikidata.org/entity/Q3711898,123
http://www.wikidata.org/entity/Q3714445,250
http://www.wikidata.org/entity/Q3725199,87.6
http://www.wikidata.org/entity/Q3725832,693
http://www.wikidata.org/entity/Q115680005,
http://www.wikidata.org/entity/Q3731103,72.1
http://www.wikidata.org/entity/Q3732905,165
http://www.wikidata.org/entity/Q115862528,
http://www.wikidata.org/entity/Q115898761,
http://www.wikidata.org/entity/Q3740793,90.5
http://www.wikidata.org/entity/Q3743879,175
http://www.wikidata.org/entity/Q3747239,76
http://www.wikidata.org/entity/Q116270130,
http://www.wikidata.org/entity/Q3752350,39
http://www.wikidata.org/entity/Q3752977,1588
http://www.wikidata.org/entity/Q3766168,54
http://www.wikidata.org/entity/Q3769202,860
http://www.wikidata.org/entity/Q3771679,224
http://www.wikidata.org/entity/Q3771749,197
http://www.wikidata.org/entity/Q3771746,346
http://www.wikidata.org/entity/Q116990427,
http://www.wikidata.org/entity/Q117042320,
http://www.wikidata.org/entity/Q3775535,42
http://www.wikidata.org/entity/Q3778382,45
http://www.wikidata.org/entity/Q117304805,
http://www.wikidata.org/entity/Q3784272,45
http://www.wikidata.org/entity/Q3784247,76
http://www.wikidata.org/entity/Q117427024,
http://www.wikidata.org/entity/Q117447676,
http://www.wikidata.org/entity/Q117470090,
http://www.wikidata.org/entity/Q117715996,
http://www.wikidata.org/entity/Q3797482,56
http://www.wikidata.org/entity/Q117834449,
http://www.wikidata.org/entity/Q117834473,
http://www.wikidata.org/entity/Q117834509,
http://www.wikidata.org/entity/Q117834674,
http://www.wikidata.org/entity/Q117834758,
http://www.wikidata.org/entity/Q117834806,
http://www.wikidata.org/entity/Q117834885,
http://www.wikidata.org/entity/Q117848663,
http://www.wikidata.org/entity/Q117848759,
http://www.wikidata.org/entity/Q117848804,
http://www.wikidata.org/entity/Q117848843,
http://www.wikidata.org/entity/Q117848873,
http://www.wikidata.org/entity/Q117849453,
http://www.wikidata.org/entity/Q117849868,
http://www.wikidata.org/entity/Q117850467,
http://www.wikidata.org/entity/Q117949491,
http://www.wikidata.org/entity/Q117950829,
http://www.wikidata.org/entity/Q118287906,
http://www.wikidata.org/entity/Q3817178,392
http://www.wikidata.org/entity/Q118368958,
http://www.wikidata.org/entity/Q118398891,
http://www.wikidata.org/entity/Q118399101,
http://www.wikidata.org/entity/Q3821139,35
http://www.wikidata.org/entity/Q3821405,364
http://www.wikidata.org/entity/Q118522898,
http://www.wikidata.org/entity/Q3823990,59
http://www.wikidata.org/entity/Q118590751,
http://www.wikidata.org/entity/Q118601577,
http://www.wikidata.org/entity/Q118605466,
http://www.wikidata.org/entity/Q118606399,
http://www.wikidata.org/entity/Q118611138,
http://www.wikidata.org/entity/Q118641092,
http://www.wikidata.org/entity/Q118675903,
http://www.wikidata.org/entity/Q118678052,
http://www.wikidata.org/entity/Q118680631,
http://www.wikidata.org/entity/Q118724762,
http://www.wikidata.org/entity/Q118725088,
http://www.wikidata.org/entity/Q3831651,300
http://www.wikidata.org/entity/Q118822913,
http://www.wikidata.org/entity/Q118835177,
http://www.wikidata.org/entity/Q118868275,
http://www.wikidata.org/entity/Q118869818,
http://www.wikidata.org/entity/Q118873919,
http://www.wikidata.org/entity/Q3834971,95
http://www.wikidata.org/entity/Q118905108,
http://www.wikidata.org/entity/Q119010849,
http://www.wikidata.org/entity/Q3842413,48
http://www.wikidata.org/entity/Q3842438,36
http://www.wikidata.org/entity/Q3842439,64
http://www.wikidata.org/entity/Q3842522,74
http://www.wikidata.org/entity/Q3842543,61
http://www.wikidata.org/entity/Q3842521,92
http://www.wikidata.org/entity/Q3842424,22.2
http://www.wikidata.org/entity/Q3842575,1080
http://www.wikidata.org/entity/Q3842673,70
http://www.wikidata.org/entity/Q3842577,112
http://www.wikidata.org/entity/Q3842594,107
http://www.wikidata.org/entity/Q3842706,15
http://www.wikidata.org/entity/Q3842725,50
http://www.wikidata.org/entity/Q3842412,33.8
http://www.wikidata.org/entity/Q3842530,22.8
http://www.wikidata.org/entity/Q3842713,63
http://www.wikidata.org/entity/Q3842484,31.5
http://www.wikidata.org/entity/Q3842533,32.5
http://www.wikidata.org/entity/Q3842472,52.5
http://www.wikidata.org/entity/Q3842700,96.5
http://www.wikidata.org/entity/Q119292565,
http://www.wikidata.org/entity/Q119353076,
http://www.wikidata.org/entity/Q119404568,
http://www.wikidata.org/entity/Q119443390,
http://www.wikidata.org/entity/Q119443609,
http://www.wikidata.org/entity/Q119493466,
http://www.wikidata.org/entity/Q119574411,
http://www.wikidata.org/entity/Q3863247,306
http://www.wikidata.org/entity/Q119819515,
http://www.wikidata.org/entity/Q119846277,
http://www.wikidata.org/entity/Q3873244,162
http://www.wikidata.org/entity/Q3879242,140
http://www.wikidata.org/entity/Q120311223,
http://www.wikidata.org/entity/Q120317949,
http://www.wikidata.org/entity/Q3884948,107
http://www.wikidata.org/entity/Q3885620,53
http://www.wikidata.org/entity/Q120488471,
http://www.wikidata.org/entity/Q120488611,
http://www.wikidata.org/entity/Q120488851,
http://www.wikidata.org/entity/Q120489814,
http://www.wikidata.org/entity/Q3889229,210
http://www.wikidata.org/entity/Q3889247,240
http://www.wikidata.org/entity/Q3889255,160
http://www.wikidata.org/entity/Q3889254,280
http://www.wikidata.org/entity/Q3889195,119
http://www.wikidata.org/entity/Q3889211,165
http://www.wikidata.org/entity/Q3889203,215
http://www.wikidata.org/entity/Q3889253,255
http://www.wikidata.org/entity/Q3889220,335
http://www.wikidata.org/entity/Q120598525,
http://www.wikidata.org/entity/Q120598716,
http://www.wikidata.org/entity/Q120884863,
http://www.wikidata.org/entity/Q120884895,
http://www.wikidata.org/entity/Q120900571,
http://www.wikidata.org/entity/Q120903815,
http://www.wikidata.org/entity/Q3904398,150
http://www.wikidata.org/entity/Q3904392,32.4
http://www.wikidata.org/entity/Q3907497,315
http://www.wikidata.org/entity/Q3907344,70.5
http://www.wikidata.org/entity/Q3910087,770
http://www.wikidata.org/entity/Q3910913,157
http://www.wikidata.org/entity/Q121546107,
http://www.wikidata.org/entity/Q3921705,80
http://www.wikidata.org/entity/Q3921912,145
http://www.wikidata.org/entity/Q3924389,72
http://www.wikidata.org/entity/Q121689728,
http://www.wikidata.org/entity/Q3925592,300
http://www.wikidata.org/entity/Q121735048,
http://www.wikidata.org/entity/Q121995915,
http://www.wikidata.org/entity/Q3937080,64
http://www.wikidata.org/entity/Q3937502,67
http://www.wikidata.org/entity/Q3937511,102
http://www.wikidata.org/entity/Q3937553,87
http://www.wikidata.org/entity/Q3937561,86
http://www.wikidata.org/entity/Q3937569,107
http://www.wikidata.org/entity/Q3937634,89
http://www.wikidata.org/entity/Q3937643,85
http://www.wikidata.org/entity/Q3937547,188
http://www.wikidata.org/entity/Q3937438,43.5
http://www.wikidata.org/entity/Q3937598,44.8
http://www.wikidata.org/entity/Q3944499,89
http://www.wikidata.org/entity/Q3944515,185
http://www.wikidata.org/entity/Q3945710,58
http://www.wikidata.org/entity/Q3947013,32
http://www.wikidata.org/entity/Q3946910,186
http://www.wikidata.org/entity/Q3947210,32
http://www.wikidata.org/entity/Q3947211,67
http://www.wikidata.org/entity/Q3947277,160
http://www.wikidata.org/entity/Q3947281,68
http://www.wikidata.org/entity/Q3947288,71
http://www.wikidata.org/entity/Q3947064,321
http://www.wikidata.org/entity/Q3947375,86
http://www.wikidata.org/entity/Q3947504,50
http://www.wikidata.org/entity/Q3947723,188
http://www.wikidata.org/entity/Q3947687,237
http://www.wikidata.org/entity/Q3947812,205
http://www.wikidata.org/entity/Q3948701,112
http://www.wikidata.org/entity/Q3954057,130
http://www.wikidata.org/entity/Q3967206,321
http://www.wikidata.org/entity/Q123036459,
http://www.wikidata.org/entity/Q3973584,195
http://www.wikidata.org/entity/Q3979950,330
http://www.wikidata.org/entity/Q3979961,429
http://www.wikidata.org/entity/Q123416461,
http://www.wikidata.org/entity/Q123416548,
http://www.wikidata.org/entity/Q123416954,
http://www.wikidata.org/entity/Q123416994,
http://www.wikidata.org/entity/Q123417018,
http://www.wikidata.org/entity/Q3981174,150
http://www.wikidata.org/entity/Q123418628,
http://www.wikidata.org/entity/Q123419057,
http://www.wikidata.org/entity/Q123419096,
http://www.wikidata.org/entity/Q123419116,
http://www.wikidata.org/entity/Q123419237,
http://www.wikidata.org/entity/Q123419285,
http://www.wikidata.org/entity/Q123419324,
http://www.wikidata.org/entity/Q123419384,
http://www.wikidata.org/entity/Q123419421,
http://www.wikidata.org/entity/Q3982379,1560
http://www.wikidata.org/entity/Q3983114,90.5
http://www.wikidata.org/entity/Q3984830,81
http://www.wikidata.org/entity/Q3985169,32
http://www.wikidata.org/entity/Q3985186,135
http://www.wikidata.org/entity/Q3985472,82
http://www.wikidata.org/entity/Q3992111,124
http://www.wikidata.org/entity/Q3997723,152
http://www.wikidata.org/entity/Q3998940,1500
http://www.wikidata.org/entity/Q3999095,79
http://www.wikidata.org/entity/Q3999094,206
http://www.wikidata.org/entity/Q4006302,71.9
http://www.wikidata.org/entity/Q124256182,
http://www.wikidata.org/entity/Q124287594,
http://www.wikidata.org/entity/Q4010476,560
http://www.wikidata.org/entity/Q4010941,321
http://www.wikidata.org/entity/Q4014547,39
http://www.wikidata.org/entity/Q4015932,115
http://www.wikidata.org/entity/Q4015931,303
http://www.wikidata.org/entity/Q124627974,
http://www.wikidata.org/entity/Q125189520,
http://www.wikidata.org/entity/Q125774997,
http://www.wikidata.org/entity/Q125775011,
http://www.wikidata.org/entity/Q125775038,
http://www.wikidata.org/entity/Q125775039,
http://www.wikidata.org/entity/Q125775114,
http://www.wikidata.org/entity/Q125775115,
http://www.wikidata.org/entity/Q125775113,
http://www.wikidata.org/entity/Q125775116,
http://www.wikidata.org/entity/Q125794511,
http://www.wikidata.org/entity/Q125809444,
http://www.wikidata.org/entity/Q126127358,
http://www.wikidata.org/entity/Q126208372,
http://www.wikidata.org/entity/Q126208398,
http://www.wikidata.org/entity/Q126208411,
http://www.wikidata.org/entity/Q126215082,
http://www.wikidata.org/entity/Q126260153,
http://www.wikidata.org/entity/Q126284178,
http://www.wikidata.org/entity/Q126329804,
http://www.wikidata.org/entity/Q126331546,
http://www.wikidata.org/entity/Q126331548,
http://www.wikidata.org/entity/Q126368575,
http://www.wikidata.org/entity/Q126371885,
http://www.wikidata.org/entity/Q126456502,
http://www.wikidata.org/entity/Q126456503,
http://www.wikidata.org/entity/Q126456506,
http://www.wikidata.org/entity/Q126456507,
http://www.wikidata.org/entity/Q126456505,
http://www.wikidata.org/entity/Q126456508,
http://www.wikidata.org/entity/Q126456514,
http://www.wikidata.org/entity/Q126456515,
http://www.wikidata.org/entity/Q126456516,
http://www.wikidata.org/entity/Q126456517,
http://www.wikidata.org/entity/Q126456555,
http://www.wikidata.org/entity/Q126513924,
http://www.wikidata.org/entity/Q126680509,
http://www.wikidata.org/entity/Q126727120,
http://www.wikidata.org/entity/Q126727184,
http://www.wikidata.org/entity/Q126727198,
http://www.wikidata.org/entity/Q126891336,
http://www.wikidata.org/entity/Q127790733,
http://www.wikidata.org/entity/Q127985981,
http://www.wikidata.org/entity/Q129500713,
http://www.wikidata.org/entity/Q129977163,
http://www.wikidata.org/entity/Q130335034,
http://www.wikidata.org/entity/Q130552524,
http://www.wikidata.org/entity/Q130999230,
http://www.wikidata.org/entity/Q131011027,
http://www.wikidata.org/entity/Q131325204,
http://www.wikidata.org/entity/Q131349567,
http://www.wikidata.org/entity/Q131362573,
http://www.wikidata.org/entity/Q131395036,
http://www.wikidata.org/entity/Q131414320,
http://www.wikidata.org/entity/Q131414321,
http://www.wikidata.org/entity/Q131414326,
http://www.wikidata.org/entity/Q131414433,
http://www.wikidata.org/entity/Q131421438,
http://www.wikidata.org/entity/Q131421566,
http://www.wikidata.org/entity/Q131421567,
http://www.wikidata.org/entity/Q131421565,
http://www.wikidata.org/entity/Q131421570,
http://www.wikidata.org/entity/Q131421571,
http://www.wikidata.org/entity/Q131422002,
http://www.wikidata.org/entity/Q131422003,
http://www.wikidata.org/entity/Q131422007,
http://www.wikidata.org/entity/Q131422004,
http://www.wikidata.org/entity/Q131422010,
http://www.wikidata.org/entity/Q131422011,
http://www.wikidata.org/entity/Q131422008,
http://www.wikidata.org/entity/Q131422009,
http://www.wikidata.org/entity/Q131422014,
http://www.wikidata.org/entity/Q131422015,
http://www.wikidata.org/entity/Q131422012,
http://www.wikidata.org/entity/Q131422013,
http://www.wikidata.org/entity/Q131422018,
http://www.wikidata.org/entity/Q131422019,
http://www.wikidata.org/entity/Q131422016,
http://www.wikidata.org/entity/Q131422017,
http://www.wikidata.org/entity/Q131422022,
http://www.wikidata.org/entity/Q131422020,
http://www.wikidata.org/entity/Q131422021,
http://www.wikidata.org/entity/Q131422030,
http://www.wikidata.org/entity/Q131422031,
http://www.wikidata.org/entity/Q131422028,
http://www.wikidata.org/entity/Q131422029,
http://www.wikidata.org/entity/Q131422036,
http://www.wikidata.org/entity/Q131449651,
http://www.wikidata.org/entity/Q131449654,
http://www.wikidata.org/entity/Q131449662,
http://www.wikidata.org/entity/Q131449660,
http://www.wikidata.org/entity/Q131449661,
http://www.wikidata.org/entity/Q131449667,
http://www.wikidata.org/entity/Q131449675,
http://www.wikidata.org/entity/Q131449678,
http://www.wikidata.org/entity/Q131449679,
http://www.wikidata.org/entity/Q131449676,
http://www.wikidata.org/entity/Q131449680,
http://www.wikidata.org/entity/Q131449695,
http://www.wikidata.org/entity/Q131449693,
http://www.wikidata.org/entity/Q131449700,
http://www.wikidata.org/entity/Q131561677,
http://www.wikidata.org/entity/Q131561688,
http://www.wikidata.org/entity/Q131561692,
http://www.wikidata.org/entity/Q131564617,
http://www.wikidata.org/entity/Q131564870,
http://www.wikidata.org/entity/Q131564871,
http://www.wikidata.org/entity/Q131576650,
http://www.wikidata.org/entity/Q131576651,
http://www.wikidata.org/entity/Q131576649,
http://www.wikidata.org/entity/Q131578331,
http://www.wikidata.org/entity/Q131578346,
http://www.wikidata.org/entity/Q131578347,
http://www.wikidata.org/entity/Q131579612,
http://www.wikidata.org/entity/Q131579620,
http://www.wikidata.org/entity/Q131579625,
http://www.wikidata.org/entity/Q131579630,
http://www.wikidata.org/entity/Q131579631,
http://www.wikidata.org/entity/Q131579646,
http://www.wikidata.org/entity/Q131579657,
http://www.wikidata.org/entity/Q131579667,
http://www.wikidata.org/entity/Q131579670,
http://www.wikidata.org/entity/Q131579671,
http://www.wikidata.org/entity/Q131579669,
http://www.wikidata.org/entity/Q131579674,
http://www.wikidata.org/entity/Q131579672,
http://www.wikidata.org/entity/Q131579673,
http://www.wikidata.org/entity/Q131579682,
http://www.wikidata.org/entity/Q131579687,
http://www.wikidata.org/entity/Q131579688,
http://www.wikidata.org/entity/Q131587694,
http://www.wikidata.org/entity/Q131587980,
http://www.wikidata.org/entity/Q131588009,
http://www.wikidata.org/entity/Q131588018,
http://www.wikidata.org/entity/Q131588032,
http://www.wikidata.org/entity/Q131588033,
http://www.wikidata.org/entity/Q131588054,
http://www.wikidata.org/entity/Q131588057,
http://www.wikidata.org/entity/Q131588060,
http://www.wikidata.org/entity/Q131604558,
http://www.wikidata.org/entity/Q131604557,
http://www.wikidata.org/entity/Q131604561,
http://www.wikidata.org/entity/Q131604568,
http://www.wikidata.org/entity/Q131604569,
http://www.wikidata.org/entity/Q131604582,
http://www.wikidata.org/entity/Q131604586,
http://www.wikidata.org/entity/Q131604589,
http://www.wikidata.org/entity/Q131604610,
http://www.wikidata.org/entity/Q131613579,
http://www.wikidata.org/entity/Q131613582,
http://www.wikidata.org/entity/Q131613581,
http://www.wikidata.org/entity/Q131613590,
http://www.wikidata.org/entity/Q131613591,
http://www.wikidata.org/entity/Q131613594,
http://www.wikidata.org/entity/Q131613592,
http://www.wikidata.org/entity/Q131613593,
http://www.wikidata.org/entity/Q131613596,
http://www.wikidata.org/entity/Q131613597,
http://www.wikidata.org/entity/Q131613607,
http://www.wikidata.org/entity/Q131613605,
http://www.wikidata.org/entity/Q131613610,
http://www.wikidata.org/entity/Q131613608,
http://www.wikidata.org/entity/Q131613615,
http://www.wikidata.org/entity/Q131613626,
http://www.wikidata.org/entity/Q131613627,
http://www.wikidata.org/entity/Q131613630,
http://www.wikidata.org/entity/Q131613631,
http://www.wikidata.org/entity/Q131613629,
http://www.wikidata.org/entity/Q131613632,
http://www.wikidata.org/entity/Q131613637,
http://www.wikidata.org/entity/Q131613648,
http://www.wikidata.org/entity/Q131613655,
http://www.wikidata.org/entity/Q131613659,
http://www.wikidata.org/entity/Q131613656,
http://www.wikidata.org/entity/Q131613657,
http://www.wikidata.org/entity/Q131613666,
http://www.wikidata.org/entity/Q131613667,
http://www.wikidata.org/entity/Q131613670,
http://www.wikidata.org/entity/Q131613671,
http://www.wikidata.org/entity/Q131613668,
http://www.wikidata.org/entity/Q131613669,
http://www.wikidata.org/entity/Q131613675,
http://www.wikidata.org/entity/Q131613679,
http://www.wikidata.org/entity/Q131613680,
http://www.wikidata.org/entity/Q131613706,
http://www.wikidata.org/entity/Q131613704,
http://www.wikidata.org/entity/Q131613705,
http://www.wikidata.org/entity/Q131613711,
http://www.wikidata.org/entity/Q131613714,
http://www.wikidata.org/entity/Q131613715,
http://www.wikidata.org/entity/Q131613713,
http://www.wikidata.org/entity/Q131613716,
http://www.wikidata.org/entity/Q131613717,
http://www.wikidata.org/entity/Q131613722,
http://www.wikidata.org/entity/Q131613723,
http://www.wikidata.org/entity/Q131613721,
http://www.wikidata.org/entity/Q131613731,
http://www.wikidata.org/entity/Q131613729,
http://www.wikidata.org/entity/Q131613734,
http://www.wikidata.org/entity/Q131613732,
http://www.wikidata.org/entity/Q131613739,
http://www.wikidata.org/entity/Q131449706,
http://www.wikidata.org/entity/Q131449707,
http://www.wikidata.org/entity/Q131449704,
http://www.wikidata.org/entity/Q131449705,
http://www.wikidata.org/entity/Q131450079,
http://www.wikidata.org/entity/Q131450082,
http://www.wikidata.org/entity/Q131450086,
http://www.wikidata.org/entity/Q131450087,
http://www.wikidata.org/entity/Q131450084,
http://www.wikidata.org/entity/Q131450085,
http://www.wikidata.org/entity/Q131450090,
http://www.wikidata.org/entity/Q131450089,
http://www.wikidata.org/entity/Q131450094,
http://www.wikidata.org/entity/Q131450095,
http://www.wikidata.org/entity/Q131450092,
http://www.wikidata.org/entity/Q131450093,
http://www.wikidata.org/entity/Q131450098,
http://www.wikidata.org/entity/Q131450099,
http://www.wikidata.org/entity/Q131450096,
http://www.wikidata.org/entity/Q131450103,
http://www.wikidata.org/entity/Q131450100,
http://www.wikidata.org/entity/Q131450107,
http://www.wikidata.org/entity/Q131450104,
http://www.wikidata.org/entity/Q131450111,
http://www.wikidata.org/entity/Q131450108,
http://www.wikidata.org/entity/Q131450109,
http://www.wikidata.org/entity/Q131450114,
http://www.wikidata.org/entity/Q131450115,
http://www.wikidata.org/entity/Q131450112,
http://www.wikidata.org/entity/Q131450118,
http://www.wikidata.org/entity/Q131450119,
http://www.wikidata.org/entity/Q131450116,
http://www.wikidata.org/entity/Q131450122,
http://www.wikidata.org/entity/Q131450123,
http://www.wikidata.org/entity/Q131450120,
http://www.wikidata.org/entity/Q131450126,
http://www.wikidata.org/entity/Q131450127,
http://www.wikidata.org/entity/Q131450124,
http://www.wikidata.org/entity/Q131450125,
http://www.wikidata.org/entity/Q131450134,
http://www.wikidata.org/entity/Q131450135,
http://www.wikidata.org/entity/Q131450132,
http://www.wikidata.org/entity/Q131450133,
http://www.wikidata.org/entity/Q131450138,
http://www.wikidata.org/entity/Q131450136,
http://www.wikidata.org/entity/Q131450142,
http://www.wikidata.org/entity/Q131450146,
http://www.wikidata.org/entity/Q131450144,
http://www.wikidata.org/entity/Q131450145,
http://www.wikidata.org/entity/Q131450151,
http://www.wikidata.org/entity/Q131450148,
http://www.wikidata.org/entity/Q131450149,
http://www.wikidata.org/entity/Q131450154,
http://www.wikidata.org/entity/Q131450152,
http://www.wikidata.org/entity/Q131450153,
http://www.wikidata.org/entity/Q131450161,
http://www.wikidata.org/entity/Q131501600,
http://www.wikidata.org/entity/Q131501606,
http://www.wikidata.org/entity/Q131501607,
http://www.wikidata.org/entity/Q131501608,
http://www.wikidata.org/entity/Q131501614,
http://www.wikidata.org/entity/Q131501612,
http://www.wikidata.org/entity/Q131501619,
http://www.wikidata.org/entity/Q131501617,
http://www.wikidata.org/entity/Q131501620,
http://www.wikidata.org/entity/Q131501633,
http://www.wikidata.org/entity/Q131501639,
http://www.wikidata.org/entity/Q131501643,
http://www.wikidata.org/entity/Q131501646,
http://www.wikidata.org/entity/Q131501645,
http://www.wikidata.org/entity/Q131501651,
http://www.wikidata.org/entity/Q131501649,
http://www.wikidata.org/entity/Q131501655,
http://www.wikidata.org/entity/Q131501653,
http://www.wikidata.org/entity/Q131501658,
http://www.wikidata.org/entity/Q131501663,
http://www.wikidata.org/entity/Q131501661,
http://www.wikidata.org/entity/Q131501666,
http://www.wikidata.org/entity/Q131501667,
http://www.wikidata.org/entity/Q131501671,
http://www.wikidata.org/entity/Q131501672,
http://www.wikidata.org/entity/Q131501678,
http://www.wikidata.org/entity/Q131501683,
http://www.wikidata.org/entity/Q131501690,
http://www.wikidata.org/entity/Q131501691,
http://www.wikidata.org/entity/Q131501711,
http://www.wikidata.org/entity/Q131501712,
http://www.wikidata.org/entity/Q131501724,
http://www.wikidata.org/entity/Q131501744,
http://www.wikidata.org/entity/Q131501750,
http://www.wikidata.org/entity/Q131501755,
http://www.wikidata.org/entity/Q131501753,
http://www.wikidata.org/entity/Q131501759,
http://www.wikidata.org/entity/Q131501756,
http://www.wikidata.org/entity/Q131501763,
http://www.wikidata.org/entity/Q131501770,
http://www.wikidata.org/entity/Q131501775,
http://www.wikidata.org/entity/Q131501773,
http://www.wikidata.org/entity/Q131501784,
http://www.wikidata.org/entity/Q131501791,
http://www.wikidata.org/entity/Q131613742,
http://www.wikidata.org/entity/Q131613743,
http://www.wikidata.org/entity/Q131613740,
http://www.wikidata.org/entity/Q131613741,
http://www.wikidata.org/entity/Q131613746,
http://www.wikidata.org/entity/Q131613745,
http://www.wikidata.org/entity/Q131613748,
http://www.wikidata.org/entity/Q131613786,
http://www.wikidata.org/entity/Q131613787,
http://www.wikidata.org/entity/Q131613797,
http://www.wikidata.org/entity/Q131613820,
http://www.wikidata.org/entity/Q131613821,
http://www.wikidata.org/entity/Q131613826,
http://www.wikidata.org/entity/Q131613825,
http://www.wikidata.org/entity/Q131613832,
http://www.wikidata.org/entity/Q131613833,
http://www.wikidata.org/entity/Q131613870,
http://www.wikidata.org/entity/Q131613868,
http://www.wikidata.org/entity/Q131613869,
http://www.wikidata.org/entity/Q131613875,
http://www.wikidata.org/entity/Q131613879,
http://www.wikidata.org/entity/Q131613880,
http://www.wikidata.org/entity/Q131613890,
http://www.wikidata.org/entity/Q131613891,
http://www.wikidata.org/entity/Q131613888,
http://www.wikidata.org/entity/Q131613892,
http://www.wikidata.org/entity/Q131613901,
http://www.wikidata.org/entity/Q131613904,
http://www.wikidata.org/entity/Q131613905,
http://www.wikidata.org/entity/Q131613914,
http://www.wikidata.org/entity/Q131613915,
http://www.wikidata.org/entity/Q131613912,
http://www.wikidata.org/entity/Q131613913,
http://www.wikidata.org/entity/Q131613916,
http://www.wikidata.org/entity/Q131613917,
http://www.wikidata.org/entity/Q131613922,
http://www.wikidata.org/entity/Q131613926,
http://www.wikidata.org/entity/Q131613927,
http://www.wikidata.org/entity/Q131613924,
http://www.wikidata.org/entity/Q131613925,
http://www.wikidata.org/entity/Q131613930,
http://www.wikidata.org/entity/Q131613928,
http://www.wikidata.org/entity/Q131613929,
http://www.wikidata.org/entity/Q131613939,
http://www.wikidata.org/entity/Q131613968,
http://www.wikidata.org/entity/Q131613974,
http://www.wikidata.org/entity/Q131613982,
http://www.wikidata.org/entity/Q131613980,
http://www.wikidata.org/entity/Q131617883,
http://www.wikidata.org/entity/Q131617881,
http://www.wikidata.org/entity/Q131617885,
http://www.wikidata.org/entity/Q131617890,
http://www.wikidata.org/entity/Q131617895,
http://www.wikidata.org/entity/Q131617893,
http://www.wikidata.org/entity/Q131617898,
http://www.wikidata.org/entity/Q131617899,
http://www.wikidata.org/entity/Q131617897,
http://www.wikidata.org/entity/Q131617902,
http://www.wikidata.org/entity/Q131617908,
http://www.wikidata.org/entity/Q131617909,
http://www.wikidata.org/entity/Q131617914,
http://www.wikidata.org/entity/Q131617915,
http://www.wikidata.org/entity/Q131617918,
http://www.wikidata.org/entity/Q131617919,
http://www.wikidata.org/entity/Q131617916,
http://www.wikidata.org/entity/Q131617917,
http://www.wikidata.org/entity/Q131617922,
http://www.wikidata.org/entity/Q131617921,
http://www.wikidata.org/entity/Q131627554,
http://www.wikidata.org/entity/Q131627552,
http://www.wikidata.org/entity/Q131627553,
http://www.wikidata.org/entity/Q131627556,
http://www.wikidata.org/entity/Q131627571,
http://www.wikidata.org/entity/Q131627574,
http://www.wikidata.org/entity/Q131627572,
http://www.wikidata.org/entity/Q131627588,
http://www.wikidata.org/entity/Q131628758,
http://www.wikidata.org/entity/Q131628765,
http://www.wikidata.org/entity/Q131628770,
http://www.wikidata.org/entity/Q131628769,
http://www.wikidata.org/entity/Q131628775,
http://www.wikidata.org/entity/Q131628772,
http://www.wikidata.org/entity/Q131628778,
http://www.wikidata.org/entity/Q131628776,
http://www.wikidata.org/entity/Q131628802,
http://www.wikidata.org/entity/Q131628803,
http://www.wikidata.org/entity/Q131628801,
http://www.wikidata.org/entity/Q131628814,
http://www.wikidata.org/entity/Q131628812,
http://www.wikidata.org/entity/Q131628813,
http://www.wikidata.org/entity/Q131628818,
http://www.wikidata.org/entity/Q131628819,
http://www.wikidata.org/entity/Q131628817,
http://www.wikidata.org/entity/Q131628822,
http://www.wikidata.org/entity/Q131628823,
http://www.wikidata.org/entity/Q131628820,
http://www.wikidata.org/entity/Q131628821,
http://www.wikidata.org/entity/Q131628824,
http://www.wikidata.org/entity/Q131629552,
http://www.wikidata.org/entity/Q131629558,
http://www.wikidata.org/entity/Q131501788,
http://www.wikidata.org/entity/Q131501793,
http://www.wikidata.org/entity/Q131501796,
http://www.wikidata.org/entity/Q131501797,
http://www.wikidata.org/entity/Q131501800,
http://www.wikidata.org/entity/Q131501801,
http://www.wikidata.org/entity/Q131501805,
http://www.wikidata.org/entity/Q131501811,
http://www.wikidata.org/entity/Q131501818,
http://www.wikidata.org/entity/Q131501816,
http://www.wikidata.org/entity/Q131501821,
http://www.wikidata.org/entity/Q131501826,
http://www.wikidata.org/entity/Q131501830,
http://www.wikidata.org/entity/Q131501842,
http://www.wikidata.org/entity/Q131501859,
http://www.wikidata.org/entity/Q131542580,
http://www.wikidata.org/entity/Q131542581,
http://www.wikidata.org/entity/Q131542585,
http://www.wikidata.org/entity/Q131542595,
http://www.wikidata.org/entity/Q131542596,
http://www.wikidata.org/entity/Q131542607,
http://www.wikidata.org/entity/Q131542610,
http://www.wikidata.org/entity/Q131542611,
http://www.wikidata.org/entity/Q131542609,
http://www.wikidata.org/entity/Q131542614,
http://www.wikidata.org/entity/Q131542615,
http://www.wikidata.org/entity/Q131543565,
http://www.wikidata.org/entity/Q131543603,
http://www.wikidata.org/entity/Q131543631,
http://www.wikidata.org/entity/Q131543629,
http://www.wikidata.org/entity/Q131543651,
http://www.wikidata.org/entity/Q131543648,
http://www.wikidata.org/entity/Q131543653,
http://www.wikidata.org/entity/Q131543680,
http://www.wikidata.org/entity/Q131546421,
http://www.wikidata.org/entity/Q131546426,
http://www.wikidata.org/entity/Q131546425,
http://www.wikidata.org/entity/Q131546428,
http://www.wikidata.org/entity/Q131546441,
http://www.wikidata.org/entity/Q131546444,
http://www.wikidata.org/entity/Q131546449,
http://www.wikidata.org/entity/Q131546458,
http://www.wikidata.org/entity/Q131546462,
http://www.wikidata.org/entity/Q131546463,
http://www.wikidata.org/entity/Q131546466,
http://www.wikidata.org/entity/Q131546465,
http://www.wikidata.org/entity/Q131546469,
http://www.wikidata.org/entity/Q131546475,
http://www.wikidata.org/entity/Q131546484,
http://www.wikidata.org/entity/Q131546485,
http://www.wikidata.org/entity/Q131546494,
http://www.wikidata.org/entity/Q131546493,
http://www.wikidata.org/entity/Q131546499,
http://www.wikidata.org/entity/Q131546506,
http://www.wikidata.org/entity/Q131546510,
http://www.wikidata.org/entity/Q131546508,
http://www.wikidata.org/entity/Q131546509,
http://www.wikidata.org/entity/Q131546515,
http://www.wikidata.org/entity/Q131546516,
http://www.wikidata.org/entity/Q131546517,
http://www.wikidata.org/entity/Q131546525,
http://www.wikidata.org/entity/Q131546551,
http://www.wikidata.org/entity/Q131546552,
http://www.wikidata.org/entity/Q131546553,
http://www.wikidata.org/entity/Q131546582,
http://www.wikidata.org/entity/Q131546581,
http://www.wikidata.org/entity/Q131546599,
http://www.wikidata.org/entity/Q131546603,
http://www.wikidata.org/entity/Q131557338,
http://www.wikidata.org/entity/Q131557340,
http://www.wikidata.org/entity/Q131557341,
http://www.wikidata.org/entity/Q131557374,
http://www.wikidata.org/entity/Q131557372,
http://www.wikidata.org/entity/Q131557373,
http://www.wikidata.org/entity/Q131557376,
http://www.wikidata.org/entity/Q131557436,
http://www.wikidata.org/entity/Q131557458,
http://www.wikidata.org/entity/Q131557464,
http://www.wikidata.org/entity/Q131557484,
http://www.wikidata.org/entity/Q131557662,
http://www.wikidata.org/entity/Q131557664,
http://www.wikidata.org/entity/Q131557854,
http://www.wikidata.org/entity/Q131557866,
http://www.wikidata.org/entity/Q131557871,
http://www.wikidata.org/entity/Q131557868,
http://www.wikidata.org/entity/Q131557880,
http://www.wikidata.org/entity/Q131557902,
http://www.wikidata.org/entity/Q131559178,
http://www.wikidata.org/entity/Q131559177,
http://www.wikidata.org/entity/Q131559182,
http://www.wikidata.org/entity/Q131559183,
http://www.wikidata.org/entity/Q131559181,
http://www.wikidata.org/entity/Q131559187,
http://www.wikidata.org/entity/Q131559184,
http://www.wikidata.org/entity/Q131559202,
http://www.wikidata.org/entity/Q131559216,
http://www.wikidata.org/entity/Q131561164,
http://www.wikidata.org/entity/Q131561170,
http://www.wikidata.org/entity/Q131561666,
http://www.wikidata.org/entity/Q131561678,
http://www.wikidata.org/entity/Q131629557,
http://www.wikidata.org/entity/Q131632037,
http://www.wikidata.org/entity/Q131632042,
http://www.wikidata.org/entity/Q131632047,
http://www.wikidata.org/entity/Q131674303,
http://www.wikidata.org/entity/Q131674300,
http://www.wikidata.org/entity/Q131674306,
http://www.wikidata.org/entity/Q131674307,
http://www.wikidata.org/entity/Q131674310,
http://www.wikidata.org/entity/Q131674311,
http://www.wikidata.org/entity/Q131674315,
http://www.wikidata.org/entity/Q131674312,
http://www.wikidata.org/entity/Q131674316,
http://www.wikidata.org/entity/Q131674317,
http://www.wikidata.org/entity/Q131674322,
http://www.wikidata.org/entity/Q131674323,
http://www.wikidata.org/entity/Q131674332,
http://www.wikidata.org/entity/Q131674346,
http://www.wikidata.org/entity/Q131674355,
http://www.wikidata.org/entity/Q131674352,
http://www.wikidata.org/entity/Q131674353,
http://www.wikidata.org/entity/Q131674361,
http://www.wikidata.org/entity/Q131674371,
http://www.wikidata.org/entity/Q131674368,
http://www.wikidata.org/entity/Q131674369,
http://www.wikidata.org/entity/Q131674373,
http://www.wikidata.org/entity/Q131674382,
http://www.wikidata.org/entity/Q131674390,
http://www.wikidata.org/entity/Q131674398,
http://www.wikidata.org/entity/Q131674399,
http://www.wikidata.org/entity/Q131674396,
http://www.wikidata.org/entity/Q131674401,
http://www.wikidata.org/entity/Q131674404,
http://www.wikidata.org/entity/Q131674405,
http://www.wikidata.org/entity/Q131674410,
http://www.wikidata.org/entity/Q131674411,
http://www.wikidata.org/entity/Q131674409,
http://www.wikidata.org/entity/Q131674412,
http://www.wikidata.org/entity/Q131675938,
http://www.wikidata.org/entity/Q131675939,
http://www.wikidata.org/entity/Q131675936,
http://www.wikidata.org/entity/Q131675937,
http://www.wikidata.org/entity/Q131675942,
http://www.wikidata.org/entity/Q131675943,
http://www.wikidata.org/entity/Q131675940,
http://www.wikidata.org/entity/Q131675941,
http://www.wikidata.org/entity/Q131675947,
http://www.wikidata.org/entity/Q131675944,
http://www.wikidata.org/entity/Q131675945,
http://www.wikidata.org/entity/Q131675948,
http://www.wikidata.org/entity/Q131675966,
http://www.wikidata.org/entity/Q131675969,
http://www.wikidata.org/entity/Q131675979,
http://www.wikidata.org/entity/Q131675983,
http://www.wikidata.org/entity/Q131675981,
http://www.wikidata.org/entity/Q131675990,
http://www.wikidata.org/entity/Q131675989,
http://www.wikidata.org/entity/Q131675995,
http://www.wikidata.org/entity/Q131675993,
http://www.wikidata.org/entity/Q131675998,
http://www.wikidata.org/entity/Q131676028,
http://www.wikidata.org/entity/Q131676029,
http://www.wikidata.org/entity/Q131676038,
http://www.wikidata.org/entity/Q131676039,
http://www.wikidata.org/entity/Q131676037,
http://www.wikidata.org/entity/Q131676041,
http://www.wikidata.org/entity/Q131676058,
http://www.wikidata.org/entity/Q131676064,
http://www.wikidata.org/entity/Q131676306,
http://www.wikidata.org/entity/Q131676307,
http://www.wikidata.org/entity/Q131676308,
http://www.wikidata.org/entity/Q131690475,
http://www.wikidata.org/entity/Q131690473,
http://www.wikidata.org/entity/Q131690478,
http://www.wikidata.org/entity/Q131690476,
http://www.wikidata.org/entity/Q131690495,
http://www.wikidata.org/entity/Q131690498,
http://www.wikidata.org/entity/Q131690499,
http://www.wikidata.org/entity/Q131690496,
http://www.wikidata.org/entity/Q131690497,
http://www.wikidata.org/entity/Q131690502,
http://www.wikidata.org/entity/Q131690503,
http://www.wikidata.org/entity/Q131690501,
http://www.wikidata.org/entity/Q131690504,
http://www.wikidata.org/entity/Q131690511,
http://www.wikidata.org/entity/Q131690509,
http://www.wikidata.org/entity/Q131690513,
http://www.wikidata.org/entity/Q131690516,
http://www.wikidata.org/entity/Q131690517,
http://www.wikidata.org/entity/Q131690522,
http://www.wikidata.org/entity/Q131690527,
http://www.wikidata.org/entity/Q131690524,
http://www.wikidata.org/entity/Q131690525,
http://www.wikidata.org/entity/Q131690530,
http://www.wikidata.org/entity/Q131690528,
http://www.wikidata.org/entity/Q131690529,
http://www.wikidata.org/entity/Q131690535,
http://www.wikidata.org/entity/Q131690532,
http://www.wikidata.org/entity/Q131690538,
http://www.wikidata.org/entity/Q131690539,
http://www.wikidata.org/entity/Q131690536,
http://www.wikidata.org/entity/Q131690537,
http://www.wikidata.org/entity/Q131690542,
http://www.wikidata.org/entity/Q131690543,
http://www.wikidata.org/entity/Q131690540,
http://www.wikidata.org/entity/Q131690546,
http://www.wikidata.org/entity/Q131690551,
http://www.wikidata.org/entity/Q131690548,
http://www.wikidata.org/entity/Q131690549,
http://www.wikidata.org/entity/Q131690555,
http://www.wikidata.org/entity/Q131690552,
http://www.wikidata.org/entity/Q131690553,
http://www.wikidata.org/entity/Q131690558,
http://www.wikidata.org/entity/Q131690556,
http://www.wikidata.org/entity/Q131690557,
http://www.wikidata.org/entity/Q131690562,
http://www.wikidata.org/entity/Q131690563,
http://www.wikidata.org/entity/Q131690561,
http://www.wikidata.org/entity/Q131690566,
http://www.wikidata.org/entity/Q131690564,
http://www.wikidata.org/entity/Q131690571,
http://www.wikidata.org/entity/Q131690568,
http://www.wikidata.org/entity/Q131690574,
http://www.wikidata.org/entity/Q131690575,
http://www.wikidata.org/entity/Q131690572,
http://www.wikidata.org/entity/Q131690573,
http://www.wikidata.org/entity/Q131690578,
http://www.wikidata.org/entity/Q131690579,
http://www.wikidata.org/entity/Q131690582,
http://www.wikidata.org/entity/Q131690583,
http://www.wikidata.org/entity/Q131690581,
http://www.wikidata.org/entity/Q131690586,
http://www.wikidata.org/entity/Q131690587,
http://www.wikidata.org/entity/Q131690584,
http://www.wikidata.org/entity/Q131690590,
http://www.wikidata.org/entity/Q131690591,
http://www.wikidata.org/entity/Q131690588,
http://www.wikidata.org/entity/Q131690589,
http://www.wikidata.org/entity/Q131690594,
http://www.wikidata.org/entity/Q131690592,
http://www.wikidata.org/entity/Q131690593,
http://www.wikidata.org/entity/Q131690599,
http://www.wikidata.org/entity/Q131690596,
http://www.wikidata.org/entity/Q131690602,
http://www.wikidata.org/entity/Q131690603,
http://www.wikidata.org/entity/Q131690601,
http://www.wikidata.org/entity/Q131690606,
http://www.wikidata.org/entity/Q131690605,
http://www.wikidata.org/entity/Q131690633,
http://www.wikidata.org/entity/Q131690639,
http://www.wikidata.org/entity/Q131690637,
http://www.wikidata.org/entity/Q131690641,
http://www.wikidata.org/entity/Q131690646,
http://www.wikidata.org/entity/Q131690652,
http://www.wikidata.org/entity/Q131690656,
http://www.wikidata.org/entity/Q131690663,
http://www.wikidata.org/entity/Q131690660,
http://www.wikidata.org/entity/Q131704134,
http://www.wikidata.org/entity/Q131704138,
http://www.wikidata.org/entity/Q131704142,
http://www.wikidata.org/entity/Q131704140,
http://www.wikidata.org/entity/Q131704145,
http://www.wikidata.org/entity/Q131704265,
http://www.wikidata.org/entity/Q131704274,
http://www.wikidata.org/entity/Q131704272,
http://www.wikidata.org/entity/Q131704273,
http://www.wikidata.org/entity/Q131704278,
http://www.wikidata.org/entity/Q131704279,
http://www.wikidata.org/entity/Q131704280,
http://www.wikidata.org/entity/Q131704281,
http://www.wikidata.org/entity/Q131704285,
http://www.wikidata.org/entity/Q131704288,
http://www.wikidata.org/entity/Q131704294,
http://www.wikidata.org/entity/Q131704298,
http://www.wikidata.org/entity/Q131704296,
http://www.wikidata.org/entity/Q131704297,
http://www.wikidata.org/entity/Q131704303,
http://www.wikidata.org/entity/Q131704304,
http://www.wikidata.org/entity/Q131704770,
http://www.wikidata.org/entity/Q131704783,
http://www.wikidata.org/entity/Q131704780,
http://www.wikidata.org/entity/Q131708783,
http://www.wikidata.org/entity/Q131719683,
http://www.wikidata.org/entity/Q131719684,
http://www.wikidata.org/entity/Q131719685,
http://www.wikidata.org/entity/Q131719730,
http://www.wikidata.org/entity/Q131719735,
http://www.wikidata.org/entity/Q131719732,
http://www.wikidata.org/entity/Q131719736,
http://www.wikidata.org/entity/Q131719743,
http://www.wikidata.org/entity/Q131719746,
http://www.wikidata.org/entity/Q131719744,
http://www.wikidata.org/entity/Q131719745,
http://www.wikidata.org/entity/Q131719750,
http://www.wikidata.org/entity/Q131719756,
http://www.wikidata.org/entity/Q131748785,
http://www.wikidata.org/entity/Q131753928,
http://www.wikidata.org/entity/Q131753929,
http://www.wikidata.org/entity/Q131753974,
http://www.wikidata.org/entity/Q131753985,
http://www.wikidata.org/entity/Q131754003,
http://www.wikidata.org/entity/Q131760459,
http://www.wikidata.org/entity/Q131760461,
http://www.wikidata.org/entity/Q131760474,
http://www.wikidata.org/entity/Q131760473,
http://www.wikidata.org/entity/Q131760479,
http://www.wikidata.org/entity/Q131760480,
http://www.wikidata.org/entity/Q131760481,
http://www.wikidata.org/entity/Q131766115,
http://www.wikidata.org/entity/Q131766119,
http://www.wikidata.org/entity/Q131766122,
http://www.wikidata.org/entity/Q131766120,
http://www.wikidata.org/entity/Q131766143,
http://www.wikidata.org/entity/Q131766147,
http://www.wikidata.org/entity/Q131766151,
http://www.wikidata.org/entity/Q131766148,
http://www.wikidata.org/entity/Q131766192,
http://www.wikidata.org/entity/Q131812877,
http://www.wikidata.org/entity/Q131812900,
http://www.wikidata.org/entity/Q131812901,
http://www.wikidata.org/entity/Q131812919,
http://www.wikidata.org/entity/Q131812917,
http://www.wikidata.org/entity/Q131812921,
http://www.wikidata.org/entity/Q131812935,
http://www.wikidata.org/entity/Q131812933,
http://www.wikidata.org/entity/Q131812937,
http://www.wikidata.org/entity/Q131813151,
http://www.wikidata.org/entity/Q131813148,
http://www.wikidata.org/entity/Q131813153,
http://www.wikidata.org/entity/Q131813192,
http://www.wikidata.org/entity/Q131813340,
http://www.wikidata.org/entity/Q131823355,
http://www.wikidata.org/entity/Q131823364,
http://www.wikidata.org/entity/Q131823365,
http://www.wikidata.org/entity/Q131825279,
http://www.wikidata.org/entity/Q131825292,
http://www.wikidata.org/entity/Q131825306,
http://www.wikidata.org/entity/Q131825307,
http://www.wikidata.org/entity/Q131825315,
http://www.wikidata.org/entity/Q131825319,
http://www.wikidata.org/entity/Q131825316,
http://www.wikidata.org/entity/Q131825317,
http://www.wikidata.org/entity/Q131825322,
http://www.wikidata.org/entity/Q131825323,
http://www.wikidata.org/entity/Q131825320,
http://www.wikidata.org/entity/Q131825326,
http://www.wikidata.org/entity/Q131825324,
http://www.wikidata.org/entity/Q131825329,
http://www.wikidata.org/entity/Q131825338,
http://www.wikidata.org/entity/Q131825360,
http://www.wikidata.org/entity/Q131825364,
http://www.wikidata.org/entity/Q131831531,
http://www.wikidata.org/entity/Q131831573,
http://www.wikidata.org/entity/Q131831783,
http://www.wikidata.org/entity/Q131832197,
http://www.wikidata.org/entity/Q131832227,
http://www.wikidata.org/entity/Q131851008,
http://www.wikidata.org/entity/Q131851009,
http://www.wikidata.org/entity/Q131851014,
http://www.wikidata.org/entity/Q131851015,
http://www.wikidata.org/entity/Q131851012,
http://www.wikidata.org/entity/Q131851013,
http://www.wikidata.org/entity/Q131851018,
http://www.wikidata.org/entity/Q131851016,
http://www.wikidata.org/entity/Q131851028,
http://www.wikidata.org/entity/Q131851035,
http://www.wikidata.org/entity/Q131851042,
http://www.wikidata.org/entity/Q131851041,
http://www.wikidata.org/entity/Q131851051,
http://www.wikidata.org/entity/Q131851094,
http://www.wikidata.org/entity/Q131851103,
http://www.wikidata.org/entity/Q131851100,
http://www.wikidata.org/entity/Q131851106,
http://www.wikidata.org/entity/Q131851108,
http://www.wikidata.org/entity/Q131851122,
http://www.wikidata.org/entity/Q131851126,
http://www.wikidata.org/entity/Q131851124,
http://www.wikidata.org/entity/Q131851125,
http://www.wikidata.org/entity/Q131851135,
http://www.wikidata.org/entity/Q131869926,
http://www.wikidata.org/entity/Q131869955,
http://www.wikidata.org/entity/Q131937025,
http://www.wikidata.org/entity/Q131937030,
http://www.wikidata.org/entity/Q131937031,
http://www.wikidata.org/entity/Q131937032,
http://www.wikidata.org/entity/Q131937036,
http://www.wikidata.org/entity/Q131937045,
http://www.wikidata.org/entity/Q131937061,
http://www.wikidata.org/entity/Q131937066,
http://www.wikidata.org/entity/Q131937070,
http://www.wikidata.org/entity/Q131937078,
http://www.wikidata.org/entity/Q131937079,
http://www.wikidata.org/entity/Q131937080,
http://www.wikidata.org/entity/Q131937094,
http://www.wikidata.org/entity/Q131937102,
http://www.wikidata.org/entity/Q131937109,
http://www.wikidata.org/entity/Q131937113,
http://www.wikidata.org/entity/Q131937118,
http://www.wikidata.org/entity/Q132147956,
http://www.wikidata.org/entity/Q132147979,
http://www.wikidata.org/entity/Q132147995,
http://www.wikidata.org/entity/Q132147993,
http://www.wikidata.org/entity/Q132147998,
http://www.wikidata.org/entity/Q132147996,
http://www.wikidata.org/entity/Q132148002,
http://www.wikidata.org/entity/Q132148006,
http://www.wikidata.org/entity/Q132148011,
http://www.wikidata.org/entity/Q132148015,
http://www.wikidata.org/entity/Q132148013,
http://www.wikidata.org/entity/Q132148016,
http://www.wikidata.org/entity/Q132148031,
http://www.wikidata.org/entity/Q132148039,
http://www.wikidata.org/entity/Q132148050,
http://www.wikidata.org/entity/Q132148051,
http://www.wikidata.org/entity/Q132148054,
http://www.wikidata.org/entity/Q132148052,
http://www.wikidata.org/entity/Q132148057,
http://www.wikidata.org/entity/Q132148061,
http://www.wikidata.org/entity/Q132148134,
http://www.wikidata.org/entity/Q132148137,
http://www.wikidata.org/entity/Q132166188,
http://www.wikidata.org/entity/Q132166238,
http://www.wikidata.org/entity/Q132166239,
http://www.wikidata.org/entity/Q132166241,
http://www.wikidata.org/entity/Q132166246,
http://www.wikidata.org/entity/Q132166245,
http://www.wikidata.org/entity/Q132166250,
http://www.wikidata.org/entity/Q132166251,
http://www.wikidata.org/entity/Q132166254,
http://www.wikidata.org/entity/Q132166252,
http://www.wikidata.org/entity/Q132166258,
http://www.wikidata.org/entity/Q132166259,
http://www.wikidata.org/entity/Q132166256,
http://www.wikidata.org/entity/Q132166257,
http://www.wikidata.org/entity/Q132166260,
http://www.wikidata.org/entity/Q132166261,
http://www.wikidata.org/entity/Q132166270,
http://www.wikidata.org/entity/Q132166271,
http://www.wikidata.org/entity/Q132166275,
http://www.wikidata.org/entity/Q132166272,
http://www.wikidata.org/entity/Q132166294,
http://www.wikidata.org/entity/Q132166295,
http://www.wikidata.org/entity/Q132166292,
http://www.wikidata.org/entity/Q132166293,
http://www.wikidata.org/entity/Q132166298,
http://www.wikidata.org/entity/Q132166296,
http://www.wikidata.org/entity/Q132166297,
http://www.wikidata.org/entity/Q132190189,
http://www.wikidata.org/entity/Q132247240,
http://www.wikidata.org/entity/Q132247244,
http://www.wikidata.org/entity/Q132247267,
http://www.wikidata.org/entity/Q132247310,
http://www.wikidata.org/entity/Q132247313,
http://www.wikidata.org/entity/Q132247316,
http://www.wikidata.org/entity/Q132247327,
http://www.wikidata.org/entity/Q132247331,
http://www.wikidata.org/entity/Q132247328,
http://www.wikidata.org/entity/Q132247334,
http://www.wikidata.org/entity/Q132247338,
http://www.wikidata.org/entity/Q132247378,
http://www.wikidata.org/entity/Q132247376,
http://www.wikidata.org/entity/Q132247380,
http://www.wikidata.org/entity/Q132247451,
http://www.wikidata.org/entity/Q132397606,
http://www.wikidata.org/entity/Q132397607,
http://www.wikidata.org/entity/Q132397604,
http://www.wikidata.org/entity/Q132397610,
http://www.wikidata.org/entity/Q132397611,
http://www.wikidata.org/entity/Q132397614,
http://www.wikidata.org/entity/Q132397615,
http://www.wikidata.org/entity/Q132397613,
http://www.wikidata.org/entity/Q132397621,
http://www.wikidata.org/entity/Q132397631,
http://www.wikidata.org/entity/Q132397663,
http://www.wikidata.org/entity/Q132397660,
http://www.wikidata.org/entity/Q132397666,
http://www.wikidata.org/entity/Q132397667,
http://www.wikidata.org/entity/Q132397664,
http://www.wikidata.org/entity/Q132397665,
http://www.wikidata.org/entity/Q132397670,
http://www.wikidata.org/entity/Q132397668,
http://www.wikidata.org/entity/Q132397669,
http://www.wikidata.org/entity/Q132397673,
http://www.wikidata.org/entity/Q132397687,
http://www.wikidata.org/entity/Q132397698,
http://www.wikidata.org/entity/Q132397696,
http://www.wikidata.org/entity/Q132397700,
http://www.wikidata.org/entity/Q132397710,
http://www.wikidata.org/entity/Q132397711,
http://www.wikidata.org/entity/Q132397715,
http://www.wikidata.org/entity/Q132397712,
http://www.wikidata.org/entity/Q132397719,
http://www.wikidata.org/entity/Q132397716,
http://www.wikidata.org/entity/Q132397721,
http://www.wikidata.org/entity/Q132397728,
http://www.wikidata.org/entity/Q132397743,
http://www.wikidata.org/entity/Q132397741,
http://www.wikidata.org/entity/Q132397746,
http://www.wikidata.org/entity/Q132397744,
http://www.wikidata.org/entity/Q132397750,
http://www.wikidata.org/entity/Q132397751,
http://www.wikidata.org/entity/Q132397749,
http://www.wikidata.org/entity/Q132397755,
http://www.wikidata.org/entity/Q132397753,
http://www.wikidata.org/entity/Q132397758,
http://www.wikidata.org/entity/Q132397759,
http://www.wikidata.org/entity/Q132397756,
http://www.wikidata.org/entity/Q132397757,
http://www.wikidata.org/entity/Q132397761,
http://www.wikidata.org/entity/Q132861558,
http://www.wikidata.org/entity/Q133280987,
http://www.wikidata.org/entity/Q133280990,
http://www.wikidata.org/entity/Q133280991,
http://www.wikidata.org/entity/Q133280994,
http://www.wikidata.org/entity/Q133280993,
http://www.wikidata.org/entity/Q133280996,
http://www.wikidata.org/entity/Q133281000,
http://www.wikidata.org/entity/Q133281004,
http://www.wikidata.org/entity/Q133281008,
http://www.wikidata.org/entity/Q133281015,
http://www.wikidata.org/entity/Q133281013,
http://www.wikidata.org/entity/Q133281018,
http://www.wikidata.org/entity/Q133281019,
http://www.wikidata.org/entity/Q133281016,
http://www.wikidata.org/entity/Q133281023,
http://www.wikidata.org/entity/Q133281021,
http://www.wikidata.org/entity/Q133281027,
http://www.wikidata.org/entity/Q133281024,
http://www.wikidata.org/entity/Q133281030,
http://www.wikidata.org/entity/Q133281031,
http://www.wikidata.org/entity/Q133281028,
http://www.wikidata.org/entity/Q133281054,
http://www.wikidata.org/entity/Q133281058,
http://www.wikidata.org/entity/Q133281056,
http://www.wikidata.org/entity/Q133281062,
http://www.wikidata.org/entity/Q133281060,
http://www.wikidata.org/entity/Q133281064,
http://www.wikidata.org/entity/Q133281065,
http://www.wikidata.org/entity/Q133281074,
http://www.wikidata.org/entity/Q133281075,
http://www.wikidata.org/entity/Q133281073,
http://www.wikidata.org/entity/Q133281078,
http://www.wikidata.org/entity/Q133281079,
http://www.wikidata.org/entity/Q133281076,
http://www.wikidata.org/entity/Q133281091,
http://www.wikidata.org/entity/Q133281094,
http://www.wikidata.org/entity/Q133281103,
http://www.wikidata.org/entity/Q134486443,
http://www.wikidata.org/entity/Q134580708,
http://www.wikidata.org/entity/Q135111963,
http://www.wikidata.org/entity/Q135972052,
http://www.wikidata.org/entity/Q5659648,120
http://www.wikidata.org/entity/Q5954551,196.5
http://www.wikidata.org/entity/Q6696013,60
http://www.wikidata.org/entity/Q7232287,75
http://www.wikidata.org/entity/Q7232252,107
http://www.wikidata.org/entity/Q7232305,77.6
http://www.wikidata.org/entity/Q7401416,125
http://www.wikidata.org/entity/Q7401482,134
http://www.wikidata.org/entity/Q7720644,4230
http://www.wikidata.org/entity/Q7750471,277
http://www.wikidata.org/entity/Q7885787,24
http://www.wikidata.org/entity/Q7920573,185
http://www.wikidata.org/entity/Q9387722,576
http://www.wikidata.org/entity/Q11694943,500
http://www.wikidata.org/entity/Q11753618,221
http://www.wikidata.org/entity/Q11769022,209
http://www.wikidata.org/entity/Q12172990,65
http://www.wikidata.org/entity/Q15008032,188
http://www.wikidata.org/entity/Q15974347,190
http://www.wikidata.org/entity/Q15982437,30.8
http://www.wikidata.org/entity/Q16167039,231
http://www.wikidata.org/entity/Q16467999,74
http://www.wikidata.org/entity/Q16536592,82
http://www.wikidata.org/entity/Q16543332,117
http://www.wikidata.org/entity/Q16549203,232
http://www.wikidata.org/entity/Q16564738,113
http://www.wikidata.org/entity/Q16573223,130
http://www.wikidata.org/entity/Q16574865,100
http://www.wikidata.org/entity/Q16585848,172
http://www.wikidata.org/entity/Q16596967,110
http://www.wikidata.org/entity/Q16608187,230
http://www.wikidata.org/entity/Q16620779,57
http://www.wikidata.org/entity/Q16621939,53
http://www.wikidata.org/entity/Q17638342,117
http://www.wikidata.org/entity/Q17652075,92
http://www.wikidata.org/entity/Q18226128,55
http://www.wikidata.org/entity/Q18385026,300
http://www.wikidata.org/entity/Q18578019,24
http://www.wikidata.org/entity/Q18688370,128
http://www.wikidata.org/entity/Q19060568,126
http://www.wikidata.org/entity/Q19060621,126
http://www.wikidata.org/entity/Q19361572,81
http://www.wikidata.org/entity/Q19516146,80
http://www.wikidata.org/entity/Q19660300,90
http://www.wikidata.org/entity/Q19681559,69
http://www.wikidata.org/entity/Q19681664,98.5
http://www.wikidata.org/entity/Q19686414,82
http://www.wikidata.org/entity/Q19686409,111
http://www.wikidata.org/entity/Q19882485,50
http://www.wikidata.org/entity/Q19947640,48.2
http://www.wikidata.org/entity/Q19966606,170
http://www.wikidata.org/entity/Q19966608,117
http://www.wikidata.org/entity/Q19966565,69.5
http://www.wikidata.org/entity/Q20092785,154
http://www.wikidata.org/entity/Q20991673,75
http://www.wikidata.org/entity/Q21121896,171
http://www.wikidata.org/entity/Q22931136,41
http://www.wikidata.org/entity/Q22949398,157
http://www.wikidata.org/entity/Q23305501,32.5
http://www.wikidata.org/entity/Q24050695,51
http://www.wikidata.org/entity/Q24091047,60
http://www.wikidata.org/entity/Q24091066,70
http://www.wikidata.org/entity/Q24091089,100
http://www.wikidata.org/entity/Q24090610,56.6
http://www.wikidata.org/entity/Q24090614,70.3
http://www.wikidata.org/entity/Q24091112,72.6
http://www.wikidata.org/entity/Q24325684,91
http://www.wikidata.org/entity/Q24938224,50
http://www.wikidata.org/entity/Q24939839,55
http://www.wikidata.org/entity/Q24939843,85
http://www.wikidata.org/entity/Q24939660,48.4
http://www.wikidata.org/entity/Q24939884,73.9
http://www.wikidata.org/entity/Q24940870,49.5
http://www.wikidata.org/entity/Q25388274,133
http://www.wikidata.org/entity/Q25410292,254
http://www.wikidata.org/entity/Q25410567,46
http://www.wikidata.org/entity/Q25444052,146
http://www.wikidata.org/entity/Q27650796,199.5
http://www.wikidata.org/entity/Q27664456,182
http://www.wikidata.org/entity/Q27827425,250
http://www.wikidata.org/entity/Q27830737,250
http://www.wikidata.org/entity/Q27948860,91
http://www.wikidata.org/entity/Q27955751,117
http://www.wikidata.org/entity/Q28093447,321
http://www.wikidata.org/entity/Q28113316,49
http://www.wikidata.org/entity/Q28113318,95
http://www.wikidata.org/entity/Q28147005,83.2
http://www.wikidata.org/entity/Q28466203,42
http://www.wikidata.org/entity/Q28547106,29
http://www.wikidata.org/entity/Q28668222,198
http://www.wikidata.org/entity/Q28668544,67
http://www.wikidata.org/entity/Q28798137,381
http://www.wikidata.org/entity/Q28803484,1510
http://www.wikidata.org/entity/Q28803514,135
http://www.wikidata.org/entity/Q28803789,800
http://www.wikidata.org/entity/Q28803759,910
http://www.wikidata.org/entity/Q28803486,106.5
http://www.wikidata.org/entity/Q28809144,2450
http://www.wikidata.org/entity/Q28860726,136
http://www.wikidata.org/entity/Q28952741,123
http://www.wikidata.org/entity/Q29015025,228
http://www.wikidata.org/entity/Q29654663,79
http://www.wikidata.org/entity/Q29997042,126
http://www.wikidata.org/entity/Q30031052,54.3
http://www.wikidata.org/entity/Q30032029,148
http://www.wikidata.org/entity/Q30135606,86
http://www.wikidata.org/entity/Q30880062,65
http://www.wikidata.org/entity/Q30880011,49.8
http://www.wikidata.org/entity/Q30880678,55.5
http://www.wikidata.org/entity/Q30880889,81.2
http://www.wikidata.org/entity/Q30887699,50
http://www.wikidata.org/entity/Q30887689,80.5
http://www.wikidata.org/entity/Q30887987,209.5
http://www.wikidata.org/entity/Q31559452,98
http://www.wikidata.org/entity/Q32904769,60
http://www.wikidata.org/entity/Q34215143,115
http://www.wikidata.org/entity/Q40669017,141
http://www.wikidata.org/entity/Q40691169,165
http://www.wikidata.org/entity/Q40695411,142
http://www.wikidata.org/entity/Q45361473,192
http://www.wikidata.org/entity/Q45381203,109
http://www.wikidata.org/entity/Q46833514,20.7
http://www.wikidata.org/entity/Q48388241,26.5
http://www.wikidata.org/entity/Q48808515,33
http://www.wikidata.org/entity/Q48814933,46.5
http://www.wikidata.org/entity/Q48917755,65
http://www.wikidata.org/entity/Q48927682,86.5
http://www.wikidata.org/entity/Q49167284,97
http://www.wikidata.org/entity/Q49167869,65.5
http://www.wikidata.org/entity/Q49167493,169.5
http://www.wikidata.org/entity/Q49167697,259.5
http://www.wikidata.org/entity/Q50378015,38
http://www.wikidata.org/entity/Q50378007,41.5
http://www.wikidata.org/entity/Q50384906,82.5
http://www.wikidata.org/entity/Q50399525,173
http://www.wikidata.org/entity/Q50422860,87
http://www.wikidata.org/entity/Q50474718,30
http://www.wikidata.org/entity/Q50752920,71
http://www.wikidata.org/entity/Q50840293,56
http://www.wikidata.org/entity/Q50846578,70.5
http://www.wikidata.org/entity/Q50880887,58
http://www.wikidata.org/entity/Q50884435,131
http://www.wikidata.org/entity/Q50894841,84
http://www.wikidata.org/entity/Q50939921,34
http://www.wikidata.org/entity/Q51726313,302
http://www.wikidata.org/entity/Q52084102,101.5
http://www.wikidata.org/entity/Q52155641,60
http://www.wikidata.org/entity/Q52155208,58.5
http://www.wikidata.org/entity/Q52157937,53
http://www.wikidata.org/entity/Q52217967,197
http://www.wikidata.org/entity/Q52329690,48
http://www.wikidata.org/entity/Q52735921,151
http://www.wikidata.org/entity/Q53560123,19
http://www.wikidata.org/entity/Q53940665,305
http://www.wikidata.org/entity/Q54086391,135
http://www.wikidata.org/entity/Q54625897,540
http://www.wikidata.org/entity/Q54811281,97
http://www.wikidata.org/entity/Q55177712,292
http://www.wikidata.org/entity/Q55814015,97
http://www.wikidata.org/entity/Q56043344,93
http://www.wikidata.org/entity/Q56062483,98
http://www.wikidata.org/entity/Q56149824,52.5
http://www.wikidata.org/entity/Q56323645,72
http://www.wikidata.org/entity/Q56323673,205
http://www.wikidata.org/entity/Q56417895,23
http://www.wikidata.org/entity/Q56417994,23
http://www.wikidata.org/entity/Q56538353,33.2
http://www.wikidata.org/entity/Q57530584,80
http://www.wikidata.org/entity/Q57623718,98
http://www.wikidata.org/entity/Q58184717,60
http://www.wikidata.org/entity/Q58185294,44
http://www.wikidata.org/entity/Q58231270,140
http://www.wikidata.org/entity/Q58956093,180
http://www.wikidata.org/entity/Q59185173,218
http://www.wikidata.org/entity/Q59185398,195
http://www.wikidata.org/entity/Q59442235,32
http://www.wikidata.org/entity/Q61767320,266
http://www.wikidata.org/entity/Q61816747,95
http://www.wikidata.org/entity/Q62014629,225
http://www.wikidata.org/entity/Q62272761,39.5
http://www.wikidata.org/entity/Q62476202,155
http://www.wikidata.org/entity/Q63476058,225
http://www.wikidata.org/entity/Q64766792,73
http://www.wikidata.org/entity/Q65610116,33.5
http://www.wikidata.org/entity/Q66098687,183
http://www.wikidata.org/entity/Q67203105,38
http://www.wikidata.org/entity/Q67203111,72
http://www.wikidata.org/entity/Q68704168,144
http://www.wikidata.org/entity/Q69658139,100
http://www.wikidata.org/entity/Q74717988,47
http://www.wikidata.org/entity/Q77310161,101
http://www.wikidata.org/entity/Q79021384,155
http://www.wikidata.org/entity/Q79024384,830
http://www.wikidata.org/entity/Q79151177,155
http://www.wikidata.org/entity/Q79859145,44
http://www.wikidata.org/entity/Q80824471,31
http://www.wikidata.org/entity/Q81089309,23
http://www.wikidata.org/entity/Q87469267,160
http://www.wikidata.org/entity/Q88164010,101
http://www.wikidata.org/entity/Q88416397,371
http://www.wikidata.org/entity/Q89034154,150
http://www.wikidata.org/entity/Q89035643,125
http://www.wikidata.org/entity/Q89039593,168
http://www.wikidata.org/entity/Q94636244,41
http://www.wikidata.org/entity/Q96025421,46
http://www.wikidata.org/entity/Q97065805,91.5
http://www.wikidata.org/entity/Q97463134,75
http://www.wikidata.org/entity/Q97933450,119
http://www.wikidata.org/entity/Q98925663,120
http://www.wikidata.org/entity/Q98925578,70.5
http://www.wikidata.org/entity/Q99323182,183
http://www.wikidata.org/entity/Q100273549,75
http://www.wikidata.org/entity/Q100502707,115.5
http://www.wikidata.org/entity/Q101853163,184
http://www.wikidata.org/entity/Q101984696,154
http://www.wikidata.org/entity/Q103823905,15
http://www.wikidata.org/entity/Q103847443,96
http://www.wikidata.org/entity/Q103884105,59.6
http://www.wikidata.org/entity/Q104117302,90
http://www.wikidata.org/entity/Q104832804,147
http://www.wikidata.org/entity/Q104902739,179
http://www.wikidata.org/entity/Q104963266,94
http://www.wikidata.org/entity/Q104966980,42
http://www.wikidata.org/entity/Q104999859,48.2
http://www.wikidata.org/entity/Q105001950,233
http://www.wikidata.org/entity/Q105002330,45
http://www.wikidata.org/entity/Q105001687,115.5
http://www.wikidata.org/entity/Q105005172,100
http://www.wikidata.org/entity/Q105009573,50
http://www.wikidata.org/entity/Q105010402,66
http://www.wikidata.org/entity/Q105010125,40.5
http://www.wikidata.org/entity/Q105070700,50
http://www.wikidata.org/entity/Q105070713,60
http://www.wikidata.org/entity/Q105070687,125
http://www.wikidata.org/entity/Q105544193,144
http://www.wikidata.org/entity/Q105754329,51
http://www.wikidata.org/entity/Q105773240,48
http://www.wikidata.org/entity/Q105882065,150
http://www.wikidata.org/entity/Q105906293,132
http://www.wikidata.org/entity/Q105942793,105
http://www.wikidata.org/entity/Q105942808,217
http://www.wikidata.org/entity/Q106172341,91
http://www.wikidata.org/entity/Q106547526,71
http://www.wikidata.org/entity/Q106570155,48.5
http://www.wikidata.org/entity/Q106649932,71
http://www.wikidata.org/entity/Q106684238,80.8
http://www.wikidata.org/entity/Q106766906,97
http://www.wikidata.org/entity/Q106766907,103
http://www.wikidata.org/entity/Q106863540,147
http://www.wikidata.org/entity/Q107132227,108
http://www.wikidata.org/entity/Q107171794,54.5
http://www.wikidata.org/entity/Q107254346,73.5
http://www.wikidata.org/entity/Q107273576,119
http://www.wikidata.org/entity/Q107496570,95
http://www.wikidata.org/entity/Q107522400,145
http://www.wikidata.org/entity/Q107720702,65
http://www.wikidata.org/entity/Q108292260,70
http://www.wikidata.org/entity/Q108335985,53.5
http://www.wikidata.org/entity/Q108584832,79
http://www.wikidata.org/entity/Q108783372,167
http://www.wikidata.org/entity/Q108873567,79
http://www.wikidata.org/entity/Q108917715,72
http://www.wikidata.org/entity/Q108917736,186.5
http://www.wikidata.org/entity/Q108921968,98
http://www.wikidata.org/entity/Q108922744,94
http://www.wikidata.org/entity/Q109798688,148
http://www.wikidata.org/entity/Q109913006,24.5
http://www.wikidata.org/entity/Q109914012,101
http://www.wikidata.org/entity/Q109937746,117
http://www.wikidata.org/entity/Q110009768,19
http://www.wikidata.org/entity/Q110015681,92
http://www.wikidata.org/entity/Q110039871,63.5
http://www.wikidata.org/entity/Q110062892,159
http://www.wikidata.org/entity/Q110227186,183
http://www.wikidata.org/entity/Q110312698,123
http://www.wikidata.org/entity/Q110382981,195
http://www.wikidata.org/entity/Q110384990,37.5
http://www.wikidata.org/entity/Q110546796,78
http://www.wikidata.org/entity/Q110619157,50
http://www.wikidata.org/entity/Q110626569,300
http://www.wikidata.org/entity/Q110634767,148
http://www.wikidata.org/entity/Q110681237,196
http://www.wikidata.org/entity/Q110714745,32.3
http://www.wikidata.org/entity/Q110865329,300
http://www.wikidata.org/entity/Q110866078,133
http://www.wikidata.org/entity/Q110868028,64
http://www.wikidata.org/entity/Q110867847,292
http://www.wikidata.org/entity/Q110868273,136
http://www.wikidata.org/entity/Q110872609,326
http://www.wikidata.org/entity/Q110872935,178
http://www.wikidata.org/entity/Q110884929,33
http://www.wikidata.org/entity/Q110907328,60
http://www.wikidata.org/entity/Q110907797,31
http://www.wikidata.org/entity/Q111159651,129
http://www.wikidata.org/entity/Q111160508,125
http://www.wikidata.org/entity/Q111255373,88
http://www.wikidata.org/entity/Q111256129,65
http://www.wikidata.org/entity/Q111255770,90.3
http://www.wikidata.org/entity/Q111257029,36
http://www.wikidata.org/entity/Q111308504,91
http://www.wikidata.org/entity/Q111508542,52.4
http://www.wikidata.org/entity/Q111509018,57
http://www.wikidata.org/entity/Q111512548,70
http://www.wikidata.org/entity/Q111577849,64.5
http://www.wikidata.org/entity/Q111593419,208
http://www.wikidata.org/entity/Q111718624,60
http://www.wikidata.org/entity/Q111803475,90
http://www.wikidata.org/entity/Q111976882,230
http://www.wikidata.org/entity/Q112007402,250
http://www.wikidata.org/entity/Q112034223,15.5
http://www.wikidata.org/entity/Q112075694,84.4
http://www.wikidata.org/entity/Q112109956,145
http://www.wikidata.org/entity/Q112110434,199
http://www.wikidata.org/entity/Q112122261,112
http://www.wikidata.org/entity/Q112228996,55
http://www.wikidata.org/entity/Q112675085,130
http://www.wikidata.org/entity/Q112798481,166
http://www.wikidata.org/entity/Q112958938,31
http://www.wikidata.org/entity/Q113005931,111
http://www.wikidata.org/entity/Q113006398,166
http://www.wikidata.org/entity/Q113016417,64.5
http://www.wikidata.org/entity/Q113328601,58
http://www.wikidata.org/entity/Q113328821,85
http://www.wikidata.org/entity/Q113444533,82
http://www.wikidata.org/entity/Q113465655,63
http://www.wikidata.org/entity/Q113465666,61
http://www.wikidata.org/entity/Q113550634,40
http://www.wikidata.org/entity/Q113825024,86
http://www.wikidata.org/entity/Q113988555,80
http://www.wikidata.org/entity/Q114065222,50.5
http://www.wikidata.org/entity/Q114241461,58.5
http://www.wikidata.org/entity/Q114417179,190
http://www.wikidata.org/entity/Q114417792,67
http://www.wikidata.org/entity/Q114601165,130
http://www.wikidata.org/entity/Q114647508,92
http://www.wikidata.org/entity/Q114647547,147.5
http://www.wikidata.org/entity/Q114770904,33.4
http://www.wikidata.org/entity/Q114772679,215
http://www.wikidata.org/entity/Q114775095,213
http://www.wikidata.org/entity/Q114793365,120
http://www.wikidata.org/entity/Q114807998,450
http://www.wikidata.org/entity/Q114811811,45
http://www.wikidata.org/entity/Q114825983,257
http://www.wikidata.org/entity/Q114857806,116
http://www.wikidata.org/entity/Q114859027,45
http://www.wikidata.org/entity/Q114863216,80.5
http://www.wikidata.org/entity/Q114937054,100
http://www.wikidata.org/entity/Q115041810,150
http://www.wikidata.org/entity/Q115102928,130
http://www.wikidata.org/entity/Q115110979,112
http://www.wikidata.org/entity/Q115153302,70
http://www.wikidata.org/entity/Q115153353,68
http://www.wikidata.org/entity/Q115192337,191
http://www.wikidata.org/entity/Q115193266,186
http://www.wikidata.org/entity/Q115206624,77
http://www.wikidata.org/entity/Q115249957,180
http://www.wikidata.org/entity/Q115326515,248
http://www.wikidata.org/entity/Q115327275,61.7
http://www.wikidata.org/entity/Q115329022,174.5
http://www.wikidata.org/entity/Q115350433,124
http://www.wikidata.org/entity/Q115363544,117.5
http://www.wikidata.org/entity/Q115380883,61
http://www.wikidata.org/entity/Q115382052,53
http://www.wikidata.org/entity/Q115390601,95
http://www.wikidata.org/entity/Q115430770,57
http://www.wikidata.org/entity/Q115431741,43.5
http://www.wikidata.org/entity/Q115434462,34
http://www.wikidata.org/entity/Q115452504,96
http://www.wikidata.org/entity/Q115453601,12.5
http://www.wikidata.org/entity/Q115456457,60.2
http://www.wikidata.org/entity/Q115470798,146
http://www.wikidata.org/entity/Q115484898,150
http://www.wikidata.org/entity/Q115512129,150
http://www.wikidata.org/entity/Q115522910,150
http://www.wikidata.org/entity/Q115555506,150
http://www.wikidata.org/entity/Q115589005,29
http://www.wikidata.org/entity/Q115589179,99
http://www.wikidata.org/entity/Q115652286,173
http://www.wikidata.org/entity/Q115659447,12.5
http://www.wikidata.org/entity/Q115662781,12.5
http://www.wikidata.org/entity/Q115669298,35
http://www.wikidata.org/entity/Q115707472,60
http://www.wikidata.org/entity/Q115727218,399
http://www.wikidata.org/entity/Q115770576,30
http://www.wikidata.org/entity/Q115776591,34
http://www.wikidata.org/entity/Q115783769,148
http://www.wikidata.org/entity/Q115788237,69
http://www.wikidata.org/entity/Q115787659,82.5
http://www.wikidata.org/entity/Q115789803,46.5
http://www.wikidata.org/entity/Q115796466,171.5
http://www.wikidata.org/entity/Q115798316,83
http://www.wikidata.org/entity/Q115821855,71
http://www.wikidata.org/entity/Q115821974,111
http://www.wikidata.org/entity/Q115839852,161
http://www.wikidata.org/entity/Q115863339,141
http://www.wikidata.org/entity/Q116259243,26.5
http://www.wikidata.org/entity/Q116259790,7.3
http://www.wikidata.org/entity/Q116414251,52.1
http://www.wikidata.org/entity/Q116734952,77
http://www.wikidata.org/entity/Q116771231,118
http://www.wikidata.org/entity/Q116771349,208
http://www.wikidata.org/entity/Q116771885,213
http://www.wikidata.org/entity/Q116772186,52
http://www.wikidata.org/entity/Q116779908,219
http://www.wikidata.org/entity/Q116780072,285
http://www.wikidata.org/entity/Q116780670,31
http://www.wikidata.org/entity/Q116786123,68
http://www.wikidata.org/entity/Q116802769,214
http://www.wikidata.org/entity/Q116804064,218
http://www.wikidata.org/entity/Q116804839,217
http://www.wikidata.org/entity/Q116805369,285
http://www.wikidata.org/entity/Q116806301,213
http://www.wikidata.org/entity/Q116807092,226
http://www.wikidata.org/entity/Q116875391,67.5
http://www.wikidata.org/entity/Q116912676,44
http://www.wikidata.org/entity/Q116912669,61
http://www.wikidata.org/entity/Q116912691,54
http://www.wikidata.org/entity/Q116912709,64
http://www.wikidata.org/entity/Q116912674,203
http://www.wikidata.org/entity/Q116912704,267
http://www.wikidata.org/entity/Q116912724,198.5
http://www.wikidata.org/entity/Q116920763,103
http://www.wikidata.org/entity/Q116920783,86
http://www.wikidata.org/entity/Q116938047,14
http://www.wikidata.org/entity/Q116943395,42
http://www.wikidata.org/entity/Q116943590,49.6
http://www.wikidata.org/entity/Q116943795,38.5
http://www.wikidata.org/entity/Q116944959,36.1
http://www.wikidata.org/entity/Q116944960,36.1
http://www.wikidata.org/entity/Q116945667,33.7
http://www.wikidata.org/entity/Q116955599,37
http://www.wikidata.org/entity/Q116956495,272
http://www.wikidata.org/entity/Q116957155,57.8
http://www.wikidata.org/entity/Q116968267,20.8
http://www.wikidata.org/entity/Q116968203,58.5
http://www.wikidata.org/entity/Q116984810,183
http://www.wikidata.org/entity/Q116985089,46
http://www.wikidata.org/entity/Q116984873,29.5
http://www.wikidata.org/entity/Q116985263,60.6
http://www.wikidata.org/entity/Q116985346,53.3
http://www.wikidata.org/entity/Q116985325,104.5
http://www.wikidata.org/entity/Q116989564,52.2
http://www.wikidata.org/entity/Q116991105,85.3
http://www.wikidata.org/entity/Q116991906,87
http://www.wikidata.org/entity/Q116992418,13
http://www.wikidata.org/entity/Q116993372,8.8
http://www.wikidata.org/entity/Q116993384,8.8
http://www.wikidata.org/entity/Q116993417,9.3
http://www.wikidata.org/entity/Q116994722,42
http://www.wikidata.org/entity/Q116994793,23.2
http://www.wikidata.org/entity/Q116995512,65.5
http://www.wikidata.org/entity/Q117005860,66
http://www.wikidata.org/entity/Q117005926,51
http://www.wikidata.org/entity/Q117005980,51
http://www.wikidata.org/entity/Q117023915,75
http://www.wikidata.org/entity/Q117024956,200
http://www.wikidata.org/entity/Q117034906,103
http://www.wikidata.org/entity/Q117034670,40.3
http://www.wikidata.org/entity/Q117035093,44
http://www.wikidata.org/entity/Q117035037,32.5
http://www.wikidata.org/entity/Q117034996,39.5
http://www.wikidata.org/entity/Q117040607,35.5
http://www.wikidata.org/entity/Q117041748,30
http://www.wikidata.org/entity/Q117041785,171
http://www.wikidata.org/entity/Q117042984,38.8
http://www.wikidata.org/entity/Q117043780,132
http://www.wikidata.org/entity/Q117043824,96
http://www.wikidata.org/entity/Q117044144,150
http://www.wikidata.org/entity/Q117051271,150
http://www.wikidata.org/entity/Q117051307,167
http://www.wikidata.org/entity/Q117051343,194
http://www.wikidata.org/entity/Q117051893,135
http://www.wikidata.org/entity/Q117052364,155
http://www.wikidata.org/entity/Q117086970,90
http://www.wikidata.org/entity/Q117086849,61.5
http://www.wikidata.org/entity/Q117086924,77.5
http://www.wikidata.org/entity/Q117086888,85.5
http://www.wikidata.org/entity/Q117161791,65
http://www.wikidata.org/entity/Q117162400,81
http://www.wikidata.org/entity/Q117164043,47
http://www.wikidata.org/entity/Q117188285,61.5
http://www.wikidata.org/entity/Q117323711,89
http://www.wikidata.org/entity/Q117338080,81
http://www.wikidata.org/entity/Q117382014,36
http://www.wikidata.org/entity/Q117408489,70
http://www.wikidata.org/entity/Q117408743,145
http://www.wikidata.org/entity/Q117408881,222
http://www.wikidata.org/entity/Q117428285,180
http://www.wikidata.org/entity/Q117428543,172
http://www.wikidata.org/entity/Q117430308,65
http://www.wikidata.org/entity/Q117430437,145
http://www.wikidata.org/entity/Q117428772,225.5
http://www.wikidata.org/entity/Q117615645,171
http://www.wikidata.org/entity/Q117708969,134
http://www.wikidata.org/entity/Q117753177,72
http://www.wikidata.org/entity/Q117756937,27.5
http://www.wikidata.org/entity/Q117797593,42
http://www.wikidata.org/entity/Q117803973,116
http://www.wikidata.org/entity/Q117826019,112
http://www.wikidata.org/entity/Q117832067,264
http://www.wikidata.org/entity/Q118121260,95.7
http://www.wikidata.org/entity/Q118138029,58.5
http://www.wikidata.org/entity/Q118140584,111
http://www.wikidata.org/entity/Q118273001,153
http://www.wikidata.org/entity/Q118277328,140
http://www.wikidata.org/entity/Q118383381,36.5
http://www.wikidata.org/entity/Q118383458,70.5
http://www.wikidata.org/entity/Q118384137,62
http://www.wikidata.org/entity/Q118522639,193
http://www.wikidata.org/entity/Q118725638,247
http://www.wikidata.org/entity/Q118898180,60
http://www.wikidata.org/entity/Q118978047,68
http://www.wikidata.org/entity/Q119008888,90
http://www.wikidata.org/entity/Q119157243,100
http://www.wikidata.org/entity/Q119164762,117
http://www.wikidata.org/entity/Q119169372,65
http://www.wikidata.org/entity/Q119398059,72.1
http://www.wikidata.org/entity/Q119406125,144
http://www.wikidata.org/entity/Q119496040,58
http://www.wikidata.org/entity/Q119702756,78
http://www.wikidata.org/entity/Q120401056,59.5
http://www.wikidata.org/entity/Q120509133,130
http://www.wikidata.org/entity/Q120509521,107
http://www.wikidata.org/entity/Q120509789,105
http://www.wikidata.org/entity/Q120763322,91.3
http://www.wikidata.org/entity/Q120766339,107.5
http://www.wikidata.org/entity/Q120793977,100
http://www.wikidata.org/entity/Q120822987,87
http://www.wikidata.org/entity/Q120968113,15.4
http://www.wikidata.org/entity/Q120968282,15.4
http://www.wikidata.org/entity/Q120968550,15.4
http://www.wikidata.org/entity/Q120968767,15.4
http://www.wikidata.org/entity/Q120968914,15.4
http://www.wikidata.org/entity/Q120985002,61
http://www.wikidata.org/entity/Q121050640,103
http://www.wikidata.org/entity/Q121064292,200
http://www.wikidata.org/entity/Q121064630,297
http://www.wikidata.org/entity/Q121065902,150
http://www.wikidata.org/entity/Q121066043,200
http://www.wikidata.org/entity/Q121450256,34
http://www.wikidata.org/entity/Q121462678,37
http://www.wikidata.org/entity/Q121504941,74
http://www.wikidata.org/entity/Q121678655,77
http://www.wikidata.org/entity/Q121685223,236
http://www.wikidata.org/entity/Q121692401,60
http://www.wikidata.org/entity/Q121780997,72
http://www.wikidata.org/entity/Q121811406,101
http://www.wikidata.org/entity/Q122227973,50
http://www.wikidata.org/entity/Q122615548,108
http://www.wikidata.org/entity/Q122617360,65
http://www.wikidata.org/entity/Q122730307,183
http://www.wikidata.org/entity/Q122733370,100.5
http://www.wikidata.org/entity/Q122740583,145
http://www.wikidata.org/entity/Q122764699,87
http://www.wikidata.org/entity/Q122912807,68.5
http://www.wikidata.org/entity/Q122948136,71
http://www.wikidata.org/entity/Q122965388,47
http://www.wikidata.org/entity/Q123052486,41
http://www.wikidata.org/entity/Q123052559,72
http://www.wikidata.org/entity/Q123055325,98.5
http://www.wikidata.org/entity/Q123146252,62.5
http://www.wikidata.org/entity/Q123178580,240
http://www.wikidata.org/entity/Q123200938,102
http://www.wikidata.org/entity/Q123200940,155
http://www.wikidata.org/entity/Q123200931,218
http://www.wikidata.org/entity/Q123201359,73
http://www.wikidata.org/entity/Q123258249,93.5
http://www.wikidata.org/entity/Q123260093,52.5
http://www.wikidata.org/entity/Q123301255,63.8
http://www.wikidata.org/entity/Q123313948,175.2
http://www.wikidata.org/entity/Q123314103,181.8
http://www.wikidata.org/entity/Q123328738,42
http://www.wikidata.org/entity/Q123338940,59.5
http://www.wikidata.org/entity/Q123375075,46
http://www.wikidata.org/entity/Q123416410,140
http://www.wikidata.org/entity/Q123419220,202
http://www.wikidata.org/entity/Q123422898,73
http://www.wikidata.org/entity/Q123457399,27
http://www.wikidata.org/entity/Q123457388,56
http://www.wikidata.org/entity/Q123457362,94
http://www.wikidata.org/entity/Q123457393,93
http://www.wikidata.org/entity/Q123458625,100
http://www.wikidata.org/entity/Q123457371,178.6
http://www.wikidata.org/entity/Q123462848,101.3
http://www.wikidata.org/entity/Q123480115,62.7
http://www.wikidata.org/entity/Q123562848,38
http://www.wikidata.org/entity/Q123671285,88
http://www.wikidata.org/entity/Q123709241,77
http://www.wikidata.org/entity/Q123709348,196
http://www.wikidata.org/entity/Q123741888,133
http://www.wikidata.org/entity/Q123751969,57
http://www.wikidata.org/entity/Q123754396,154
http://www.wikidata.org/entity/Q123753616,112.5
http://www.wikidata.org/entity/Q123912954,97
http://www.wikidata.org/entity/Q124038605,149
http://www.wikidata.org/entity/Q124039068,89
http://www.wikidata.org/entity/Q124039121,55
http://www.wikidata.org/entity/Q124039323,150.5
http://www.wikidata.org/entity/Q124043063,93
http://www.wikidata.org/entity/Q124056690,177
http://www.wikidata.org/entity/Q124069413,72
http://www.wikidata.org/entity/Q124069583,74
http://www.wikidata.org/entity/Q124069753,80
http://www.wikidata.org/entity/Q124079494,70
http://www.wikidata.org/entity/Q124083860,60
http://www.wikidata.org/entity/Q124084281,60
http://www.wikidata.org/entity/Q124086041,60
http://www.wikidata.org/entity/Q124086306,60
http://www.wikidata.org/entity/Q124086626,138
http://www.wikidata.org/entity/Q124087802,86
http://www.wikidata.org/entity/Q124091771,45
http://www.wikidata.org/entity/Q124092399,118
http://www.wikidata.org/entity/Q124092672,58
http://www.wikidata.org/entity/Q124097861,44
http://www.wikidata.org/entity/Q124098297,44
http://www.wikidata.org/entity/Q124100563,85
http://www.wikidata.org/entity/Q124101877,65
http://www.wikidata.org/entity/Q124101956,48
http://www.wikidata.org/entity/Q124150884,60
http://www.wikidata.org/entity/Q124151090,72
http://www.wikidata.org/entity/Q124152267,54.6
http://www.wikidata.org/entity/Q124154199,60
http://www.wikidata.org/entity/Q124154228,53
http://www.wikidata.org/entity/Q124210379,169
http://www.wikidata.org/entity/Q124218595,62.5
http://www.wikidata.org/entity/Q124246612,91.5
http://www.wikidata.org/entity/Q124248182,66
http://www.wikidata.org/entity/Q124286611,114
http://www.wikidata.org/entity/Q124287319,96
http://www.wikidata.org/entity/Q124288119,50.9
http://www.wikidata.org/entity/Q124307433,150
http://www.wikidata.org/entity/Q124307821,135
http://www.wikidata.org/entity/Q124316070,58
http://www.wikidata.org/entity/Q124321743,100
http://www.wikidata.org/entity/Q124348363,170
http://www.wikidata.org/entity/Q124348745,170
http://www.wikidata.org/entity/Q124349538,80
http://www.wikidata.org/entity/Q124369794,103
http://www.wikidata.org/entity/Q124498236,85
http://www.wikidata.org/entity/Q124499426,100
http://www.wikidata.org/entity/Q124537391,98
http://www.wikidata.org/entity/Q124538450,97
http://www.wikidata.org/entity/Q124629543,45
http://www.wikidata.org/entity/Q124630700,60
http://www.wikidata.org/entity/Q124652592,55
http://www.wikidata.org/entity/Q124652229,85.8
http://www.wikidata.org/entity/Q124662574,120
http://www.wikidata.org/entity/Q124662452,42.7
http://www.wikidata.org/entity/Q124663036,136
http://www.wikidata.org/entity/Q124664892,184.5
http://www.wikidata.org/entity/Q124686467,50
http://www.wikidata.org/entity/Q124719736,45
http://www.wikidata.org/entity/Q124721106,45
http://www.wikidata.org/entity/Q124723493,45
http://www.wikidata.org/entity/Q124724283,87
http://www.wikidata.org/entity/Q124726300,42
http://www.wikidata.org/entity/Q124726116,42.5
http://www.wikidata.org/entity/Q124736928,27
http://www.wikidata.org/entity/Q124738743,34
http://www.wikidata.org/entity/Q124801581,123.3
http://www.wikidata.org/entity/Q124884546,76
http://www.wikidata.org/entity/Q124902982,29.5
http://www.wikidata.org/entity/Q124922865,174
http://www.wikidata.org/entity/Q124962542,98
http://www.wikidata.org/entity/Q124981334,23
http://www.wikidata.org/entity/Q125102834,82
http://www.wikidata.org/entity/Q125107060,70
http://www.wikidata.org/entity/Q125116690,100
http://www.wikidata.org/entity/Q125144993,34
http://www.wikidata.org/entity/Q125170382,190
http://www.wikidata.org/entity/Q125176302,111
http://www.wikidata.org/entity/Q125208945,207
http://www.wikidata.org/entity/Q125266586,160
http://www.wikidata.org/entity/Q125293980,43
http://www.wikidata.org/entity/Q125298817,72
http://www.wikidata.org/entity/Q125387269,46
http://www.wikidata.org/entity/Q125399429,45
http://www.wikidata.org/entity/Q125490773,119
http://www.wikidata.org/entity/Q125599554,68
http://www.wikidata.org/entity/Q125678611,61
http://www.wikidata.org/entity/Q125679589,73
http://www.wikidata.org/entity/Q125692333,700
http://www.wikidata.org/entity/Q125704254,87
http://www.wikidata.org/entity/Q125728210,38
http://www.wikidata.org/entity/Q125811262,150
http://www.wikidata.org/entity/Q125811962,170
http://www.wikidata.org/entity/Q125811807,175
http://www.wikidata.org/entity/Q125812539,172
http://www.wikidata.org/entity/Q125813029,200
http://www.wikidata.org/entity/Q125813094,180
http://www.wikidata.org/entity/Q125813375,170
http://www.wikidata.org/entity/Q125813475,220
http://www.wikidata.org/entity/Q125813876,119
http://www.wikidata.org/entity/Q125863783,90
http://www.wikidata.org/entity/Q125938897,39
http://www.wikidata.org/entity/Q125973048,58
http://www.wikidata.org/entity/Q125973990,42
http://www.wikidata.org/entity/Q125974248,48
http://www.wikidata.org/entity/Q126093976,32.5
http://www.wikidata.org/entity/Q126127672,193
http://www.wikidata.org/entity/Q126284170,70
http://www.wikidata.org/entity/Q126284206,100
http://www.wikidata.org/entity/Q126284182,46
http://www.wikidata.org/entity/Q126284181,45
http://www.wikidata.org/entity/Q126284183,49
http://www.wikidata.org/entity/Q126284180,49
http://www.wikidata.org/entity/Q126284228,700
http://www.wikidata.org/entity/Q126284199,41
http://www.wikidata.org/entity/Q126284189,52
http://www.wikidata.org/entity/Q126284197,46
http://www.wikidata.org/entity/Q126284191,64
http://www.wikidata.org/entity/Q126284194,64
http://www.wikidata.org/entity/Q126284233,260
http://www.wikidata.org/entity/Q126284229,330
http://www.wikidata.org/entity/Q126284196,66
http://www.wikidata.org/entity/Q126284185,78
http://www.wikidata.org/entity/Q126284232,350
http://www.wikidata.org/entity/Q126284238,340
http://www.wikidata.org/entity/Q126284237,340
http://www.wikidata.org/entity/Q126284193,81
http://www.wikidata.org/entity/Q126284198,92
http://www.wikidata.org/entity/Q126284274,250
http://www.wikidata.org/entity/Q126284226,73
http://www.wikidata.org/entity/Q126284258,51
http://www.wikidata.org/entity/Q126284301,60
http://www.wikidata.org/entity/Q126284230,82
http://www.wikidata.org/entity/Q126284231,82
http://www.wikidata.org/entity/Q126284263,57
http://www.wikidata.org/entity/Q126284303,190
http://www.wikidata.org/entity/Q126284315,80
http://www.wikidata.org/entity/Q126284305,160
http://www.wikidata.org/entity/Q126284312,11
http://www.wikidata.org/entity/Q126284177,147
http://www.wikidata.org/entity/Q126284314,15
http://www.wikidata.org/entity/Q126284320,70
http://www.wikidata.org/entity/Q126284313,150
http://www.wikidata.org/entity/Q126284295,38
http://www.wikidata.org/entity/Q126284265,66
http://www.wikidata.org/entity/Q126284322,19
http://www.wikidata.org/entity/Q126284264,75
http://www.wikidata.org/entity/Q126284283,75
http://www.wikidata.org/entity/Q126284284,74
http://www.wikidata.org/entity/Q126284275,88
http://www.wikidata.org/entity/Q126284318,45
http://www.wikidata.org/entity/Q126284272,88
http://www.wikidata.org/entity/Q126284317,43
http://www.wikidata.org/entity/Q126284293,74
http://www.wikidata.org/entity/Q126284261,115
http://www.wikidata.org/entity/Q126284326,55
http://www.wikidata.org/entity/Q126284383,200
http://www.wikidata.org/entity/Q126284270,115
http://www.wikidata.org/entity/Q126284386,30
http://www.wikidata.org/entity/Q126284241,145
http://www.wikidata.org/entity/Q126284385,70
http://www.wikidata.org/entity/Q126284357,35
http://www.wikidata.org/entity/Q126284384,120
http://www.wikidata.org/entity/Q126284389,70
http://www.wikidata.org/entity/Q126284247,153
http://www.wikidata.org/entity/Q126284244,153
http://www.wikidata.org/entity/Q126284380,210
http://www.wikidata.org/entity/Q126284251,154
http://www.wikidata.org/entity/Q126284252,151
http://www.wikidata.org/entity/Q126284260,145
http://www.wikidata.org/entity/Q126284245,165
http://www.wikidata.org/entity/Q126284240,174
http://www.wikidata.org/entity/Q126284277,143
http://www.wikidata.org/entity/Q126284355,72
http://www.wikidata.org/entity/Q126284256,173
http://www.wikidata.org/entity/Q126284278,157
http://www.wikidata.org/entity/Q126284387,49
http://www.wikidata.org/entity/Q126284388,48
http://www.wikidata.org/entity/Q126284242,215
http://www.wikidata.org/entity/Q126284250,207
http://www.wikidata.org/entity/Q126284249,207
http://www.wikidata.org/entity/Q126284257,232
http://www.wikidata.org/entity/Q126284306,197
http://www.wikidata.org/entity/Q126284288,212
http://www.wikidata.org/entity/Q126284316,23.1
http://www.wikidata.org/entity/Q126284285,295
http://www.wikidata.org/entity/Q126284297,28.5
http://www.wikidata.org/entity/Q126284234,366
http://www.wikidata.org/entity/Q126284187,42.5
http://www.wikidata.org/entity/Q126284279,335
http://www.wikidata.org/entity/Q126284281,335
http://www.wikidata.org/entity/Q126284381,241
http://www.wikidata.org/entity/Q126284622,19
http://www.wikidata.org/entity/Q126284329,37.5
http://www.wikidata.org/entity/Q126284294,43.5
http://www.wikidata.org/entity/Q126284300,44.5
http://www.wikidata.org/entity/Q126284296,52.5
http://www.wikidata.org/entity/Q126284192,67.5
http://www.wikidata.org/entity/Q126284309,567
http://www.wikidata.org/entity/Q126284308,585
http://www.wikidata.org/entity/Q126284298,62.5
http://www.wikidata.org/entity/Q126284282,73.5
http://www.wikidata.org/entity/Q126284267,79.5
http://www.wikidata.org/entity/Q126284299,77.5
http://www.wikidata.org/entity/Q126284207,91.5
http://www.wikidata.org/entity/Q126284269,85.4
http://www.wikidata.org/entity/Q126284286,96.5
http://www.wikidata.org/entity/Q126284172,134.5
http://www.wikidata.org/entity/Q126284246,156.5
http://www.wikidata.org/entity/Q126284243,185.5
http://www.wikidata.org/entity/Q126284255,231.5
http://www.wikidata.org/entity/Q126310903,100
http://www.wikidata.org/entity/Q126456526,80.2
http://www.wikidata.org/entity/Q126633287,96.7
http://www.wikidata.org/entity/Q126709512,96
http://www.wikidata.org/entity/Q126721550,98
http://www.wikidata.org/entity/Q126918076,31.7
http://www.wikidata.org/entity/Q127327807,65
http://www.wikidata.org/entity/Q127433409,104
http://www.wikidata.org/entity/Q127442026,50
http://www.wikidata.org/entity/Q127564377,112
http://www.wikidata.org/entity/Q127695958,306
http://www.wikidata.org/entity/Q127985499,235
http://www.wikidata.org/entity/Q128124962,70
http://www.wikidata.org/entity/Q128495286,140.5
http://www.wikidata.org/entity/Q128783484,55
http://www.wikidata.org/entity/Q128810133,180
http://www.wikidata.org/entity/Q128941201,160
http://www.wikidata.org/entity/Q129199340,22.5
http://www.wikidata.org/entity/Q129487042,70
http://www.wikidata.org/entity/Q129507208,49.5
http://www.wikidata.org/entity/Q130212907,131
http://www.wikidata.org/entity/Q130213077,119
http://www.wikidata.org/entity/Q130213160,119
http://www.wikidata.org/entity/Q130214332,65
http://www.wikidata.org/entity/Q130221017,124
http://www.wikidata.org/entity/Q130234284,82
http://www.wikidata.org/entity/Q130369461,146
http://www.wikidata.org/entity/Q130375844,100
http://www.wikidata.org/entity/Q130394364,80
http://www.wikidata.org/entity/Q130467776,67
http://www.wikidata.org/entity/Q130492308,196
http://www.wikidata.org/entity/Q130515982,131.5
http://www.wikidata.org/entity/Q130536956,115
http://www.wikidata.org/entity/Q130537073,100
http://www.wikidata.org/entity/Q130642202,268
http://www.wikidata.org/entity/Q131100772,168
http://www.wikidata.org/entity/Q131154939,115.5
http://www.wikidata.org/entity/Q131340770,78
http://www.wikidata.org/entity/Q131350054,89.5
http://www.wikidata.org/entity/Q131351071,112
http://www.wikidata.org/entity/Q131354901,42.5
http://www.wikidata.org/entity/Q131356481,144
http://www.wikidata.org/entity/Q131367847,226
http://www.wikidata.org/entity/Q131450105,157
http://www.wikidata.org/entity/Q131463514,79.2
http://www.wikidata.org/entity/Q131501847,82
http://www.wikidata.org/entity/Q131501852,113
http://www.wikidata.org/entity/Q131543655,97
http://www.wikidata.org/entity/Q131543624,272
http://www.wikidata.org/entity/Q131543672,52.3
http://www.wikidata.org/entity/Q131546520,810
http://www.wikidata.org/entity/Q131546602,50.6
http://www.wikidata.org/entity/Q131546415,81.8
http://www.wikidata.org/entity/Q131563724,63.5
http://www.wikidata.org/entity/Q131564536,111
http://www.wikidata.org/entity/Q131574021,57
http://www.wikidata.org/entity/Q131579660,18
http://www.wikidata.org/entity/Q131588045,83
http://www.wikidata.org/entity/Q131604566,170
http://www.wikidata.org/entity/Q131604575,197.4
http://www.wikidata.org/entity/Q131613578,290
http://www.wikidata.org/entity/Q131613784,33
http://www.wikidata.org/entity/Q131613785,193
http://www.wikidata.org/entity/Q131613900,98.5
http://www.wikidata.org/entity/Q131613676,174.6
http://www.wikidata.org/entity/Q131617911,53
http://www.wikidata.org/entity/Q131627550,156
http://www.wikidata.org/entity/Q131627817,134
http://www.wikidata.org/entity/Q131628768,192.3
http://www.wikidata.org/entity/Q131675994,670
http://www.wikidata.org/entity/Q131690550,90
http://www.wikidata.org/entity/Q131690560,58
http://www.wikidata.org/entity/Q131702506,58.5
http://www.wikidata.org/entity/Q131704141,42
http://www.wikidata.org/entity/Q131721232,106
http://www.wikidata.org/entity/Q131760472,45
http://www.wikidata.org/entity/Q131760475,95
http://www.wikidata.org/entity/Q131760478,92
http://www.wikidata.org/entity/Q131760476,105
http://www.wikidata.org/entity/Q131760462,132
http://www.wikidata.org/entity/Q131813159,205
http://www.wikidata.org/entity/Q131823366,187
http://www.wikidata.org/entity/Q131823354,26.5
http://www.wikidata.org/entity/Q131825312,93.3
http://www.wikidata.org/entity/Q131829978,146
http://www.wikidata.org/entity/Q131830267,40
http://www.wikidata.org/entity/Q131830296,40
http://www.wikidata.org/entity/Q131830590,250
http://www.wikidata.org/entity/Q131840176,130
http://www.wikidata.org/entity/Q131851136,180
http://www.wikidata.org/entity/Q131856823,150
http://www.wikidata.org/entity/Q131856942,136
http://www.wikidata.org/entity/Q131856664,66.5
http://www.wikidata.org/entity/Q131857319,75
http://www.wikidata.org/entity/Q131857510,66.5
http://www.wikidata.org/entity/Q131859345,119
http://www.wikidata.org/entity/Q131859542,92
http://www.wikidata.org/entity/Q131860198,63
http://www.wikidata.org/entity/Q131860141,63.5
http://www.wikidata.org/entity/Q131859480,184.5
http://www.wikidata.org/entity/Q131861810,60
http://www.wikidata.org/entity/Q131861981,60
http://www.wikidata.org/entity/Q131868524,275
http://www.wikidata.org/entity/Q131919623,166
http://www.wikidata.org/entity/Q131937042,35
http://www.wikidata.org/entity/Q131937081,413
http://www.wikidata.org/entity/Q132148037,140
http://www.wikidata.org/entity/Q132147997,165.5
http://www.wikidata.org/entity/Q132188587,100
http://www.wikidata.org/entity/Q132247435,227
http://www.wikidata.org/entity/Q132397679,3.17
http://www.wikidata.org/entity/Q132655854,58
http://www.wikidata.org/entity/Q132732649,194
http://www.wikidata.org/entity/Q132732774,119
http://www.wikidata.org/entity/Q133269222,11
http://www.wikidata.org/entity/Q133269393,31
http://www.wikidata.org/entity/Q133269326,46.5
http://www.wikidata.org/entity/Q133272425,150
http://www.wikidata.org/entity/Q133273079,134
http://www.wikidata.org/entity/Q133273191,97.5
http://www.wikidata.org/entity/Q133281009,148
http://www.wikidata.org/entity/Q133281038,134
http://www.wikidata.org/entity/Q133377050,50.7
http://www.wikidata.org/entity/Q133460319,74.5
http://www.wikidata.org/entity/Q133520790,76.6
http://www.wikidata.org/entity/Q133538987,117
http://www.wikidata.org/entity/Q133572599,118
http://www.wikidata.org/entity/Q133580122,36
http://www.wikidata.org/entity/Q133663142,73.2
http://www.wikidata.org/entity/Q133756640,82
http://www.wikidata.org/entity/Q133806816,148
http://www.wikidata.org/entity/Q133832267,97
http://www.wikidata.org/entity/Q133838769,17.5
http://www.wikidata.org/entity/Q133853068,34
http://www.wikidata.org/entity/Q133853701,110
http://www.wikidata.org/entity/Q133857279,78.5
http://www.wikidata.org/entity/Q133871397,91.5
http://www.wikidata.org/entity/Q133878297,34
http://www.wikidata.org/entity/Q133877955,74.5
http://www.wikidata.org/entity/Q133878813,34
http://www.wikidata.org/entity/Q134006791,70
http://www.wikidata.org/entity/Q134475701,142
http://www.wikidata.org/entity/Q134691464,99
http://www.wikidata.org/entity/Q134699222,145
http://www.wikidata.org/entity/Q134820887,58
http://www.wikidata.org/entity/Q134960128,68
http://www.wikidata.org/entity/Q135088946,42
http://www.wikidata.org/entity/Q135089031,118
http://www.wikidata.org/entity/Q135089170,60
http://www.wikidata.org/entity/Q135089208,108
http://www.wikidata.org/entity/Q135089338,25.6
http://www.wikidata.org/entity/Q135089933,55
http://www.wikidata.org/entity/Q135097382,51
http://www.wikidata.org/entity/Q135098524,64
http://www.wikidata.org/entity/Q135213019,27
http://www.wikidata.org/entity/Q135213092,45
http://www.wikidata.org/entity/Q135216092,40
http://www.wikidata.org/entity/Q135216430,54
http://www.wikidata.org/entity/Q135219976,130
http://www.wikidata.org/entity/Q135286600,130
http://www.wikidata.org/entity/Q135669652,230
http://www.wikidata.org/entity/Q135761987,125
http://www.wikidata.org/entity/Q135971600,170
http://www.wikidata.org/entity/Q135971947,220
http://www.wikidata.org/entity/Q135988557,97
http://www.wikidata.org/entity/Q135989185,50
http://www.wikidata.org/entity/Q136359717,96
http://www.wikidata.org/entity/Q136359850,95.5
http://www.wikidata.org/entity/Q136419815,116
http://www.wikidata.org/entity/Q136445881,70.1
http://www.wikidata.org/entity/Q136446304,65.8
http://www.wikidata.org/entity/Q136452782,72.5
http://www.wikidata.org/entity/Q136457064,216
http://www.wikidata.org/entity/Q136468769,44
http://www.wikidata.org/entity/Q136488593,40
http://www.wikidata.org/entity/Q136497894,38
http://www.wikidata.org/entity/Q136747345,112
http://www.wikidata.org/entity/Q136752887,107
http://www.wikidata.org/entity/Q136789581,66.5
http://www.wikidata.org/entity/Q136806465,215
http://www.wikidata.org/entity/Q136807706,219
http://www.wikidata.org/entity/Q136840231,84
http://www.wikidata.org/entity/Q136849352,150
http://www.wikidata.org/entity/Q136934711,131
http://www.wikidata.org/entity/Q137040888,76.5
http://www.wikidata.org/entity/Q137169658,65
http://www.wikidata.org/entity/Q137268771,37
http://www.wikidata.org/entity/Q137357477,153.5
http://www.wikidata.org/entity/Q137395888,235
