id,movimenti
http://www.wikidata.org/entity/Q151047,Rinascimento; Primo Rinascimento
http://www.wikidata.org/entity/Q180632,manierismo; pittura veneta
http://www.wikidata.org/entity/Q368788,rinascimento italiano
http://www.wikidata.org/entity/Q428274,Alto Rinascimento
http://www.wikidata.org/entity/Q488825,Primo Rinascimento; pittura rinascimentale italiana
http://www.wikidata.org/entity/Q493792,manierismo
http://www.wikidata.org/entity/Q532486,
http://www.wikidata.org/entity/Q546297,Primo Rinascimento; pittura rinascimentale italiana
http://www.wikidata.org/entity/Q549847,Primo Rinascimento
http://www.wikidata.org/entity/Q580853,Primo Rinascimento
http://www.wikidata.org/entity/Q592551,Scuola umbra
http://www.wikidata.org/entity/Q672817,rinascimento italiano
http://www.wikidata.org/entity/Q732821,
http://www.wikidata.org/entity/Q733017,
http://www.wikidata.org/entity/Q734197,protorinascimento
http://www.wikidata.org/entity/Q742801,Primo Rinascimento
http://www.wikidata.org/entity/Q794077,pittura veneta; Alto Rinascimento
http://www.wikidata.org/entity/Q867678,Alto Rinascimento
http://www.wikidata.org/entity/Q924655,manierismo; pittura veneta
http://www.wikidata.org/entity/Q945250,Alto Rinascimento
http://www.wikidata.org/entity/Q945625,Alto Rinascimento
http://www.wikidata.org/entity/Q948034,Alto Rinascimento
http://www.wikidata.org/entity/Q955295,pittura rinascimentale italiana
http://www.wikidata.org/entity/Q959174,Primo Rinascimento
http://www.wikidata.org/entity/Q1055111,
http://www.wikidata.org/entity/Q1109340,Primo Rinascimento
http://www.wikidata.org/entity/Q1109475,
http://www.wikidata.org/entity/Q1110146,Rinascimento
http://www.wikidata.org/entity/Q1111232,
http://www.wikidata.org/entity/Q1113938,rinascimento italiano
http://www.wikidata.org/entity/Q1114823,Primo Rinascimento
http://www.wikidata.org/entity/Q1114856,Primo Rinascimento
http://www.wikidata.org/entity/Q1114881,Primo Rinascimento
http://www.wikidata.org/entity/Q1115413,Primo Rinascimento
http://www.wikidata.org/entity/Q1115423,Primo Rinascimento
http://www.wikidata.org/entity/Q1119008,Alto Rinascimento
http://www.wikidata.org/entity/Q1119782,Alto Rinascimento
http://www.wikidata.org/entity/Q1121644,Macchiaioli
http://www.wikidata.org/entity/Q1122002,pittura rinascimentale italiana
http://www.wikidata.org/entity/Q1122537,barocco
http://www.wikidata.org/entity/Q1131263,Primo Rinascimento
http://www.wikidata.org/entity/Q1132479,barocco
http://www.wikidata.org/entity/Q1132486,barocco
http://www.wikidata.org/entity/Q1134060,
http://www.wikidata.org/entity/Q1195035,
http://www.wikidata.org/entity/Q1212920,Primo Rinascimento
http://www.wikidata.org/entity/Q1215809,rinascimento italiano
http://www.wikidata.org/entity/Q1217187,Primo Rinascimento
http://www.wikidata.org/entity/Q1237596,
http://www.wikidata.org/entity/Q1240092,pittura spagnola barocca
http://www.wikidata.org/entity/Q1328065,manierismo
http://www.wikidata.org/entity/Q1448203,
http://www.wikidata.org/entity/Q1448701,barocco
http://www.wikidata.org/entity/Q1460271,
http://www.wikidata.org/entity/Q1751408,Primo Rinascimento; pittura rinascimentale italiana
http://www.wikidata.org/entity/Q1761496,Primo Rinascimento
http://www.wikidata.org/entity/Q1762826,pittura veneta; Primo Rinascimento
http://www.wikidata.org/entity/Q1863885,
http://www.wikidata.org/entity/Q1899740,pittura veneta; Alto Rinascimento
http://www.wikidata.org/entity/Q2011510,manierismo
http://www.wikidata.org/entity/Q2016193,gotico; protorinascimento
http://www.wikidata.org/entity/Q2030685,Alto Rinascimento
http://www.wikidata.org/entity/Q2035209,Alto Rinascimento
http://www.wikidata.org/entity/Q2045726,Alto Rinascimento
http://www.wikidata.org/entity/Q2066739,Rinascimento
http://www.wikidata.org/entity/Q2092566,
http://www.wikidata.org/entity/Q2097931,
http://www.wikidata.org/entity/Q2247307,Primo Rinascimento
http://www.wikidata.org/entity/Q2264942,
http://www.wikidata.org/entity/Q2267509,Primo Rinascimento
http://www.wikidata.org/entity/Q2268013,Primo Rinascimento
http://www.wikidata.org/entity/Q2269291,umanesimo
http://www.wikidata.org/entity/Q2269585,Primo Rinascimento
http://www.wikidata.org/entity/Q2270291,
http://www.wikidata.org/entity/Q2273517,barocco
http://www.wikidata.org/entity/Q2275353,barocco
http://www.wikidata.org/entity/Q2275371,barocco
http://www.wikidata.org/entity/Q2277635,barocco
http://www.wikidata.org/entity/Q2284829,
http://www.wikidata.org/entity/Q2293905,
http://www.wikidata.org/entity/Q2293936,
http://www.wikidata.org/entity/Q2325834,barocco
http://www.wikidata.org/entity/Q2327715,barocco
http://www.wikidata.org/entity/Q2337873,barocco
http://www.wikidata.org/entity/Q2338404,rinascimento italiano
http://www.wikidata.org/entity/Q2338417,barocco
http://www.wikidata.org/entity/Q2343939,Alto Rinascimento
http://www.wikidata.org/entity/Q2405771,Primo Rinascimento
http://www.wikidata.org/entity/Q2426058,Primo Rinascimento
http://www.wikidata.org/entity/Q2448678,
http://www.wikidata.org/entity/Q2459887,pittura veneta; Alto Rinascimento
http://www.wikidata.org/entity/Q2470123,barocco
http://www.wikidata.org/entity/Q2472983,manierismo; pittura veneta
http://www.wikidata.org/entity/Q2515309,Alto Rinascimento
http://www.wikidata.org/entity/Q2551625,Primo Rinascimento
http://www.wikidata.org/entity/Q2610729,Alto Rinascimento
http://www.wikidata.org/entity/Q2610936,
http://www.wikidata.org/entity/Q2626595,barocco
http://www.wikidata.org/entity/Q2627056,Caravaggismo
http://www.wikidata.org/entity/Q2629715,Alto Rinascimento
http://www.wikidata.org/entity/Q2635552,Alto Rinascimento
http://www.wikidata.org/entity/Q2665840,pittura veneta
http://www.wikidata.org/entity/Q2713203,barocco
http://www.wikidata.org/entity/Q2713823,Alto Rinascimento
http://www.wikidata.org/entity/Q2714237,Primo Rinascimento
http://www.wikidata.org/entity/Q2715177,
http://www.wikidata.org/entity/Q2715302,
http://www.wikidata.org/entity/Q2717478,Primo Rinascimento
http://www.wikidata.org/entity/Q2732274,barocco
http://www.wikidata.org/entity/Q2734111,barocco
http://www.wikidata.org/entity/Q2866382,protorinascimento
http://www.wikidata.org/entity/Q2872721,
http://www.wikidata.org/entity/Q2920183,pittura veneta; Alto Rinascimento
http://www.wikidata.org/entity/Q2929922,protorinascimento
http://www.wikidata.org/entity/Q3044873,protorinascimento
http://www.wikidata.org/entity/Q3185885,protorinascimento
http://www.wikidata.org/entity/Q3201479,rinascimento italiano
http://www.wikidata.org/entity/Q3207247,futurismo
http://www.wikidata.org/entity/Q3207678,rinascimento italiano
http://www.wikidata.org/entity/Q3207989,rinascimento italiano
http://www.wikidata.org/entity/Q3210267,Primo Rinascimento
http://www.wikidata.org/entity/Q3213773,Primo Rinascimento
http://www.wikidata.org/entity/Q3213778,Primo Rinascimento
http://www.wikidata.org/entity/Q3213801,Primo Rinascimento
http://www.wikidata.org/entity/Q3220282,
http://www.wikidata.org/entity/Q3223625,
http://www.wikidata.org/entity/Q3276171,protorinascimento
http://www.wikidata.org/entity/Q3276168,protorinascimento
http://www.wikidata.org/entity/Q3276180,protorinascimento
http://www.wikidata.org/entity/Q3399438,Primo Rinascimento; pittura rinascimentale italiana
http://www.wikidata.org/entity/Q3463871,Alto Rinascimento
http://www.wikidata.org/entity/Q3464027,protorinascimento
http://www.wikidata.org/entity/Q3471589,protorinascimento
http://www.wikidata.org/entity/Q3472935,protorinascimento
http://www.wikidata.org/entity/Q3495790,pittura veneta
http://www.wikidata.org/entity/Q3605530,
http://www.wikidata.org/entity/Q3605532,
http://www.wikidata.org/entity/Q3605568,
http://www.wikidata.org/entity/Q3618188,Alto Rinascimento
http://www.wikidata.org/entity/Q3620766,rococò
http://www.wikidata.org/entity/Q3620765,rococò
http://www.wikidata.org/entity/Q3623738,
http://www.wikidata.org/entity/Q3625842,pittura rinascimentale italiana
http://www.wikidata.org/entity/Q3627401,
http://www.wikidata.org/entity/Q3630726,
http://www.wikidata.org/entity/Q3636748,pittura veneta; Alto Rinascimento
http://www.wikidata.org/entity/Q3639064,
http://www.wikidata.org/entity/Q3642142,protorinascimento
http://www.wikidata.org/entity/Q3650885,
http://www.wikidata.org/entity/Q3685501,
http://www.wikidata.org/entity/Q3686814,
http://www.wikidata.org/entity/Q3697588,
http://www.wikidata.org/entity/Q3697602,rinascimento italiano
http://www.wikidata.org/entity/Q3697640,
http://www.wikidata.org/entity/Q3698182,
http://www.wikidata.org/entity/Q3698204,
http://www.wikidata.org/entity/Q3704794,
http://www.wikidata.org/entity/Q3706331,Alto Rinascimento
http://www.wikidata.org/entity/Q3709306,
http://www.wikidata.org/entity/Q3711898,
http://www.wikidata.org/entity/Q3714445,Alto Rinascimento
http://www.wikidata.org/entity/Q3725199,
http://www.wikidata.org/entity/Q3725832,
http://www.wikidata.org/entity/Q3731103,
http://www.wikidata.org/entity/Q3732905,
http://www.wikidata.org/entity/Q3740793,Primo Rinascimento
http://www.wikidata.org/entity/Q3743879,pittura veneta; Alto Rinascimento
http://www.wikidata.org/entity/Q3747239,
http://www.wikidata.org/entity/Q3752350,protorinascimento
http://www.wikidata.org/entity/Q3752977,
http://www.wikidata.org/entity/Q3766168,
http://www.wikidata.org/entity/Q3769202,
http://www.wikidata.org/entity/Q3771679,
http://www.wikidata.org/entity/Q3771746,pittura veneta; Alto Rinascimento
http://www.wikidata.org/entity/Q3771749,
http://www.wikidata.org/entity/Q3775535,
http://www.wikidata.org/entity/Q3778382,rinascimento italiano
http://www.wikidata.org/entity/Q3784247,pittura veneta
http://www.wikidata.org/entity/Q3784272,pittura rinascimentale italiana
http://www.wikidata.org/entity/Q3797482,
http://www.wikidata.org/entity/Q3817178,pittura rinascimentale italiana
http://www.wikidata.org/entity/Q3821139,
http://www.wikidata.org/entity/Q3821405,
http://www.wikidata.org/entity/Q3823990,
http://www.wikidata.org/entity/Q3831651,Alto Rinascimento
http://www.wikidata.org/entity/Q3834971,
http://www.wikidata.org/entity/Q3842412,pittura veneta; Primo Rinascimento
http://www.wikidata.org/entity/Q3842413,pittura veneta; Alto Rinascimento
http://www.wikidata.org/entity/Q3842424,
http://www.wikidata.org/entity/Q3842438,
http://www.wikidata.org/entity/Q3842439,
http://www.wikidata.org/entity/Q3842472,
http://www.wikidata.org/entity/Q3842484,
http://www.wikidata.org/entity/Q3842522,
http://www.wikidata.org/entity/Q3842521,Primo Rinascimento
http://www.wikidata.org/entity/Q3842530,
http://www.wikidata.org/entity/Q3842533,
http://www.wikidata.org/entity/Q3842543,
http://www.wikidata.org/entity/Q3842575,pittura veneta; Alto Rinascimento
http://www.wikidata.org/entity/Q3842577,
http://www.wikidata.org/entity/Q7232305,pittura veneta
http://www.wikidata.org/entity/Q7401416,pittura veneta
http://www.wikidata.org/entity/Q7401482,pittura veneta
http://www.wikidata.org/entity/Q7720644,
http://www.wikidata.org/entity/Q7750471,pittura veneta
http://www.wikidata.org/entity/Q7885787,Primo Rinascimento
http://www.wikidata.org/entity/Q7920573,pittura veneta
http://www.wikidata.org/entity/Q9387722,pittura veneta; manierismo
http://www.wikidata.org/entity/Q11694943,pittura veneta
http://www.wikidata.org/entity/Q11753618,pittura veneta; manierismo
http://www.wikidata.org/entity/Q11769022,pittura veneta; manierismo
http://www.wikidata.org/entity/Q12172990,
http://www.wikidata.org/entity/Q15008032,pittura veneta; Alto Rinascimento
http://www.wikidata.org/entity/Q15157527,
http://www.wikidata.org/entity/Q15974347,Alto Rinascimento
http://www.wikidata.org/entity/Q15982437,
http://www.wikidata.org/entity/Q16167039,
http://www.wikidata.org/entity/Q16467999,pittura veneta
http://www.wikidata.org/entity/Q16536592,
http://www.wikidata.org/entity/Q16543332,pittura veneta; manierismo
http://www.wikidata.org/entity/Q16549203,
http://www.wikidata.org/entity/Q16564738,
http://www.wikidata.org/entity/Q16573223,
http://www.wikidata.org/entity/Q16574865,
http://www.wikidata.org/entity/Q16585848,manierismo
http://www.wikidata.org/entity/Q16585871,
http://www.wikidata.org/entity/Q16596967,
http://www.wikidata.org/entity/Q16608187,
http://www.wikidata.org/entity/Q16620779,
http://www.wikidata.org/entity/Q16621939,
http://www.wikidata.org/entity/Q17638342,
http://www.wikidata.org/entity/Q17652075,
http://www.wikidata.org/entity/Q18226128,
http://www.wikidata.org/entity/Q18385026,Macchiaioli
http://www.wikidata.org/entity/Q18578019,
http://www.wikidata.org/entity/Q18688370,pittura barocca
http://www.wikidata.org/entity/Q19060568,
http://www.wikidata.org/entity/Q19060621,
http://www.wikidata.org/entity/Q19361572,
http://www.wikidata.org/entity/Q19390001,
http://www.wikidata.org/entity/Q19516146,pittura rinascimentale italiana
http://www.wikidata.org/entity/Q19660300,
http://www.wikidata.org/entity/Q19681559,
http://www.wikidata.org/entity/Q19681664,
http://www.wikidata.org/entity/Q19686409,
http://www.wikidata.org/entity/Q19686414,
http://www.wikidata.org/entity/Q19882485,barocco
http://www.wikidata.org/entity/Q19947640,
http://www.wikidata.org/entity/Q19966565,
http://www.wikidata.org/entity/Q19966606,
http://www.wikidata.org/entity/Q19966608,
http://www.wikidata.org/entity/Q20092785,pittura veneta
http://www.wikidata.org/entity/Q20744065,
http://www.wikidata.org/entity/Q20744144,
http://www.wikidata.org/entity/Q20744173,
http://www.wikidata.org/entity/Q20991673,
http://www.wikidata.org/entity/Q21121896,
http://www.wikidata.org/entity/Q21192549,
http://www.wikidata.org/entity/Q21666329,
http://www.wikidata.org/entity/Q22917444,
http://www.wikidata.org/entity/Q22931136,
http://www.wikidata.org/entity/Q22949398,
http://www.wikidata.org/entity/Q22949778,
http://www.wikidata.org/entity/Q22949827,
http://www.wikidata.org/entity/Q22958240,
http://www.wikidata.org/entity/Q23006207,
http://www.wikidata.org/entity/Q23305501,
http://www.wikidata.org/entity/Q24050695,
http://www.wikidata.org/entity/Q24090610,
http://www.wikidata.org/entity/Q24090614,
http://www.wikidata.org/entity/Q24091047,
http://www.wikidata.org/entity/Q24091066,
http://www.wikidata.org/entity/Q24091089,
http://www.wikidata.org/entity/Q24091112,
http://www.wikidata.org/entity/Q24325684,
http://www.wikidata.org/entity/Q24933808,
http://www.wikidata.org/entity/Q24938224,
http://www.wikidata.org/entity/Q24939660,
http://www.wikidata.org/entity/Q24939839,
http://www.wikidata.org/entity/Q24939843,pittura veneta
http://www.wikidata.org/entity/Q24939884,
http://www.wikidata.org/entity/Q24940870,
http://www.wikidata.org/entity/Q25388274,
http://www.wikidata.org/entity/Q25410292,
http://www.wikidata.org/entity/Q25410567,
http://www.wikidata.org/entity/Q25444052,
http://www.wikidata.org/entity/Q26256901,
http://www.wikidata.org/entity/Q26488380,
http://www.wikidata.org/entity/Q27504416,
http://www.wikidata.org/entity/Q27507068,
http://www.wikidata.org/entity/Q27650796,
http://www.wikidata.org/entity/Q27664456,
http://www.wikidata.org/entity/Q27827425,pittura barocca
http://www.wikidata.org/entity/Q27830737,barocco
http://www.wikidata.org/entity/Q27948860,
http://www.wikidata.org/entity/Q27955751,
http://www.wikidata.org/entity/Q28093447,pittura napoletana
http://www.wikidata.org/entity/Q28113318,
http://www.wikidata.org/entity/Q28113316,
http://www.wikidata.org/entity/Q28147005,pittura veneta; Alto Rinascimento
http://www.wikidata.org/entity/Q3842594,pittura veneta; Primo Rinascimento
http://www.wikidata.org/entity/Q3842673,
http://www.wikidata.org/entity/Q3842700,pittura veneta
http://www.wikidata.org/entity/Q3842706,
http://www.wikidata.org/entity/Q3842713,
http://www.wikidata.org/entity/Q3842725,
http://www.wikidata.org/entity/Q3862624,
http://www.wikidata.org/entity/Q3863247,Alto Rinascimento
http://www.wikidata.org/entity/Q3873244,
http://www.wikidata.org/entity/Q3877894,rinascimento italiano
http://www.wikidata.org/entity/Q3879242,Alto Rinascimento
http://www.wikidata.org/entity/Q3884948,
http://www.wikidata.org/entity/Q3885620,pittura veneta; Alto Rinascimento
http://www.wikidata.org/entity/Q3889195,
http://www.wikidata.org/entity/Q3889203,pittura veneta; Alto Rinascimento
http://www.wikidata.org/entity/Q3889211,
http://www.wikidata.org/entity/Q3889220,
http://www.wikidata.org/entity/Q3889229,pittura veneta
http://www.wikidata.org/entity/Q3889247,
http://www.wikidata.org/entity/Q3889254,Primo Rinascimento
http://www.wikidata.org/entity/Q3889255,
http://www.wikidata.org/entity/Q3889253,
http://www.wikidata.org/entity/Q3904392,pittura veneta; Primo Rinascimento
http://www.wikidata.org/entity/Q3904398,
http://www.wikidata.org/entity/Q3907344,
http://www.wikidata.org/entity/Q3907497,
http://www.wikidata.org/entity/Q3908184,
http://www.wikidata.org/entity/Q3910087,Rinascimento
http://www.wikidata.org/entity/Q3910913,
http://www.wikidata.org/entity/Q3921705,scapigliatura
http://www.wikidata.org/entity/Q3921912,
http://www.wikidata.org/entity/Q3924389,Alto Rinascimento
http://www.wikidata.org/entity/Q3925592,Alto Rinascimento
http://www.wikidata.org/entity/Q3937080,futurismo
http://www.wikidata.org/entity/Q3937438,
http://www.wikidata.org/entity/Q3937502,
http://www.wikidata.org/entity/Q3937511,pittura veneta
http://www.wikidata.org/entity/Q3937547,
http://www.wikidata.org/entity/Q3937553,pittura veneta
http://www.wikidata.org/entity/Q3937561,manierismo
http://www.wikidata.org/entity/Q3937569,pittura veneta
http://www.wikidata.org/entity/Q3937598,pittura rinascimentale italiana; Alto Rinascimento
http://www.wikidata.org/entity/Q3937634,
http://www.wikidata.org/entity/Q3937643,pittura veneta
http://www.wikidata.org/entity/Q3944499,
http://www.wikidata.org/entity/Q3944515,pittura veneta
http://www.wikidata.org/entity/Q3945254,
http://www.wikidata.org/entity/Q3945710,
http://www.wikidata.org/entity/Q3946910,pittura veneta; Alto Rinascimento
http://www.wikidata.org/entity/Q3947013,
http://www.wikidata.org/entity/Q3947064,Alto Rinascimento
http://www.wikidata.org/entity/Q3947210,
http://www.wikidata.org/entity/Q3947211,pittura veneta; Alto Rinascimento
http://www.wikidata.org/entity/Q3947277,
http://www.wikidata.org/entity/Q3947281,Alto Rinascimento
http://www.wikidata.org/entity/Q3947288,
http://www.wikidata.org/entity/Q3947375,Alto Rinascimento
http://www.wikidata.org/entity/Q3947504,
http://www.wikidata.org/entity/Q3947687,
http://www.wikidata.org/entity/Q3947723,
http://www.wikidata.org/entity/Q3947812,
http://www.wikidata.org/entity/Q3948034,Alto Rinascimento
http://www.wikidata.org/entity/Q3948651,Alto Rinascimento
http://www.wikidata.org/entity/Q3948701,
http://www.wikidata.org/entity/Q3949208,
http://www.wikidata.org/entity/Q3949310,Alto Rinascimento
http://www.wikidata.org/entity/Q3949373,Alto Rinascimento
http://www.wikidata.org/entity/Q3949458,
http://www.wikidata.org/entity/Q3949459,
http://www.wikidata.org/entity/Q3954057,
http://www.wikidata.org/entity/Q3967206,Alto Rinascimento
http://www.wikidata.org/entity/Q3973584,pittura veneta; Alto Rinascimento
http://www.wikidata.org/entity/Q3974449,
http://www.wikidata.org/entity/Q3979950,
http://www.wikidata.org/entity/Q3979952,
http://www.wikidata.org/entity/Q3979961,
http://www.wikidata.org/entity/Q3981174,
http://www.wikidata.org/entity/Q3982379,
http://www.wikidata.org/entity/Q3983114,Primo Rinascimento
http://www.wikidata.org/entity/Q3984830,
http://www.wikidata.org/entity/Q3985169,rinascimento italiano
http://www.wikidata.org/entity/Q3985186,protorinascimento
http://www.wikidata.org/entity/Q3985472,
http://www.wikidata.org/entity/Q3992111,
http://www.wikidata.org/entity/Q3994163,
http://www.wikidata.org/entity/Q3997723,
http://www.wikidata.org/entity/Q3998940,
http://www.wikidata.org/entity/Q3999094,
http://www.wikidata.org/entity/Q3999095,
http://www.wikidata.org/entity/Q4006302,
http://www.wikidata.org/entity/Q4010476,
http://www.wikidata.org/entity/Q4010941,Alto Rinascimento
http://www.wikidata.org/entity/Q4014547,
http://www.wikidata.org/entity/Q4015931,
http://www.wikidata.org/entity/Q4015932,
http://www.wikidata.org/entity/Q5659648,
http://www.wikidata.org/entity/Q5954551,pittura rinascimentale italiana
http://www.wikidata.org/entity/Q6696013,
http://www.wikidata.org/entity/Q7232252,Alto Rinascimento
http://www.wikidata.org/entity/Q7232287,pittura veneta
http://www.wikidata.org/entity/Q28229077,
http://www.wikidata.org/entity/Q28466203,
http://www.wikidata.org/entity/Q28547106,Macchiaioli
http://www.wikidata.org/entity/Q28668222,
http://www.wikidata.org/entity/Q28668544,
http://www.wikidata.org/entity/Q28798137,pittura veneta
http://www.wikidata.org/entity/Q28803486,
http://www.wikidata.org/entity/Q28803484,
http://www.wikidata.org/entity/Q28803514,
http://www.wikidata.org/entity/Q28803759,
http://www.wikidata.org/entity/Q28803789,
http://www.wikidata.org/entity/Q28809144,
http://www.wikidata.org/entity/Q28860726,
http://www.wikidata.org/entity/Q28952741,
http://www.wikidata.org/entity/Q29015025,
http://www.wikidata.org/entity/Q29114098,
http://www.wikidata.org/entity/Q29654663,manierismo
http://www.wikidata.org/entity/Q29997042,
http://www.wikidata.org/entity/Q30031052,
http://www.wikidata.org/entity/Q30032029,
http://www.wikidata.org/entity/Q30135606,pittura rinascimentale italiana
http://www.wikidata.org/entity/Q30605361,
http://www.wikidata.org/entity/Q30880011,
http://www.wikidata.org/entity/Q30880062,
http://www.wikidata.org/entity/Q30880678,
http://www.wikidata.org/entity/Q30880889,
http://www.wikidata.org/entity/Q30887689,
http://www.wikidata.org/entity/Q30887699,
http://www.wikidata.org/entity/Q30887987,
http://www.wikidata.org/entity/Q31559452,
http://www.wikidata.org/entity/Q32904769,manierismo
http://www.wikidata.org/entity/Q34215143,
http://www.wikidata.org/entity/Q37027223,
http://www.wikidata.org/entity/Q40669017,
http://www.wikidata.org/entity/Q40691169,
http://www.wikidata.org/entity/Q40695411,
http://www.wikidata.org/entity/Q42189297,
http://www.wikidata.org/entity/Q45361473,manierismo
http://www.wikidata.org/entity/Q45381203,manierismo
http://www.wikidata.org/entity/Q46833514,Rinascimento francese; primitivi fiamminghi
http://www.wikidata.org/entity/Q46998093,
http://www.wikidata.org/entity/Q48388241,
http://www.wikidata.org/entity/Q48808515,
http://www.wikidata.org/entity/Q48814933,
http://www.wikidata.org/entity/Q48917755,barocco
http://www.wikidata.org/entity/Q48927682,manierismo
http://www.wikidata.org/entity/Q49167284,barocco
http://www.wikidata.org/entity/Q49167493,barocco
http://www.wikidata.org/entity/Q49167697,barocco
http://www.wikidata.org/entity/Q49167869,manierismo; pittura veneta
http://www.wikidata.org/entity/Q50378007,manierismo
http://www.wikidata.org/entity/Q50378015,manierismo
http://www.wikidata.org/entity/Q50384906,manierismo
http://www.wikidata.org/entity/Q50399525,
http://www.wikidata.org/entity/Q50422860,
http://www.wikidata.org/entity/Q50474718,manierismo
http://www.wikidata.org/entity/Q50752920,Rinascimento
http://www.wikidata.org/entity/Q50840293,
http://www.wikidata.org/entity/Q50846578,rococò
http://www.wikidata.org/entity/Q50880887,pittura veneta
http://www.wikidata.org/entity/Q50884435,manierismo
http://www.wikidata.org/entity/Q50894841,
http://www.wikidata.org/entity/Q50939921,
http://www.wikidata.org/entity/Q51212996,
http://www.wikidata.org/entity/Q51726313,
http://www.wikidata.org/entity/Q51918916,
http://www.wikidata.org/entity/Q52084102,
http://www.wikidata.org/entity/Q52155208,
http://www.wikidata.org/entity/Q52155641,
http://www.wikidata.org/entity/Q52157937,
http://www.wikidata.org/entity/Q52217967,Postmacchiaioli
http://www.wikidata.org/entity/Q52329690,
http://www.wikidata.org/entity/Q52735921,
http://www.wikidata.org/entity/Q53560123,
http://www.wikidata.org/entity/Q53940665,
http://www.wikidata.org/entity/Q54086391,
http://www.wikidata.org/entity/Q54625897,
http://www.wikidata.org/entity/Q54811281,
http://www.wikidata.org/entity/Q55177712,
http://www.wikidata.org/entity/Q55814015,impressionismo; post-impressionismo; naturalismo
http://www.wikidata.org/entity/Q56043344,
http://www.wikidata.org/entity/Q56062483,
http://www.wikidata.org/entity/Q56149824,realismo
http://www.wikidata.org/entity/Q56258104,
http://www.wikidata.org/entity/Q56258413,
http://www.wikidata.org/entity/Q56318135,
http://www.wikidata.org/entity/Q56323639,
http://www.wikidata.org/entity/Q56323645,
http://www.wikidata.org/entity/Q56323673,
http://www.wikidata.org/entity/Q56417895,rinascimento tedesco
http://www.wikidata.org/entity/Q56417994,rinascimento tedesco
http://www.wikidata.org/entity/Q56538353,
http://www.wikidata.org/entity/Q56599032,
http://www.wikidata.org/entity/Q56776954,
http://www.wikidata.org/entity/Q57530584,pittura veneta; pittura rinascimentale italiana
http://www.wikidata.org/entity/Q57623718,
http://www.wikidata.org/entity/Q58177339,
http://www.wikidata.org/entity/Q58178579,
http://www.wikidata.org/entity/Q58181750,
http://www.wikidata.org/entity/Q58184717,
http://www.wikidata.org/entity/Q58185294,
http://www.wikidata.org/entity/Q58231270,
http://www.wikidata.org/entity/Q58480176,
http://www.wikidata.org/entity/Q58956093,
http://www.wikidata.org/entity/Q59185173,
http://www.wikidata.org/entity/Q59185398,
http://www.wikidata.org/entity/Q59442235,
http://www.wikidata.org/entity/Q59914107,
http://www.wikidata.org/entity/Q60838300,
http://www.wikidata.org/entity/Q61767320,
http://www.wikidata.org/entity/Q61816747,
http://www.wikidata.org/entity/Q62014629,
http://www.wikidata.org/entity/Q62272761,
http://www.wikidata.org/entity/Q62476202,
http://www.wikidata.org/entity/Q63476058,
http://www.wikidata.org/entity/Q63994924,
http://www.wikidata.org/entity/Q63995247,
http://www.wikidata.org/entity/Q64766792,
http://www.wikidata.org/entity/Q65610116,
http://www.wikidata.org/entity/Q66098687,
http://www.wikidata.org/entity/Q67203105,
http://www.wikidata.org/entity/Q67203111,
http://www.wikidata.org/entity/Q68704168,manierismo
http://www.wikidata.org/entity/Q69658139,
http://www.wikidata.org/entity/Q69859246,
http://www.wikidata.org/entity/Q71126799,
http://www.wikidata.org/entity/Q74717988,
http://www.wikidata.org/entity/Q77310161,
http://www.wikidata.org/entity/Q78330040,
http://www.wikidata.org/entity/Q78756742,
http://www.wikidata.org/entity/Q78783346,
http://www.wikidata.org/entity/Q78799218,
http://www.wikidata.org/entity/Q78910398,
http://www.wikidata.org/entity/Q79020756,
http://www.wikidata.org/entity/Q79021384,
http://www.wikidata.org/entity/Q79021962,
http://www.wikidata.org/entity/Q79022279,
http://www.wikidata.org/entity/Q79022528,
http://www.wikidata.org/entity/Q79022983,
http://www.wikidata.org/entity/Q79023210,
http://www.wikidata.org/entity/Q79023501,
http://www.wikidata.org/entity/Q79024384,
http://www.wikidata.org/entity/Q79024730,
http://www.wikidata.org/entity/Q79025062,
http://www.wikidata.org/entity/Q79026167,
http://www.wikidata.org/entity/Q79151177,
http://www.wikidata.org/entity/Q79859145,
http://www.wikidata.org/entity/Q80824471,
http://www.wikidata.org/entity/Q81089309,
http://www.wikidata.org/entity/Q86674601,
http://www.wikidata.org/entity/Q87469267,
http://www.wikidata.org/entity/Q88164010,
http://www.wikidata.org/entity/Q88416397,
http://www.wikidata.org/entity/Q88961191,
http://www.wikidata.org/entity/Q89034154,
http://www.wikidata.org/entity/Q89035643,
http://www.wikidata.org/entity/Q89039593,
http://www.wikidata.org/entity/Q89697566,
http://www.wikidata.org/entity/Q90291195,
http://www.wikidata.org/entity/Q93520523,
http://www.wikidata.org/entity/Q93631317,
http://www.wikidata.org/entity/Q94634547,
http://www.wikidata.org/entity/Q94636244,
http://www.wikidata.org/entity/Q96025421,
http://www.wikidata.org/entity/Q96192148,
http://www.wikidata.org/entity/Q97065805,
http://www.wikidata.org/entity/Q97378803,manierismo
http://www.wikidata.org/entity/Q97463134,
http://www.wikidata.org/entity/Q97669288,
http://www.wikidata.org/entity/Q97669846,
http://www.wikidata.org/entity/Q97933450,
http://www.wikidata.org/entity/Q98108204,
http://www.wikidata.org/entity/Q98449585,
http://www.wikidata.org/entity/Q98545387,
http://www.wikidata.org/entity/Q98557614,
http://www.wikidata.org/entity/Q98684801,
http://www.wikidata.org/entity/Q98925578,
http://www.wikidata.org/entity/Q98925663,
http://www.wikidata.org/entity/Q99323182,
http://www.wikidata.org/entity/Q99937752,
http://www.wikidata.org/entity/Q100273549,
http://www.wikidata.org/entity/Q100502707,neoclassicismo
http://www.wikidata.org/entity/Q101853163,arte della Controriforma
http://www.wikidata.org/entity/Q101984696,
http://www.wikidata.org/entity/Q103823905,
http://www.wikidata.org/entity/Q103847443,
http://www.wikidata.org/entity/Q103884105,pittura barocca
http://www.wikidata.org/entity/Q104117302,
http://www.wikidata.org/entity/Q104832804,Alto Rinascimento
http://www.wikidata.org/entity/Q104902739,
http://www.wikidata.org/entity/Q104963266,
http://www.wikidata.org/entity/Q104966980,
http://www.wikidata.org/entity/Q104999859,
http://www.wikidata.org/entity/Q105001687,
http://www.wikidata.org/entity/Q105001950,
http://www.wikidata.org/entity/Q105002330,
http://www.wikidata.org/entity/Q105005172,
http://www.wikidata.org/entity/Q105009573,
http://www.wikidata.org/entity/Q105010125,
http://www.wikidata.org/entity/Q105010402,
http://www.wikidata.org/entity/Q105025725,
http://www.wikidata.org/entity/Q105070687,
http://www.wikidata.org/entity/Q105070700,
http://www.wikidata.org/entity/Q105070713,
http://www.wikidata.org/entity/Q105544193,
http://www.wikidata.org/entity/Q105754329,pittura veneta; Alto Rinascimento
http://www.wikidata.org/entity/Q105760555,
http://www.wikidata.org/entity/Q105773240,
http://www.wikidata.org/entity/Q105882065,
http://www.wikidata.org/entity/Q105906293,
http://www.wikidata.org/entity/Q105942793,
http://www.wikidata.org/entity/Q105942808,
http://www.wikidata.org/entity/Q106172341,
http://www.wikidata.org/entity/Q106547526,
http://www.wikidata.org/entity/Q106570155,
http://www.wikidata.org/entity/Q106575251,
http://www.wikidata.org/entity/Q106649932,
http://www.wikidata.org/entity/Q106684238,
http://www.wikidata.org/entity/Q106766906,pittura veneta
http://www.wikidata.org/entity/Q106766907,pittura veneta
http://www.wikidata.org/entity/Q106857023,
http://www.wikidata.org/entity/Q106863540,
http://www.wikidata.org/entity/Q107132227,
http://www.wikidata.org/entity/Q107171794,
http://www.wikidata.org/entity/Q107254346,
http://www.wikidata.org/entity/Q107273576,
http://www.wikidata.org/entity/Q107311733,
http://www.wikidata.org/entity/Q107440131,
http://www.wikidata.org/entity/Q107467842,
http://www.wikidata.org/entity/Q107496570,
http://www.wikidata.org/entity/Q107522400,futurismo
http://www.wikidata.org/entity/Q107548658,
http://www.wikidata.org/entity/Q107720702,
http://www.wikidata.org/entity/Q108123187,
http://www.wikidata.org/entity/Q108123188,
http://www.wikidata.org/entity/Q108292260,
http://www.wikidata.org/entity/Q108314527,
http://www.wikidata.org/entity/Q108321038,
http://www.wikidata.org/entity/Q108321039,
http://www.wikidata.org/entity/Q108335985,
http://www.wikidata.org/entity/Q108584832,
http://www.wikidata.org/entity/Q108783372,
http://www.wikidata.org/entity/Q108799898,
http://www.wikidata.org/entity/Q108816249,
http://www.wikidata.org/entity/Q108873567,
http://www.wikidata.org/entity/Q108900483,
http://www.wikidata.org/entity/Q108917715,realismo
http://www.wikidata.org/entity/Q108917736,realismo
http://www.wikidata.org/entity/Q108921968,
http://www.wikidata.org/entity/Q108922744,
http://www.wikidata.org/entity/Q109798688,
http://www.wikidata.org/entity/Q109913006,
http://www.wikidata.org/entity/Q109913050,
http://www.wikidata.org/entity/Q109914012,
http://www.wikidata.org/entity/Q109928591,
http://www.wikidata.org/entity/Q109937746,
http://www.wikidata.org/entity/Q110009768,
http://www.wikidata.org/entity/Q110015681,
http://www.wikidata.org/entity/Q110039871,
http://www.wikidata.org/entity/Q110062892,
http://www.wikidata.org/entity/Q110227186,pittura veneta
http://www.wikidata.org/entity/Q110312698,pittura bolognese
http://www.wikidata.org/entity/Q110382981,pittura bolognese
http://www.wikidata.org/entity/Q110384990,Macchiaioli
http://www.wikidata.org/entity/Q110546796,
http://www.wikidata.org/entity/Q110619157,
http://www.wikidata.org/entity/Q110626569,pittura veneta
http://www.wikidata.org/entity/Q110634767,pittura bolognese
http://www.wikidata.org/entity/Q110681237,
http://www.wikidata.org/entity/Q110714745,
http://www.wikidata.org/entity/Q110770118,
http://www.wikidata.org/entity/Q110865329,pittura veneta
http://www.wikidata.org/entity/Q110866078,pittura bolognese
http://www.wikidata.org/entity/Q110867847,barocco romano
http://www.wikidata.org/entity/Q110868028,
http://www.wikidata.org/entity/Q110868273,pittura napoletana
http://www.wikidata.org/entity/Q110872609,pittura veneta
http://www.wikidata.org/entity/Q110872935,
http://www.wikidata.org/entity/Q110884929,
http://www.wikidata.org/entity/Q110907328,
http://www.wikidata.org/entity/Q110907797,
http://www.wikidata.org/entity/Q111041574,
http://www.wikidata.org/entity/Q111042707,
http://www.wikidata.org/entity/Q111159651,
http://www.wikidata.org/entity/Q111160508,
http://www.wikidata.org/entity/Q111255373,
http://www.wikidata.org/entity/Q111255770,
http://www.wikidata.org/entity/Q111256129,
http://www.wikidata.org/entity/Q111257029,realismo
http://www.wikidata.org/entity/Q111308504,
http://www.wikidata.org/entity/Q111485530,
http://www.wikidata.org/entity/Q111485979,
http://www.wikidata.org/entity/Q111486358,
http://www.wikidata.org/entity/Q111486756,
http://www.wikidata.org/entity/Q111486805,
http://www.wikidata.org/entity/Q111486873,
http://www.wikidata.org/entity/Q111508542,
http://www.wikidata.org/entity/Q111509018,
http://www.wikidata.org/entity/Q111512548,
http://www.wikidata.org/entity/Q111577849,
http://www.wikidata.org/entity/Q111593419,
http://www.wikidata.org/entity/Q111718624,
http://www.wikidata.org/entity/Q111738668,
http://www.wikidata.org/entity/Q111803475,impressionismo
http://www.wikidata.org/entity/Q111972094,
http://www.wikidata.org/entity/Q111976882,
http://www.wikidata.org/entity/Q112007402,
http://www.wikidata.org/entity/Q112034219,
http://www.wikidata.org/entity/Q112034223,
http://www.wikidata.org/entity/Q112074870,
http://www.wikidata.org/entity/Q112075694,pittura rinascimentale italiana
http://www.wikidata.org/entity/Q112109956,
http://www.wikidata.org/entity/Q112110434,
http://www.wikidata.org/entity/Q112122261,
http://www.wikidata.org/entity/Q112125081,Rinascimento
http://www.wikidata.org/entity/Q112133371,
http://www.wikidata.org/entity/Q112133543,
http://www.wikidata.org/entity/Q112228996,realismo
http://www.wikidata.org/entity/Q112675085,
http://www.wikidata.org/entity/Q112798481,manierismo; pittura rinascimentale italiana
http://www.wikidata.org/entity/Q112958938,
http://www.wikidata.org/entity/Q113005931,pittura barocca
http://www.wikidata.org/entity/Q113006398,pittura veneta
http://www.wikidata.org/entity/Q113016417,manierismo; pittura rinascimentale italiana
http://www.wikidata.org/entity/Q113328601,
http://www.wikidata.org/entity/Q113328821,pittura barocca
http://www.wikidata.org/entity/Q113444533,impressionismo
http://www.wikidata.org/entity/Q113465655,rinascimento tedesco
http://www.wikidata.org/entity/Q113465666,rinascimento tedesco
http://www.wikidata.org/entity/Q113550634,romanticismo
http://www.wikidata.org/entity/Q113825024,pittura rinascimentale italiana
http://www.wikidata.org/entity/Q113878786,
http://www.wikidata.org/entity/Q113988555,
http://www.wikidata.org/entity/Q114065222,
http://www.wikidata.org/entity/Q114241461,
http://www.wikidata.org/entity/Q114417179,
http://www.wikidata.org/entity/Q114417792,
http://www.wikidata.org/entity/Q114601165,pittura veneta
http://www.wikidata.org/entity/Q114647508,
http://www.wikidata.org/entity/Q114647547,pittura veneta
http://www.wikidata.org/entity/Q114770904,primitivi fiamminghi
http://www.wikidata.org/entity/Q114772679,barocco
http://www.wikidata.org/entity/Q114775095,
http://www.wikidata.org/entity/Q114793365,
http://www.wikidata.org/entity/Q114807998,
http://www.wikidata.org/entity/Q114811811,
http://www.wikidata.org/entity/Q114825983,manierismo
http://www.wikidata.org/entity/Q114857806,manierismo
http://www.wikidata.org/entity/Q114859027,manierismo
http://www.wikidata.org/entity/Q114863216,
http://www.wikidata.org/entity/Q114869573,
http://www.wikidata.org/entity/Q114937054,
http://www.wikidata.org/entity/Q115041810,neoclassicismo
http://www.wikidata.org/entity/Q115067483,Primo Rinascimento
http://www.wikidata.org/entity/Q115102928,neoclassicismo
http://www.wikidata.org/entity/Q115110979,manierismo; pittura rinascimentale italiana
http://www.wikidata.org/entity/Q115153302,futurismo
http://www.wikidata.org/entity/Q115153353,eclettismo
http://www.wikidata.org/entity/Q115192337,
http://www.wikidata.org/entity/Q115193266,
http://www.wikidata.org/entity/Q115206624,pittura napoletana
http://www.wikidata.org/entity/Q115249957,barocco
http://www.wikidata.org/entity/Q115326515,
http://www.wikidata.org/entity/Q115327275,barocco
http://www.wikidata.org/entity/Q115329022,
http://www.wikidata.org/entity/Q115350433,pittura romantica
http://www.wikidata.org/entity/Q115363544,
http://www.wikidata.org/entity/Q115380883,
http://www.wikidata.org/entity/Q115382052,
http://www.wikidata.org/entity/Q115390601,barocco
http://www.wikidata.org/entity/Q115430770,
http://www.wikidata.org/entity/Q115431741,manierismo
http://www.wikidata.org/entity/Q115434462,Rinascimento
http://www.wikidata.org/entity/Q115452504,manierismo
http://www.wikidata.org/entity/Q115453601,manierismo
http://www.wikidata.org/entity/Q115456457,pittura rinascimentale italiana
http://www.wikidata.org/entity/Q115470798,pittura rinascimentale italiana
http://www.wikidata.org/entity/Q115484898,
http://www.wikidata.org/entity/Q115512129,
http://www.wikidata.org/entity/Q115522910,
http://www.wikidata.org/entity/Q115555506,
http://www.wikidata.org/entity/Q115589005,
http://www.wikidata.org/entity/Q115589179,
http://www.wikidata.org/entity/Q115652286,
http://www.wikidata.org/entity/Q115659447,manierismo
http://www.wikidata.org/entity/Q115662781,manierismo
http://www.wikidata.org/entity/Q115669298,
http://www.wikidata.org/entity/Q115680005,
http://www.wikidata.org/entity/Q115707472,
http://www.wikidata.org/entity/Q115727218,
http://www.wikidata.org/entity/Q115770576,
http://www.wikidata.org/entity/Q115776591,scuola cretese
http://www.wikidata.org/entity/Q115783769,
http://www.wikidata.org/entity/Q115787659,pittura veneta
http://www.wikidata.org/entity/Q115788237,
http://www.wikidata.org/entity/Q115789803,
http://www.wikidata.org/entity/Q115796466,
http://www.wikidata.org/entity/Q115798316,manierismo
http://www.wikidata.org/entity/Q115821855,
http://www.wikidata.org/entity/Q115821974,
http://www.wikidata.org/entity/Q115839852,
http://www.wikidata.org/entity/Q115862528,
http://www.wikidata.org/entity/Q115863339,
http://www.wikidata.org/entity/Q115898761,
http://www.wikidata.org/entity/Q116259243,
http://www.wikidata.org/entity/Q116259790,
http://www.wikidata.org/entity/Q116270130,
http://www.wikidata.org/entity/Q116414251,
http://www.wikidata.org/entity/Q116734952,
http://www.wikidata.org/entity/Q116771231,
http://www.wikidata.org/entity/Q116771349,
http://www.wikidata.org/entity/Q116771885,pittura veneta
http://www.wikidata.org/entity/Q116772186,Primo Rinascimento
http://www.wikidata.org/entity/Q116779908,
http://www.wikidata.org/entity/Q116780072,pittura veneta
http://www.wikidata.org/entity/Q116780670,
http://www.wikidata.org/entity/Q116786123,
http://www.wikidata.org/entity/Q116802769,
http://www.wikidata.org/entity/Q116804064,pittura veneta
http://www.wikidata.org/entity/Q116804839,
http://www.wikidata.org/entity/Q116805369,pittura veneta
http://www.wikidata.org/entity/Q116806301,pittura veneta
http://www.wikidata.org/entity/Q116807092,
http://www.wikidata.org/entity/Q116875391,
http://www.wikidata.org/entity/Q116912669,
http://www.wikidata.org/entity/Q116912674,
http://www.wikidata.org/entity/Q116912676,manierismo
http://www.wikidata.org/entity/Q116912691,
http://www.wikidata.org/entity/Q116912704,
http://www.wikidata.org/entity/Q116912709,
http://www.wikidata.org/entity/Q116912724,
http://www.wikidata.org/entity/Q116920763,
http://www.wikidata.org/entity/Q116920783,
http://www.wikidata.org/entity/Q116938047,
http://www.wikidata.org/entity/Q116943395,
http://www.wikidata.org/entity/Q116943590,
http://www.wikidata.org/entity/Q116943795,
http://www.wikidata.org/entity/Q116944959,
http://www.wikidata.org/entity/Q116944960,
http://www.wikidata.org/entity/Q116945667,
http://www.wikidata.org/entity/Q116955599,
http://www.wikidata.org/entity/Q116956495,
http://www.wikidata.org/entity/Q116957155,
http://www.wikidata.org/entity/Q116968203,
http://www.wikidata.org/entity/Q116968267,
http://www.wikidata.org/entity/Q116984810,
http://www.wikidata.org/entity/Q116984873,
http://www.wikidata.org/entity/Q116985089,
http://www.wikidata.org/entity/Q116985263,
http://www.wikidata.org/entity/Q116985325,
http://www.wikidata.org/entity/Q116985346,
http://www.wikidata.org/entity/Q116989564,
http://www.wikidata.org/entity/Q116990427,
http://www.wikidata.org/entity/Q116991105,
http://www.wikidata.org/entity/Q116991906,
http://www.wikidata.org/entity/Q116992418,
http://www.wikidata.org/entity/Q116993372,
http://www.wikidata.org/entity/Q116993384,
http://www.wikidata.org/entity/Q116993417,
http://www.wikidata.org/entity/Q116994722,
http://www.wikidata.org/entity/Q116994793,
http://www.wikidata.org/entity/Q116995512,
http://www.wikidata.org/entity/Q117005860,
http://www.wikidata.org/entity/Q117005926,
http://www.wikidata.org/entity/Q117005980,
http://www.wikidata.org/entity/Q117023915,
http://www.wikidata.org/entity/Q117024956,
http://www.wikidata.org/entity/Q117034670,
http://www.wikidata.org/entity/Q117034906,
http://www.wikidata.org/entity/Q117034996,
http://www.wikidata.org/entity/Q117035037,
http://www.wikidata.org/entity/Q117035093,
http://www.wikidata.org/entity/Q117040607,
http://www.wikidata.org/entity/Q117041748,
http://www.wikidata.org/entity/Q117041785,
http://www.wikidata.org/entity/Q117042320,
http://www.wikidata.org/entity/Q117042984,
http://www.wikidata.org/entity/Q117043780,
http://www.wikidata.org/entity/Q117043824,
http://www.wikidata.org/entity/Q117044144,
http://www.wikidata.org/entity/Q117051271,
http://www.wikidata.org/entity/Q117051307,
http://www.wikidata.org/entity/Q117051343,
http://www.wikidata.org/entity/Q117051893,
http://www.wikidata.org/entity/Q117052364,
http://www.wikidata.org/entity/Q117086849,
http://www.wikidata.org/entity/Q117086888,
http://www.wikidata.org/entity/Q117086924,
http://www.wikidata.org/entity/Q117086970,
http://www.wikidata.org/entity/Q117161791,
http://www.wikidata.org/entity/Q117162400,
http://www.wikidata.org/entity/Q117164043,
http://www.wikidata.org/entity/Q117188285,neoclassicismo
http://www.wikidata.org/entity/Q117304805,
http://www.wikidata.org/entity/Q117323711,
http://www.wikidata.org/entity/Q117338080,
http://www.wikidata.org/entity/Q117382014,
http://www.wikidata.org/entity/Q117408489,
http://www.wikidata.org/entity/Q117408743,
http://www.wikidata.org/entity/Q117408881,
http://www.wikidata.org/entity/Q117427024,
http://www.wikidata.org/entity/Q117428285,
http://www.wikidata.org/entity/Q117428543,
http://www.wikidata.org/entity/Q117428772,
http://www.wikidata.org/entity/Q117430308,
http://www.wikidata.org/entity/Q117430437,
http://www.wikidata.org/entity/Q117447676,
http://www.wikidata.org/entity/Q117470090,
http://www.wikidata.org/entity/Q117615645,tardo barocco
http://www.wikidata.org/entity/Q117708969,
http://www.wikidata.org/entity/Q117715996,
http://www.wikidata.org/entity/Q117753177,
http://www.wikidata.org/entity/Q117756937,
http://www.wikidata.org/entity/Q117797593,rinascimento tedesco
http://www.wikidata.org/entity/Q117803973,pittura barocca
http://www.wikidata.org/entity/Q117826019,
http://www.wikidata.org/entity/Q117832067,
http://www.wikidata.org/entity/Q117834449,
http://www.wikidata.org/entity/Q117834473,
http://www.wikidata.org/entity/Q117834509,
http://www.wikidata.org/entity/Q117834674,
http://www.wikidata.org/entity/Q117834758,
http://www.wikidata.org/entity/Q117834806,
http://www.wikidata.org/entity/Q117834885,
http://www.wikidata.org/entity/Q117848663,
http://www.wikidata.org/entity/Q117848759,
http://www.wikidata.org/entity/Q117848804,
http://www.wikidata.org/entity/Q117848843,
http://www.wikidata.org/entity/Q117848873,
http://www.wikidata.org/entity/Q117849453,
http://www.wikidata.org/entity/Q117849868,
http://www.wikidata.org/entity/Q117850467,
http://www.wikidata.org/entity/Q117949491,
http://www.wikidata.org/entity/Q117950829,
http://www.wikidata.org/entity/Q118121260,
http://www.wikidata.org/entity/Q118138029,
http://www.wikidata.org/entity/Q118140584,
http://www.wikidata.org/entity/Q118273001,
http://www.wikidata.org/entity/Q118277328,
http://www.wikidata.org/entity/Q118287906,
http://www.wikidata.org/entity/Q118368958,
http://www.wikidata.org/entity/Q118383381,
http://www.wikidata.org/entity/Q118383458,
http://www.wikidata.org/entity/Q118384137,
http://www.wikidata.org/entity/Q118398891,
http://www.wikidata.org/entity/Q118399101,
http://www.wikidata.org/entity/Q118522639,
http://www.wikidata.org/entity/Q118522898,
http://www.wikidata.org/entity/Q118590751,
http://www.wikidata.org/entity/Q118601577,
http://www.wikidata.org/entity/Q118605466,
http://www.wikidata.org/entity/Q118606399,
http://www.wikidata.org/entity/Q118611138,
http://www.wikidata.org/entity/Q118641092,
http://www.wikidata.org/entity/Q118675903,
http://www.wikidata.org/entity/Q118678052,
http://www.wikidata.org/entity/Q118680631,pittura rinascimentale italiana
http://www.wikidata.org/entity/Q118724762,
http://www.wikidata.org/entity/Q118725088,
http://www.wikidata.org/entity/Q118725638,
http://www.wikidata.org/entity/Q118822913,
http://www.wikidata.org/entity/Q118835177,
http://www.wikidata.org/entity/Q118868275,
http://www.wikidata.org/entity/Q118869818,
http://www.wikidata.org/entity/Q118873919,
http://www.wikidata.org/entity/Q118898180,
http://www.wikidata.org/entity/Q118905108,
http://www.wikidata.org/entity/Q118978047,pittura rinascimentale italiana
http://www.wikidata.org/entity/Q119008888,pittura rinascimentale italiana
http://www.wikidata.org/entity/Q119010849,
http://www.wikidata.org/entity/Q119157243,
http://www.wikidata.org/entity/Q119164762,manierismo
http://www.wikidata.org/entity/Q119169372,
http://www.wikidata.org/entity/Q119292565,
http://www.wikidata.org/entity/Q119353076,
http://www.wikidata.org/entity/Q119398059,
http://www.wikidata.org/entity/Q119404568,
http://www.wikidata.org/entity/Q119406125,
http://www.wikidata.org/entity/Q119443390,
http://www.wikidata.org/entity/Q119443609,
http://www.wikidata.org/entity/Q119493466,
http://www.wikidata.org/entity/Q119496040,
http://www.wikidata.org/entity/Q119574411,
http://www.wikidata.org/entity/Q119702756,
http://www.wikidata.org/entity/Q119819515,
http://www.wikidata.org/entity/Q119846277,
http://www.wikidata.org/entity/Q120311223,
http://www.wikidata.org/entity/Q120317949,
http://www.wikidata.org/entity/Q120401056,
http://www.wikidata.org/entity/Q120488471,
http://www.wikidata.org/entity/Q120488611,
http://www.wikidata.org/entity/Q120488851,
http://www.wikidata.org/entity/Q120489814,
http://www.wikidata.org/entity/Q120509133,
http://www.wikidata.org/entity/Q120509521,
http://www.wikidata.org/entity/Q120509789,
http://www.wikidata.org/entity/Q120598525,
http://www.wikidata.org/entity/Q120598716,
http://www.wikidata.org/entity/Q120763322,
http://www.wikidata.org/entity/Q120766339,manierismo
http://www.wikidata.org/entity/Q120793977,
http://www.wikidata.org/entity/Q120822987,scuola fiorentina
http://www.wikidata.org/entity/Q120884863,
http://www.wikidata.org/entity/Q120884895,
http://www.wikidata.org/entity/Q120900571,
http://www.wikidata.org/entity/Q120903815,
http://www.wikidata.org/entity/Q120968113,"pittura fiamminga; Vlaamse school, 17de eeuw, Navolging van"
http://www.wikidata.org/entity/Q120968282,"pittura fiamminga; Vlaamse school, 17de eeuw, Navolging van"
http://www.wikidata.org/entity/Q120968550,"pittura fiamminga; Vlaamse school, 17de eeuw, Navolging van"
http://www.wikidata.org/entity/Q120968767,"pittura fiamminga; Vlaamse school, 17de eeuw, Navolging van"
http://www.wikidata.org/entity/Q120968914,
http://www.wikidata.org/entity/Q120985002,
http://www.wikidata.org/entity/Q121050640,
http://www.wikidata.org/entity/Q121064292,
http://www.wikidata.org/entity/Q121064630,
http://www.wikidata.org/entity/Q121065902,
http://www.wikidata.org/entity/Q121066043,
http://www.wikidata.org/entity/Q121450256,
http://www.wikidata.org/entity/Q121462678,
http://www.wikidata.org/entity/Q121504941,
http://www.wikidata.org/entity/Q121546107,
http://www.wikidata.org/entity/Q121678655,pittura veneta
http://www.wikidata.org/entity/Q121685223,
http://www.wikidata.org/entity/Q121689728,
http://www.wikidata.org/entity/Q121692401,
http://www.wikidata.org/entity/Q121735048,
http://www.wikidata.org/entity/Q121780997,
http://www.wikidata.org/entity/Q121811406,
http://www.wikidata.org/entity/Q121995915,
http://www.wikidata.org/entity/Q122227973,
http://www.wikidata.org/entity/Q122615548,
http://www.wikidata.org/entity/Q122617360,
http://www.wikidata.org/entity/Q122730307,
http://www.wikidata.org/entity/Q122733370,pittura veneta
http://www.wikidata.org/entity/Q122740583,pittura rinascimentale italiana
http://www.wikidata.org/entity/Q122764699,pittura rinascimentale italiana
http://www.wikidata.org/entity/Q122912807,
http://www.wikidata.org/entity/Q122948136,
http://www.wikidata.org/entity/Q122965388,
http://www.wikidata.org/entity/Q123036459,
http://www.wikidata.org/entity/Q123052486,realismo
http://www.wikidata.org/entity/Q123052559,realismo
http://www.wikidata.org/entity/Q123055325,
http://www.wikidata.org/entity/Q123146252,pittura gotica
http://www.wikidata.org/entity/Q123178580,barocco napoletano
http://www.wikidata.org/entity/Q123200931,
http://www.wikidata.org/entity/Q123200938,
http://www.wikidata.org/entity/Q123200940,
http://www.wikidata.org/entity/Q123201359,
http://www.wikidata.org/entity/Q123258249,
http://www.wikidata.org/entity/Q123260093,impressionismo
http://www.wikidata.org/entity/Q123301255,pittura romantica
http://www.wikidata.org/entity/Q123313948,
http://www.wikidata.org/entity/Q123314103,
http://www.wikidata.org/entity/Q123328738,
http://www.wikidata.org/entity/Q123338940,
http://www.wikidata.org/entity/Q123375075,manierismo
http://www.wikidata.org/entity/Q123416410,
http://www.wikidata.org/entity/Q123416461,
http://www.wikidata.org/entity/Q123416548,
http://www.wikidata.org/entity/Q123416954,
http://www.wikidata.org/entity/Q123416994,
http://www.wikidata.org/entity/Q123417018,
http://www.wikidata.org/entity/Q123418628,
http://www.wikidata.org/entity/Q123419057,
http://www.wikidata.org/entity/Q123419096,
http://www.wikidata.org/entity/Q123419116,
http://www.wikidata.org/entity/Q123419220,
http://www.wikidata.org/entity/Q123419237,
http://www.wikidata.org/entity/Q123419285,
http://www.wikidata.org/entity/Q123419324,
http://www.wikidata.org/entity/Q123419384,
http://www.wikidata.org/entity/Q123419421,
http://www.wikidata.org/entity/Q123422898,
http://www.wikidata.org/entity/Q123457362,
http://www.wikidata.org/entity/Q123457371,
http://www.wikidata.org/entity/Q123457388,
http://www.wikidata.org/entity/Q123457393,
http://www.wikidata.org/entity/Q123457399,
http://www.wikidata.org/entity/Q123458625,
http://www.wikidata.org/entity/Q123462848,
http://www.wikidata.org/entity/Q123480115,
http://www.wikidata.org/entity/Q123562848,
http://www.wikidata.org/entity/Q123671285,pittura veneta
http://www.wikidata.org/entity/Q123709241,pittura veneta
http://www.wikidata.org/entity/Q123709348,
http://www.wikidata.org/entity/Q123741888,pittura veneta
http://www.wikidata.org/entity/Q123751969,pittura veneta
http://www.wikidata.org/entity/Q123753616,
http://www.wikidata.org/entity/Q123754396,
http://www.wikidata.org/entity/Q123912954,pittura veneta
http://www.wikidata.org/entity/Q124038605,pittura rinascimentale italiana
http://www.wikidata.org/entity/Q124039068,pittura veneta
http://www.wikidata.org/entity/Q124039121,
http://www.wikidata.org/entity/Q124039323,
http://www.wikidata.org/entity/Q124043063,pittura veneta
http://www.wikidata.org/entity/Q124056690,pittura veneta
http://www.wikidata.org/entity/Q124069413,
http://www.wikidata.org/entity/Q124069583,
http://www.wikidata.org/entity/Q124069753,
http://www.wikidata.org/entity/Q124079494,
http://www.wikidata.org/entity/Q124083860,
http://www.wikidata.org/entity/Q124084281,
http://www.wikidata.org/entity/Q124086041,
http://www.wikidata.org/entity/Q124086306,
http://www.wikidata.org/entity/Q124086626,
http://www.wikidata.org/entity/Q124087802,
http://www.wikidata.org/entity/Q124091771,
http://www.wikidata.org/entity/Q124092399,
http://www.wikidata.org/entity/Q124092672,
http://www.wikidata.org/entity/Q124097861,
http://www.wikidata.org/entity/Q124098297,
http://www.wikidata.org/entity/Q124100563,pittura rinascimentale italiana
http://www.wikidata.org/entity/Q124101877,
http://www.wikidata.org/entity/Q124101956,
http://www.wikidata.org/entity/Q124150884,
http://www.wikidata.org/entity/Q124151090,
http://www.wikidata.org/entity/Q124152267,pittura veneta
http://www.wikidata.org/entity/Q124154199,
http://www.wikidata.org/entity/Q124154228,
http://www.wikidata.org/entity/Q124210379,
http://www.wikidata.org/entity/Q124218595,pittura veneta
http://www.wikidata.org/entity/Q124246612,pittura veneta
http://www.wikidata.org/entity/Q124248182,manierismo; pittura rinascimentale italiana
http://www.wikidata.org/entity/Q124256182,
http://www.wikidata.org/entity/Q124286611,pittura veneta
http://www.wikidata.org/entity/Q124287319,pittura veneta
http://www.wikidata.org/entity/Q124287594,
http://www.wikidata.org/entity/Q124288119,Alto Rinascimento
http://www.wikidata.org/entity/Q124307433,
http://www.wikidata.org/entity/Q124307821,
http://www.wikidata.org/entity/Q124316070,
http://www.wikidata.org/entity/Q124321743,
http://www.wikidata.org/entity/Q124348363,
http://www.wikidata.org/entity/Q124348745,
http://www.wikidata.org/entity/Q124349538,
http://www.wikidata.org/entity/Q124369794,
http://www.wikidata.org/entity/Q124498236,
http://www.wikidata.org/entity/Q124499426,
http://www.wikidata.org/entity/Q124537391,
http://www.wikidata.org/entity/Q124538450,
http://www.wikidata.org/entity/Q124627974,
http://www.wikidata.org/entity/Q124629543,
http://www.wikidata.org/entity/Q124630700,
http://www.wikidata.org/entity/Q124652229,realismo
http://www.wikidata.org/entity/Q124652592,
http://www.wikidata.org/entity/Q124662452,
http://www.wikidata.org/entity/Q124662574,
http://www.wikidata.org/entity/Q124663036,
http://www.wikidata.org/entity/Q124664892,
http://www.wikidata.org/entity/Q124686467,Alto Rinascimento
http://www.wikidata.org/entity/Q124719736,
http://www.wikidata.org/entity/Q124721106,
http://www.wikidata.org/entity/Q124723493,
http://www.wikidata.org/entity/Q124724283,pittura veneta; Alto Rinascimento
http://www.wikidata.org/entity/Q124726116,
http://www.wikidata.org/entity/Q124726300,
http://www.wikidata.org/entity/Q124736928,
http://www.wikidata.org/entity/Q124738743,
http://www.wikidata.org/entity/Q124801581,
http://www.wikidata.org/entity/Q124884546,romanticismo; art pompier
http://www.wikidata.org/entity/Q124902982,romanticismo; art pompier
http://www.wikidata.org/entity/Q124922865,romanticismo; art pompier
http://www.wikidata.org/entity/Q124962542,manierismo
http://www.wikidata.org/entity/Q124981334,art pompier; realismo
http://www.wikidata.org/entity/Q125102834,realismo
http://www.wikidata.org/entity/Q125107060,naturalismo; realismo
http://www.wikidata.org/entity/Q125116690,neoclassicismo
http://www.wikidata.org/entity/Q125144993,
http://www.wikidata.org/entity/Q125170382,
http://www.wikidata.org/entity/Q125176302,romanticismo
http://www.wikidata.org/entity/Q125189520,
http://www.wikidata.org/entity/Q125208945,
http://www.wikidata.org/entity/Q125266586,
http://www.wikidata.org/entity/Q125293980,
http://www.wikidata.org/entity/Q125298817,
http://www.wikidata.org/entity/Q125387269,
http://www.wikidata.org/entity/Q125399429,
http://www.wikidata.org/entity/Q125490773,
http://www.wikidata.org/entity/Q125599554,
http://www.wikidata.org/entity/Q125678611,
http://www.wikidata.org/entity/Q125679589,
http://www.wikidata.org/entity/Q125692333,
http://www.wikidata.org/entity/Q125704254,
http://www.wikidata.org/entity/Q125728210,
http://www.wikidata.org/entity/Q125774997,
http://www.wikidata.org/entity/Q125775011,
http://www.wikidata.org/entity/Q125775038,
http://www.wikidata.org/entity/Q125775039,
http://www.wikidata.org/entity/Q125775114,
http://www.wikidata.org/entity/Q125775115,
http://www.wikidata.org/entity/Q125775113,
http://www.wikidata.org/entity/Q125775116,
http://www.wikidata.org/entity/Q125794511,
http://www.wikidata.org/entity/Q125809444,
http://www.wikidata.org/entity/Q125811262,
http://www.wikidata.org/entity/Q125811807,
http://www.wikidata.org/entity/Q125811962,
http://www.wikidata.org/entity/Q125812539,
http://www.wikidata.org/entity/Q125813029,
http://www.wikidata.org/entity/Q125813094,
http://www.wikidata.org/entity/Q125813375,
http://www.wikidata.org/entity/Q125813475,
http://www.wikidata.org/entity/Q125813876,
http://www.wikidata.org/entity/Q125863783,pittura veneta
http://www.wikidata.org/entity/Q125938897,
http://www.wikidata.org/entity/Q125973048,
http://www.wikidata.org/entity/Q125973990,
http://www.wikidata.org/entity/Q125974248,
http://www.wikidata.org/entity/Q126093976,
http://www.wikidata.org/entity/Q126127358,
http://www.wikidata.org/entity/Q126127672,
http://www.wikidata.org/entity/Q126208372,
http://www.wikidata.org/entity/Q126208398,
http://www.wikidata.org/entity/Q126208411,
http://www.wikidata.org/entity/Q126215082,
http://www.wikidata.org/entity/Q126260153,
http://www.wikidata.org/entity/Q126284170,
http://www.wikidata.org/entity/Q126284172,
http://www.wikidata.org/entity/Q126284178,
http://www.wikidata.org/entity/Q126284177,
http://www.wikidata.org/entity/Q126284182,
http://www.wikidata.org/entity/Q126284183,
http://www.wikidata.org/entity/Q126284180,
http://www.wikidata.org/entity/Q126284181,
http://www.wikidata.org/entity/Q126284187,
http://www.wikidata.org/entity/Q126284185,
http://www.wikidata.org/entity/Q126284191,
http://www.wikidata.org/entity/Q126284189,
http://www.wikidata.org/entity/Q126284194,
http://www.wikidata.org/entity/Q126284192,
http://www.wikidata.org/entity/Q126284193,
http://www.wikidata.org/entity/Q126284198,
http://www.wikidata.org/entity/Q126284199,
http://www.wikidata.org/entity/Q126284196,
http://www.wikidata.org/entity/Q126284197,
http://www.wikidata.org/entity/Q126284206,
http://www.wikidata.org/entity/Q126284207,
http://www.wikidata.org/entity/Q126284226,
http://www.wikidata.org/entity/Q126284230,
http://www.wikidata.org/entity/Q126284231,
http://www.wikidata.org/entity/Q126284228,
http://www.wikidata.org/entity/Q126284229,
http://www.wikidata.org/entity/Q126284234,
http://www.wikidata.org/entity/Q126284232,
http://www.wikidata.org/entity/Q126284233,
http://www.wikidata.org/entity/Q126284238,
http://www.wikidata.org/entity/Q126284237,
http://www.wikidata.org/entity/Q126284242,
http://www.wikidata.org/entity/Q126284243,
http://www.wikidata.org/entity/Q126284240,
http://www.wikidata.org/entity/Q126284241,
http://www.wikidata.org/entity/Q126284246,
http://www.wikidata.org/entity/Q126284247,
http://www.wikidata.org/entity/Q126284244,
http://www.wikidata.org/entity/Q126284245,
http://www.wikidata.org/entity/Q126284250,
http://www.wikidata.org/entity/Q126284251,
http://www.wikidata.org/entity/Q126284249,
http://www.wikidata.org/entity/Q126284255,
http://www.wikidata.org/entity/Q126284252,
http://www.wikidata.org/entity/Q126284258,
http://www.wikidata.org/entity/Q126284256,
http://www.wikidata.org/entity/Q126284257,
http://www.wikidata.org/entity/Q126284263,
http://www.wikidata.org/entity/Q126284260,
http://www.wikidata.org/entity/Q126284261,
http://www.wikidata.org/entity/Q126284267,
http://www.wikidata.org/entity/Q126284264,
http://www.wikidata.org/entity/Q126284265,
http://www.wikidata.org/entity/Q126284270,
http://www.wikidata.org/entity/Q126284269,
http://www.wikidata.org/entity/Q126284274,
http://www.wikidata.org/entity/Q126284275,
http://www.wikidata.org/entity/Q126284272,
http://www.wikidata.org/entity/Q126284278,
http://www.wikidata.org/entity/Q126284279,
http://www.wikidata.org/entity/Q126284277,
http://www.wikidata.org/entity/Q126284282,
http://www.wikidata.org/entity/Q126284283,
http://www.wikidata.org/entity/Q126284281,
http://www.wikidata.org/entity/Q126284286,
http://www.wikidata.org/entity/Q126284284,
http://www.wikidata.org/entity/Q126284285,
http://www.wikidata.org/entity/Q126284288,
http://www.wikidata.org/entity/Q126284294,
http://www.wikidata.org/entity/Q126284295,
http://www.wikidata.org/entity/Q126284293,
http://www.wikidata.org/entity/Q126284298,
http://www.wikidata.org/entity/Q126284299,
http://www.wikidata.org/entity/Q126284296,
http://www.wikidata.org/entity/Q126284297,
http://www.wikidata.org/entity/Q126284303,
http://www.wikidata.org/entity/Q126284300,
http://www.wikidata.org/entity/Q126284301,
http://www.wikidata.org/entity/Q126284306,
http://www.wikidata.org/entity/Q126284305,
http://www.wikidata.org/entity/Q126284308,
http://www.wikidata.org/entity/Q126284309,
http://www.wikidata.org/entity/Q126284314,
http://www.wikidata.org/entity/Q126284315,
http://www.wikidata.org/entity/Q126284312,
http://www.wikidata.org/entity/Q126284313,
http://www.wikidata.org/entity/Q126284318,
http://www.wikidata.org/entity/Q126284316,
http://www.wikidata.org/entity/Q126284317,
http://www.wikidata.org/entity/Q126284322,
http://www.wikidata.org/entity/Q126284320,
http://www.wikidata.org/entity/Q126284326,
http://www.wikidata.org/entity/Q126284329,
http://www.wikidata.org/entity/Q126284355,
http://www.wikidata.org/entity/Q126284357,
http://www.wikidata.org/entity/Q126284383,
http://www.wikidata.org/entity/Q126284380,
http://www.wikidata.org/entity/Q126284381,
http://www.wikidata.org/entity/Q126284386,
http://www.wikidata.org/entity/Q126284387,
http://www.wikidata.org/entity/Q126284384,
http://www.wikidata.org/entity/Q126284385,
http://www.wikidata.org/entity/Q126284388,
http://www.wikidata.org/entity/Q126284389,
http://www.wikidata.org/entity/Q126284622,
http://www.wikidata.org/entity/Q126310903,
http://www.wikidata.org/entity/Q126329804,
http://www.wikidata.org/entity/Q126331546,
http://www.wikidata.org/entity/Q126331548,
http://www.wikidata.org/entity/Q126368575,
http://www.wikidata.org/entity/Q126371885,
http://www.wikidata.org/entity/Q126456502,
http://www.wikidata.org/entity/Q126456503,
http://www.wikidata.org/entity/Q126456506,
http://www.wikidata.org/entity/Q126456507,
http://www.wikidata.org/entity/Q126456505,
http://www.wikidata.org/entity/Q126456508,
http://www.wikidata.org/entity/Q126456514,
http://www.wikidata.org/entity/Q126456515,
http://www.wikidata.org/entity/Q126456516,
http://www.wikidata.org/entity/Q126456517,
http://www.wikidata.org/entity/Q126456526,
http://www.wikidata.org/entity/Q126456555,
http://www.wikidata.org/entity/Q126513924,
http://www.wikidata.org/entity/Q126633287,
http://www.wikidata.org/entity/Q126680509,
http://www.wikidata.org/entity/Q126709512,pittura veneta
http://www.wikidata.org/entity/Q126721550,
http://www.wikidata.org/entity/Q126727120,
http://www.wikidata.org/entity/Q126727184,
http://www.wikidata.org/entity/Q126727198,
http://www.wikidata.org/entity/Q126891336,
http://www.wikidata.org/entity/Q126918076,
http://www.wikidata.org/entity/Q127327807,
http://www.wikidata.org/entity/Q127433409,manierismo; pittura veneta
http://www.wikidata.org/entity/Q127442026,
http://www.wikidata.org/entity/Q127564377,
http://www.wikidata.org/entity/Q127695958,
http://www.wikidata.org/entity/Q127790733,
http://www.wikidata.org/entity/Q127985499,
http://www.wikidata.org/entity/Q127985981,
http://www.wikidata.org/entity/Q128124962,
http://www.wikidata.org/entity/Q128495286,
http://www.wikidata.org/entity/Q128783484,
http://www.wikidata.org/entity/Q128810133,
http://www.wikidata.org/entity/Q128941201,
http://www.wikidata.org/entity/Q129199340,
http://www.wikidata.org/entity/Q129487042,
http://www.wikidata.org/entity/Q129500713,
http://www.wikidata.org/entity/Q129507208,
http://www.wikidata.org/entity/Q129977163,
http://www.wikidata.org/entity/Q130212907,
http://www.wikidata.org/entity/Q130213077,
http://www.wikidata.org/entity/Q130213160,
http://www.wikidata.org/entity/Q130214332,
http://www.wikidata.org/entity/Q130221017,
http://www.wikidata.org/entity/Q130234284,
http://www.wikidata.org/entity/Q130335034,
http://www.wikidata.org/entity/Q130369461,
http://www.wikidata.org/entity/Q130375844,
http://www.wikidata.org/entity/Q130394364,
http://www.wikidata.org/entity/Q130467776,
http://www.wikidata.org/entity/Q130492308,
http://www.wikidata.org/entity/Q130515982,pittura veneta
http://www.wikidata.org/entity/Q130536956,
http://www.wikidata.org/entity/Q130537073,
http://www.wikidata.org/entity/Q130552524,
http://www.wikidata.org/entity/Q130642202,
http://www.wikidata.org/entity/Q130999230,
http://www.wikidata.org/entity/Q131011027,
http://www.wikidata.org/entity/Q131100772,
http://www.wikidata.org/entity/Q131154939,
http://www.wikidata.org/entity/Q131325204,
http://www.wikidata.org/entity/Q131340770,
http://www.wikidata.org/entity/Q131349567,
http://www.wikidata.org/entity/Q131350054,
http://www.wikidata.org/entity/Q131351071,manierismo; pittura rinascimentale italiana
http://www.wikidata.org/entity/Q131354901,
http://www.wikidata.org/entity/Q131356481,manierismo; pittura bolognese
http://www.wikidata.org/entity/Q131362573,
http://www.wikidata.org/entity/Q131367847,rinascimento italiano
http://www.wikidata.org/entity/Q131395036,
http://www.wikidata.org/entity/Q131414320,
http://www.wikidata.org/entity/Q131414321,
http://www.wikidata.org/entity/Q131414326,
http://www.wikidata.org/entity/Q131414433,
http://www.wikidata.org/entity/Q131421438,
http://www.wikidata.org/entity/Q131421566,
http://www.wikidata.org/entity/Q131421567,
http://www.wikidata.org/entity/Q131421565,
http://www.wikidata.org/entity/Q131421570,
http://www.wikidata.org/entity/Q131421571,
http://www.wikidata.org/entity/Q131422002,
http://www.wikidata.org/entity/Q131422003,
http://www.wikidata.org/entity/Q131422007,
http://www.wikidata.org/entity/Q131422004,
http://www.wikidata.org/entity/Q131422010,
http://www.wikidata.org/entity/Q131422011,
http://www.wikidata.org/entity/Q131422008,
http://www.wikidata.org/entity/Q131422009,
http://www.wikidata.org/entity/Q131422014,
http://www.wikidata.org/entity/Q131422015,
http://www.wikidata.org/entity/Q131422012,
http://www.wikidata.org/entity/Q131422013,
http://www.wikidata.org/entity/Q131422018,
http://www.wikidata.org/entity/Q131422019,
http://www.wikidata.org/entity/Q131422016,
http://www.wikidata.org/entity/Q131422017,
http://www.wikidata.org/entity/Q131422022,
http://www.wikidata.org/entity/Q131422020,
http://www.wikidata.org/entity/Q131422021,
http://www.wikidata.org/entity/Q131422030,
http://www.wikidata.org/entity/Q131422031,
http://www.wikidata.org/entity/Q131422028,
http://www.wikidata.org/entity/Q131422029,
http://www.wikidata.org/entity/Q131422036,
http://www.wikidata.org/entity/Q131449651,
http://www.wikidata.org/entity/Q131449654,
http://www.wikidata.org/entity/Q131449662,
http://www.wikidata.org/entity/Q131449660,
http://www.wikidata.org/entity/Q131449661,
http://www.wikidata.org/entity/Q131449667,
http://www.wikidata.org/entity/Q131449675,
http://www.wikidata.org/entity/Q131449678,
http://www.wikidata.org/entity/Q131449679,
http://www.wikidata.org/entity/Q131449676,
http://www.wikidata.org/entity/Q131449680,
http://www.wikidata.org/entity/Q131449695,
http://www.wikidata.org/entity/Q131449693,
http://www.wikidata.org/entity/Q131449700,
http://www.wikidata.org/entity/Q131449706,
http://www.wikidata.org/entity/Q131449707,
http://www.wikidata.org/entity/Q131449704,
http://www.wikidata.org/entity/Q131449705,
http://www.wikidata.org/entity/Q131450079,
http://www.wikidata.org/entity/Q131450082,
http://www.wikidata.org/entity/Q131450086,
http://www.wikidata.org/entity/Q131450087,
http://www.wikidata.org/entity/Q131450084,
http://www.wikidata.org/entity/Q131450085,
http://www.wikidata.org/entity/Q131450090,
http://www.wikidata.org/entity/Q131450089,
http://www.wikidata.org/entity/Q131450094,
http://www.wikidata.org/entity/Q131450095,
http://www.wikidata.org/entity/Q131450092,
http://www.wikidata.org/entity/Q131450093,
http://www.wikidata.org/entity/Q131450098,
http://www.wikidata.org/entity/Q131450099,
http://www.wikidata.org/entity/Q131450096,
http://www.wikidata.org/entity/Q131450103,
http://www.wikidata.org/entity/Q131450100,
http://www.wikidata.org/entity/Q131450107,
http://www.wikidata.org/entity/Q131450104,
http://www.wikidata.org/entity/Q131450105,
http://www.wikidata.org/entity/Q131450111,
http://www.wikidata.org/entity/Q131450108,
http://www.wikidata.org/entity/Q131450109,
http://www.wikidata.org/entity/Q131450114,
http://www.wikidata.org/entity/Q131450115,
http://www.wikidata.org/entity/Q131450112,
http://www.wikidata.org/entity/Q131450118,
http://www.wikidata.org/entity/Q131450119,
http://www.wikidata.org/entity/Q131450116,
http://www.wikidata.org/entity/Q131450122,
http://www.wikidata.org/entity/Q131450123,
http://www.wikidata.org/entity/Q131450120,
http://www.wikidata.org/entity/Q131450126,
http://www.wikidata.org/entity/Q131450127,
http://www.wikidata.org/entity/Q131450124,
http://www.wikidata.org/entity/Q131450125,
http://www.wikidata.org/entity/Q131450134,
http://www.wikidata.org/entity/Q131450135,
http://www.wikidata.org/entity/Q131450132,
http://www.wikidata.org/entity/Q131450133,
http://www.wikidata.org/entity/Q131450138,
http://www.wikidata.org/entity/Q131450136,
http://www.wikidata.org/entity/Q131450142,
http://www.wikidata.org/entity/Q131450146,
http://www.wikidata.org/entity/Q131450144,
http://www.wikidata.org/entity/Q131450145,
http://www.wikidata.org/entity/Q131450151,
http://www.wikidata.org/entity/Q131450148,
http://www.wikidata.org/entity/Q131450149,
http://www.wikidata.org/entity/Q131450154,
http://www.wikidata.org/entity/Q131450152,
http://www.wikidata.org/entity/Q131450153,
http://www.wikidata.org/entity/Q131450161,
http://www.wikidata.org/entity/Q131463514,
http://www.wikidata.org/entity/Q131501600,
http://www.wikidata.org/entity/Q131501606,
http://www.wikidata.org/entity/Q131501607,
http://www.wikidata.org/entity/Q131501608,
http://www.wikidata.org/entity/Q131501614,
http://www.wikidata.org/entity/Q131501612,
http://www.wikidata.org/entity/Q131501619,
http://www.wikidata.org/entity/Q131501617,
http://www.wikidata.org/entity/Q131501620,
http://www.wikidata.org/entity/Q131501633,
http://www.wikidata.org/entity/Q131501639,
http://www.wikidata.org/entity/Q131501643,
http://www.wikidata.org/entity/Q131501646,
http://www.wikidata.org/entity/Q131501645,
http://www.wikidata.org/entity/Q131501651,
http://www.wikidata.org/entity/Q131501649,
http://www.wikidata.org/entity/Q131501655,
http://www.wikidata.org/entity/Q131501653,
http://www.wikidata.org/entity/Q131501658,
http://www.wikidata.org/entity/Q131501663,
http://www.wikidata.org/entity/Q131501661,
http://www.wikidata.org/entity/Q131501666,
http://www.wikidata.org/entity/Q131501667,
http://www.wikidata.org/entity/Q131501671,
http://www.wikidata.org/entity/Q131501672,
http://www.wikidata.org/entity/Q131501678,
http://www.wikidata.org/entity/Q131501683,
http://www.wikidata.org/entity/Q131501690,
http://www.wikidata.org/entity/Q131501691,
http://www.wikidata.org/entity/Q131501711,
http://www.wikidata.org/entity/Q131501712,
http://www.wikidata.org/entity/Q131501724,
http://www.wikidata.org/entity/Q131501744,
http://www.wikidata.org/entity/Q131501750,
http://www.wikidata.org/entity/Q131501755,
http://www.wikidata.org/entity/Q131501753,
http://www.wikidata.org/entity/Q131501759,
http://www.wikidata.org/entity/Q131501756,
http://www.wikidata.org/entity/Q131501763,
http://www.wikidata.org/entity/Q131501770,
http://www.wikidata.org/entity/Q131501775,
http://www.wikidata.org/entity/Q131501773,
http://www.wikidata.org/entity/Q131501784,
http://www.wikidata.org/entity/Q131501791,
http://www.wikidata.org/entity/Q131501788,
http://www.wikidata.org/entity/Q131501793,
http://www.wikidata.org/entity/Q131501796,
http://www.wikidata.org/entity/Q131501797,
http://www.wikidata.org/entity/Q131501800,
http://www.wikidata.org/entity/Q131501801,
http://www.wikidata.org/entity/Q131501805,
http://www.wikidata.org/entity/Q131501811,
http://www.wikidata.org/entity/Q131501818,
http://www.wikidata.org/entity/Q131501816,
http://www.wikidata.org/entity/Q131501821,
http://www.wikidata.org/entity/Q131501826,
http://www.wikidata.org/entity/Q131501830,
http://www.wikidata.org/entity/Q131501842,
http://www.wikidata.org/entity/Q131501847,
http://www.wikidata.org/entity/Q131501852,
http://www.wikidata.org/entity/Q131501859,
http://www.wikidata.org/entity/Q131542580,
http://www.wikidata.org/entity/Q131542581,
http://www.wikidata.org/entity/Q131542585,
http://www.wikidata.org/entity/Q131542595,
http://www.wikidata.org/entity/Q131542596,
http://www.wikidata.org/entity/Q131542607,
http://www.wikidata.org/entity/Q131542610,
http://www.wikidata.org/entity/Q131542611,
http://www.wikidata.org/entity/Q131542609,
http://www.wikidata.org/entity/Q131542614,
http://www.wikidata.org/entity/Q131542615,
http://www.wikidata.org/entity/Q131543565,
http://www.wikidata.org/entity/Q131543603,
http://www.wikidata.org/entity/Q131543624,
http://www.wikidata.org/entity/Q131543631,
http://www.wikidata.org/entity/Q131543629,
http://www.wikidata.org/entity/Q131543651,
http://www.wikidata.org/entity/Q131543648,
http://www.wikidata.org/entity/Q131543655,
http://www.wikidata.org/entity/Q131543653,
http://www.wikidata.org/entity/Q131543672,
http://www.wikidata.org/entity/Q131543680,
http://www.wikidata.org/entity/Q131546415,
http://www.wikidata.org/entity/Q131546421,
http://www.wikidata.org/entity/Q131546426,
http://www.wikidata.org/entity/Q131546425,
http://www.wikidata.org/entity/Q131546428,
http://www.wikidata.org/entity/Q131546441,
http://www.wikidata.org/entity/Q131546444,
http://www.wikidata.org/entity/Q131546449,
http://www.wikidata.org/entity/Q131546458,
http://www.wikidata.org/entity/Q131546462,
http://www.wikidata.org/entity/Q131546463,
http://www.wikidata.org/entity/Q131546466,
http://www.wikidata.org/entity/Q131604558,
http://www.wikidata.org/entity/Q131604557,
http://www.wikidata.org/entity/Q131604561,
http://www.wikidata.org/entity/Q131604566,
http://www.wikidata.org/entity/Q131604568,
http://www.wikidata.org/entity/Q131604569,
http://www.wikidata.org/entity/Q131604575,pittura veneta
http://www.wikidata.org/entity/Q131604582,
http://www.wikidata.org/entity/Q131604586,
http://www.wikidata.org/entity/Q131604589,
http://www.wikidata.org/entity/Q131604610,
http://www.wikidata.org/entity/Q131613578,
http://www.wikidata.org/entity/Q131613579,
http://www.wikidata.org/entity/Q131613582,
http://www.wikidata.org/entity/Q131613581,
http://www.wikidata.org/entity/Q131613590,
http://www.wikidata.org/entity/Q131613591,
http://www.wikidata.org/entity/Q131613594,
http://www.wikidata.org/entity/Q131613592,
http://www.wikidata.org/entity/Q131613593,
http://www.wikidata.org/entity/Q131613596,
http://www.wikidata.org/entity/Q131613597,
http://www.wikidata.org/entity/Q131613607,
http://www.wikidata.org/entity/Q131613605,
http://www.wikidata.org/entity/Q131613610,
http://www.wikidata.org/entity/Q131613608,
http://www.wikidata.org/entity/Q131613615,
http://www.wikidata.org/entity/Q131613626,
http://www.wikidata.org/entity/Q131613627,
http://www.wikidata.org/entity/Q131613630,
http://www.wikidata.org/entity/Q131613631,
http://www.wikidata.org/entity/Q131613629,
http://www.wikidata.org/entity/Q131613632,
http://www.wikidata.org/entity/Q131613637,
http://www.wikidata.org/entity/Q131613648,
http://www.wikidata.org/entity/Q131613655,
http://www.wikidata.org/entity/Q131613659,
http://www.wikidata.org/entity/Q131613656,
http://www.wikidata.org/entity/Q131613657,
http://www.wikidata.org/entity/Q131613666,
http://www.wikidata.org/entity/Q131613667,
http://www.wikidata.org/entity/Q131613670,
http://www.wikidata.org/entity/Q131613671,
http://www.wikidata.org/entity/Q131613668,
http://www.wikidata.org/entity/Q131613669,
http://www.wikidata.org/entity/Q131613675,
http://www.wikidata.org/entity/Q131613679,
http://www.wikidata.org/entity/Q131613676,
http://www.wikidata.org/entity/Q131613680,
http://www.wikidata.org/entity/Q131613706,
http://www.wikidata.org/entity/Q131613704,
http://www.wikidata.org/entity/Q131613705,
http://www.wikidata.org/entity/Q131613711,
http://www.wikidata.org/entity/Q131613714,
http://www.wikidata.org/entity/Q131613715,
http://www.wikidata.org/entity/Q131613713,
http://www.wikidata.org/entity/Q131613716,
http://www.wikidata.org/entity/Q131613717,
http://www.wikidata.org/entity/Q131613722,
http://www.wikidata.org/entity/Q131613723,
http://www.wikidata.org/entity/Q131613721,
http://www.wikidata.org/entity/Q131613731,
http://www.wikidata.org/entity/Q131613729,
http://www.wikidata.org/entity/Q131613734,
http://www.wikidata.org/entity/Q131613732,
http://www.wikidata.org/entity/Q131613739,
http://www.wikidata.org/entity/Q131613742,
http://www.wikidata.org/entity/Q131613743,
http://www.wikidata.org/entity/Q131613740,
http://www.wikidata.org/entity/Q131613741,
http://www.wikidata.org/entity/Q131613746,
http://www.wikidata.org/entity/Q131613745,
http://www.wikidata.org/entity/Q131613748,
http://www.wikidata.org/entity/Q131613786,
http://www.wikidata.org/entity/Q131613787,
http://www.wikidata.org/entity/Q131613784,
http://www.wikidata.org/entity/Q131613785,
http://www.wikidata.org/entity/Q131613797,
http://www.wikidata.org/entity/Q131613820,
http://www.wikidata.org/entity/Q131613821,
http://www.wikidata.org/entity/Q131613826,
http://www.wikidata.org/entity/Q131613825,
http://www.wikidata.org/entity/Q131613832,
http://www.wikidata.org/entity/Q131613833,
http://www.wikidata.org/entity/Q131613870,
http://www.wikidata.org/entity/Q131613868,
http://www.wikidata.org/entity/Q131613869,
http://www.wikidata.org/entity/Q131613875,
http://www.wikidata.org/entity/Q131613879,
http://www.wikidata.org/entity/Q131613880,
http://www.wikidata.org/entity/Q131613890,
http://www.wikidata.org/entity/Q131613891,
http://www.wikidata.org/entity/Q131613888,
http://www.wikidata.org/entity/Q131613892,
http://www.wikidata.org/entity/Q131613900,
http://www.wikidata.org/entity/Q131613901,
http://www.wikidata.org/entity/Q131613904,
http://www.wikidata.org/entity/Q131613905,
http://www.wikidata.org/entity/Q131613914,
http://www.wikidata.org/entity/Q131613915,
http://www.wikidata.org/entity/Q131613912,
http://www.wikidata.org/entity/Q131613913,
http://www.wikidata.org/entity/Q131613916,
http://www.wikidata.org/entity/Q131613917,
http://www.wikidata.org/entity/Q131613922,
http://www.wikidata.org/entity/Q131613926,
http://www.wikidata.org/entity/Q131613927,
http://www.wikidata.org/entity/Q131613924,
http://www.wikidata.org/entity/Q131613925,
http://www.wikidata.org/entity/Q131613930,
http://www.wikidata.org/entity/Q131613928,
http://www.wikidata.org/entity/Q131613929,
http://www.wikidata.org/entity/Q131613939,
http://www.wikidata.org/entity/Q131613968,
http://www.wikidata.org/entity/Q131613974,
http://www.wikidata.org/entity/Q131613982,
http://www.wikidata.org/entity/Q131613980,
http://www.wikidata.org/entity/Q131617883,
http://www.wikidata.org/entity/Q131617881,
http://www.wikidata.org/entity/Q131617885,
http://www.wikidata.org/entity/Q131617890,
http://www.wikidata.org/entity/Q131617895,
http://www.wikidata.org/entity/Q131617893,
http://www.wikidata.org/entity/Q131617898,
http://www.wikidata.org/entity/Q131617899,
http://www.wikidata.org/entity/Q131617897,
http://www.wikidata.org/entity/Q131617902,
http://www.wikidata.org/entity/Q131617911,manierismo
http://www.wikidata.org/entity/Q131617908,
http://www.wikidata.org/entity/Q131617909,
http://www.wikidata.org/entity/Q131617914,
http://www.wikidata.org/entity/Q131617915,
http://www.wikidata.org/entity/Q131617918,
http://www.wikidata.org/entity/Q131617919,
http://www.wikidata.org/entity/Q131617916,
http://www.wikidata.org/entity/Q131617917,
http://www.wikidata.org/entity/Q131617922,
http://www.wikidata.org/entity/Q131617921,
http://www.wikidata.org/entity/Q131627550,
http://www.wikidata.org/entity/Q131627554,
http://www.wikidata.org/entity/Q131627552,
http://www.wikidata.org/entity/Q131627553,
http://www.wikidata.org/entity/Q131627556,
http://www.wikidata.org/entity/Q131627571,
http://www.wikidata.org/entity/Q131627574,
http://www.wikidata.org/entity/Q131627572,
http://www.wikidata.org/entity/Q131627588,
http://www.wikidata.org/entity/Q131627817,
http://www.wikidata.org/entity/Q131628758,
http://www.wikidata.org/entity/Q131628765,
http://www.wikidata.org/entity/Q131628770,
http://www.wikidata.org/entity/Q131628768,
http://www.wikidata.org/entity/Q131628769,
http://www.wikidata.org/entity/Q131628775,
http://www.wikidata.org/entity/Q131628772,
http://www.wikidata.org/entity/Q131628778,
http://www.wikidata.org/entity/Q131628776,
http://www.wikidata.org/entity/Q131628802,
http://www.wikidata.org/entity/Q131628803,
http://www.wikidata.org/entity/Q131628801,
http://www.wikidata.org/entity/Q131628814,
http://www.wikidata.org/entity/Q131628812,
http://www.wikidata.org/entity/Q131628813,
http://www.wikidata.org/entity/Q131628818,
http://www.wikidata.org/entity/Q131628819,
http://www.wikidata.org/entity/Q131628817,
http://www.wikidata.org/entity/Q131628822,
http://www.wikidata.org/entity/Q131628823,
http://www.wikidata.org/entity/Q131628820,
http://www.wikidata.org/entity/Q131628821,
http://www.wikidata.org/entity/Q131628824,
http://www.wikidata.org/entity/Q131629552,
http://www.wikidata.org/entity/Q131629558,
http://www.wikidata.org/entity/Q131629557,
http://www.wikidata.org/entity/Q131632037,
http://www.wikidata.org/entity/Q131632042,
http://www.wikidata.org/entity/Q131632047,
http://www.wikidata.org/entity/Q131674303,
http://www.wikidata.org/entity/Q131674300,
http://www.wikidata.org/entity/Q131674306,
http://www.wikidata.org/entity/Q131674307,
http://www.wikidata.org/entity/Q131674310,
http://www.wikidata.org/entity/Q131674311,
http://www.wikidata.org/entity/Q131674315,
http://www.wikidata.org/entity/Q131674312,
http://www.wikidata.org/entity/Q131674316,
http://www.wikidata.org/entity/Q131674317,
http://www.wikidata.org/entity/Q131674322,
http://www.wikidata.org/entity/Q131674323,
http://www.wikidata.org/entity/Q131674332,
http://www.wikidata.org/entity/Q131674346,
http://www.wikidata.org/entity/Q131674355,
http://www.wikidata.org/entity/Q131674352,
http://www.wikidata.org/entity/Q131674353,
http://www.wikidata.org/entity/Q131674361,
http://www.wikidata.org/entity/Q131674371,
http://www.wikidata.org/entity/Q131674368,
http://www.wikidata.org/entity/Q131674369,
http://www.wikidata.org/entity/Q131674373,
http://www.wikidata.org/entity/Q131674382,
http://www.wikidata.org/entity/Q131546465,
http://www.wikidata.org/entity/Q131546469,
http://www.wikidata.org/entity/Q131546475,
http://www.wikidata.org/entity/Q131546484,
http://www.wikidata.org/entity/Q131546485,
http://www.wikidata.org/entity/Q131546494,
http://www.wikidata.org/entity/Q131546493,
http://www.wikidata.org/entity/Q131546499,
http://www.wikidata.org/entity/Q131546506,
http://www.wikidata.org/entity/Q131546510,
http://www.wikidata.org/entity/Q131546508,
http://www.wikidata.org/entity/Q131546509,
http://www.wikidata.org/entity/Q131546515,
http://www.wikidata.org/entity/Q131546516,
http://www.wikidata.org/entity/Q131546517,
http://www.wikidata.org/entity/Q131546520,
http://www.wikidata.org/entity/Q131546525,
http://www.wikidata.org/entity/Q131546551,
http://www.wikidata.org/entity/Q131546552,
http://www.wikidata.org/entity/Q131546553,
http://www.wikidata.org/entity/Q131546582,
http://www.wikidata.org/entity/Q131546581,
http://www.wikidata.org/entity/Q131546599,
http://www.wikidata.org/entity/Q131546602,pittura veneta; Alto Rinascimento
http://www.wikidata.org/entity/Q131546603,
http://www.wikidata.org/entity/Q131557338,
http://www.wikidata.org/entity/Q131557340,
http://www.wikidata.org/entity/Q131557341,
http://www.wikidata.org/entity/Q131557374,
http://www.wikidata.org/entity/Q131557372,
http://www.wikidata.org/entity/Q131557373,
http://www.wikidata.org/entity/Q131557376,
http://www.wikidata.org/entity/Q131557436,
http://www.wikidata.org/entity/Q131557458,
http://www.wikidata.org/entity/Q131557464,
http://www.wikidata.org/entity/Q131557484,
http://www.wikidata.org/entity/Q131557662,
http://www.wikidata.org/entity/Q131557664,
http://www.wikidata.org/entity/Q131557854,
http://www.wikidata.org/entity/Q131557866,
http://www.wikidata.org/entity/Q131557871,
http://www.wikidata.org/entity/Q131557868,
http://www.wikidata.org/entity/Q131557880,
http://www.wikidata.org/entity/Q131557902,
http://www.wikidata.org/entity/Q131559178,
http://www.wikidata.org/entity/Q131559177,
http://www.wikidata.org/entity/Q131559182,
http://www.wikidata.org/entity/Q131559183,
http://www.wikidata.org/entity/Q131559181,
http://www.wikidata.org/entity/Q131559187,
http://www.wikidata.org/entity/Q131559184,
http://www.wikidata.org/entity/Q131559202,
http://www.wikidata.org/entity/Q131559216,
http://www.wikidata.org/entity/Q131561164,
http://www.wikidata.org/entity/Q131561170,
http://www.wikidata.org/entity/Q131561666,
http://www.wikidata.org/entity/Q131561678,
http://www.wikidata.org/entity/Q131561677,
http://www.wikidata.org/entity/Q131561688,
http://www.wikidata.org/entity/Q131561692,
http://www.wikidata.org/entity/Q131563724,
http://www.wikidata.org/entity/Q131564536,
http://www.wikidata.org/entity/Q131564617,
http://www.wikidata.org/entity/Q131564870,
http://www.wikidata.org/entity/Q131564871,
http://www.wikidata.org/entity/Q131574021,
http://www.wikidata.org/entity/Q131576650,
http://www.wikidata.org/entity/Q131576651,
http://www.wikidata.org/entity/Q131576649,
http://www.wikidata.org/entity/Q131578331,
http://www.wikidata.org/entity/Q131578346,
http://www.wikidata.org/entity/Q131578347,
http://www.wikidata.org/entity/Q131579612,
http://www.wikidata.org/entity/Q131579620,
http://www.wikidata.org/entity/Q131579625,
http://www.wikidata.org/entity/Q131579630,
http://www.wikidata.org/entity/Q131579631,
http://www.wikidata.org/entity/Q131579646,
http://www.wikidata.org/entity/Q131579657,
http://www.wikidata.org/entity/Q131579660,
http://www.wikidata.org/entity/Q131579667,
http://www.wikidata.org/entity/Q131579670,
http://www.wikidata.org/entity/Q131579671,
http://www.wikidata.org/entity/Q131579669,
http://www.wikidata.org/entity/Q131579674,
http://www.wikidata.org/entity/Q131579672,
http://www.wikidata.org/entity/Q131579673,
http://www.wikidata.org/entity/Q131579682,
http://www.wikidata.org/entity/Q131579687,
http://www.wikidata.org/entity/Q131579688,
http://www.wikidata.org/entity/Q131587694,
http://www.wikidata.org/entity/Q131587980,
http://www.wikidata.org/entity/Q131588009,
http://www.wikidata.org/entity/Q131588018,
http://www.wikidata.org/entity/Q131588032,
http://www.wikidata.org/entity/Q131588033,
http://www.wikidata.org/entity/Q131588045,
http://www.wikidata.org/entity/Q131588054,
http://www.wikidata.org/entity/Q131588057,
http://www.wikidata.org/entity/Q131588060,
http://www.wikidata.org/entity/Q131674390,
http://www.wikidata.org/entity/Q131674398,
http://www.wikidata.org/entity/Q131674399,
http://www.wikidata.org/entity/Q131674396,
http://www.wikidata.org/entity/Q131674401,
http://www.wikidata.org/entity/Q131674404,
http://www.wikidata.org/entity/Q131674405,
http://www.wikidata.org/entity/Q131674410,
http://www.wikidata.org/entity/Q131674411,
http://www.wikidata.org/entity/Q131674409,
http://www.wikidata.org/entity/Q131674412,
http://www.wikidata.org/entity/Q131675938,
http://www.wikidata.org/entity/Q131675939,
http://www.wikidata.org/entity/Q131675936,
http://www.wikidata.org/entity/Q131675937,
http://www.wikidata.org/entity/Q131675942,
http://www.wikidata.org/entity/Q131675943,
http://www.wikidata.org/entity/Q131675940,
http://www.wikidata.org/entity/Q131675941,
http://www.wikidata.org/entity/Q131675947,
http://www.wikidata.org/entity/Q131675944,
http://www.wikidata.org/entity/Q131675945,
http://www.wikidata.org/entity/Q131675948,
http://www.wikidata.org/entity/Q131675966,
http://www.wikidata.org/entity/Q131675969,
http://www.wikidata.org/entity/Q131675979,
http://www.wikidata.org/entity/Q131675983,
http://www.wikidata.org/entity/Q131675981,
http://www.wikidata.org/entity/Q131675990,
http://www.wikidata.org/entity/Q131675989,
http://www.wikidata.org/entity/Q131675994,
http://www.wikidata.org/entity/Q131675995,
http://www.wikidata.org/entity/Q131675993,
http://www.wikidata.org/entity/Q131675998,
http://www.wikidata.org/entity/Q131676028,
http://www.wikidata.org/entity/Q131676029,
http://www.wikidata.org/entity/Q131676038,
http://www.wikidata.org/entity/Q131676039,
http://www.wikidata.org/entity/Q131676037,
http://www.wikidata.org/entity/Q131676041,
http://www.wikidata.org/entity/Q131676058,
http://www.wikidata.org/entity/Q131676064,
http://www.wikidata.org/entity/Q131676306,
http://www.wikidata.org/entity/Q131676307,
http://www.wikidata.org/entity/Q131676308,
http://www.wikidata.org/entity/Q131690475,
http://www.wikidata.org/entity/Q131690473,
http://www.wikidata.org/entity/Q131690478,
http://www.wikidata.org/entity/Q131690476,
http://www.wikidata.org/entity/Q131690495,
http://www.wikidata.org/entity/Q131690498,
http://www.wikidata.org/entity/Q131690499,
http://www.wikidata.org/entity/Q131690496,
http://www.wikidata.org/entity/Q131690497,
http://www.wikidata.org/entity/Q131690502,
http://www.wikidata.org/entity/Q131690503,
http://www.wikidata.org/entity/Q131690501,
http://www.wikidata.org/entity/Q131690504,
http://www.wikidata.org/entity/Q131690511,
http://www.wikidata.org/entity/Q131690509,
http://www.wikidata.org/entity/Q131690513,
http://www.wikidata.org/entity/Q131690516,
http://www.wikidata.org/entity/Q131690517,
http://www.wikidata.org/entity/Q131690522,
http://www.wikidata.org/entity/Q131690527,
http://www.wikidata.org/entity/Q131690524,
http://www.wikidata.org/entity/Q131690525,
http://www.wikidata.org/entity/Q131690530,
http://www.wikidata.org/entity/Q131690528,
http://www.wikidata.org/entity/Q131690529,
http://www.wikidata.org/entity/Q131690535,
http://www.wikidata.org/entity/Q131690532,
http://www.wikidata.org/entity/Q131690538,
http://www.wikidata.org/entity/Q131690539,
http://www.wikidata.org/entity/Q131690536,
http://www.wikidata.org/entity/Q131690537,
http://www.wikidata.org/entity/Q131690542,
http://www.wikidata.org/entity/Q131690543,
http://www.wikidata.org/entity/Q131690540,
http://www.wikidata.org/entity/Q131690546,
http://www.wikidata.org/entity/Q131690550,pittura veneta
http://www.wikidata.org/entity/Q131690551,
http://www.wikidata.org/entity/Q131690548,
http://www.wikidata.org/entity/Q131690549,
http://www.wikidata.org/entity/Q131690555,
http://www.wikidata.org/entity/Q131690552,
http://www.wikidata.org/entity/Q131690553,
http://www.wikidata.org/entity/Q131690558,
http://www.wikidata.org/entity/Q131690556,
http://www.wikidata.org/entity/Q131690557,
http://www.wikidata.org/entity/Q131690562,
http://www.wikidata.org/entity/Q131690563,
http://www.wikidata.org/entity/Q131690560,
http://www.wikidata.org/entity/Q131690561,
http://www.wikidata.org/entity/Q131690566,
http://www.wikidata.org/entity/Q131690564,
http://www.wikidata.org/entity/Q131690571,
http://www.wikidata.org/entity/Q131690568,
http://www.wikidata.org/entity/Q131690574,
http://www.wikidata.org/entity/Q131690575,
http://www.wikidata.org/entity/Q131690572,
http://www.wikidata.org/entity/Q131690573,
http://www.wikidata.org/entity/Q131690578,
http://www.wikidata.org/entity/Q131690579,
http://www.wikidata.org/entity/Q131690582,
http://www.wikidata.org/entity/Q131690583,
http://www.wikidata.org/entity/Q131690581,
http://www.wikidata.org/entity/Q131690586,
http://www.wikidata.org/entity/Q131690587,
http://www.wikidata.org/entity/Q131690584,
http://www.wikidata.org/entity/Q131690590,
http://www.wikidata.org/entity/Q131690591,
http://www.wikidata.org/entity/Q131690588,
http://www.wikidata.org/entity/Q131690589,
http://www.wikidata.org/entity/Q131690594,
http://www.wikidata.org/entity/Q131690592,
http://www.wikidata.org/entity/Q131690593,
http://www.wikidata.org/entity/Q131690599,
http://www.wikidata.org/entity/Q131690596,
http://www.wikidata.org/entity/Q131690602,
http://www.wikidata.org/entity/Q131690603,
http://www.wikidata.org/entity/Q131690601,
http://www.wikidata.org/entity/Q131690606,
http://www.wikidata.org/entity/Q131690605,
http://www.wikidata.org/entity/Q131690633,
http://www.wikidata.org/entity/Q131690639,
http://www.wikidata.org/entity/Q131690637,
http://www.wikidata.org/entity/Q131690641,
http://www.wikidata.org/entity/Q131690646,
http://www.wikidata.org/entity/Q131690652,
http://www.wikidata.org/entity/Q131690656,
http://www.wikidata.org/entity/Q131690663,
http://www.wikidata.org/entity/Q131690660,
http://www.wikidata.org/entity/Q131702506,
http://www.wikidata.org/entity/Q131704134,
http://www.wikidata.org/entity/Q131704138,
http://www.wikidata.org/entity/Q131704142,
http://www.wikidata.org/entity/Q131704140,
http://www.wikidata.org/entity/Q131704141,
http://www.wikidata.org/entity/Q131704145,
http://www.wikidata.org/entity/Q131704265,
http://www.wikidata.org/entity/Q131704274,
http://www.wikidata.org/entity/Q131704272,
http://www.wikidata.org/entity/Q131704273,
http://www.wikidata.org/entity/Q131704278,
http://www.wikidata.org/entity/Q131704279,
http://www.wikidata.org/entity/Q131704280,
http://www.wikidata.org/entity/Q131704281,
http://www.wikidata.org/entity/Q131704285,
http://www.wikidata.org/entity/Q131704288,
http://www.wikidata.org/entity/Q131704294,
http://www.wikidata.org/entity/Q131704298,
http://www.wikidata.org/entity/Q131704296,
http://www.wikidata.org/entity/Q131704297,
http://www.wikidata.org/entity/Q131704303,
http://www.wikidata.org/entity/Q131704304,
http://www.wikidata.org/entity/Q131704770,
http://www.wikidata.org/entity/Q131704783,
http://www.wikidata.org/entity/Q131704780,
http://www.wikidata.org/entity/Q131708783,
http://www.wikidata.org/entity/Q131719683,
http://www.wikidata.org/entity/Q131719684,
http://www.wikidata.org/entity/Q131719685,
http://www.wikidata.org/entity/Q131719730,
http://www.wikidata.org/entity/Q131719735,
http://www.wikidata.org/entity/Q131719732,
http://www.wikidata.org/entity/Q131719736,
http://www.wikidata.org/entity/Q131719743,
http://www.wikidata.org/entity/Q131719746,
http://www.wikidata.org/entity/Q131719744,
http://www.wikidata.org/entity/Q131719745,
http://www.wikidata.org/entity/Q131719750,
http://www.wikidata.org/entity/Q131719756,
http://www.wikidata.org/entity/Q131721232,
http://www.wikidata.org/entity/Q131748785,
http://www.wikidata.org/entity/Q131753928,
http://www.wikidata.org/entity/Q131753929,
http://www.wikidata.org/entity/Q131753974,
http://www.wikidata.org/entity/Q131753985,
http://www.wikidata.org/entity/Q131754003,
http://www.wikidata.org/entity/Q131760459,
http://www.wikidata.org/entity/Q131760462,
http://www.wikidata.org/entity/Q131760461,
http://www.wikidata.org/entity/Q131760474,
http://www.wikidata.org/entity/Q131760475,
http://www.wikidata.org/entity/Q131760472,
http://www.wikidata.org/entity/Q131760473,
http://www.wikidata.org/entity/Q131760478,
http://www.wikidata.org/entity/Q131760479,
http://www.wikidata.org/entity/Q131760476,
http://www.wikidata.org/entity/Q131760480,
http://www.wikidata.org/entity/Q131760481,
http://www.wikidata.org/entity/Q131766115,
http://www.wikidata.org/entity/Q131766119,
http://www.wikidata.org/entity/Q131766122,
http://www.wikidata.org/entity/Q131766120,
http://www.wikidata.org/entity/Q131766143,
http://www.wikidata.org/entity/Q131766147,
http://www.wikidata.org/entity/Q131766151,
http://www.wikidata.org/entity/Q131766148,
http://www.wikidata.org/entity/Q131766192,
http://www.wikidata.org/entity/Q131812877,
http://www.wikidata.org/entity/Q131812900,
http://www.wikidata.org/entity/Q131812901,
http://www.wikidata.org/entity/Q131812919,
http://www.wikidata.org/entity/Q131812917,
http://www.wikidata.org/entity/Q131812921,
http://www.wikidata.org/entity/Q131812935,
http://www.wikidata.org/entity/Q131812933,
http://www.wikidata.org/entity/Q131812937,
http://www.wikidata.org/entity/Q131813151,
http://www.wikidata.org/entity/Q131813148,
http://www.wikidata.org/entity/Q131813153,
http://www.wikidata.org/entity/Q131813159,
http://www.wikidata.org/entity/Q131813192,
http://www.wikidata.org/entity/Q131813340,
http://www.wikidata.org/entity/Q131823354,
http://www.wikidata.org/entity/Q131823355,
http://www.wikidata.org/entity/Q131823366,
http://www.wikidata.org/entity/Q131823364,
http://www.wikidata.org/entity/Q131823365,
http://www.wikidata.org/entity/Q131825279,
http://www.wikidata.org/entity/Q131825292,
http://www.wikidata.org/entity/Q131825306,
http://www.wikidata.org/entity/Q131825307,
http://www.wikidata.org/entity/Q131825315,
http://www.wikidata.org/entity/Q131825312,
http://www.wikidata.org/entity/Q131825319,
http://www.wikidata.org/entity/Q131825316,
http://www.wikidata.org/entity/Q131825317,
http://www.wikidata.org/entity/Q131825322,
http://www.wikidata.org/entity/Q131825323,
http://www.wikidata.org/entity/Q131825320,
http://www.wikidata.org/entity/Q131825326,
http://www.wikidata.org/entity/Q131825324,
http://www.wikidata.org/entity/Q131825329,
http://www.wikidata.org/entity/Q131825338,
http://www.wikidata.org/entity/Q131825360,
http://www.wikidata.org/entity/Q131825364,
http://www.wikidata.org/entity/Q131829978,
http://www.wikidata.org/entity/Q131830267,
http://www.wikidata.org/entity/Q131830296,
http://www.wikidata.org/entity/Q131830590,
http://www.wikidata.org/entity/Q131831531,
http://www.wikidata.org/entity/Q131831573,
http://www.wikidata.org/entity/Q131831783,
http://www.wikidata.org/entity/Q131832197,
http://www.wikidata.org/entity/Q131832227,
http://www.wikidata.org/entity/Q131840176,
http://www.wikidata.org/entity/Q131851008,
http://www.wikidata.org/entity/Q131851009,
http://www.wikidata.org/entity/Q131851014,
http://www.wikidata.org/entity/Q131851015,
http://www.wikidata.org/entity/Q131851012,
http://www.wikidata.org/entity/Q131851013,
http://www.wikidata.org/entity/Q131851018,
http://www.wikidata.org/entity/Q131851016,
http://www.wikidata.org/entity/Q131851028,
http://www.wikidata.org/entity/Q131851035,
http://www.wikidata.org/entity/Q131851042,
http://www.wikidata.org/entity/Q131851041,
http://www.wikidata.org/entity/Q131851051,
http://www.wikidata.org/entity/Q131851094,
http://www.wikidata.org/entity/Q131851103,
http://www.wikidata.org/entity/Q131851100,
http://www.wikidata.org/entity/Q131851106,
http://www.wikidata.org/entity/Q131851108,
http://www.wikidata.org/entity/Q131851122,
http://www.wikidata.org/entity/Q131851126,
http://www.wikidata.org/entity/Q131851124,
http://www.wikidata.org/entity/Q131851125,
http://www.wikidata.org/entity/Q131851135,
http://www.wikidata.org/entity/Q131851136,
http://www.wikidata.org/entity/Q131856664,
http://www.wikidata.org/entity/Q131856823,
http://www.wikidata.org/entity/Q131856942,
http://www.wikidata.org/entity/Q131857319,
http://www.wikidata.org/entity/Q131857510,
http://www.wikidata.org/entity/Q131859345,
http://www.wikidata.org/entity/Q131859480,
http://www.wikidata.org/entity/Q131859542,
http://www.wikidata.org/entity/Q131860141,
http://www.wikidata.org/entity/Q131860198,
http://www.wikidata.org/entity/Q131861810,
http://www.wikidata.org/entity/Q131861981,
http://www.wikidata.org/entity/Q131868524,
http://www.wikidata.org/entity/Q131869926,
http://www.wikidata.org/entity/Q131869955,
http://www.wikidata.org/entity/Q131919623,Alto Rinascimento
http://www.wikidata.org/entity/Q131937025,
http://www.wikidata.org/entity/Q131937030,
http://www.wikidata.org/entity/Q131937031,
http://www.wikidata.org/entity/Q131937032,
http://www.wikidata.org/entity/Q131937036,
http://www.wikidata.org/entity/Q131937042,
http://www.wikidata.org/entity/Q131937045,
http://www.wikidata.org/entity/Q131937061,
http://www.wikidata.org/entity/Q131937066,
http://www.wikidata.org/entity/Q131937070,
http://www.wikidata.org/entity/Q131937078,
http://www.wikidata.org/entity/Q131937079,
http://www.wikidata.org/entity/Q131937080,
http://www.wikidata.org/entity/Q131937081,
http://www.wikidata.org/entity/Q131937094,
http://www.wikidata.org/entity/Q131937102,
http://www.wikidata.org/entity/Q131937109,
http://www.wikidata.org/entity/Q131937113,
http://www.wikidata.org/entity/Q131937118,
http://www.wikidata.org/entity/Q132147956,
http://www.wikidata.org/entity/Q132147979,
http://www.wikidata.org/entity/Q132147995,
http://www.wikidata.org/entity/Q132147993,
http://www.wikidata.org/entity/Q132147998,
http://www.wikidata.org/entity/Q132147996,
http://www.wikidata.org/entity/Q132147997,
http://www.wikidata.org/entity/Q132148002,
http://www.wikidata.org/entity/Q132148006,
http://www.wikidata.org/entity/Q132148011,
http://www.wikidata.org/entity/Q132148015,
http://www.wikidata.org/entity/Q132148013,
http://www.wikidata.org/entity/Q132148016,
http://www.wikidata.org/entity/Q132148031,
http://www.wikidata.org/entity/Q132148039,
http://www.wikidata.org/entity/Q132148037,
http://www.wikidata.org/entity/Q132148050,
http://www.wikidata.org/entity/Q132148051,
http://www.wikidata.org/entity/Q132148054,
http://www.wikidata.org/entity/Q132148052,
http://www.wikidata.org/entity/Q132148057,
http://www.wikidata.org/entity/Q132148061,
http://www.wikidata.org/entity/Q132148134,
http://www.wikidata.org/entity/Q132148137,
http://www.wikidata.org/entity/Q132166188,
http://www.wikidata.org/entity/Q132166238,
http://www.wikidata.org/entity/Q132166239,
http://www.wikidata.org/entity/Q132166241,
http://www.wikidata.org/entity/Q132166246,
http://www.wikidata.org/entity/Q132166245,
http://www.wikidata.org/entity/Q132166250,
http://www.wikidata.org/entity/Q132166251,
http://www.wikidata.org/entity/Q132166254,
http://www.wikidata.org/entity/Q132166252,
http://www.wikidata.org/entity/Q132166258,
http://www.wikidata.org/entity/Q132166259,
http://www.wikidata.org/entity/Q132166256,
http://www.wikidata.org/entity/Q132166257,
http://www.wikidata.org/entity/Q132166260,
http://www.wikidata.org/entity/Q132166261,
http://www.wikidata.org/entity/Q132166270,
http://www.wikidata.org/entity/Q132166271,
http://www.wikidata.org/entity/Q132166275,
http://www.wikidata.org/entity/Q132166272,
http://www.wikidata.org/entity/Q132166294,
http://www.wikidata.org/entity/Q132166295,
http://www.wikidata.org/entity/Q132166292,
http://www.wikidata.org/entity/Q132166293,
http://www.wikidata.org/entity/Q132166298,
http://www.wikidata.org/entity/Q132166296,
http://www.wikidata.org/entity/Q132166297,
http://www.wikidata.org/entity/Q132188587,
http://www.wikidata.org/entity/Q132190189,
http://www.wikidata.org/entity/Q132247240,
http://www.wikidata.org/entity/Q132247244,
http://www.wikidata.org/entity/Q132247267,
http://www.wikidata.org/entity/Q132247310,
http://www.wikidata.org/entity/Q132247313,
http://www.wikidata.org/entity/Q132247316,
http://www.wikidata.org/entity/Q132247327,
http://www.wikidata.org/entity/Q132247331,
http://www.wikidata.org/entity/Q132247328,
http://www.wikidata.org/entity/Q132247334,
http://www.wikidata.org/entity/Q132247338,
http://www.wikidata.org/entity/Q132247378,
http://www.wikidata.org/entity/Q132247376,
http://www.wikidata.org/entity/Q132247380,
http://www.wikidata.org/entity/Q132247435,
http://www.wikidata.org/entity/Q132247451,
http://www.wikidata.org/entity/Q132397606,
http://www.wikidata.org/entity/Q132397607,
http://www.wikidata.org/entity/Q132397604,
http://www.wikidata.org/entity/Q132397610,
http://www.wikidata.org/entity/Q132397611,
http://www.wikidata.org/entity/Q132397614,
http://www.wikidata.org/entity/Q132397615,
http://www.wikidata.org/entity/Q132397613,
http://www.wikidata.org/entity/Q132397621,
http://www.wikidata.org/entity/Q132397631,
http://www.wikidata.org/entity/Q132397663,
http://www.wikidata.org/entity/Q132397660,
http://www.wikidata.org/entity/Q132397666,
http://www.wikidata.org/entity/Q132397667,
http://www.wikidata.org/entity/Q132397664,
http://www.wikidata.org/entity/Q132397665,
http://www.wikidata.org/entity/Q132397670,
http://www.wikidata.org/entity/Q132397668,
http://www.wikidata.org/entity/Q132397669,
http://www.wikidata.org/entity/Q132397673,
http://www.wikidata.org/entity/Q132397679,
http://www.wikidata.org/entity/Q132397687,
http://www.wikidata.org/entity/Q132397698,
http://www.wikidata.org/entity/Q135089031,
http://www.wikidata.org/entity/Q135089170,
http://www.wikidata.org/entity/Q135089208,
http://www.wikidata.org/entity/Q135089338,
http://www.wikidata.org/entity/Q135089933,
http://www.wikidata.org/entity/Q135097382,
http://www.wikidata.org/entity/Q135098524,
http://www.wikidata.org/entity/Q135111963,
http://www.wikidata.org/entity/Q135213019,
http://www.wikidata.org/entity/Q135213092,
http://www.wikidata.org/entity/Q135216092,
http://www.wikidata.org/entity/Q135216430,
http://www.wikidata.org/entity/Q135219976,
http://www.wikidata.org/entity/Q135286600,
http://www.wikidata.org/entity/Q135669652,
http://www.wikidata.org/entity/Q135761987,
http://www.wikidata.org/entity/Q135971600,
http://www.wikidata.org/entity/Q135971947,
http://www.wikidata.org/entity/Q135972052,
http://www.wikidata.org/entity/Q135988557,pittura fiamminga barocca
http://www.wikidata.org/entity/Q135989185,
http://www.wikidata.org/entity/Q136359717,
http://www.wikidata.org/entity/Q136359850,
http://www.wikidata.org/entity/Q136419815,
http://www.wikidata.org/entity/Q136445881,pittura veneta; Alto Rinascimento
http://www.wikidata.org/entity/Q136446304,pittura veneta
http://www.wikidata.org/entity/Q136452782,pittura veneta
http://www.wikidata.org/entity/Q136457064,pittura veneta
http://www.wikidata.org/entity/Q136468769,
http://www.wikidata.org/entity/Q136488593,pittura veneta
http://www.wikidata.org/entity/Q136497894,pittura veneta; Alto Rinascimento
http://www.wikidata.org/entity/Q136747345,
http://www.wikidata.org/entity/Q136752887,pittura veneta
http://www.wikidata.org/entity/Q136789581,pittura veneta
http://www.wikidata.org/entity/Q136806465,pittura veneta
http://www.wikidata.org/entity/Q136807706,pittura veneta; Alto Rinascimento
http://www.wikidata.org/entity/Q136840231,pittura veneta
http://www.wikidata.org/entity/Q136849352,
http://www.wikidata.org/entity/Q136934711,
http://www.wikidata.org/entity/Q137040888,pittura veneta
http://www.wikidata.org/entity/Q137169658,pittura veneta; Alto Rinascimento
http://www.wikidata.org/entity/Q137268771,
http://www.wikidata.org/entity/Q137357477,
http://www.wikidata.org/entity/Q137395888,
http://www.wikidata.org/entity/Q132397696,
http://www.wikidata.org/entity/Q132397700,
http://www.wikidata.org/entity/Q132397710,
http://www.wikidata.org/entity/Q132397711,
http://www.wikidata.org/entity/Q132397715,
http://www.wikidata.org/entity/Q132397712,
http://www.wikidata.org/entity/Q132397719,
http://www.wikidata.org/entity/Q132397716,
http://www.wikidata.org/entity/Q132397721,
http://www.wikidata.org/entity/Q132397728,
http://www.wikidata.org/entity/Q132397743,
http://www.wikidata.org/entity/Q132397741,
http://www.wikidata.org/entity/Q132397746,
http://www.wikidata.org/entity/Q132397744,
http://www.wikidata.org/entity/Q132397750,
http://www.wikidata.org/entity/Q132397751,
http://www.wikidata.org/entity/Q132397749,
http://www.wikidata.org/entity/Q132397755,
http://www.wikidata.org/entity/Q132397753,
http://www.wikidata.org/entity/Q132397758,
http://www.wikidata.org/entity/Q132397759,
http://www.wikidata.org/entity/Q132397756,
http://www.wikidata.org/entity/Q132397757,
http://www.wikidata.org/entity/Q132397761,
http://www.wikidata.org/entity/Q132655854,
http://www.wikidata.org/entity/Q132732649,
http://www.wikidata.org/entity/Q132732774,
http://www.wikidata.org/entity/Q132861558,
http://www.wikidata.org/entity/Q133269222,
http://www.wikidata.org/entity/Q133269326,
http://www.wikidata.org/entity/Q133269393,
http://www.wikidata.org/entity/Q133272425,
http://www.wikidata.org/entity/Q133273079,
http://www.wikidata.org/entity/Q133273191,
http://www.wikidata.org/entity/Q133280987,
http://www.wikidata.org/entity/Q133280990,
http://www.wikidata.org/entity/Q133280991,
http://www.wikidata.org/entity/Q133280994,
http://www.wikidata.org/entity/Q133280993,
http://www.wikidata.org/entity/Q133280996,
http://www.wikidata.org/entity/Q133281000,
http://www.wikidata.org/entity/Q133281004,
http://www.wikidata.org/entity/Q133281008,
http://www.wikidata.org/entity/Q133281009,pittura veneta
http://www.wikidata.org/entity/Q133281015,
http://www.wikidata.org/entity/Q133281013,
http://www.wikidata.org/entity/Q133281018,
http://www.wikidata.org/entity/Q133281019,
http://www.wikidata.org/entity/Q133281016,
http://www.wikidata.org/entity/Q133281023,
http://www.wikidata.org/entity/Q133281021,
http://www.wikidata.org/entity/Q133281027,
http://www.wikidata.org/entity/Q133281024,
http://www.wikidata.org/entity/Q133281030,
http://www.wikidata.org/entity/Q133281031,
http://www.wikidata.org/entity/Q133281028,
http://www.wikidata.org/entity/Q133281038,
http://www.wikidata.org/entity/Q133281054,
http://www.wikidata.org/entity/Q133281058,
http://www.wikidata.org/entity/Q133281056,
http://www.wikidata.org/entity/Q133281062,
http://www.wikidata.org/entity/Q133281060,
http://www.wikidata.org/entity/Q133281064,
http://www.wikidata.org/entity/Q133281065,
http://www.wikidata.org/entity/Q133281074,
http://www.wikidata.org/entity/Q133281075,
http://www.wikidata.org/entity/Q133281073,
http://www.wikidata.org/entity/Q133281078,
http://www.wikidata.org/entity/Q133281079,
http://www.wikidata.org/entity/Q133281076,
http://www.wikidata.org/entity/Q133281091,
http://www.wikidata.org/entity/Q133281094,
http://www.wikidata.org/entity/Q133281103,
http://www.wikidata.org/entity/Q133377050,
http://www.wikidata.org/entity/Q133460319,
http://www.wikidata.org/entity/Q133520790,
http://www.wikidata.org/entity/Q133538987,
http://www.wikidata.org/entity/Q133572599,romanticismo; realismo
http://www.wikidata.org/entity/Q133580122,
http://www.wikidata.org/entity/Q133663142,
http://www.wikidata.org/entity/Q133756640,Alto Rinascimento
http://www.wikidata.org/entity/Q133806816,
http://www.wikidata.org/entity/Q133832267,pittura veneta
http://www.wikidata.org/entity/Q133838769,
http://www.wikidata.org/entity/Q133853068,
http://www.wikidata.org/entity/Q133853701,
http://www.wikidata.org/entity/Q133857279,
http://www.wikidata.org/entity/Q133871397,
http://www.wikidata.org/entity/Q133877955,
http://www.wikidata.org/entity/Q133878297,
http://www.wikidata.org/entity/Q133878813,
http://www.wikidata.org/entity/Q134006791,
http://www.wikidata.org/entity/Q134475701,
http://www.wikidata.org/entity/Q134486443,
http://www.wikidata.org/entity/Q134580708,
http://www.wikidata.org/entity/Q134691464,
http://www.wikidata.org/entity/Q134699222,
http://www.wikidata.org/entity/Q134820887,
http://www.wikidata.org/entity/Q134960128,
http://www.wikidata.org/entity/Q135088946,
