id,soggetti
http://www.wikidata.org/entity/Q151047,Venere Anadiomene; nascita di Afrodite
http://www.wikidata.org/entity/Q180632,papa Paolo III
http://www.wikidata.org/entity/Q368788,Pietà
http://www.wikidata.org/entity/Q428274,Tommaso Inghirami
http://www.wikidata.org/entity/Q488825,Adorazione dei Magi
http://www.wikidata.org/entity/Q493792,Andrea Doria
http://www.wikidata.org/entity/Q532486,Giuditta e Oloferne
http://www.wikidata.org/entity/Q546297,Compianto sul Cristo morto
http://www.wikidata.org/entity/Q549847,primavera
http://www.wikidata.org/entity/Q580853,Madonna col Bambino
http://www.wikidata.org/entity/Q592551,
http://www.wikidata.org/entity/Q672817,
http://www.wikidata.org/entity/Q732821,Luca Pacioli
http://www.wikidata.org/entity/Q733017,san Giorgio e il drago
http://www.wikidata.org/entity/Q734197,Visitazione della Beata Vergine Maria
http://www.wikidata.org/entity/Q742801,giovane uomo
http://www.wikidata.org/entity/Q794077,amore
http://www.wikidata.org/entity/Q867678,
http://www.wikidata.org/entity/Q924655,
http://www.wikidata.org/entity/Q945250,
http://www.wikidata.org/entity/Q945625,Stimmate di San Francesco
http://www.wikidata.org/entity/Q948034,donna giovane
http://www.wikidata.org/entity/Q955295,Madonna col Bambino
http://www.wikidata.org/entity/Q959174,uomo
http://www.wikidata.org/entity/Q1055111,Madonna col Bambino
http://www.wikidata.org/entity/Q1109340,coraggio
http://www.wikidata.org/entity/Q1109475,Visitazione della Beata Vergine Maria
http://www.wikidata.org/entity/Q1110146,adorazione dei pastori
http://www.wikidata.org/entity/Q1111232,Madonna col Bambino
http://www.wikidata.org/entity/Q1113938,Città ideale
http://www.wikidata.org/entity/Q1114823,
http://www.wikidata.org/entity/Q1114856,
http://www.wikidata.org/entity/Q1114881,
http://www.wikidata.org/entity/Q1115413,
http://www.wikidata.org/entity/Q1115423,Compianto sul Cristo morto
http://www.wikidata.org/entity/Q1119008,Assunzione di Maria
http://www.wikidata.org/entity/Q1119782,
http://www.wikidata.org/entity/Q1121644,
http://www.wikidata.org/entity/Q1122002,Pietà
http://www.wikidata.org/entity/Q1122537,
http://www.wikidata.org/entity/Q1131263,Incoronazione della Vergine
http://www.wikidata.org/entity/Q1132479,
http://www.wikidata.org/entity/Q1132486,
http://www.wikidata.org/entity/Q1134060,Susanna e i vecchioni
http://www.wikidata.org/entity/Q1195035,
http://www.wikidata.org/entity/Q1212920,flagellazione di Gesù
http://www.wikidata.org/entity/Q1215809,Madonna col Bambino
http://www.wikidata.org/entity/Q1217187,allegoria
http://www.wikidata.org/entity/Q1237596,
http://www.wikidata.org/entity/Q1240092,papa Innocenzo X
http://www.wikidata.org/entity/Q1328065,
http://www.wikidata.org/entity/Q1448203,conversione di Paolo
http://www.wikidata.org/entity/Q1448701,
http://www.wikidata.org/entity/Q1460271,papa Paolo V
http://www.wikidata.org/entity/Q1751408,Sacra conversazione
http://www.wikidata.org/entity/Q1761496,Sacra conversazione
http://www.wikidata.org/entity/Q1762826,Madonna col Bambino
http://www.wikidata.org/entity/Q1863885,Mosè e le figlie di Ietro
http://www.wikidata.org/entity/Q1899740,Assunzione di Maria
http://www.wikidata.org/entity/Q2011510,Bacco
http://www.wikidata.org/entity/Q2016193,maestà
http://www.wikidata.org/entity/Q2030685,sposalizio della Vergine
http://www.wikidata.org/entity/Q2035209,Madonna col Bambino
http://www.wikidata.org/entity/Q2045726,battaglia di Anghiari
http://www.wikidata.org/entity/Q2066739,Sacra conversazione
http://www.wikidata.org/entity/Q2092566,Tobia e l'angelo
http://www.wikidata.org/entity/Q2097931,cena di Emmaus
http://www.wikidata.org/entity/Q2247307,
http://www.wikidata.org/entity/Q2264942,flagellazione di Gesù
http://www.wikidata.org/entity/Q2267509,
http://www.wikidata.org/entity/Q2268013,Madonna col Bambino
http://www.wikidata.org/entity/Q2269291,Madonna col Bambino
http://www.wikidata.org/entity/Q2269585,Madonna col Bambino
http://www.wikidata.org/entity/Q2270291,
http://www.wikidata.org/entity/Q2273517,conversione di Paolo
http://www.wikidata.org/entity/Q2275353,Francesco d'Assisi
http://www.wikidata.org/entity/Q2275371,Francesco d'Assisi
http://www.wikidata.org/entity/Q2277635,risurrezione di Lazzaro
http://www.wikidata.org/entity/Q2284829,Sacrificio di Isacco
http://www.wikidata.org/entity/Q2293905,Medusa
http://www.wikidata.org/entity/Q2293936,Caravaggio
http://www.wikidata.org/entity/Q2325834,Ecce Homo
http://www.wikidata.org/entity/Q2327715,adorazione dei pastori
http://www.wikidata.org/entity/Q2337873,
http://www.wikidata.org/entity/Q2338404,musicista
http://www.wikidata.org/entity/Q2338417,
http://www.wikidata.org/entity/Q2343939,san Sebastiano
http://www.wikidata.org/entity/Q2405771,donna giovane
http://www.wikidata.org/entity/Q2426058,
http://www.wikidata.org/entity/Q2448678,strage degli innocenti
http://www.wikidata.org/entity/Q2459887,Date a Cesare quello che è di Cesare e a Dio quello che è di Dio
http://www.wikidata.org/entity/Q2470123,Giuditta e Oloferne
http://www.wikidata.org/entity/Q2472983,Ultima cena
http://www.wikidata.org/entity/Q2515309,Agnolo Doni
http://www.wikidata.org/entity/Q2551625,Madonna col Bambino
http://www.wikidata.org/entity/Q2610729,papa Leone X
http://www.wikidata.org/entity/Q2610936,Mario Minniti
http://www.wikidata.org/entity/Q2626595,Opera di misericordia
http://www.wikidata.org/entity/Q2627056,Davide con la testa di Golia
http://www.wikidata.org/entity/Q2629715,uomo
http://www.wikidata.org/entity/Q2635552,papa Paolo III
http://www.wikidata.org/entity/Q2665840,Pietà
http://www.wikidata.org/entity/Q2713203,Madonna col Bambino
http://www.wikidata.org/entity/Q2713823,giovane uomo
http://www.wikidata.org/entity/Q2714237,Annunciazione
http://www.wikidata.org/entity/Q2715177,Sofronio Eusebio Girolamo
http://www.wikidata.org/entity/Q2715302,Metterza
http://www.wikidata.org/entity/Q2717478,Madonna col Bambino
http://www.wikidata.org/entity/Q2732274,Maddalena penitente
http://www.wikidata.org/entity/Q2734111,papa Urbano VIII
http://www.wikidata.org/entity/Q2866382,Ascensione di Gesù
http://www.wikidata.org/entity/Q2872721,Jacques-Louis David
http://www.wikidata.org/entity/Q2920183,Annunciazione
http://www.wikidata.org/entity/Q2929922,
http://www.wikidata.org/entity/Q3044873,deposizione di Gesù
http://www.wikidata.org/entity/Q3185885,
http://www.wikidata.org/entity/Q3201479,Adorazione dei Magi
http://www.wikidata.org/entity/Q3207247,lanciere
http://www.wikidata.org/entity/Q3207678,Compianto sul Cristo morto
http://www.wikidata.org/entity/Q3207989,crocifissione di Gesù
http://www.wikidata.org/entity/Q3210267,Madonna col Bambino
http://www.wikidata.org/entity/Q3213773,Madonna col Bambino
http://www.wikidata.org/entity/Q3213778,Madonna col Bambino
http://www.wikidata.org/entity/Q3213801,Madonna col Bambino
http://www.wikidata.org/entity/Q3220282,battesimo di Gesù
http://www.wikidata.org/entity/Q3223625,Giovanni Battista
http://www.wikidata.org/entity/Q3276171,Madonna col Bambino
http://www.wikidata.org/entity/Q3276168,
http://www.wikidata.org/entity/Q3276180,Madonna col Bambino
http://www.wikidata.org/entity/Q3399438,Giuliano de' Medici
http://www.wikidata.org/entity/Q3463871,
http://www.wikidata.org/entity/Q3464027,Pietro
http://www.wikidata.org/entity/Q3471589,Paolo di Tarso
http://www.wikidata.org/entity/Q3472935,
http://www.wikidata.org/entity/Q3495790,Salomè con la testa del Battista
http://www.wikidata.org/entity/Q3605530,Adorazione dei Magi
http://www.wikidata.org/entity/Q3605532,Adorazione dei Magi
http://www.wikidata.org/entity/Q3605568,nascita di Gesù
http://www.wikidata.org/entity/Q3618188,Annunciazione
http://www.wikidata.org/entity/Q3620766,
http://www.wikidata.org/entity/Q3620765,
http://www.wikidata.org/entity/Q3623738,
http://www.wikidata.org/entity/Q3625842,Cosimo I de' Medici
http://www.wikidata.org/entity/Q3627401,Assunzione di Maria
http://www.wikidata.org/entity/Q3630726,Hans Holbein il Giovane
http://www.wikidata.org/entity/Q3636748,battesimo di Gesù
http://www.wikidata.org/entity/Q3639064,
http://www.wikidata.org/entity/Q3642142,papa Bonifacio VIII
http://www.wikidata.org/entity/Q3650885,
http://www.wikidata.org/entity/Q3685501,Comunione degli Apostoli
http://www.wikidata.org/entity/Q3686814,
http://www.wikidata.org/entity/Q3697588,Cristo alla colonna
http://www.wikidata.org/entity/Q3697602,Imago pietatis
http://www.wikidata.org/entity/Q3697640,Gesù; Risurrezione di Gesù
http://www.wikidata.org/entity/Q3698182,crocifissione di Gesù
http://www.wikidata.org/entity/Q3698204,crocifissione di Gesù
http://www.wikidata.org/entity/Q3704794,
http://www.wikidata.org/entity/Q3706331,
http://www.wikidata.org/entity/Q3709306,
http://www.wikidata.org/entity/Q3711898,crocifissione di Gesù
http://www.wikidata.org/entity/Q3714445,
http://www.wikidata.org/entity/Q3725199,
http://www.wikidata.org/entity/Q3725832,Enrico IV di Franconia; battaglia di Ivry
http://www.wikidata.org/entity/Q3731103,
http://www.wikidata.org/entity/Q3732905,Sofronio Eusebio Girolamo
http://www.wikidata.org/entity/Q3740793,
http://www.wikidata.org/entity/Q3743879,
http://www.wikidata.org/entity/Q3747239,
http://www.wikidata.org/entity/Q3752350,
http://www.wikidata.org/entity/Q3752977,arti liberali
http://www.wikidata.org/entity/Q3766168,Arresto di Gesù
http://www.wikidata.org/entity/Q3769202,
http://www.wikidata.org/entity/Q3771679,Giuseppe
http://www.wikidata.org/entity/Q3771746,equità
http://www.wikidata.org/entity/Q3771749,Zaleuco di Locri
http://www.wikidata.org/entity/Q3775535,crocifissione di Gesù
http://www.wikidata.org/entity/Q3778382,Cosma e Damiano; Giustiniano; guarigione
http://www.wikidata.org/entity/Q3784247,donna
http://www.wikidata.org/entity/Q3784272,Giovanni di Cosimo I de' Medici
http://www.wikidata.org/entity/Q3797482,vedetta
http://www.wikidata.org/entity/Q3817178,
http://www.wikidata.org/entity/Q3821139,
http://www.wikidata.org/entity/Q3821405,
http://www.wikidata.org/entity/Q3823990,
http://www.wikidata.org/entity/Q3831651,
http://www.wikidata.org/entity/Q3834971,ira
http://www.wikidata.org/entity/Q3842412,Madonna col Bambino
http://www.wikidata.org/entity/Q3842413,Madonna col Bambino
http://www.wikidata.org/entity/Q3842424,Madonna col Bambino
http://www.wikidata.org/entity/Q3842438,Sacra conversazione
http://www.wikidata.org/entity/Q3842439,Madonna col Bambino
http://www.wikidata.org/entity/Q3842472,Madonna col Bambino
http://www.wikidata.org/entity/Q3842484,Madonna col Bambino
http://www.wikidata.org/entity/Q3842522,Madonna col Bambino
http://www.wikidata.org/entity/Q3842521,Madonna col Bambino
http://www.wikidata.org/entity/Q3842530,Sacra conversazione
http://www.wikidata.org/entity/Q3842533,Madonna col Bambino
http://www.wikidata.org/entity/Q3842543,Madonna col Bambino
http://www.wikidata.org/entity/Q3842575,Sacra conversazione
http://www.wikidata.org/entity/Q3842577,Madonna col Bambino
http://www.wikidata.org/entity/Q3842594,Sacra conversazione
http://www.wikidata.org/entity/Q3842673,Maria; Madonna col Bambino
http://www.wikidata.org/entity/Q3842700,
http://www.wikidata.org/entity/Q3842706,Madonna col Bambino
http://www.wikidata.org/entity/Q3842713,Madonna col Bambino
http://www.wikidata.org/entity/Q3842725,Madonna col Bambino
http://www.wikidata.org/entity/Q3862624,
http://www.wikidata.org/entity/Q3863247,
http://www.wikidata.org/entity/Q3873244,Vita della Vergine; nascita di Maria
http://www.wikidata.org/entity/Q3877894,Noli me tangere
http://www.wikidata.org/entity/Q3879242,nudo artistico
http://www.wikidata.org/entity/Q3884948,orazione nell'orto
http://www.wikidata.org/entity/Q3885620,
http://www.wikidata.org/entity/Q3889195,Sacra conversazione
http://www.wikidata.org/entity/Q3889203,Sacra conversazione
http://www.wikidata.org/entity/Q3889211,Sacra conversazione
http://www.wikidata.org/entity/Q3889220,
http://www.wikidata.org/entity/Q3889229,Sacra conversazione
http://www.wikidata.org/entity/Q3889247,
http://www.wikidata.org/entity/Q3889254,Sacra conversazione; Madonna col Bambino
http://www.wikidata.org/entity/Q3889255,Sacra conversazione
http://www.wikidata.org/entity/Q3889253,Incoronazione della Vergine
http://www.wikidata.org/entity/Q3904392,Pietà
http://www.wikidata.org/entity/Q3904398,Pietà
http://www.wikidata.org/entity/Q3907344,
http://www.wikidata.org/entity/Q3907497,
http://www.wikidata.org/entity/Q3908184,
http://www.wikidata.org/entity/Q3910087,
http://www.wikidata.org/entity/Q3910913,Presentazione al Tempio
http://www.wikidata.org/entity/Q3921705,neve
http://www.wikidata.org/entity/Q3921912,
http://www.wikidata.org/entity/Q3924389,
http://www.wikidata.org/entity/Q3925592,
http://www.wikidata.org/entity/Q3937080,
http://www.wikidata.org/entity/Q3937438,Bernardo de' Rossi
http://www.wikidata.org/entity/Q3937502,Cosimo de' Medici
http://www.wikidata.org/entity/Q3937511,Eleonora Gonzaga della Rovere
http://www.wikidata.org/entity/Q3937547,
http://www.wikidata.org/entity/Q3937553,Giulia Varano
http://www.wikidata.org/entity/Q3937561,Giulio Clovio
http://www.wikidata.org/entity/Q3937569,Ippolito de' Medici
http://www.wikidata.org/entity/Q3937598,donna
http://www.wikidata.org/entity/Q3937634,Mosè Bianchi
http://www.wikidata.org/entity/Q3937643,papa Paolo III
http://www.wikidata.org/entity/Q3944499,Sacra Famiglia
http://www.wikidata.org/entity/Q3944515,Sacra conversazione
http://www.wikidata.org/entity/Q3945254,
http://www.wikidata.org/entity/Q3945710,Salomè con la testa del Battista
http://www.wikidata.org/entity/Q3946910,San Cristoforo
http://www.wikidata.org/entity/Q3947013,Domenico di Guzmán
http://www.wikidata.org/entity/Q3947064,
http://www.wikidata.org/entity/Q3947210,san Giorgio e il drago
http://www.wikidata.org/entity/Q3947211,san Giorgio e il drago
http://www.wikidata.org/entity/Q3947277,
http://www.wikidata.org/entity/Q3947281,San Giovannino
http://www.wikidata.org/entity/Q3947288,San Girolamo nel deserto
http://www.wikidata.org/entity/Q3947375,
http://www.wikidata.org/entity/Q3947504,
http://www.wikidata.org/entity/Q3947687,Michele
http://www.wikidata.org/entity/Q3947723,
http://www.wikidata.org/entity/Q3947812,
http://www.wikidata.org/entity/Q3948034,
http://www.wikidata.org/entity/Q3948651,
http://www.wikidata.org/entity/Q3948701,Andrea
http://www.wikidata.org/entity/Q3949208,santa Monica
http://www.wikidata.org/entity/Q3949310,
http://www.wikidata.org/entity/Q3949373,
http://www.wikidata.org/entity/Q3949458,
http://www.wikidata.org/entity/Q3949459,
http://www.wikidata.org/entity/Q3954057,
http://www.wikidata.org/entity/Q3967206,sposalizio della Vergine
http://www.wikidata.org/entity/Q3973584,Stimmate di San Francesco
http://www.wikidata.org/entity/Q3974449,
http://www.wikidata.org/entity/Q3979950,Marco; Pietro; Giovanni Battista; Giovanni; maestà
http://www.wikidata.org/entity/Q3979952,Madonna col Bambino
http://www.wikidata.org/entity/Q3979961,
http://www.wikidata.org/entity/Q3981174,Tarquinio il Superbo; Tempio di Giove Ottimo Massimo
http://www.wikidata.org/entity/Q3982379,
http://www.wikidata.org/entity/Q3983114,
http://www.wikidata.org/entity/Q3984830,
http://www.wikidata.org/entity/Q3985169,Gesù
http://www.wikidata.org/entity/Q3985186,
http://www.wikidata.org/entity/Q3985472,
http://www.wikidata.org/entity/Q3992111,Tobia e l'angelo
http://www.wikidata.org/entity/Q3994163,
http://www.wikidata.org/entity/Q3997723,trasfigurazione di Gesù
http://www.wikidata.org/entity/Q3998940,
http://www.wikidata.org/entity/Q3999094,Madonna del Latte
http://www.wikidata.org/entity/Q3999095,Sacra conversazione; Madonna col Bambino
http://www.wikidata.org/entity/Q4006302,
http://www.wikidata.org/entity/Q4010476,
http://www.wikidata.org/entity/Q4010941,viaggio dei Magi
http://www.wikidata.org/entity/Q4014547,
http://www.wikidata.org/entity/Q4015931,
http://www.wikidata.org/entity/Q4015932,Chiamata di Matteo
http://www.wikidata.org/entity/Q5659648,espulsione di Agar e Ismaele
http://www.wikidata.org/entity/Q5954551,Giudizio di Paride
http://www.wikidata.org/entity/Q6696013,Leonardo da Vinci
http://www.wikidata.org/entity/Q7232252,Andrea Doria
http://www.wikidata.org/entity/Q7232287,Lavinia Vecellio
http://www.wikidata.org/entity/Q7232305,Pietro Aretino
http://www.wikidata.org/entity/Q7401416,San Girolamo nel deserto
http://www.wikidata.org/entity/Q7401482,
http://www.wikidata.org/entity/Q7720644,
http://www.wikidata.org/entity/Q7750471,
http://www.wikidata.org/entity/Q7885787,
http://www.wikidata.org/entity/Q7920573,
http://www.wikidata.org/entity/Q9387722,caduta della manna
http://www.wikidata.org/entity/Q11694943,
http://www.wikidata.org/entity/Q11753618,Leda e il cigno
http://www.wikidata.org/entity/Q11769022,Maria Maddalena
http://www.wikidata.org/entity/Q12172990,ragazzo
http://www.wikidata.org/entity/Q15008032,
http://www.wikidata.org/entity/Q15157527,
http://www.wikidata.org/entity/Q15974347,
http://www.wikidata.org/entity/Q15982437,
http://www.wikidata.org/entity/Q16167039,
http://www.wikidata.org/entity/Q16467999,Gabriel de Luetz
http://www.wikidata.org/entity/Q16536592,
http://www.wikidata.org/entity/Q16543332,Compianto sul Cristo morto
http://www.wikidata.org/entity/Q16549203,deposizione di Gesù
http://www.wikidata.org/entity/Q16564738,battesimo di Gesù
http://www.wikidata.org/entity/Q16573223,
http://www.wikidata.org/entity/Q16574865,Maria; Madonna col Bambino
http://www.wikidata.org/entity/Q16585848,Sacra conversazione
http://www.wikidata.org/entity/Q16585871,
http://www.wikidata.org/entity/Q16596967,
http://www.wikidata.org/entity/Q16608187,sposalizio mistico di santa Caterina
http://www.wikidata.org/entity/Q16620779,Madonna col Bambino
http://www.wikidata.org/entity/Q16621939,Stimmate di San Francesco
http://www.wikidata.org/entity/Q17638342,
http://www.wikidata.org/entity/Q17652075,Sacra Famiglia
http://www.wikidata.org/entity/Q18226128,Rembrandt
http://www.wikidata.org/entity/Q18385026,
http://www.wikidata.org/entity/Q18578019,
http://www.wikidata.org/entity/Q18688370,papa Urbano VIII
http://www.wikidata.org/entity/Q19060568,Ferdinando I delle Due Sicilie
http://www.wikidata.org/entity/Q19060621,Ferdinando I delle Due Sicilie
http://www.wikidata.org/entity/Q19361572,Élisabeth Vigée Le Brun
http://www.wikidata.org/entity/Q19390001,Lavinia Fontana
http://www.wikidata.org/entity/Q19516146,papa Giulio II
http://www.wikidata.org/entity/Q19660300,
http://www.wikidata.org/entity/Q19681559,
http://www.wikidata.org/entity/Q19681664,
http://www.wikidata.org/entity/Q19686409,
http://www.wikidata.org/entity/Q19686414,
http://www.wikidata.org/entity/Q19882485,papa Urbano VIII
http://www.wikidata.org/entity/Q19947640,Cesare Borgia
http://www.wikidata.org/entity/Q19966565,Gesù
http://www.wikidata.org/entity/Q19966606,sposalizio della Vergine
http://www.wikidata.org/entity/Q19966608,nozze mistiche di Santa Caterina d'Alessandria
http://www.wikidata.org/entity/Q20092785,Sofronio Eusebio Girolamo
http://www.wikidata.org/entity/Q20744065,Niccolò Musso
http://www.wikidata.org/entity/Q20744144,
http://www.wikidata.org/entity/Q20744173,
http://www.wikidata.org/entity/Q20991673,Biagio Bellotti
http://www.wikidata.org/entity/Q21121896,
http://www.wikidata.org/entity/Q21192549,
http://www.wikidata.org/entity/Q21666329,crocifissione di Gesù; strage degli innocenti
http://www.wikidata.org/entity/Q22917444,
http://www.wikidata.org/entity/Q22931136,Peder Severin Krøyer
http://www.wikidata.org/entity/Q22949398,
http://www.wikidata.org/entity/Q22949778,
http://www.wikidata.org/entity/Q22949827,
http://www.wikidata.org/entity/Q22958240,
http://www.wikidata.org/entity/Q23006207,
http://www.wikidata.org/entity/Q23305501,Giovanni Battista Salvi
http://www.wikidata.org/entity/Q24050695,
http://www.wikidata.org/entity/Q24090610,
http://www.wikidata.org/entity/Q24090614,
http://www.wikidata.org/entity/Q24091047,
http://www.wikidata.org/entity/Q24091066,
http://www.wikidata.org/entity/Q24091089,
http://www.wikidata.org/entity/Q24091112,
http://www.wikidata.org/entity/Q24325684,
http://www.wikidata.org/entity/Q24933808,Benedetto da Norcia
http://www.wikidata.org/entity/Q24938224,
http://www.wikidata.org/entity/Q24939660,
http://www.wikidata.org/entity/Q24939839,
http://www.wikidata.org/entity/Q24939843,
http://www.wikidata.org/entity/Q24939884,
http://www.wikidata.org/entity/Q24940870,
http://www.wikidata.org/entity/Q25388274,
http://www.wikidata.org/entity/Q25410292,
http://www.wikidata.org/entity/Q25410567,
http://www.wikidata.org/entity/Q25444052,Visitazione della Beata Vergine Maria
http://www.wikidata.org/entity/Q26256901,battesimo di Gesù
http://www.wikidata.org/entity/Q26488380,
http://www.wikidata.org/entity/Q27504416,
http://www.wikidata.org/entity/Q27507068,
http://www.wikidata.org/entity/Q27650796,
http://www.wikidata.org/entity/Q27664456,
http://www.wikidata.org/entity/Q27827425,primavera
http://www.wikidata.org/entity/Q27830737,estate
http://www.wikidata.org/entity/Q27948860,Alessandro Manzoni
http://www.wikidata.org/entity/Q27955751,Sacra Famiglia
http://www.wikidata.org/entity/Q28093447,Eneide
http://www.wikidata.org/entity/Q28113318,Stefano Colonna di Palestrina
http://www.wikidata.org/entity/Q28113316,Beatrice Cenci
http://www.wikidata.org/entity/Q28147005,Risurrezione di Gesù
http://www.wikidata.org/entity/Q58185294,Luigi Tosi
http://www.wikidata.org/entity/Q58231270,
http://www.wikidata.org/entity/Q58480176,
http://www.wikidata.org/entity/Q58956093,Incoronazione della Vergine
http://www.wikidata.org/entity/Q59185173,deposizione di Gesù
http://www.wikidata.org/entity/Q59185398,
http://www.wikidata.org/entity/Q59442235,
http://www.wikidata.org/entity/Q59914107,
http://www.wikidata.org/entity/Q60838300,
http://www.wikidata.org/entity/Q61767320,Annunciazione
http://www.wikidata.org/entity/Q61816747,
http://www.wikidata.org/entity/Q62014629,
http://www.wikidata.org/entity/Q62272761,
http://www.wikidata.org/entity/Q62476202,Napoleone III di Francia
http://www.wikidata.org/entity/Q63476058,Risurrezione di Gesù
http://www.wikidata.org/entity/Q63994924,conversione di Paolo
http://www.wikidata.org/entity/Q63995247,
http://www.wikidata.org/entity/Q64766792,Alessandro Farnese il Giovane
http://www.wikidata.org/entity/Q65610116,
http://www.wikidata.org/entity/Q66098687,flagellazione di Gesù
http://www.wikidata.org/entity/Q67203105,
http://www.wikidata.org/entity/Q67203111,
http://www.wikidata.org/entity/Q68704168,
http://www.wikidata.org/entity/Q69658139,papa Clemente VII
http://www.wikidata.org/entity/Q69859246,Diego Martelli
http://www.wikidata.org/entity/Q71126799,sepoltura di Gesù
http://www.wikidata.org/entity/Q74717988,Cristo porta la croce
http://www.wikidata.org/entity/Q77310161,Madonna col Bambino
http://www.wikidata.org/entity/Q78330040,Caterina Sforza
http://www.wikidata.org/entity/Q78756742,Assunzione di Maria
http://www.wikidata.org/entity/Q78783346,
http://www.wikidata.org/entity/Q78799218,
http://www.wikidata.org/entity/Q78910398,san Rocco
http://www.wikidata.org/entity/Q79020756,
http://www.wikidata.org/entity/Q79021384,Sacrificio di Isacco
http://www.wikidata.org/entity/Q79021962,
http://www.wikidata.org/entity/Q79022279,
http://www.wikidata.org/entity/Q79022528,
http://www.wikidata.org/entity/Q79022983,
http://www.wikidata.org/entity/Q79023210,
http://www.wikidata.org/entity/Q79023501,
http://www.wikidata.org/entity/Q79024384,moltiplicazione dei pani e dei pesci
http://www.wikidata.org/entity/Q79024730,
http://www.wikidata.org/entity/Q79025062,
http://www.wikidata.org/entity/Q79026167,Agar
http://www.wikidata.org/entity/Q79151177,Eugenia de Montijo
http://www.wikidata.org/entity/Q79859145,papa Alessandro VI
http://www.wikidata.org/entity/Q80824471,Tito Vespasiano Strozzi
http://www.wikidata.org/entity/Q81089309,Compianto sul Cristo morto
http://www.wikidata.org/entity/Q86674601,Davide e Golia
http://www.wikidata.org/entity/Q87469267,Annunciazione
http://www.wikidata.org/entity/Q88164010,
http://www.wikidata.org/entity/Q88416397,crocifissione di Gesù
http://www.wikidata.org/entity/Q88961191,
http://www.wikidata.org/entity/Q89034154,
http://www.wikidata.org/entity/Q89035643,
http://www.wikidata.org/entity/Q89039593,
http://www.wikidata.org/entity/Q89697566,
http://www.wikidata.org/entity/Q90291195,
http://www.wikidata.org/entity/Q93520523,Riposo durante la fuga in Egitto
http://www.wikidata.org/entity/Q93631317,flagellazione di Gesù
http://www.wikidata.org/entity/Q94634547,
http://www.wikidata.org/entity/Q94636244,
http://www.wikidata.org/entity/Q96025421,
http://www.wikidata.org/entity/Q96192148,
http://www.wikidata.org/entity/Q97065805,Vespasiano I Gonzaga
http://www.wikidata.org/entity/Q97378803,
http://www.wikidata.org/entity/Q97463134,
http://www.wikidata.org/entity/Q97669288,
http://www.wikidata.org/entity/Q97669846,
http://www.wikidata.org/entity/Q97933450,Ainolfo de Bardi
http://www.wikidata.org/entity/Q98108204,
http://www.wikidata.org/entity/Q98449585,Immacolata Concezione
http://www.wikidata.org/entity/Q98545387,
http://www.wikidata.org/entity/Q98557614,
http://www.wikidata.org/entity/Q98684801,
http://www.wikidata.org/entity/Q98925578,
http://www.wikidata.org/entity/Q98925663,Teresa Miramonti
http://www.wikidata.org/entity/Q99323182,
http://www.wikidata.org/entity/Q99937752,
http://www.wikidata.org/entity/Q100273549,papa Pio VIII
http://www.wikidata.org/entity/Q100502707,papa Pio VIII
http://www.wikidata.org/entity/Q101853163,anime del Purgatorio
http://www.wikidata.org/entity/Q101984696,deposizione di Gesù
http://www.wikidata.org/entity/Q103823905,Caterina d'Alessandria
http://www.wikidata.org/entity/Q103847443,Madonna col Bambino
http://www.wikidata.org/entity/Q103884105,Leopoldo de' Medici
http://www.wikidata.org/entity/Q104117302,
http://www.wikidata.org/entity/Q104832804,Dormizione di Maria
http://www.wikidata.org/entity/Q104902739,
http://www.wikidata.org/entity/Q104963266,
http://www.wikidata.org/entity/Q104966980,preghiera
http://www.wikidata.org/entity/Q104999859,
http://www.wikidata.org/entity/Q105001687,Valenza Gradenigo
http://www.wikidata.org/entity/Q105001950,
http://www.wikidata.org/entity/Q105002330,Gianpiero Carlo Cantoni
http://www.wikidata.org/entity/Q105005172,
http://www.wikidata.org/entity/Q105009573,
http://www.wikidata.org/entity/Q105010125,
http://www.wikidata.org/entity/Q105010402,
http://www.wikidata.org/entity/Q105025725,
http://www.wikidata.org/entity/Q105070687,
http://www.wikidata.org/entity/Q105070700,
http://www.wikidata.org/entity/Q105070713,
http://www.wikidata.org/entity/Q105544193,
http://www.wikidata.org/entity/Q105754329,Leonardo Loredan
http://www.wikidata.org/entity/Q105760555,groppo
http://www.wikidata.org/entity/Q105773240,Alessandro Farnese il Giovane
http://www.wikidata.org/entity/Q105882065,
http://www.wikidata.org/entity/Q105906293,
http://www.wikidata.org/entity/Q105942793,
http://www.wikidata.org/entity/Q105942808,
http://www.wikidata.org/entity/Q106172341,Sophie Regnault
http://www.wikidata.org/entity/Q106547526,
http://www.wikidata.org/entity/Q106570155,Antoine-Denis Chaudet
http://www.wikidata.org/entity/Q106575251,
http://www.wikidata.org/entity/Q106649932,Carlo V d'Asburgo
http://www.wikidata.org/entity/Q106684238,papa Paolo III
http://www.wikidata.org/entity/Q106766906,Pietro Bembo
http://www.wikidata.org/entity/Q106766907,Maddalena penitente
http://www.wikidata.org/entity/Q106857023,
http://www.wikidata.org/entity/Q106863540,Alfonso I d'Este
http://www.wikidata.org/entity/Q107132227,"John Churchill, I duca di Marlborough"
http://www.wikidata.org/entity/Q107171794,
http://www.wikidata.org/entity/Q107254346,Charles de La Fosse
http://www.wikidata.org/entity/Q107273576,papa Leone X
http://www.wikidata.org/entity/Q107311733,
http://www.wikidata.org/entity/Q107440131,elevazione della Croce
http://www.wikidata.org/entity/Q107467842,
http://www.wikidata.org/entity/Q107496570,Gioachino Rossini
http://www.wikidata.org/entity/Q107522400,
http://www.wikidata.org/entity/Q107548658,
http://www.wikidata.org/entity/Q107720702,donna
http://www.wikidata.org/entity/Q108123187,età dell'oro
http://www.wikidata.org/entity/Q108123188,Età dell'argento
http://www.wikidata.org/entity/Q108292260,Isabella de' Medici
http://www.wikidata.org/entity/Q108314527,Braccio di Bartolo
http://www.wikidata.org/entity/Q108321038,
http://www.wikidata.org/entity/Q108321039,
http://www.wikidata.org/entity/Q108335985,Pietro Aretino
http://www.wikidata.org/entity/Q108584832,Adorazione dei Magi
http://www.wikidata.org/entity/Q108783372,
http://www.wikidata.org/entity/Q108799898,Madonna col Bambino
http://www.wikidata.org/entity/Q108816249,Annunciazione
http://www.wikidata.org/entity/Q108873567,
http://www.wikidata.org/entity/Q108900483,
http://www.wikidata.org/entity/Q108917715,
http://www.wikidata.org/entity/Q108917736,
http://www.wikidata.org/entity/Q108921968,Gabriele Ferretti
http://www.wikidata.org/entity/Q108922744,Antonio Maria Cadolini
http://www.wikidata.org/entity/Q109798688,
http://www.wikidata.org/entity/Q109913006,Armand-Jean du Plessis de Richelieu
http://www.wikidata.org/entity/Q109913050,Sacra Famiglia
http://www.wikidata.org/entity/Q109914012,Giuseppe Amisani
http://www.wikidata.org/entity/Q109928591,Sacra Famiglia
http://www.wikidata.org/entity/Q109937746,colazione
http://www.wikidata.org/entity/Q110009768,
http://www.wikidata.org/entity/Q110015681,Giovanni Battista
http://www.wikidata.org/entity/Q110039871,
http://www.wikidata.org/entity/Q110062892,ragazzo
http://www.wikidata.org/entity/Q110227186,Eneide
http://www.wikidata.org/entity/Q110312698,Eneide
http://www.wikidata.org/entity/Q110382981,Eneide
http://www.wikidata.org/entity/Q110384990,
http://www.wikidata.org/entity/Q110546796,
http://www.wikidata.org/entity/Q110619157,Clara
http://www.wikidata.org/entity/Q110626569,Eneide
http://www.wikidata.org/entity/Q110634767,Eneide
http://www.wikidata.org/entity/Q110681237,
http://www.wikidata.org/entity/Q110714745,Imago pietatis
http://www.wikidata.org/entity/Q110770118,Flora
http://www.wikidata.org/entity/Q110865329,Eneide; Morte di Didone
http://www.wikidata.org/entity/Q110866078,Eneide
http://www.wikidata.org/entity/Q110867847,Eneide
http://www.wikidata.org/entity/Q110868028,Eneide
http://www.wikidata.org/entity/Q110868273,Eneide
http://www.wikidata.org/entity/Q110872609,Eneide
http://www.wikidata.org/entity/Q110872935,
http://www.wikidata.org/entity/Q110884929,donna
http://www.wikidata.org/entity/Q110907328,Papa Giovanni Paolo II
http://www.wikidata.org/entity/Q110907797,Luigi XIV di Francia
http://www.wikidata.org/entity/Q111041574,Incoronazione della Vergine
http://www.wikidata.org/entity/Q111042707,
http://www.wikidata.org/entity/Q111159651,Elisa Bonaparte Baciocchi
http://www.wikidata.org/entity/Q111160508,Felice Baciocchi
http://www.wikidata.org/entity/Q111255373,Elena del Montenegro
http://www.wikidata.org/entity/Q111255770,Vittorio Emanuele III di Savoia
http://www.wikidata.org/entity/Q111256129,
http://www.wikidata.org/entity/Q111257029,
http://www.wikidata.org/entity/Q111308504,
http://www.wikidata.org/entity/Q111485530,
http://www.wikidata.org/entity/Q111485979,martirio
http://www.wikidata.org/entity/Q111486358,
http://www.wikidata.org/entity/Q111486756,
http://www.wikidata.org/entity/Q111486805,
http://www.wikidata.org/entity/Q111486873,
http://www.wikidata.org/entity/Q111508542,Madonna col Bambino
http://www.wikidata.org/entity/Q111509018,Adorazione dei Magi
http://www.wikidata.org/entity/Q111512548,Giuseppe Candiani
http://www.wikidata.org/entity/Q111577849,Pigmalione e Galatea
http://www.wikidata.org/entity/Q117427024,
http://www.wikidata.org/entity/Q117428285,
http://www.wikidata.org/entity/Q117428543,Sacrificio di Isacco
http://www.wikidata.org/entity/Q117428772,
http://www.wikidata.org/entity/Q117430308,
http://www.wikidata.org/entity/Q117430437,Pietà
http://www.wikidata.org/entity/Q117447676,Agostino d'Ippona
http://www.wikidata.org/entity/Q117470090,nascita di Gesù
http://www.wikidata.org/entity/Q117615645,papa Clemente IX
http://www.wikidata.org/entity/Q117708969,
http://www.wikidata.org/entity/Q117715996,
http://www.wikidata.org/entity/Q117753177,papa Benedetto XIII
http://www.wikidata.org/entity/Q117756937,
http://www.wikidata.org/entity/Q117797593,Albrecht Dürer
http://www.wikidata.org/entity/Q117803973,papa Benedetto XIV
http://www.wikidata.org/entity/Q117826019,
http://www.wikidata.org/entity/Q117832067,
http://www.wikidata.org/entity/Q117834449,
http://www.wikidata.org/entity/Q117834473,
http://www.wikidata.org/entity/Q117834509,
http://www.wikidata.org/entity/Q117834674,
http://www.wikidata.org/entity/Q117834758,
http://www.wikidata.org/entity/Q117834806,
http://www.wikidata.org/entity/Q117834885,
http://www.wikidata.org/entity/Q117848663,
http://www.wikidata.org/entity/Q117848759,
http://www.wikidata.org/entity/Q117848804,
http://www.wikidata.org/entity/Q117848843,
http://www.wikidata.org/entity/Q117848873,
http://www.wikidata.org/entity/Q117849453,
http://www.wikidata.org/entity/Q117849868,
http://www.wikidata.org/entity/Q117850467,
http://www.wikidata.org/entity/Q117949491,
http://www.wikidata.org/entity/Q117950829,
http://www.wikidata.org/entity/Q118121260,papa Paolo III
http://www.wikidata.org/entity/Q118138029,papa Clemente XIV
http://www.wikidata.org/entity/Q118140584,Alice Blanceflor Bildt
http://www.wikidata.org/entity/Q118273001,
http://www.wikidata.org/entity/Q118277328,Annunciazione
http://www.wikidata.org/entity/Q118287906,
http://www.wikidata.org/entity/Q118368958,
http://www.wikidata.org/entity/Q118383381,Augusto Bastianini
http://www.wikidata.org/entity/Q118383458,Augusto Bastianini
http://www.wikidata.org/entity/Q118384137,Filippo Corsini
http://www.wikidata.org/entity/Q118398891,Sofronio Eusebio Girolamo
http://www.wikidata.org/entity/Q118399101,
http://www.wikidata.org/entity/Q118522639,Compianto sul Cristo morto
http://www.wikidata.org/entity/Q118522898,
http://www.wikidata.org/entity/Q118590751,
http://www.wikidata.org/entity/Q118601577,
http://www.wikidata.org/entity/Q118605466,
http://www.wikidata.org/entity/Q118606399,
http://www.wikidata.org/entity/Q118611138,
http://www.wikidata.org/entity/Q118641092,
http://www.wikidata.org/entity/Q118675903,Sacra conversazione
http://www.wikidata.org/entity/Q118678052,conversione di Paolo
http://www.wikidata.org/entity/Q118680631,Madonna col Bambino
http://www.wikidata.org/entity/Q118724762,
http://www.wikidata.org/entity/Q118725088,
http://www.wikidata.org/entity/Q118725638,Presentazione al Tempio
http://www.wikidata.org/entity/Q118822913,
http://www.wikidata.org/entity/Q118835177,
http://www.wikidata.org/entity/Q118868275,Compianto sul Cristo morto
http://www.wikidata.org/entity/Q118869818,
http://www.wikidata.org/entity/Q118873919,
http://www.wikidata.org/entity/Q118898180,Madonna del Latte
http://www.wikidata.org/entity/Q118905108,
http://www.wikidata.org/entity/Q118978047,Michelangelo Buonarroti
http://www.wikidata.org/entity/Q119008888,Maria
http://www.wikidata.org/entity/Q119010849,Adorazione dei Magi
http://www.wikidata.org/entity/Q119157243,Filippo Strozzi il Vecchio
http://www.wikidata.org/entity/Q119164762,Lorenzo il Vecchio
http://www.wikidata.org/entity/Q119169372,Neri Corsini
http://www.wikidata.org/entity/Q119292565,Assunzione di Maria
http://www.wikidata.org/entity/Q119353076,Madonna col Bambino
http://www.wikidata.org/entity/Q119398059,Antonio Canova
http://www.wikidata.org/entity/Q119404568,
http://www.wikidata.org/entity/Q119406125,Elisabetta I d'Inghilterra
http://www.wikidata.org/entity/Q119443390,
http://www.wikidata.org/entity/Q119443609,
http://www.wikidata.org/entity/Q119493466,
http://www.wikidata.org/entity/Q119496040,Giovanni Maria Morandi
http://www.wikidata.org/entity/Q119574411,
http://www.wikidata.org/entity/Q119702756,papa Pio VII
http://www.wikidata.org/entity/Q119819515,
http://www.wikidata.org/entity/Q119846277,
http://www.wikidata.org/entity/Q120311223,
http://www.wikidata.org/entity/Q120317949,
http://www.wikidata.org/entity/Q120401056,Piero il Gottoso
http://www.wikidata.org/entity/Q120488471,
http://www.wikidata.org/entity/Q120488611,
http://www.wikidata.org/entity/Q120488851,
http://www.wikidata.org/entity/Q120489814,
http://www.wikidata.org/entity/Q120509133,
http://www.wikidata.org/entity/Q120509521,
http://www.wikidata.org/entity/Q120509789,
http://www.wikidata.org/entity/Q120598525,
http://www.wikidata.org/entity/Q120598716,San Marco
http://www.wikidata.org/entity/Q120763322,papa Giulio II
http://www.wikidata.org/entity/Q120766339,Alessandro Farnese il Giovane
http://www.wikidata.org/entity/Q111593419,ex monastero di San Zaccaria
http://www.wikidata.org/entity/Q111718624,papa Clemente IX
http://www.wikidata.org/entity/Q111738668,san Sebastiano
http://www.wikidata.org/entity/Q111803475,
http://www.wikidata.org/entity/Q111972094,fulmine
http://www.wikidata.org/entity/Q111976882,Sacra conversazione
http://www.wikidata.org/entity/Q112007402,papa Pio VII
http://www.wikidata.org/entity/Q112034219,
http://www.wikidata.org/entity/Q112034223,Andrea Appiani
http://www.wikidata.org/entity/Q112074870,
http://www.wikidata.org/entity/Q112075694,papa Paolo IV
http://www.wikidata.org/entity/Q112109956,L'incredulità di Tommaso
http://www.wikidata.org/entity/Q112110434,Carlo Alberto di Savoia
http://www.wikidata.org/entity/Q112122261,papa Pio IX
http://www.wikidata.org/entity/Q112125081,
http://www.wikidata.org/entity/Q112133371,
http://www.wikidata.org/entity/Q112133543,deposizione di Gesù
http://www.wikidata.org/entity/Q112228996,
http://www.wikidata.org/entity/Q112675085,Papa Benedetto XV
http://www.wikidata.org/entity/Q112798481,papa Clemente VIII
http://www.wikidata.org/entity/Q112958938,cane
http://www.wikidata.org/entity/Q113005931,papa Clemente XIII
http://www.wikidata.org/entity/Q113006398,deposizione di Gesù
http://www.wikidata.org/entity/Q113016417,papa Giulio III
http://www.wikidata.org/entity/Q113328601,Alice Regnault
http://www.wikidata.org/entity/Q113328821,papa Clemente XIII
http://www.wikidata.org/entity/Q113444533,Alice Regnault
http://www.wikidata.org/entity/Q113465655,Adamo
http://www.wikidata.org/entity/Q113465666,Eva
http://www.wikidata.org/entity/Q113550634,Cesare Dell'Acqua
http://www.wikidata.org/entity/Q113825024,Guidobaldo II della Rovere
http://www.wikidata.org/entity/Q113878786,Morte di Catone
http://www.wikidata.org/entity/Q113988555,Giuseppe Siri
http://www.wikidata.org/entity/Q114065222,papa Innocenzo IX
http://www.wikidata.org/entity/Q114241461,Jacques Bénigne Bossuet
http://www.wikidata.org/entity/Q114417179,
http://www.wikidata.org/entity/Q114417792,Sofronio Eusebio Girolamo
http://www.wikidata.org/entity/Q114601165,Tobia e l'angelo
http://www.wikidata.org/entity/Q114647508,Elisabetta di Sassonia
http://www.wikidata.org/entity/Q114647547,Leda e il cigno
http://www.wikidata.org/entity/Q114770904,Stimmate di San Francesco
http://www.wikidata.org/entity/Q114772679,Santa Palazia
http://www.wikidata.org/entity/Q114775095,Compianto sul Cristo morto
http://www.wikidata.org/entity/Q114793365,casa
http://www.wikidata.org/entity/Q114807998,
http://www.wikidata.org/entity/Q114811811,
http://www.wikidata.org/entity/Q114825983,Ancona
http://www.wikidata.org/entity/Q114857806,papa Leone X
http://www.wikidata.org/entity/Q114859027,papa Bonifacio VIII
http://www.wikidata.org/entity/Q114863216,
http://www.wikidata.org/entity/Q114869573,angelo custode
http://www.wikidata.org/entity/Q114937054,Cesare Nembrini Pironi Gonzaga
http://www.wikidata.org/entity/Q115041810,papa Pio VI
http://www.wikidata.org/entity/Q115067483,Madonna col Bambino
http://www.wikidata.org/entity/Q115102928,Giovanni Battista Caprara Montecuccoli
http://www.wikidata.org/entity/Q115110979,papa Pio V
http://www.wikidata.org/entity/Q115153302,Madonna col Bambino
http://www.wikidata.org/entity/Q115153353,
http://www.wikidata.org/entity/Q115192337,Caterina d'Alessandria
http://www.wikidata.org/entity/Q115193266,Verano di Cavaillon
http://www.wikidata.org/entity/Q115206624,Eneide
http://www.wikidata.org/entity/Q115249957,Immacolata Concezione
http://www.wikidata.org/entity/Q115326515,
http://www.wikidata.org/entity/Q115327275,papa Clemente IX
http://www.wikidata.org/entity/Q115329022,papa Clemente IX
http://www.wikidata.org/entity/Q115350433,papa Gregorio XVI
http://www.wikidata.org/entity/Q115363544,papa Leone X; papa Clemente VII; Innocenzo Cybo
http://www.wikidata.org/entity/Q115380883,papa Pio VIII
http://www.wikidata.org/entity/Q115382052,Stefano Tomani Amiani
http://www.wikidata.org/entity/Q115390601,papa Alessandro VII
http://www.wikidata.org/entity/Q115430770,papa Clemente X
http://www.wikidata.org/entity/Q115431741,Ippolito de' Medici
http://www.wikidata.org/entity/Q115434462,papa Clemente VII
http://www.wikidata.org/entity/Q115452504,crocifisso
http://www.wikidata.org/entity/Q115453601,papa Clemente VII
http://www.wikidata.org/entity/Q115456457,Cosimo I de' Medici
http://www.wikidata.org/entity/Q115470798,Carlo V d'Asburgo; papa Clemente VII
http://www.wikidata.org/entity/Q115484898,fondazione di Roma
http://www.wikidata.org/entity/Q115512129,fondazione di Roma
http://www.wikidata.org/entity/Q115522910,
http://www.wikidata.org/entity/Q115555506,fondazione di Roma
http://www.wikidata.org/entity/Q115589005,
http://www.wikidata.org/entity/Q115589179,
http://www.wikidata.org/entity/Q115652286,Adorazione dei Magi
http://www.wikidata.org/entity/Q115659447,Lorenzo de' Medici
http://www.wikidata.org/entity/Q115662781,papa Leone X
http://www.wikidata.org/entity/Q115669298,negromanzia
http://www.wikidata.org/entity/Q115680005,Madonna della Misericordia
http://www.wikidata.org/entity/Q115707472,Papa Giovanni XXIII
http://www.wikidata.org/entity/Q115727218,
http://www.wikidata.org/entity/Q115770576,papa Paolo III
http://www.wikidata.org/entity/Q115776591,Imago pietatis
http://www.wikidata.org/entity/Q115783769,Il trionfo di Bacco
http://www.wikidata.org/entity/Q115787659,papa Giulio II
http://www.wikidata.org/entity/Q115788237,Marianna Bigazzi
http://www.wikidata.org/entity/Q115789803,papa Paolo III
http://www.wikidata.org/entity/Q115796466,Assunzione di Maria
http://www.wikidata.org/entity/Q115798316,papa Giulio III
http://www.wikidata.org/entity/Q115821855,
http://www.wikidata.org/entity/Q115821974,
http://www.wikidata.org/entity/Q28229077,Madonna col Bambino
http://www.wikidata.org/entity/Q28466203,strage degli innocenti
http://www.wikidata.org/entity/Q28547106,ragazza
http://www.wikidata.org/entity/Q28668222,
http://www.wikidata.org/entity/Q28668544,Eleonora de' Medici
http://www.wikidata.org/entity/Q28798137,Adorazione dei Magi
http://www.wikidata.org/entity/Q28803486,mito di Icaro e Dedalo
http://www.wikidata.org/entity/Q28803484,Paola Adorno Brignole Sale
http://www.wikidata.org/entity/Q28803514,
http://www.wikidata.org/entity/Q28803759,Dio Padre
http://www.wikidata.org/entity/Q28803789,Giovanni Francesco II Brignole Sale
http://www.wikidata.org/entity/Q28809144,Olindo e Sofronia
http://www.wikidata.org/entity/Q28860726,
http://www.wikidata.org/entity/Q28952741,Gian Gerolamo Grumelli
http://www.wikidata.org/entity/Q29015025,Betsabea al bagno
http://www.wikidata.org/entity/Q29114098,Mamete di Cesarea
http://www.wikidata.org/entity/Q29654663,Paolo Morigia
http://www.wikidata.org/entity/Q29997042,
http://www.wikidata.org/entity/Q30031052,Innocente Salvini
http://www.wikidata.org/entity/Q30032029,
http://www.wikidata.org/entity/Q30135606,
http://www.wikidata.org/entity/Q30605361,Susanna e i vecchioni
http://www.wikidata.org/entity/Q30880011,
http://www.wikidata.org/entity/Q30880062,
http://www.wikidata.org/entity/Q30880678,
http://www.wikidata.org/entity/Q30880889,
http://www.wikidata.org/entity/Q30887689,
http://www.wikidata.org/entity/Q30887699,
http://www.wikidata.org/entity/Q30887987,Minerva
http://www.wikidata.org/entity/Q31559452,
http://www.wikidata.org/entity/Q32904769,Madonna col Bambino
http://www.wikidata.org/entity/Q34215143,Benedetto Landriani
http://www.wikidata.org/entity/Q37027223,nascita di Gesù
http://www.wikidata.org/entity/Q40669017,adorazione dei pastori
http://www.wikidata.org/entity/Q40691169,
http://www.wikidata.org/entity/Q40695411,
http://www.wikidata.org/entity/Q42189297,Eleonora di Toledo
http://www.wikidata.org/entity/Q45361473,Compianto sul Cristo morto
http://www.wikidata.org/entity/Q45381203,
http://www.wikidata.org/entity/Q46833514,
http://www.wikidata.org/entity/Q46998093,
http://www.wikidata.org/entity/Q48388241,uomo
http://www.wikidata.org/entity/Q48808515,Pietà
http://www.wikidata.org/entity/Q48814933,
http://www.wikidata.org/entity/Q48917755,
http://www.wikidata.org/entity/Q48927682,
http://www.wikidata.org/entity/Q49167284,
http://www.wikidata.org/entity/Q49167493,
http://www.wikidata.org/entity/Q49167697,suicidio di Lucrezia
http://www.wikidata.org/entity/Q49167869,Jacopo Sansovino
http://www.wikidata.org/entity/Q50378007,Francesco I de' Medici
http://www.wikidata.org/entity/Q50378015,Maria di Cosimo I de' Medici
http://www.wikidata.org/entity/Q50384906,
http://www.wikidata.org/entity/Q50399525,Ganimede rapito da Zeus
http://www.wikidata.org/entity/Q50422860,Papa Sisto IV
http://www.wikidata.org/entity/Q50474718,
http://www.wikidata.org/entity/Q50752920,Giuditta e Oloferne
http://www.wikidata.org/entity/Q50840293,
http://www.wikidata.org/entity/Q50846578,
http://www.wikidata.org/entity/Q50880887,uomo; Gregorio Vecellio
http://www.wikidata.org/entity/Q50884435,Sacrificio di Isacco
http://www.wikidata.org/entity/Q50894841,Antonio Moro
http://www.wikidata.org/entity/Q50939921,
http://www.wikidata.org/entity/Q51212996,papa Clemente IX
http://www.wikidata.org/entity/Q51726313,cucito
http://www.wikidata.org/entity/Q51918916,
http://www.wikidata.org/entity/Q52084102,Francesco Hayez
http://www.wikidata.org/entity/Q52155208,Carlo Maratta
http://www.wikidata.org/entity/Q52155641,Elisabeth Chaplin
http://www.wikidata.org/entity/Q52157937,John Singer Sargent
http://www.wikidata.org/entity/Q52217967,
http://www.wikidata.org/entity/Q52329690,Vittorio Matteo Corcos
http://www.wikidata.org/entity/Q52735921,
http://www.wikidata.org/entity/Q53560123,Sant'Ambrogio
http://www.wikidata.org/entity/Q53940665,
http://www.wikidata.org/entity/Q54086391,Ecce Homo
http://www.wikidata.org/entity/Q54625897,
http://www.wikidata.org/entity/Q54811281,lapidazione di santo Stefano
http://www.wikidata.org/entity/Q55177712,Ecce Homo
http://www.wikidata.org/entity/Q55814015,lago; levata del Sole; Passo dello Spluga; Lago di Montespluga
http://www.wikidata.org/entity/Q56043344,Francesco Maria II della Rovere
http://www.wikidata.org/entity/Q56062483,
http://www.wikidata.org/entity/Q56149824,
http://www.wikidata.org/entity/Q56258104,
http://www.wikidata.org/entity/Q56258413,
http://www.wikidata.org/entity/Q56318135,
http://www.wikidata.org/entity/Q56323639,
http://www.wikidata.org/entity/Q56323645,
http://www.wikidata.org/entity/Q56323673,Annunciazione
http://www.wikidata.org/entity/Q56417895,Martin Lutero
http://www.wikidata.org/entity/Q56417994,Katharina von Bora
http://www.wikidata.org/entity/Q56538353,
http://www.wikidata.org/entity/Q56599032,
http://www.wikidata.org/entity/Q56776954,
http://www.wikidata.org/entity/Q57530584,Domenico di Guzmán
http://www.wikidata.org/entity/Q57623718,deposizione di Gesù
http://www.wikidata.org/entity/Q58177339,Presentazione al Tempio
http://www.wikidata.org/entity/Q58178579,nascita di Maria
http://www.wikidata.org/entity/Q58181750,
http://www.wikidata.org/entity/Q58184717,Giuseppe Borri
http://www.wikidata.org/entity/Q131450154,nascita di Gesù
http://www.wikidata.org/entity/Q131450152,Sogno di San Giuseppe
http://www.wikidata.org/entity/Q131450153,Annunciazione
http://www.wikidata.org/entity/Q131450161,Annunciazione
http://www.wikidata.org/entity/Q131463514,Luca Martini
http://www.wikidata.org/entity/Q131501600,
http://www.wikidata.org/entity/Q131501606,Assunzione di Maria
http://www.wikidata.org/entity/Q131501607,
http://www.wikidata.org/entity/Q131501608,
http://www.wikidata.org/entity/Q131501614,
http://www.wikidata.org/entity/Q131501612,
http://www.wikidata.org/entity/Q131501619,
http://www.wikidata.org/entity/Q131501617,
http://www.wikidata.org/entity/Q131501620,
http://www.wikidata.org/entity/Q131501633,
http://www.wikidata.org/entity/Q131501639,
http://www.wikidata.org/entity/Q131501643,
http://www.wikidata.org/entity/Q131501646,Incoronazione della Vergine
http://www.wikidata.org/entity/Q131501645,Incoronazione della Vergine
http://www.wikidata.org/entity/Q131501651,Incoronazione della Vergine
http://www.wikidata.org/entity/Q131501649,Incoronazione della Vergine
http://www.wikidata.org/entity/Q131501655,
http://www.wikidata.org/entity/Q131501653,Incoronazione della Vergine
http://www.wikidata.org/entity/Q131501658,
http://www.wikidata.org/entity/Q131501663,
http://www.wikidata.org/entity/Q131501661,
http://www.wikidata.org/entity/Q131501666,
http://www.wikidata.org/entity/Q131501667,
http://www.wikidata.org/entity/Q131501671,
http://www.wikidata.org/entity/Q131501672,
http://www.wikidata.org/entity/Q131501678,
http://www.wikidata.org/entity/Q131501683,
http://www.wikidata.org/entity/Q131501690,
http://www.wikidata.org/entity/Q131501691,
http://www.wikidata.org/entity/Q131501711,sposalizio della Vergine
http://www.wikidata.org/entity/Q131501712,
http://www.wikidata.org/entity/Q131501724,
http://www.wikidata.org/entity/Q131501744,
http://www.wikidata.org/entity/Q131501750,
http://www.wikidata.org/entity/Q131501755,
http://www.wikidata.org/entity/Q131501753,
http://www.wikidata.org/entity/Q131501759,
http://www.wikidata.org/entity/Q131501756,
http://www.wikidata.org/entity/Q131501763,
http://www.wikidata.org/entity/Q131501770,
http://www.wikidata.org/entity/Q131501775,
http://www.wikidata.org/entity/Q131501773,
http://www.wikidata.org/entity/Q131501784,
http://www.wikidata.org/entity/Q131501791,san Rocco
http://www.wikidata.org/entity/Q131501788,
http://www.wikidata.org/entity/Q131501793,
http://www.wikidata.org/entity/Q131501796,
http://www.wikidata.org/entity/Q131501797,
http://www.wikidata.org/entity/Q131501800,
http://www.wikidata.org/entity/Q131501801,
http://www.wikidata.org/entity/Q131501805,
http://www.wikidata.org/entity/Q131501811,
http://www.wikidata.org/entity/Q131501818,
http://www.wikidata.org/entity/Q131501816,
http://www.wikidata.org/entity/Q131501821,
http://www.wikidata.org/entity/Q131501826,Assunzione di Maria
http://www.wikidata.org/entity/Q131501830,
http://www.wikidata.org/entity/Q131501842,
http://www.wikidata.org/entity/Q131501847,Sacra conversazione
http://www.wikidata.org/entity/Q131501852,
http://www.wikidata.org/entity/Q131501859,
http://www.wikidata.org/entity/Q131542580,
http://www.wikidata.org/entity/Q131542581,
http://www.wikidata.org/entity/Q131542585,
http://www.wikidata.org/entity/Q131542595,
http://www.wikidata.org/entity/Q131542596,
http://www.wikidata.org/entity/Q131542607,
http://www.wikidata.org/entity/Q131542610,
http://www.wikidata.org/entity/Q131542611,
http://www.wikidata.org/entity/Q131542609,Bartolomeo Roverella
http://www.wikidata.org/entity/Q131542614,
http://www.wikidata.org/entity/Q131542615,
http://www.wikidata.org/entity/Q131543565,
http://www.wikidata.org/entity/Q131543603,
http://www.wikidata.org/entity/Q131543624,
http://www.wikidata.org/entity/Q131543631,
http://www.wikidata.org/entity/Q131543629,
http://www.wikidata.org/entity/Q131543651,
http://www.wikidata.org/entity/Q131543648,
http://www.wikidata.org/entity/Q131543655,Madonna col Bambino
http://www.wikidata.org/entity/Q131543653,
http://www.wikidata.org/entity/Q131543672,
http://www.wikidata.org/entity/Q131543680,
http://www.wikidata.org/entity/Q131546415,Ercole I d'Este
http://www.wikidata.org/entity/Q131546421,Ascensione di Gesù
http://www.wikidata.org/entity/Q131546426,assunzione di Maria nell'arte
http://www.wikidata.org/entity/Q131546425,assunzione di Maria nell'arte
http://www.wikidata.org/entity/Q131546428,Dormizione di Maria
http://www.wikidata.org/entity/Q131546441,Aurora
http://www.wikidata.org/entity/Q131546444,
http://www.wikidata.org/entity/Q131546449,Bambino Gesù
http://www.wikidata.org/entity/Q131546458,bambino
http://www.wikidata.org/entity/Q131546462,battesimo di Gesù
http://www.wikidata.org/entity/Q131546463,battesimo di Gesù
http://www.wikidata.org/entity/Q131546466,battesimo di Gesù
http://www.wikidata.org/entity/Q120793977,Filippo Strozzi
http://www.wikidata.org/entity/Q120822987,papa Giulio II
http://www.wikidata.org/entity/Q120884863,
http://www.wikidata.org/entity/Q120884895,Ritrovamento di Gesù al Tempio
http://www.wikidata.org/entity/Q120900571,
http://www.wikidata.org/entity/Q120903815,Madonna col Bambino
http://www.wikidata.org/entity/Q120968113,papa Paolo III
http://www.wikidata.org/entity/Q120968282,Ranuccio Farnese
http://www.wikidata.org/entity/Q120968550,Pier Luigi Farnese
http://www.wikidata.org/entity/Q120968767,Alessandro Farnese il Giovane
http://www.wikidata.org/entity/Q120968914,Ottavio Farnese
http://www.wikidata.org/entity/Q120985002,Gian Lorenzo Bernini
http://www.wikidata.org/entity/Q121050640,Assunzione di Maria
http://www.wikidata.org/entity/Q121064292,
http://www.wikidata.org/entity/Q121064630,
http://www.wikidata.org/entity/Q121065902,
http://www.wikidata.org/entity/Q121066043,
http://www.wikidata.org/entity/Q121450256,papa Paolo III
http://www.wikidata.org/entity/Q121462678,Anna Maria Luisa de' Medici
http://www.wikidata.org/entity/Q121504941,Andrea Doria
http://www.wikidata.org/entity/Q121546107,Madonna col Bambino
http://www.wikidata.org/entity/Q121678655,Filippo II di Spagna
http://www.wikidata.org/entity/Q121685223,Gesù
http://www.wikidata.org/entity/Q121689728,Cariti
http://www.wikidata.org/entity/Q121692401,Madonna col Bambino
http://www.wikidata.org/entity/Q121735048,Domenico di Guzmán; Francesco d'Assisi
http://www.wikidata.org/entity/Q121780997,
http://www.wikidata.org/entity/Q121811406,
http://www.wikidata.org/entity/Q121995915,Samuel Egerton
http://www.wikidata.org/entity/Q122227973,ciarlatano
http://www.wikidata.org/entity/Q122615548,
http://www.wikidata.org/entity/Q122617360,Elisabeth Chaplin
http://www.wikidata.org/entity/Q122730307,
http://www.wikidata.org/entity/Q122733370,Filippo II di Spagna
http://www.wikidata.org/entity/Q122740583,
http://www.wikidata.org/entity/Q122764699,Cosimo I de' Medici
http://www.wikidata.org/entity/Q122912807,
http://www.wikidata.org/entity/Q122948136,Orazio Riminaldi
http://www.wikidata.org/entity/Q122965388,Franca Viviani della Robbia
http://www.wikidata.org/entity/Q123036459,Emanuele Brignole
http://www.wikidata.org/entity/Q123052486,
http://www.wikidata.org/entity/Q123052559,
http://www.wikidata.org/entity/Q123055325,papa Clemente XIII
http://www.wikidata.org/entity/Q123146252,papa Urbano V
http://www.wikidata.org/entity/Q123178580,Madonna del Rosario
http://www.wikidata.org/entity/Q123200931,
http://www.wikidata.org/entity/Q123200938,
http://www.wikidata.org/entity/Q123200940,
http://www.wikidata.org/entity/Q123201359,Papa Leone XIII
http://www.wikidata.org/entity/Q123258249,Antonietta Negroni Prati Morosini
http://www.wikidata.org/entity/Q123260093,
http://www.wikidata.org/entity/Q123301255,Carolina Primodì
http://www.wikidata.org/entity/Q123313948,Elisabetta di Baviera
http://www.wikidata.org/entity/Q123314103,Francesco Giuseppe I d'Austria
http://www.wikidata.org/entity/Q123328738,Carlo Ferrari
http://www.wikidata.org/entity/Q123338940,Franz Xaver Winterhalter
http://www.wikidata.org/entity/Q123375075,Elisabetta I d'Inghilterra
http://www.wikidata.org/entity/Q123416410,
http://www.wikidata.org/entity/Q123416461,
http://www.wikidata.org/entity/Q123416548,
http://www.wikidata.org/entity/Q123416954,Anzio
http://www.wikidata.org/entity/Q123416994,
http://www.wikidata.org/entity/Q123417018,
http://www.wikidata.org/entity/Q123418628,battaglia di Curtatone e Montanara
http://www.wikidata.org/entity/Q123419057,
http://www.wikidata.org/entity/Q123419096,
http://www.wikidata.org/entity/Q123419116,
http://www.wikidata.org/entity/Q123419220,
http://www.wikidata.org/entity/Q123419237,
http://www.wikidata.org/entity/Q123419285,
http://www.wikidata.org/entity/Q123419324,
http://www.wikidata.org/entity/Q123419384,Elymus tsukushiensis
http://www.wikidata.org/entity/Q123419421,
http://www.wikidata.org/entity/Q123422898,
http://www.wikidata.org/entity/Q123457362,paesaggio
http://www.wikidata.org/entity/Q123457371,Giuditta e Oloferne
http://www.wikidata.org/entity/Q123457388,
http://www.wikidata.org/entity/Q123457393,terme romane; capriccio
http://www.wikidata.org/entity/Q123457399,ragazzo
http://www.wikidata.org/entity/Q123458625,papa Pio VIII
http://www.wikidata.org/entity/Q123462848,Filippo d'Assia
http://www.wikidata.org/entity/Q123480115,Maria de' Medici
http://www.wikidata.org/entity/Q123562848,
http://www.wikidata.org/entity/Q123671285,Risurrezione di Gesù
http://www.wikidata.org/entity/Q123709241,Pier Luigi Farnese
http://www.wikidata.org/entity/Q123709348,
http://www.wikidata.org/entity/Q123741888,Gabriele Tadino
http://www.wikidata.org/entity/Q123751969,Redentore
http://www.wikidata.org/entity/Q123753616,adorazione dei pastori
http://www.wikidata.org/entity/Q123754396,Madonna della Misericordia
http://www.wikidata.org/entity/Q123912954,Ludovico Beccadelli
http://www.wikidata.org/entity/Q124038605,
http://www.wikidata.org/entity/Q124039068,Onofrio Panvinio
http://www.wikidata.org/entity/Q124039121,Onofrio Panvinio
http://www.wikidata.org/entity/Q124039323,
http://www.wikidata.org/entity/Q124043063,Ippolito Riminaldi
http://www.wikidata.org/entity/Q124056690,Stimmate di San Francesco
http://www.wikidata.org/entity/Q124069413,Santino Brusatori
http://www.wikidata.org/entity/Q124069583,Angioletta Carnaghi Brusatori
http://www.wikidata.org/entity/Q124069753,Valentino Cafulli
http://www.wikidata.org/entity/Q115839852,
http://www.wikidata.org/entity/Q115862528,
http://www.wikidata.org/entity/Q115863339,
http://www.wikidata.org/entity/Q115898761,
http://www.wikidata.org/entity/Q116259243,
http://www.wikidata.org/entity/Q116259790,
http://www.wikidata.org/entity/Q116270130,Cornelia
http://www.wikidata.org/entity/Q116414251,
http://www.wikidata.org/entity/Q116734952,
http://www.wikidata.org/entity/Q116771231,Cosimo III de' Medici
http://www.wikidata.org/entity/Q116771349,Madonna col Bambino
http://www.wikidata.org/entity/Q116771885,Risurrezione di Gesù
http://www.wikidata.org/entity/Q116772186,papa Pio II
http://www.wikidata.org/entity/Q116779908,nascita di Gesù
http://www.wikidata.org/entity/Q116780072,Incoronazione della Vergine
http://www.wikidata.org/entity/Q116780670,papa Pio IX
http://www.wikidata.org/entity/Q116786123,papa Gregorio XVI
http://www.wikidata.org/entity/Q116802769,Santa Lucia
http://www.wikidata.org/entity/Q116804064,Presentazione al Tempio
http://www.wikidata.org/entity/Q116804839,Cosma e Damiano
http://www.wikidata.org/entity/Q116805369,lapidazione di santo Stefano
http://www.wikidata.org/entity/Q116806301,san Giorgio e il drago
http://www.wikidata.org/entity/Q116807092,san Giorgio e il drago
http://www.wikidata.org/entity/Q116875391,amicizia
http://www.wikidata.org/entity/Q116912669,Justus Sustermans
http://www.wikidata.org/entity/Q116912674,banchetto
http://www.wikidata.org/entity/Q116912676,papa Adriano VI
http://www.wikidata.org/entity/Q116912691,Anna Maria Luisa de' Medici
http://www.wikidata.org/entity/Q116912704,Filippo IV di Spagna
http://www.wikidata.org/entity/Q116912709,Hyacinthe Rigaud
http://www.wikidata.org/entity/Q116912724,adorazione dei pastori
http://www.wikidata.org/entity/Q116920763,maestà
http://www.wikidata.org/entity/Q116920783,Philip de László
http://www.wikidata.org/entity/Q116938047,Tommaso d'Aquino
http://www.wikidata.org/entity/Q116943395,crocifisso
http://www.wikidata.org/entity/Q116943590,Madonna col Bambino
http://www.wikidata.org/entity/Q116943795,Madonna col Bambino
http://www.wikidata.org/entity/Q116944959,Giovanni
http://www.wikidata.org/entity/Q116944960,Giovanni
http://www.wikidata.org/entity/Q116945667,crocifissione di Gesù
http://www.wikidata.org/entity/Q116955599,apostolo
http://www.wikidata.org/entity/Q116956495,Paolo di Tarso; Annunciazione
http://www.wikidata.org/entity/Q116957155,Giovanni
http://www.wikidata.org/entity/Q116968203,santo cattolico
http://www.wikidata.org/entity/Q116968267,Ascensione di Gesù
http://www.wikidata.org/entity/Q116984810,Madonna col Bambino
http://www.wikidata.org/entity/Q116984873,Matteo
http://www.wikidata.org/entity/Q116985089,Madonna dell'Umiltà
http://www.wikidata.org/entity/Q116985263,Redentore
http://www.wikidata.org/entity/Q116985325,Pietro da Verona
http://www.wikidata.org/entity/Q116985346,Madonna col Bambino
http://www.wikidata.org/entity/Q116989564,adorazione dei pastori
http://www.wikidata.org/entity/Q116990427,Madonna col Bambino
http://www.wikidata.org/entity/Q116991105,Madonna col Bambino
http://www.wikidata.org/entity/Q116991906,Sacra Famiglia
http://www.wikidata.org/entity/Q116992418,san Giorgio e il drago
http://www.wikidata.org/entity/Q116993372,Caterina d'Alessandria
http://www.wikidata.org/entity/Q116993384,Sofronio Eusebio Girolamo
http://www.wikidata.org/entity/Q116993417,san Giorgio
http://www.wikidata.org/entity/Q116994722,Madonna col Bambino
http://www.wikidata.org/entity/Q116994793,circoncisione di Gesù
http://www.wikidata.org/entity/Q116995512,Fuga in Egitto; Riposo durante la fuga in Egitto
http://www.wikidata.org/entity/Q117005860,uomo
http://www.wikidata.org/entity/Q117005926,
http://www.wikidata.org/entity/Q117005980,
http://www.wikidata.org/entity/Q117023915,
http://www.wikidata.org/entity/Q117024956,
http://www.wikidata.org/entity/Q117034670,Madonna col Bambino
http://www.wikidata.org/entity/Q117034906,Madonna col Bambino
http://www.wikidata.org/entity/Q117034996,crocifisso
http://www.wikidata.org/entity/Q117035037,crocifissione di Gesù
http://www.wikidata.org/entity/Q117035093,Madonna col Bambino
http://www.wikidata.org/entity/Q117040607,Sacra conversazione
http://www.wikidata.org/entity/Q117041748,
http://www.wikidata.org/entity/Q117041785,nascita di Gesù
http://www.wikidata.org/entity/Q117042320,Madonna col Bambino
http://www.wikidata.org/entity/Q117042984,Presentazione al Tempio
http://www.wikidata.org/entity/Q117043780,
http://www.wikidata.org/entity/Q117043824,San Giovanni sull'isola di Patmos
http://www.wikidata.org/entity/Q117044144,Madonna del Rosario
http://www.wikidata.org/entity/Q117051271,nascita di Maria
http://www.wikidata.org/entity/Q117051307,adorazione dei pastori
http://www.wikidata.org/entity/Q117051343,adorazione dei pastori
http://www.wikidata.org/entity/Q117051893,
http://www.wikidata.org/entity/Q117052364,
http://www.wikidata.org/entity/Q117086849,Lorenzo Onofrio Colonna
http://www.wikidata.org/entity/Q117086888,Aldo Annoni
http://www.wikidata.org/entity/Q117086924,Gian Pietro Porro
http://www.wikidata.org/entity/Q117086970,Giacomo Porchera
http://www.wikidata.org/entity/Q117161791,
http://www.wikidata.org/entity/Q117162400,
http://www.wikidata.org/entity/Q117164043,
http://www.wikidata.org/entity/Q117188285,papa Pio VII
http://www.wikidata.org/entity/Q117304805,parabola del figlio prodigo
http://www.wikidata.org/entity/Q117323711,
http://www.wikidata.org/entity/Q117338080,
http://www.wikidata.org/entity/Q117382014,donna
http://www.wikidata.org/entity/Q117408489,
http://www.wikidata.org/entity/Q117408743,nascita di Gesù
http://www.wikidata.org/entity/Q117408881,adorazione dei pastori
http://www.wikidata.org/entity/Q124079494,Maria Speroni Formenti
http://www.wikidata.org/entity/Q124083860,Rosa Bottigelli Borri
http://www.wikidata.org/entity/Q124084281,Eligio Milani
http://www.wikidata.org/entity/Q124086041,Benedetto Milani
http://www.wikidata.org/entity/Q124086306,Ernesto Travelli
http://www.wikidata.org/entity/Q124086626,Teresa Caminada Tosi
http://www.wikidata.org/entity/Q124087802,Giovanni Xeconti
http://www.wikidata.org/entity/Q124091771,Giovan Battista Provasoli
http://www.wikidata.org/entity/Q124092399,Teresa Lualdi
http://www.wikidata.org/entity/Q124092672,Carlo Ottolini
http://www.wikidata.org/entity/Q124097861,Anselmo Giani
http://www.wikidata.org/entity/Q124098297,Roberto Marcora
http://www.wikidata.org/entity/Q124100563,papa Marcello II
http://www.wikidata.org/entity/Q124101877,Carlo Venzaghi
http://www.wikidata.org/entity/Q124101956,Ida Bossi Dell'Acqua
http://www.wikidata.org/entity/Q124150884,Luigi Crespi
http://www.wikidata.org/entity/Q124151090,
http://www.wikidata.org/entity/Q124152267,Ecce Homo
http://www.wikidata.org/entity/Q124154199,Antonio Tosi
http://www.wikidata.org/entity/Q124154228,Carlo Solbiati
http://www.wikidata.org/entity/Q124210379,Latona
http://www.wikidata.org/entity/Q124218595,Cristo alla colonna; flagellazione di Gesù
http://www.wikidata.org/entity/Q124246612,Sigismondo II Augusto
http://www.wikidata.org/entity/Q124248182,Cosimo I de' Medici
http://www.wikidata.org/entity/Q124256182,nascita di Gesù
http://www.wikidata.org/entity/Q124286611,
http://www.wikidata.org/entity/Q124287319,Madonna col Bambino
http://www.wikidata.org/entity/Q124287594,Ippolito de' Medici
http://www.wikidata.org/entity/Q124288119,
http://www.wikidata.org/entity/Q124307433,
http://www.wikidata.org/entity/Q124307821,
http://www.wikidata.org/entity/Q124316070,
http://www.wikidata.org/entity/Q124321743,Carlo V d'Asburgo
http://www.wikidata.org/entity/Q124348363,Giove
http://www.wikidata.org/entity/Q124348745,Adone
http://www.wikidata.org/entity/Q124349538,Buonaccorso VIII Buonaccorsi
http://www.wikidata.org/entity/Q124369794,Pier Luigi Farnese
http://www.wikidata.org/entity/Q124498236,Ambrogio Bertarelli
http://www.wikidata.org/entity/Q124499426,Francesco Mira
http://www.wikidata.org/entity/Q124537391,papa Pio IX
http://www.wikidata.org/entity/Q124538450,papa Urbano VIII
http://www.wikidata.org/entity/Q124627974,
http://www.wikidata.org/entity/Q124629543,Alessandro de' Medici
http://www.wikidata.org/entity/Q124630700,Renée Modot
http://www.wikidata.org/entity/Q124652229,Papa Leone XIII
http://www.wikidata.org/entity/Q124652592,Giovanni Meyer
http://www.wikidata.org/entity/Q124662452,Javotte Manca di Villahermosa
http://www.wikidata.org/entity/Q124662574,Cristoforo Benigno Crespi
http://www.wikidata.org/entity/Q124663036,Giacomo Mellerio
http://www.wikidata.org/entity/Q124664892,Ferdinando I d'Austria
http://www.wikidata.org/entity/Q124686467,Ludovico Ariosto
http://www.wikidata.org/entity/Q124719736,Leonardo da Vinci
http://www.wikidata.org/entity/Q124721106,papa Pio II
http://www.wikidata.org/entity/Q124723493,Pompeo Colonna
http://www.wikidata.org/entity/Q124724283,Pompeo Colonna
http://www.wikidata.org/entity/Q124726116,Pietro Aretino
http://www.wikidata.org/entity/Q124726300,Vincenzo Cappello
http://www.wikidata.org/entity/Q124736928,Bianca Cappello
http://www.wikidata.org/entity/Q124738743,Ferdinando II de' Medici
http://www.wikidata.org/entity/Q124801581,Alfonso I d'Este
http://www.wikidata.org/entity/Q124884546,L'incredulità di Tommaso
http://www.wikidata.org/entity/Q124902982,Davide
http://www.wikidata.org/entity/Q124922865,Davide
http://www.wikidata.org/entity/Q124962542,Andrea Vesalio
http://www.wikidata.org/entity/Q124981334,uomo
http://www.wikidata.org/entity/Q125102834,narrazione
http://www.wikidata.org/entity/Q125107060,
http://www.wikidata.org/entity/Q125116690,Foro Romano
http://www.wikidata.org/entity/Q125144993,adorazione dei pastori
http://www.wikidata.org/entity/Q125170382,
http://www.wikidata.org/entity/Q125176302,Massimiliano I del Messico
http://www.wikidata.org/entity/Q125189520,
http://www.wikidata.org/entity/Q125208945,visita
http://www.wikidata.org/entity/Q125266586,conversione di Paolo
http://www.wikidata.org/entity/Q125293980,Madonna col Bambino
http://www.wikidata.org/entity/Q125298817,Niccolò Leoniceno
http://www.wikidata.org/entity/Q125387269,baccanale
http://www.wikidata.org/entity/Q125399429,allattamento
http://www.wikidata.org/entity/Q125490773,Anna Morosini
http://www.wikidata.org/entity/Q125599554,Pedro Álvarez de Toledo y Zúñiga
http://www.wikidata.org/entity/Q125678611,donna giovane
http://www.wikidata.org/entity/Q125679589,
http://www.wikidata.org/entity/Q125692333,
http://www.wikidata.org/entity/Q125704254,Madonna col Bambino
http://www.wikidata.org/entity/Q125728210,
http://www.wikidata.org/entity/Q125774997,Pietro
http://www.wikidata.org/entity/Q125775011,
http://www.wikidata.org/entity/Q125775038,
http://www.wikidata.org/entity/Q125775039,Giovanni
http://www.wikidata.org/entity/Q125775114,
http://www.wikidata.org/entity/Q125775115,Sacrificio di Isacco
http://www.wikidata.org/entity/Q125775113,
http://www.wikidata.org/entity/Q125775116,adorazione dei pastori
http://www.wikidata.org/entity/Q125794511,
http://www.wikidata.org/entity/Q125809444,Sacra conversazione
http://www.wikidata.org/entity/Q125811262,Trinità
http://www.wikidata.org/entity/Q125811807,Santa Lucia
http://www.wikidata.org/entity/Q125811962,Crispino; Crispiniano
http://www.wikidata.org/entity/Q125812539,Pentecoste
http://www.wikidata.org/entity/Q125813029,
http://www.wikidata.org/entity/Q125813094,Cosma e Damiano
http://www.wikidata.org/entity/Q125813375,chiavi del cielo
http://www.wikidata.org/entity/Q125813475,Incoronazione della Vergine
http://www.wikidata.org/entity/Q125813876,educazione di Maria
http://www.wikidata.org/entity/Q125863783,Maddalena penitente
http://www.wikidata.org/entity/Q125938897,
http://www.wikidata.org/entity/Q125973048,Fra' Galgario
http://www.wikidata.org/entity/Q125973990,Guglielmo Lochis
http://www.wikidata.org/entity/Q125974248,Fra' Galgario
http://www.wikidata.org/entity/Q126093976,Anna Maria Luisa de' Medici
http://www.wikidata.org/entity/Q126127358,
http://www.wikidata.org/entity/Q126127672,
http://www.wikidata.org/entity/Q126208372,Adorazione dei Magi
http://www.wikidata.org/entity/Q126208398,
http://www.wikidata.org/entity/Q126208411,
http://www.wikidata.org/entity/Q126215082,
http://www.wikidata.org/entity/Q126260153,Pentecoste
http://www.wikidata.org/entity/Q126284170,
http://www.wikidata.org/entity/Q126284172,
http://www.wikidata.org/entity/Q126284178,
http://www.wikidata.org/entity/Q126284177,
http://www.wikidata.org/entity/Q126284182,Marsilio Ficino
http://www.wikidata.org/entity/Q126284183,
http://www.wikidata.org/entity/Q126284180,
http://www.wikidata.org/entity/Q126284181,
http://www.wikidata.org/entity/Q126284187,
http://www.wikidata.org/entity/Q126284185,
http://www.wikidata.org/entity/Q126284191,
http://www.wikidata.org/entity/Q126284189,
http://www.wikidata.org/entity/Q126284194,
http://www.wikidata.org/entity/Q126284192,
http://www.wikidata.org/entity/Q126284193,
http://www.wikidata.org/entity/Q126284198,Baldassarre Castiglione
http://www.wikidata.org/entity/Q126284199,Cristoforo Colombo
http://www.wikidata.org/entity/Q126284196,
http://www.wikidata.org/entity/Q126284197,
http://www.wikidata.org/entity/Q126284206,
http://www.wikidata.org/entity/Q126284207,
http://www.wikidata.org/entity/Q126284226,
http://www.wikidata.org/entity/Q126284230,
http://www.wikidata.org/entity/Q126284231,
http://www.wikidata.org/entity/Q126284228,
http://www.wikidata.org/entity/Q126284229,
http://www.wikidata.org/entity/Q126284234,
http://www.wikidata.org/entity/Q126284232,
http://www.wikidata.org/entity/Q126284233,
http://www.wikidata.org/entity/Q126284238,
http://www.wikidata.org/entity/Q126284237,
http://www.wikidata.org/entity/Q126284242,
http://www.wikidata.org/entity/Q126284243,
http://www.wikidata.org/entity/Q126284240,
http://www.wikidata.org/entity/Q126284241,
http://www.wikidata.org/entity/Q126284246,
http://www.wikidata.org/entity/Q126284247,
http://www.wikidata.org/entity/Q126284244,
http://www.wikidata.org/entity/Q126284245,
http://www.wikidata.org/entity/Q126284250,
http://www.wikidata.org/entity/Q126284251,
http://www.wikidata.org/entity/Q126284249,
http://www.wikidata.org/entity/Q126284255,
http://www.wikidata.org/entity/Q126284252,
http://www.wikidata.org/entity/Q126284258,
http://www.wikidata.org/entity/Q126284256,
http://www.wikidata.org/entity/Q126284257,
http://www.wikidata.org/entity/Q126284263,
http://www.wikidata.org/entity/Q126284260,
http://www.wikidata.org/entity/Q126284261,
http://www.wikidata.org/entity/Q126284267,
http://www.wikidata.org/entity/Q126284264,
http://www.wikidata.org/entity/Q126284265,
http://www.wikidata.org/entity/Q126284270,
http://www.wikidata.org/entity/Q126284269,
http://www.wikidata.org/entity/Q126284274,
http://www.wikidata.org/entity/Q126284275,
http://www.wikidata.org/entity/Q126284272,
http://www.wikidata.org/entity/Q126284278,primavera
http://www.wikidata.org/entity/Q126284279,
http://www.wikidata.org/entity/Q126284277,
http://www.wikidata.org/entity/Q126284282,
http://www.wikidata.org/entity/Q126284283,
http://www.wikidata.org/entity/Q126284281,
http://www.wikidata.org/entity/Q126284286,
http://www.wikidata.org/entity/Q126284284,
http://www.wikidata.org/entity/Q126284285,
http://www.wikidata.org/entity/Q126284288,
http://www.wikidata.org/entity/Q126284294,
http://www.wikidata.org/entity/Q126284295,
http://www.wikidata.org/entity/Q126284293,
http://www.wikidata.org/entity/Q126284298,
http://www.wikidata.org/entity/Q126284299,
http://www.wikidata.org/entity/Q126284296,
http://www.wikidata.org/entity/Q126284297,
http://www.wikidata.org/entity/Q126284303,
http://www.wikidata.org/entity/Q126284300,
http://www.wikidata.org/entity/Q126284301,
http://www.wikidata.org/entity/Q126284306,
http://www.wikidata.org/entity/Q126284305,
http://www.wikidata.org/entity/Q126284308,
http://www.wikidata.org/entity/Q126284309,
http://www.wikidata.org/entity/Q126284314,
http://www.wikidata.org/entity/Q131613912,
http://www.wikidata.org/entity/Q131613913,aquila di San Giovanni
http://www.wikidata.org/entity/Q131613916,Angelo di San Matteo
http://www.wikidata.org/entity/Q131613917,Forma del corpo umano femminile
http://www.wikidata.org/entity/Q131613922,donna
http://www.wikidata.org/entity/Q131613926,Sant'Orsola
http://www.wikidata.org/entity/Q131613927,Sant'Orsola
http://www.wikidata.org/entity/Q131613924,vessillo
http://www.wikidata.org/entity/Q131613925,Sant'Orsola
http://www.wikidata.org/entity/Q131613930,Sant'Orsola
http://www.wikidata.org/entity/Q131613928,Sant'Orsola
http://www.wikidata.org/entity/Q131613929,Sant'Orsola
http://www.wikidata.org/entity/Q131613939,
http://www.wikidata.org/entity/Q131613968,giorno
http://www.wikidata.org/entity/Q131613974,
http://www.wikidata.org/entity/Q131613982,battaglia di Montebello
http://www.wikidata.org/entity/Q131613980,scalpellino
http://www.wikidata.org/entity/Q131617883,Cosimo II de' Medici
http://www.wikidata.org/entity/Q131617881,Carlo V d'Asburgo; papa Clemente VII
http://www.wikidata.org/entity/Q131617885,caduta dei Giganti
http://www.wikidata.org/entity/Q131617890,Lorenzo de' Medici duca di Urbino; Giuliano de' Medici duca di Nemours
http://www.wikidata.org/entity/Q131617895,papa Leone X
http://www.wikidata.org/entity/Q131617893,faida
http://www.wikidata.org/entity/Q131617898,Maria de' Medici
http://www.wikidata.org/entity/Q131617899,San Lorenzo
http://www.wikidata.org/entity/Q131617897,Maria
http://www.wikidata.org/entity/Q131617902,odalisca
http://www.wikidata.org/entity/Q131617911,Andrea Doria
http://www.wikidata.org/entity/Q131617908,Perseo
http://www.wikidata.org/entity/Q131617909,Pietro de' Rossi
http://www.wikidata.org/entity/Q131617914,santo cristiano
http://www.wikidata.org/entity/Q131617915,Granducato di Toscana
http://www.wikidata.org/entity/Q131617918,trionfo
http://www.wikidata.org/entity/Q131617919,Valenza Gradenigo
http://www.wikidata.org/entity/Q131617916,Caterina da Siena
http://www.wikidata.org/entity/Q131617917,triclinio
http://www.wikidata.org/entity/Q131617922,Muse
http://www.wikidata.org/entity/Q131617921,quattro elementi
http://www.wikidata.org/entity/Q131627550,
http://www.wikidata.org/entity/Q131627554,strage degli innocenti
http://www.wikidata.org/entity/Q131627552,
http://www.wikidata.org/entity/Q131627553,strage degli innocenti
http://www.wikidata.org/entity/Q131627556,
http://www.wikidata.org/entity/Q131627571,
http://www.wikidata.org/entity/Q131627574,
http://www.wikidata.org/entity/Q131627572,
http://www.wikidata.org/entity/Q131627588,
http://www.wikidata.org/entity/Q131627817,battaglia di Cadore
http://www.wikidata.org/entity/Q131628758,Trionfi di Cesare
http://www.wikidata.org/entity/Q131628765,vizio e virtù
http://www.wikidata.org/entity/Q131628770,sete
http://www.wikidata.org/entity/Q131628768,parabola del banchetto di nozze
http://www.wikidata.org/entity/Q131628769,Cristo porta la croce
http://www.wikidata.org/entity/Q131628775,santo cristiano
http://www.wikidata.org/entity/Q131628772,Vincenzo Ferreri
http://www.wikidata.org/entity/Q131628778,Thronum Gratiae
http://www.wikidata.org/entity/Q131628776,Giovanni Battista
http://www.wikidata.org/entity/Q131628802,trasfigurazione di Gesù
http://www.wikidata.org/entity/Q131628803,trasfigurazione di Gesù
http://www.wikidata.org/entity/Q131628801,trasfigurazione di Gesù
http://www.wikidata.org/entity/Q131628814,Sacra conversazione
http://www.wikidata.org/entity/Q131628812,Caterina d'Alessandria
http://www.wikidata.org/entity/Q131628813,Sacra conversazione
http://www.wikidata.org/entity/Q131628818,annuncio ai pastori
http://www.wikidata.org/entity/Q131628819,Dormizione di Maria
http://www.wikidata.org/entity/Q131628817,Madonna col Bambino
http://www.wikidata.org/entity/Q131628822,vittoria; Felsina
http://www.wikidata.org/entity/Q131628823,vittoria
http://www.wikidata.org/entity/Q131628820,Trionfo della Morte
http://www.wikidata.org/entity/Q131628821,vittoria
http://www.wikidata.org/entity/Q131628824,vittoria
http://www.wikidata.org/entity/Q131629552,Madonna col Bambino
http://www.wikidata.org/entity/Q131629558,Susanna e i vecchioni
http://www.wikidata.org/entity/Q131629557,papa Gregorio I; cena
http://www.wikidata.org/entity/Q131632037,assunzione di Maria nell'arte
http://www.wikidata.org/entity/Q131632042,orfano
http://www.wikidata.org/entity/Q131632047,battaglia di Ghilboa
http://www.wikidata.org/entity/Q131674303,Filippo Neri
http://www.wikidata.org/entity/Q131674300,
http://www.wikidata.org/entity/Q131674306,
http://www.wikidata.org/entity/Q131674307,composizione astratta
http://www.wikidata.org/entity/Q131674310,assedio di Padova
http://www.wikidata.org/entity/Q131674311,
http://www.wikidata.org/entity/Q131674315,conversione di Paolo
http://www.wikidata.org/entity/Q131674312,osteria
http://www.wikidata.org/entity/Q131674316,conversione di Paolo
http://www.wikidata.org/entity/Q131674317,Pantaleone di Nicomedia
http://www.wikidata.org/entity/Q131674322,miniera
http://www.wikidata.org/entity/Q131674323,Festa a casa di Simone
http://www.wikidata.org/entity/Q131674332,Incoronazione della Vergine
http://www.wikidata.org/entity/Q131674346,
http://www.wikidata.org/entity/Q131674355,crocifissione di Gesù
http://www.wikidata.org/entity/Q131674352,pericope dell'adultera
http://www.wikidata.org/entity/Q131674353,pericope dell'adultera
http://www.wikidata.org/entity/Q131674361,crocifissione di Gesù
http://www.wikidata.org/entity/Q131674371,Paolo di Tarso
http://www.wikidata.org/entity/Q131674368,Sofronio Eusebio Girolamo
http://www.wikidata.org/entity/Q131674369,Michele
http://www.wikidata.org/entity/Q131674373,papa Pio V
http://www.wikidata.org/entity/Q131674382,Apollo
http://www.wikidata.org/entity/Q131674390,deposizione di Gesù
http://www.wikidata.org/entity/Q131674398,Tommaso d'Aquino
http://www.wikidata.org/entity/Q131674399,Tommaso d'Aquino
http://www.wikidata.org/entity/Q131674396,parabola del buon samaritano
http://www.wikidata.org/entity/Q131674401,Mida
http://www.wikidata.org/entity/Q131674404,giudizio universale
http://www.wikidata.org/entity/Q131674405,Ultima cena
http://www.wikidata.org/entity/Q131674410,Martirio di San Paolo
http://www.wikidata.org/entity/Q131674411,circoncisione di Gesù
http://www.wikidata.org/entity/Q131674409,pena
http://www.wikidata.org/entity/Q131674412,ritrovamento della Croce
http://www.wikidata.org/entity/Q131675938,crocifissione di Gesù
http://www.wikidata.org/entity/Q131675939,crocifissione di Gesù
http://www.wikidata.org/entity/Q131675936,crocifissione di Gesù
http://www.wikidata.org/entity/Q131675937,crocifissione di Gesù
http://www.wikidata.org/entity/Q131675942,crocifissione di Gesù
http://www.wikidata.org/entity/Q131675943,crocifissione di Gesù
http://www.wikidata.org/entity/Q131675940,crocifissione di Gesù
http://www.wikidata.org/entity/Q131675941,crocifissione di Gesù
http://www.wikidata.org/entity/Q131675947,crocifissione di Gesù
http://www.wikidata.org/entity/Q131675944,crocifissione di Gesù
http://www.wikidata.org/entity/Q131675945,crocifissione di Gesù
http://www.wikidata.org/entity/Q131675948,crocifissione di Gesù
http://www.wikidata.org/entity/Q131675966,Nemi
http://www.wikidata.org/entity/Q131675969,caduta della manna
http://www.wikidata.org/entity/Q131675979,Madonna col Bambino
http://www.wikidata.org/entity/Q131675983,Sant'Orsola
http://www.wikidata.org/entity/Q131675981,diecimila martiri
http://www.wikidata.org/entity/Q131675990,assistenza
http://www.wikidata.org/entity/Q131675989,Codro
http://www.wikidata.org/entity/Q131675994,san Rocco
http://www.wikidata.org/entity/Q131675995,Sant'Orsola
http://www.wikidata.org/entity/Q131675993,san Sebastiano
http://www.wikidata.org/entity/Q131675998,Libro di Ester
http://www.wikidata.org/entity/Q131676028,natura morta
http://www.wikidata.org/entity/Q131676029,natura morta
http://www.wikidata.org/entity/Q131676038,Sant'Orsola
http://www.wikidata.org/entity/Q131676039,Sant'Orsola
http://www.wikidata.org/entity/Q131676037,lapidazione di santo Stefano
http://www.wikidata.org/entity/Q131676041,Il quarto stato
http://www.wikidata.org/entity/Q131676058,Ritorno del Figliol Prodigo
http://www.wikidata.org/entity/Q131676064,
http://www.wikidata.org/entity/Q131676306,Benedetto da Norcia
http://www.wikidata.org/entity/Q131676307,Benedetto da Norcia
http://www.wikidata.org/entity/Q131676308,Benedetto da Norcia
http://www.wikidata.org/entity/Q131690475,Maria
http://www.wikidata.org/entity/Q131690473,
http://www.wikidata.org/entity/Q131690478,Madonna col Bambino
http://www.wikidata.org/entity/Q131690476,Sacra conversazione
http://www.wikidata.org/entity/Q131690495,Madonna col Bambino
http://www.wikidata.org/entity/Q131690498,nascita di Gesù
http://www.wikidata.org/entity/Q131690499,Madonna col Bambino
http://www.wikidata.org/entity/Q131690496,Madonna del Latte
http://www.wikidata.org/entity/Q131690497,Madonna del Latte
http://www.wikidata.org/entity/Q131690502,Madonna col Bambino
http://www.wikidata.org/entity/Q131690503,Madonna col Bambino
http://www.wikidata.org/entity/Q131690501,Madonna col Bambino
http://www.wikidata.org/entity/Q131690504,Madonna col Bambino
http://www.wikidata.org/entity/Q131690511,Madonna col Bambino
http://www.wikidata.org/entity/Q131690509,Madonna col Bambino
http://www.wikidata.org/entity/Q131690513,Madonna col Bambino
http://www.wikidata.org/entity/Q131690516,Madonna col Bambino
http://www.wikidata.org/entity/Q131690517,Madonna col Bambino
http://www.wikidata.org/entity/Q131690522,Madonna col Bambino
http://www.wikidata.org/entity/Q131690527,Madonna col Bambino
http://www.wikidata.org/entity/Q131690524,Madonna col Bambino
http://www.wikidata.org/entity/Q131690525,Madonna col Bambino
http://www.wikidata.org/entity/Q131690530,Madonna col Bambino
http://www.wikidata.org/entity/Q131690528,Madonna col Bambino
http://www.wikidata.org/entity/Q131690529,Madonna col Bambino
http://www.wikidata.org/entity/Q131690535,Madonna col Bambino
http://www.wikidata.org/entity/Q131690532,Madonna col Bambino
http://www.wikidata.org/entity/Q131690538,Madonna col Bambino
http://www.wikidata.org/entity/Q131690539,Madonna col Bambino
http://www.wikidata.org/entity/Q131690536,Sacra conversazione
http://www.wikidata.org/entity/Q131690537,Madonna col Bambino
http://www.wikidata.org/entity/Q131690542,Madonna col Bambino
http://www.wikidata.org/entity/Q131690543,Madonna col Bambino
http://www.wikidata.org/entity/Q131690540,Madonna col Bambino
http://www.wikidata.org/entity/Q131690546,Madonna col Bambino
http://www.wikidata.org/entity/Q131690550,Sacra conversazione
http://www.wikidata.org/entity/Q131690551,Madonna col Bambino
http://www.wikidata.org/entity/Q131690548,Madonna col Bambino
http://www.wikidata.org/entity/Q131690549,Madonna col Bambino
http://www.wikidata.org/entity/Q131690555,Maria
http://www.wikidata.org/entity/Q131690552,Madonna col Bambino
http://www.wikidata.org/entity/Q131690553,Madonna col Bambino
http://www.wikidata.org/entity/Q131690558,Maria
http://www.wikidata.org/entity/Q131690556,Sacra conversazione
http://www.wikidata.org/entity/Q131690557,Madonna col Bambino in trono tra i santi Giovanni Battista e Sebastiano
http://www.wikidata.org/entity/Q131690562,Madonna col Bambino
http://www.wikidata.org/entity/Q131690563,Madonna col Bambino
http://www.wikidata.org/entity/Q131690560,Madonna col Bambino
http://www.wikidata.org/entity/Q131690561,Madonna col Bambino
http://www.wikidata.org/entity/Q131690566,Madonna col Bambino
http://www.wikidata.org/entity/Q131690564,Madonna col Bambino
http://www.wikidata.org/entity/Q131690571,Maria
http://www.wikidata.org/entity/Q131690568,Maria
http://www.wikidata.org/entity/Q131690574,Maria
http://www.wikidata.org/entity/Q131690575,Maria
http://www.wikidata.org/entity/Q131546465,battesimo di Gesù
http://www.wikidata.org/entity/Q131546469,battesimo di Gesù
http://www.wikidata.org/entity/Q131546475,Terme Stufe di Nerone
http://www.wikidata.org/entity/Q131546484,Ludwig van Beethoven
http://www.wikidata.org/entity/Q131546485,"Tiburzio, Valeriano e Massimo"
http://www.wikidata.org/entity/Q131546494,Betsabea al bagno
http://www.wikidata.org/entity/Q131546493,Caterina d'Alessandria
http://www.wikidata.org/entity/Q131546499,nozze
http://www.wikidata.org/entity/Q131546506,natività di Giovanni il Battisita
http://www.wikidata.org/entity/Q131546510,natività di Giovanni il Battisita
http://www.wikidata.org/entity/Q131546508,natività di Giovanni il Battisita
http://www.wikidata.org/entity/Q131546509,natività di Giovanni il Battisita
http://www.wikidata.org/entity/Q131546515,Cristo benedicente
http://www.wikidata.org/entity/Q131546516,Cristo benedicente
http://www.wikidata.org/entity/Q131546517,Giovanni Battista
http://www.wikidata.org/entity/Q131546520,
http://www.wikidata.org/entity/Q131546525,libreria
http://www.wikidata.org/entity/Q131546551,Santa Cecilia
http://www.wikidata.org/entity/Q131546552,"Tiburzio, Valeriano e Massimo"
http://www.wikidata.org/entity/Q131546553,rovo ardente
http://www.wikidata.org/entity/Q131546582,Pasquale Cicogna
http://www.wikidata.org/entity/Q131546581,Francesco Venier
http://www.wikidata.org/entity/Q131546599,Francesco Foscari
http://www.wikidata.org/entity/Q131546602,Leonardo Loredan
http://www.wikidata.org/entity/Q131546603,Cristo benedicente
http://www.wikidata.org/entity/Q131557338,flagellazione di Gesù
http://www.wikidata.org/entity/Q131557340,Francesco I delle Due Sicilie
http://www.wikidata.org/entity/Q131557341,
http://www.wikidata.org/entity/Q131557374,
http://www.wikidata.org/entity/Q131557372,
http://www.wikidata.org/entity/Q131557373,
http://www.wikidata.org/entity/Q131557376,
http://www.wikidata.org/entity/Q131557436,
http://www.wikidata.org/entity/Q131557458,
http://www.wikidata.org/entity/Q131557464,
http://www.wikidata.org/entity/Q131557484,
http://www.wikidata.org/entity/Q131557662,
http://www.wikidata.org/entity/Q131557664,
http://www.wikidata.org/entity/Q131557854,dispensiere
http://www.wikidata.org/entity/Q131557866,
http://www.wikidata.org/entity/Q131557871,Pietro
http://www.wikidata.org/entity/Q131557868,
http://www.wikidata.org/entity/Q131557880,visione di Pietro di un lenzuolo con animali
http://www.wikidata.org/entity/Q131557902,
http://www.wikidata.org/entity/Q131559178,Gerolamo Maria Balbi
http://www.wikidata.org/entity/Q131559177,Caterina Balbi
http://www.wikidata.org/entity/Q131559182,paesaggio
http://www.wikidata.org/entity/Q131559183,nobile
http://www.wikidata.org/entity/Q131559181,Minerva
http://www.wikidata.org/entity/Q131559187,Francesco I di Francia
http://www.wikidata.org/entity/Q131559184,gentiluomo
http://www.wikidata.org/entity/Q131559202,Giovanni Maria Riminaldi
http://www.wikidata.org/entity/Q131559216,
http://www.wikidata.org/entity/Q131561164,
http://www.wikidata.org/entity/Q131561170,
http://www.wikidata.org/entity/Q131561666,Caino e Abele
http://www.wikidata.org/entity/Q131561678,Madonna col Bambino
http://www.wikidata.org/entity/Q131561677,
http://www.wikidata.org/entity/Q131561688,
http://www.wikidata.org/entity/Q131561692,
http://www.wikidata.org/entity/Q131563724,Tiziano Vecellio
http://www.wikidata.org/entity/Q131564536,
http://www.wikidata.org/entity/Q131564617,
http://www.wikidata.org/entity/Q131564870,
http://www.wikidata.org/entity/Q131564871,
http://www.wikidata.org/entity/Q131574021,Madonna col Bambino
http://www.wikidata.org/entity/Q131576650,caupona
http://www.wikidata.org/entity/Q131576651,Evangelista
http://www.wikidata.org/entity/Q131576649,cattedrale
http://www.wikidata.org/entity/Q131578331,
http://www.wikidata.org/entity/Q131578346,
http://www.wikidata.org/entity/Q131578347,
http://www.wikidata.org/entity/Q131579612,
http://www.wikidata.org/entity/Q131579620,Giuditta e Oloferne
http://www.wikidata.org/entity/Q131579625,imbarcazione
http://www.wikidata.org/entity/Q131579630,Madonna col Bambino
http://www.wikidata.org/entity/Q131579631,Madonna col Bambino
http://www.wikidata.org/entity/Q131579646,Nereidi
http://www.wikidata.org/entity/Q131579657,ammiraglio
http://www.wikidata.org/entity/Q131579660,Sant'Agata
http://www.wikidata.org/entity/Q131579667,
http://www.wikidata.org/entity/Q131579670,
http://www.wikidata.org/entity/Q131579671,
http://www.wikidata.org/entity/Q131579669,
http://www.wikidata.org/entity/Q131579674,
http://www.wikidata.org/entity/Q131579672,
http://www.wikidata.org/entity/Q131579673,
http://www.wikidata.org/entity/Q131579682,Zefiro
http://www.wikidata.org/entity/Q131579687,Zeus
http://www.wikidata.org/entity/Q131579688,Zeus
http://www.wikidata.org/entity/Q131587694,crocifisso
http://www.wikidata.org/entity/Q131587980,fregio
http://www.wikidata.org/entity/Q131588009,Sacra Famiglia
http://www.wikidata.org/entity/Q131588018,
http://www.wikidata.org/entity/Q131588032,Madonna col Bambino
http://www.wikidata.org/entity/Q131588033,Madonna col Bambino
http://www.wikidata.org/entity/Q131588045,ninfa
http://www.wikidata.org/entity/Q131588054,Cosma e Damiano
http://www.wikidata.org/entity/Q131588057,Sant'Orsola
http://www.wikidata.org/entity/Q131588060,Enea
http://www.wikidata.org/entity/Q126284315,
http://www.wikidata.org/entity/Q126284312,
http://www.wikidata.org/entity/Q126284313,
http://www.wikidata.org/entity/Q126284318,
http://www.wikidata.org/entity/Q126284316,
http://www.wikidata.org/entity/Q126284317,
http://www.wikidata.org/entity/Q126284322,
http://www.wikidata.org/entity/Q126284320,
http://www.wikidata.org/entity/Q126284326,
http://www.wikidata.org/entity/Q126284329,
http://www.wikidata.org/entity/Q126284355,
http://www.wikidata.org/entity/Q126284357,
http://www.wikidata.org/entity/Q126284383,
http://www.wikidata.org/entity/Q126284380,
http://www.wikidata.org/entity/Q126284381,
http://www.wikidata.org/entity/Q126284386,
http://www.wikidata.org/entity/Q126284387,
http://www.wikidata.org/entity/Q126284384,
http://www.wikidata.org/entity/Q126284385,
http://www.wikidata.org/entity/Q126284388,
http://www.wikidata.org/entity/Q126284389,
http://www.wikidata.org/entity/Q126284622,
http://www.wikidata.org/entity/Q126310903,Francesco Guardi
http://www.wikidata.org/entity/Q126329804,Annunciazione
http://www.wikidata.org/entity/Q126331546,Ultima cena
http://www.wikidata.org/entity/Q126331548,Madonna col Bambino
http://www.wikidata.org/entity/Q126368575,Annunciazione
http://www.wikidata.org/entity/Q126371885,
http://www.wikidata.org/entity/Q126456502,Maria Maddalena
http://www.wikidata.org/entity/Q126456503,
http://www.wikidata.org/entity/Q126456506,
http://www.wikidata.org/entity/Q126456507,
http://www.wikidata.org/entity/Q126456505,Gian Lorenzo Bernini
http://www.wikidata.org/entity/Q126456508,
http://www.wikidata.org/entity/Q126456514,
http://www.wikidata.org/entity/Q126456515,
http://www.wikidata.org/entity/Q126456516,
http://www.wikidata.org/entity/Q126456517,
http://www.wikidata.org/entity/Q126456526,Bettina Raggi
http://www.wikidata.org/entity/Q126456555,
http://www.wikidata.org/entity/Q126513924,martirio di San Sebastiano
http://www.wikidata.org/entity/Q126633287,Bambino Gesù
http://www.wikidata.org/entity/Q126680509,
http://www.wikidata.org/entity/Q126709512,Jacopo Palma il Giovane
http://www.wikidata.org/entity/Q126721550,Francesco Donà
http://www.wikidata.org/entity/Q126727120,
http://www.wikidata.org/entity/Q126727184,Fuga in Egitto
http://www.wikidata.org/entity/Q126727198,
http://www.wikidata.org/entity/Q126891336,
http://www.wikidata.org/entity/Q126918076,Madonna col Bambino
http://www.wikidata.org/entity/Q127327807,vestale
http://www.wikidata.org/entity/Q127433409,Ultima cena
http://www.wikidata.org/entity/Q127442026,Thomas Jenkins
http://www.wikidata.org/entity/Q127564377,morte di Cleopatra
http://www.wikidata.org/entity/Q127695958,martirio di san Pietro da Verona
http://www.wikidata.org/entity/Q127790733,santo cristiano
http://www.wikidata.org/entity/Q127985499,Madonna col Bambino
http://www.wikidata.org/entity/Q127985981,
http://www.wikidata.org/entity/Q128124962,Umberto II di Savoia
http://www.wikidata.org/entity/Q128495286,
http://www.wikidata.org/entity/Q128783484,Madonna col Bambino
http://www.wikidata.org/entity/Q128810133,
http://www.wikidata.org/entity/Q128941201,
http://www.wikidata.org/entity/Q129199340,Antonio di Padova
http://www.wikidata.org/entity/Q129487042,Luigi Rava
http://www.wikidata.org/entity/Q129500713,
http://www.wikidata.org/entity/Q129507208,papa Alessandro VII
http://www.wikidata.org/entity/Q129977163,Griselda
http://www.wikidata.org/entity/Q130212907,Francesco Maria de' Medici
http://www.wikidata.org/entity/Q130213077,Vittoria della Rovere
http://www.wikidata.org/entity/Q130213160,Ferdinando II de' Medici
http://www.wikidata.org/entity/Q130214332,Madonna col Bambino
http://www.wikidata.org/entity/Q130221017,Ladislao IV di Polonia
http://www.wikidata.org/entity/Q130234284,
http://www.wikidata.org/entity/Q130335034,papa Gregorio XI
http://www.wikidata.org/entity/Q130369461,Napoleone Bonaparte
http://www.wikidata.org/entity/Q130375844,Roberto Strozzi
http://www.wikidata.org/entity/Q130394364,Giuseppe De Capitani d'Arzago
http://www.wikidata.org/entity/Q130467776,Federico Ubaldo della Rovere
http://www.wikidata.org/entity/Q130492308,Visitazione della Beata Vergine Maria
http://www.wikidata.org/entity/Q130515982,battesimo di Gesù
http://www.wikidata.org/entity/Q130536956,
http://www.wikidata.org/entity/Q130537073,
http://www.wikidata.org/entity/Q130552524,
http://www.wikidata.org/entity/Q130642202,
http://www.wikidata.org/entity/Q130999230,
http://www.wikidata.org/entity/Q131011027,arca di Noè
http://www.wikidata.org/entity/Q131100772,
http://www.wikidata.org/entity/Q131154939,
http://www.wikidata.org/entity/Q131325204,
http://www.wikidata.org/entity/Q131340770,
http://www.wikidata.org/entity/Q131349567,
http://www.wikidata.org/entity/Q131350054,"Lorenzo Onofrio Colonna, conte dei Marsi"
http://www.wikidata.org/entity/Q131351071,Pompeo Colonna
http://www.wikidata.org/entity/Q131354901,
http://www.wikidata.org/entity/Q131356481,
http://www.wikidata.org/entity/Q131362573,
http://www.wikidata.org/entity/Q131367847,Sacra conversazione
http://www.wikidata.org/entity/Q131395036,Francesco Maria II della Rovere
http://www.wikidata.org/entity/Q131414320,Adorazione dei Magi
http://www.wikidata.org/entity/Q131604558,Venere
http://www.wikidata.org/entity/Q131604557,Tobia e l'angelo
http://www.wikidata.org/entity/Q131604561,Venezia
http://www.wikidata.org/entity/Q131604566,Venere e Cupido
http://www.wikidata.org/entity/Q131604568,Venere
http://www.wikidata.org/entity/Q131604569,Venere
http://www.wikidata.org/entity/Q131604575,Venere
http://www.wikidata.org/entity/Q131604582,Canton
http://www.wikidata.org/entity/Q131604586,Villa Baldi
http://www.wikidata.org/entity/Q131604589,Villa Gandino
http://www.wikidata.org/entity/Q131604610,Vesta
http://www.wikidata.org/entity/Q131613578,adorazione dei pastori
http://www.wikidata.org/entity/Q131613579,cherubino
http://www.wikidata.org/entity/Q131613582,Gesù
http://www.wikidata.org/entity/Q131613581,crocifissione di Gesù
http://www.wikidata.org/entity/Q131613590,bauta
http://www.wikidata.org/entity/Q131613591,composizione astratta
http://www.wikidata.org/entity/Q131613594,agricoltore
http://www.wikidata.org/entity/Q131613592,composizione astratta
http://www.wikidata.org/entity/Q131613593,
http://www.wikidata.org/entity/Q131613596,tauromachia
http://www.wikidata.org/entity/Q131613597,corridore
http://www.wikidata.org/entity/Q131613607,Cristo
http://www.wikidata.org/entity/Q131613605,crocifissione di Gesù
http://www.wikidata.org/entity/Q131613610,Cristo e la Samaritana al pozzo
http://www.wikidata.org/entity/Q131613608,Compianto sul Cristo morto
http://www.wikidata.org/entity/Q131613615,danza
http://www.wikidata.org/entity/Q131613626,asino
http://www.wikidata.org/entity/Q131613627,donna
http://www.wikidata.org/entity/Q131613630,crocifissione di Gesù
http://www.wikidata.org/entity/Q131613631,vescovo
http://www.wikidata.org/entity/Q131613629,pagliaccio
http://www.wikidata.org/entity/Q131613632,Madonna col Bambino
http://www.wikidata.org/entity/Q131613637,casa Savoia
http://www.wikidata.org/entity/Q131613648,esercitazione militare
http://www.wikidata.org/entity/Q131613655,nudo artistico
http://www.wikidata.org/entity/Q131613659,
http://www.wikidata.org/entity/Q131613656,combattimento
http://www.wikidata.org/entity/Q131613657,donna
http://www.wikidata.org/entity/Q131613666,Adorazione dei Magi
http://www.wikidata.org/entity/Q131613667,Gesù
http://www.wikidata.org/entity/Q131613670,Francesco d'Assisi
http://www.wikidata.org/entity/Q131613671,Agostino d'Ippona
http://www.wikidata.org/entity/Q131613668,crocifissione di Gesù
http://www.wikidata.org/entity/Q131613669,Antonio di Padova
http://www.wikidata.org/entity/Q131613675,donna
http://www.wikidata.org/entity/Q131613679,ragazza
http://www.wikidata.org/entity/Q131613676,crocifissione di Gesù
http://www.wikidata.org/entity/Q131613680,donna
http://www.wikidata.org/entity/Q131613706,voto
http://www.wikidata.org/entity/Q131613704,soldato
http://www.wikidata.org/entity/Q131613705,trionfo
http://www.wikidata.org/entity/Q131613711,partner
http://www.wikidata.org/entity/Q131613714,donna
http://www.wikidata.org/entity/Q131613715,speranza
http://www.wikidata.org/entity/Q131613713,angelo
http://www.wikidata.org/entity/Q131613716,torre
http://www.wikidata.org/entity/Q131613717,battaglia di Custoza
http://www.wikidata.org/entity/Q131613722,lavandaia
http://www.wikidata.org/entity/Q131613723,madre
http://www.wikidata.org/entity/Q131613721,famiglia
http://www.wikidata.org/entity/Q131613731,Madonna col Bambino
http://www.wikidata.org/entity/Q131613729,Marie-Jeanne Roland de la Platière
http://www.wikidata.org/entity/Q131613734,Madonna col Bambino
http://www.wikidata.org/entity/Q131613732,Madonna col Bambino
http://www.wikidata.org/entity/Q131613739,Maria
http://www.wikidata.org/entity/Q131613742,Madonna col Bambino
http://www.wikidata.org/entity/Q131613743,Madonna col Bambino
http://www.wikidata.org/entity/Q131613740,Madonna col Bambino
http://www.wikidata.org/entity/Q131613741,Madonna col Bambino
http://www.wikidata.org/entity/Q131613746,Madonna col Bambino
http://www.wikidata.org/entity/Q131613745,Maria
http://www.wikidata.org/entity/Q131613748,Madonna col Bambino
http://www.wikidata.org/entity/Q131613786,mascherone
http://www.wikidata.org/entity/Q131613787,maternità
http://www.wikidata.org/entity/Q131613784,mare
http://www.wikidata.org/entity/Q131613785,
http://www.wikidata.org/entity/Q131613797,muratore
http://www.wikidata.org/entity/Q131613820,natura morta
http://www.wikidata.org/entity/Q131613821,natura morta
http://www.wikidata.org/entity/Q131613826,Orlando furioso
http://www.wikidata.org/entity/Q131613825,orazione nell'orto
http://www.wikidata.org/entity/Q131613832,assedio
http://www.wikidata.org/entity/Q131613833,Madonna col Bambino
http://www.wikidata.org/entity/Q131613870,Borbone
http://www.wikidata.org/entity/Q131613868,Elisabetta Querini
http://www.wikidata.org/entity/Q131613869,Savoia-Carignano
http://www.wikidata.org/entity/Q131613875,primavera
http://www.wikidata.org/entity/Q131613879,
http://www.wikidata.org/entity/Q131613880,ragazza
http://www.wikidata.org/entity/Q131613890,cavalleria
http://www.wikidata.org/entity/Q131613891,maschio
http://www.wikidata.org/entity/Q131613888,Fuga in Egitto
http://www.wikidata.org/entity/Q131613892,Alessandro Manzoni
http://www.wikidata.org/entity/Q131613900,Giovanni Battista
http://www.wikidata.org/entity/Q131613901,san Giorgio e il drago
http://www.wikidata.org/entity/Q131613904,san Rocco
http://www.wikidata.org/entity/Q131613905,assunzione di Maria nell'arte
http://www.wikidata.org/entity/Q131613914,Toro di San Luca
http://www.wikidata.org/entity/Q131613915,Leone di san Marco
http://www.wikidata.org/entity/Q131414321,Adorazione dei Magi
http://www.wikidata.org/entity/Q131414326,Annunciazione
http://www.wikidata.org/entity/Q131414433,Giustina Donà dalle Rose
http://www.wikidata.org/entity/Q131421438,
http://www.wikidata.org/entity/Q131421566,Pietà
http://www.wikidata.org/entity/Q131421567,adorazione dei pastori
http://www.wikidata.org/entity/Q131421565,adorazione dei pastori
http://www.wikidata.org/entity/Q131421570,nascita di Gesù
http://www.wikidata.org/entity/Q131421571,nascita di Gesù
http://www.wikidata.org/entity/Q131422002,adorazione
http://www.wikidata.org/entity/Q131422003,Adorazione dei Magi
http://www.wikidata.org/entity/Q131422007,Adorazione dei Magi
http://www.wikidata.org/entity/Q131422004,Adorazione dei Magi
http://www.wikidata.org/entity/Q131422010,Adorazione dei Magi
http://www.wikidata.org/entity/Q131422011,Adorazione dei Magi
http://www.wikidata.org/entity/Q131422008,Adorazione dei Magi
http://www.wikidata.org/entity/Q131422009,Adorazione dei Magi
http://www.wikidata.org/entity/Q131422014,adorazione dei pastori
http://www.wikidata.org/entity/Q131422015,adorazione dei pastori
http://www.wikidata.org/entity/Q131422012,adorazione dei pastori
http://www.wikidata.org/entity/Q131422013,adorazione dei pastori
http://www.wikidata.org/entity/Q131422018,adorazione dei pastori
http://www.wikidata.org/entity/Q131422019,adorazione dei pastori
http://www.wikidata.org/entity/Q131422016,adorazione dei pastori
http://www.wikidata.org/entity/Q131422017,adorazione dei pastori
http://www.wikidata.org/entity/Q131422022,Adorazione dei Magi
http://www.wikidata.org/entity/Q131422020,Adorazione dei Magi
http://www.wikidata.org/entity/Q131422021,adorazione dei pastori
http://www.wikidata.org/entity/Q131422030,
http://www.wikidata.org/entity/Q131422031,
http://www.wikidata.org/entity/Q131422028,
http://www.wikidata.org/entity/Q131422029,
http://www.wikidata.org/entity/Q131422036,Agnus Dei
http://www.wikidata.org/entity/Q131449651,Alessandro de' Medici
http://www.wikidata.org/entity/Q131449654,
http://www.wikidata.org/entity/Q131449662,vita umana
http://www.wikidata.org/entity/Q131449660,pomeriggio
http://www.wikidata.org/entity/Q131449661,Pegaso
http://www.wikidata.org/entity/Q131449667,Immacolata Concezione
http://www.wikidata.org/entity/Q131449675,pazienza
http://www.wikidata.org/entity/Q131449678,virtù
http://www.wikidata.org/entity/Q131449679,
http://www.wikidata.org/entity/Q131449676,redenzione
http://www.wikidata.org/entity/Q131449680,battaglia di Lepanto
http://www.wikidata.org/entity/Q131449695,cavaliere
http://www.wikidata.org/entity/Q131449693,Annunciazione
http://www.wikidata.org/entity/Q131449700,astrologia
http://www.wikidata.org/entity/Q131449706,
http://www.wikidata.org/entity/Q131449707,
http://www.wikidata.org/entity/Q131449704,
http://www.wikidata.org/entity/Q131449705,Bianca Cappello
http://www.wikidata.org/entity/Q131450079,
http://www.wikidata.org/entity/Q131450082,Annunciazione
http://www.wikidata.org/entity/Q131450086,Annunciazione
http://www.wikidata.org/entity/Q131450087,Annunciazione
http://www.wikidata.org/entity/Q131450084,Annunciazione
http://www.wikidata.org/entity/Q131450085,Annunciazione
http://www.wikidata.org/entity/Q131450090,Annunciazione
http://www.wikidata.org/entity/Q131450089,Annunciazione
http://www.wikidata.org/entity/Q131450094,Annunciazione
http://www.wikidata.org/entity/Q131450095,Annunciazione
http://www.wikidata.org/entity/Q131450092,Annunciazione
http://www.wikidata.org/entity/Q131450093,Annunciazione
http://www.wikidata.org/entity/Q131450098,Annunciazione
http://www.wikidata.org/entity/Q131450099,Annunciazione
http://www.wikidata.org/entity/Q131450096,Annunciazione
http://www.wikidata.org/entity/Q131450103,Annunciazione
http://www.wikidata.org/entity/Q131450100,Annunciazione
http://www.wikidata.org/entity/Q131450107,Annunciazione
http://www.wikidata.org/entity/Q131450104,Annunciazione
http://www.wikidata.org/entity/Q131450105,Annunciazione
http://www.wikidata.org/entity/Q131450111,Annunciazione
http://www.wikidata.org/entity/Q131450108,Annunciazione
http://www.wikidata.org/entity/Q131450109,Annunciazione
http://www.wikidata.org/entity/Q131450114,Annunciazione
http://www.wikidata.org/entity/Q131450115,Annunciazione
http://www.wikidata.org/entity/Q131450112,Annunciazione
http://www.wikidata.org/entity/Q131450118,Annunciazione
http://www.wikidata.org/entity/Q131450119,Annunciazione
http://www.wikidata.org/entity/Q131450116,Annunciazione
http://www.wikidata.org/entity/Q131450122,Annunciazione
http://www.wikidata.org/entity/Q131450123,Annunciazione
http://www.wikidata.org/entity/Q131450120,Annunciazione
http://www.wikidata.org/entity/Q131450126,Annunciazione
http://www.wikidata.org/entity/Q131450127,Annunciazione
http://www.wikidata.org/entity/Q131450124,Annunciazione
http://www.wikidata.org/entity/Q131450125,Annunciazione
http://www.wikidata.org/entity/Q131450134,Annunciazione
http://www.wikidata.org/entity/Q131450135,Annunciazione
http://www.wikidata.org/entity/Q131450132,Annunciazione
http://www.wikidata.org/entity/Q131450133,Annunciazione
http://www.wikidata.org/entity/Q131450138,Annunciazione
http://www.wikidata.org/entity/Q131450136,Annunciazione
http://www.wikidata.org/entity/Q131450142,annuncio ai pastori
http://www.wikidata.org/entity/Q131450146,nascita di Gesù
http://www.wikidata.org/entity/Q131450144,nascita di Gesù
http://www.wikidata.org/entity/Q131450145,nascita di Gesù
http://www.wikidata.org/entity/Q131450151,Annunciazione
http://www.wikidata.org/entity/Q131450148,nascita di Gesù
http://www.wikidata.org/entity/Q131450149,nascita di Gesù
http://www.wikidata.org/entity/Q131690572,Maria
http://www.wikidata.org/entity/Q131690573,Madonna col Bambino
http://www.wikidata.org/entity/Q131690578,Maria
http://www.wikidata.org/entity/Q131690579,Maria
http://www.wikidata.org/entity/Q131690582,Maria
http://www.wikidata.org/entity/Q131690583,Maria
http://www.wikidata.org/entity/Q131690581,Maria
http://www.wikidata.org/entity/Q131690586,Maria
http://www.wikidata.org/entity/Q131690587,Maria
http://www.wikidata.org/entity/Q131690584,Maria
http://www.wikidata.org/entity/Q131690590,Maria
http://www.wikidata.org/entity/Q131690591,Maria
http://www.wikidata.org/entity/Q131690588,Maria
http://www.wikidata.org/entity/Q131690589,Maria
http://www.wikidata.org/entity/Q131690594,Maria
http://www.wikidata.org/entity/Q131690592,Maria
http://www.wikidata.org/entity/Q131690593,Maria
http://www.wikidata.org/entity/Q131690599,Madonna col Bambino
http://www.wikidata.org/entity/Q131690596,Maria
http://www.wikidata.org/entity/Q131690602,Madonna col Bambino
http://www.wikidata.org/entity/Q131690603,Maria
http://www.wikidata.org/entity/Q131690601,Madonna col Bambino
http://www.wikidata.org/entity/Q131690606,Madonna col Bambino
http://www.wikidata.org/entity/Q131690605,Madonna col Bambino
http://www.wikidata.org/entity/Q131690633,Madonna col Bambino
http://www.wikidata.org/entity/Q131690639,Maria
http://www.wikidata.org/entity/Q131690637,Madonna col Bambino
http://www.wikidata.org/entity/Q131690641,Maria
http://www.wikidata.org/entity/Q131690646,semplicità
http://www.wikidata.org/entity/Q131690652,Maria
http://www.wikidata.org/entity/Q131690656,
http://www.wikidata.org/entity/Q131690663,Sacra conversazione
http://www.wikidata.org/entity/Q131690660,Forma del corpo umano femminile
http://www.wikidata.org/entity/Q131702506,Cristina di Borbone-Francia
http://www.wikidata.org/entity/Q131704134,assunzione di Maria nell'arte
http://www.wikidata.org/entity/Q131704138,Cristo porta la croce
http://www.wikidata.org/entity/Q131704142,Guarigione del ragazzo indemoniato
http://www.wikidata.org/entity/Q131704140,Gesù
http://www.wikidata.org/entity/Q131704141,pericope dell'adultera
http://www.wikidata.org/entity/Q131704145,chiavi del cielo
http://www.wikidata.org/entity/Q131704265,Davide e Golia
http://www.wikidata.org/entity/Q131704274,deposizione di Gesù
http://www.wikidata.org/entity/Q131704272,deposizione di Gesù
http://www.wikidata.org/entity/Q131704273,deposizione di Gesù
http://www.wikidata.org/entity/Q131704278,deposizione di Gesù
http://www.wikidata.org/entity/Q131704279,deposizione di Gesù
http://www.wikidata.org/entity/Q131704280,deposizione di Gesù
http://www.wikidata.org/entity/Q131704281,deposizione di Gesù
http://www.wikidata.org/entity/Q131704285,Diana
http://www.wikidata.org/entity/Q131704288,incontro tra Diogene di Sinope e Alessandro Magno
http://www.wikidata.org/entity/Q131704294,disputa sull'Immacolata Concezione
http://www.wikidata.org/entity/Q131704298,Chiara d'Assisi
http://www.wikidata.org/entity/Q131704296,disputa sull'Immacolata Concezione
http://www.wikidata.org/entity/Q131704297,Andrea Gallerani
http://www.wikidata.org/entity/Q131704303,
http://www.wikidata.org/entity/Q131704304,Dossale di Badia Ardenga
http://www.wikidata.org/entity/Q131704770,carità
http://www.wikidata.org/entity/Q131704783,morte di Cleopatra
http://www.wikidata.org/entity/Q131704780,purificazione del Tempio
http://www.wikidata.org/entity/Q131708783,Alpi
http://www.wikidata.org/entity/Q131719683,Davide con la testa di Golia
http://www.wikidata.org/entity/Q131719684,Roma
http://www.wikidata.org/entity/Q131719685,Cristo morto
http://www.wikidata.org/entity/Q131719730,Filippo Neri
http://www.wikidata.org/entity/Q131719735,Giovanni Battista
http://www.wikidata.org/entity/Q131719732,Sant'Agata
http://www.wikidata.org/entity/Q131719736,Giovanni Battista
http://www.wikidata.org/entity/Q131719743,zodiaco
http://www.wikidata.org/entity/Q131719746,Giovanni
http://www.wikidata.org/entity/Q131719744,Giovanni Battista
http://www.wikidata.org/entity/Q131719745,Marco Furio Camillo
http://www.wikidata.org/entity/Q131719750,La castellana di Vergi
http://www.wikidata.org/entity/Q131719756,Arresto di Gesù
http://www.wikidata.org/entity/Q131721232,Anna Maria Luisa de' Medici
http://www.wikidata.org/entity/Q131748785,crocifisso
http://www.wikidata.org/entity/Q131753928,sepoltura di Gesù
http://www.wikidata.org/entity/Q131753929,Erminia tra i pastori
http://www.wikidata.org/entity/Q131753974,amorino
http://www.wikidata.org/entity/Q131753985,donna
http://www.wikidata.org/entity/Q131754003,Petronio; Stefano
http://www.wikidata.org/entity/Q131760459,donna
http://www.wikidata.org/entity/Q131760462,Henriette Negrin
http://www.wikidata.org/entity/Q131760461,adolescente
http://www.wikidata.org/entity/Q131760474,
http://www.wikidata.org/entity/Q131760475,Elena Pavlovna Romanova
http://www.wikidata.org/entity/Q131760472,Caterina Contarini Querini
http://www.wikidata.org/entity/Q131760473,Cristoforo Colombo
http://www.wikidata.org/entity/Q131760478,Massimo d'Azeglio
http://www.wikidata.org/entity/Q131760479,Napoleone Bonaparte
http://www.wikidata.org/entity/Q131760476,Enrico II di Francia
http://www.wikidata.org/entity/Q131760480,uomo
http://www.wikidata.org/entity/Q131760481,Vannozza Cattanei
http://www.wikidata.org/entity/Q131766115,fede
http://www.wikidata.org/entity/Q131766119,Purim
http://www.wikidata.org/entity/Q131766122,matrona
http://www.wikidata.org/entity/Q131766120,moltiplicazione dei pani e dei pesci
http://www.wikidata.org/entity/Q131766143,pace; fedeltà
http://www.wikidata.org/entity/Q131766147,combattimento
http://www.wikidata.org/entity/Q131766151,ritrovamento della Croce
http://www.wikidata.org/entity/Q131766148,Giove
http://www.wikidata.org/entity/Q131766192,flagellazione di Gesù
http://www.wikidata.org/entity/Q131812877,fortezza
http://www.wikidata.org/entity/Q131812900,Evangelista
http://www.wikidata.org/entity/Q131812901,santo cristiano
http://www.wikidata.org/entity/Q131812919,Francesco d'Assisi
http://www.wikidata.org/entity/Q131812917,Francesco Datini
http://www.wikidata.org/entity/Q131812921,deposizione di Gesù
http://www.wikidata.org/entity/Q131812935,Enea
http://www.wikidata.org/entity/Q131812933,Enea
http://www.wikidata.org/entity/Q131812937,Enea
http://www.wikidata.org/entity/Q131813151,Bacco
http://www.wikidata.org/entity/Q131813148,
http://www.wikidata.org/entity/Q131813153,Mercurio
http://www.wikidata.org/entity/Q131813159,Giacobbe
http://www.wikidata.org/entity/Q131813192,Ignazio di Loyola
http://www.wikidata.org/entity/Q131813340,Apollo
http://www.wikidata.org/entity/Q131823354,
http://www.wikidata.org/entity/Q131823355,Giove
http://www.wikidata.org/entity/Q131823366,Caterina d'Alessandria
http://www.wikidata.org/entity/Q131823364,Carlo Borromeo
http://www.wikidata.org/entity/Q131823365,Dio nel Cristianesimo
http://www.wikidata.org/entity/Q131825279,grifone; Arimaspi
http://www.wikidata.org/entity/Q131825292,espulsione di Agar e Ismaele
http://www.wikidata.org/entity/Q131825306,Ercole e Onfale
http://www.wikidata.org/entity/Q131825307,Eracle; Olimpi
http://www.wikidata.org/entity/Q131825315,Sacra conversazione; Madonna col Bambino
http://www.wikidata.org/entity/Q131825312,decapitazione di Giovanni Battista
http://www.wikidata.org/entity/Q131825319,Sacra Famiglia
http://www.wikidata.org/entity/Q131825316,Sacra Famiglia
http://www.wikidata.org/entity/Q131825317,Sacra Famiglia
http://www.wikidata.org/entity/Q131825322,Sacra Famiglia
http://www.wikidata.org/entity/Q131825323,Sacra Famiglia
http://www.wikidata.org/entity/Q131825320,Sacra Famiglia
http://www.wikidata.org/entity/Q131825326,Sacra Famiglia
http://www.wikidata.org/entity/Q131825324,Sacra Famiglia
http://www.wikidata.org/entity/Q131825329,Equus ferus caballus
http://www.wikidata.org/entity/Q131825338,I due Foscari
http://www.wikidata.org/entity/Q131825360,maestà
http://www.wikidata.org/entity/Q131825364,mare
http://www.wikidata.org/entity/Q131829978,vescovo cattolico
http://www.wikidata.org/entity/Q131830267,Ampelio eremita
http://www.wikidata.org/entity/Q131830296,Eligio di Noyon
http://www.wikidata.org/entity/Q131830590,
http://www.wikidata.org/entity/Q131831531,Vera Croce; confraternita
http://www.wikidata.org/entity/Q131831573,Metterza
http://www.wikidata.org/entity/Q131831783,Madonna col Bambino
http://www.wikidata.org/entity/Q131832197,Madonna col Bambino
http://www.wikidata.org/entity/Q131832227,Dio Padre
http://www.wikidata.org/entity/Q131840176,crocifissione di Gesù
http://www.wikidata.org/entity/Q131851008,Gesù; Redentore; dodici apostoli
http://www.wikidata.org/entity/Q131851009,caffetteria
http://www.wikidata.org/entity/Q131851014,Immacolata Concezione
http://www.wikidata.org/entity/Q131851015,campo
http://www.wikidata.org/entity/Q131851012,Immacolata Concezione
http://www.wikidata.org/entity/Q131851013,Immacolata Concezione
http://www.wikidata.org/entity/Q131851018,Sacra conversazione
http://www.wikidata.org/entity/Q131851016,Tommaso
http://www.wikidata.org/entity/Q131851028,Giunone
http://www.wikidata.org/entity/Q131851035,Circe
http://www.wikidata.org/entity/Q131851042,Marte
http://www.wikidata.org/entity/Q131851041,mansuetudine
http://www.wikidata.org/entity/Q131851051,moderazione
http://www.wikidata.org/entity/Q131851094,Bernardino da Siena
http://www.wikidata.org/entity/Q131851103,arca di Noè
http://www.wikidata.org/entity/Q131851100,sposalizio mistico di santa Caterina
http://www.wikidata.org/entity/Q131851106,
http://www.wikidata.org/entity/Q131851108,Davide; Antonio abate
http://www.wikidata.org/entity/Q131851122,Presentazione al Tempio
http://www.wikidata.org/entity/Q131851126,religione
http://www.wikidata.org/entity/Q131851124,prosperità
http://www.wikidata.org/entity/Q131851125,risurrezione di Lazzaro
http://www.wikidata.org/entity/Q131851135,Risurrezione di Gesù
http://www.wikidata.org/entity/Q131851136,taglia
http://www.wikidata.org/entity/Q131856664,Paolo di Tarso
http://www.wikidata.org/entity/Q131856823,Annunciazione
http://www.wikidata.org/entity/Q131856942,Giovanni Battista
http://www.wikidata.org/entity/Q131857319,Sofronio Eusebio Girolamo
http://www.wikidata.org/entity/Q131857510,San Giuseppe
http://www.wikidata.org/entity/Q131859345,diocesi di Albenga-Imperia
http://www.wikidata.org/entity/Q131859480,Andrea
http://www.wikidata.org/entity/Q131859542,liberazione di Pietro
http://www.wikidata.org/entity/Q131860141,cardinale
http://www.wikidata.org/entity/Q131860198,Giambattista Spinola
http://www.wikidata.org/entity/Q131861810,Madonna col Bambino; Simone Stock
http://www.wikidata.org/entity/Q131861981,Madonna della Misericordia
http://www.wikidata.org/entity/Q131868524,Assunzione di Maria
http://www.wikidata.org/entity/Q131869926,Giovanni Battista
http://www.wikidata.org/entity/Q131869955,Assunzione di Maria
http://www.wikidata.org/entity/Q131919623,Compianto sul Cristo morto
http://www.wikidata.org/entity/Q131937025,Giacobbe e Rachele
http://www.wikidata.org/entity/Q131937030,Ritrovamento di Gesù al Tempio
http://www.wikidata.org/entity/Q131937031,orazione nell'orto
http://www.wikidata.org/entity/Q131937032,orazione nell'orto
http://www.wikidata.org/entity/Q131937036,Giuseppe
http://www.wikidata.org/entity/Q131937042,giovane uomo
http://www.wikidata.org/entity/Q131937045,Salomone
http://www.wikidata.org/entity/Q131937061,emigrazione
http://www.wikidata.org/entity/Q131937066,Compianto sul Cristo morto
http://www.wikidata.org/entity/Q131937070,Compianto sul Cristo morto
http://www.wikidata.org/entity/Q131937078,Ultima cena
http://www.wikidata.org/entity/Q131937079,Ultima cena
http://www.wikidata.org/entity/Q131937080,Ultima cena
http://www.wikidata.org/entity/Q131937081,Ultima cena
http://www.wikidata.org/entity/Q131937094,lago
http://www.wikidata.org/entity/Q131937102,crocifissione di Gesù
http://www.wikidata.org/entity/Q131937109,Lot e le sue figlie
http://www.wikidata.org/entity/Q131937113,Basilicata
http://www.wikidata.org/entity/Q131937118,Lupercalia
http://www.wikidata.org/entity/Q132147956,rivolta dei Maccabei
http://www.wikidata.org/entity/Q132147979,Margherita da Cortona
http://www.wikidata.org/entity/Q132147995,crocifissione di Gesù
http://www.wikidata.org/entity/Q132147993,Sant'Agnese; martirio
http://www.wikidata.org/entity/Q132147998,
http://www.wikidata.org/entity/Q132147996,Bartolomeo
http://www.wikidata.org/entity/Q132147997,Bartolomeo
http://www.wikidata.org/entity/Q132148002,San Lorenzo
http://www.wikidata.org/entity/Q132148006,Maurelio di Voghenza
http://www.wikidata.org/entity/Q132148011,Madonna col Bambino
http://www.wikidata.org/entity/Q132148015,Madonna col Bambino
http://www.wikidata.org/entity/Q132148013,strage degli innocenti
http://www.wikidata.org/entity/Q132148016,Madonna col Bambino
http://www.wikidata.org/entity/Q132148031,Giovanni Battista
http://www.wikidata.org/entity/Q132148039,Michelangelo Buonarroti
http://www.wikidata.org/entity/Q132148037,Madonna col Bambino
http://www.wikidata.org/entity/Q132148050,moltiplicazione dei pani e dei pesci
http://www.wikidata.org/entity/Q132148051,Sant'Agnese
http://www.wikidata.org/entity/Q132148054,cappella di San Giovanni Gualberto nella Basilica di Santa Prassede
http://www.wikidata.org/entity/Q132148052,Bartolomeo
http://www.wikidata.org/entity/Q132148057,San Filippo Benizzi
http://www.wikidata.org/entity/Q132148061,Trifone
http://www.wikidata.org/entity/Q132148134,Ultima cena
http://www.wikidata.org/entity/Q132148137,Muse
http://www.wikidata.org/entity/Q132166188,
http://www.wikidata.org/entity/Q132166238,arte erotica
http://www.wikidata.org/entity/Q132166239,arte erotica
http://www.wikidata.org/entity/Q132166241,arte erotica
http://www.wikidata.org/entity/Q132166246,arte erotica
http://www.wikidata.org/entity/Q132166245,arte erotica
http://www.wikidata.org/entity/Q132166250,arte erotica
http://www.wikidata.org/entity/Q132166251,Ermafrodito
http://www.wikidata.org/entity/Q132166254,arte erotica
http://www.wikidata.org/entity/Q132166252,arte erotica
http://www.wikidata.org/entity/Q132166258,arte erotica
http://www.wikidata.org/entity/Q132166259,Ermafrodito
http://www.wikidata.org/entity/Q132166256,arte erotica
http://www.wikidata.org/entity/Q132166257,Ermafrodito
http://www.wikidata.org/entity/Q132166260,arte erotica
http://www.wikidata.org/entity/Q132166261,arte erotica
http://www.wikidata.org/entity/Q132166270,Pietà
http://www.wikidata.org/entity/Q132166271,Pietà
http://www.wikidata.org/entity/Q132166275,Presentazione al Tempio
http://www.wikidata.org/entity/Q132166272,Pietà di Luco
http://www.wikidata.org/entity/Q132166294,Visitazione della Beata Vergine Maria
http://www.wikidata.org/entity/Q132166295,giudizio universale
http://www.wikidata.org/entity/Q132166292,
http://www.wikidata.org/entity/Q132166293,Eligio di Noyon
http://www.wikidata.org/entity/Q132166298,Lucifero di Cagliari
http://www.wikidata.org/entity/Q132166296,Venanzio Fortunato
http://www.wikidata.org/entity/Q132166297,Giustina di Padova
http://www.wikidata.org/entity/Q132188587,papa Clemente XIV
http://www.wikidata.org/entity/Q132190189,Venere
http://www.wikidata.org/entity/Q132247240,Noli me tangere
http://www.wikidata.org/entity/Q132247244,Gesù
http://www.wikidata.org/entity/Q132247267,
http://www.wikidata.org/entity/Q132247310,crocifisso
http://www.wikidata.org/entity/Q132247313,vanitas
http://www.wikidata.org/entity/Q132247316,donna
http://www.wikidata.org/entity/Q132247327,Madonna col Bambino
http://www.wikidata.org/entity/Q132247331,angelo
http://www.wikidata.org/entity/Q132247328,Vincenzo Ferreri
http://www.wikidata.org/entity/Q132247334,Andrea
http://www.wikidata.org/entity/Q132247338,
http://www.wikidata.org/entity/Q132247378,Gaio Servilio Ahala
http://www.wikidata.org/entity/Q132247376,Aulo Postumio Tuberto
http://www.wikidata.org/entity/Q132247380,Vittore il Moro
http://www.wikidata.org/entity/Q132247435,Paolo e Francesca
http://www.wikidata.org/entity/Q132247451,crocifissione di Gesù
http://www.wikidata.org/entity/Q132397606,Pietà
http://www.wikidata.org/entity/Q132397607,donna
http://www.wikidata.org/entity/Q132397604,Compianto sul Cristo morto
http://www.wikidata.org/entity/Q132397610,Pietà di Luco
http://www.wikidata.org/entity/Q132397611,
http://www.wikidata.org/entity/Q132397614,
http://www.wikidata.org/entity/Q132397615,
http://www.wikidata.org/entity/Q132397613,
http://www.wikidata.org/entity/Q132397621,angelo
http://www.wikidata.org/entity/Q132397631,
http://www.wikidata.org/entity/Q132397663,
http://www.wikidata.org/entity/Q132397660,Madonna col Bambino
http://www.wikidata.org/entity/Q132397666,incontro alla Porta d'Oro
http://www.wikidata.org/entity/Q132397667,Pietà
http://www.wikidata.org/entity/Q132397664,Compianto sul Cristo morto
http://www.wikidata.org/entity/Q132397665,Sacra conversazione
http://www.wikidata.org/entity/Q132397670,santo cristiano
http://www.wikidata.org/entity/Q132397668,Pietà
http://www.wikidata.org/entity/Q132397669,santo cristiano
http://www.wikidata.org/entity/Q132397673,Presentazione al Tempio
http://www.wikidata.org/entity/Q132397679,Carnevale di Roma
http://www.wikidata.org/entity/Q132397687,Cupido
http://www.wikidata.org/entity/Q132397698,Ratto delle Sabine
http://www.wikidata.org/entity/Q135089031,
http://www.wikidata.org/entity/Q135089170,
http://www.wikidata.org/entity/Q135089208,
http://www.wikidata.org/entity/Q135089338,donna giovane
http://www.wikidata.org/entity/Q135089933,Federico Borromeo
http://www.wikidata.org/entity/Q135097382,Chrysanthemum; bouquet di fiori
http://www.wikidata.org/entity/Q135098524,Chrysanthemum
http://www.wikidata.org/entity/Q135111963,
http://www.wikidata.org/entity/Q135213019,
http://www.wikidata.org/entity/Q135213092,
http://www.wikidata.org/entity/Q135216092,
http://www.wikidata.org/entity/Q135216430,
http://www.wikidata.org/entity/Q135219976,
http://www.wikidata.org/entity/Q135286600,Madonna di Loreto
http://www.wikidata.org/entity/Q135669652,
http://www.wikidata.org/entity/Q135761987,
http://www.wikidata.org/entity/Q135971600,lapidazione di santo Stefano
http://www.wikidata.org/entity/Q135971947,
http://www.wikidata.org/entity/Q135972052,Annunciazione
http://www.wikidata.org/entity/Q135988557,Flavio Chigi
http://www.wikidata.org/entity/Q135989185,Giovanni Battista Borghese
http://www.wikidata.org/entity/Q136359717,Umberto I di Savoia
http://www.wikidata.org/entity/Q136359850,Margherita di Savoia
http://www.wikidata.org/entity/Q136419815,
http://www.wikidata.org/entity/Q136445881,giovane uomo
http://www.wikidata.org/entity/Q136446304,donna anziana
http://www.wikidata.org/entity/Q136452782,Madonna col Bambino
http://www.wikidata.org/entity/Q136457064,Ultima cena
http://www.wikidata.org/entity/Q136468769,Ecce Homo
http://www.wikidata.org/entity/Q136488593,
http://www.wikidata.org/entity/Q136497894,Redentore
http://www.wikidata.org/entity/Q136747345,Antonio Agliardi
http://www.wikidata.org/entity/Q136752887,Leda e il cigno
http://www.wikidata.org/entity/Q136789581,
http://www.wikidata.org/entity/Q136806465,sepoltura di Gesù
http://www.wikidata.org/entity/Q136807706,pericope dell'adultera
http://www.wikidata.org/entity/Q136840231,
http://www.wikidata.org/entity/Q136849352,Benedetto Revelli
http://www.wikidata.org/entity/Q136934711,
http://www.wikidata.org/entity/Q137040888,San Girolamo nel deserto
http://www.wikidata.org/entity/Q137169658,donna giovane
http://www.wikidata.org/entity/Q137268771,Maria
http://www.wikidata.org/entity/Q137357477,
http://www.wikidata.org/entity/Q137395888,
http://www.wikidata.org/entity/Q132397696,risurrezione di Lazzaro
http://www.wikidata.org/entity/Q132397700,seduzione di Elena
http://www.wikidata.org/entity/Q132397710,Fuga in Egitto
http://www.wikidata.org/entity/Q132397711,Madonna col Bambino
http://www.wikidata.org/entity/Q132397715,Risurrezione di Gesù
http://www.wikidata.org/entity/Q132397712,Gesù
http://www.wikidata.org/entity/Q132397719,risurrezione di Lazzaro
http://www.wikidata.org/entity/Q132397716,Risurrezione di Gesù
http://www.wikidata.org/entity/Q132397721,Rinaldo e Armida
http://www.wikidata.org/entity/Q132397728,salita al Calvario
http://www.wikidata.org/entity/Q132397743,Sacra Famiglia
http://www.wikidata.org/entity/Q132397741,Libro di Rut
http://www.wikidata.org/entity/Q132397746,Madonna col Bambino
http://www.wikidata.org/entity/Q132397744,Madonna col Bambino
http://www.wikidata.org/entity/Q132397750,Bruno di Colonia
http://www.wikidata.org/entity/Q132397751,Francesco d'Assisi
http://www.wikidata.org/entity/Q132397749,Sacrificio di Noè
http://www.wikidata.org/entity/Q132397755,Giovanni Battista
http://www.wikidata.org/entity/Q132397753,Sofronio Eusebio Girolamo
http://www.wikidata.org/entity/Q132397758,Marco
http://www.wikidata.org/entity/Q132397759,Paolo di Tarso
http://www.wikidata.org/entity/Q132397756,San Giuseppe
http://www.wikidata.org/entity/Q132397757,Santa Lucia
http://www.wikidata.org/entity/Q132397761,san Sebastiano
http://www.wikidata.org/entity/Q132655854,
http://www.wikidata.org/entity/Q132732649,papa Pio IV
http://www.wikidata.org/entity/Q132732774,
http://www.wikidata.org/entity/Q132861558,Madonna col Bambino
http://www.wikidata.org/entity/Q133269222,
http://www.wikidata.org/entity/Q133269326,
http://www.wikidata.org/entity/Q133269393,
http://www.wikidata.org/entity/Q133272425,
http://www.wikidata.org/entity/Q133273079,
http://www.wikidata.org/entity/Q133273191,
http://www.wikidata.org/entity/Q133280987,Melchisedec
http://www.wikidata.org/entity/Q133280990,Agostino d'Ippona
http://www.wikidata.org/entity/Q133280991,santa Barbara; Adorazione dei Magi
http://www.wikidata.org/entity/Q133280994,Bartolomeo
http://www.wikidata.org/entity/Q133280993,Bartolomeo
http://www.wikidata.org/entity/Q133280996,Bernardino da Siena
http://www.wikidata.org/entity/Q133281000,Francesco d'Assisi
http://www.wikidata.org/entity/Q133281004,san Giorgio
http://www.wikidata.org/entity/Q133281008,Sofronio Eusebio Girolamo
http://www.wikidata.org/entity/Q133281009,Giovanni l'Elemosiniere
http://www.wikidata.org/entity/Q133281015,Santa Lucia
http://www.wikidata.org/entity/Q133281013,Giovanni
http://www.wikidata.org/entity/Q133281018,Michele
http://www.wikidata.org/entity/Q133281019,Michele
http://www.wikidata.org/entity/Q133281016,Margherita di Antiochia
http://www.wikidata.org/entity/Q133281023,Pietro da Verona
http://www.wikidata.org/entity/Q133281021,Paolo di Tarso
http://www.wikidata.org/entity/Q133281027,Tommaso d'Aquino
http://www.wikidata.org/entity/Q133281024,Romolo di Fiesole
http://www.wikidata.org/entity/Q133281030,Giovanni
http://www.wikidata.org/entity/Q133281031,Martino di Tours; San Cristoforo
http://www.wikidata.org/entity/Q133281028,Vitale di Milano
http://www.wikidata.org/entity/Q133281038,Crisogono di Aquileia
http://www.wikidata.org/entity/Q133281054,trasfigurazione di Gesù
http://www.wikidata.org/entity/Q133281058,nozze mistiche di Santa Caterina d'Alessandria
http://www.wikidata.org/entity/Q133281056,san Rocco
http://www.wikidata.org/entity/Q133281062,Antonio di Padova
http://www.wikidata.org/entity/Q133281060,Sant'Ambrogio
http://www.wikidata.org/entity/Q133281064,Antonio abate
http://www.wikidata.org/entity/Q133281065,
http://www.wikidata.org/entity/Q133281074,
http://www.wikidata.org/entity/Q133281075,San Placido
http://www.wikidata.org/entity/Q133281073,Daniele lo Stilita
http://www.wikidata.org/entity/Q133281078,Santa Lucia
http://www.wikidata.org/entity/Q133281079,Presentazione al Tempio
http://www.wikidata.org/entity/Q133281076,Madonna col Bambino
http://www.wikidata.org/entity/Q133281091,Semiramide
http://www.wikidata.org/entity/Q133281094,
http://www.wikidata.org/entity/Q133281103,Stati d'animo II: Quelli che vanno
http://www.wikidata.org/entity/Q133377050,
http://www.wikidata.org/entity/Q133460319,
http://www.wikidata.org/entity/Q133520790,prima guerra mondiale
http://www.wikidata.org/entity/Q133538987,Ferdinando II de' Medici
http://www.wikidata.org/entity/Q133572599,Virginia de Leyva
http://www.wikidata.org/entity/Q133580122,prima guerra mondiale
http://www.wikidata.org/entity/Q133663142,prima guerra mondiale
http://www.wikidata.org/entity/Q133756640,Giovanni Benedetto
http://www.wikidata.org/entity/Q133806816,Bernardino da Siena
http://www.wikidata.org/entity/Q133832267,Alvise I Mocenigo
http://www.wikidata.org/entity/Q133838769,Niccolò Zeno
http://www.wikidata.org/entity/Q133853068,Madonna col Bambino
http://www.wikidata.org/entity/Q133853701,
http://www.wikidata.org/entity/Q133857279,Sperone Speroni
http://www.wikidata.org/entity/Q133871397,tempesta
http://www.wikidata.org/entity/Q133877955,Mariano Fortuny y Madrazo
http://www.wikidata.org/entity/Q133878297,Mariano Fortuny y Madrazo
http://www.wikidata.org/entity/Q133878813,Henriette Negrin
http://www.wikidata.org/entity/Q134006791,Sacra Famiglia
http://www.wikidata.org/entity/Q134475701,
http://www.wikidata.org/entity/Q134486443,Maria
http://www.wikidata.org/entity/Q134580708,Madonna del Latte
http://www.wikidata.org/entity/Q134691464,Girolamo Muziano
http://www.wikidata.org/entity/Q134699222,caduta dell'uomo
http://www.wikidata.org/entity/Q134820887,Madonna col Bambino
http://www.wikidata.org/entity/Q134960128,Cosimo I de' Medici
http://www.wikidata.org/entity/Q135088946,
