id,titolo
http://www.wikidata.org/entity/Q428274,"Ritratto di Fedra Inghirami, detto Fedra"
http://www.wikidata.org/entity/Q151047,Nascita di Venere
http://www.wikidata.org/entity/Q180632,Ritratto di Paolo III con i nipoti Alessandro e Ottavio Farnese
http://www.wikidata.org/entity/Q368788,Pietà
http://www.wikidata.org/entity/Q549847,Primavera
http://www.wikidata.org/entity/Q488825,Adorazione dei Magi
http://www.wikidata.org/entity/Q532486,Giuditta con la sua ancella
http://www.wikidata.org/entity/Q493792,Ritratto di Andrea Doria nelle vesti di Nettuno
http://www.wikidata.org/entity/Q546297,Cristo morto nel sepolcro e tre dolenti
http://www.wikidata.org/entity/Q580853,Madonna col Bambino degli Innocenti
http://www.wikidata.org/entity/Q592551,Padre Eterno con i santi Rocco e Romano
http://www.wikidata.org/entity/Q959174,Ritratto d'uomo con medaglia di Cosimo il Vecchio
http://www.wikidata.org/entity/Q734197,Visitazione
http://www.wikidata.org/entity/Q742801,Ritratto di giovane
http://www.wikidata.org/entity/Q733017,San Giorgio e la principessa
http://www.wikidata.org/entity/Q672817,Gonfalone della Giustizia
http://www.wikidata.org/entity/Q732821,Ritratto di Luca Pacioli
http://www.wikidata.org/entity/Q1055111,Lippina
http://www.wikidata.org/entity/Q1134060,Susanna e i vecchioni
http://www.wikidata.org/entity/Q1111232,Madonna col Bambino
http://www.wikidata.org/entity/Q1109340,La Fortezza
http://www.wikidata.org/entity/Q1109475,Visitazione di Carmignano
http://www.wikidata.org/entity/Q1110146,Adorazione dei pastori con i santi Nazario e Celso
http://www.wikidata.org/entity/Q1113938,Città ideale - Urbino
http://www.wikidata.org/entity/Q1114823,Sant'Agostino nello studio
http://www.wikidata.org/entity/Q1114856,Madonna del Padiglione
http://www.wikidata.org/entity/Q1114881,Venere e le tre Grazie offrono doni a una giovane
http://www.wikidata.org/entity/Q867678,Antea
http://www.wikidata.org/entity/Q794077,Amor sacro e Amor profano
http://www.wikidata.org/entity/Q948034,La Velata
http://www.wikidata.org/entity/Q945625,Stigmate di san Francesco
http://www.wikidata.org/entity/Q924655,Trafugamento del corpo di san Marco
http://www.wikidata.org/entity/Q945250,Ritratto di Francesco delle Opere
http://www.wikidata.org/entity/Q955295,Madonna di Macerata
http://www.wikidata.org/entity/Q1115423,Compianto sul Cristo morto
http://www.wikidata.org/entity/Q1115413,Storie di Virginia
http://www.wikidata.org/entity/Q1119008,Pala di Asolo
http://www.wikidata.org/entity/Q1119782,Disputa di Simon Mago e crocifissione di san Pietro
http://www.wikidata.org/entity/Q1121644,Barrocci romani
http://www.wikidata.org/entity/Q1122002,Polittico di San Vincenzo Ferrer
http://www.wikidata.org/entity/Q1122537,"Giove, Nettuno e Plutone"
http://www.wikidata.org/entity/Q1131263,Pala di San Marco
http://www.wikidata.org/entity/Q1132486,Martirio di sant'Orsola
http://www.wikidata.org/entity/Q1132479,Seppellimento di santa Lucia
http://www.wikidata.org/entity/Q1460271,Ritratto di papa Paolo V
http://www.wikidata.org/entity/Q1237596,Vertumno e Pomona
http://www.wikidata.org/entity/Q1240092,Ritratto di Innocenzo X
http://www.wikidata.org/entity/Q1448701,Incoronazione di spine
http://www.wikidata.org/entity/Q1448203,Conversione di san Paolo
http://www.wikidata.org/entity/Q1328065,Ritratto di Eleonora di Toledo col figlio Giovanni de' Medici
http://www.wikidata.org/entity/Q1217187,Calunnia
http://www.wikidata.org/entity/Q1195035,Il bacio
http://www.wikidata.org/entity/Q1212920,Flagellazione di Cristo
http://www.wikidata.org/entity/Q1215809,Pala di San Marco
http://www.wikidata.org/entity/Q2011510,Bacco
http://www.wikidata.org/entity/Q2030685,Sposalizio della Vergine
http://www.wikidata.org/entity/Q2016193,Maestà di Ognissanti
http://www.wikidata.org/entity/Q2035209,Madonna del Granduca
http://www.wikidata.org/entity/Q2092566,Arcangelo Raffaele e Tobiolo
http://www.wikidata.org/entity/Q2097931,Cena in Emmaus
http://www.wikidata.org/entity/Q2045726,Battaglia di Anghiari
http://www.wikidata.org/entity/Q2066739,Pala di San Zeno
http://www.wikidata.org/entity/Q1863885,Mosè difende le figlie di Jetro
http://www.wikidata.org/entity/Q1899740,Assunta
http://www.wikidata.org/entity/Q1751408,Pala di San Giobbe
http://www.wikidata.org/entity/Q1761496,Pala di Sant'Ambrogio
http://www.wikidata.org/entity/Q1762826,Madonna Contarini
http://www.wikidata.org/entity/Q2866382,Ascensione
http://www.wikidata.org/entity/Q2872721,Autoritratto con tre collari
http://www.wikidata.org/entity/Q2920183,Annunciazione (Tiziano Chiesa di San Salvador)
http://www.wikidata.org/entity/Q2929922,Benedizione di Isacco a Giacobbe
http://www.wikidata.org/entity/Q2325834,Ecce Homo
http://www.wikidata.org/entity/Q2284829,Sacrificio di Isacco
http://www.wikidata.org/entity/Q2293905,Medusa
http://www.wikidata.org/entity/Q2293936,Autoritratto in veste di bacco (Bacchino malato)
http://www.wikidata.org/entity/Q2472983,Ultima Cena
http://www.wikidata.org/entity/Q2470123,Giuditta che decapita Oloferne
http://www.wikidata.org/entity/Q2327715,Adorazione dei pastori
http://www.wikidata.org/entity/Q2337873,San Matteo e l'angelo
http://www.wikidata.org/entity/Q2338404,Ritratto di musico
http://www.wikidata.org/entity/Q2338417,Martirio di san Matteo
http://www.wikidata.org/entity/Q2343939,San Sebastiano
http://www.wikidata.org/entity/Q2448678,Strage degli innocenti
http://www.wikidata.org/entity/Q2405771,Ritratto di giovane donna
http://www.wikidata.org/entity/Q2459887,Cristo della moneta
http://www.wikidata.org/entity/Q2426058,Pallade e il centauro
http://www.wikidata.org/entity/Q2268013,Madonna col Bambino e due angeli
http://www.wikidata.org/entity/Q2264942,Flagellazione di Cristo
http://www.wikidata.org/entity/Q2269291,Madonna della Melagrana
http://www.wikidata.org/entity/Q2269585,Madonna del Libro
http://www.wikidata.org/entity/Q2247307,Polittico della Misericordia
http://www.wikidata.org/entity/Q2267509,Ritorno di Giuditta a Betulia
http://www.wikidata.org/entity/Q2270291,Canestra di frutta
http://www.wikidata.org/entity/Q3044873,Deposizione dalla croce
http://www.wikidata.org/entity/Q2273517,Conversione di san Paolo
http://www.wikidata.org/entity/Q2277635,Resurrezione di Lazzaro
http://www.wikidata.org/entity/Q2275353,San Francesco in meditazione
http://www.wikidata.org/entity/Q2275371,San Francesco in meditazione
http://www.wikidata.org/entity/Q2734111,Ritratto di Maffeo Barberini
http://www.wikidata.org/entity/Q2732274,Maddalena penitente
http://www.wikidata.org/entity/Q2715177,San Girolamo
http://www.wikidata.org/entity/Q2713203,Madonna dei Pellegrini
http://www.wikidata.org/entity/Q2713823,Ritratto di giovane con la mela
http://www.wikidata.org/entity/Q2714237,Annunciazione di Cestello
http://www.wikidata.org/entity/Q2715302,Madonna dei Palafrenieri
http://www.wikidata.org/entity/Q2717478,Madonna della Loggia
http://www.wikidata.org/entity/Q2635552,Ritratto del cardinale Alessandro Farnese
http://www.wikidata.org/entity/Q2665840,Pietà
http://www.wikidata.org/entity/Q2629715,Ritratto virile
http://www.wikidata.org/entity/Q2627056,Davide con la testa di Golia
http://www.wikidata.org/entity/Q2610729,Ritratto di Leone X con i cardinali Giulio de' Medici e Luigi de' Rossi
http://www.wikidata.org/entity/Q2551625,Madonna del Magnificat
http://www.wikidata.org/entity/Q2515309,Ritratto di Agnolo Doni
http://www.wikidata.org/entity/Q2610936,giovane con canestra di frutta
http://www.wikidata.org/entity/Q2626595,Sette opere di Misericordia
http://www.wikidata.org/entity/Q3625842,Ritratto di Cosimo I de' Medici
http://www.wikidata.org/entity/Q3623738,Arresto dei fratelli di Giuseppe
http://www.wikidata.org/entity/Q3276171,Madonna di San Giorgio alla Costa
http://www.wikidata.org/entity/Q3276180,Madonna col Bambino ridente
http://www.wikidata.org/entity/Q3220282,Battesimo di Cristo
http://www.wikidata.org/entity/Q3223625,San Giovanni Battista
http://www.wikidata.org/entity/Q3207678,Compianto sul Cristo morto
http://www.wikidata.org/entity/Q3210267,Madonna del Mare
http://www.wikidata.org/entity/Q3213801,Madonna del Roseto
http://www.wikidata.org/entity/Q3185885,Giuseppe calato nel pozzo
http://www.wikidata.org/entity/Q3201479,Adorazione dei Magi degli Innocenti
http://www.wikidata.org/entity/Q3207247,Carica di lancieri
http://www.wikidata.org/entity/Q3207989,"Crocifissione con i Santi Girolamo, Francesco, Maria Maddalena, Giovanni Battista e il beato Giovanni Colombini"
http://www.wikidata.org/entity/Q3213773,Madonna in gloria di serafini
http://www.wikidata.org/entity/Q3213778,"Madonna col Bambino, due angeli e Giovanni Battista"
http://www.wikidata.org/entity/Q3276168,Madonna di Borgo San Lorenzo
http://www.wikidata.org/entity/Q3605530,Adorazione dei Magi
http://www.wikidata.org/entity/Q3605532,Adorazione dei Magi
http://www.wikidata.org/entity/Q3605568,Adorazione del Bambino di Camaldoli
http://www.wikidata.org/entity/Q3618188,Annunciazione Della Scala
http://www.wikidata.org/entity/Q3620766,Apoteosi di san Gaetano Thiene
http://www.wikidata.org/entity/Q3620765,Apoteosi di Angelo della Vecchia nel segno delle virtù
http://www.wikidata.org/entity/Q3495790,Salomè
http://www.wikidata.org/entity/Q3464027,San Pietro
http://www.wikidata.org/entity/Q3472935,Santo Stefano
http://www.wikidata.org/entity/Q3463871,San Giovannino
http://www.wikidata.org/entity/Q3471589,San Paolo
http://www.wikidata.org/entity/Q3399438,Ritratto di Giuliano de' Medici
http://www.wikidata.org/entity/Q3639064,Bestie da soma
http://www.wikidata.org/entity/Q3636748,Battesimo di Cristo
http://www.wikidata.org/entity/Q3627401,Assunzione di Maria
http://www.wikidata.org/entity/Q3630726,Autoritratto
http://www.wikidata.org/entity/Q3650885,Calliope
http://www.wikidata.org/entity/Q3642142,Bonifacio VIII indice il giubileo del 1300
http://www.wikidata.org/entity/Q3685501,Comunione degli Apostoli
http://www.wikidata.org/entity/Q3686814,Congedo di san Floriano
http://www.wikidata.org/entity/Q3704794,Deianira presta ascolto alla Fama
http://www.wikidata.org/entity/Q3706331,Devozione dei fiorentini alle reliquie di san Filippo
http://www.wikidata.org/entity/Q3709306,Discesa di Enea nei campi elisi
http://www.wikidata.org/entity/Q3711898,Dittico della Crocifissione e della Madonna col Bambino e santi
http://www.wikidata.org/entity/Q3714445,Dossale dei quattro santi
http://www.wikidata.org/entity/Q3698182,Crocifissione
http://www.wikidata.org/entity/Q3698204,Crocifissione
http://www.wikidata.org/entity/Q3697588,Cristo alla colonna
http://www.wikidata.org/entity/Q3697602,Cristo coronato di spine
http://www.wikidata.org/entity/Q3697640,Cristo in pietà sorretto da due angeli
http://www.wikidata.org/entity/Q3743879,Festa degli amorini
http://www.wikidata.org/entity/Q3747239,Fondazione di Santa Maria Maggiore
http://www.wikidata.org/entity/Q3731103,Erato
http://www.wikidata.org/entity/Q3740793,Fede
http://www.wikidata.org/entity/Q3725199,Enea e Acate sulla costa libica
http://www.wikidata.org/entity/Q3725832,Enrico IV alla battaglia d'Ivry
http://www.wikidata.org/entity/Q3732905,Esequie di san Girolamo
http://www.wikidata.org/entity/Q3752350,Frate francescano
http://www.wikidata.org/entity/Q3752977,Fregio delle arti liberali e meccaniche
http://www.wikidata.org/entity/Q3766168,Giovane in fuga dalla cattura di Cristo
http://www.wikidata.org/entity/Q3771746,Giustizia
http://www.wikidata.org/entity/Q3784247,La Bella
http://www.wikidata.org/entity/Q3769202,Giudizio finale e Inferno
http://www.wikidata.org/entity/Q3771679,Giuseppe presenta al faraone il padre e i fratelli
http://www.wikidata.org/entity/Q3771749,Giustizia di Seleuco
http://www.wikidata.org/entity/Q3775535,Grande Calvario
http://www.wikidata.org/entity/Q3778382,Guarigione del diacono Giustiniano
http://www.wikidata.org/entity/Q3784272,Ritratto di Giovanni de' Medici
http://www.wikidata.org/entity/Q3797482,In vedetta
http://www.wikidata.org/entity/Q3817178,Miracolo della reliquia della Croce al ponte di Rialto
http://www.wikidata.org/entity/Q3842439,Madonna col Bambino
http://www.wikidata.org/entity/Q3842472,Madonna col Bambino
http://www.wikidata.org/entity/Q3842484,Madonna col Bambino
http://www.wikidata.org/entity/Q3842412,Madonna Lochis
http://www.wikidata.org/entity/Q3842413,Madonna Lochis
http://www.wikidata.org/entity/Q3842424,Madonna Speyer
http://www.wikidata.org/entity/Q3842438,"Madonna col Bambino, santi, angeli e donatore"
http://www.wikidata.org/entity/Q3842706,Madonna di Ancona
http://www.wikidata.org/entity/Q3842713,Madonna di Corridonia
http://www.wikidata.org/entity/Q3842725,Madonna di Poggio Bretta
http://www.wikidata.org/entity/Q3821139,La Rotonda dei bagni Palmieri
http://www.wikidata.org/entity/Q3821405,La battaglia di Magenta
http://www.wikidata.org/entity/Q3823990,La sala delle agitate nell'ospizio di San Bonifacio
http://www.wikidata.org/entity/Q3831651,Liberazione di un'indemoniata
http://www.wikidata.org/entity/Q3834971,La zuffa
http://www.wikidata.org/entity/Q3842522,Madonna col Bambino e san Giovannino
http://www.wikidata.org/entity/Q3842521,Madonna col Bambino e san Giovannino
http://www.wikidata.org/entity/Q3842575,Madonna col Bambino tra i santi Giovanni Battista e Maria Maddalena
http://www.wikidata.org/entity/Q3842530,Madonna col Bambino e santi
http://www.wikidata.org/entity/Q3842673,Madonna della Pace
http://www.wikidata.org/entity/Q3842700,Madonna delle Rose
http://www.wikidata.org/entity/Q3842533,Madonna col Bambino e un angelo
http://www.wikidata.org/entity/Q3842543,Madonna col Bambino in trono e due angeli
http://www.wikidata.org/entity/Q3842577,Madonna col Bambino tra i santi Girolamo e Bernardo
http://www.wikidata.org/entity/Q3842594,Madonna col Bambino tra le sante Caterina e Maria Maddalena
http://www.wikidata.org/entity/Q3862624,monumento a Niccolò Brenzoni
http://www.wikidata.org/entity/Q3863247,Morte di san Filippo Benizi e resurrezione di un fanciullo
http://www.wikidata.org/entity/Q3873244,Natività della Vergine
http://www.wikidata.org/entity/Q3885620,Orfeo ed Euridice
http://www.wikidata.org/entity/Q3877894,Noli me tangere
http://www.wikidata.org/entity/Q3879242,Nuda
http://www.wikidata.org/entity/Q3884948,Orazione nell'orto del Getsemani
http://www.wikidata.org/entity/Q3889195,Pala Buronzo
http://www.wikidata.org/entity/Q3889203,Pala Gozzi
http://www.wikidata.org/entity/Q3889211,Pala Sforzesca
http://www.wikidata.org/entity/Q3889220,Pala del Corpus Domini
http://www.wikidata.org/entity/Q3889229,Pala dell'Alabarda
http://www.wikidata.org/entity/Q3889247,Pala di Pesaro
http://www.wikidata.org/entity/Q3889254,Pala di San Barnaba
http://www.wikidata.org/entity/Q3889255,Pala di San Francesco al Monte
http://www.wikidata.org/entity/Q3889253,Pala di San Francesco a Fabriano
http://www.wikidata.org/entity/Q3924389,Prova di Mosè
http://www.wikidata.org/entity/Q3907344,Polimnia
http://www.wikidata.org/entity/Q3904398,Pietà
http://www.wikidata.org/entity/Q3904392,Cristo in Pietà tra la Vergine e san Giovanni evangelista
http://www.wikidata.org/entity/Q3907497,Polittico di Arcevia
http://www.wikidata.org/entity/Q3908184,Ponte sospeso
http://www.wikidata.org/entity/Q3910913,Presentazione al Tempio
http://www.wikidata.org/entity/Q3910087,Predica di san Marco ad Alessandria d'Egitto
http://www.wikidata.org/entity/Q3921705,Prime Nevi
http://www.wikidata.org/entity/Q3921912,Primo trittico di Valle Castellana
http://www.wikidata.org/entity/Q3925592,Punizione dei bestemmiatori
http://www.wikidata.org/entity/Q3937643,Ritratto di Paolo III
http://www.wikidata.org/entity/Q3948701,Sant'Andrea
http://www.wikidata.org/entity/Q3947723,San Nicola in gloria
http://www.wikidata.org/entity/Q3947812,San Pietro che resuscita Tabitha
http://www.wikidata.org/entity/Q3948034,San Vitale e il cavallo
http://www.wikidata.org/entity/Q3948651,Sant'Agata e il carnefice
http://www.wikidata.org/entity/Q3949208,Santa Monica in trono con le suore agostiniane
http://www.wikidata.org/entity/Q3949310,Sante Lucia e Apollonia
http://www.wikidata.org/entity/Q3949373,Santi Stefano e Lorenzo
http://www.wikidata.org/entity/Q3949458,Santissimo Crocifisso di Marino
http://www.wikidata.org/entity/Q3949459,Santissimo Crocefisso del Miracolo
http://www.wikidata.org/entity/Q3937080,Rissa in galleria
http://www.wikidata.org/entity/Q3937438,Ritratto del vescovo Bernardo de' Rossi
http://www.wikidata.org/entity/Q3937502,Ritratto di Cosimo il Vecchio
http://www.wikidata.org/entity/Q3937511,Ritratto di Eleonora Gonzaga della Rovere
http://www.wikidata.org/entity/Q3937547,Ritratto di Giovanni Carlo Doria a cavallo
http://www.wikidata.org/entity/Q3937553,Ritratto di Giulia Varano
http://www.wikidata.org/entity/Q3937561,Ritratto di Giulio Clovio
http://www.wikidata.org/entity/Q3937569,Ritratto di Ippolito de' Medici
http://www.wikidata.org/entity/Q3937598,Ritratto di Lucina Brembati
http://www.wikidata.org/entity/Q3937634,Ritratto di Mosè Bianchi
http://www.wikidata.org/entity/Q3947288,San Girolamo
http://www.wikidata.org/entity/Q3947210,San Giorgio
http://www.wikidata.org/entity/Q3947211,San Giorgio
http://www.wikidata.org/entity/Q3945710,Salomè con la testa del Battista
http://www.wikidata.org/entity/Q3947281,San Giovannino
http://www.wikidata.org/entity/Q3947687,San Michele Arcangelo
http://www.wikidata.org/entity/Q3947504,San Luca
http://www.wikidata.org/entity/Q3946910,San Cristoforo
http://www.wikidata.org/entity/Q3947013,San Domenico
http://www.wikidata.org/entity/Q3944499,Sacra Famiglia con una santa
http://www.wikidata.org/entity/Q3944515,Sacra conversazione Balbi
http://www.wikidata.org/entity/Q3945254,Sala delle Arti liberali e dei Pianeti
http://www.wikidata.org/entity/Q3947064,San Filippo risana un lebbroso
http://www.wikidata.org/entity/Q3947277,San Giovanni e l'aquila
http://www.wikidata.org/entity/Q3947375,San Jacopo con due fanciulli
http://www.wikidata.org/entity/Q3954057,Secondo trittico di Valle Castellana
http://www.wikidata.org/entity/Q3967206,Sposalizio della Vergine
http://www.wikidata.org/entity/Q3983114,Temperanza
http://www.wikidata.org/entity/Q3982379,Tebaide
http://www.wikidata.org/entity/Q3979950,tabernacolo dei Linaioli - aperto
http://www.wikidata.org/entity/Q3979952,tabernacolo del Sacramento eucaristico
http://www.wikidata.org/entity/Q3979961,Tabernacolo di Boldrone
http://www.wikidata.org/entity/Q3981174,Tarquinio Prisco fonda il tempio di Giove in Campidoglio
http://www.wikidata.org/entity/Q4010476,vetrata del Duomo di Siena
http://www.wikidata.org/entity/Q3973584,Stimmate di san Francesco
http://www.wikidata.org/entity/Q3974449,Storie dei santi eremiti
http://www.wikidata.org/entity/Q3984830,Tersicore
http://www.wikidata.org/entity/Q3985472,Thalia
http://www.wikidata.org/entity/Q3992111,Tobia e l'angelo
http://www.wikidata.org/entity/Q3985169,Testa di Cristo
http://www.wikidata.org/entity/Q3985186,Testa di pastore
http://www.wikidata.org/entity/Q3994163,Torneo-battaglia di Louvezerp
http://www.wikidata.org/entity/Q4010941,Viaggio dei Magi
http://www.wikidata.org/entity/Q3997723,Trasfigurazione di Cristo
http://www.wikidata.org/entity/Q3998940,Trionfo della Morte
http://www.wikidata.org/entity/Q3999095,Trittico dei Frari
http://www.wikidata.org/entity/Q3999094,Trittico Raspa
http://www.wikidata.org/entity/Q4006302,Urania
http://www.wikidata.org/entity/Q7232305,Ritratto di Pietro Aretino
http://www.wikidata.org/entity/Q7232287,Ritratto di giovinetta
http://www.wikidata.org/entity/Q7232252,Ritratto di Andrea Doria
http://www.wikidata.org/entity/Q4014547,Virgo advocata
http://www.wikidata.org/entity/Q4015931,Vocazione di san Filippo Benizi
http://www.wikidata.org/entity/Q4015932,Vocazione di san Matteo
http://www.wikidata.org/entity/Q12172990,Ritratto di giovane pittore
http://www.wikidata.org/entity/Q5954551,Giudizio di Paride
http://www.wikidata.org/entity/Q5659648,Agar e Ismaele nel deserto
http://www.wikidata.org/entity/Q6696013,Ritratto lucano
http://www.wikidata.org/entity/Q15008032,Festino degli dei
http://www.wikidata.org/entity/Q15157527,Iscrizione di san Clemente e Sisinnio
http://www.wikidata.org/entity/Q16536592,Capriccio con edifici palladiani
http://www.wikidata.org/entity/Q16467999,Ritratto dell'ambasciatore Gabriel de Luetz d'Aramont
http://www.wikidata.org/entity/Q16543332,Compianto sul Cristo morto
http://www.wikidata.org/entity/Q16549203,Deposizione dalla croce
http://www.wikidata.org/entity/Q7401482,San Giovanni Battista
http://www.wikidata.org/entity/Q7750471,Martirio di san Lorenzo
http://www.wikidata.org/entity/Q11769022,Santa Maria Maddalena
http://www.wikidata.org/entity/Q11694943,Il doge Antonio Grimani in adorazione davanti alla Fede e san Marco in gloria
http://www.wikidata.org/entity/Q11753618,Leda e il cigno
http://www.wikidata.org/entity/Q7401416,San Girolamo penitente (Tiziano Brera)
http://www.wikidata.org/entity/Q7720644,Sepoltura e gloria di santa Petronilla
http://www.wikidata.org/entity/Q7885787,Scoperta del cadavere di Oloferne
http://www.wikidata.org/entity/Q7920573,Venere che benda amore
http://www.wikidata.org/entity/Q9387722,Il popolo d'Israele nel deserto
http://www.wikidata.org/entity/Q15982437,Nozze di Bacco e Arianna
http://www.wikidata.org/entity/Q15974347,Pala dei tre arcangeli
http://www.wikidata.org/entity/Q16167039,ante dell'organo della chiesa di San Giovanni Evangelista
http://www.wikidata.org/entity/Q16564738,Il Battesimo di Cristo
http://www.wikidata.org/entity/Q16573223,Lo staffato
http://www.wikidata.org/entity/Q16574865,Madonna di San Bernardino
http://www.wikidata.org/entity/Q16585848,Pala Bevilacqua-Lazise
http://www.wikidata.org/entity/Q16585871,Pala di San Domenico
http://www.wikidata.org/entity/Q16596967,Ritratto della contessina Antonietta Negroni Prati Morosini bambina
http://www.wikidata.org/entity/Q16608187,Sposalizio mistico di santa Caterina da Siena
http://www.wikidata.org/entity/Q16621939,San Francesco riceve le stigmate
http://www.wikidata.org/entity/Q16620779,Vergine con bambino
http://www.wikidata.org/entity/Q17638342,Parma abbraccia Alessandro Farnese
http://www.wikidata.org/entity/Q18226128,Autoritratto
http://www.wikidata.org/entity/Q17652075,Sacra Famiglia con sant'Anna e san Giovannino
http://www.wikidata.org/entity/Q18385026,Butteri
http://www.wikidata.org/entity/Q18688370,Ritratto di Urbano VIII
http://www.wikidata.org/entity/Q18578019,L'Ortolano
http://www.wikidata.org/entity/Q19966606,Sposalizio della Vergine
http://www.wikidata.org/entity/Q19947640,Ritratto di gentiluomo
http://www.wikidata.org/entity/Q19966608,Sposalizio mistico di santa Caterina
http://www.wikidata.org/entity/Q19966565,Cristo incoronato di spine
http://www.wikidata.org/entity/Q19882485,Ritratto di papa Urbano VIII
http://www.wikidata.org/entity/Q19660300,Il Canal Grande da Ca' Foscari verso il ponte di Rialto
http://www.wikidata.org/entity/Q19681559,Il Rio dei Mendicanti e la Scuola di San Marco
http://www.wikidata.org/entity/Q19681664,Veduta di Gazzada
http://www.wikidata.org/entity/Q19686409,Capriccio con casa rustica in riva alla laguna
http://www.wikidata.org/entity/Q19686414,Capriccio con arco classico e capre
http://www.wikidata.org/entity/Q19390001,Autoritratto nello studio
http://www.wikidata.org/entity/Q19516146,Ritratto di Giulio II
http://www.wikidata.org/entity/Q19060568,Ritratto di Ferdinando IV
http://www.wikidata.org/entity/Q19060621,Ferdinando IV a cavallo con la corte
http://www.wikidata.org/entity/Q19361572,Autoritratto di Elisabeth Luisa Vigée-Le Brun
http://www.wikidata.org/entity/Q20092785,San Gerolamo
http://www.wikidata.org/entity/Q21192549,Iscrizione della catacomba di Commodilla
http://www.wikidata.org/entity/Q20991673,Autoritratto
http://www.wikidata.org/entity/Q20744065,Autoritratto di Niccolò Musso
http://www.wikidata.org/entity/Q20744144,Due pastori di Giuseppe Vermiglio
http://www.wikidata.org/entity/Q20744173,Ritratto di Garibaldi
http://www.wikidata.org/entity/Q21121896,I santi Fedele da Sigmaringen e Giuseppe da Leonessa calpestano l'Eresia
http://www.wikidata.org/entity/Q23305501,Autoritratto
http://www.wikidata.org/entity/Q22931136,Auto ritratto
http://www.wikidata.org/entity/Q22917444,Incoronazione della beata Giuliana alla presenza di Sant'Ambrogio
http://www.wikidata.org/entity/Q22949398,San Filippo Neri e San Luigi Gonzaga in gloria
http://www.wikidata.org/entity/Q22949778,Gloria di San Gregorio magno
http://www.wikidata.org/entity/Q22949827,Elia nel deserto svegliato dall'angelo
http://www.wikidata.org/entity/Q22958240,Elia nel deserto svegliato e nutrito dall'angelo
http://www.wikidata.org/entity/Q23006207,Giuliana distribuisce l'acqua ai pellegrini assetati
http://www.wikidata.org/entity/Q21666329,Crocifissione e Strage degli Innocenti
http://www.wikidata.org/entity/Q24050695,Laguna veneziana
http://www.wikidata.org/entity/Q24090614,Il Naviglio
http://www.wikidata.org/entity/Q24090610,Veduta dei Navigli
http://www.wikidata.org/entity/Q24091047,L'alzaia del Naviglio Grande a Milano
http://www.wikidata.org/entity/Q24091066,interno della chiesa di Sant'Ambrogio
http://www.wikidata.org/entity/Q24091089,Via San Calimero a Milano
http://www.wikidata.org/entity/Q24091112,Il bacino di San Marco a Venezia
http://www.wikidata.org/entity/Q24325684,Ritratto equestre di Filippo IV di Spagna
http://www.wikidata.org/entity/Q24933808,Storie della vita di san Benedetto
http://www.wikidata.org/entity/Q24938224,Savognino d'inverno
http://www.wikidata.org/entity/Q24939660,Interno urbano
http://www.wikidata.org/entity/Q24939843,Ritratto di Giulio Romano
http://www.wikidata.org/entity/Q24939839,Vaso di fiori con sfondo campestre
http://www.wikidata.org/entity/Q24939884,Sorelle brianzole
http://www.wikidata.org/entity/Q24940870,Piana d'Abruzzo
http://www.wikidata.org/entity/Q25410292,Monza
http://www.wikidata.org/entity/Q25410567,Autunno
http://www.wikidata.org/entity/Q25444052,Visitazione
http://www.wikidata.org/entity/Q25388274,Partita a scacchi fra tra Ruy López de Segura e Leonardo da Cutro
http://www.wikidata.org/entity/Q26256901,Oratorio di San Giovanni Decollato
http://www.wikidata.org/entity/Q26488380,La Chiesa mostra le reliquie della beata
http://www.wikidata.org/entity/Q27507068,Sant'Eurosia
http://www.wikidata.org/entity/Q27504416,Sant'Antonio con il Bambino
http://www.wikidata.org/entity/Q27650796,Asfissia!
http://www.wikidata.org/entity/Q27664456,Apparizione della Vergine a San Filippo Neri
http://www.wikidata.org/entity/Q27948860,Ritratto di Alessandro Manzoni
http://www.wikidata.org/entity/Q27827425,La Primavera di Mario de' Fiori e Filippo Lauri
http://www.wikidata.org/entity/Q27830737,L'Estate di Mario de' Fiori e Carlo Maratta
http://www.wikidata.org/entity/Q27955751,Sacra Famiglia con San Giovannino e Santa Maria Maddalena
http://www.wikidata.org/entity/Q28093447,Enea e Didone si inoltrano verso la grotta
http://www.wikidata.org/entity/Q28147005,Cristo risorto
http://www.wikidata.org/entity/Q28113316,Donna con turbante
http://www.wikidata.org/entity/Q28113318,Ritratto di Stefano Colonna
http://www.wikidata.org/entity/Q28229077,Trittico Malvagna
http://www.wikidata.org/entity/Q28466203,Strage degli innocenti
http://www.wikidata.org/entity/Q28547106,La cugina Argia
http://www.wikidata.org/entity/Q28668222,Madonna dell'incendio sedato
http://www.wikidata.org/entity/Q28668544,Ritratto di Eleonora de' Medici Duchessa di Mantova
http://www.wikidata.org/entity/Q29997042,Ritratto di neonata nella culla
http://www.wikidata.org/entity/Q29654663,Ritratto di Paolo Morigia
http://www.wikidata.org/entity/Q28798137,Adorazione dei Magi
http://www.wikidata.org/entity/Q29015025,Betsabea
http://www.wikidata.org/entity/Q28803486,Dedalo e Icaro
http://www.wikidata.org/entity/Q28803514,Cristo della moneta
http://www.wikidata.org/entity/Q28803759,Dio Padre e un angelo
http://www.wikidata.org/entity/Q28809144,Clorinda salva Olindo e Sofronia dal rogo
http://www.wikidata.org/entity/Q28803484,Ritratto di Paolina Adorno Brignole-Sale
http://www.wikidata.org/entity/Q28803789,Giovanni Francesco II Brignole-Sale
http://www.wikidata.org/entity/Q28860726,Santi Antonio Abate e Antonio da Padova in adorazione del Gesù Bambino
http://www.wikidata.org/entity/Q28952741,Il Cavaliere in rosa
http://www.wikidata.org/entity/Q29114098,Il martirio di San Mamante
http://www.wikidata.org/entity/Q30031052,Autoritratto
http://www.wikidata.org/entity/Q30135606,Gli amanti veneziani
http://www.wikidata.org/entity/Q30032029,Il sogno di una madre
http://www.wikidata.org/entity/Q30887689,Venezia
http://www.wikidata.org/entity/Q30887987,Minerva
http://www.wikidata.org/entity/Q30887699,Convento
http://www.wikidata.org/entity/Q30605361,Susanna e i vecchioni
http://www.wikidata.org/entity/Q30880062,Paesaggio lombardo
http://www.wikidata.org/entity/Q30880011,Mattino d'estate sull'Adige
http://www.wikidata.org/entity/Q30880678,Assisi - San Damiano. Coretto di Santa Chiara
http://www.wikidata.org/entity/Q30880889,Ritratto di vecchio seduto
http://www.wikidata.org/entity/Q31559452,Arco trionfale del doge Nicolò Tron
http://www.wikidata.org/entity/Q32904769,Madonna con Bambino e santa Caterina d'Alessandria
http://www.wikidata.org/entity/Q40669017,Adorazione dei pastori
http://www.wikidata.org/entity/Q40691169,Martirio di santo Stefano
http://www.wikidata.org/entity/Q40695411,Cristo morto adorato da san Domenico di Guzman
http://www.wikidata.org/entity/Q34215143,Ritratto di Benedetto Landriani
http://www.wikidata.org/entity/Q37027223,Adorazione del Bambino
http://www.wikidata.org/entity/Q45361473,Compianto sul Cristo morto
http://www.wikidata.org/entity/Q42189297,Eleonora di Toledo malata
http://www.wikidata.org/entity/Q45381203,Bernardino Campi ritrae Sofonisba Anguissola
http://www.wikidata.org/entity/Q46998093,Elasticità
http://www.wikidata.org/entity/Q46833514,Ritratto del duca Louis de Clève
http://www.wikidata.org/entity/Q48808515,Pietà
http://www.wikidata.org/entity/Q48388241,Ritratto virile
http://www.wikidata.org/entity/Q48917755,Vanitas
http://www.wikidata.org/entity/Q49167697,Morte di Lucrezia
http://www.wikidata.org/entity/Q48814933,Ritratto di giovane ignota
http://www.wikidata.org/entity/Q48927682,Santi Giovanni Evangelista e Francesco
http://www.wikidata.org/entity/Q49167284,Allegoria della Pittura e Architettura
http://www.wikidata.org/entity/Q49167493,Maria Maddalena morente
http://www.wikidata.org/entity/Q49167869,Ritratto di Jacopo Sansovino
http://www.wikidata.org/entity/Q50752920,Giuditta
http://www.wikidata.org/entity/Q50894841,Autoritratto
http://www.wikidata.org/entity/Q50884435,Sacrificio di Isacco
http://www.wikidata.org/entity/Q51212996,Ritratto di papa Clemente IX
http://www.wikidata.org/entity/Q50399525,Ratto di Ganimede
http://www.wikidata.org/entity/Q50378007,Ritratto di Francesco I de' Medici giovinetto
http://www.wikidata.org/entity/Q50378015,Ritratto di Maria di Cosimo de' Medici
http://www.wikidata.org/entity/Q50384906,Ritratto di giovane con liuto
http://www.wikidata.org/entity/Q50422860,Ritratto del papa Sisto IV
http://www.wikidata.org/entity/Q50474718,Allegoria della Felicità
http://www.wikidata.org/entity/Q50840293,Ritratto di un dotto
http://www.wikidata.org/entity/Q50846578,Allegoria della Toscana
http://www.wikidata.org/entity/Q50880887,Uomo in armatura
http://www.wikidata.org/entity/Q50939921,Cercatrice di pulci
http://www.wikidata.org/entity/Q51726313,Cucendo la vela
http://www.wikidata.org/entity/Q51918916,Camerino delle Duchesse
http://www.wikidata.org/entity/Q52084102,Autoritratto a 71 anni
http://www.wikidata.org/entity/Q52735921,Ritorno dai campi
http://www.wikidata.org/entity/Q52155208,Autoritratto
http://www.wikidata.org/entity/Q52157937,Autoritratto
http://www.wikidata.org/entity/Q52329690,Autoritratto
http://www.wikidata.org/entity/Q52217967,Gli emigranti
http://www.wikidata.org/entity/Q52155641,Autoritratto con ombrello verde
http://www.wikidata.org/entity/Q54086391,Ecce Homo
http://www.wikidata.org/entity/Q53940665,"Madonna con il Bambino, santi Pietro e Paolo e un angelo"
http://www.wikidata.org/entity/Q53560123,Sant'Ambrogio
http://www.wikidata.org/entity/Q54811281,Lapidazione di santo Stefano
http://www.wikidata.org/entity/Q54625897,La cacciata dei profanatori dal tempio
http://www.wikidata.org/entity/Q55177712,Ecce Homo
http://www.wikidata.org/entity/Q55814015,Levata del Sole allo Spluga
http://www.wikidata.org/entity/Q56043344,Ritratto di Francesco Maria II della Rovere
http://www.wikidata.org/entity/Q56149824,La morte del pulcino
http://www.wikidata.org/entity/Q56062483,Ulisse e Diomede nella tenda di Reso
http://www.wikidata.org/entity/Q56258104,"''Cristo in Gloria, San Marco e Carlo Borromeo, la Fede, il Consiglio, Benaco con i frutti del lago'' (Dipinto a soffitto di Andrea Bertanza)"
http://www.wikidata.org/entity/Q56258413,dipinti di Felice Boscarati (Situati presso l'ingresso del Municipio)
http://www.wikidata.org/entity/Q56323673,Annunciazione
http://www.wikidata.org/entity/Q56318135,Velario del Sanquirico
http://www.wikidata.org/entity/Q56323639,Bacco e Arianna del Senato
http://www.wikidata.org/entity/Q56323645,Crasso saccheggia il tempio di Gerusalemme
http://www.wikidata.org/entity/Q56417895,Ritratto di Luther
http://www.wikidata.org/entity/Q56417994,Ritratto di Caterina Bora
http://www.wikidata.org/entity/Q56538353,Ritratto di bambina di casa Redetti
http://www.wikidata.org/entity/Q56599032,Dipinti di arte urbana
http://www.wikidata.org/entity/Q57530584,San Domenico
http://www.wikidata.org/entity/Q57623718,Pietà della lacrima
http://www.wikidata.org/entity/Q61767320,Annunciazione (Tiziano Scuola Grande di San Rocco)
http://www.wikidata.org/entity/Q61816747,Ritratto di Matilde Juva Branca
http://www.wikidata.org/entity/Q56776954,Polittico di san Pietro
http://www.wikidata.org/entity/Q59185173,Deposizione di Cristo dalla croce
http://www.wikidata.org/entity/Q58177339,Presentazione di Gesù al Tempio
http://www.wikidata.org/entity/Q58231270,L'erede
http://www.wikidata.org/entity/Q58178579,Nascita di Maria
http://www.wikidata.org/entity/Q58181750,San Giuseppe con il Bambino
http://www.wikidata.org/entity/Q58184717,Ritratto di Giuseppe Borri
http://www.wikidata.org/entity/Q58185294,Ritratto di Luigi Tosi
http://www.wikidata.org/entity/Q58480176,Altare patrio in piazza San Pietro per la Festa della Federazione
http://www.wikidata.org/entity/Q58956093,Incoronazione della Vergine (Vivarini-d'Alemagna)
http://www.wikidata.org/entity/Q59185398,Il mulino del borgo
http://www.wikidata.org/entity/Q59442235,San Giuseppe con Bambino
http://www.wikidata.org/entity/Q59914107,Occupazione delle terre incolte in Sicilia
http://www.wikidata.org/entity/Q60838300,Madonna del Voto
http://www.wikidata.org/entity/Q62014629,Il bagno della pastora
http://www.wikidata.org/entity/Q62476202,Napoleone III
http://www.wikidata.org/entity/Q62272761,Santuario di Ambivere
http://www.wikidata.org/entity/Q63476058,Resurrezione di Cristo con san Cassiano e santa Cecilia
http://www.wikidata.org/entity/Q63994924,Conversione di San Paolo
http://www.wikidata.org/entity/Q63995247,Sant'Antonio da Padova incontra Ezzelino da Romano
http://www.wikidata.org/entity/Q64766792,Ritratto del cardinale Alessandro Farnese
http://www.wikidata.org/entity/Q65610116,Scena veneziana
http://www.wikidata.org/entity/Q66098687,Cristo alla colonna
http://www.wikidata.org/entity/Q69859246,Ritratto di Diego Martelli
http://www.wikidata.org/entity/Q68704168,Cristo compianto dagli angeli
http://www.wikidata.org/entity/Q69658139,Ritratto di Clemente VII
http://www.wikidata.org/entity/Q71126799,Sepoltura di cristo
http://www.wikidata.org/entity/Q67203105,Santa Maria Maddalena penitente
http://www.wikidata.org/entity/Q67203111,Annibale giura odio ai romani
http://www.wikidata.org/entity/Q81089309,Pietà
http://www.wikidata.org/entity/Q80824471,Ritratto di Tito Vespasiano Strozzi
http://www.wikidata.org/entity/Q74717988,Salita di Cristo al monte Calvario
http://www.wikidata.org/entity/Q78756742,Assunzione della Madonna
http://www.wikidata.org/entity/Q78910398,San Rocco
http://www.wikidata.org/entity/Q79021384,Sacrificio di Isacco
http://www.wikidata.org/entity/Q79151177,L'imperatrice Eugenia
http://www.wikidata.org/entity/Q79859145,Ritratto di papa Alessandro VI
http://www.wikidata.org/entity/Q77310161,Madonna con Bambino e san Giovannino
http://www.wikidata.org/entity/Q78330040,Dama dei gelsomini
http://www.wikidata.org/entity/Q78783346,Christus Passus
http://www.wikidata.org/entity/Q78799218,Dio Padre tra gli Evangelisti
http://www.wikidata.org/entity/Q79020756,Madonna col bambino e i Santi Carlo Borromeo e Filippo Neri
http://www.wikidata.org/entity/Q79021962,"Madonna col bambino e i santi Carlo Giuseppe, Antonio, Rocco, Lorenzo e Sebastiano"
http://www.wikidata.org/entity/Q79022279,Madonna col bambino e San Filippo Neri
http://www.wikidata.org/entity/Q79022528,Sant'Agostino in gloria
http://www.wikidata.org/entity/Q79022983,I Santi Taddeo e Mattia
http://www.wikidata.org/entity/Q79023210,San Eustachio rifiuta di adorare gli idoli
http://www.wikidata.org/entity/Q79023501,Il supplizio di San Tommaso
http://www.wikidata.org/entity/Q79024384,La Moltiplicazione dei pani e dei pesci
http://www.wikidata.org/entity/Q79024730,Transito di Giuseppe
http://www.wikidata.org/entity/Q79025062,Giustizia e Pace con Minerva e Giove
http://www.wikidata.org/entity/Q79026167,Agar confortata da un angelo nel deserto
http://www.wikidata.org/entity/Q86674601,Davide e Golia
http://www.wikidata.org/entity/Q87469267,Annunciazione con quattro santi
http://www.wikidata.org/entity/Q88164010,Ritratto di Cornelis e Lucas de Wael
http://www.wikidata.org/entity/Q88961191,Icona Madre di Dio della Passione
http://www.wikidata.org/entity/Q89034154,Ritratto di Caterina Balbi Durazzo
http://www.wikidata.org/entity/Q89035643,Ritratto di Marcello Durazzo
http://www.wikidata.org/entity/Q89039593,Ritratto di Geronima Sale Brignole con la figlia Maria Aurelia
http://www.wikidata.org/entity/Q88416397,Crocifissione
http://www.wikidata.org/entity/Q89697566,ritratto dell'orefice pucci col figlio
http://www.wikidata.org/entity/Q90291195,Ritratto di Filippo Spinola di Tassarolo
http://www.wikidata.org/entity/Q94634547,Nascita di San Carlo nella rocca di Arona
http://www.wikidata.org/entity/Q94636244,Ritratto di Carlo Borromeo
http://www.wikidata.org/entity/Q96025421,ritratto di Giovanni dalle Bande Nere
http://www.wikidata.org/entity/Q96192148,La strigliatura della canapa
http://www.wikidata.org/entity/Q97669846,il Transito di San Giuseppe
http://www.wikidata.org/entity/Q97463134,Madonna di Costantinopoli
http://www.wikidata.org/entity/Q97378803,La caduta dei Giganti
http://www.wikidata.org/entity/Q97669288,trinità e santi
http://www.wikidata.org/entity/Q97065805,Ritratto di Vespasiano Gonzaga
http://www.wikidata.org/entity/Q93520523,Riposo durante la fuga in Egitto
http://www.wikidata.org/entity/Q93631317,Flagellazione
http://www.wikidata.org/entity/Q97933450,Ritratto di Ainolfo de' Bardi
http://www.wikidata.org/entity/Q98108204,Pala di Botticelli
http://www.wikidata.org/entity/Q98545387,Comunione degli apostoli
http://www.wikidata.org/entity/Q98557614,Dipinto commemorativo ai Caduti di Chiusi
http://www.wikidata.org/entity/Q98449585,Immacolata Concezione
http://www.wikidata.org/entity/Q98684801,Il muro di Roncarà
http://www.wikidata.org/entity/Q98925663,Ritratto di Teresa Miramonti
http://www.wikidata.org/entity/Q99323182,Dopo la prima Comunione
http://www.wikidata.org/entity/Q98925578,Ritratto di nobiluomo
http://www.wikidata.org/entity/Q100502707,Ritratto di Pio VIII
http://www.wikidata.org/entity/Q101853163,La Liberazione delle anime del Purgatorio
http://www.wikidata.org/entity/Q101984696,Deposizione dalla Croce
http://www.wikidata.org/entity/Q99937752,Via Crucis di Gino Severini
http://www.wikidata.org/entity/Q100273549,Ritratto di papa Pio VIII
http://www.wikidata.org/entity/Q105544193,Battesimo di Cristo (Girolamo Imparato)
http://www.wikidata.org/entity/Q103823905,Santa Caterina d’Alessandria
http://www.wikidata.org/entity/Q103847443,Madonna in trono con il Bambino
http://www.wikidata.org/entity/Q103884105,Ritratto di Leopoldo de' Medici in fasce
http://www.wikidata.org/entity/Q104117302,Madonna delle Grazie (Marco Cardisco)
http://www.wikidata.org/entity/Q105754329,Ritratto del Doge Leonardo Loredan
http://www.wikidata.org/entity/Q105760555,Burrasca
http://www.wikidata.org/entity/Q105773240,Ritratto del cardinale Alessandro Farnese
http://www.wikidata.org/entity/Q105882065,Madonna col Bambino e i santi Giacomo il Maggiore e Nicola di Bari
http://www.wikidata.org/entity/Q105906293,Festa degli artisti a Tor de' Schiavi.
http://www.wikidata.org/entity/Q105942793,Adorazione dei pastori (Niccolò de Simone)
http://www.wikidata.org/entity/Q105942808,Madonna di Costantinopoli tra i santi Andrea e Stefano
http://www.wikidata.org/entity/Q106172341,Ritratto della baronessa Sophie Regnault
http://www.wikidata.org/entity/Q104832804,Morte della Vergine
http://www.wikidata.org/entity/Q104902739,Quasi aurora consurgens – il Duomo. Veduta generale esterna da oriente
http://www.wikidata.org/entity/Q104963266,Vergine annunziata
http://www.wikidata.org/entity/Q104966980,La preghiera
http://www.wikidata.org/entity/Q104999859,Il ritorno dalla sagra
http://www.wikidata.org/entity/Q105001687,Valenza Gradenigo davanti agli Inquisitori
http://www.wikidata.org/entity/Q105001950,L'ultimo abboccamento di Jacopo Foscari con la propria famiglia (I due Foscari)
http://www.wikidata.org/entity/Q105002330,Ritratto del professor Giampiero Cantoni
http://www.wikidata.org/entity/Q105005172,"Edolo, Fiume Oglio"
http://www.wikidata.org/entity/Q105009573,La Darsena di Porta Ticinese a Milano
http://www.wikidata.org/entity/Q105010125,Veduta della piazza del Duomo di Milano
http://www.wikidata.org/entity/Q105010402,Via Magolfa a Milano
http://www.wikidata.org/entity/Q105025725,Sant'Antonio Abate tentato dal demonio
http://www.wikidata.org/entity/Q105070700,Colonna Traiana
http://www.wikidata.org/entity/Q105070687,Veduta di piazza San Pietro
http://www.wikidata.org/entity/Q105070713,La demolizione della Rupe Tarpea a Roma
http://www.wikidata.org/entity/Q107132227,"Ritratto di John Churchill, duca di Marlborough (1650-1722)"
http://www.wikidata.org/entity/Q106766907,Maddalena penitente
http://www.wikidata.org/entity/Q106547526,Ritratto di Caterina Amisani
http://www.wikidata.org/entity/Q106570155,Ritratto dello scultore Antoine-Denis Chaudet
http://www.wikidata.org/entity/Q106575251,Polittico di Sant'Agnese
http://www.wikidata.org/entity/Q106649932,Ritratto di Carlo V
http://www.wikidata.org/entity/Q106684238,Ritratto di Paolo III con il camauro
http://www.wikidata.org/entity/Q106766906,Ritratto del cardinale Pietro Bembo
http://www.wikidata.org/entity/Q106857023,Vittoria di Francesco Bembo su Filippo Maria Visconti
http://www.wikidata.org/entity/Q106863540,Ritratto del duca Alfonso I d'Este
http://www.wikidata.org/entity/Q107171794,Autoritratto con la moglie e i due figli
http://www.wikidata.org/entity/Q107254346,Ritratto di Charles de La Fosse (1636-1716)
http://www.wikidata.org/entity/Q107273576,Ritratto di Leone X con i cardinali Giulio de' Medici e Luigi de' Rossi
http://www.wikidata.org/entity/Q107311733,Sant'Agostino trionfa sull'eresia
http://www.wikidata.org/entity/Q107440131,Innalzamento della Croce
http://www.wikidata.org/entity/Q107467842,Soldati che giocano a dadi
http://www.wikidata.org/entity/Q107496570,Ritratto di Gioachino Rossini
http://www.wikidata.org/entity/Q107522400,Officine a Porta Romana
http://www.wikidata.org/entity/Q107548658,cartina murale di Bellagio
http://www.wikidata.org/entity/Q107720702,Ritratto della terza moglie
http://www.wikidata.org/entity/Q108123187,Età dell'oro
http://www.wikidata.org/entity/Q108123188,Età dell'argento
http://www.wikidata.org/entity/Q108292260,Ritratto di Isabella di Cosimo I de' Medici
http://www.wikidata.org/entity/Q108314527,Doppio ritratto del Nano Morgante
http://www.wikidata.org/entity/Q108321039,L'antico Stato di Magliano
http://www.wikidata.org/entity/Q108321038,Stemma della Guardia nazionale di Capizzo
http://www.wikidata.org/entity/Q108335985,Ritratto di Pietro Aretino
http://www.wikidata.org/entity/Q108816249,Annunciazione
http://www.wikidata.org/entity/Q108873567,"Ritratto di Francesco Andreini, XVII secolo"
http://www.wikidata.org/entity/Q108900483,Storie della Vergine
http://www.wikidata.org/entity/Q108917715,Padrone con cane
http://www.wikidata.org/entity/Q108917736,Sconfitto alla regata
http://www.wikidata.org/entity/Q108921968,Ritratto del cardinale Gabriele Ferretti
http://www.wikidata.org/entity/Q108922744,Ritratto del cardinale Antonio Maria Cadolini
http://www.wikidata.org/entity/Q108799898,Madonna con bambino
http://www.wikidata.org/entity/Q108584832,Adorazione dei Re Magi
http://www.wikidata.org/entity/Q108783372,Madonna con Bambino e Santi
http://www.wikidata.org/entity/Q109798688,"Ritratto di gruppo di Domenica delle Cascine, la Cecca di Pratolino e Pietro Moro"
http://www.wikidata.org/entity/Q110009768,Ritratto del commendatore Attilio Brivio
http://www.wikidata.org/entity/Q109914012,Autoritratto
http://www.wikidata.org/entity/Q110015681,San Giovanni Battista
http://www.wikidata.org/entity/Q109913050,Sacra Famiglia
http://www.wikidata.org/entity/Q109913006,Cardinale Richelieu
http://www.wikidata.org/entity/Q109928591,Sacra Famiglia con san Giovanni Battista e santa Caterina d'Alessandria
http://www.wikidata.org/entity/Q109937746,Colazione in giardino
http://www.wikidata.org/entity/Q110039871,Raccoglitrice di olive con ragazzo
http://www.wikidata.org/entity/Q110062892,Pastorello in ciocie
http://www.wikidata.org/entity/Q110227186,Venere cacciatrice che appare a Enea e Acate
http://www.wikidata.org/entity/Q110312698,"Enea fugge da Troia con Anchise, Ascanio e Creusa"
http://www.wikidata.org/entity/Q110382981,L'incontro di Enea e Ascanio con Andromaca e Eleno a Butroro
http://www.wikidata.org/entity/Q110384990,Non potendo aspettare
http://www.wikidata.org/entity/Q110770118,Flora
http://www.wikidata.org/entity/Q110546796,L'Imperatore Claudio fa uccidere il suo legatario Asiatico
http://www.wikidata.org/entity/Q110619157,Il rinoceronte
http://www.wikidata.org/entity/Q110626569,Enea racconta Didone la caduta di Troia
http://www.wikidata.org/entity/Q110634767,Mercurio appare in sogno a Enea
http://www.wikidata.org/entity/Q110681237,"San Giuseppe con il Bambino, Santa Caterina d'Alessandria e San Francesco di Sales"
http://www.wikidata.org/entity/Q110714745,Vir dolorum
http://www.wikidata.org/entity/Q110865329,Morte di Didone
http://www.wikidata.org/entity/Q110866078,Enea raccoglie il ramo d'oro
http://www.wikidata.org/entity/Q110867847,Venere chiede a Vulcano di forgiare un'armatura per Enea
http://www.wikidata.org/entity/Q110868028,"bozzetto per ""Venere chiede a Vulcano di forgiare un'armatura per Enea"""
http://www.wikidata.org/entity/Q110868273,Venere offre le armi ad Enea
http://www.wikidata.org/entity/Q110872609,Battaglia tra Enea e Mezenzio
http://www.wikidata.org/entity/Q110872935,La Chiesa annienta gli dei pagani
http://www.wikidata.org/entity/Q111041574,Incoronazione della Vergine tra angeli e santi
http://www.wikidata.org/entity/Q111042707,Apoteosi di San Francesco
http://www.wikidata.org/entity/Q110884929,Ritratto di giovane donna
http://www.wikidata.org/entity/Q110907797,Luigi XIV
http://www.wikidata.org/entity/Q110907328,San Giovanni Paolo II
http://www.wikidata.org/entity/Q111159651,Ritratto di Elisa Bonaparte
http://www.wikidata.org/entity/Q111160508,Ritratto di Felice Baciocchi
http://www.wikidata.org/entity/Q111255373,Regina Elena di Savoia
http://www.wikidata.org/entity/Q111255770,Re Vittorio Emanuele III
http://www.wikidata.org/entity/Q111256129,La carità
http://www.wikidata.org/entity/Q111257029,Silenzio eloquente
http://www.wikidata.org/entity/Q111308504,Il salotto della principessa Matilde
http://www.wikidata.org/entity/Q111509018,Adorazione dei Magi
http://www.wikidata.org/entity/Q111508542,Madonna col Bambino
http://www.wikidata.org/entity/Q111486873,La Natività
http://www.wikidata.org/entity/Q111485530,Annuncio a Zaccaria
http://www.wikidata.org/entity/Q111485979,Martirio di Sant'Agata (taglio dei seni)
http://www.wikidata.org/entity/Q111486358,La liberazione di San Pietro
http://www.wikidata.org/entity/Q111486756,La cacciata degli angeli ribelli
http://www.wikidata.org/entity/Q111486805,Il Paradiso
http://www.wikidata.org/entity/Q111512548,Ritratto di Giuseppe Candiani
http://www.wikidata.org/entity/Q111577849,pigmalione e galatea
http://www.wikidata.org/entity/Q111593419,Il Parlatorio delle monache di San Zaccaria
http://www.wikidata.org/entity/Q111972094,Lampi
http://www.wikidata.org/entity/Q111976882,"Madonna col Bambino tra i santi Girolamo, Benedetto, Maddalena e Giustina"
http://www.wikidata.org/entity/Q112007402,Ritratto di Pio VII
http://www.wikidata.org/entity/Q112034223,Autoritratto
http://www.wikidata.org/entity/Q112034219,Il concertino
http://www.wikidata.org/entity/Q112074870,Il richiamo del contingente
http://www.wikidata.org/entity/Q112075694,Ritratto di papa Paolo IV Carafa
http://www.wikidata.org/entity/Q111718624,Ritratto di Clemente IX benedicente
http://www.wikidata.org/entity/Q111738668,Tabernacolo di San Sebastiano
http://www.wikidata.org/entity/Q111803475,Signora col cane
http://www.wikidata.org/entity/Q112109956,Incredulità di San Tommaso
http://www.wikidata.org/entity/Q112133543,La Deposizione
http://www.wikidata.org/entity/Q112110434,Ritratto di Carlo Alberto di Savoia-Carignano
http://www.wikidata.org/entity/Q112122261,Ritratto di papa Pio IX
http://www.wikidata.org/entity/Q112125081,Ritratto di papa Pio V
http://www.wikidata.org/entity/Q112133371,La caduta di Gesù
http://www.wikidata.org/entity/Q112675085,Ritratto di papa Benedetto XV
http://www.wikidata.org/entity/Q112228996,L’usuraio (L’Antiquario)
http://www.wikidata.org/entity/Q112798481,Ritratto di papa Clemente VIII Aldobrandini
http://www.wikidata.org/entity/Q112958938,Due cani
http://www.wikidata.org/entity/Q113005931,Ritratto di papa Clemente XIII Rezzonico
http://www.wikidata.org/entity/Q113006398,Deposizione nel Sepolcro
http://www.wikidata.org/entity/Q113016417,Ritratto di papa Giulio III
http://www.wikidata.org/entity/Q113328821,Ritratto di Clemente XIII Rezzonico
http://www.wikidata.org/entity/Q113328601,L'amazzone
http://www.wikidata.org/entity/Q113465666,Eva
http://www.wikidata.org/entity/Q113465655,Adamo
http://www.wikidata.org/entity/Q113444533,Ritratto dell'attrice Alice Regnault
http://www.wikidata.org/entity/Q113550634,Autoritratto
http://www.wikidata.org/entity/Q113825024,Ritratto di Guidobaldo II della Rovere
http://www.wikidata.org/entity/Q113988555,Cardinale Giuseppe Siri
http://www.wikidata.org/entity/Q114417792,San Girolamo
http://www.wikidata.org/entity/Q114065222,Ritratto di papa Innocenzo IX
http://www.wikidata.org/entity/Q114241461,Ritratto di Jacques-Bénigne Bossuet
http://www.wikidata.org/entity/Q114417179,Madonna di san Simone
http://www.wikidata.org/entity/Q114601165,Tobia e san Raffaele Arcangelo
http://www.wikidata.org/entity/Q114647508,Ritratto di Elisabetta di Sassonia
http://www.wikidata.org/entity/Q114647547,Leda e il cigno
http://www.wikidata.org/entity/Q115380883,Ritratto di Papa Pio VIII
http://www.wikidata.org/entity/Q115192337,Martirio di Santa Caterina d'Alessandria
http://www.wikidata.org/entity/Q115193266,Miracolo di san Verano
http://www.wikidata.org/entity/Q115206624,Enea e Didone si inoltrano verso la grotta (bozzetto)
http://www.wikidata.org/entity/Q115249957,L'Immacolata Concezione
http://www.wikidata.org/entity/Q115326515,Presentazione della Vergine al Tempio
http://www.wikidata.org/entity/Q115327275,Ritratto di papa Clemente IX Rospigliosi benedicente
http://www.wikidata.org/entity/Q115329022,Ritratto del cardinale Giulio Rospigliosi
http://www.wikidata.org/entity/Q115350433,Ritratto di papa Gregorio XVI
http://www.wikidata.org/entity/Q115363544,Ritratto di papa Leone X con i cardinali Giulio de' Medici e Innocenzo Cybo
http://www.wikidata.org/entity/Q115382052,Ritratto del conte Stefano Tomani Amiani
http://www.wikidata.org/entity/Q115390601,Ritratto di Alessandro VII Chigi
http://www.wikidata.org/entity/Q115430770,Ritratto di papa Clemente X
http://www.wikidata.org/entity/Q115431741,Ritratto del cardinale Ippolito de' Medici
http://www.wikidata.org/entity/Q115434462,Ritratto di Clemente VII con barba
http://www.wikidata.org/entity/Q115453601,Ritratto di papa Clemente VII
http://www.wikidata.org/entity/Q115452504,Il Crocifisso fra S. Giovanni Battista e S. Nicola da Tolentino
http://www.wikidata.org/entity/Q115456457,Ritratto di Cosimo I de' Medici
http://www.wikidata.org/entity/Q115470798,Papa Clemente VII e l'imperatore Carlo V a colloquio
http://www.wikidata.org/entity/Q115484898,Putti incoronano la dea Minerva
http://www.wikidata.org/entity/Q115512129,Putto che incorona con l'alloro l'aquila che ha battuto il leone
http://www.wikidata.org/entity/Q115522910,putti con vessillo e fascio littorio
http://www.wikidata.org/entity/Q115555506,Putti con scudo e insegne romane
http://www.wikidata.org/entity/Q115589005,Elemosina di san Benedetto
http://www.wikidata.org/entity/Q115589179,Madonna allattante
http://www.wikidata.org/entity/Q114863216,Autoritratto
http://www.wikidata.org/entity/Q114869573,L'angelo custode
http://www.wikidata.org/entity/Q114775095,Compianto sul Cristo morto
http://www.wikidata.org/entity/Q115110979,Ritratto di papa Pio V
http://www.wikidata.org/entity/Q114772679,Santa Palazia
http://www.wikidata.org/entity/Q114793365,La casa dell'artista
http://www.wikidata.org/entity/Q114807998,Cavalcata di soldati nel bosco
http://www.wikidata.org/entity/Q114811811,Scogliera a Quarto
http://www.wikidata.org/entity/Q114825983,Veduta di Ancona
http://www.wikidata.org/entity/Q114857806,Ritratto di papa Leone X
http://www.wikidata.org/entity/Q114859027,Ritratto di papa Bonifacio VIII
http://www.wikidata.org/entity/Q114937054,Ritratto del cardinale Cesare Nembrini Pironi Gonzaga
http://www.wikidata.org/entity/Q115041810,Ritratto di papa Pio VI
http://www.wikidata.org/entity/Q115067483,Madonna del Magnificat
http://www.wikidata.org/entity/Q115102928,Ritratto di Giovanni Battista Caprara Montecuccoli
http://www.wikidata.org/entity/Q115153302,La Madonna dell'ala
http://www.wikidata.org/entity/Q115153353,Ritratto di Matilde Monori Puini
http://www.wikidata.org/entity/Q114770904,San Francesco di Assisi riceve le stimmate
http://www.wikidata.org/entity/Q115862528,Martirio di San Giorgio e dell'Imperatrice Alessandra
http://www.wikidata.org/entity/Q115796466,Assunzione della Vergine
http://www.wikidata.org/entity/Q115652286,Adorazione dei Re Magi
http://www.wikidata.org/entity/Q115662781,Ritratto di papa Leone X
http://www.wikidata.org/entity/Q115659447,Ritratto di Lorenzo de' Medici il Magnifico
http://www.wikidata.org/entity/Q115669298,La negromante
http://www.wikidata.org/entity/Q115680005,Madonna della Misericordia
http://www.wikidata.org/entity/Q115707472,San Giovanni XXIII
http://www.wikidata.org/entity/Q115727218,Marina del Porto
http://www.wikidata.org/entity/Q115770576,Ritratto di papa Paolo III
http://www.wikidata.org/entity/Q115776591,Cristo nel sepolcro
http://www.wikidata.org/entity/Q115783769,Porta con con Trionfo di Bacco
http://www.wikidata.org/entity/Q115789803,Ritratto di papa Paolo III Farnese
http://www.wikidata.org/entity/Q115787659,Ritratto di papa Giulio II
http://www.wikidata.org/entity/Q115788237,Ritratto della seconda moglie
http://www.wikidata.org/entity/Q115798316,"Ritratto del cardinale Giovanni Maria Ciocchi del Monte, poi papa Giulio III"
http://www.wikidata.org/entity/Q115821855,Il Perdono di Assisi
http://www.wikidata.org/entity/Q115821974,Madonna di san Giovanni
http://www.wikidata.org/entity/Q115839852,Crocifissione con i dolenti
http://www.wikidata.org/entity/Q115863339,Michelangelo presenta a papa Pio IV il modello di San Pietro in Vaticano
http://www.wikidata.org/entity/Q113878786,Suicidio di Catone
http://www.wikidata.org/entity/Q117034670,Madonna col Bambino in trono
http://www.wikidata.org/entity/Q117041785,Natività
http://www.wikidata.org/entity/Q117044144,Madonna del Rosario
http://www.wikidata.org/entity/Q117051307,Adorazione dei Pastori
http://www.wikidata.org/entity/Q117051343,Adorazione dei Pastori
http://www.wikidata.org/entity/Q117052364,Madonna della Neve
http://www.wikidata.org/entity/Q117043824,San Giovanni Evangelista a Patmos
http://www.wikidata.org/entity/Q117005860,Ritratto di gentiluomo
http://www.wikidata.org/entity/Q117041748,San Giovanni Battista nel deserto
http://www.wikidata.org/entity/Q117188285,Ritratto di Papa Pio VII
http://www.wikidata.org/entity/Q117051893,Presentazione di Maria al tempio
http://www.wikidata.org/entity/Q117051271,Natività della Vergine
http://www.wikidata.org/entity/Q117042984,Presentazione di Gesù al Tempio
http://www.wikidata.org/entity/Q117042320,Madonna con il Bambino
http://www.wikidata.org/entity/Q117005926,Testa di orientale dalla barba scura
http://www.wikidata.org/entity/Q117005980,Testa di orientale dalla barba grigia
http://www.wikidata.org/entity/Q117023915,Madonna del Buon Consiglio
http://www.wikidata.org/entity/Q117024956,Madonna Immacolata con San Francesco di Sales
http://www.wikidata.org/entity/Q117034996,Cristo crocifisso
http://www.wikidata.org/entity/Q117035037,Cristo crocifisso
http://www.wikidata.org/entity/Q117034906,Madonna con il Bambino in trono
http://www.wikidata.org/entity/Q117035093,Madonna con il Bambino e i santi Miniato e Girolamo
http://www.wikidata.org/entity/Q117040607,"Madonna con il bambino e i santi Nicola, Girolamo, Agostino e Cristoforo"
http://www.wikidata.org/entity/Q117043780,presentazione di Maria Vergine al tempio
http://www.wikidata.org/entity/Q117086849,Ritratto di Lorenzo Onofrio Colonna
http://www.wikidata.org/entity/Q117086888,Ritratto del conte Aldo Annoni
http://www.wikidata.org/entity/Q117086924,Ritratto del conte Giovanni Pietro Porro
http://www.wikidata.org/entity/Q117086970,Cav. Nob. Dott. Giacomo Porchera
http://www.wikidata.org/entity/Q117161791,Cristo in croce tra le Marie e San Giovanni Evangelista
http://www.wikidata.org/entity/Q117162400,Paolo e Francesca nel vortice infernale
http://www.wikidata.org/entity/Q117164043,San Giorgio e un gruppo di disciplinanti
http://www.wikidata.org/entity/Q115898761,Madonna di Campagna a Pallanza
http://www.wikidata.org/entity/Q116259243,Il foro a Roma
http://www.wikidata.org/entity/Q116259790,Al pianoforte
http://www.wikidata.org/entity/Q116270130,"Cornelia, madre dei Gracchi"
http://www.wikidata.org/entity/Q116414251,Ritratto di mia moglie
http://www.wikidata.org/entity/Q116994793,Circoncisione
http://www.wikidata.org/entity/Q116993417,San Giorgio
http://www.wikidata.org/entity/Q116994722,Madonna con il Bambino
http://www.wikidata.org/entity/Q116995512,Riposo durante la fuga in Egitto con san Giovannino
http://www.wikidata.org/entity/Q116772186,Papa Pio II
http://www.wikidata.org/entity/Q116912709,Autoritratto
http://www.wikidata.org/entity/Q116779908,L'Adorazione dei pastori
http://www.wikidata.org/entity/Q116780670,Ritratto di Pio IX
http://www.wikidata.org/entity/Q116806301,San Giorgio e il drago
http://www.wikidata.org/entity/Q116804064,Presentazione di Gesù al tempio
http://www.wikidata.org/entity/Q116786123,Ritratto di papa Gregorio XVI
http://www.wikidata.org/entity/Q116734952,La religione dei Trapassati
http://www.wikidata.org/entity/Q116771231,Ritratto di Cosimo III de' Medici granduca di Toscana
http://www.wikidata.org/entity/Q116771349,Madonna con il Bambino e santi
http://www.wikidata.org/entity/Q116771885,Cristo risorto con Sant'Andrea e donatori
http://www.wikidata.org/entity/Q116780072,Madonna incoronata tra Santi Benedettini
http://www.wikidata.org/entity/Q116802769,Martirio di Santa Lucia
http://www.wikidata.org/entity/Q116804839,Martirio dei santi Cosma e Damiano
http://www.wikidata.org/entity/Q116805369,Lapidazione di Santo Stefano
http://www.wikidata.org/entity/Q116807092,San Giorgio uccide il drago
http://www.wikidata.org/entity/Q116875391,Doppio ritratto
http://www.wikidata.org/entity/Q116912669,Autoritratto di Justus Suttermans
http://www.wikidata.org/entity/Q116912674,Banchetto a lume di candela
http://www.wikidata.org/entity/Q116912676,Ritratto di papa Adriano VI
http://www.wikidata.org/entity/Q116912691,Ritratto di Anna Maria Luisa de' Medici
http://www.wikidata.org/entity/Q116912704,Ritratto di Filippo IV di Spagna a cavallo
http://www.wikidata.org/entity/Q116912724,L'adorazione dei pastori (240601)
http://www.wikidata.org/entity/Q116920783,Autoritratto di Philip Alexius László de Lombos
http://www.wikidata.org/entity/Q116920763,Madonna con il Bambino e quattro angeli
http://www.wikidata.org/entity/Q116938047,San Tommaso d'Aquino
http://www.wikidata.org/entity/Q116989564,Adorazione dei pastori
http://www.wikidata.org/entity/Q116957155,San Giovanni Evangelista
http://www.wikidata.org/entity/Q116968267,Ascensione di Cristo
http://www.wikidata.org/entity/Q116993384,San Girolamo
http://www.wikidata.org/entity/Q116992418,San Giorgio
http://www.wikidata.org/entity/Q116993372,Santa Caterina d'Alessandria
http://www.wikidata.org/entity/Q116991906,Sacra Famiglia con san Giovannino
http://www.wikidata.org/entity/Q116985089,Madonna dell'Umiltà
http://www.wikidata.org/entity/Q116984873,San Matteo
http://www.wikidata.org/entity/Q116943395,Christus Triumphant-Christus Patient
http://www.wikidata.org/entity/Q116943590,Madonna con il Bambino
http://www.wikidata.org/entity/Q116943795,"Madonna con il Bambino in trono tra i santi Pietro e Paolo e due angeli, san Giovanni Battista e santa Maria Maddalena nel deserto e la crocifissione"
http://www.wikidata.org/entity/Q116944960,Ascensione di san Giovanni
http://www.wikidata.org/entity/Q116944959,San Giovanni evangelista che beve dalla coppa avvelenata
http://www.wikidata.org/entity/Q116945667,Crocifissione e Cristo benedicente
http://www.wikidata.org/entity/Q116955599,Due santi apostoli
http://www.wikidata.org/entity/Q116956495,Polittico di San Paolo
http://www.wikidata.org/entity/Q116985346,Madonna con il Bambino
http://www.wikidata.org/entity/Q116968203,"I santi Pietro Martire, Andrea, Mattia, Giovanni Evangelista, Pietro e un santo vescovo"
http://www.wikidata.org/entity/Q116984810,"Madonna con il Bambino e i santi Antonio abate, Lorenzo, Giovanni Battista, Agata"
http://www.wikidata.org/entity/Q116985263,Redentore Cini
http://www.wikidata.org/entity/Q116985325,San Pietro martire
http://www.wikidata.org/entity/Q116990427,Madonna che adora il Bambino con due angeli
http://www.wikidata.org/entity/Q116991105,Madonna con il Bambino e due angeli
http://www.wikidata.org/entity/Q118383381,Autoritratto
http://www.wikidata.org/entity/Q118368958,offerta dei doni a Psiche
http://www.wikidata.org/entity/Q118383458,Autoritratto di Augusto Bastianini
http://www.wikidata.org/entity/Q118384137,Ritratto di Filippo Corsini
http://www.wikidata.org/entity/Q117834885,disputa tra il duca Alessandro e i fuoriusciti fiorentini a Napoli di fronte all'imperatore
http://www.wikidata.org/entity/Q117848663,elezione del duca Cosimo
http://www.wikidata.org/entity/Q117848759,cacciata degli oratori campani dal senato romano
http://www.wikidata.org/entity/Q117848804,conquista di Montemurlo
http://www.wikidata.org/entity/Q117848843,l'imperatore consegna al duca Alessandro le insegne del potere ducale
http://www.wikidata.org/entity/Q117848873,nozze del duca Alessandro a Napoli
http://www.wikidata.org/entity/Q117849453,doppia intercessione e santi
http://www.wikidata.org/entity/Q117849868,tabernacolo con due figure di chiaroscuro
http://www.wikidata.org/entity/Q117850467,Madonna e santi
http://www.wikidata.org/entity/Q117949491,martirio di Sant'Acacio e dei suoi diecimila compagni sul monte Ararat
http://www.wikidata.org/entity/Q117950829,episodi della vita di Sant'Acacio
http://www.wikidata.org/entity/Q117408881,Adorazione dei pastori
http://www.wikidata.org/entity/Q117428543,Sacrificio di Isacco
http://www.wikidata.org/entity/Q117304805,Il ritorno del figliol prodigo
http://www.wikidata.org/entity/Q117430437,Pietà
http://www.wikidata.org/entity/Q117447676,Sant'Agostino
http://www.wikidata.org/entity/Q117470090,Natività
http://www.wikidata.org/entity/Q117382014,Ritratto di gentildonna
http://www.wikidata.org/entity/Q117615645,Ritratto di papa Clemente IX
http://www.wikidata.org/entity/Q117323711,"Ritratto di cavaliere dell'ordine costantiniano,"
http://www.wikidata.org/entity/Q117338080,Ritratto di Francesco Maria Bruntino
http://www.wikidata.org/entity/Q117408489,Dante in esilio
http://www.wikidata.org/entity/Q117408743,Adorazione del Bambino con San Francesco e il Beato Ottaviano
http://www.wikidata.org/entity/Q117427024,Storie del carro della Moneta
http://www.wikidata.org/entity/Q117428285,Consolatrix afflictorum
http://www.wikidata.org/entity/Q117428772,Cristo appare a San Giovanni della Croce
http://www.wikidata.org/entity/Q117430308,"Madonna col Bambino, angeli e donatori"
http://www.wikidata.org/entity/Q117708969,noli me tangere
http://www.wikidata.org/entity/Q117715996,Chiesa militante e trionfante
http://www.wikidata.org/entity/Q117753177,Ritratto di Papa Benedetto XIII
http://www.wikidata.org/entity/Q117756937,Campo di cavoli presso la vecchia via Frusa a Firenze
http://www.wikidata.org/entity/Q117797593,Autoritratto di Albrecht Dürer
http://www.wikidata.org/entity/Q117803973,Ritratto di Papa Benedetto XIV
http://www.wikidata.org/entity/Q117826019,"Francesco Raibolini, detto il Francia, che nella sua bottega ammira per la prima volta la Santa Cecilia di Raffaello"
http://www.wikidata.org/entity/Q117832067,Atalanta e Ippomene
http://www.wikidata.org/entity/Q117834449,San Francesco di Sargiano
http://www.wikidata.org/entity/Q117834473,San Francesco di Ganghereto
http://www.wikidata.org/entity/Q117834509,tornata d’esilio del Magnifico Cosimo de’ Medici
http://www.wikidata.org/entity/Q117834674,l’andata a Napoli di Lorenzo il Magnifico
http://www.wikidata.org/entity/Q117834758,ingresso di Papa Leone X a Firenze
http://www.wikidata.org/entity/Q117834806,Giovanni de' Medici conquista Biegrassa
http://www.wikidata.org/entity/Q118398891,San Girolamo
http://www.wikidata.org/entity/Q118399101,"Madonna in trono con Sant'Agostino, San Giovanni evangelista, San Francesco, San Possidonio"
http://www.wikidata.org/entity/Q118277328,Annunciazione
http://www.wikidata.org/entity/Q118121260,Ritratto di papa Paolo III
http://www.wikidata.org/entity/Q118138029,Ritratto di papa Clemente XIV
http://www.wikidata.org/entity/Q118140584,Ritratto di Alice Blanceflor de Bildt
http://www.wikidata.org/entity/Q118273001,Allegoria della Concezione
http://www.wikidata.org/entity/Q118287906,Filosofo della scuola cinica
http://www.wikidata.org/entity/Q118522639,compianto sul cristo morto
http://www.wikidata.org/entity/Q118522898,"Madonna in trono con Bambino adorata da Santa Cristina, San Giovanni Battista, San Filippo, San Nicola da Bari, San Romualdo e Santa Lucia da Settefonti"
http://www.wikidata.org/entity/Q118590751,Deposizione dalla Croce
http://www.wikidata.org/entity/Q118601577,deposizione dalla Croce
http://www.wikidata.org/entity/Q118605466,San Rocco davanti al palazzo della Fraternità dei Laici ad Arezzo
http://www.wikidata.org/entity/Q118606399,San Rocco allontana da Arezzo il flagello della peste
http://www.wikidata.org/entity/Q118611138,"Madonna con Bambino, Santo vescovo, San Zanobi, San Michele arcangelo, San Raffaele arcangelo"
http://www.wikidata.org/entity/Q118678052,conversione di San Paolo
http://www.wikidata.org/entity/Q118675903,Sacra Conversazione
http://www.wikidata.org/entity/Q118680631,Madonna in adorazione del Bambino con san Giovannino
http://www.wikidata.org/entity/Q118724762,ultima cena
http://www.wikidata.org/entity/Q118725088,"Vergine con il Bambino, Sant’Antonio Abate e San Bernardo"
http://www.wikidata.org/entity/Q118725638,presentazione di Gesù al Tempio e santi
http://www.wikidata.org/entity/Q118641092,Vocazione di San Pietro e Sant'Andrea
http://www.wikidata.org/entity/Q119010849,Adorazione dei Magi
http://www.wikidata.org/entity/Q119008888,Madonna degli Innocenti
http://www.wikidata.org/entity/Q118905108,Parnaso
http://www.wikidata.org/entity/Q118835177,conversione di San Paolo
http://www.wikidata.org/entity/Q118822913,"Santa Barbara, San Giovanni Battista e San Matteo"
http://www.wikidata.org/entity/Q118868275,Compianto per Cristo con il cardinale Johann Albrecht di Brandenburgo
http://www.wikidata.org/entity/Q118869818,San Sebastiano e san Rocco
http://www.wikidata.org/entity/Q118873919,Le sette Virtù
http://www.wikidata.org/entity/Q118898180,Madonna del latte (Previtali)
http://www.wikidata.org/entity/Q118978047,Ritratto di Michelangelo
http://www.wikidata.org/entity/Q119496040,Autoritratto
http://www.wikidata.org/entity/Q119292565,Assunzione della Vergine
http://www.wikidata.org/entity/Q119353076,Madonna con Bambino e angeli
http://www.wikidata.org/entity/Q119398059,Ritratto di Canova
http://www.wikidata.org/entity/Q119404568,"Incoronazione di Maria Vergine e il martirio di San Lorenzo con i santi Paolo, Lorenzo, Clemente e Pietro"
http://www.wikidata.org/entity/Q119406125,Ritratto di Elisabetta I d'Inghilterra
http://www.wikidata.org/entity/Q119443390,Pala dell'udienza
http://www.wikidata.org/entity/Q119443609,Tabernacolo del canto del Mercatale
http://www.wikidata.org/entity/Q119493466,assunzione della Madonna
http://www.wikidata.org/entity/Q119574411,Sant'Antonino in adorazione di Cristo crocifisso
http://www.wikidata.org/entity/Q119702756,Ritratto di Pio VII (1742-1823)
http://www.wikidata.org/entity/Q119819515,"Madonna in trono con Bambino, San Sebastiano, San Procolo, Sant'Agostino, San Giovanni Evangelista e due angeli"
http://www.wikidata.org/entity/Q119157243,Ritratto di Filippo Strozzi il Vecchio
http://www.wikidata.org/entity/Q119164762,Ritratto di Lorenzo di Giovanni de' Medici
http://www.wikidata.org/entity/Q119169372,Ritratto di Neri Corsini
http://www.wikidata.org/entity/Q119846277,incoronazione di Maria Vergine
http://www.wikidata.org/entity/Q120311223,Madonna con Bambino e Santi
http://www.wikidata.org/entity/Q120317949,Madonna con Bambino e Santi
http://www.wikidata.org/entity/Q120401056,Ritratto di Piero de' Medici
http://www.wikidata.org/entity/Q120489814,Assunzione della Madonna
http://www.wikidata.org/entity/Q120488471,Crocifissione ed apoteosi dei 10.000 martiri del monte Ararat
http://www.wikidata.org/entity/Q120488611,La presentazione di Gesu' al tempio
http://www.wikidata.org/entity/Q120488851,martirio di San Marco
http://www.wikidata.org/entity/Q120509133,San Giuseppe da Leonessa
http://www.wikidata.org/entity/Q120509521,Sant'Antonio da Padova resuscita un giovane
http://www.wikidata.org/entity/Q120509789,Sant'Antonio da Padova e il miracolo del piede risanato
http://www.wikidata.org/entity/Q120598525,Perseo e Medusa
http://www.wikidata.org/entity/Q120598716,San Marco porge il suo stendardo a Venezia
http://www.wikidata.org/entity/Q120766339,Ritratto del cardinale Alessandro Farnese
http://www.wikidata.org/entity/Q120763322,Ritratto di papa Giulio II
http://www.wikidata.org/entity/Q120822987,Ritratto di papa Giulio II
http://www.wikidata.org/entity/Q120793977,Ritratto di Filippo Strozzi il Giovane
http://www.wikidata.org/entity/Q120903815,Madonna con Bambino
http://www.wikidata.org/entity/Q120884863,Veduta del parco di una villa
http://www.wikidata.org/entity/Q120884895,Il ritrovamento di Gesù nel tempio
http://www.wikidata.org/entity/Q120900571,Nostra Signora della Speranza in San Bernardo
http://www.wikidata.org/entity/Q120968113,Papa Paolo III
http://www.wikidata.org/entity/Q120968282,Cardinale Ranuccio Farnese
http://www.wikidata.org/entity/Q120968550,"Pier Luigi Farnese, primo duca di Parma"
http://www.wikidata.org/entity/Q120968767,Cardinale Alessandro Farnese
http://www.wikidata.org/entity/Q120968914,"Ottavio Farnese, secondo duca di Parma"
http://www.wikidata.org/entity/Q120985002,Ritratto di Gian Lorenzo Bernini
http://www.wikidata.org/entity/Q121050640,Assunzione della Vergine
http://www.wikidata.org/entity/Q121064292,Assunzione della Vergine con angeli musicanti
http://www.wikidata.org/entity/Q121064630,Il mistero dell'Annunciazione
http://www.wikidata.org/entity/Q121065902,Tentazioni di Sant'Antonio Abate
http://www.wikidata.org/entity/Q121066043,Trinità con Madonna e Santi
http://www.wikidata.org/entity/Q121450256,Ritratto di papa Paolo III
http://www.wikidata.org/entity/Q121462678,Ritratto di Anna Maria Luisa de' Medici in abito da caccia
http://www.wikidata.org/entity/Q121504941,"Ritratto di anziano gentiluomo, probabilmente Andrea Doria"
http://www.wikidata.org/entity/Q121811406,Stemma dell'Accademia dei Catenati
http://www.wikidata.org/entity/Q121546107,Madonna col Bambino
http://www.wikidata.org/entity/Q121692401,Madonna col Bambino
http://www.wikidata.org/entity/Q121678655,Ritratto di Filippo II di Spagna
http://www.wikidata.org/entity/Q121685223,Predica di Cristo
http://www.wikidata.org/entity/Q121689728,Amore e le Grazie
http://www.wikidata.org/entity/Q121735048,Santi Francesco e Domenico
http://www.wikidata.org/entity/Q121780997,Impresa di Lugi Buonaccorsi
http://www.wikidata.org/entity/Q121995915,Ritratto di Samuel Egerton
http://www.wikidata.org/entity/Q122227973,Il Ciarlatano
http://www.wikidata.org/entity/Q122733370,Ritratto di Filippo II di Spagna
http://www.wikidata.org/entity/Q122615548,Ora di studio
http://www.wikidata.org/entity/Q122740583,Presentazione di Gesù al tempio e purificazione della Vergine
http://www.wikidata.org/entity/Q122764699,Ritratto di Cosimo I in armatura
http://www.wikidata.org/entity/Q122912807,San Giovannino nel deserto
http://www.wikidata.org/entity/Q122617360,Autoritratto
http://www.wikidata.org/entity/Q122730307,Bacco e Arianna
http://www.wikidata.org/entity/Q123375075,Ritratto di Elisabetta I d'Inghilterra
http://www.wikidata.org/entity/Q123419057,Acquaiola
http://www.wikidata.org/entity/Q123416410,"Primavera, tre fanciulle e pecore su un prato fiorito"
http://www.wikidata.org/entity/Q123416461,La lacciaia
http://www.wikidata.org/entity/Q123416548,Buoi al pascolo
http://www.wikidata.org/entity/Q123416994,Pastura in montagna
http://www.wikidata.org/entity/Q123417018,Convento ad Amalfi
http://www.wikidata.org/entity/Q123418628,"Toscani a Curtatone (Campagna del 1848, veduta presa sul ponte dell’Osone)"
http://www.wikidata.org/entity/Q123419096,Piazza San Gallo a Firenze
http://www.wikidata.org/entity/Q123419116,Il passaggio di un drappello di artiglieria da piazza San Gallo
http://www.wikidata.org/entity/Q123419220,Ritorno dalla corse alle Cascine
http://www.wikidata.org/entity/Q123419237,Idillio
http://www.wikidata.org/entity/Q123419285,Il garofano rosso
http://www.wikidata.org/entity/Q123419324,Ultime vangate
http://www.wikidata.org/entity/Q123419384,Le gramignaie al fiume
http://www.wikidata.org/entity/Q123419421,L'abbeverata
http://www.wikidata.org/entity/Q123422898,Allegoria
http://www.wikidata.org/entity/Q123457362,Paesaggio col Battista
http://www.wikidata.org/entity/Q123457388,Prospettiva
http://www.wikidata.org/entity/Q123457393,Prospettiva di antiche terme
http://www.wikidata.org/entity/Q123462848,Ritratto del principe Filippo d'Assia
http://www.wikidata.org/entity/Q123480115,Ritratto di Maria de' Medici
http://www.wikidata.org/entity/Q123457399,Ritratto di fanciullo
http://www.wikidata.org/entity/Q123416954,Anzio
http://www.wikidata.org/entity/Q123458625,Ritratto di Pio VIII
http://www.wikidata.org/entity/Q123457371,Giuditta e Oloferne
http://www.wikidata.org/entity/Q122965388,Ritratto di Franca Viviani della Robbia
http://www.wikidata.org/entity/Q123036459,Emanuele Brignole
http://www.wikidata.org/entity/Q123052486,La vecchia nonna
http://www.wikidata.org/entity/Q123052559,Padrone che cura il cane
http://www.wikidata.org/entity/Q123055325,Ritratto di papa Clemente XIII Rezzonico benedicente
http://www.wikidata.org/entity/Q123146252,Ritratto di Urbano V
http://www.wikidata.org/entity/Q123178580,Madonna del Baldacchino
http://www.wikidata.org/entity/Q123200931,Stimmate di San Francesco
http://www.wikidata.org/entity/Q123200938,Pala della Trinità
http://www.wikidata.org/entity/Q123200940,Santa Caterina di Alessandria con donatore
http://www.wikidata.org/entity/Q123201359,Ritratto di Papa Leone XIII
http://www.wikidata.org/entity/Q123258249,Ritratto della contessa Antonietta Negroni Prati Morosini
http://www.wikidata.org/entity/Q123260093,Ritratto dell'abate mitrato di San Martino conte Vay de Vaya e de Luskod
http://www.wikidata.org/entity/Q123301255,Ritratto di Carolina Primodì Baruzzi
http://www.wikidata.org/entity/Q123313948,"Ritratto di Elisabetta, Imperatrice d'Austria"
http://www.wikidata.org/entity/Q123314103,"Ritratto di Francesco Giuseppe, Imperatore d'Austria"
http://www.wikidata.org/entity/Q123338940,Autoritratto di Franz Xaver Winterhalter
http://www.wikidata.org/entity/Q122948136,Autoritratto
http://www.wikidata.org/entity/Q123328738,Autoritratto
http://www.wikidata.org/entity/Q123562848,Madonna con il bambino e tre angeli
http://www.wikidata.org/entity/Q123709241,Ritratto di Pier Luigi Farnese
http://www.wikidata.org/entity/Q123709348,Papa Paolo III nomina il figlio Pier Luigi duca di Parma e Piacenza
http://www.wikidata.org/entity/Q123741888,Ritratto di Gabriele Tadino
http://www.wikidata.org/entity/Q123751969,Cristo Salvatore
http://www.wikidata.org/entity/Q123912954,Ritratto del vescovo Ludovico Beccadelli
http://www.wikidata.org/entity/Q123753616,Adorazione dei pastori
http://www.wikidata.org/entity/Q123671285,Resurrezione di Cristo
http://www.wikidata.org/entity/Q123754396,Madonna della Misericordia
http://www.wikidata.org/entity/Q124039068,Ritratto di Onofrio Panvinio
http://www.wikidata.org/entity/Q124039121,Ritratto di Onofrio Panvinio
http://www.wikidata.org/entity/Q124039323,San Giovanni Battista
http://www.wikidata.org/entity/Q124038605,San Giovanni Battista nel deserto
http://www.wikidata.org/entity/Q124348363,Giove allattato dalla capra Amaltea
http://www.wikidata.org/entity/Q124348745,Nascita di Adone
http://www.wikidata.org/entity/Q124349538,Ritratto di Buonaccorso Buonaccorsi all'età di tre anni
http://www.wikidata.org/entity/Q124043063,Ritratto di Ippolito Riminaldi
http://www.wikidata.org/entity/Q124056690,San Francesco d'Assisi riceve le stimmate
http://www.wikidata.org/entity/Q124069413,Ritratto di Santino Brusatori
http://www.wikidata.org/entity/Q124069583,Ritratto di Angioletta Carnaghi Brusatori
http://www.wikidata.org/entity/Q124069753,Ritratto di Valentino Cafulli
http://www.wikidata.org/entity/Q124079494,Ritratto di Maria Speroni Formenti
http://www.wikidata.org/entity/Q124083860,Ritratto di Rosa Bottigelli Borri
http://www.wikidata.org/entity/Q124084281,Ritratto di Eligio Milani
http://www.wikidata.org/entity/Q124086041,Ritratto di Benedetto Milani
http://www.wikidata.org/entity/Q124086306,Ritratto di Ernesto Travelli
http://www.wikidata.org/entity/Q124086626,Ritratto di Teresa Caminada Tosi
http://www.wikidata.org/entity/Q124087802,Ritratto di Giovanni Xeconti
http://www.wikidata.org/entity/Q124091771,Ritratto di Giovan Battista Provasoli
http://www.wikidata.org/entity/Q124092399,Ritratto di Teresa Lualdi
http://www.wikidata.org/entity/Q124092672,Ritratto di Carlo Ottolini
http://www.wikidata.org/entity/Q124097861,Ritratto di Anselmo Giani
http://www.wikidata.org/entity/Q124098297,Ritratto di Roberto Marcora
http://www.wikidata.org/entity/Q124100563,Ritratto del cardinale Marcello Cervini Spannocchi
http://www.wikidata.org/entity/Q124101877,Ritratto di Carlo Venzaghi
http://www.wikidata.org/entity/Q124101956,Ritratto di Ida Bossi Dell'Acqua
http://www.wikidata.org/entity/Q124150884,Ritratto di Luigi Crespi
http://www.wikidata.org/entity/Q124151090,Ritratto di Maria Teresa Ferrario Carnaghi
http://www.wikidata.org/entity/Q124154199,Ritratto di Antonio Tosi
http://www.wikidata.org/entity/Q124154228,Ritratto di Carlo Solbiati
http://www.wikidata.org/entity/Q124210379,Latona trasforma in rane i pastori della Licia
http://www.wikidata.org/entity/Q124218595,Cristo flagellato
http://www.wikidata.org/entity/Q124246612,Ritratto di Sigismondo II Augusto (1520-1572)
http://www.wikidata.org/entity/Q124286611,Ritratto d'uomo della famiglia Minerbetti
http://www.wikidata.org/entity/Q124152267,Ecce Homo
http://www.wikidata.org/entity/Q124287319,Madonna col Bambino
http://www.wikidata.org/entity/Q124288119,San Giovanni Battista
http://www.wikidata.org/entity/Q124248182,Ritratto di Cosimo I de' Medici
http://www.wikidata.org/entity/Q124287594,Ritratto del cardinale Ippolito de' Medici
http://www.wikidata.org/entity/Q124256182,adorazione del bambino
http://www.wikidata.org/entity/Q124307433,Haschisch: fumatrici d'oppio
http://www.wikidata.org/entity/Q124307821,Abisso verde
http://www.wikidata.org/entity/Q124316070,Autoritratto con tavolozza
http://www.wikidata.org/entity/Q124321743,Ritratto dell'imperatore Carlo V in armatura
http://www.wikidata.org/entity/Q124369794,Ritratto di Pier Luigi Farnese
http://www.wikidata.org/entity/Q124498236,Ritratto di Ambrogio Bertarelli
http://www.wikidata.org/entity/Q124499426,Ritratto di Francesco Mira
http://www.wikidata.org/entity/Q124538450,Ritratto di papa Urbano VIII Barberini
http://www.wikidata.org/entity/Q124629543,Ritratto di Alessandro de' Medici
http://www.wikidata.org/entity/Q124630700,Giovane donna con vestito giallo (Renée Modot)
http://www.wikidata.org/entity/Q124627974,Madonna del Latte
http://www.wikidata.org/entity/Q124537391,Ritratto di Pio IX
http://www.wikidata.org/entity/Q125599554,Ritratto di Pedro Álvarez de Toledo y Zúñiga
http://www.wikidata.org/entity/Q125266586,Conversione di san Paolo
http://www.wikidata.org/entity/Q124962542,Ritratto di Andrea Vesalio
http://www.wikidata.org/entity/Q125102834,La novella della nonna
http://www.wikidata.org/entity/Q125107060,La nonna e nipote
http://www.wikidata.org/entity/Q125116690,Roma antica
http://www.wikidata.org/entity/Q125170382,L'onestà di Sant'Eligio
http://www.wikidata.org/entity/Q125176302,Ritratto dell’Arciduca Massimiliano
http://www.wikidata.org/entity/Q125189520,Stamura che incendia le macchine all'assedio di Ancona
http://www.wikidata.org/entity/Q125208945,Visita allo zio cardinale
http://www.wikidata.org/entity/Q125298817,Ritratto di Niccolò Leoniceno
http://www.wikidata.org/entity/Q125387269,Baccanale con Arianna dormiente
http://www.wikidata.org/entity/Q125490773,Ritratto della contessa Anna Maria Rombo Morosini
http://www.wikidata.org/entity/Q125144993,Adorazione dei pastori
http://www.wikidata.org/entity/Q125293980,Vergine e il Bambino
http://www.wikidata.org/entity/Q125399429,Madonna del Latte
http://www.wikidata.org/entity/Q124981334,Ritratto di giovane
http://www.wikidata.org/entity/Q124721106,Ritratto di papa Pio II
http://www.wikidata.org/entity/Q124736928,Ritratto di Bianca Cappello
http://www.wikidata.org/entity/Q124652229,Ritratto del papa Leone XIII
http://www.wikidata.org/entity/Q124652592,Ritratto di Giovanni di Montagliari
http://www.wikidata.org/entity/Q124662452,Ritratto di Javotte Bocconi Manca di Villahermosa
http://www.wikidata.org/entity/Q124662574,Ritratto di Benigno Cristoforo Crespi
http://www.wikidata.org/entity/Q124663036,Ritratto di Giacomo Mellerio
http://www.wikidata.org/entity/Q124664892,Ritratto di Ferdinando I d'Austria
http://www.wikidata.org/entity/Q124686467,Ritratto di Ludovico Ariosto
http://www.wikidata.org/entity/Q124719736,Ritratto di Leonardo da Vinci
http://www.wikidata.org/entity/Q124723493,Ritratto del cardinale Pompeo Colonna
http://www.wikidata.org/entity/Q124724283,Ritratto del cardinale Pompeo Colonna
http://www.wikidata.org/entity/Q124738743,Ritratto di Ferdinando II al nono giorno di vaiolo
http://www.wikidata.org/entity/Q124884546,L'incredulità di San Tommaso
http://www.wikidata.org/entity/Q124902982,David who calms the cravings of Saul troubled by the evil spirit with the sound of the harp (preparatory sketch)
http://www.wikidata.org/entity/Q124922865,David che placa col suono dell'arpa le smanie di Saul travagliato dallo spirito malo
http://www.wikidata.org/entity/Q124801581,Ritratto di Alfonso I d'Este
http://www.wikidata.org/entity/Q124726116,Ritratto di Pietro Aretino
http://www.wikidata.org/entity/Q124726300,Ritratto di Vincenzo Cappello
http://www.wikidata.org/entity/Q125678611,Ora triste
http://www.wikidata.org/entity/Q125679589,Uscita dal bosco
http://www.wikidata.org/entity/Q125692333,San Michele arcangelo trionfante
http://www.wikidata.org/entity/Q125704254,"Madonna con bambino, San Giovannino e angeli"
http://www.wikidata.org/entity/Q125728210,Figura di donna (Léontine De Nittis)
http://www.wikidata.org/entity/Q126284318,Composizione G.R.U. 35/B
http://www.wikidata.org/entity/Q126284317,Composizione 50/218
http://www.wikidata.org/entity/Q126284320,Composizione R.S. 202
http://www.wikidata.org/entity/Q126284322,disegno per rilievo
http://www.wikidata.org/entity/Q126284326,Officina Uno
http://www.wikidata.org/entity/Q126284329,Le vent se lève (Composizione n. 43)
http://www.wikidata.org/entity/Q126284355,Composizione C.F. 123 B
http://www.wikidata.org/entity/Q126284357,Composizione R.3.C.
http://www.wikidata.org/entity/Q126284385,Cortile a Rovetta
http://www.wikidata.org/entity/Q126284383,Lavori in corso - cantiere
http://www.wikidata.org/entity/Q126284387,Mercato di cavalli
http://www.wikidata.org/entity/Q126284388,La casa solitaria
http://www.wikidata.org/entity/Q126284380,Spiaggia
http://www.wikidata.org/entity/Q126284386,Veduta di paese (Merate)
http://www.wikidata.org/entity/Q126284381,Zolla di terra
http://www.wikidata.org/entity/Q126284384,Trabucco adriatico
http://www.wikidata.org/entity/Q126284389,Verde Brianza
http://www.wikidata.org/entity/Q126284622,disegno per rilievo (P672)
http://www.wikidata.org/entity/Q125811962,Santi Crispino e Crispiniano
http://www.wikidata.org/entity/Q125811807,Martirio di Santa Lucia
http://www.wikidata.org/entity/Q125809444,Madonna e santi
http://www.wikidata.org/entity/Q125813375,Cristo consegna le chiavi a San Pietro
http://www.wikidata.org/entity/Q125813094,Santi Cosma e Damiano
http://www.wikidata.org/entity/Q125775011,San Francesco riceve i Sette privilegi dall'Angelo
http://www.wikidata.org/entity/Q125775038,Miracolo del Beato Salvatore da Horta
http://www.wikidata.org/entity/Q125775114,Miracolo della coppa avvelenata
http://www.wikidata.org/entity/Q125775113,Visitare i carcerati
http://www.wikidata.org/entity/Q125794511,San Francesco in estasi
http://www.wikidata.org/entity/Q125812539,Pentecoste
http://www.wikidata.org/entity/Q125813029,Morte di San Giuseppe
http://www.wikidata.org/entity/Q125813475,Incoronazione di Maria Vergine
http://www.wikidata.org/entity/Q125813876,Educazione di Maria Vergine
http://www.wikidata.org/entity/Q125775116,Adorazione dei pastori
http://www.wikidata.org/entity/Q125775039,San Giovanni Evangelista
http://www.wikidata.org/entity/Q125775115,Sacrificio di Isacco
http://www.wikidata.org/entity/Q125811262,Trinità
http://www.wikidata.org/entity/Q125774997,San Pietro
http://www.wikidata.org/entity/Q125938897,Composizione con figure
http://www.wikidata.org/entity/Q125973990,Ritratto del conte Guglielmo Lochis
http://www.wikidata.org/entity/Q126093976,Ritratto di Anna Maria Luisa de' Medici in atto di danza
http://www.wikidata.org/entity/Q126127672,Madonna e Bambino in gloria con santi
http://www.wikidata.org/entity/Q125973048,Autoritratto
http://www.wikidata.org/entity/Q125974248,Autoritratto
http://www.wikidata.org/entity/Q125863783,La Maddalena
http://www.wikidata.org/entity/Q126127358,Madonna del Rosario
http://www.wikidata.org/entity/Q126284238,Ester e Assuero
http://www.wikidata.org/entity/Q126284230,San Tommaso d'Aquino
http://www.wikidata.org/entity/Q126284206,compianto sul cristo morto
http://www.wikidata.org/entity/Q126284178,Ritratto di Niccolò Leoniceno
http://www.wikidata.org/entity/Q126208398,ritratto di Elisabetta d'Ungheria
http://www.wikidata.org/entity/Q126208411,San Francesco consolato dall'angelo-musico
http://www.wikidata.org/entity/Q126215082,Sacrificio di Noè
http://www.wikidata.org/entity/Q126260153,La Pentecoste
http://www.wikidata.org/entity/Q126284172,Concerto Campestre
http://www.wikidata.org/entity/Q126284170,Ritratto di liutista
http://www.wikidata.org/entity/Q126284182,Ritratto di Marsilio Ficino
http://www.wikidata.org/entity/Q126284183,Ritratto di Gerolamo Savonarola
http://www.wikidata.org/entity/Q126284180,Ritratto Michele Marullo
http://www.wikidata.org/entity/Q126284185,Ritratto di Guillaume Budé
http://www.wikidata.org/entity/Q126284191,Ritratto di Gian Giorgio Trissino
http://www.wikidata.org/entity/Q126284189,Ritratto di Ermolao Barbaro
http://www.wikidata.org/entity/Q126284177,Veduta della villa Museo di Paolo Giovio e Imprese
http://www.wikidata.org/entity/Q126284194,Ritratto di Francesco Franchini
http://www.wikidata.org/entity/Q126284192,Ritratto di Domizio Calderino
http://www.wikidata.org/entity/Q126284193,Ritratto di Alberto Magno e Giovanni Duns Scoto
http://www.wikidata.org/entity/Q126284198,Ritratto di Baldassarre Castiglione
http://www.wikidata.org/entity/Q126284199,Ritratto di Cristoforo Colombo
http://www.wikidata.org/entity/Q126284229,Caduta degli angeli ribelli
http://www.wikidata.org/entity/Q126284196,Ritratto di Totila
http://www.wikidata.org/entity/Q126284197,Ritratto di Aiax Agà
http://www.wikidata.org/entity/Q126284243,"Assunzione della Vergine con Ss.Rocco, Caterina d'Alessandria, Agnese"
http://www.wikidata.org/entity/Q126284250,"""Sinite parvulos"" con la famiglia Olginati"
http://www.wikidata.org/entity/Q126284245,Deposizione con santi francescani
http://www.wikidata.org/entity/Q126284233,Il martirio di San Pietro Martire
http://www.wikidata.org/entity/Q126284232,Miracolo dell'ostia consacrata
http://www.wikidata.org/entity/Q126284258,Cristo nell'orto dei Getsemani
http://www.wikidata.org/entity/Q126284231,S. Pietro Martire
http://www.wikidata.org/entity/Q126284242,Martirio di San Marco
http://www.wikidata.org/entity/Q126284228,San Michele sconfigge gli Angeli ribelli
http://www.wikidata.org/entity/Q126284240,"Madonna col Bambino e angeli tra un santo Vescovo, i santi Domenico, Margherita, Faustina e Liberata"
http://www.wikidata.org/entity/Q126284278,Allegoria della Primavera
http://www.wikidata.org/entity/Q126284241,"Madonna di Loreto con i santi Domenico, Pietro martire e donatore"
http://www.wikidata.org/entity/Q126284234,San Pietro Martire sana un giovane
http://www.wikidata.org/entity/Q126284252,Il rinvenimento della vera Croce
http://www.wikidata.org/entity/Q126284255,La benedizione del decapitato
http://www.wikidata.org/entity/Q126284249,Natività del Battista
http://www.wikidata.org/entity/Q126284257,Il conforto del condannato
http://www.wikidata.org/entity/Q126284281,Battaglia contro i turchi
http://www.wikidata.org/entity/Q126284251,Ritratto della famiglia Nuvolone in concerto
http://www.wikidata.org/entity/Q126284288,Assedio del Castello di Milano
http://www.wikidata.org/entity/Q126284247,Veduta della città di Como da occidente
http://www.wikidata.org/entity/Q126284285,Consacrazione del cardinale Giuseppe Pozzobonelli  nella chiesa di San Carlo al Corso in Roma
http://www.wikidata.org/entity/Q126284256,San Francesco in estasi confortato dagli angeli
http://www.wikidata.org/entity/Q126284263,Ritratto di gentiluomo (di casa Gallio)
http://www.wikidata.org/entity/Q126284260,Ritratto di ufficiale di Cavalleria
http://www.wikidata.org/entity/Q126284261,Ritratto di Calidonia Giovio della Porta con figlio Nicolao
http://www.wikidata.org/entity/Q126284267,Ritratto di uomo in armi
http://www.wikidata.org/entity/Q126284264,Ritratto di gentiluomo (di casa Gallio?)
http://www.wikidata.org/entity/Q126284265,Ritratto di gentiluomo con guanti
http://www.wikidata.org/entity/Q126284308,Angeli nella notte stellata
http://www.wikidata.org/entity/Q126284270,Ritratto di Ludovico Turconi
http://www.wikidata.org/entity/Q126284269,Ritratto di Giovan Antonio Volpi Vescovo di Como (1559 - 1588)
http://www.wikidata.org/entity/Q126284277,Natura morta con fiori
http://www.wikidata.org/entity/Q126284305,Cedro nel parco di Villa Olmo
http://www.wikidata.org/entity/Q126284295,Interno con camino
http://www.wikidata.org/entity/Q126284274,Trofeo di caccia
http://www.wikidata.org/entity/Q126284286,Ritratto di Antonio Maria Parravicino
http://www.wikidata.org/entity/Q126284275,"Vaso con garofani, gigli e altri fiori"
http://www.wikidata.org/entity/Q126284272,"Vaso con tulipani, rose, iris e altri fiori"
http://www.wikidata.org/entity/Q126284303,I laghi di Brianza
http://www.wikidata.org/entity/Q126284316,Composizione (1939)
http://www.wikidata.org/entity/Q126284306,Imelda de'Lambertazzi e Bonifacio de' Geremei
http://www.wikidata.org/entity/Q126284298,Ritratto di Flaminio De Orchi
http://www.wikidata.org/entity/Q126284299,Ritratto di Felicia Giovio
http://www.wikidata.org/entity/Q126284309,Libertà è uscire dalla scatola
http://www.wikidata.org/entity/Q126284300,Ritratto di Galeazzo Cattaneo
http://www.wikidata.org/entity/Q126284301,Ritratto di Eugenia Cattaneo
http://www.wikidata.org/entity/Q126284294,Veduta del porto di Como
http://www.wikidata.org/entity/Q126284296,Veduta di Argegno
http://www.wikidata.org/entity/Q126284297,Vecchio mercato del grano in Piazza San Fedele
http://www.wikidata.org/entity/Q126284312,Ritratto di Sant'Elia
http://www.wikidata.org/entity/Q126284313,Sant'Elia a Brera.txt 35_2016
http://www.wikidata.org/entity/Q126284314,studio per composizione
http://www.wikidata.org/entity/Q126284315,Tributo a Beaubourg'
http://www.wikidata.org/entity/Q126208372,Adorazione dei Magi
http://www.wikidata.org/entity/Q126284207,Adorazione del Bambino
http://www.wikidata.org/entity/Q126284284,L'angelo custode
http://www.wikidata.org/entity/Q126284279,Battaglia
http://www.wikidata.org/entity/Q126284246,Maddalena penitente
http://www.wikidata.org/entity/Q126284226,San Giovanni Battista
http://www.wikidata.org/entity/Q126284237,Giuditta e Oloferne
http://www.wikidata.org/entity/Q126284187,Ritratto di Dante Alighieri
http://www.wikidata.org/entity/Q126284181,Ritratto di Giovane
http://www.wikidata.org/entity/Q126284282,Vulcano
http://www.wikidata.org/entity/Q126284244,Crocifissione con santi
http://www.wikidata.org/entity/Q126284283,Ritratto di gentildonna
http://www.wikidata.org/entity/Q126284293,Ritratto di gentiluomo
http://www.wikidata.org/entity/Q126456502,Santa Maria Maddalena
http://www.wikidata.org/entity/Q126456514,Decapitazione di San Giovanni Battista
http://www.wikidata.org/entity/Q126456503,Ritratto di gentiluomo fiorentino
http://www.wikidata.org/entity/Q126456517,Decapitazione di San Giovanni Battista
http://www.wikidata.org/entity/Q126456507,Pietà e angeli
http://www.wikidata.org/entity/Q126456505,Ritratto di Gianlorenzo Bernini
http://www.wikidata.org/entity/Q126456508,Resurrezione di Drusiana
http://www.wikidata.org/entity/Q126456516,Miracolo di Gioacchino Piccolomini
http://www.wikidata.org/entity/Q126456526,ritratto di Bettina Raggi Brignole-Sale
http://www.wikidata.org/entity/Q126456555,Croce a Santa Maria Immacolata
http://www.wikidata.org/entity/Q126633287,Gesù Bambino Salvatore
http://www.wikidata.org/entity/Q126456515,Maddalena
http://www.wikidata.org/entity/Q126513924,Martirio di San Sebastiano
http://www.wikidata.org/entity/Q126456506,Salomè con la testa del Battista
http://www.wikidata.org/entity/Q126371885,Angelo custode
http://www.wikidata.org/entity/Q126310903,Ritratto di Francesco Guardi
http://www.wikidata.org/entity/Q126331548,Madonna col Bambino
http://www.wikidata.org/entity/Q126329804,Annunciazione
http://www.wikidata.org/entity/Q126368575,Annunciazione
http://www.wikidata.org/entity/Q126331546,Ultima cena
http://www.wikidata.org/entity/Q127695958,Martirio di San Pietro da Verona
http://www.wikidata.org/entity/Q127790733,predella con nove santi martiri
http://www.wikidata.org/entity/Q127985981,polittico da s. girolamo della certosa
http://www.wikidata.org/entity/Q128124962,Ritratto di Umberto II di Savoia-Carignano
http://www.wikidata.org/entity/Q127442026,Ritratto di Thomas Jenkins
http://www.wikidata.org/entity/Q127564377,Cleopatra
http://www.wikidata.org/entity/Q127433409,Ultima cena
http://www.wikidata.org/entity/Q127985499,Madonna col Bambino in trono
http://www.wikidata.org/entity/Q127327807,La vestale
http://www.wikidata.org/entity/Q126727120,Madonna della Misericordia
http://www.wikidata.org/entity/Q126680509,Mercato
http://www.wikidata.org/entity/Q126918076,Madonna con Bambino in trono
http://www.wikidata.org/entity/Q126721550,Ritratto del doge Francesco Donà
http://www.wikidata.org/entity/Q126727198,Cicerone scopre la tomba di Archimede
http://www.wikidata.org/entity/Q126891336,L'epoca romana e l'arrivo degli slavi
http://www.wikidata.org/entity/Q126709512,Autoritratto
http://www.wikidata.org/entity/Q126727184,Fuga in Egitto
http://www.wikidata.org/entity/Q130394364,Ritratto del marchese avvocato Giuseppe De' Capitani d'Arzago
http://www.wikidata.org/entity/Q130335034,Ritratto di Gregorio XI
http://www.wikidata.org/entity/Q130369461,"Napoleone I, imperatore"
http://www.wikidata.org/entity/Q130375844,Ritratto di Roberto di Filippo Strozzi
http://www.wikidata.org/entity/Q131011027,Arca di Noè
http://www.wikidata.org/entity/Q130999230,miracolo di Sant'Antonio da Padova
http://www.wikidata.org/entity/Q131100772,La Vergine appare ai santi domenicani
http://www.wikidata.org/entity/Q131154939,Panem nostrum quotidianum
http://www.wikidata.org/entity/Q128495286,Ritratto di Otto Eugenio Messinger
http://www.wikidata.org/entity/Q128810133,Madonna col Bambino e i santi Cosma e Damiano
http://www.wikidata.org/entity/Q128941201,San Martino di Tours
http://www.wikidata.org/entity/Q129199340,Ritratto di Sant'Antonio da Padova
http://www.wikidata.org/entity/Q129487042,Ritratto di Luigi Rava
http://www.wikidata.org/entity/Q129500713,Padre Eterno con la colomba dello Spirito Santo
http://www.wikidata.org/entity/Q129507208,Ritratto di papa Alessandro VII Chigi
http://www.wikidata.org/entity/Q129977163,Novella di Griselda
http://www.wikidata.org/entity/Q130212907,Ritratto di Francesco Maria de' Medici
http://www.wikidata.org/entity/Q130213077,Ritratto di Vittoria della Rovere
http://www.wikidata.org/entity/Q130213160,Ritratto di Ferdinando II de' Medici
http://www.wikidata.org/entity/Q130221017,Ritratto di Ladislao IV re di Polonia
http://www.wikidata.org/entity/Q130234284,San Guigo I (Giuseppe Vermiglio)
http://www.wikidata.org/entity/Q128783484,Madonna col Bambino
http://www.wikidata.org/entity/Q130214332,Madonna col Bambino
http://www.wikidata.org/entity/Q130467776,Ritratto di Federico Ubaldo della Rovere
http://www.wikidata.org/entity/Q130492308,Visitazione della Vergine a santa Elisabetta
http://www.wikidata.org/entity/Q130536956,Le stigmate di san Francesco
http://www.wikidata.org/entity/Q130537073,Trasporto di Cristo
http://www.wikidata.org/entity/Q130552524,Polittico con Storie della Passione
http://www.wikidata.org/entity/Q130642202,Martirio di san Vitale
http://www.wikidata.org/entity/Q130515982,Battesimo di Cristo
http://www.wikidata.org/entity/Q131501661,Crocifissione con Vergine e santi
http://www.wikidata.org/entity/Q131501666,Il doge Pietro Loredan che supplica la Vergine
http://www.wikidata.org/entity/Q131501663,Morte della Vergine
http://www.wikidata.org/entity/Q131501667,Assunzione della Vergine
http://www.wikidata.org/entity/Q131422030,"Affreschi dal Complesso Imperiale di Roma-Termini, ambiente E8"
http://www.wikidata.org/entity/Q131422031,"Affreschi dal Complesso Imperiale di Roma-Termini, ambiente E9"
http://www.wikidata.org/entity/Q131422028,"Affreschi dal Complesso Imperiale di Roma-Termini, affreschi dai balnea"
http://www.wikidata.org/entity/Q131422029,"Affreschi dal Complesso Imperiale di Roma-Termini, ambiente E10"
http://www.wikidata.org/entity/Q131422036,Agnello Divino
http://www.wikidata.org/entity/Q131449651,Alessandro de' Medici come primo Duca di Firenze
http://www.wikidata.org/entity/Q131449654,Alessandro e il nodo gordiano
http://www.wikidata.org/entity/Q131449662,Allegoria della vita umana
http://www.wikidata.org/entity/Q131449660,Allegoria del meriggio
http://www.wikidata.org/entity/Q131449661,Allegoria della decorazione murale
http://www.wikidata.org/entity/Q131449675,Allegoria della Pazienza
http://www.wikidata.org/entity/Q131449678,Allegoria della Virtù
http://www.wikidata.org/entity/Q131449679,Allegoria del potere militare
http://www.wikidata.org/entity/Q131449676,Allegoria della Redenzione
http://www.wikidata.org/entity/Q131449680,Allegoria della Battaglia di Lepanto
http://www.wikidata.org/entity/Q131449667,Immacolata Concezione tra i santi Biagio ed Eustachio
http://www.wikidata.org/entity/Q131449695,Amazzone
http://www.wikidata.org/entity/Q131449700,Allegoria dell'Astrologia
http://www.wikidata.org/entity/Q131449693,"pala d'altare di san Pietro a Ovile, Annunciazione"
http://www.wikidata.org/entity/Q131449704,Pattuglia di cavalleggeri (1885-1890)
http://www.wikidata.org/entity/Q131449706,Sacrifici e Allegorie delle Stagioni
http://www.wikidata.org/entity/Q131449705,Ritratto di Bianca Cappello (fronte) e Allegoria dei sogni (retro)
http://www.wikidata.org/entity/Q131449707,Studiolo con Allegorie di Europa ed Africa
http://www.wikidata.org/entity/Q131450079,Angelica e Ruggero
http://www.wikidata.org/entity/Q131450082,Annunciazione (Angelo)
http://www.wikidata.org/entity/Q131450086,Annunciazione e tre Avogadri
http://www.wikidata.org/entity/Q131450087,Annunciazione attribuita a Jacopo di Cione
http://www.wikidata.org/entity/Q131450085,Annunciazione e santi
http://www.wikidata.org/entity/Q131450084,Annunciazione
http://www.wikidata.org/entity/Q131450090,Annunciazione
http://www.wikidata.org/entity/Q131450089,Annunciazione
http://www.wikidata.org/entity/Q131450094,Annunciazione
http://www.wikidata.org/entity/Q131450095,Annunciazione
http://www.wikidata.org/entity/Q131450092,Annunciazione
http://www.wikidata.org/entity/Q131450093,Annunciazione
http://www.wikidata.org/entity/Q131450098,Annunciazione
http://www.wikidata.org/entity/Q131450099,Annunciazione
http://www.wikidata.org/entity/Q131450096,Annunciazione
http://www.wikidata.org/entity/Q131450103,Annunciazione
http://www.wikidata.org/entity/Q131450100,Annunciazione
http://www.wikidata.org/entity/Q131450107,Annunciazione
http://www.wikidata.org/entity/Q131450104,Annunciazione
http://www.wikidata.org/entity/Q131450105,Annunciazione
http://www.wikidata.org/entity/Q131450111,Annunciazione
http://www.wikidata.org/entity/Q131450108,Annunciazione
http://www.wikidata.org/entity/Q131450109,Annunciazione
http://www.wikidata.org/entity/Q131450112,Annunciazione
http://www.wikidata.org/entity/Q131450146,Natività
http://www.wikidata.org/entity/Q131450145,Natività
http://www.wikidata.org/entity/Q131501606,Assunzione della Vergine Maria
http://www.wikidata.org/entity/Q131501646,Incoronazione della Vergine
http://www.wikidata.org/entity/Q131501645,Incoronazione della Vergine
http://www.wikidata.org/entity/Q131501651,Incoronazione della Vergine
http://www.wikidata.org/entity/Q131501649,Incoronazione della Vergine
http://www.wikidata.org/entity/Q131501653,Incoronazione della Vergine
http://www.wikidata.org/entity/Q131450118,Annuncio a Zaccaria
http://www.wikidata.org/entity/Q131450148,Natività di Cristo
http://www.wikidata.org/entity/Q131450149,Natività di Cristo
http://www.wikidata.org/entity/Q131450116,Annunciazione da un'edicola a Firenze
http://www.wikidata.org/entity/Q131450122,Annunciazione con santi
http://www.wikidata.org/entity/Q131450123,Annunciazione con due santi
http://www.wikidata.org/entity/Q131450120,Annunciazione con Compianto e donatori
http://www.wikidata.org/entity/Q131450127,Annunciazione con il cardinale Torquemada
http://www.wikidata.org/entity/Q131450134,Annunciazione (da Santa Chiara)
http://www.wikidata.org/entity/Q131450132,Annunciazione Veronese
http://www.wikidata.org/entity/Q131450138,Annunciazione e santi
http://www.wikidata.org/entity/Q131450136,Annunciazione di Jesi
http://www.wikidata.org/entity/Q131450133,Circoncisione e nascita di Giovanni Battista con annuncio a Zaccaria
http://www.wikidata.org/entity/Q131450135,Natività e Annunciazione ai pastori (da Santa Chiara)
http://www.wikidata.org/entity/Q131450119,Tondi dell'Annunciazione
http://www.wikidata.org/entity/Q131450142,Natività della Pala di Sant'Agostino
http://www.wikidata.org/entity/Q131450144,Natività e Gesù nell'Orto degli Ulivi
http://www.wikidata.org/entity/Q131450154,pala d'altare della Natività
http://www.wikidata.org/entity/Q131450151,Predella dell'Annunciazione
http://www.wikidata.org/entity/Q131450153,pala d'altare con Annunciazione
http://www.wikidata.org/entity/Q131450152,"Predella con Sogno di san Giuseppe, Natività di Cristo e Fuga in Egitto"
http://www.wikidata.org/entity/Q131450161,Vergine Annunciata o Avvocata
http://www.wikidata.org/entity/Q131463514,ritratto di Luca Martini
http://www.wikidata.org/entity/Q131501600,Apoteosi di Cosimo de' Medici il vecchio
http://www.wikidata.org/entity/Q131501607,Assunzione della Vergine e quattro santi
http://www.wikidata.org/entity/Q131501608,Assunzione della Vergine e santi
http://www.wikidata.org/entity/Q131501633,Nascita della Vergine Maria
http://www.wikidata.org/entity/Q131501639,Polittico dell'Incoronazione della Vergine
http://www.wikidata.org/entity/Q131501643,Polittico dell'Incoronazione della Vergine
http://www.wikidata.org/entity/Q131501655,Incoronazione della Vergine con angeli e due santi
http://www.wikidata.org/entity/Q131501658,Polittico Corridonia (di Lorenzo d'Alessandro)
http://www.wikidata.org/entity/Q131450114,Annunciazione
http://www.wikidata.org/entity/Q131450115,Annunciazione
http://www.wikidata.org/entity/Q131450126,Annunciazione
http://www.wikidata.org/entity/Q131450124,Annunciazione
http://www.wikidata.org/entity/Q131450125,Annunciazione
http://www.wikidata.org/entity/Q131501614,Assunzione della Vergine
http://www.wikidata.org/entity/Q131501612,Assunzione della Vergine
http://www.wikidata.org/entity/Q131501619,Assunzione della Vergine
http://www.wikidata.org/entity/Q131501617,Assunzione della Vergine
http://www.wikidata.org/entity/Q131501620,Assunzione della Vergine
http://www.wikidata.org/entity/Q131674405,L'Ultima Cena
http://www.wikidata.org/entity/Q131674410,La decapitazione di san Paolo
http://www.wikidata.org/entity/Q131674409,La punizione del falsario
http://www.wikidata.org/entity/Q131627556,La notte
http://www.wikidata.org/entity/Q131617899,Martirio di San Lorenzo
http://www.wikidata.org/entity/Q131627588,Vaso di fiori
http://www.wikidata.org/entity/Q131628775,Tre santi
http://www.wikidata.org/entity/Q131613930,Il martirio (Storie di sant'Orsola)
http://www.wikidata.org/entity/Q131613928,Incontro di Orsola csulla Papa a Roma (Storie di sant'Orsola)
http://www.wikidata.org/entity/Q131613929,L'abdicazione del Papa (Storie di sant'Orsola)
http://www.wikidata.org/entity/Q131613968,Il giorno sveglia la notte
http://www.wikidata.org/entity/Q131613939,Tabernacolo del palazzo dell'Arte della Lana
http://www.wikidata.org/entity/Q131613974,La nuda
http://www.wikidata.org/entity/Q131613982,Un episodio della battaglia di San Martino
http://www.wikidata.org/entity/Q131613980,Tre muratori
http://www.wikidata.org/entity/Q131628769,La via del Calvario
http://www.wikidata.org/entity/Q131617883,Cosimo II de' Medici riceve i vincitori dell'impresa di Bona
http://www.wikidata.org/entity/Q131617881,Clemente VII incorona Carlo V a Bologna
http://www.wikidata.org/entity/Q131617911,Andrea Doria nelle vesti di Nettuno
http://www.wikidata.org/entity/Q131617890,Giuliano Duca di Nemours e Lorenzo Duca di Urbino sul Campidoglio
http://www.wikidata.org/entity/Q131617885,La caduta dei Giganti
http://www.wikidata.org/entity/Q131617895,Leone X incontra Francesco I di Francia
http://www.wikidata.org/entity/Q131617893,La vendetta di una rivale
http://www.wikidata.org/entity/Q131617898,Maria de' Medici coi figli
http://www.wikidata.org/entity/Q131617897,Madonna con santi
http://www.wikidata.org/entity/Q131617918,Ingresso trionfale di Cosimo I de' Medici a Siena
http://www.wikidata.org/entity/Q131617902,Odalisca che legge
http://www.wikidata.org/entity/Q131617916,L'estasi di Santa Caterina
http://www.wikidata.org/entity/Q131617908,Perseo e Pegaso
http://www.wikidata.org/entity/Q131617909,Pietro Rossi di Parma che partecipa alla moglie il decreto del Senato veneto da cui è chiamato a generale dalle sue forze di terra
http://www.wikidata.org/entity/Q131617915,Predominio della Toscana sul mare
http://www.wikidata.org/entity/Q131617914,santi da Tramonte di Brancoli
http://www.wikidata.org/entity/Q131617922,Soffitto della sala delle Muse
http://www.wikidata.org/entity/Q131617921,Soffitto della sala degli Elementi
http://www.wikidata.org/entity/Q131617919,Valenza Gradenigo al cospetto dell'inquisitore suo padre
http://www.wikidata.org/entity/Q131617917,Triclinio di Villa Poppea
http://www.wikidata.org/entity/Q131627550,La processione magica
http://www.wikidata.org/entity/Q131627552,Il martirio dei Diecimila
http://www.wikidata.org/entity/Q131627554,La strage degli Innocenti
http://www.wikidata.org/entity/Q131627553,La strage degli Innocenti
http://www.wikidata.org/entity/Q131627571,Due santi e donatore
http://www.wikidata.org/entity/Q131627572,Due uccelli acquatici appesi
http://www.wikidata.org/entity/Q131627574,Ulisse libera i suoi compagni dall'incantesimo della maga Circe
http://www.wikidata.org/entity/Q131627817,Battaglia di Cadore
http://www.wikidata.org/entity/Q131628758,copia dei Trionfi di Cesare di Mantegna
http://www.wikidata.org/entity/Q131628765,Il trionfo della Virtù sul Vizio
http://www.wikidata.org/entity/Q131628770,La sete nei campi. Famiglia di contadini
http://www.wikidata.org/entity/Q131628768,La parabola dell'invitato a nozze
http://www.wikidata.org/entity/Q131628772,Tre santi domenicani
http://www.wikidata.org/entity/Q131628778,Trono della Misericordia
http://www.wikidata.org/entity/Q131628776,Tre scene di Giovanni Battista
http://www.wikidata.org/entity/Q131674352,Cristo e l'adultera
http://www.wikidata.org/entity/Q131674353,Cristo e l'adultera
http://www.wikidata.org/entity/Q131674332,Incoronazione di Maria
http://www.wikidata.org/entity/Q131629557,Cena di San Gregorio Magno
http://www.wikidata.org/entity/Q131674315,Conversione di San Paolo
http://www.wikidata.org/entity/Q131674316,Conversione di San Paolo
http://www.wikidata.org/entity/Q131628802,Trasfigurazione di Cristo
http://www.wikidata.org/entity/Q131674398,L'incredulità di San Tommaso
http://www.wikidata.org/entity/Q131674399,L'incredulità di San Tommaso
http://www.wikidata.org/entity/Q131628818,Pannello sinistro del Trittico di Beffi
http://www.wikidata.org/entity/Q131628819,Pannello destro del Trittico di Beffi
http://www.wikidata.org/entity/Q131628803,Trasfigurazione di Gesù Cristo
http://www.wikidata.org/entity/Q131628817,Pannello centrale del Trittico di Beffi
http://www.wikidata.org/entity/Q131628814,Trittico con Madonna e Bambino con santi
http://www.wikidata.org/entity/Q131628812,Trittico del Maestro della Leggenda di santa Lucia
http://www.wikidata.org/entity/Q131628813,Trittico della Madonna con santi
http://www.wikidata.org/entity/Q131628822,Trionfo di Felsina
http://www.wikidata.org/entity/Q131628823,Trionfo di Eracle
http://www.wikidata.org/entity/Q131628820,Trionfo della Morte
http://www.wikidata.org/entity/Q131628821,Trionfo della Fama
http://www.wikidata.org/entity/Q131628824,Trionfo sull'ignoranza
http://www.wikidata.org/entity/Q131629552,Madonna incoronato dagli angeli con Gesù Bambino e santi
http://www.wikidata.org/entity/Q131632042,I confratelli del bigallo conducono gli orfani alle madri affidatarie
http://www.wikidata.org/entity/Q131632037,L'Assunzione
http://www.wikidata.org/entity/Q131632047,La caduta di Saul
http://www.wikidata.org/entity/Q131674307,Composizione astratta
http://www.wikidata.org/entity/Q131674303,Comunione di San Filippo Neri
http://www.wikidata.org/entity/Q131674300,Commemorazione di Canova nella Scuola Grande della Carità
http://www.wikidata.org/entity/Q131674306,Composizione agreste
http://www.wikidata.org/entity/Q131674311,Conquista di Smirne
http://www.wikidata.org/entity/Q131674312,Contadini all'osteria
http://www.wikidata.org/entity/Q131674317,Conversione di San Pantaleone
http://www.wikidata.org/entity/Q131674323,copia della Cena in Casa di Simone
http://www.wikidata.org/entity/Q131674310,Padova riacquistata da Andrea Gritti e da Giovanni Diedo
http://www.wikidata.org/entity/Q131674346,Cortile su Via Mario Beretta
http://www.wikidata.org/entity/Q131674322,Paesaggio con miniera
http://www.wikidata.org/entity/Q131674361,Crocifisso con la Maddalena genuflessa e piangente
http://www.wikidata.org/entity/Q131674371,I Santi Pietro e Paolo
http://www.wikidata.org/entity/Q131674373,"I Santi Pio V, Tommaso d'Aquino e Pietro martire"
http://www.wikidata.org/entity/Q131674369,San Michele sconfigge il diavolo
http://www.wikidata.org/entity/Q131674396,Il buon samaritano
http://www.wikidata.org/entity/Q131674401,Il giudizio di Mida
http://www.wikidata.org/entity/Q131674404,Il Giudizio universale
http://www.wikidata.org/entity/Q131674382,Stanza del Sole
http://www.wikidata.org/entity/Q131674390,Trafugamento del corpo di Cristo
http://www.wikidata.org/entity/Q131628801,Trasfigurazione
http://www.wikidata.org/entity/Q131674355,Crocifissione
http://www.wikidata.org/entity/Q131674368,San Girolamo
http://www.wikidata.org/entity/Q131629558,Susanna e i vecchioni
http://www.wikidata.org/entity/Q131690596,Madonna del Rosario
http://www.wikidata.org/entity/Q131690637,Madonna col Bambino e santi
http://www.wikidata.org/entity/Q131690593,Madonna della Cintola
http://www.wikidata.org/entity/Q131690587,Madonna dell'Umiltà
http://www.wikidata.org/entity/Q131690588,Madonna dell'Umiltà
http://www.wikidata.org/entity/Q131690589,Madonna dell'Umiltà
http://www.wikidata.org/entity/Q131690586,Madonna in trono col Bambino
http://www.wikidata.org/entity/Q131690603,Madonna con santi
http://www.wikidata.org/entity/Q131690590,Madonna dell'Umilità
http://www.wikidata.org/entity/Q131690591,Madonna della Cintola e cinque santi
http://www.wikidata.org/entity/Q131690594,Madonna della Cintola con santi
http://www.wikidata.org/entity/Q131690592,Madonna della Cintola e tre santi
http://www.wikidata.org/entity/Q131690599,"Madonna col Bambino e i Santi Giovanni, Giuseppe, Francesco e Antonio"
http://www.wikidata.org/entity/Q131690602,"Madonna col Bambino, san Giovanni evangelista e san Benedetto"
http://www.wikidata.org/entity/Q131690601,"Madonna col Bambino, angeli e santi"
http://www.wikidata.org/entity/Q131690606,Madonna col Bambino dormiente
http://www.wikidata.org/entity/Q131690605,Madonna col Bambino dormiente
http://www.wikidata.org/entity/Q131690639,Cappella del Madonna a Santa Maria della Scala
http://www.wikidata.org/entity/Q131690633,Madonna col Bambino e angeli in una ghirlanda
http://www.wikidata.org/entity/Q131690641,Madonna di Sarnano
http://www.wikidata.org/entity/Q131690646,Semplicità
http://www.wikidata.org/entity/Q131690663,Madonna dolente e San Giovanni
http://www.wikidata.org/entity/Q131690652,Sette episodi della vita di Maria
http://www.wikidata.org/entity/Q131690656,Sinopia del Tabernacolo di Sant'Anna
http://www.wikidata.org/entity/Q131690660,schizzo per una figura femminile
http://www.wikidata.org/entity/Q131702506,ritratto di Cristina di Francia
http://www.wikidata.org/entity/Q131690582,Madonna della Vittoria con Pierre d'Aubusson
http://www.wikidata.org/entity/Q131690581,Madonna della Pergola
http://www.wikidata.org/entity/Q131690584,Madonna di Montespertoli
http://www.wikidata.org/entity/Q131690583,Madonna delle Grazie
http://www.wikidata.org/entity/Q131676037,Lapidazione di Santo Stefano
http://www.wikidata.org/entity/Q131676306,Storie di San Benedetto
http://www.wikidata.org/entity/Q131676307,Storie di San Benedetto
http://www.wikidata.org/entity/Q131676308,Storie di San Benedetto
http://www.wikidata.org/entity/Q131675969,La raccolta della manna
http://www.wikidata.org/entity/Q131676064,La tentazione di Sant'Antonio
http://www.wikidata.org/entity/Q131690476,Madonna in trono e santi
http://www.wikidata.org/entity/Q131675936,Crocifissione e santi
http://www.wikidata.org/entity/Q131675937,Crocifissione e santi
http://www.wikidata.org/entity/Q131674412,Il ritrovamento della Vera Croce
http://www.wikidata.org/entity/Q131674411,La circoncisione
http://www.wikidata.org/entity/Q131675938,Crocifissione tra santi
http://www.wikidata.org/entity/Q131675939,Crocifissione tra i Santi Antonio Abate e Francesco
http://www.wikidata.org/entity/Q131675947,Crocefissione di Gesù Cristo
http://www.wikidata.org/entity/Q131675948,Crocifissione di San Pietro
http://www.wikidata.org/entity/Q131675966,Affreschi dal Teatro di Nemi
http://www.wikidata.org/entity/Q131675990,Governo degli infermi
http://www.wikidata.org/entity/Q131675979,Madonna col Bambino in trono tra i santi Petronio e Tecla
http://www.wikidata.org/entity/Q131675989,Il sacrificio di Re Codro di Atene
http://www.wikidata.org/entity/Q131675983,Martirio di Sant'Orsola
http://www.wikidata.org/entity/Q131675981,Sant'Acacio e i Dicimila martiri
http://www.wikidata.org/entity/Q131676038,Battesimo del principe d'Inghilterra (Storie di sant'Orsola)
http://www.wikidata.org/entity/Q131675994,San Rocco incarcerato visitato da un angelo
http://www.wikidata.org/entity/Q131675995,Sant'Orsola libera Pisa
http://www.wikidata.org/entity/Q131676028,"Dispensa con botte, selvaggina, carni e vasellame"
http://www.wikidata.org/entity/Q131676029,"Dispensa con testa e piede di porco, testa di vitello e selvaggina"
http://www.wikidata.org/entity/Q131675993,San Sebastiano curato da Santa Irene
http://www.wikidata.org/entity/Q131675998,Scene dal Libro di Ester
http://www.wikidata.org/entity/Q131676039,"Storie di sant'Orsola, La navigazione verso Roma"
http://www.wikidata.org/entity/Q131676041,Studi per Il quarto stato
http://www.wikidata.org/entity/Q131690473,Dossale da Santa Maria a Crevole
http://www.wikidata.org/entity/Q131690475,Madonna di Empoli con angeli
http://www.wikidata.org/entity/Q131690478,Madonna in trono col Bambino tra i Santi Francesco e Zanobi e i committenti
http://www.wikidata.org/entity/Q131690495,Madonna in trono col Bambino tra i Santi Lorenzo e Orsola e il senatore Lorenzo Pasqualigo
http://www.wikidata.org/entity/Q131690498,Madonna adorante il Gesù Bambino
http://www.wikidata.org/entity/Q131690497,Madonna che allatta il Bambino (da Madonna Litta)
http://www.wikidata.org/entity/Q131690502,Madonna col Bambino in trono con il committente
http://www.wikidata.org/entity/Q131690501,Madonna col Bambino in trono con angeli e santi
http://www.wikidata.org/entity/Q131690499,Madonna col Bambino
http://www.wikidata.org/entity/Q131675942,Crocefissione
http://www.wikidata.org/entity/Q131675943,Crocefissione
http://www.wikidata.org/entity/Q131675940,Crocefissione
http://www.wikidata.org/entity/Q131675941,Crocefissione
http://www.wikidata.org/entity/Q131675944,Crocefissione
http://www.wikidata.org/entity/Q131675945,Crocefissione
http://www.wikidata.org/entity/Q131676058,Il ritorno del Figliol prodigo
http://www.wikidata.org/entity/Q131690496,Madonna che allatta il Bambino
http://www.wikidata.org/entity/Q131690563,Madonna col Bambino e santi
http://www.wikidata.org/entity/Q131690579,Madonna dell'Umiltà
http://www.wikidata.org/entity/Q131690556,Madonna e santi
http://www.wikidata.org/entity/Q131690538,Madonna e Bambino con santi
http://www.wikidata.org/entity/Q131690539,Madonna e Bambino con santi
http://www.wikidata.org/entity/Q131690542,Madonna e Bambino con santi
http://www.wikidata.org/entity/Q131690543,Madonna e Bambino con santi
http://www.wikidata.org/entity/Q131690540,Madonna e Bambino con santi
http://www.wikidata.org/entity/Q131690552,Madonna e Bambino con santi
http://www.wikidata.org/entity/Q131690503,Madonna col Bambino in trono con santi
http://www.wikidata.org/entity/Q131690504,Madonna e Bambino tra San Gerolamo e Sant'Agostino
http://www.wikidata.org/entity/Q131690527,Madonna col Bambino in trono con i due committenti
http://www.wikidata.org/entity/Q131690525,Madonna col Bambino in trono tra San Paolo e San Giovanni il Evangelist
http://www.wikidata.org/entity/Q131690530,Madonna e Bambino in gloria con San Bruno
http://www.wikidata.org/entity/Q131690528,"Madonna col Bambino da San Donato, Prato"
http://www.wikidata.org/entity/Q131690529,Madonna col Bambino in gloria con angeli
http://www.wikidata.org/entity/Q131690535,Madonna col Bambino con Lazzaro e Lazzaro di Betania
http://www.wikidata.org/entity/Q131690532,Madonna e Bambino in gloria con santi Alò e Petronio
http://www.wikidata.org/entity/Q131690536,Madonna e Bambino con San Giovanni Nepomuceno
http://www.wikidata.org/entity/Q131690537,"Madonna e Bambino con santi Caterina, Francesco, Giovanni Battista e Nicola"
http://www.wikidata.org/entity/Q131690546,Madonna col Bambino con due angeli
http://www.wikidata.org/entity/Q131690550,"Madonna col Bambino, San Giovanni Battista e Sant'Anna"
http://www.wikidata.org/entity/Q131690551,Madonna e Bambino con santo Stefano
http://www.wikidata.org/entity/Q131690548,Madonna e Bambino con quattro santi
http://www.wikidata.org/entity/Q131690549,Madonna e Bambino con quattro santi
http://www.wikidata.org/entity/Q131690555,Madonna e quattro santi
http://www.wikidata.org/entity/Q131690553,Madonna e Bambino con l'San Giovannino
http://www.wikidata.org/entity/Q131690558,Madonna e tre santi
http://www.wikidata.org/entity/Q131690562,Madonna col Bambino e i santi protettori di Cortona
http://www.wikidata.org/entity/Q131690566,Madonna col bambino benedicente
http://www.wikidata.org/entity/Q131690557,Replica a Fiesole dalla Madonna e santi da San Domenico di Fiesole
http://www.wikidata.org/entity/Q131690564,Madonna col Bambino in trono fra santi
http://www.wikidata.org/entity/Q131690571,Madonna dei Cedri
http://www.wikidata.org/entity/Q131690568,Madonna degli Aranci
http://www.wikidata.org/entity/Q131690574,Madonna del Parto
http://www.wikidata.org/entity/Q131690575,Madonna del Ricamo
http://www.wikidata.org/entity/Q131690572,Madonna dei Mercanti
http://www.wikidata.org/entity/Q131690573,Madonna del Libro
http://www.wikidata.org/entity/Q131690578,Madonna del libro
http://www.wikidata.org/entity/Q131690513,''Madonna col Bambino benedicente''
http://www.wikidata.org/entity/Q131690511,Madonna col Bambino
http://www.wikidata.org/entity/Q131690509,Madonna col Bambino
http://www.wikidata.org/entity/Q131690516,Madonna col Bambino
http://www.wikidata.org/entity/Q131690517,Madonna col Bambino
http://www.wikidata.org/entity/Q131690522,Madonna col Bambino
http://www.wikidata.org/entity/Q131690524,Madonna col Bambino
http://www.wikidata.org/entity/Q131690561,Madonna col Bambino
http://www.wikidata.org/entity/Q131690560,Madonna col Bambino benedicente
http://www.wikidata.org/entity/Q131422022,Adorazione dei magi
http://www.wikidata.org/entity/Q131351071,Ritratto del cardinale Pompeo Colonna
http://www.wikidata.org/entity/Q131325204,Il monaco Fercoldo
http://www.wikidata.org/entity/Q131340770,Apollo e le Muse
http://www.wikidata.org/entity/Q131349567,Santissima Trinità e santi
http://www.wikidata.org/entity/Q131350054,Ritratto di Lorenzo Colonna
http://www.wikidata.org/entity/Q131354901,Anna Maria Luisa de'Medici e l'Elettore Palatino
http://www.wikidata.org/entity/Q131356481,L’enigma di Omero
http://www.wikidata.org/entity/Q131367847,Pala di Senigallia
http://www.wikidata.org/entity/Q131395036,Ritratto di Francesco Maria II della Rovere duca d' Urbino
http://www.wikidata.org/entity/Q131414433,Ritratto di Giustina Donà dalle Rose
http://www.wikidata.org/entity/Q131421438,Ritratto di giovane uomo con lettera
http://www.wikidata.org/entity/Q131421570,Adorazione nella foresta
http://www.wikidata.org/entity/Q131421566,lunetta dell'Adorazione dei pastori
http://www.wikidata.org/entity/Q131421571,natività e Adorazione del Bambino
http://www.wikidata.org/entity/Q131421567,predella dell'Adorazione dei pastori
http://www.wikidata.org/entity/Q131422002,Adorazione del Crocifisso da parte dei santi Domenicani
http://www.wikidata.org/entity/Q131422011,Adorazione dei Magi con i santi Bernardo e Alderico nel paesaggio
http://www.wikidata.org/entity/Q131422013,Adorazione dei pastori tra i santi Galgano e Agostino
http://www.wikidata.org/entity/Q131422020,Adorazione dei Tre Re
http://www.wikidata.org/entity/Q131422010,predella dell'Adorazione dei Magi nello Spedale degli Innocenti
http://www.wikidata.org/entity/Q131414320,Adorazione dei Magi
http://www.wikidata.org/entity/Q131414321,Adorazione dei Magi
http://www.wikidata.org/entity/Q131422003,Adorazione dei Magi
http://www.wikidata.org/entity/Q131422007,Adorazione dei Magi
http://www.wikidata.org/entity/Q131422004,Adorazione dei Magi
http://www.wikidata.org/entity/Q131422008,Adorazione dei Magi
http://www.wikidata.org/entity/Q131422009,Adorazione dei Magi
http://www.wikidata.org/entity/Q131421565,Adorazione dei pastori
http://www.wikidata.org/entity/Q131422014,Adorazione dei pastori
http://www.wikidata.org/entity/Q131422015,Adorazione dei pastori
http://www.wikidata.org/entity/Q131422012,Adorazione dei pastori
http://www.wikidata.org/entity/Q131422018,Adorazione dei pastori
http://www.wikidata.org/entity/Q131422019,Adorazione dei pastori
http://www.wikidata.org/entity/Q131422016,Adorazione dei pastori
http://www.wikidata.org/entity/Q131422017,Adorazione dei pastori
http://www.wikidata.org/entity/Q131422021,Adorazione dei pastori
http://www.wikidata.org/entity/Q131414326,Annunciazione
http://www.wikidata.org/entity/Q131362573,Natività
http://www.wikidata.org/entity/Q131557338,Flagellazione di Cristo
http://www.wikidata.org/entity/Q131546582,Il doge Pasquale Cicogna supplica il Cristo
http://www.wikidata.org/entity/Q131546603,Il Redentore benedicente
http://www.wikidata.org/entity/Q131546599,Ritratto del doge veneziano Francesco Foscari
http://www.wikidata.org/entity/Q131546602,Ritratto del doge Leonardo Loredan
http://www.wikidata.org/entity/Q131557340,Francesco I delle due Sicilie e la sua famiglia (serie)
http://www.wikidata.org/entity/Q131557341,Francesco di Assisi in adorazione del Crocifisso
http://www.wikidata.org/entity/Q131501691,Madonna del Rosario
http://www.wikidata.org/entity/Q131501711,Sposalizio della Vergine
http://www.wikidata.org/entity/Q131501775,Presentazione della Vergine al Tempio
http://www.wikidata.org/entity/Q131501773,Presentazione della Vergine Maria
http://www.wikidata.org/entity/Q131501690,Madonna e santi
http://www.wikidata.org/entity/Q131501826,L'Assunzione della Vergine
http://www.wikidata.org/entity/Q131542615,San Martino e il povero
http://www.wikidata.org/entity/Q131501830,Polittico della Trinità
http://www.wikidata.org/entity/Q131501671,Quattro santi dal Polittico Quaratesi
http://www.wikidata.org/entity/Q131501678,"Incoronazione della Vergine con i Santi Giovanni Evangelista, Giovanni Battista, Bernardo e Caterina d'Alessandria"
http://www.wikidata.org/entity/Q131501672,Polittico Galatina
http://www.wikidata.org/entity/Q131501712,Testa di Medusa
http://www.wikidata.org/entity/Q131501724,Polittico Tolomei
http://www.wikidata.org/entity/Q131501744,Polittico dell'Arte della Lana
http://www.wikidata.org/entity/Q131501750,Polittico di Corridonia (di Antonio Vivarini)
http://www.wikidata.org/entity/Q131501755,Polittico di San Giusto
http://www.wikidata.org/entity/Q131501753,Polittico di San Bartolomeo
http://www.wikidata.org/entity/Q131501759,Polittico dalla Chiesa di Sant'Alberto
http://www.wikidata.org/entity/Q131501756,Polittico per la Cattedrale di Pisa
http://www.wikidata.org/entity/Q131501763,Polittico di San Domenico
http://www.wikidata.org/entity/Q131501770,Polittico di Prato
http://www.wikidata.org/entity/Q131501784,Polittico di San Bartolomeo
http://www.wikidata.org/entity/Q131501788,Polittico di San Matteo
http://www.wikidata.org/entity/Q131501793,Polittico di San Severino dell'Alunno
http://www.wikidata.org/entity/Q131501797,Polittico di San Severino di Vittore Crivelli
http://www.wikidata.org/entity/Q131501800,La Vergine adorata dai membri della famiglia Cavalli
http://www.wikidata.org/entity/Q131501801,Polittico di Santa Croce e predella
http://www.wikidata.org/entity/Q131501811,Scomparti del polittico di Santa Cecilia a Crevole
http://www.wikidata.org/entity/Q131501818,Polittico di San Giovanni evangelista
http://www.wikidata.org/entity/Q131501816,Polittico Serristori di Mariotto di Nardo
http://www.wikidata.org/entity/Q131501821,Storie della Vergine da Sant'Egidio
http://www.wikidata.org/entity/Q131501847,"Madonna con Bambino e i santi Michele, Giuseppe, Gioacchino e Anna"
http://www.wikidata.org/entity/Q131501842,Vergine e Bambino
http://www.wikidata.org/entity/Q131501852,"Madonna della Misericordia, i santi Giovanni Battista e Giovanni Evangelista, Annunciazione"
http://www.wikidata.org/entity/Q131501859,Polittico Visso
http://www.wikidata.org/entity/Q131542580,Cosimo I de' Medici associa al governo il figlio Francesco
http://www.wikidata.org/entity/Q131542581,Coperta del ritratto di donna detto la monaca
http://www.wikidata.org/entity/Q131542585,Bacco ebbro
http://www.wikidata.org/entity/Q131542595,Fiasca con fiori
http://www.wikidata.org/entity/Q131542596,"Gabella 16, allegoria del comune di Siena, 1344, secondo semestre"
http://www.wikidata.org/entity/Q131542607,Crocifisso dipinto
http://www.wikidata.org/entity/Q131542614,Crocefissione di San Girolamo delle Poverine
http://www.wikidata.org/entity/Q131542610,San Domenico e e i suoi confratelli nutriti dagli angeli
http://www.wikidata.org/entity/Q131542609,Ritratto del cardinale Bartolomeo Roverella
http://www.wikidata.org/entity/Q131542611,Visione di San Domenico
http://www.wikidata.org/entity/Q131501796,Polittico di San Severino
http://www.wikidata.org/entity/Q131501791,San Rocco
http://www.wikidata.org/entity/Q131501683,Giuditta e Oloferne
http://www.wikidata.org/entity/Q131501805,Assunzione della Vergine
http://www.wikidata.org/entity/Q131557871,Storie di San Pietro
http://www.wikidata.org/entity/Q131557374,Madonna e Bambino con santi
http://www.wikidata.org/entity/Q131557373,Madonna e Bambino con santi
http://www.wikidata.org/entity/Q131557376,Maestà dei Servi di Orvieto
http://www.wikidata.org/entity/Q131557464,La riconciliazione di Marco Aemilio Lepido e Quinto Fulvio Flacco
http://www.wikidata.org/entity/Q131557436,Sposalizio di Cecilia e Valeriano
http://www.wikidata.org/entity/Q131557458,Scene mitologiche e bibliche
http://www.wikidata.org/entity/Q131557484,Santo Stefano parte per la sua missione in Cilicia
http://www.wikidata.org/entity/Q131557664,Spurio Cassio Vecellino
http://www.wikidata.org/entity/Q131557902,Affreschi dal viridarium L della Villa della Farnesina
http://www.wikidata.org/entity/Q131557866,La partenza da Roma (Storie di sant'Orsola)
http://www.wikidata.org/entity/Q131557854,Ritratto di dispensiere domenicano
http://www.wikidata.org/entity/Q131557880,La visione di San Pietro
http://www.wikidata.org/entity/Q131557868,Storie di San Giovanni Battista (da Andrea del Sarto)
http://www.wikidata.org/entity/Q131559187,"Ingresso a Parigi di Francesco I di Francia, dell'imperatore Carlo V e del cardinale Alessandro Farnese"
http://www.wikidata.org/entity/Q131559182,Paesaggio con monaci e viandanti
http://www.wikidata.org/entity/Q131559178,Ritratto di Gerolamo Maria Balbi
http://www.wikidata.org/entity/Q131559177,Ritratto di Caterina Balbi
http://www.wikidata.org/entity/Q131559183,Ritratto di gentildonna con il figlio
http://www.wikidata.org/entity/Q131559184,Ritratto di gentiluomo in rosso
http://www.wikidata.org/entity/Q131559202,Ritratto del cardinale Giovanni Maria Riminaldi
http://www.wikidata.org/entity/Q131559216,Studiolo del Cardinale
http://www.wikidata.org/entity/Q131561170,"La famiglia di Pietro Leopoldo, granduca di Toscana"
http://www.wikidata.org/entity/Q131561164,"Sacra Famiglia con i Santi Antonio abate, Caterina e Giovannino"
http://www.wikidata.org/entity/Q131559181,Minerva
http://www.wikidata.org/entity/Q131557372,Madonna col Bambino
http://www.wikidata.org/entity/Q131557662,Madonna col Bambino
http://www.wikidata.org/entity/Q131546494,Betsabea al bagno
http://www.wikidata.org/entity/Q131543651,La battaglia di Lepanto
http://www.wikidata.org/entity/Q131546510,Nascita di San Giovanni Battista
http://www.wikidata.org/entity/Q131543653,Decapitazione di San Giovanni Battista
http://www.wikidata.org/entity/Q131543565,Apollo citaredo
http://www.wikidata.org/entity/Q131543603,Apoteosi di Eracle
http://www.wikidata.org/entity/Q131543624,Aracne sfida Minerva in una gara di tessitura
http://www.wikidata.org/entity/Q131543648,Battesimo di Gesù Cristo
http://www.wikidata.org/entity/Q131543672,Ragazzo morso da un ramarro
http://www.wikidata.org/entity/Q131543655,Trittico del Bigallo
http://www.wikidata.org/entity/Q131543680,Tarocchi Brera-Brambilla Visconti
http://www.wikidata.org/entity/Q131546415,Arrivo a Venezia dei Duchi Ercole I e Afonso I da Ferrara
http://www.wikidata.org/entity/Q131546458,Bambini tra gli alberi
http://www.wikidata.org/entity/Q131546466,Battesimo di Gesù Cristo
http://www.wikidata.org/entity/Q131546449,Gesù Bambino
http://www.wikidata.org/entity/Q131546428,predella dell'Assunta
http://www.wikidata.org/entity/Q131546493,cappella Besozzi
http://www.wikidata.org/entity/Q131546485,Decapitazione di Valeriano e Tiburzio
http://www.wikidata.org/entity/Q131546444,Predella di Avane
http://www.wikidata.org/entity/Q131546515,Benedizione di Cristo
http://www.wikidata.org/entity/Q131546517,Benedizione del Battista da parte di San Zaccaria
http://www.wikidata.org/entity/Q131546520,Bocc
http://www.wikidata.org/entity/Q131546499,Nozze gentilizie
http://www.wikidata.org/entity/Q131546475,Terme di Pozzuoli
http://www.wikidata.org/entity/Q131546506,Nascita di San Giovanni e imposizione del nome
http://www.wikidata.org/entity/Q131546508,Nascita di Giovanni Battista
http://www.wikidata.org/entity/Q131546509,Nascita di Giovanni Battista
http://www.wikidata.org/entity/Q131546516,Redentore benedicente
http://www.wikidata.org/entity/Q131546553,Il Roveto ardente
http://www.wikidata.org/entity/Q131546525,Scaffale di libri con scritture musicali
http://www.wikidata.org/entity/Q131546551,Sepoltura di Santa Cecilia
http://www.wikidata.org/entity/Q131546581,Il doge Francesco Venier presenta le città sottomesse a Venezia
http://www.wikidata.org/entity/Q131546552,Sepoltura di Valeriano e Tiburzio
http://www.wikidata.org/entity/Q131546426,Assunzione di Maria
http://www.wikidata.org/entity/Q131546425,Assunzione di Maria
http://www.wikidata.org/entity/Q131546462,Battesimo di Cristo
http://www.wikidata.org/entity/Q131546463,Battesimo di Cristo
http://www.wikidata.org/entity/Q131546465,Battesimo di Cristo
http://www.wikidata.org/entity/Q131546469,Battesimo di Cristo
http://www.wikidata.org/entity/Q131546441,Aurora
http://www.wikidata.org/entity/Q131543629,Ascensione di Cristo
http://www.wikidata.org/entity/Q131546421,Ascensione di Cristo
http://www.wikidata.org/entity/Q131546484,Beethoven
http://www.wikidata.org/entity/Q131543631,Pietà
http://www.wikidata.org/entity/Q131613706,Il voto
http://www.wikidata.org/entity/Q131613675,Galleria delle belle (serie)
http://www.wikidata.org/entity/Q131613679,Giovane desiderata
http://www.wikidata.org/entity/Q131613676,Gesù crocifisso
http://www.wikidata.org/entity/Q131613680,Giovane donna bionda (Ritratto della moglie Bice)
http://www.wikidata.org/entity/Q131613704,Il soldato che non vuole la guerra
http://www.wikidata.org/entity/Q131613705,Il trionfo di Gea
http://www.wikidata.org/entity/Q131613711,L'amore alla fonte della vita (Gli amanti alla fonte della vita)
http://www.wikidata.org/entity/Q131613714,La Signora Martelli a Castiglioncello
http://www.wikidata.org/entity/Q131613713,L'angelo della vita
http://www.wikidata.org/entity/Q131613925,Commiato di Orsola dalla madre (Storie di sant'Orsola)
http://www.wikidata.org/entity/Q131613922,Donna che fila e contadina con cesto
http://www.wikidata.org/entity/Q131613926,Gli ambasciatori inglesi presso il re di Bretagna (Storie di sant'Orsola)
http://www.wikidata.org/entity/Q131613927,Il sogno del Papa (Storie di sant'Orsola)
http://www.wikidata.org/entity/Q131613917,Sintesi plastica di una figura seduta (Silvia)
http://www.wikidata.org/entity/Q131613924,Stendardo di San Sebastiano
http://www.wikidata.org/entity/Q131613597,Corridori
http://www.wikidata.org/entity/Q131604566,Venere e Amore
http://www.wikidata.org/entity/Q131613605,Cristo crocifisso
http://www.wikidata.org/entity/Q131613593,Composizione
http://www.wikidata.org/entity/Q131604568,Bagno di Venere e Marte
http://www.wikidata.org/entity/Q131604610,Adorazione di Vesta
http://www.wikidata.org/entity/Q131604561,Venezia seduta sul globo e su un leone
http://www.wikidata.org/entity/Q131604569,Venere tra Marte e Nettuno
http://www.wikidata.org/entity/Q131604575,"Venere, Amore e Vulcano"
http://www.wikidata.org/entity/Q131604582,Vista del porto di Guangzhou
http://www.wikidata.org/entity/Q131604586,Villa Baldi di Miserzano a Croara
http://www.wikidata.org/entity/Q131604589,Villa Gandino di Ozzano Emilia
http://www.wikidata.org/entity/Q131613578,Adorazione dei pastori (II)
http://www.wikidata.org/entity/Q131613582,Cristo con Apostoli e santi
http://www.wikidata.org/entity/Q131613581,Cristo sulla Croce
http://www.wikidata.org/entity/Q131613590,Colloquio tra baute
http://www.wikidata.org/entity/Q131613591,Composizione astratta
http://www.wikidata.org/entity/Q131613594,Contadini con gerla
http://www.wikidata.org/entity/Q131613592,Composizione astratta
http://www.wikidata.org/entity/Q131613596,Corrida
http://www.wikidata.org/entity/Q131613607,Cristo con Angelo
http://www.wikidata.org/entity/Q131613610,Cristo e la Samaritana
http://www.wikidata.org/entity/Q131613608,Cristo deposto e compianto
http://www.wikidata.org/entity/Q131613615,Danza attorno all'albero
http://www.wikidata.org/entity/Q131613627,Donna che spenna una gallina
http://www.wikidata.org/entity/Q131613630,Due crocifissi a mezza figura
http://www.wikidata.org/entity/Q131613631,Due santi vescovi (Geminiano e Severo?)
http://www.wikidata.org/entity/Q131613629,Due clown
http://www.wikidata.org/entity/Q131613632,Due studi per la Madonna con il Bambino e san Giovannino
http://www.wikidata.org/entity/Q131613666,Adorazione dei Magi (da Santa Chiara)
http://www.wikidata.org/entity/Q131613671,Affreschi per la volta (da Santa Chiara)
http://www.wikidata.org/entity/Q131613648,Esercitazioni militari
http://www.wikidata.org/entity/Q131613667,Cristo (da Santa Chiara)
http://www.wikidata.org/entity/Q131613659,Figure cubiste a tavola
http://www.wikidata.org/entity/Q131613668,Crocefissione (da Santa Chiara)
http://www.wikidata.org/entity/Q131613657,Figura femminile sdraiata con capra
http://www.wikidata.org/entity/Q131613626,"Un asino penetra un leone, affresco da Pompei"
http://www.wikidata.org/entity/Q131613637,Ritratti dinastici di Casa Savoia (serie)
http://www.wikidata.org/entity/Q131613656,"Lotta tra un grifone e una pantera, affresco lucano (Paestum)"
http://www.wikidata.org/entity/Q131613655,Nudo femminile
http://www.wikidata.org/entity/Q131613670,Santi Francesco e Chiara (da Santa Chiara)
http://www.wikidata.org/entity/Q131613669,Santi Antonio e Luigi (da Santa Chiara)
http://www.wikidata.org/entity/Q131613579,Cherubino
http://www.wikidata.org/entity/Q131564617,Cristo accusato dai Farisei
http://www.wikidata.org/entity/Q131561666,Caino e Abele
http://www.wikidata.org/entity/Q131561677,"Camera picta, muro orientale"
http://www.wikidata.org/entity/Q131561692,Affresco della Cappella di Piazza
http://www.wikidata.org/entity/Q131561688,L'Assunzione e i Dottori del Chiesa
http://www.wikidata.org/entity/Q131561678,Trittico di Camerino
http://www.wikidata.org/entity/Q131563724,Ritratto di Tiziano
http://www.wikidata.org/entity/Q131564536,Pranzo a Posillipo
http://www.wikidata.org/entity/Q131564870,Caterina de' Medici con i suoi figli
http://www.wikidata.org/entity/Q131564871,Cristo appare alla tavola degli Apostoli
http://www.wikidata.org/entity/Q131587694,Crocifisso dipinto
http://www.wikidata.org/entity/Q131576650,Caupona di Salvio (affreschi da Pompei)
http://www.wikidata.org/entity/Q131576649,Cattedrale
http://www.wikidata.org/entity/Q131576651,I quattro Evangelisti (soffitto della cappella degli Innocenti)
http://www.wikidata.org/entity/Q131578331,Stanza degli Uccelli
http://www.wikidata.org/entity/Q131578346,Visione di San Francesco Borgia
http://www.wikidata.org/entity/Q131578347,Visione di San Filippo Neri
http://www.wikidata.org/entity/Q131579612,Due gruppi di pesci in lotta
http://www.wikidata.org/entity/Q131579620,Giuditta e Oloferne (Inv. 693)
http://www.wikidata.org/entity/Q131579625,Imbarcazioni e pesci su fondo marino
http://www.wikidata.org/entity/Q131579630,Madonna col Bambino (inv. CL I n. 1475)
http://www.wikidata.org/entity/Q131579631,"Madonna con Bambino con Santi e donatori (Inventario 1890, n. 1316)"
http://www.wikidata.org/entity/Q131579667,affreschi dal corridoio A
http://www.wikidata.org/entity/Q131579670,affreschi dal cubicolo B
http://www.wikidata.org/entity/Q131579671,affreschi dal cubicolo D
http://www.wikidata.org/entity/Q131579669,affreschi dal corridoio F-G
http://www.wikidata.org/entity/Q131579674,affreschi dal triclinio C
http://www.wikidata.org/entity/Q131579672,affreschi dal cubicolo E
http://www.wikidata.org/entity/Q131579673,affreschi dall'ingresso I
http://www.wikidata.org/entity/Q131579646,Nereide su ippocampo
http://www.wikidata.org/entity/Q131579657,Ritratto d'ammiraglio
http://www.wikidata.org/entity/Q131579660,Sant'Agata incoronata dagli angeli
http://www.wikidata.org/entity/Q131579687,Zeus bacia Ganimede
http://www.wikidata.org/entity/Q131579688,Zeus seduce Olimpia
http://www.wikidata.org/entity/Q131587980,Fregio da Invorio Inferiore
http://www.wikidata.org/entity/Q131588018,Gesù Cristo sul Monte degli Ulivi
http://www.wikidata.org/entity/Q131588032,Madonna col Bambino con i Santi Giorgio e Michele Arcangelo
http://www.wikidata.org/entity/Q131588033,Madonna e Bambino con santi Sebastiano e forse Giorgio
http://www.wikidata.org/entity/Q131588054,I Santi Cosma e Damiano
http://www.wikidata.org/entity/Q131588045,Ninfa e satiro
http://www.wikidata.org/entity/Q131588060,Il fregio di Enea
http://www.wikidata.org/entity/Q131588057,L'invio degli ambasciatori del re d'Inghilterra (Storie di sant'Orsola)
http://www.wikidata.org/entity/Q131604558,Paesaggio con toeletta di Venere
http://www.wikidata.org/entity/Q131604557,Tobia e l'Arcangelo
http://www.wikidata.org/entity/Q131579682,Zefiro e Flora
http://www.wikidata.org/entity/Q131574021,Madonna con bambino e donatore
http://www.wikidata.org/entity/Q131588009,Sacra Famiglia
http://www.wikidata.org/entity/Q131613901,San Giorgio e il drago
http://www.wikidata.org/entity/Q131613825,Orazione nell'Orto
http://www.wikidata.org/entity/Q131613905,Assunzione
http://www.wikidata.org/entity/Q131613723,Le due madri
http://www.wikidata.org/entity/Q131613880,Ragazza alla finestra
http://www.wikidata.org/entity/Q131613740,Madonna col Bambino (per la 'Madonna del Granduca')
http://www.wikidata.org/entity/Q131613786,Mascheroni
http://www.wikidata.org/entity/Q131613715,La Speranza
http://www.wikidata.org/entity/Q131613717,La battaglia di Custoza
http://www.wikidata.org/entity/Q131613716,La Torre Rossa
http://www.wikidata.org/entity/Q131613722,Lavandaia alla fontana
http://www.wikidata.org/entity/Q131613721,La spartizione della polenta in famiglia
http://www.wikidata.org/entity/Q131613729,Madame Roland nel carcere di Sainte Pélagie
http://www.wikidata.org/entity/Q131613734,Madonna e Bambino in gloria con santi (pala d'altare Scarani)
http://www.wikidata.org/entity/Q131613742,Madonna con Bambino e San Giovanni Battista
http://www.wikidata.org/entity/Q131613743,"Madonna con Bambino, san Giovannino e san Zaccaria"
http://www.wikidata.org/entity/Q131613741,Madonna col Bambino fra due vasi di rose
http://www.wikidata.org/entity/Q131613746,"Madonna in trono col Bambino e santi Giuseppe, Francesco, e Domenico"
http://www.wikidata.org/entity/Q131613745,Madonna e Angelo
http://www.wikidata.org/entity/Q131613748,Madre con bambino al desco di Arcumeggia
http://www.wikidata.org/entity/Q131613826,affreschi dell'Orlando Furioso da palazzo Torfanini (Bologna)
http://www.wikidata.org/entity/Q131613784,Marina al tramonto
http://www.wikidata.org/entity/Q131613785,Martirio di San Pietro
http://www.wikidata.org/entity/Q131613832,Conquista del castello
http://www.wikidata.org/entity/Q131613797,Muratori al lavoro
http://www.wikidata.org/entity/Q131613821,Natura morta con cacciagione
http://www.wikidata.org/entity/Q131613833,La Sacra Famiglia di San Leonardo
http://www.wikidata.org/entity/Q131613870,Ritratti di mebri della casa dei Borbone (serie)
http://www.wikidata.org/entity/Q131613868,Ritratto della dogaressa Elisabetta Querini Valier
http://www.wikidata.org/entity/Q131613869,Ritratti di principi di Savoia-Carignano (serie)
http://www.wikidata.org/entity/Q131613879,Quattro figure accovacciate
http://www.wikidata.org/entity/Q131613890,Ritorno della cavalleria
http://www.wikidata.org/entity/Q131613888,Riposo nella fuga in Egitto
http://www.wikidata.org/entity/Q131613892,Ritratto di Alessandro Manzoni
http://www.wikidata.org/entity/Q131613904,San Rocco in carcere
http://www.wikidata.org/entity/Q131613914,Simbolo dell'Evangelista Luca (toro)
http://www.wikidata.org/entity/Q131613915,Simbolo dell'Evangelista Marco (leone)
http://www.wikidata.org/entity/Q131613912,Severin bev pooc vin!!!
http://www.wikidata.org/entity/Q131613913,Simbolo dell'Evangelista Giovanni (aquila)
http://www.wikidata.org/entity/Q131613916,Simbolo dell'Evangelista Matteo (angelo)
http://www.wikidata.org/entity/Q131613820,Natura morta
http://www.wikidata.org/entity/Q131613875,Primavera
http://www.wikidata.org/entity/Q131613731,Madonna col Bambino
http://www.wikidata.org/entity/Q131613732,Madonna col Bambino
http://www.wikidata.org/entity/Q131613900,San Giovanni Battista
http://www.wikidata.org/entity/Q131613787,Maternità
http://www.wikidata.org/entity/Q131613739,Madonna
http://www.wikidata.org/entity/Q131613891,Ritratto d'uomo
http://www.wikidata.org/entity/Q131851009,Il caffè
http://www.wikidata.org/entity/Q131825315,Sacra conversazione
http://www.wikidata.org/entity/Q131831573,Sant'Anna Metterza
http://www.wikidata.org/entity/Q131851008,Il Redentore e gli apostoli
http://www.wikidata.org/entity/Q131813340,Stanza di Apollo
http://www.wikidata.org/entity/Q131823354,Alaide Banti al caminetto
http://www.wikidata.org/entity/Q131823355,Giove che fulmina i vizi
http://www.wikidata.org/entity/Q131823366,Gloria di Santa Caterina di Alessandria
http://www.wikidata.org/entity/Q131823364,"Gloria di San Carlo Borromeo con la Trinità, angeli e santi"
http://www.wikidata.org/entity/Q131823365,Gloria di angeli e santi con attributi mariani
http://www.wikidata.org/entity/Q131825292,Agar e l'Angelo
http://www.wikidata.org/entity/Q131825279,Grifone e Arimaspi
http://www.wikidata.org/entity/Q131825307,Ercole musagete e gli dei dell'Olimpo
http://www.wikidata.org/entity/Q131825312,Erodiade con la testa di Giovanni Battista
http://www.wikidata.org/entity/Q131825329,Cavallo+cavaliere+caseggiato
http://www.wikidata.org/entity/Q131825338,I due Foscari
http://www.wikidata.org/entity/Q131825319,Sacra Famiglia con San Giovannino e Santa Elisabetta
http://www.wikidata.org/entity/Q131825317,Sacra Famiglia in un paesaggio
http://www.wikidata.org/entity/Q131825322,Sacra Famiglia con Giovanni Battista
http://www.wikidata.org/entity/Q131825323,"Sacra Famiglia con Santa Caterina, Santa Barbara e Santa Lucia"
http://www.wikidata.org/entity/Q131825320,Sacra Famiglia con Giovanni Battista e Santa Elisabetta
http://www.wikidata.org/entity/Q131825326,Sacra Famiglia con Giovanni Battista
http://www.wikidata.org/entity/Q131825324,Sacra Famiglia con San Giovannino
http://www.wikidata.org/entity/Q131825360,Maestà e un profeta
http://www.wikidata.org/entity/Q131825364,Marina a Douarnenez
http://www.wikidata.org/entity/Q131829978,Santo Vescovo
http://www.wikidata.org/entity/Q131830267,Sant'Ampelio
http://www.wikidata.org/entity/Q131830296,Sant'Eligio
http://www.wikidata.org/entity/Q131830590,Martirio di Sant'Eusebio
http://www.wikidata.org/entity/Q131831531,Confraternita in adorazione della Croce
http://www.wikidata.org/entity/Q131832227,Dio Padre benedicente
http://www.wikidata.org/entity/Q131851014,Immacolata Concezione con santi
http://www.wikidata.org/entity/Q131851015,In risaia
http://www.wikidata.org/entity/Q131851018,Trittico dello Spedale degli Innocenti
http://www.wikidata.org/entity/Q131851028,Giunone e Saturno
http://www.wikidata.org/entity/Q131851035,La maga Circe
http://www.wikidata.org/entity/Q131851016,Incredulità di San Tommaso
http://www.wikidata.org/entity/Q131831783,Madonna col Bambino
http://www.wikidata.org/entity/Q131832197,Madonna col Bambino
http://www.wikidata.org/entity/Q131840176,Crocifissione
http://www.wikidata.org/entity/Q131825306,Ercole e Onfale
http://www.wikidata.org/entity/Q131851012,Immacolata Concezione
http://www.wikidata.org/entity/Q131851013,Immacolata Concezione
http://www.wikidata.org/entity/Q131825316,Sacra Famiglia
http://www.wikidata.org/entity/Q131856664,San Paolo
http://www.wikidata.org/entity/Q131857510,San Giuseppe
http://www.wikidata.org/entity/Q131860141,Ritratto di cardinale
http://www.wikidata.org/entity/Q131851103,Arca di Noè
http://www.wikidata.org/entity/Q131851125,Resurrezione di Lazzaro
http://www.wikidata.org/entity/Q131857319,San Gerolamo
http://www.wikidata.org/entity/Q131861810,San Simone Stock riceve dalla Madonna lo scapolare
http://www.wikidata.org/entity/Q131851042,Marte e Nettuno
http://www.wikidata.org/entity/Q131851041,Mansuetudine
http://www.wikidata.org/entity/Q131851051,Moderazione
http://www.wikidata.org/entity/Q131851094,Vita di San Bernardino
http://www.wikidata.org/entity/Q131851100,Matrimonio mistico di Santa Caterina
http://www.wikidata.org/entity/Q131851106,Scudo dipinto
http://www.wikidata.org/entity/Q131851108,Pala Ghirlandaiesca di San Donnino
http://www.wikidata.org/entity/Q131851122,Presentazione di Gesù Cristo al Tempio
http://www.wikidata.org/entity/Q131851126,Religione e Fede
http://www.wikidata.org/entity/Q131851124,Prosperità
http://www.wikidata.org/entity/Q131851135,Cristo risorto e tre Avogadori
http://www.wikidata.org/entity/Q131851136,Ricompensa
http://www.wikidata.org/entity/Q131859345,La diocesi di Albenga
http://www.wikidata.org/entity/Q131859480,Sant'Andrea condotto al martirio
http://www.wikidata.org/entity/Q131859542,Liberazione di San Pietro
http://www.wikidata.org/entity/Q131860198,copia del ritratto di Giambattista Spinola il Vecchio di Giovanni Battista Gaulli
http://www.wikidata.org/entity/Q131861981,Madonna della Misericordia e San Vincenzo Ferrer
http://www.wikidata.org/entity/Q131869926,polittico di San Giovanni Battista
http://www.wikidata.org/entity/Q131869955,polittico di Nostra Signora Assunta in cielo
http://www.wikidata.org/entity/Q131856942,San Giovanni Battista
http://www.wikidata.org/entity/Q131856823,Annunciazione
http://www.wikidata.org/entity/Q131868524,Assunzione della Vergine
http://www.wikidata.org/entity/Q131704141,Cristo e l'adultera
http://www.wikidata.org/entity/Q131719685,Cristo morto
http://www.wikidata.org/entity/Q131760459,Ritratto femminile
http://www.wikidata.org/entity/Q131704274,Deposizione di Cristo
http://www.wikidata.org/entity/Q131753928,Sepoltura di Cristo
http://www.wikidata.org/entity/Q131704145,Cristo consegna le chiavi a San Pietro
http://www.wikidata.org/entity/Q131719683,Davide con la testa di Golia
http://www.wikidata.org/entity/Q131704780,Purificazione del Tempio
http://www.wikidata.org/entity/Q131704134,Assunzione di Veronese
http://www.wikidata.org/entity/Q131704138,Cristo al Calvario e il Cireneo
http://www.wikidata.org/entity/Q131704142,Cristo e l'ossesso
http://www.wikidata.org/entity/Q131704140,Cristo in trono tra Maria e santi fiorentini
http://www.wikidata.org/entity/Q131704265,Davide e Golia
http://www.wikidata.org/entity/Q131704278,Discesa dalla Croce
http://www.wikidata.org/entity/Q131704279,Discesa dalla Croce
http://www.wikidata.org/entity/Q131704280,Discesa dalla Croce
http://www.wikidata.org/entity/Q131704281,Discesa dalla Croce
http://www.wikidata.org/entity/Q131704285,Diana ed Endimione o Venere e Adone
http://www.wikidata.org/entity/Q131704288,Diogene e Alessandro
http://www.wikidata.org/entity/Q131704294,Disputa sull'Immacolata Concezione
http://www.wikidata.org/entity/Q131704298,Dittico di Santa Chiara
http://www.wikidata.org/entity/Q131704296,Disputa sull'Immacolata Concezione
http://www.wikidata.org/entity/Q131704297,Dittico del beato Andrea Gallerani
http://www.wikidata.org/entity/Q131704303,Dossale
http://www.wikidata.org/entity/Q131704304,Parti della Dossale di Badia Ardenga nella Pinacoteca Nazionale
http://www.wikidata.org/entity/Q131704783,Cleopatra che si uccide
http://www.wikidata.org/entity/Q131704770,La carità e i fondatori delle corporazioni artigianali di Firenze
http://www.wikidata.org/entity/Q131708783,Le Alpi
http://www.wikidata.org/entity/Q131719684,Dea Barberini
http://www.wikidata.org/entity/Q131719730,San Filippo Neri in estasi
http://www.wikidata.org/entity/Q131719735,San Giovanni si congeda dalla sua famiglia
http://www.wikidata.org/entity/Q131719732,Sant'Agata visitata in prigione da San Pietro
http://www.wikidata.org/entity/Q131719736,San Giovanni Battista e undici storie dalla sua vita
http://www.wikidata.org/entity/Q131719743,Storie di Griselda dal Castello di Roccabianca
http://www.wikidata.org/entity/Q131719746,Storie di San Giovanni Evangelista
http://www.wikidata.org/entity/Q131719744,Storie dei Santi Giovanni Battista e Giovanni Evangelista
http://www.wikidata.org/entity/Q131719745,Storie di Marco Furio Camillo
http://www.wikidata.org/entity/Q131719750,Storie della Castellana di Vergy
http://www.wikidata.org/entity/Q131721232,Ritratto di Anna Maria Luisa de' Medici bambina
http://www.wikidata.org/entity/Q131748785,Crocifissino
http://www.wikidata.org/entity/Q131753929,Erminia e il pastore
http://www.wikidata.org/entity/Q131753974,Mercato degli Amorini
http://www.wikidata.org/entity/Q131753985,Ritratto della Signora De Amorim
http://www.wikidata.org/entity/Q131754003,"San Petronio, storie di San Petronio e santo Stefano"
http://www.wikidata.org/entity/Q131719756,Cattura di Cristo
http://www.wikidata.org/entity/Q131704272,Deposizione
http://www.wikidata.org/entity/Q131704273,Deposizione
http://www.wikidata.org/entity/Q131760461,Ritratto di giovane
http://www.wikidata.org/entity/Q131812877,La Fortezza
http://www.wikidata.org/entity/Q131766192,Flagellazione di Cristo
http://www.wikidata.org/entity/Q131812900,I quattro Evangelisti
http://www.wikidata.org/entity/Q131760473,Ritratto di Cristoforo Colombo
http://www.wikidata.org/entity/Q131760474,Ritratto di Dante
http://www.wikidata.org/entity/Q131760462,Ritratto della moglie in costume pompeiano
http://www.wikidata.org/entity/Q131760475,Ritratto della granduchessa Elena Pavlovna Romanova
http://www.wikidata.org/entity/Q131760472,Ritratto di Caterina Contarini Querini
http://www.wikidata.org/entity/Q131760478,Ritratto di Massimo d’Azeglio
http://www.wikidata.org/entity/Q131760479,Ritratto di Napoleone Bonaparte
http://www.wikidata.org/entity/Q131760476,Ritratto di Enrico II
http://www.wikidata.org/entity/Q131760480,Ritratto d'uomo col berretto rosso
http://www.wikidata.org/entity/Q131760481,"Ritratto di donna, forse Vannozza Borgia"
http://www.wikidata.org/entity/Q131766119,Festa di Ester
http://www.wikidata.org/entity/Q131766115,La Fede tra i rappresentanti delle Corporazioni di Firenze
http://www.wikidata.org/entity/Q131766122,"Matrona con nell'alto divinità, che spezza ceppi e catene"
http://www.wikidata.org/entity/Q131766120,Moltiplicazione dei pani
http://www.wikidata.org/entity/Q131766147,Combattimento tra la Fortezza e la Fortuna
http://www.wikidata.org/entity/Q131766143,La Fedeltà e la Pace
http://www.wikidata.org/entity/Q131766148,"Giove, Giunone e Io"
http://www.wikidata.org/entity/Q131766151,Rinvenimento della Santa Croce
http://www.wikidata.org/entity/Q131812901,Quattro santi
http://www.wikidata.org/entity/Q131812921,Affresco della discesa dalla Croce
http://www.wikidata.org/entity/Q131812917,Ritratto di Francesco di Marco Datini
http://www.wikidata.org/entity/Q131812919,San Francesco d'Assisi abbracciato al Crocifisso
http://www.wikidata.org/entity/Q131812933,Fregio di Enea di Bartolomeo Cesi
http://www.wikidata.org/entity/Q131812935,Storie di Enea di Francesco Albani
http://www.wikidata.org/entity/Q131812937,Storie di Enea di artista carraccesco
http://www.wikidata.org/entity/Q131813151,"Bacco, Venere e Arianna"
http://www.wikidata.org/entity/Q131813153,Mercurio e le Grazie
http://www.wikidata.org/entity/Q131813159,Ritorno di Giacobbe e la sua famiglia
http://www.wikidata.org/entity/Q131813148,Soffitto della sala dell'Anticollegio
http://www.wikidata.org/entity/Q131813192,Altare maggiore di Sant'Ignazio
http://www.wikidata.org/entity/Q132148031,San Giovannino parte per il deserto e incontra Gesù
http://www.wikidata.org/entity/Q132148039,Michelangelo presenta a Leone X i progetti per San Lorenzo
http://www.wikidata.org/entity/Q132148037,Madonna in trono con Bambino e santi con personaggi della corte dei Medici
http://www.wikidata.org/entity/Q132148050,Miracolo di Gesù Cristo
http://www.wikidata.org/entity/Q132148051,Miracolo di Sant'Agnese
http://www.wikidata.org/entity/Q132148054,Miracolo di San Giovanni Gualberto
http://www.wikidata.org/entity/Q132148052,Miracolo di San Bartolomeo
http://www.wikidata.org/entity/Q132148057,Miracolo di San Filippo Benizzi
http://www.wikidata.org/entity/Q132148061,Miracolo di San Trifonio
http://www.wikidata.org/entity/Q132148137,Musa Erato
http://www.wikidata.org/entity/Q132148134,Ultima Cena dalle Murate
http://www.wikidata.org/entity/Q131937078,Ultima Cena
http://www.wikidata.org/entity/Q131937079,Ultima Cena
http://www.wikidata.org/entity/Q131937080,Ultima Cena
http://www.wikidata.org/entity/Q131937081,Ultima Cena
http://www.wikidata.org/entity/Q132148002,Martirio di San Lorenzo
http://www.wikidata.org/entity/Q131937032,Orazione nell'Orto
http://www.wikidata.org/entity/Q131937025,Giacobbe e Rachele al pozzo
http://www.wikidata.org/entity/Q131937031,Gesù Cristo sul Monte degli Ulivi
http://www.wikidata.org/entity/Q131937030,Gesù Cristo tra i dottori
http://www.wikidata.org/entity/Q131937036,Giuseppe condotto in prigione
http://www.wikidata.org/entity/Q131937042,Uomo con lucerna
http://www.wikidata.org/entity/Q131937045,Re Salomone
http://www.wikidata.org/entity/Q131937070,Compianto sul Cristo deposto con santi
http://www.wikidata.org/entity/Q131937061,La partenza dell'emigrante
http://www.wikidata.org/entity/Q131937094,Le acque sognanti. L'enigma del lago
http://www.wikidata.org/entity/Q131937109,Lot e le sue figlie
http://www.wikidata.org/entity/Q131937102,Vita e Passione di Gesù Cristo
http://www.wikidata.org/entity/Q131937113,Lucania '61
http://www.wikidata.org/entity/Q131937118,Lupercali
http://www.wikidata.org/entity/Q132147956,Battaglia di Bet-Zacaria tra Giuda Maccabeo e Antico V Eupatore
http://www.wikidata.org/entity/Q132147979,Santa Margherita da Cortona e storie della sua vita
http://www.wikidata.org/entity/Q132147995,Martirio di Sant'Andrea
http://www.wikidata.org/entity/Q132147993,Martirio di Sant'Agnese
http://www.wikidata.org/entity/Q132147998,Martirio di San Jacopo
http://www.wikidata.org/entity/Q132148006,Martirio di San Maurelio
http://www.wikidata.org/entity/Q132148011,Maestà di Massa Marittima
http://www.wikidata.org/entity/Q132148016,Gioie materne
http://www.wikidata.org/entity/Q132148013,Massacro degli Innocenti
http://www.wikidata.org/entity/Q132148015,Trittico di Matera
http://www.wikidata.org/entity/Q132147996,Martirio di San Bartolomeo
http://www.wikidata.org/entity/Q132147997,Martirio di san Bartolomeo
http://www.wikidata.org/entity/Q131919623,Compianto sul Cristo morto
http://www.wikidata.org/entity/Q131937066,Compianto
http://www.wikidata.org/entity/Q132247267,Olimpo
http://www.wikidata.org/entity/Q132188587,Ritratto di papa Clemente XIV
http://www.wikidata.org/entity/Q132247240,Noli me tangere
http://www.wikidata.org/entity/Q132247244,Noli me tangere
http://www.wikidata.org/entity/Q132166188,Ara dipinta
http://www.wikidata.org/entity/Q132166238,Napoli MAN 110590
http://www.wikidata.org/entity/Q132166239,Napoli MAN 110878
http://www.wikidata.org/entity/Q132166241,Napoli MAN 27685
http://www.wikidata.org/entity/Q132166246,Napoli MAN 27695
http://www.wikidata.org/entity/Q132166245,Napoli MAN 27693
http://www.wikidata.org/entity/Q132166250,Napoli MAN 27699
http://www.wikidata.org/entity/Q132166251,Napoli MAN 27700
http://www.wikidata.org/entity/Q132166254,Napoli MAN 27704
http://www.wikidata.org/entity/Q132166252,Napoli MAN 27701
http://www.wikidata.org/entity/Q132166258,Napoli MAN 9089
http://www.wikidata.org/entity/Q132166259,Napoli MAN 9224
http://www.wikidata.org/entity/Q132166256,Napoli MAN 27705
http://www.wikidata.org/entity/Q132166257,Napoli MAN 27875
http://www.wikidata.org/entity/Q132166260,Napoli MAN 9236
http://www.wikidata.org/entity/Q132166261,Napoli MAN 9250
http://www.wikidata.org/entity/Q132166275,Presentazione al Tempio
http://www.wikidata.org/entity/Q132166272,Replica della Pietà di Luco
http://www.wikidata.org/entity/Q132166294,Pala della Visitazione
http://www.wikidata.org/entity/Q132166295,Pala del Giudizio Universale
http://www.wikidata.org/entity/Q132166292,Pala della Porziuncola
http://www.wikidata.org/entity/Q132166293,Pala di Sant'Eligio
http://www.wikidata.org/entity/Q132166298,Predella da San Lucifero
http://www.wikidata.org/entity/Q132166296,San Fortunato (giovane santo laureato)
http://www.wikidata.org/entity/Q132166297,Santa Giustina di Padova
http://www.wikidata.org/entity/Q132190189,Venere con un amorino
http://www.wikidata.org/entity/Q132166270,Pietà
http://www.wikidata.org/entity/Q132166271,Pietà
http://www.wikidata.org/entity/Q132397746,Sacra conversazione
http://www.wikidata.org/entity/Q132397756,San Giuseppe
http://www.wikidata.org/entity/Q132397753,San Gerolamo
http://www.wikidata.org/entity/Q132397744,sacra conversazione
http://www.wikidata.org/entity/Q132397750,San Bruno in preghiera con altri monaci cartusiani
http://www.wikidata.org/entity/Q132397751,San Francesco in adorazione del Crocifisso
http://www.wikidata.org/entity/Q132397749,sacrificio di Noè
http://www.wikidata.org/entity/Q132397759,"San Paolo e San Giovanni Battista, dal Convento di Santa Marta"
http://www.wikidata.org/entity/Q132397761,San Sebastianoo
http://www.wikidata.org/entity/Q132655854,Ritratto di Lucrezia Ricasoli negli Zanchini
http://www.wikidata.org/entity/Q132732649,Ritratto di Pio IV
http://www.wikidata.org/entity/Q132732774,Ritratto di San Carlo Borromeo
http://www.wikidata.org/entity/Q132397757,Santa Lucia
http://www.wikidata.org/entity/Q132397758,San Marco
http://www.wikidata.org/entity/Q132397755,San Giovanni Battista
http://www.wikidata.org/entity/Q132397606,Pietà
http://www.wikidata.org/entity/Q132397607,Pietà
http://www.wikidata.org/entity/Q132397604,Pietà
http://www.wikidata.org/entity/Q132247451,Passione di Cristo
http://www.wikidata.org/entity/Q132397715,Resurrezione
http://www.wikidata.org/entity/Q132397716,Resurrezione di Cristo
http://www.wikidata.org/entity/Q132397673,Presentazione di Gesù al Tempio
http://www.wikidata.org/entity/Q132397696,Resurrezione di Lazzaro
http://www.wikidata.org/entity/Q132397719,Resurrezione di Lazzaro
http://www.wikidata.org/entity/Q132397728,Andata al Calvario
http://www.wikidata.org/entity/Q132247310,Crocifisso dipinto
http://www.wikidata.org/entity/Q132247316,Donna malata
http://www.wikidata.org/entity/Q132247327,Pala della Sapienza Nuova
http://www.wikidata.org/entity/Q132247331,Pannello centrale della Pala di San Zeno
http://www.wikidata.org/entity/Q132247328,Pala di San Vincenzo Ferrer
http://www.wikidata.org/entity/Q132247334,Pala di Sant'Andrea
http://www.wikidata.org/entity/Q132247338,Pala feriale
http://www.wikidata.org/entity/Q132247376,Aulo Postumio Tuberto condanna il proprio figlio
http://www.wikidata.org/entity/Q132247378,Gaio Servilio Ahala presenta il corpo di Spurio Melio a Cincinnato
http://www.wikidata.org/entity/Q132247380,I santi Vittore e Ansano
http://www.wikidata.org/entity/Q132247435,Morte di Paolo e Francesca
http://www.wikidata.org/entity/Q132397610,"Copia della Pietà di Luco, in cornice originale del XVI secolo con santi"
http://www.wikidata.org/entity/Q132397615,Camera da letto
http://www.wikidata.org/entity/Q132397614,Edificio sede della Pinacoteca Nazionale
http://www.wikidata.org/entity/Q132397611,Predella della Pietà di Luco
http://www.wikidata.org/entity/Q132397613,soffitti della Pinacoteca Nazionale
http://www.wikidata.org/entity/Q132397621,"Sportelli d'organo con angeli ed evangelisti, da Orsanmichele"
http://www.wikidata.org/entity/Q132397631,Polittico con crocifissione
http://www.wikidata.org/entity/Q132397663,Predella di Ugolino di Nerio
http://www.wikidata.org/entity/Q132397666,Predella con incontro alla porta aurea e donatori
http://www.wikidata.org/entity/Q132397667,Predella con Pietà e santi
http://www.wikidata.org/entity/Q132397660,Trittico di Prato
http://www.wikidata.org/entity/Q132397664,Predella col Compianto e quattro santi
http://www.wikidata.org/entity/Q132397665,Predella della Pala di Monticelli
http://www.wikidata.org/entity/Q132397670,Predella con santi
http://www.wikidata.org/entity/Q132397668,Predella con Pietà e sei santi inginocchiati
http://www.wikidata.org/entity/Q132397669,Predella con santi e angeli
http://www.wikidata.org/entity/Q132397687,Punizione di Cupido
http://www.wikidata.org/entity/Q132397698,Ratto delle sabine
http://www.wikidata.org/entity/Q132397700,Ratto di Elena
http://www.wikidata.org/entity/Q132397712,Cristo risorto e quattro santi
http://www.wikidata.org/entity/Q132397743,Sacra famiglia con angelo e San Giovannino
http://www.wikidata.org/entity/Q132397679,Il corteo del carro d'oro del principe Borghese
http://www.wikidata.org/entity/Q132397741,Ruth
http://www.wikidata.org/entity/Q132397710,Riposo durante la fuga in Egitto
http://www.wikidata.org/entity/Q132397711,Riposo durante la fuga in Egitto
http://www.wikidata.org/entity/Q132397721,Rinaldo e Armida
http://www.wikidata.org/entity/Q132247313,Vanitas
http://www.wikidata.org/entity/Q134006791,Sacra Famiglia
http://www.wikidata.org/entity/Q134475701,La Sirena
http://www.wikidata.org/entity/Q134486443,Madonna del passero
http://www.wikidata.org/entity/Q134580708,Madonna del Latte (Previtali Accademia Carrara)
http://www.wikidata.org/entity/Q133538987,Ritratto di Ferdinando II de' Medici
http://www.wikidata.org/entity/Q133520790,Sulla strada di Giavera durante il bombardamento
http://www.wikidata.org/entity/Q133572599,La Signora di Monza
http://www.wikidata.org/entity/Q133580122,Nervesa
http://www.wikidata.org/entity/Q133663142,81° passa il Piave Vecchio
http://www.wikidata.org/entity/Q133756640,Ritratto di Giovanni Benedetto Caravaggi
http://www.wikidata.org/entity/Q133832267,Ritratto del doge Alvise Mocenigo
http://www.wikidata.org/entity/Q133838769,Ritratto di Nicolò Zen
http://www.wikidata.org/entity/Q133853701,San Rocco e i disciplini verdi
http://www.wikidata.org/entity/Q133857279,Ritratto di Sperone Speroni
http://www.wikidata.org/entity/Q133871397,Procella
http://www.wikidata.org/entity/Q133878297,Autoritratto dell'artista
http://www.wikidata.org/entity/Q133878813,Ritratto di madame Henriette Fortuny
http://www.wikidata.org/entity/Q133806816,''San Bernardino da Siena prega la Madonna di Loreto''
http://www.wikidata.org/entity/Q133877955,Autoritratto
http://www.wikidata.org/entity/Q133853068,Madonna col Bambino
http://www.wikidata.org/entity/Q133281004,San Giorgio
http://www.wikidata.org/entity/Q133272425,Venere
http://www.wikidata.org/entity/Q133280994,San Bartolomeo
http://www.wikidata.org/entity/Q133280993,San Bartolomeo
http://www.wikidata.org/entity/Q133281021,San Paolo
http://www.wikidata.org/entity/Q133273079,Le cascate di Tivoli
http://www.wikidata.org/entity/Q133281076,San Gregorio Magno
http://www.wikidata.org/entity/Q133281023,San Pietro martire
http://www.wikidata.org/entity/Q133281054,Trasfigurazione di Cristo
http://www.wikidata.org/entity/Q133281016,Santa Margherita di Antiochia
http://www.wikidata.org/entity/Q133269222,Giovane uomo con guanti
http://www.wikidata.org/entity/Q133269326,Ritratto di Madame Le Bon
http://www.wikidata.org/entity/Q133273191,Vicinanze di Roma con effetto di tramonto
http://www.wikidata.org/entity/Q133280987,Il sacrificio di Melchisedec
http://www.wikidata.org/entity/Q133280991,pala d'altare con Santa Barbara e l'adorazione dei Magi
http://www.wikidata.org/entity/Q133280990,Sant'Agostino lava i piedi di Cristo
http://www.wikidata.org/entity/Q133280996,San Bernardino tra gli angeli
http://www.wikidata.org/entity/Q133281000,San Francesco e storie della sua vita
http://www.wikidata.org/entity/Q133281008,San Gerolamo penitente
http://www.wikidata.org/entity/Q133281009,San Giovanni l'Elemosiniere
http://www.wikidata.org/entity/Q133281015,Santa Lucia e storie della sua vita
http://www.wikidata.org/entity/Q133281013,San Giovanni evangelista in trono calpesta i vizi
http://www.wikidata.org/entity/Q133281018,San Michele e angeli adoranti
http://www.wikidata.org/entity/Q133281019,San Michele e Lucifero
http://www.wikidata.org/entity/Q133281030,I santi Giovanni evangelista e Francesco d'Assisi
http://www.wikidata.org/entity/Q133281031,I santi Martino e Cristoforo
http://www.wikidata.org/entity/Q133281027,San Tommaso d'Aquino scrive l'inno del Santo Sacramento
http://www.wikidata.org/entity/Q133281024,San Romolo e l'Angelo
http://www.wikidata.org/entity/Q133281038,San Crisogono a cavallo
http://www.wikidata.org/entity/Q133281065,Cupola di Sant'Ignazio
http://www.wikidata.org/entity/Q133281056,San Rocco risana gli animali
http://www.wikidata.org/entity/Q133281058,Trittico di San Severino
http://www.wikidata.org/entity/Q133281062,Sant'Antonio e San Bernardino che adorano il monogramma di Cristo
http://www.wikidata.org/entity/Q133281060,Sant'Ambrogio benedice Arcumeggia
http://www.wikidata.org/entity/Q133281074,Martirio di san Giacomo il minore
http://www.wikidata.org/entity/Q133281075,Martirio di san Placido
http://www.wikidata.org/entity/Q133281073,Martirio di San Daniele
http://www.wikidata.org/entity/Q133281079,Predella di Santa Margherita
http://www.wikidata.org/entity/Q133281078,Santa Lucia e Sant'Agata
http://www.wikidata.org/entity/Q133281094,Sportelli dell'organo di San Bartolomeo
http://www.wikidata.org/entity/Q133281103,Studio per Stati d'animo - quelli che vanno
http://www.wikidata.org/entity/Q133377050,Interno del Palazzo Reale di Torino
http://www.wikidata.org/entity/Q133460319,Allegoria della poesia e della musica
http://www.wikidata.org/entity/Q132861558,Madonna col Bambino
http://www.wikidata.org/entity/Q133269393,Autoritratto
http://www.wikidata.org/entity/Q133281091,Semiramide
http://www.wikidata.org/entity/Q133281064,Sant'Antonio Abate
http://www.wikidata.org/entity/Q133281028,San Vitale
http://www.wikidata.org/entity/Q135213019,La lettura
http://www.wikidata.org/entity/Q135219976,Gioia di vivere
http://www.wikidata.org/entity/Q135216430,Natura morta con fiori
http://www.wikidata.org/entity/Q135213092,Dans le monde
http://www.wikidata.org/entity/Q135216092,"Studio per ""Dans le monde"""
http://www.wikidata.org/entity/Q134699222,Adamo ed Eva
http://www.wikidata.org/entity/Q135098524,Crisantemi
http://www.wikidata.org/entity/Q134960128,Ritratto di Cosimo I de' Medici
http://www.wikidata.org/entity/Q135111963,Sant'Emiliano
http://www.wikidata.org/entity/Q134820887,Madonna in adorazione del Bambino
http://www.wikidata.org/entity/Q135088946,Sull'amaca - III
http://www.wikidata.org/entity/Q135089031,Sull'amaca - II
http://www.wikidata.org/entity/Q135089170,Sull'amaca - I
http://www.wikidata.org/entity/Q135089208,Serata elegante
http://www.wikidata.org/entity/Q135089338,Studio di dama con busto
http://www.wikidata.org/entity/Q135089933,Ritratto del cardinale Federico Borromeo
http://www.wikidata.org/entity/Q135097382,Mazzo di crisantemi
http://www.wikidata.org/entity/Q134691464,Ritratto di Girolamo Muziano
http://www.wikidata.org/entity/Q135286600,"Madonna di Loreto, San Giovanni Battista e Santo Vescovo"
http://www.wikidata.org/entity/Q135669652,angelo custode
http://www.wikidata.org/entity/Q135761987,Ritratto di Pietro Francesco Visconti Borromeo
http://www.wikidata.org/entity/Q135972052,Annunciazione
http://www.wikidata.org/entity/Q135971600,Lapidazione di Santo Stefano
http://www.wikidata.org/entity/Q135971947,"Santi Pietro, Erasmo, Chiara e Caterina d'Alessandria"
http://www.wikidata.org/entity/Q135988557,Ritratto del cardinal Flavio Chigi
http://www.wikidata.org/entity/Q135989185,Ritratto di Giovan Battista Borghese
http://www.wikidata.org/entity/Q137357477,Le tre età dell'uomo
http://www.wikidata.org/entity/Q137395888,Visione di san Filippo Neri
http://www.wikidata.org/entity/Q136468769,Ecce Homo
http://www.wikidata.org/entity/Q136497894,Cristo portacroce
http://www.wikidata.org/entity/Q136419815,Pietà
http://www.wikidata.org/entity/Q136445881,Ritratto d'uomo
http://www.wikidata.org/entity/Q136359717,Ritratto di re Umberto I
http://www.wikidata.org/entity/Q136359850,Ritratto della regina Margherita di Savoia
http://www.wikidata.org/entity/Q136446304,Ritratto di donna anziana
http://www.wikidata.org/entity/Q136452782,"Madonna col Bambino, San Giovannino e un angelo"
http://www.wikidata.org/entity/Q136457064,Cena del Signore con gli Apostoli
http://www.wikidata.org/entity/Q136488593,Ritratto di Marco Pasqualigo
http://www.wikidata.org/entity/Q136806465,Deposizione di Cristo nel sepolcro
http://www.wikidata.org/entity/Q136807706,Cristo e l'adultera
http://www.wikidata.org/entity/Q136752887,Leda e il cigno
http://www.wikidata.org/entity/Q136840231,Venere allo specchio
http://www.wikidata.org/entity/Q137268771,Madonna orante
http://www.wikidata.org/entity/Q137040888,San Gerolamo penitente
http://www.wikidata.org/entity/Q136934711,Venere e Satiro
http://www.wikidata.org/entity/Q136747345,Ritratto del cardinale Antonio Agliardi
http://www.wikidata.org/entity/Q136789581,Scena amorosa
http://www.wikidata.org/entity/Q136849352,San Benedetto Revelli
http://www.wikidata.org/entity/Q137169658,"Ritratto di fanciulla, ""Violante"""
